file	keyword	line_number	matched_text	category	sha256
session#b4bb95e6c5f0/Show_movie.m	sync	8	Screen('Preference', 'SkipSyncTests', 1);	SCANNER_TRIGGER	88923aeac42f475d
session#b4bb95e6c5f0/Show_movie.m	screen('flip'	68	Screen('Flip', win);	PSYCHTOOLBOX_TIME	88923aeac42f475d
session#b4bb95e6c5f0/Show_movie.m	forp	72	psychtoolbox_forp_id=0;	SCANNER_TRIGGER	88923aeac42f475d
session#b4bb95e6c5f0/Show_movie.m	playmovie	81	Screen('PlayMovie', movie, 1);	FRAME_TIMING	88923aeac42f475d
session#b4bb95e6c5f0/Show_movie.m	trigger	86	% only look for t as trigger	SCANNER_TRIGGER	88923aeac42f475d
session#b4bb95e6c5f0/Show_movie.m	forp	87	KbQueueCreate(psychtoolbox_forp_id, keysOfInterest);	SCANNER_TRIGGER	88923aeac42f475d
session#b4bb95e6c5f0/Show_movie.m	kbqueue	87	KbQueueCreate(psychtoolbox_forp_id, keysOfInterest);	SCANNER_TRIGGER	88923aeac42f475d
session#b4bb95e6c5f0/Show_movie.m	kbqueue	88	KbQueueStart;	SCANNER_TRIGGER	88923aeac42f475d
session#b4bb95e6c5f0/Show_movie.m	kbcheck	90	[keyPress, keyTime, keyID] = KbCheck(-1);	SCANNER_TRIGGER	88923aeac42f475d
session#b4bb95e6c5f0/Show_movie.m	time	90	[keyPress, keyTime, keyID] = KbCheck(-1);	PSYCHTOOLBOX_TIME	88923aeac42f475d
session#b4bb95e6c5f0/Show_movie.m	kbqueue	92	KbQueueWait	SCANNER_TRIGGER	88923aeac42f475d
session#b4bb95e6c5f0/Show_movie.m	kbcheck	96	[keyIsDown,secs,keyCode]=KbCheck;	SCANNER_TRIGGER	88923aeac42f475d
session#b4bb95e6c5f0/Show_movie.m	playmovie	100	Screen('PlayMovie', movie, 0);	FRAME_TIMING	88923aeac42f475d
session#b4bb95e6c5f0/Show_movie.m	frame	109	% Wait for next movie frame, retrieve texture handle to it	FRAME_TIMING	88923aeac42f475d
session#b4bb95e6c5f0/Show_movie.m	getmovieimage	111	tex = Screen('GetMovieImage', win, movie);	FRAME_TIMING	88923aeac42f475d
session#b4bb95e6c5f0/Show_movie.m	screen('flip'	127	Screen('Flip', win);	PSYCHTOOLBOX_TIME	88923aeac42f475d
session#b4bb95e6c5f0/Show_movie.m	playmovie	135	Screen('PlayMovie', movie, 0);	FRAME_TIMING	88923aeac42f475d
session#b4bb95e6c5f0/main.m	results	4	%% check FOV script results that you have written down	SAVE_OPERATION	fa01b62dff72ec1d
session#b4bb95e6c5f0/main.m	results	10	change_eye = 0; % you can change this parameter based on the results of FOV script	SAVE_OPERATION	fa01b62dff72ec1d
session#b4bb95e6c5f0/main.m	trigger	13	% press t to start --> this comes from the trigger box	SCANNER_TRIGGER	fa01b62dff72ec1d
session#b4bb95e6c5f0/main.m	results	27	"'\n Have you deleted the content of the Folder called ""Results""? ' ..."	SAVE_OPERATION	fa01b62dff72ec1d
session#b4bb95e6c5f0/main.m	results	63	resultdir = './Results';	SAVE_OPERATION	fa01b62dff72ec1d
session#b4bb95e6c5f0/main.m	save(	67	save([resultdir '/' (t) '_Subject_is_' comment '_selected_run_id_' num2str(run_id)])	SAVE_OPERATION	fa01b62dff72ec1d
session#88b9bb5688f1/Show_movie.m	sync	11	Screen('Preference', 'SkipSyncTests', 1);	SCANNER_TRIGGER	83ade79574081031
session#88b9bb5688f1/Show_movie.m	screen('flip'	75	Screen('Flip', win);	PSYCHTOOLBOX_TIME	83ade79574081031
session#88b9bb5688f1/Show_movie.m	forp	79	psychtoolbox_forp_id=0;	SCANNER_TRIGGER	83ade79574081031
session#88b9bb5688f1/Show_movie.m	playmovie	88	Screen('PlayMovie', movie, 1);	FRAME_TIMING	83ade79574081031
session#88b9bb5688f1/Show_movie.m	trigger	93	% only look for t as trigger	SCANNER_TRIGGER	83ade79574081031
session#88b9bb5688f1/Show_movie.m	forp	94	KbQueueCreate(psychtoolbox_forp_id, keysOfInterest);	SCANNER_TRIGGER	83ade79574081031
session#88b9bb5688f1/Show_movie.m	kbqueue	94	KbQueueCreate(psychtoolbox_forp_id, keysOfInterest);	SCANNER_TRIGGER	83ade79574081031
session#88b9bb5688f1/Show_movie.m	kbqueue	95	KbQueueStart;	SCANNER_TRIGGER	83ade79574081031
session#88b9bb5688f1/Show_movie.m	kbcheck	97	[keyPress, keyTime, keyID] = KbCheck(-1);	SCANNER_TRIGGER	83ade79574081031
session#88b9bb5688f1/Show_movie.m	time	97	[keyPress, keyTime, keyID] = KbCheck(-1);	PSYCHTOOLBOX_TIME	83ade79574081031
session#88b9bb5688f1/Show_movie.m	kbqueue	99	KbQueueWait	SCANNER_TRIGGER	83ade79574081031
session#88b9bb5688f1/Show_movie.m	kbcheck	103	[keyIsDown,secs,keyCode]=KbCheck;	SCANNER_TRIGGER	83ade79574081031
session#88b9bb5688f1/Show_movie.m	playmovie	107	Screen('PlayMovie', movie, 0);	FRAME_TIMING	83ade79574081031
session#88b9bb5688f1/Show_movie.m	frame	116	% Wait for next movie frame, retrieve texture handle to it	FRAME_TIMING	83ade79574081031
session#88b9bb5688f1/Show_movie.m	getmovieimage	118	tex = Screen('GetMovieImage', win, movie);	FRAME_TIMING	83ade79574081031
session#88b9bb5688f1/Show_movie.m	screen('flip'	138	Screen('Flip', win);	PSYCHTOOLBOX_TIME	83ade79574081031
session#88b9bb5688f1/Show_movie.m	playmovie	146	Screen('PlayMovie', movie, 0);	FRAME_TIMING	83ade79574081031
session#88b9bb5688f1/main.m	results	4	%% check FOV script results that you have written down	SAVE_OPERATION	fa01b62dff72ec1d
session#88b9bb5688f1/main.m	results	10	change_eye = 0; % you can change this parameter based on the results of FOV script	SAVE_OPERATION	fa01b62dff72ec1d
session#88b9bb5688f1/main.m	trigger	13	% press t to start --> this comes from the trigger box	SCANNER_TRIGGER	fa01b62dff72ec1d
session#88b9bb5688f1/main.m	results	27	"'\n Have you deleted the content of the Folder called ""Results""? ' ..."	SAVE_OPERATION	fa01b62dff72ec1d
session#88b9bb5688f1/main.m	results	63	resultdir = './Results';	SAVE_OPERATION	fa01b62dff72ec1d
session#88b9bb5688f1/main.m	save(	67	save([resultdir '/' (t) '_Subject_is_' comment '_selected_run_id_' num2str(run_id)])	SAVE_OPERATION	fa01b62dff72ec1d
session#2151c17bc86a/Show_movie.m	sync	11	Screen('Preference', 'SkipSyncTests', 1);	SCANNER_TRIGGER	83ade79574081031
session#2151c17bc86a/Show_movie.m	screen('flip'	75	Screen('Flip', win);	PSYCHTOOLBOX_TIME	83ade79574081031
session#2151c17bc86a/Show_movie.m	forp	79	psychtoolbox_forp_id=0;	SCANNER_TRIGGER	83ade79574081031
session#2151c17bc86a/Show_movie.m	playmovie	88	Screen('PlayMovie', movie, 1);	FRAME_TIMING	83ade79574081031
session#2151c17bc86a/Show_movie.m	trigger	93	% only look for t as trigger	SCANNER_TRIGGER	83ade79574081031
session#2151c17bc86a/Show_movie.m	forp	94	KbQueueCreate(psychtoolbox_forp_id, keysOfInterest);	SCANNER_TRIGGER	83ade79574081031
session#2151c17bc86a/Show_movie.m	kbqueue	94	KbQueueCreate(psychtoolbox_forp_id, keysOfInterest);	SCANNER_TRIGGER	83ade79574081031
session#2151c17bc86a/Show_movie.m	kbqueue	95	KbQueueStart;	SCANNER_TRIGGER	83ade79574081031
session#2151c17bc86a/Show_movie.m	kbcheck	97	[keyPress, keyTime, keyID] = KbCheck(-1);	SCANNER_TRIGGER	83ade79574081031
session#2151c17bc86a/Show_movie.m	time	97	[keyPress, keyTime, keyID] = KbCheck(-1);	PSYCHTOOLBOX_TIME	83ade79574081031
session#2151c17bc86a/Show_movie.m	kbqueue	99	KbQueueWait	SCANNER_TRIGGER	83ade79574081031
session#2151c17bc86a/Show_movie.m	kbcheck	103	[keyIsDown,secs,keyCode]=KbCheck;	SCANNER_TRIGGER	83ade79574081031
session#2151c17bc86a/Show_movie.m	playmovie	107	Screen('PlayMovie', movie, 0);	FRAME_TIMING	83ade79574081031
session#2151c17bc86a/Show_movie.m	frame	116	% Wait for next movie frame, retrieve texture handle to it	FRAME_TIMING	83ade79574081031
session#2151c17bc86a/Show_movie.m	getmovieimage	118	tex = Screen('GetMovieImage', win, movie);	FRAME_TIMING	83ade79574081031
session#2151c17bc86a/Show_movie.m	screen('flip'	138	Screen('Flip', win);	PSYCHTOOLBOX_TIME	83ade79574081031
session#2151c17bc86a/Show_movie.m	playmovie	146	Screen('PlayMovie', movie, 0);	FRAME_TIMING	83ade79574081031
session#2151c17bc86a/main.m	sync	4	Screen('Preference', 'SkipSyncTests', 0);	SCANNER_TRIGGER	1aab337d9f67bc7f
session#2151c17bc86a/main.m	results	16	%% check FOV script results that you have written down	SAVE_OPERATION	1aab337d9f67bc7f
session#2151c17bc86a/main.m	results	23	change_eye = 0; % you can change this parameter based on the results of FOV script	SAVE_OPERATION	1aab337d9f67bc7f
session#2151c17bc86a/main.m	trigger	26	% press t to start --> this comes from the trigger box	SCANNER_TRIGGER	1aab337d9f67bc7f
session#2151c17bc86a/main.m	results	40	"'\n Have you deleted the content of the Folder called ""Results""? ' ..."	SAVE_OPERATION	1aab337d9f67bc7f
session#2151c17bc86a/main.m	results	76	resultdir = 'Results';	SAVE_OPERATION	1aab337d9f67bc7f
session#2151c17bc86a/main.m	save(	80	save([resultdir '/' (t) '_Subject_is_' comment '_selected_run_id_' num2str(run_id)])	SAVE_OPERATION	1aab337d9f67bc7f
session#2ddeaaa69595/Show_movie.m	sync	11	Screen('Preference', 'SkipSyncTests', 1);	SCANNER_TRIGGER	83ade79574081031
session#2ddeaaa69595/Show_movie.m	screen('flip'	75	Screen('Flip', win);	PSYCHTOOLBOX_TIME	83ade79574081031
session#2ddeaaa69595/Show_movie.m	forp	79	psychtoolbox_forp_id=0;	SCANNER_TRIGGER	83ade79574081031
session#2ddeaaa69595/Show_movie.m	playmovie	88	Screen('PlayMovie', movie, 1);	FRAME_TIMING	83ade79574081031
session#2ddeaaa69595/Show_movie.m	trigger	93	% only look for t as trigger	SCANNER_TRIGGER	83ade79574081031
session#2ddeaaa69595/Show_movie.m	forp	94	KbQueueCreate(psychtoolbox_forp_id, keysOfInterest);	SCANNER_TRIGGER	83ade79574081031
session#2ddeaaa69595/Show_movie.m	kbqueue	94	KbQueueCreate(psychtoolbox_forp_id, keysOfInterest);	SCANNER_TRIGGER	83ade79574081031
session#2ddeaaa69595/Show_movie.m	kbqueue	95	KbQueueStart;	SCANNER_TRIGGER	83ade79574081031
session#2ddeaaa69595/Show_movie.m	kbcheck	97	[keyPress, keyTime, keyID] = KbCheck(-1);	SCANNER_TRIGGER	83ade79574081031
session#2ddeaaa69595/Show_movie.m	time	97	[keyPress, keyTime, keyID] = KbCheck(-1);	PSYCHTOOLBOX_TIME	83ade79574081031
session#2ddeaaa69595/Show_movie.m	kbqueue	99	KbQueueWait	SCANNER_TRIGGER	83ade79574081031
session#2ddeaaa69595/Show_movie.m	kbcheck	103	[keyIsDown,secs,keyCode]=KbCheck;	SCANNER_TRIGGER	83ade79574081031
session#2ddeaaa69595/Show_movie.m	playmovie	107	Screen('PlayMovie', movie, 0);	FRAME_TIMING	83ade79574081031
session#2ddeaaa69595/Show_movie.m	frame	116	% Wait for next movie frame, retrieve texture handle to it	FRAME_TIMING	83ade79574081031
session#2ddeaaa69595/Show_movie.m	getmovieimage	118	tex = Screen('GetMovieImage', win, movie);	FRAME_TIMING	83ade79574081031
session#2ddeaaa69595/Show_movie.m	screen('flip'	138	Screen('Flip', win);	PSYCHTOOLBOX_TIME	83ade79574081031
session#2ddeaaa69595/Show_movie.m	playmovie	146	Screen('PlayMovie', movie, 0);	FRAME_TIMING	83ade79574081031
session#2ddeaaa69595/main.m	results	4	%% check FOV script results that you have written down	SAVE_OPERATION	fa01b62dff72ec1d
session#2ddeaaa69595/main.m	results	10	change_eye = 0; % you can change this parameter based on the results of FOV script	SAVE_OPERATION	fa01b62dff72ec1d
session#2ddeaaa69595/main.m	trigger	13	% press t to start --> this comes from the trigger box	SCANNER_TRIGGER	fa01b62dff72ec1d
session#2ddeaaa69595/main.m	results	27	"'\n Have you deleted the content of the Folder called ""Results""? ' ..."	SAVE_OPERATION	fa01b62dff72ec1d
session#2ddeaaa69595/main.m	results	63	resultdir = './Results';	SAVE_OPERATION	fa01b62dff72ec1d
session#2ddeaaa69595/main.m	save(	67	save([resultdir '/' (t) '_Subject_is_' comment '_selected_run_id_' num2str(run_id)])	SAVE_OPERATION	fa01b62dff72ec1d
session#890529843cd2/Show_movie.m	sync	11	Screen('Preference', 'SkipSyncTests', 1);	SCANNER_TRIGGER	83ade79574081031
session#890529843cd2/Show_movie.m	screen('flip'	75	Screen('Flip', win);	PSYCHTOOLBOX_TIME	83ade79574081031
session#890529843cd2/Show_movie.m	forp	79	psychtoolbox_forp_id=0;	SCANNER_TRIGGER	83ade79574081031
session#890529843cd2/Show_movie.m	playmovie	88	Screen('PlayMovie', movie, 1);	FRAME_TIMING	83ade79574081031
session#890529843cd2/Show_movie.m	trigger	93	% only look for t as trigger	SCANNER_TRIGGER	83ade79574081031
session#890529843cd2/Show_movie.m	forp	94	KbQueueCreate(psychtoolbox_forp_id, keysOfInterest);	SCANNER_TRIGGER	83ade79574081031
session#890529843cd2/Show_movie.m	kbqueue	94	KbQueueCreate(psychtoolbox_forp_id, keysOfInterest);	SCANNER_TRIGGER	83ade79574081031
session#890529843cd2/Show_movie.m	kbqueue	95	KbQueueStart;	SCANNER_TRIGGER	83ade79574081031
session#890529843cd2/Show_movie.m	kbcheck	97	[keyPress, keyTime, keyID] = KbCheck(-1);	SCANNER_TRIGGER	83ade79574081031
session#890529843cd2/Show_movie.m	time	97	[keyPress, keyTime, keyID] = KbCheck(-1);	PSYCHTOOLBOX_TIME	83ade79574081031
session#890529843cd2/Show_movie.m	kbqueue	99	KbQueueWait	SCANNER_TRIGGER	83ade79574081031
session#890529843cd2/Show_movie.m	kbcheck	103	[keyIsDown,secs,keyCode]=KbCheck;	SCANNER_TRIGGER	83ade79574081031
session#890529843cd2/Show_movie.m	playmovie	107	Screen('PlayMovie', movie, 0);	FRAME_TIMING	83ade79574081031
session#890529843cd2/Show_movie.m	frame	116	% Wait for next movie frame, retrieve texture handle to it	FRAME_TIMING	83ade79574081031
session#890529843cd2/Show_movie.m	getmovieimage	118	tex = Screen('GetMovieImage', win, movie);	FRAME_TIMING	83ade79574081031
session#890529843cd2/Show_movie.m	screen('flip'	138	Screen('Flip', win);	PSYCHTOOLBOX_TIME	83ade79574081031
session#890529843cd2/Show_movie.m	playmovie	146	Screen('PlayMovie', movie, 0);	FRAME_TIMING	83ade79574081031
session#890529843cd2/main.m	sync	4	Screen('Preference', 'SkipSyncTests', 0);	SCANNER_TRIGGER	1aab337d9f67bc7f
session#890529843cd2/main.m	results	16	%% check FOV script results that you have written down	SAVE_OPERATION	1aab337d9f67bc7f
session#890529843cd2/main.m	results	23	change_eye = 0; % you can change this parameter based on the results of FOV script	SAVE_OPERATION	1aab337d9f67bc7f
session#890529843cd2/main.m	trigger	26	% press t to start --> this comes from the trigger box	SCANNER_TRIGGER	1aab337d9f67bc7f
session#890529843cd2/main.m	results	40	"'\n Have you deleted the content of the Folder called ""Results""? ' ..."	SAVE_OPERATION	1aab337d9f67bc7f
session#890529843cd2/main.m	results	76	resultdir = 'Results';	SAVE_OPERATION	1aab337d9f67bc7f
session#890529843cd2/main.m	save(	80	save([resultdir '/' (t) '_Subject_is_' comment '_selected_run_id_' num2str(run_id)])	SAVE_OPERATION	1aab337d9f67bc7f
session#f7a7f7029717/Show_movie.m	sync	11	Screen('Preference', 'SkipSyncTests', 1);	SCANNER_TRIGGER	83ade79574081031
session#f7a7f7029717/Show_movie.m	screen('flip'	75	Screen('Flip', win);	PSYCHTOOLBOX_TIME	83ade79574081031
session#f7a7f7029717/Show_movie.m	forp	79	psychtoolbox_forp_id=0;	SCANNER_TRIGGER	83ade79574081031
session#f7a7f7029717/Show_movie.m	playmovie	88	Screen('PlayMovie', movie, 1);	FRAME_TIMING	83ade79574081031
session#f7a7f7029717/Show_movie.m	trigger	93	% only look for t as trigger	SCANNER_TRIGGER	83ade79574081031
session#f7a7f7029717/Show_movie.m	forp	94	KbQueueCreate(psychtoolbox_forp_id, keysOfInterest);	SCANNER_TRIGGER	83ade79574081031
session#f7a7f7029717/Show_movie.m	kbqueue	94	KbQueueCreate(psychtoolbox_forp_id, keysOfInterest);	SCANNER_TRIGGER	83ade79574081031
session#f7a7f7029717/Show_movie.m	kbqueue	95	KbQueueStart;	SCANNER_TRIGGER	83ade79574081031
session#f7a7f7029717/Show_movie.m	kbcheck	97	[keyPress, keyTime, keyID] = KbCheck(-1);	SCANNER_TRIGGER	83ade79574081031
session#f7a7f7029717/Show_movie.m	time	97	[keyPress, keyTime, keyID] = KbCheck(-1);	PSYCHTOOLBOX_TIME	83ade79574081031
session#f7a7f7029717/Show_movie.m	kbqueue	99	KbQueueWait	SCANNER_TRIGGER	83ade79574081031
session#f7a7f7029717/Show_movie.m	kbcheck	103	[keyIsDown,secs,keyCode]=KbCheck;	SCANNER_TRIGGER	83ade79574081031
session#f7a7f7029717/Show_movie.m	playmovie	107	Screen('PlayMovie', movie, 0);	FRAME_TIMING	83ade79574081031
session#f7a7f7029717/Show_movie.m	frame	116	% Wait for next movie frame, retrieve texture handle to it	FRAME_TIMING	83ade79574081031
session#f7a7f7029717/Show_movie.m	getmovieimage	118	tex = Screen('GetMovieImage', win, movie);	FRAME_TIMING	83ade79574081031
session#f7a7f7029717/Show_movie.m	screen('flip'	138	Screen('Flip', win);	PSYCHTOOLBOX_TIME	83ade79574081031
session#f7a7f7029717/Show_movie.m	playmovie	146	Screen('PlayMovie', movie, 0);	FRAME_TIMING	83ade79574081031
session#f7a7f7029717/main.m	sync	4	Screen('Preference', 'SkipSyncTests', 0);	SCANNER_TRIGGER	1aab337d9f67bc7f
session#f7a7f7029717/main.m	results	16	%% check FOV script results that you have written down	SAVE_OPERATION	1aab337d9f67bc7f
session#f7a7f7029717/main.m	results	23	change_eye = 0; % you can change this parameter based on the results of FOV script	SAVE_OPERATION	1aab337d9f67bc7f
session#f7a7f7029717/main.m	trigger	26	% press t to start --> this comes from the trigger box	SCANNER_TRIGGER	1aab337d9f67bc7f
session#f7a7f7029717/main.m	results	40	"'\n Have you deleted the content of the Folder called ""Results""? ' ..."	SAVE_OPERATION	1aab337d9f67bc7f
session#f7a7f7029717/main.m	results	76	resultdir = 'Results';	SAVE_OPERATION	1aab337d9f67bc7f
session#f7a7f7029717/main.m	save(	80	save([resultdir '/' (t) '_Subject_is_' comment '_selected_run_id_' num2str(run_id)])	SAVE_OPERATION	1aab337d9f67bc7f
session#631985c900cb/Show_movie.m	sync	11	Screen('Preference', 'SkipSyncTests', 1);	SCANNER_TRIGGER	83ade79574081031
session#631985c900cb/Show_movie.m	screen('flip'	75	Screen('Flip', win);	PSYCHTOOLBOX_TIME	83ade79574081031
session#631985c900cb/Show_movie.m	forp	79	psychtoolbox_forp_id=0;	SCANNER_TRIGGER	83ade79574081031
session#631985c900cb/Show_movie.m	playmovie	88	Screen('PlayMovie', movie, 1);	FRAME_TIMING	83ade79574081031
session#631985c900cb/Show_movie.m	trigger	93	% only look for t as trigger	SCANNER_TRIGGER	83ade79574081031
session#631985c900cb/Show_movie.m	forp	94	KbQueueCreate(psychtoolbox_forp_id, keysOfInterest);	SCANNER_TRIGGER	83ade79574081031
session#631985c900cb/Show_movie.m	kbqueue	94	KbQueueCreate(psychtoolbox_forp_id, keysOfInterest);	SCANNER_TRIGGER	83ade79574081031
session#631985c900cb/Show_movie.m	kbqueue	95	KbQueueStart;	SCANNER_TRIGGER	83ade79574081031
session#631985c900cb/Show_movie.m	kbcheck	97	[keyPress, keyTime, keyID] = KbCheck(-1);	SCANNER_TRIGGER	83ade79574081031
session#631985c900cb/Show_movie.m	time	97	[keyPress, keyTime, keyID] = KbCheck(-1);	PSYCHTOOLBOX_TIME	83ade79574081031
session#631985c900cb/Show_movie.m	kbqueue	99	KbQueueWait	SCANNER_TRIGGER	83ade79574081031
session#631985c900cb/Show_movie.m	kbcheck	103	[keyIsDown,secs,keyCode]=KbCheck;	SCANNER_TRIGGER	83ade79574081031
session#631985c900cb/Show_movie.m	playmovie	107	Screen('PlayMovie', movie, 0);	FRAME_TIMING	83ade79574081031
session#631985c900cb/Show_movie.m	frame	116	% Wait for next movie frame, retrieve texture handle to it	FRAME_TIMING	83ade79574081031
session#631985c900cb/Show_movie.m	getmovieimage	118	tex = Screen('GetMovieImage', win, movie);	FRAME_TIMING	83ade79574081031
session#631985c900cb/Show_movie.m	screen('flip'	138	Screen('Flip', win);	PSYCHTOOLBOX_TIME	83ade79574081031
session#631985c900cb/Show_movie.m	playmovie	146	Screen('PlayMovie', movie, 0);	FRAME_TIMING	83ade79574081031
session#631985c900cb/main.m	sync	4	Screen('Preference', 'SkipSyncTests', 0);	SCANNER_TRIGGER	1aab337d9f67bc7f
session#631985c900cb/main.m	results	16	%% check FOV script results that you have written down	SAVE_OPERATION	1aab337d9f67bc7f
session#631985c900cb/main.m	results	23	change_eye = 0; % you can change this parameter based on the results of FOV script	SAVE_OPERATION	1aab337d9f67bc7f
session#631985c900cb/main.m	trigger	26	% press t to start --> this comes from the trigger box	SCANNER_TRIGGER	1aab337d9f67bc7f
session#631985c900cb/main.m	results	40	"'\n Have you deleted the content of the Folder called ""Results""? ' ..."	SAVE_OPERATION	1aab337d9f67bc7f
session#631985c900cb/main.m	results	76	resultdir = 'Results';	SAVE_OPERATION	1aab337d9f67bc7f
session#631985c900cb/main.m	save(	80	save([resultdir '/' (t) '_Subject_is_' comment '_selected_run_id_' num2str(run_id)])	SAVE_OPERATION	1aab337d9f67bc7f
session#da09912e1cc2/Show_movie.m	sync	8	Screen('Preference', 'SkipSyncTests', 1);	SCANNER_TRIGGER	88923aeac42f475d
session#da09912e1cc2/Show_movie.m	screen('flip'	68	Screen('Flip', win);	PSYCHTOOLBOX_TIME	88923aeac42f475d
session#da09912e1cc2/Show_movie.m	forp	72	psychtoolbox_forp_id=0;	SCANNER_TRIGGER	88923aeac42f475d
session#da09912e1cc2/Show_movie.m	playmovie	81	Screen('PlayMovie', movie, 1);	FRAME_TIMING	88923aeac42f475d
session#da09912e1cc2/Show_movie.m	trigger	86	% only look for t as trigger	SCANNER_TRIGGER	88923aeac42f475d
session#da09912e1cc2/Show_movie.m	forp	87	KbQueueCreate(psychtoolbox_forp_id, keysOfInterest);	SCANNER_TRIGGER	88923aeac42f475d
session#da09912e1cc2/Show_movie.m	kbqueue	87	KbQueueCreate(psychtoolbox_forp_id, keysOfInterest);	SCANNER_TRIGGER	88923aeac42f475d
session#da09912e1cc2/Show_movie.m	kbqueue	88	KbQueueStart;	SCANNER_TRIGGER	88923aeac42f475d
session#da09912e1cc2/Show_movie.m	kbcheck	90	[keyPress, keyTime, keyID] = KbCheck(-1);	SCANNER_TRIGGER	88923aeac42f475d
session#da09912e1cc2/Show_movie.m	time	90	[keyPress, keyTime, keyID] = KbCheck(-1);	PSYCHTOOLBOX_TIME	88923aeac42f475d
session#da09912e1cc2/Show_movie.m	kbqueue	92	KbQueueWait	SCANNER_TRIGGER	88923aeac42f475d
session#da09912e1cc2/Show_movie.m	kbcheck	96	[keyIsDown,secs,keyCode]=KbCheck;	SCANNER_TRIGGER	88923aeac42f475d
session#da09912e1cc2/Show_movie.m	playmovie	100	Screen('PlayMovie', movie, 0);	FRAME_TIMING	88923aeac42f475d
session#da09912e1cc2/Show_movie.m	frame	109	% Wait for next movie frame, retrieve texture handle to it	FRAME_TIMING	88923aeac42f475d
session#da09912e1cc2/Show_movie.m	getmovieimage	111	tex = Screen('GetMovieImage', win, movie);	FRAME_TIMING	88923aeac42f475d
session#da09912e1cc2/Show_movie.m	screen('flip'	127	Screen('Flip', win);	PSYCHTOOLBOX_TIME	88923aeac42f475d
session#da09912e1cc2/Show_movie.m	playmovie	135	Screen('PlayMovie', movie, 0);	FRAME_TIMING	88923aeac42f475d
session#da09912e1cc2/main.m	results	4	%% check FOV script results that you have written down	SAVE_OPERATION	fa01b62dff72ec1d
session#da09912e1cc2/main.m	results	10	change_eye = 0; % you can change this parameter based on the results of FOV script	SAVE_OPERATION	fa01b62dff72ec1d
session#da09912e1cc2/main.m	trigger	13	% press t to start --> this comes from the trigger box	SCANNER_TRIGGER	fa01b62dff72ec1d
session#da09912e1cc2/main.m	results	27	"'\n Have you deleted the content of the Folder called ""Results""? ' ..."	SAVE_OPERATION	fa01b62dff72ec1d
session#da09912e1cc2/main.m	results	63	resultdir = './Results';	SAVE_OPERATION	fa01b62dff72ec1d
session#da09912e1cc2/main.m	save(	67	save([resultdir '/' (t) '_Subject_is_' comment '_selected_run_id_' num2str(run_id)])	SAVE_OPERATION	fa01b62dff72ec1d
session#c6737a320ef2/Show_movie.m	sync	11	Screen('Preference', 'SkipSyncTests', 1);	SCANNER_TRIGGER	83ade79574081031
session#c6737a320ef2/Show_movie.m	screen('flip'	75	Screen('Flip', win);	PSYCHTOOLBOX_TIME	83ade79574081031
session#c6737a320ef2/Show_movie.m	forp	79	psychtoolbox_forp_id=0;	SCANNER_TRIGGER	83ade79574081031
session#c6737a320ef2/Show_movie.m	playmovie	88	Screen('PlayMovie', movie, 1);	FRAME_TIMING	83ade79574081031
session#c6737a320ef2/Show_movie.m	trigger	93	% only look for t as trigger	SCANNER_TRIGGER	83ade79574081031
session#c6737a320ef2/Show_movie.m	forp	94	KbQueueCreate(psychtoolbox_forp_id, keysOfInterest);	SCANNER_TRIGGER	83ade79574081031
session#c6737a320ef2/Show_movie.m	kbqueue	94	KbQueueCreate(psychtoolbox_forp_id, keysOfInterest);	SCANNER_TRIGGER	83ade79574081031
session#c6737a320ef2/Show_movie.m	kbqueue	95	KbQueueStart;	SCANNER_TRIGGER	83ade79574081031
session#c6737a320ef2/Show_movie.m	kbcheck	97	[keyPress, keyTime, keyID] = KbCheck(-1);	SCANNER_TRIGGER	83ade79574081031
session#c6737a320ef2/Show_movie.m	time	97	[keyPress, keyTime, keyID] = KbCheck(-1);	PSYCHTOOLBOX_TIME	83ade79574081031
session#c6737a320ef2/Show_movie.m	kbqueue	99	KbQueueWait	SCANNER_TRIGGER	83ade79574081031
session#c6737a320ef2/Show_movie.m	kbcheck	103	[keyIsDown,secs,keyCode]=KbCheck;	SCANNER_TRIGGER	83ade79574081031
session#c6737a320ef2/Show_movie.m	playmovie	107	Screen('PlayMovie', movie, 0);	FRAME_TIMING	83ade79574081031
session#c6737a320ef2/Show_movie.m	frame	116	% Wait for next movie frame, retrieve texture handle to it	FRAME_TIMING	83ade79574081031
session#c6737a320ef2/Show_movie.m	getmovieimage	118	tex = Screen('GetMovieImage', win, movie);	FRAME_TIMING	83ade79574081031
session#c6737a320ef2/Show_movie.m	screen('flip'	138	Screen('Flip', win);	PSYCHTOOLBOX_TIME	83ade79574081031
session#c6737a320ef2/Show_movie.m	playmovie	146	Screen('PlayMovie', movie, 0);	FRAME_TIMING	83ade79574081031
session#c6737a320ef2/main.m	results	4	%% check FOV script results that you have written down	SAVE_OPERATION	fa01b62dff72ec1d
session#c6737a320ef2/main.m	results	10	change_eye = 0; % you can change this parameter based on the results of FOV script	SAVE_OPERATION	fa01b62dff72ec1d
session#c6737a320ef2/main.m	trigger	13	% press t to start --> this comes from the trigger box	SCANNER_TRIGGER	fa01b62dff72ec1d
session#c6737a320ef2/main.m	results	27	"'\n Have you deleted the content of the Folder called ""Results""? ' ..."	SAVE_OPERATION	fa01b62dff72ec1d
session#c6737a320ef2/main.m	results	63	resultdir = './Results';	SAVE_OPERATION	fa01b62dff72ec1d
session#c6737a320ef2/main.m	save(	67	save([resultdir '/' (t) '_Subject_is_' comment '_selected_run_id_' num2str(run_id)])	SAVE_OPERATION	fa01b62dff72ec1d
session#16a6ff1fb3a2/Show_movie.m	sync	11	Screen('Preference', 'SkipSyncTests', 1);	SCANNER_TRIGGER	83ade79574081031
session#16a6ff1fb3a2/Show_movie.m	screen('flip'	75	Screen('Flip', win);	PSYCHTOOLBOX_TIME	83ade79574081031
session#16a6ff1fb3a2/Show_movie.m	forp	79	psychtoolbox_forp_id=0;	SCANNER_TRIGGER	83ade79574081031
session#16a6ff1fb3a2/Show_movie.m	playmovie	88	Screen('PlayMovie', movie, 1);	FRAME_TIMING	83ade79574081031
session#16a6ff1fb3a2/Show_movie.m	trigger	93	% only look for t as trigger	SCANNER_TRIGGER	83ade79574081031
session#16a6ff1fb3a2/Show_movie.m	forp	94	KbQueueCreate(psychtoolbox_forp_id, keysOfInterest);	SCANNER_TRIGGER	83ade79574081031
session#16a6ff1fb3a2/Show_movie.m	kbqueue	94	KbQueueCreate(psychtoolbox_forp_id, keysOfInterest);	SCANNER_TRIGGER	83ade79574081031
session#16a6ff1fb3a2/Show_movie.m	kbqueue	95	KbQueueStart;	SCANNER_TRIGGER	83ade79574081031
session#16a6ff1fb3a2/Show_movie.m	kbcheck	97	[keyPress, keyTime, keyID] = KbCheck(-1);	SCANNER_TRIGGER	83ade79574081031
session#16a6ff1fb3a2/Show_movie.m	time	97	[keyPress, keyTime, keyID] = KbCheck(-1);	PSYCHTOOLBOX_TIME	83ade79574081031
session#16a6ff1fb3a2/Show_movie.m	kbqueue	99	KbQueueWait	SCANNER_TRIGGER	83ade79574081031
session#16a6ff1fb3a2/Show_movie.m	kbcheck	103	[keyIsDown,secs,keyCode]=KbCheck;	SCANNER_TRIGGER	83ade79574081031
session#16a6ff1fb3a2/Show_movie.m	playmovie	107	Screen('PlayMovie', movie, 0);	FRAME_TIMING	83ade79574081031
session#16a6ff1fb3a2/Show_movie.m	frame	116	% Wait for next movie frame, retrieve texture handle to it	FRAME_TIMING	83ade79574081031
session#16a6ff1fb3a2/Show_movie.m	getmovieimage	118	tex = Screen('GetMovieImage', win, movie);	FRAME_TIMING	83ade79574081031
session#16a6ff1fb3a2/Show_movie.m	screen('flip'	138	Screen('Flip', win);	PSYCHTOOLBOX_TIME	83ade79574081031
session#16a6ff1fb3a2/Show_movie.m	playmovie	146	Screen('PlayMovie', movie, 0);	FRAME_TIMING	83ade79574081031
session#16a6ff1fb3a2/main.m	sync	4	Screen('Preference', 'SkipSyncTests', 0);	SCANNER_TRIGGER	1aab337d9f67bc7f
session#16a6ff1fb3a2/main.m	results	16	%% check FOV script results that you have written down	SAVE_OPERATION	1aab337d9f67bc7f
session#16a6ff1fb3a2/main.m	results	23	change_eye = 0; % you can change this parameter based on the results of FOV script	SAVE_OPERATION	1aab337d9f67bc7f
session#16a6ff1fb3a2/main.m	trigger	26	% press t to start --> this comes from the trigger box	SCANNER_TRIGGER	1aab337d9f67bc7f
session#16a6ff1fb3a2/main.m	results	40	"'\n Have you deleted the content of the Folder called ""Results""? ' ..."	SAVE_OPERATION	1aab337d9f67bc7f
session#16a6ff1fb3a2/main.m	results	76	resultdir = 'Results';	SAVE_OPERATION	1aab337d9f67bc7f
session#16a6ff1fb3a2/main.m	save(	80	save([resultdir '/' (t) '_Subject_is_' comment '_selected_run_id_' num2str(run_id)])	SAVE_OPERATION	1aab337d9f67bc7f
session#a4c40e80e2a3/Show_movie.m	sync	11	Screen('Preference', 'SkipSyncTests', 1);	SCANNER_TRIGGER	83ade79574081031
session#a4c40e80e2a3/Show_movie.m	screen('flip'	75	Screen('Flip', win);	PSYCHTOOLBOX_TIME	83ade79574081031
session#a4c40e80e2a3/Show_movie.m	forp	79	psychtoolbox_forp_id=0;	SCANNER_TRIGGER	83ade79574081031
session#a4c40e80e2a3/Show_movie.m	playmovie	88	Screen('PlayMovie', movie, 1);	FRAME_TIMING	83ade79574081031
session#a4c40e80e2a3/Show_movie.m	trigger	93	% only look for t as trigger	SCANNER_TRIGGER	83ade79574081031
session#a4c40e80e2a3/Show_movie.m	forp	94	KbQueueCreate(psychtoolbox_forp_id, keysOfInterest);	SCANNER_TRIGGER	83ade79574081031
session#a4c40e80e2a3/Show_movie.m	kbqueue	94	KbQueueCreate(psychtoolbox_forp_id, keysOfInterest);	SCANNER_TRIGGER	83ade79574081031
session#a4c40e80e2a3/Show_movie.m	kbqueue	95	KbQueueStart;	SCANNER_TRIGGER	83ade79574081031
session#a4c40e80e2a3/Show_movie.m	kbcheck	97	[keyPress, keyTime, keyID] = KbCheck(-1);	SCANNER_TRIGGER	83ade79574081031
session#a4c40e80e2a3/Show_movie.m	time	97	[keyPress, keyTime, keyID] = KbCheck(-1);	PSYCHTOOLBOX_TIME	83ade79574081031
session#a4c40e80e2a3/Show_movie.m	kbqueue	99	KbQueueWait	SCANNER_TRIGGER	83ade79574081031
session#a4c40e80e2a3/Show_movie.m	kbcheck	103	[keyIsDown,secs,keyCode]=KbCheck;	SCANNER_TRIGGER	83ade79574081031
session#a4c40e80e2a3/Show_movie.m	playmovie	107	Screen('PlayMovie', movie, 0);	FRAME_TIMING	83ade79574081031
session#a4c40e80e2a3/Show_movie.m	frame	116	% Wait for next movie frame, retrieve texture handle to it	FRAME_TIMING	83ade79574081031
session#a4c40e80e2a3/Show_movie.m	getmovieimage	118	tex = Screen('GetMovieImage', win, movie);	FRAME_TIMING	83ade79574081031
session#a4c40e80e2a3/Show_movie.m	screen('flip'	138	Screen('Flip', win);	PSYCHTOOLBOX_TIME	83ade79574081031
session#a4c40e80e2a3/Show_movie.m	playmovie	146	Screen('PlayMovie', movie, 0);	FRAME_TIMING	83ade79574081031
session#a4c40e80e2a3/main.m	sync	4	Screen('Preference', 'SkipSyncTests', 0);	SCANNER_TRIGGER	1aab337d9f67bc7f
session#a4c40e80e2a3/main.m	results	16	%% check FOV script results that you have written down	SAVE_OPERATION	1aab337d9f67bc7f
session#a4c40e80e2a3/main.m	results	23	change_eye = 0; % you can change this parameter based on the results of FOV script	SAVE_OPERATION	1aab337d9f67bc7f
session#a4c40e80e2a3/main.m	trigger	26	% press t to start --> this comes from the trigger box	SCANNER_TRIGGER	1aab337d9f67bc7f
session#a4c40e80e2a3/main.m	results	40	"'\n Have you deleted the content of the Folder called ""Results""? ' ..."	SAVE_OPERATION	1aab337d9f67bc7f
session#a4c40e80e2a3/main.m	results	76	resultdir = 'Results';	SAVE_OPERATION	1aab337d9f67bc7f
session#a4c40e80e2a3/main.m	save(	80	save([resultdir '/' (t) '_Subject_is_' comment '_selected_run_id_' num2str(run_id)])	SAVE_OPERATION	1aab337d9f67bc7f
session#9296e79d585c/Show_movie.m	sync	11	Screen('Preference', 'SkipSyncTests', 1);	SCANNER_TRIGGER	83ade79574081031
session#9296e79d585c/Show_movie.m	screen('flip'	75	Screen('Flip', win);	PSYCHTOOLBOX_TIME	83ade79574081031
session#9296e79d585c/Show_movie.m	forp	79	psychtoolbox_forp_id=0;	SCANNER_TRIGGER	83ade79574081031
session#9296e79d585c/Show_movie.m	playmovie	88	Screen('PlayMovie', movie, 1);	FRAME_TIMING	83ade79574081031
session#9296e79d585c/Show_movie.m	trigger	93	% only look for t as trigger	SCANNER_TRIGGER	83ade79574081031
session#9296e79d585c/Show_movie.m	forp	94	KbQueueCreate(psychtoolbox_forp_id, keysOfInterest);	SCANNER_TRIGGER	83ade79574081031
session#9296e79d585c/Show_movie.m	kbqueue	94	KbQueueCreate(psychtoolbox_forp_id, keysOfInterest);	SCANNER_TRIGGER	83ade79574081031
session#9296e79d585c/Show_movie.m	kbqueue	95	KbQueueStart;	SCANNER_TRIGGER	83ade79574081031
session#9296e79d585c/Show_movie.m	kbcheck	97	[keyPress, keyTime, keyID] = KbCheck(-1);	SCANNER_TRIGGER	83ade79574081031
session#9296e79d585c/Show_movie.m	time	97	[keyPress, keyTime, keyID] = KbCheck(-1);	PSYCHTOOLBOX_TIME	83ade79574081031
session#9296e79d585c/Show_movie.m	kbqueue	99	KbQueueWait	SCANNER_TRIGGER	83ade79574081031
session#9296e79d585c/Show_movie.m	kbcheck	103	[keyIsDown,secs,keyCode]=KbCheck;	SCANNER_TRIGGER	83ade79574081031
session#9296e79d585c/Show_movie.m	playmovie	107	Screen('PlayMovie', movie, 0);	FRAME_TIMING	83ade79574081031
session#9296e79d585c/Show_movie.m	frame	116	% Wait for next movie frame, retrieve texture handle to it	FRAME_TIMING	83ade79574081031
session#9296e79d585c/Show_movie.m	getmovieimage	118	tex = Screen('GetMovieImage', win, movie);	FRAME_TIMING	83ade79574081031
session#9296e79d585c/Show_movie.m	screen('flip'	138	Screen('Flip', win);	PSYCHTOOLBOX_TIME	83ade79574081031
session#9296e79d585c/Show_movie.m	playmovie	146	Screen('PlayMovie', movie, 0);	FRAME_TIMING	83ade79574081031
session#9296e79d585c/main.m	sync	4	Screen('Preference', 'SkipSyncTests', 0);	SCANNER_TRIGGER	1aab337d9f67bc7f
session#9296e79d585c/main.m	results	16	%% check FOV script results that you have written down	SAVE_OPERATION	1aab337d9f67bc7f
session#9296e79d585c/main.m	results	23	change_eye = 0; % you can change this parameter based on the results of FOV script	SAVE_OPERATION	1aab337d9f67bc7f
session#9296e79d585c/main.m	trigger	26	% press t to start --> this comes from the trigger box	SCANNER_TRIGGER	1aab337d9f67bc7f
session#9296e79d585c/main.m	results	40	"'\n Have you deleted the content of the Folder called ""Results""? ' ..."	SAVE_OPERATION	1aab337d9f67bc7f
session#9296e79d585c/main.m	results	76	resultdir = 'Results';	SAVE_OPERATION	1aab337d9f67bc7f
session#9296e79d585c/main.m	save(	80	save([resultdir '/' (t) '_Subject_is_' comment '_selected_run_id_' num2str(run_id)])	SAVE_OPERATION	1aab337d9f67bc7f
session#e1afca3e2cf6/Show_movie.m	sync	11	Screen('Preference', 'SkipSyncTests', 1);	SCANNER_TRIGGER	83ade79574081031
session#e1afca3e2cf6/Show_movie.m	screen('flip'	75	Screen('Flip', win);	PSYCHTOOLBOX_TIME	83ade79574081031
session#e1afca3e2cf6/Show_movie.m	forp	79	psychtoolbox_forp_id=0;	SCANNER_TRIGGER	83ade79574081031
session#e1afca3e2cf6/Show_movie.m	playmovie	88	Screen('PlayMovie', movie, 1);	FRAME_TIMING	83ade79574081031
session#e1afca3e2cf6/Show_movie.m	trigger	93	% only look for t as trigger	SCANNER_TRIGGER	83ade79574081031
session#e1afca3e2cf6/Show_movie.m	forp	94	KbQueueCreate(psychtoolbox_forp_id, keysOfInterest);	SCANNER_TRIGGER	83ade79574081031
session#e1afca3e2cf6/Show_movie.m	kbqueue	94	KbQueueCreate(psychtoolbox_forp_id, keysOfInterest);	SCANNER_TRIGGER	83ade79574081031
session#e1afca3e2cf6/Show_movie.m	kbqueue	95	KbQueueStart;	SCANNER_TRIGGER	83ade79574081031
session#e1afca3e2cf6/Show_movie.m	kbcheck	97	[keyPress, keyTime, keyID] = KbCheck(-1);	SCANNER_TRIGGER	83ade79574081031
session#e1afca3e2cf6/Show_movie.m	time	97	[keyPress, keyTime, keyID] = KbCheck(-1);	PSYCHTOOLBOX_TIME	83ade79574081031
session#e1afca3e2cf6/Show_movie.m	kbqueue	99	KbQueueWait	SCANNER_TRIGGER	83ade79574081031
session#e1afca3e2cf6/Show_movie.m	kbcheck	103	[keyIsDown,secs,keyCode]=KbCheck;	SCANNER_TRIGGER	83ade79574081031
session#e1afca3e2cf6/Show_movie.m	playmovie	107	Screen('PlayMovie', movie, 0);	FRAME_TIMING	83ade79574081031
session#e1afca3e2cf6/Show_movie.m	frame	116	% Wait for next movie frame, retrieve texture handle to it	FRAME_TIMING	83ade79574081031
session#e1afca3e2cf6/Show_movie.m	getmovieimage	118	tex = Screen('GetMovieImage', win, movie);	FRAME_TIMING	83ade79574081031
session#e1afca3e2cf6/Show_movie.m	screen('flip'	138	Screen('Flip', win);	PSYCHTOOLBOX_TIME	83ade79574081031
session#e1afca3e2cf6/Show_movie.m	playmovie	146	Screen('PlayMovie', movie, 0);	FRAME_TIMING	83ade79574081031
session#e1afca3e2cf6/main.m	sync	4	Screen('Preference', 'SkipSyncTests', 0);	SCANNER_TRIGGER	1aab337d9f67bc7f
session#e1afca3e2cf6/main.m	results	16	%% check FOV script results that you have written down	SAVE_OPERATION	1aab337d9f67bc7f
session#e1afca3e2cf6/main.m	results	23	change_eye = 0; % you can change this parameter based on the results of FOV script	SAVE_OPERATION	1aab337d9f67bc7f
session#e1afca3e2cf6/main.m	trigger	26	% press t to start --> this comes from the trigger box	SCANNER_TRIGGER	1aab337d9f67bc7f
session#e1afca3e2cf6/main.m	results	40	"'\n Have you deleted the content of the Folder called ""Results""? ' ..."	SAVE_OPERATION	1aab337d9f67bc7f
session#e1afca3e2cf6/main.m	results	76	resultdir = 'Results';	SAVE_OPERATION	1aab337d9f67bc7f
session#e1afca3e2cf6/main.m	save(	80	save([resultdir '/' (t) '_Subject_is_' comment '_selected_run_id_' num2str(run_id)])	SAVE_OPERATION	1aab337d9f67bc7f
session#198fce362b0a/Show_movie.m	sync	11	Screen('Preference', 'SkipSyncTests', 1);	SCANNER_TRIGGER	83ade79574081031
session#198fce362b0a/Show_movie.m	screen('flip'	75	Screen('Flip', win);	PSYCHTOOLBOX_TIME	83ade79574081031
session#198fce362b0a/Show_movie.m	forp	79	psychtoolbox_forp_id=0;	SCANNER_TRIGGER	83ade79574081031
session#198fce362b0a/Show_movie.m	playmovie	88	Screen('PlayMovie', movie, 1);	FRAME_TIMING	83ade79574081031
session#198fce362b0a/Show_movie.m	trigger	93	% only look for t as trigger	SCANNER_TRIGGER	83ade79574081031
session#198fce362b0a/Show_movie.m	forp	94	KbQueueCreate(psychtoolbox_forp_id, keysOfInterest);	SCANNER_TRIGGER	83ade79574081031
session#198fce362b0a/Show_movie.m	kbqueue	94	KbQueueCreate(psychtoolbox_forp_id, keysOfInterest);	SCANNER_TRIGGER	83ade79574081031
session#198fce362b0a/Show_movie.m	kbqueue	95	KbQueueStart;	SCANNER_TRIGGER	83ade79574081031
session#198fce362b0a/Show_movie.m	kbcheck	97	[keyPress, keyTime, keyID] = KbCheck(-1);	SCANNER_TRIGGER	83ade79574081031
session#198fce362b0a/Show_movie.m	time	97	[keyPress, keyTime, keyID] = KbCheck(-1);	PSYCHTOOLBOX_TIME	83ade79574081031
session#198fce362b0a/Show_movie.m	kbqueue	99	KbQueueWait	SCANNER_TRIGGER	83ade79574081031
session#198fce362b0a/Show_movie.m	kbcheck	103	[keyIsDown,secs,keyCode]=KbCheck;	SCANNER_TRIGGER	83ade79574081031
session#198fce362b0a/Show_movie.m	playmovie	107	Screen('PlayMovie', movie, 0);	FRAME_TIMING	83ade79574081031
session#198fce362b0a/Show_movie.m	frame	116	% Wait for next movie frame, retrieve texture handle to it	FRAME_TIMING	83ade79574081031
session#198fce362b0a/Show_movie.m	getmovieimage	118	tex = Screen('GetMovieImage', win, movie);	FRAME_TIMING	83ade79574081031
session#198fce362b0a/Show_movie.m	screen('flip'	138	Screen('Flip', win);	PSYCHTOOLBOX_TIME	83ade79574081031
session#198fce362b0a/Show_movie.m	playmovie	146	Screen('PlayMovie', movie, 0);	FRAME_TIMING	83ade79574081031
session#198fce362b0a/main.m	sync	4	Screen('Preference', 'SkipSyncTests', 0);	SCANNER_TRIGGER	1aab337d9f67bc7f
session#198fce362b0a/main.m	results	16	%% check FOV script results that you have written down	SAVE_OPERATION	1aab337d9f67bc7f
session#198fce362b0a/main.m	results	23	change_eye = 0; % you can change this parameter based on the results of FOV script	SAVE_OPERATION	1aab337d9f67bc7f
session#198fce362b0a/main.m	trigger	26	% press t to start --> this comes from the trigger box	SCANNER_TRIGGER	1aab337d9f67bc7f
session#198fce362b0a/main.m	results	40	"'\n Have you deleted the content of the Folder called ""Results""? ' ..."	SAVE_OPERATION	1aab337d9f67bc7f
session#198fce362b0a/main.m	results	76	resultdir = 'Results';	SAVE_OPERATION	1aab337d9f67bc7f
session#198fce362b0a/main.m	save(	80	save([resultdir '/' (t) '_Subject_is_' comment '_selected_run_id_' num2str(run_id)])	SAVE_OPERATION	1aab337d9f67bc7f
session#ca28892eeda3/Show_movie.m	sync	11	Screen('Preference', 'SkipSyncTests', 1);	SCANNER_TRIGGER	83ade79574081031
session#ca28892eeda3/Show_movie.m	screen('flip'	75	Screen('Flip', win);	PSYCHTOOLBOX_TIME	83ade79574081031
session#ca28892eeda3/Show_movie.m	forp	79	psychtoolbox_forp_id=0;	SCANNER_TRIGGER	83ade79574081031
session#ca28892eeda3/Show_movie.m	playmovie	88	Screen('PlayMovie', movie, 1);	FRAME_TIMING	83ade79574081031
session#ca28892eeda3/Show_movie.m	trigger	93	% only look for t as trigger	SCANNER_TRIGGER	83ade79574081031
session#ca28892eeda3/Show_movie.m	forp	94	KbQueueCreate(psychtoolbox_forp_id, keysOfInterest);	SCANNER_TRIGGER	83ade79574081031
session#ca28892eeda3/Show_movie.m	kbqueue	94	KbQueueCreate(psychtoolbox_forp_id, keysOfInterest);	SCANNER_TRIGGER	83ade79574081031
session#ca28892eeda3/Show_movie.m	kbqueue	95	KbQueueStart;	SCANNER_TRIGGER	83ade79574081031
session#ca28892eeda3/Show_movie.m	kbcheck	97	[keyPress, keyTime, keyID] = KbCheck(-1);	SCANNER_TRIGGER	83ade79574081031
session#ca28892eeda3/Show_movie.m	time	97	[keyPress, keyTime, keyID] = KbCheck(-1);	PSYCHTOOLBOX_TIME	83ade79574081031
session#ca28892eeda3/Show_movie.m	kbqueue	99	KbQueueWait	SCANNER_TRIGGER	83ade79574081031
session#ca28892eeda3/Show_movie.m	kbcheck	103	[keyIsDown,secs,keyCode]=KbCheck;	SCANNER_TRIGGER	83ade79574081031
session#ca28892eeda3/Show_movie.m	playmovie	107	Screen('PlayMovie', movie, 0);	FRAME_TIMING	83ade79574081031
session#ca28892eeda3/Show_movie.m	frame	116	% Wait for next movie frame, retrieve texture handle to it	FRAME_TIMING	83ade79574081031
session#ca28892eeda3/Show_movie.m	getmovieimage	118	tex = Screen('GetMovieImage', win, movie);	FRAME_TIMING	83ade79574081031
session#ca28892eeda3/Show_movie.m	screen('flip'	138	Screen('Flip', win);	PSYCHTOOLBOX_TIME	83ade79574081031
session#ca28892eeda3/Show_movie.m	playmovie	146	Screen('PlayMovie', movie, 0);	FRAME_TIMING	83ade79574081031
session#ca28892eeda3/main.m	sync	4	Screen('Preference', 'SkipSyncTests', 0);	SCANNER_TRIGGER	1aab337d9f67bc7f
session#ca28892eeda3/main.m	results	16	%% check FOV script results that you have written down	SAVE_OPERATION	1aab337d9f67bc7f
session#ca28892eeda3/main.m	results	23	change_eye = 0; % you can change this parameter based on the results of FOV script	SAVE_OPERATION	1aab337d9f67bc7f
session#ca28892eeda3/main.m	trigger	26	% press t to start --> this comes from the trigger box	SCANNER_TRIGGER	1aab337d9f67bc7f
session#ca28892eeda3/main.m	results	40	"'\n Have you deleted the content of the Folder called ""Results""? ' ..."	SAVE_OPERATION	1aab337d9f67bc7f
session#ca28892eeda3/main.m	results	76	resultdir = 'Results';	SAVE_OPERATION	1aab337d9f67bc7f
session#ca28892eeda3/main.m	save(	80	save([resultdir '/' (t) '_Subject_is_' comment '_selected_run_id_' num2str(run_id)])	SAVE_OPERATION	1aab337d9f67bc7f
session#61fa1e9d43e6/Show_movie.m	sync	8	Screen('Preference', 'SkipSyncTests', 1);	SCANNER_TRIGGER	88923aeac42f475d
session#61fa1e9d43e6/Show_movie.m	screen('flip'	68	Screen('Flip', win);	PSYCHTOOLBOX_TIME	88923aeac42f475d
session#61fa1e9d43e6/Show_movie.m	forp	72	psychtoolbox_forp_id=0;	SCANNER_TRIGGER	88923aeac42f475d
session#61fa1e9d43e6/Show_movie.m	playmovie	81	Screen('PlayMovie', movie, 1);	FRAME_TIMING	88923aeac42f475d
session#61fa1e9d43e6/Show_movie.m	trigger	86	% only look for t as trigger	SCANNER_TRIGGER	88923aeac42f475d
session#61fa1e9d43e6/Show_movie.m	forp	87	KbQueueCreate(psychtoolbox_forp_id, keysOfInterest);	SCANNER_TRIGGER	88923aeac42f475d
session#61fa1e9d43e6/Show_movie.m	kbqueue	87	KbQueueCreate(psychtoolbox_forp_id, keysOfInterest);	SCANNER_TRIGGER	88923aeac42f475d
session#61fa1e9d43e6/Show_movie.m	kbqueue	88	KbQueueStart;	SCANNER_TRIGGER	88923aeac42f475d
session#61fa1e9d43e6/Show_movie.m	kbcheck	90	[keyPress, keyTime, keyID] = KbCheck(-1);	SCANNER_TRIGGER	88923aeac42f475d
session#61fa1e9d43e6/Show_movie.m	time	90	[keyPress, keyTime, keyID] = KbCheck(-1);	PSYCHTOOLBOX_TIME	88923aeac42f475d
session#61fa1e9d43e6/Show_movie.m	kbqueue	92	KbQueueWait	SCANNER_TRIGGER	88923aeac42f475d
session#61fa1e9d43e6/Show_movie.m	kbcheck	96	[keyIsDown,secs,keyCode]=KbCheck;	SCANNER_TRIGGER	88923aeac42f475d
session#61fa1e9d43e6/Show_movie.m	playmovie	100	Screen('PlayMovie', movie, 0);	FRAME_TIMING	88923aeac42f475d
session#61fa1e9d43e6/Show_movie.m	frame	109	% Wait for next movie frame, retrieve texture handle to it	FRAME_TIMING	88923aeac42f475d
session#61fa1e9d43e6/Show_movie.m	getmovieimage	111	tex = Screen('GetMovieImage', win, movie);	FRAME_TIMING	88923aeac42f475d
session#61fa1e9d43e6/Show_movie.m	screen('flip'	127	Screen('Flip', win);	PSYCHTOOLBOX_TIME	88923aeac42f475d
session#61fa1e9d43e6/Show_movie.m	playmovie	135	Screen('PlayMovie', movie, 0);	FRAME_TIMING	88923aeac42f475d
session#61fa1e9d43e6/main.m	results	4	%% check FOV script results that you have written down	SAVE_OPERATION	fa01b62dff72ec1d
session#61fa1e9d43e6/main.m	results	10	change_eye = 0; % you can change this parameter based on the results of FOV script	SAVE_OPERATION	fa01b62dff72ec1d
session#61fa1e9d43e6/main.m	trigger	13	% press t to start --> this comes from the trigger box	SCANNER_TRIGGER	fa01b62dff72ec1d
session#61fa1e9d43e6/main.m	results	27	"'\n Have you deleted the content of the Folder called ""Results""? ' ..."	SAVE_OPERATION	fa01b62dff72ec1d
session#61fa1e9d43e6/main.m	results	63	resultdir = './Results';	SAVE_OPERATION	fa01b62dff72ec1d
session#61fa1e9d43e6/main.m	save(	67	save([resultdir '/' (t) '_Subject_is_' comment '_selected_run_id_' num2str(run_id)])	SAVE_OPERATION	fa01b62dff72ec1d
session#0ffa586faf93/Show_movie.m	sync	11	Screen('Preference', 'SkipSyncTests', 1);	SCANNER_TRIGGER	83ade79574081031
session#0ffa586faf93/Show_movie.m	screen('flip'	75	Screen('Flip', win);	PSYCHTOOLBOX_TIME	83ade79574081031
session#0ffa586faf93/Show_movie.m	forp	79	psychtoolbox_forp_id=0;	SCANNER_TRIGGER	83ade79574081031
session#0ffa586faf93/Show_movie.m	playmovie	88	Screen('PlayMovie', movie, 1);	FRAME_TIMING	83ade79574081031
session#0ffa586faf93/Show_movie.m	trigger	93	% only look for t as trigger	SCANNER_TRIGGER	83ade79574081031
session#0ffa586faf93/Show_movie.m	forp	94	KbQueueCreate(psychtoolbox_forp_id, keysOfInterest);	SCANNER_TRIGGER	83ade79574081031
session#0ffa586faf93/Show_movie.m	kbqueue	94	KbQueueCreate(psychtoolbox_forp_id, keysOfInterest);	SCANNER_TRIGGER	83ade79574081031
session#0ffa586faf93/Show_movie.m	kbqueue	95	KbQueueStart;	SCANNER_TRIGGER	83ade79574081031
session#0ffa586faf93/Show_movie.m	kbcheck	97	[keyPress, keyTime, keyID] = KbCheck(-1);	SCANNER_TRIGGER	83ade79574081031
session#0ffa586faf93/Show_movie.m	time	97	[keyPress, keyTime, keyID] = KbCheck(-1);	PSYCHTOOLBOX_TIME	83ade79574081031
session#0ffa586faf93/Show_movie.m	kbqueue	99	KbQueueWait	SCANNER_TRIGGER	83ade79574081031
session#0ffa586faf93/Show_movie.m	kbcheck	103	[keyIsDown,secs,keyCode]=KbCheck;	SCANNER_TRIGGER	83ade79574081031
session#0ffa586faf93/Show_movie.m	playmovie	107	Screen('PlayMovie', movie, 0);	FRAME_TIMING	83ade79574081031
session#0ffa586faf93/Show_movie.m	frame	116	% Wait for next movie frame, retrieve texture handle to it	FRAME_TIMING	83ade79574081031
session#0ffa586faf93/Show_movie.m	getmovieimage	118	tex = Screen('GetMovieImage', win, movie);	FRAME_TIMING	83ade79574081031
session#0ffa586faf93/Show_movie.m	screen('flip'	138	Screen('Flip', win);	PSYCHTOOLBOX_TIME	83ade79574081031
session#0ffa586faf93/Show_movie.m	playmovie	146	Screen('PlayMovie', movie, 0);	FRAME_TIMING	83ade79574081031
session#0ffa586faf93/main.m	results	4	%% check FOV script results that you have written down	SAVE_OPERATION	fa01b62dff72ec1d
session#0ffa586faf93/main.m	results	10	change_eye = 0; % you can change this parameter based on the results of FOV script	SAVE_OPERATION	fa01b62dff72ec1d
session#0ffa586faf93/main.m	trigger	13	% press t to start --> this comes from the trigger box	SCANNER_TRIGGER	fa01b62dff72ec1d
session#0ffa586faf93/main.m	results	27	"'\n Have you deleted the content of the Folder called ""Results""? ' ..."	SAVE_OPERATION	fa01b62dff72ec1d
session#0ffa586faf93/main.m	results	63	resultdir = './Results';	SAVE_OPERATION	fa01b62dff72ec1d
session#0ffa586faf93/main.m	save(	67	save([resultdir '/' (t) '_Subject_is_' comment '_selected_run_id_' num2str(run_id)])	SAVE_OPERATION	fa01b62dff72ec1d
session#a6dd5eccbcb8/Show_movie.m	sync	11	Screen('Preference', 'SkipSyncTests', 1);	SCANNER_TRIGGER	83ade79574081031
session#a6dd5eccbcb8/Show_movie.m	screen('flip'	75	Screen('Flip', win);	PSYCHTOOLBOX_TIME	83ade79574081031
session#a6dd5eccbcb8/Show_movie.m	forp	79	psychtoolbox_forp_id=0;	SCANNER_TRIGGER	83ade79574081031
session#a6dd5eccbcb8/Show_movie.m	playmovie	88	Screen('PlayMovie', movie, 1);	FRAME_TIMING	83ade79574081031
session#a6dd5eccbcb8/Show_movie.m	trigger	93	% only look for t as trigger	SCANNER_TRIGGER	83ade79574081031
session#a6dd5eccbcb8/Show_movie.m	forp	94	KbQueueCreate(psychtoolbox_forp_id, keysOfInterest);	SCANNER_TRIGGER	83ade79574081031
session#a6dd5eccbcb8/Show_movie.m	kbqueue	94	KbQueueCreate(psychtoolbox_forp_id, keysOfInterest);	SCANNER_TRIGGER	83ade79574081031
session#a6dd5eccbcb8/Show_movie.m	kbqueue	95	KbQueueStart;	SCANNER_TRIGGER	83ade79574081031
session#a6dd5eccbcb8/Show_movie.m	kbcheck	97	[keyPress, keyTime, keyID] = KbCheck(-1);	SCANNER_TRIGGER	83ade79574081031
session#a6dd5eccbcb8/Show_movie.m	time	97	[keyPress, keyTime, keyID] = KbCheck(-1);	PSYCHTOOLBOX_TIME	83ade79574081031
session#a6dd5eccbcb8/Show_movie.m	kbqueue	99	KbQueueWait	SCANNER_TRIGGER	83ade79574081031
session#a6dd5eccbcb8/Show_movie.m	kbcheck	103	[keyIsDown,secs,keyCode]=KbCheck;	SCANNER_TRIGGER	83ade79574081031
session#a6dd5eccbcb8/Show_movie.m	playmovie	107	Screen('PlayMovie', movie, 0);	FRAME_TIMING	83ade79574081031
session#a6dd5eccbcb8/Show_movie.m	frame	116	% Wait for next movie frame, retrieve texture handle to it	FRAME_TIMING	83ade79574081031
session#a6dd5eccbcb8/Show_movie.m	getmovieimage	118	tex = Screen('GetMovieImage', win, movie);	FRAME_TIMING	83ade79574081031
session#a6dd5eccbcb8/Show_movie.m	screen('flip'	138	Screen('Flip', win);	PSYCHTOOLBOX_TIME	83ade79574081031
session#a6dd5eccbcb8/Show_movie.m	playmovie	146	Screen('PlayMovie', movie, 0);	FRAME_TIMING	83ade79574081031
session#a6dd5eccbcb8/main.m	sync	4	Screen('Preference', 'SkipSyncTests', 0);	SCANNER_TRIGGER	1aab337d9f67bc7f
session#a6dd5eccbcb8/main.m	results	16	%% check FOV script results that you have written down	SAVE_OPERATION	1aab337d9f67bc7f
session#a6dd5eccbcb8/main.m	results	23	change_eye = 0; % you can change this parameter based on the results of FOV script	SAVE_OPERATION	1aab337d9f67bc7f
session#a6dd5eccbcb8/main.m	trigger	26	% press t to start --> this comes from the trigger box	SCANNER_TRIGGER	1aab337d9f67bc7f
session#a6dd5eccbcb8/main.m	results	40	"'\n Have you deleted the content of the Folder called ""Results""? ' ..."	SAVE_OPERATION	1aab337d9f67bc7f
session#a6dd5eccbcb8/main.m	results	76	resultdir = 'Results';	SAVE_OPERATION	1aab337d9f67bc7f
session#a6dd5eccbcb8/main.m	save(	80	save([resultdir '/' (t) '_Subject_is_' comment '_selected_run_id_' num2str(run_id)])	SAVE_OPERATION	1aab337d9f67bc7f
session#ec2f01114a23/Show_movie.m	sync	8	Screen('Preference', 'SkipSyncTests', 1);	SCANNER_TRIGGER	88923aeac42f475d
session#ec2f01114a23/Show_movie.m	screen('flip'	68	Screen('Flip', win);	PSYCHTOOLBOX_TIME	88923aeac42f475d
session#ec2f01114a23/Show_movie.m	forp	72	psychtoolbox_forp_id=0;	SCANNER_TRIGGER	88923aeac42f475d
session#ec2f01114a23/Show_movie.m	playmovie	81	Screen('PlayMovie', movie, 1);	FRAME_TIMING	88923aeac42f475d
session#ec2f01114a23/Show_movie.m	trigger	86	% only look for t as trigger	SCANNER_TRIGGER	88923aeac42f475d
session#ec2f01114a23/Show_movie.m	forp	87	KbQueueCreate(psychtoolbox_forp_id, keysOfInterest);	SCANNER_TRIGGER	88923aeac42f475d
session#ec2f01114a23/Show_movie.m	kbqueue	87	KbQueueCreate(psychtoolbox_forp_id, keysOfInterest);	SCANNER_TRIGGER	88923aeac42f475d
session#ec2f01114a23/Show_movie.m	kbqueue	88	KbQueueStart;	SCANNER_TRIGGER	88923aeac42f475d
session#ec2f01114a23/Show_movie.m	kbcheck	90	[keyPress, keyTime, keyID] = KbCheck(-1);	SCANNER_TRIGGER	88923aeac42f475d
session#ec2f01114a23/Show_movie.m	time	90	[keyPress, keyTime, keyID] = KbCheck(-1);	PSYCHTOOLBOX_TIME	88923aeac42f475d
session#ec2f01114a23/Show_movie.m	kbqueue	92	KbQueueWait	SCANNER_TRIGGER	88923aeac42f475d
session#ec2f01114a23/Show_movie.m	kbcheck	96	[keyIsDown,secs,keyCode]=KbCheck;	SCANNER_TRIGGER	88923aeac42f475d
session#ec2f01114a23/Show_movie.m	playmovie	100	Screen('PlayMovie', movie, 0);	FRAME_TIMING	88923aeac42f475d
session#ec2f01114a23/Show_movie.m	frame	109	% Wait for next movie frame, retrieve texture handle to it	FRAME_TIMING	88923aeac42f475d
session#ec2f01114a23/Show_movie.m	getmovieimage	111	tex = Screen('GetMovieImage', win, movie);	FRAME_TIMING	88923aeac42f475d
session#ec2f01114a23/Show_movie.m	screen('flip'	127	Screen('Flip', win);	PSYCHTOOLBOX_TIME	88923aeac42f475d
session#ec2f01114a23/Show_movie.m	playmovie	135	Screen('PlayMovie', movie, 0);	FRAME_TIMING	88923aeac42f475d
session#ec2f01114a23/main.m	results	4	%% check FOV script results that you have written down	SAVE_OPERATION	fa01b62dff72ec1d
session#ec2f01114a23/main.m	results	10	change_eye = 0; % you can change this parameter based on the results of FOV script	SAVE_OPERATION	fa01b62dff72ec1d
session#ec2f01114a23/main.m	trigger	13	% press t to start --> this comes from the trigger box	SCANNER_TRIGGER	fa01b62dff72ec1d
session#ec2f01114a23/main.m	results	27	"'\n Have you deleted the content of the Folder called ""Results""? ' ..."	SAVE_OPERATION	fa01b62dff72ec1d
session#ec2f01114a23/main.m	results	63	resultdir = './Results';	SAVE_OPERATION	fa01b62dff72ec1d
session#ec2f01114a23/main.m	save(	67	save([resultdir '/' (t) '_Subject_is_' comment '_selected_run_id_' num2str(run_id)])	SAVE_OPERATION	fa01b62dff72ec1d
session#d7c56a315884/Show_movie.m	sync	11	Screen('Preference', 'SkipSyncTests', 1);	SCANNER_TRIGGER	83ade79574081031
session#d7c56a315884/Show_movie.m	screen('flip'	75	Screen('Flip', win);	PSYCHTOOLBOX_TIME	83ade79574081031
session#d7c56a315884/Show_movie.m	forp	79	psychtoolbox_forp_id=0;	SCANNER_TRIGGER	83ade79574081031
session#d7c56a315884/Show_movie.m	playmovie	88	Screen('PlayMovie', movie, 1);	FRAME_TIMING	83ade79574081031
session#d7c56a315884/Show_movie.m	trigger	93	% only look for t as trigger	SCANNER_TRIGGER	83ade79574081031
session#d7c56a315884/Show_movie.m	forp	94	KbQueueCreate(psychtoolbox_forp_id, keysOfInterest);	SCANNER_TRIGGER	83ade79574081031
session#d7c56a315884/Show_movie.m	kbqueue	94	KbQueueCreate(psychtoolbox_forp_id, keysOfInterest);	SCANNER_TRIGGER	83ade79574081031
session#d7c56a315884/Show_movie.m	kbqueue	95	KbQueueStart;	SCANNER_TRIGGER	83ade79574081031
session#d7c56a315884/Show_movie.m	kbcheck	97	[keyPress, keyTime, keyID] = KbCheck(-1);	SCANNER_TRIGGER	83ade79574081031
session#d7c56a315884/Show_movie.m	time	97	[keyPress, keyTime, keyID] = KbCheck(-1);	PSYCHTOOLBOX_TIME	83ade79574081031
session#d7c56a315884/Show_movie.m	kbqueue	99	KbQueueWait	SCANNER_TRIGGER	83ade79574081031
session#d7c56a315884/Show_movie.m	kbcheck	103	[keyIsDown,secs,keyCode]=KbCheck;	SCANNER_TRIGGER	83ade79574081031
session#d7c56a315884/Show_movie.m	playmovie	107	Screen('PlayMovie', movie, 0);	FRAME_TIMING	83ade79574081031
session#d7c56a315884/Show_movie.m	frame	116	% Wait for next movie frame, retrieve texture handle to it	FRAME_TIMING	83ade79574081031
session#d7c56a315884/Show_movie.m	getmovieimage	118	tex = Screen('GetMovieImage', win, movie);	FRAME_TIMING	83ade79574081031
session#d7c56a315884/Show_movie.m	screen('flip'	138	Screen('Flip', win);	PSYCHTOOLBOX_TIME	83ade79574081031
session#d7c56a315884/Show_movie.m	playmovie	146	Screen('PlayMovie', movie, 0);	FRAME_TIMING	83ade79574081031
session#d7c56a315884/main.m	results	4	%% check FOV script results that you have written down	SAVE_OPERATION	fa01b62dff72ec1d
session#d7c56a315884/main.m	results	10	change_eye = 0; % you can change this parameter based on the results of FOV script	SAVE_OPERATION	fa01b62dff72ec1d
session#d7c56a315884/main.m	trigger	13	% press t to start --> this comes from the trigger box	SCANNER_TRIGGER	fa01b62dff72ec1d
session#d7c56a315884/main.m	results	27	"'\n Have you deleted the content of the Folder called ""Results""? ' ..."	SAVE_OPERATION	fa01b62dff72ec1d
session#d7c56a315884/main.m	results	63	resultdir = './Results';	SAVE_OPERATION	fa01b62dff72ec1d
session#d7c56a315884/main.m	save(	67	save([resultdir '/' (t) '_Subject_is_' comment '_selected_run_id_' num2str(run_id)])	SAVE_OPERATION	fa01b62dff72ec1d
session#35b6dd0b13bd/Show_movie.m	sync	11	Screen('Preference', 'SkipSyncTests', 1);	SCANNER_TRIGGER	83ade79574081031
session#35b6dd0b13bd/Show_movie.m	screen('flip'	75	Screen('Flip', win);	PSYCHTOOLBOX_TIME	83ade79574081031
session#35b6dd0b13bd/Show_movie.m	forp	79	psychtoolbox_forp_id=0;	SCANNER_TRIGGER	83ade79574081031
session#35b6dd0b13bd/Show_movie.m	playmovie	88	Screen('PlayMovie', movie, 1);	FRAME_TIMING	83ade79574081031
session#35b6dd0b13bd/Show_movie.m	trigger	93	% only look for t as trigger	SCANNER_TRIGGER	83ade79574081031
session#35b6dd0b13bd/Show_movie.m	forp	94	KbQueueCreate(psychtoolbox_forp_id, keysOfInterest);	SCANNER_TRIGGER	83ade79574081031
session#35b6dd0b13bd/Show_movie.m	kbqueue	94	KbQueueCreate(psychtoolbox_forp_id, keysOfInterest);	SCANNER_TRIGGER	83ade79574081031
session#35b6dd0b13bd/Show_movie.m	kbqueue	95	KbQueueStart;	SCANNER_TRIGGER	83ade79574081031
session#35b6dd0b13bd/Show_movie.m	kbcheck	97	[keyPress, keyTime, keyID] = KbCheck(-1);	SCANNER_TRIGGER	83ade79574081031
session#35b6dd0b13bd/Show_movie.m	time	97	[keyPress, keyTime, keyID] = KbCheck(-1);	PSYCHTOOLBOX_TIME	83ade79574081031
session#35b6dd0b13bd/Show_movie.m	kbqueue	99	KbQueueWait	SCANNER_TRIGGER	83ade79574081031
session#35b6dd0b13bd/Show_movie.m	kbcheck	103	[keyIsDown,secs,keyCode]=KbCheck;	SCANNER_TRIGGER	83ade79574081031
session#35b6dd0b13bd/Show_movie.m	playmovie	107	Screen('PlayMovie', movie, 0);	FRAME_TIMING	83ade79574081031
session#35b6dd0b13bd/Show_movie.m	frame	116	% Wait for next movie frame, retrieve texture handle to it	FRAME_TIMING	83ade79574081031
session#35b6dd0b13bd/Show_movie.m	getmovieimage	118	tex = Screen('GetMovieImage', win, movie);	FRAME_TIMING	83ade79574081031
session#35b6dd0b13bd/Show_movie.m	screen('flip'	138	Screen('Flip', win);	PSYCHTOOLBOX_TIME	83ade79574081031
session#35b6dd0b13bd/Show_movie.m	playmovie	146	Screen('PlayMovie', movie, 0);	FRAME_TIMING	83ade79574081031
session#35b6dd0b13bd/main.m	sync	4	Screen('Preference', 'SkipSyncTests', 0);	SCANNER_TRIGGER	1aab337d9f67bc7f
session#35b6dd0b13bd/main.m	results	16	%% check FOV script results that you have written down	SAVE_OPERATION	1aab337d9f67bc7f
session#35b6dd0b13bd/main.m	results	23	change_eye = 0; % you can change this parameter based on the results of FOV script	SAVE_OPERATION	1aab337d9f67bc7f
session#35b6dd0b13bd/main.m	trigger	26	% press t to start --> this comes from the trigger box	SCANNER_TRIGGER	1aab337d9f67bc7f
session#35b6dd0b13bd/main.m	results	40	"'\n Have you deleted the content of the Folder called ""Results""? ' ..."	SAVE_OPERATION	1aab337d9f67bc7f
session#35b6dd0b13bd/main.m	results	76	resultdir = 'Results';	SAVE_OPERATION	1aab337d9f67bc7f
session#35b6dd0b13bd/main.m	save(	80	save([resultdir '/' (t) '_Subject_is_' comment '_selected_run_id_' num2str(run_id)])	SAVE_OPERATION	1aab337d9f67bc7f
session#606599cdeaa8/Show_movie.m	sync	8	Screen('Preference', 'SkipSyncTests', 1);	SCANNER_TRIGGER	88923aeac42f475d
session#606599cdeaa8/Show_movie.m	screen('flip'	68	Screen('Flip', win);	PSYCHTOOLBOX_TIME	88923aeac42f475d
session#606599cdeaa8/Show_movie.m	forp	72	psychtoolbox_forp_id=0;	SCANNER_TRIGGER	88923aeac42f475d
session#606599cdeaa8/Show_movie.m	playmovie	81	Screen('PlayMovie', movie, 1);	FRAME_TIMING	88923aeac42f475d
session#606599cdeaa8/Show_movie.m	trigger	86	% only look for t as trigger	SCANNER_TRIGGER	88923aeac42f475d
session#606599cdeaa8/Show_movie.m	forp	87	KbQueueCreate(psychtoolbox_forp_id, keysOfInterest);	SCANNER_TRIGGER	88923aeac42f475d
session#606599cdeaa8/Show_movie.m	kbqueue	87	KbQueueCreate(psychtoolbox_forp_id, keysOfInterest);	SCANNER_TRIGGER	88923aeac42f475d
session#606599cdeaa8/Show_movie.m	kbqueue	88	KbQueueStart;	SCANNER_TRIGGER	88923aeac42f475d
session#606599cdeaa8/Show_movie.m	kbcheck	90	[keyPress, keyTime, keyID] = KbCheck(-1);	SCANNER_TRIGGER	88923aeac42f475d
session#606599cdeaa8/Show_movie.m	time	90	[keyPress, keyTime, keyID] = KbCheck(-1);	PSYCHTOOLBOX_TIME	88923aeac42f475d
session#606599cdeaa8/Show_movie.m	kbqueue	92	KbQueueWait	SCANNER_TRIGGER	88923aeac42f475d
session#606599cdeaa8/Show_movie.m	kbcheck	96	[keyIsDown,secs,keyCode]=KbCheck;	SCANNER_TRIGGER	88923aeac42f475d
session#606599cdeaa8/Show_movie.m	playmovie	100	Screen('PlayMovie', movie, 0);	FRAME_TIMING	88923aeac42f475d
session#606599cdeaa8/Show_movie.m	frame	109	% Wait for next movie frame, retrieve texture handle to it	FRAME_TIMING	88923aeac42f475d
session#606599cdeaa8/Show_movie.m	getmovieimage	111	tex = Screen('GetMovieImage', win, movie);	FRAME_TIMING	88923aeac42f475d
session#606599cdeaa8/Show_movie.m	screen('flip'	127	Screen('Flip', win);	PSYCHTOOLBOX_TIME	88923aeac42f475d
session#606599cdeaa8/Show_movie.m	playmovie	135	Screen('PlayMovie', movie, 0);	FRAME_TIMING	88923aeac42f475d
session#606599cdeaa8/main.m	results	4	%% check FOV script results that you have written down	SAVE_OPERATION	fa01b62dff72ec1d
session#606599cdeaa8/main.m	results	10	change_eye = 0; % you can change this parameter based on the results of FOV script	SAVE_OPERATION	fa01b62dff72ec1d
session#606599cdeaa8/main.m	trigger	13	% press t to start --> this comes from the trigger box	SCANNER_TRIGGER	fa01b62dff72ec1d
session#606599cdeaa8/main.m	results	27	"'\n Have you deleted the content of the Folder called ""Results""? ' ..."	SAVE_OPERATION	fa01b62dff72ec1d
session#606599cdeaa8/main.m	results	63	resultdir = './Results';	SAVE_OPERATION	fa01b62dff72ec1d
session#606599cdeaa8/main.m	save(	67	save([resultdir '/' (t) '_Subject_is_' comment '_selected_run_id_' num2str(run_id)])	SAVE_OPERATION	fa01b62dff72ec1d
session#0e7d9acdcd6e/Show_movie.m	sync	11	Screen('Preference', 'SkipSyncTests', 1);	SCANNER_TRIGGER	83ade79574081031
session#0e7d9acdcd6e/Show_movie.m	screen('flip'	75	Screen('Flip', win);	PSYCHTOOLBOX_TIME	83ade79574081031
session#0e7d9acdcd6e/Show_movie.m	forp	79	psychtoolbox_forp_id=0;	SCANNER_TRIGGER	83ade79574081031
session#0e7d9acdcd6e/Show_movie.m	playmovie	88	Screen('PlayMovie', movie, 1);	FRAME_TIMING	83ade79574081031
session#0e7d9acdcd6e/Show_movie.m	trigger	93	% only look for t as trigger	SCANNER_TRIGGER	83ade79574081031
session#0e7d9acdcd6e/Show_movie.m	forp	94	KbQueueCreate(psychtoolbox_forp_id, keysOfInterest);	SCANNER_TRIGGER	83ade79574081031
session#0e7d9acdcd6e/Show_movie.m	kbqueue	94	KbQueueCreate(psychtoolbox_forp_id, keysOfInterest);	SCANNER_TRIGGER	83ade79574081031
session#0e7d9acdcd6e/Show_movie.m	kbqueue	95	KbQueueStart;	SCANNER_TRIGGER	83ade79574081031
session#0e7d9acdcd6e/Show_movie.m	kbcheck	97	[keyPress, keyTime, keyID] = KbCheck(-1);	SCANNER_TRIGGER	83ade79574081031
session#0e7d9acdcd6e/Show_movie.m	time	97	[keyPress, keyTime, keyID] = KbCheck(-1);	PSYCHTOOLBOX_TIME	83ade79574081031
session#0e7d9acdcd6e/Show_movie.m	kbqueue	99	KbQueueWait	SCANNER_TRIGGER	83ade79574081031
session#0e7d9acdcd6e/Show_movie.m	kbcheck	103	[keyIsDown,secs,keyCode]=KbCheck;	SCANNER_TRIGGER	83ade79574081031
session#0e7d9acdcd6e/Show_movie.m	playmovie	107	Screen('PlayMovie', movie, 0);	FRAME_TIMING	83ade79574081031
session#0e7d9acdcd6e/Show_movie.m	frame	116	% Wait for next movie frame, retrieve texture handle to it	FRAME_TIMING	83ade79574081031
session#0e7d9acdcd6e/Show_movie.m	getmovieimage	118	tex = Screen('GetMovieImage', win, movie);	FRAME_TIMING	83ade79574081031
session#0e7d9acdcd6e/Show_movie.m	screen('flip'	138	Screen('Flip', win);	PSYCHTOOLBOX_TIME	83ade79574081031
session#0e7d9acdcd6e/Show_movie.m	playmovie	146	Screen('PlayMovie', movie, 0);	FRAME_TIMING	83ade79574081031
session#0e7d9acdcd6e/main.m	results	4	%% check FOV script results that you have written down	SAVE_OPERATION	fa01b62dff72ec1d
session#0e7d9acdcd6e/main.m	results	10	change_eye = 0; % you can change this parameter based on the results of FOV script	SAVE_OPERATION	fa01b62dff72ec1d
session#0e7d9acdcd6e/main.m	trigger	13	% press t to start --> this comes from the trigger box	SCANNER_TRIGGER	fa01b62dff72ec1d
session#0e7d9acdcd6e/main.m	results	27	"'\n Have you deleted the content of the Folder called ""Results""? ' ..."	SAVE_OPERATION	fa01b62dff72ec1d
session#0e7d9acdcd6e/main.m	results	63	resultdir = './Results';	SAVE_OPERATION	fa01b62dff72ec1d
session#0e7d9acdcd6e/main.m	save(	67	save([resultdir '/' (t) '_Subject_is_' comment '_selected_run_id_' num2str(run_id)])	SAVE_OPERATION	fa01b62dff72ec1d
session#65b1cd12b6cf/Show_movie.m	sync	11	Screen('Preference', 'SkipSyncTests', 1);	SCANNER_TRIGGER	83ade79574081031
session#65b1cd12b6cf/Show_movie.m	screen('flip'	75	Screen('Flip', win);	PSYCHTOOLBOX_TIME	83ade79574081031
session#65b1cd12b6cf/Show_movie.m	forp	79	psychtoolbox_forp_id=0;	SCANNER_TRIGGER	83ade79574081031
session#65b1cd12b6cf/Show_movie.m	playmovie	88	Screen('PlayMovie', movie, 1);	FRAME_TIMING	83ade79574081031
session#65b1cd12b6cf/Show_movie.m	trigger	93	% only look for t as trigger	SCANNER_TRIGGER	83ade79574081031
session#65b1cd12b6cf/Show_movie.m	forp	94	KbQueueCreate(psychtoolbox_forp_id, keysOfInterest);	SCANNER_TRIGGER	83ade79574081031
session#65b1cd12b6cf/Show_movie.m	kbqueue	94	KbQueueCreate(psychtoolbox_forp_id, keysOfInterest);	SCANNER_TRIGGER	83ade79574081031
session#65b1cd12b6cf/Show_movie.m	kbqueue	95	KbQueueStart;	SCANNER_TRIGGER	83ade79574081031
session#65b1cd12b6cf/Show_movie.m	kbcheck	97	[keyPress, keyTime, keyID] = KbCheck(-1);	SCANNER_TRIGGER	83ade79574081031
session#65b1cd12b6cf/Show_movie.m	time	97	[keyPress, keyTime, keyID] = KbCheck(-1);	PSYCHTOOLBOX_TIME	83ade79574081031
session#65b1cd12b6cf/Show_movie.m	kbqueue	99	KbQueueWait	SCANNER_TRIGGER	83ade79574081031
session#65b1cd12b6cf/Show_movie.m	kbcheck	103	[keyIsDown,secs,keyCode]=KbCheck;	SCANNER_TRIGGER	83ade79574081031
session#65b1cd12b6cf/Show_movie.m	playmovie	107	Screen('PlayMovie', movie, 0);	FRAME_TIMING	83ade79574081031
session#65b1cd12b6cf/Show_movie.m	frame	116	% Wait for next movie frame, retrieve texture handle to it	FRAME_TIMING	83ade79574081031
session#65b1cd12b6cf/Show_movie.m	getmovieimage	118	tex = Screen('GetMovieImage', win, movie);	FRAME_TIMING	83ade79574081031
session#65b1cd12b6cf/Show_movie.m	screen('flip'	138	Screen('Flip', win);	PSYCHTOOLBOX_TIME	83ade79574081031
session#65b1cd12b6cf/Show_movie.m	playmovie	146	Screen('PlayMovie', movie, 0);	FRAME_TIMING	83ade79574081031
session#65b1cd12b6cf/main.m	sync	4	Screen('Preference', 'SkipSyncTests', 0);	SCANNER_TRIGGER	1aab337d9f67bc7f
session#65b1cd12b6cf/main.m	results	16	%% check FOV script results that you have written down	SAVE_OPERATION	1aab337d9f67bc7f
session#65b1cd12b6cf/main.m	results	23	change_eye = 0; % you can change this parameter based on the results of FOV script	SAVE_OPERATION	1aab337d9f67bc7f
session#65b1cd12b6cf/main.m	trigger	26	% press t to start --> this comes from the trigger box	SCANNER_TRIGGER	1aab337d9f67bc7f
session#65b1cd12b6cf/main.m	results	40	"'\n Have you deleted the content of the Folder called ""Results""? ' ..."	SAVE_OPERATION	1aab337d9f67bc7f
session#65b1cd12b6cf/main.m	results	76	resultdir = 'Results';	SAVE_OPERATION	1aab337d9f67bc7f
session#65b1cd12b6cf/main.m	save(	80	save([resultdir '/' (t) '_Subject_is_' comment '_selected_run_id_' num2str(run_id)])	SAVE_OPERATION	1aab337d9f67bc7f
session#c1bc939d9526/Show_movie.m	sync	8	Screen('Preference', 'SkipSyncTests', 1);	SCANNER_TRIGGER	88923aeac42f475d
session#c1bc939d9526/Show_movie.m	screen('flip'	68	Screen('Flip', win);	PSYCHTOOLBOX_TIME	88923aeac42f475d
session#c1bc939d9526/Show_movie.m	forp	72	psychtoolbox_forp_id=0;	SCANNER_TRIGGER	88923aeac42f475d
session#c1bc939d9526/Show_movie.m	playmovie	81	Screen('PlayMovie', movie, 1);	FRAME_TIMING	88923aeac42f475d
session#c1bc939d9526/Show_movie.m	trigger	86	% only look for t as trigger	SCANNER_TRIGGER	88923aeac42f475d
session#c1bc939d9526/Show_movie.m	forp	87	KbQueueCreate(psychtoolbox_forp_id, keysOfInterest);	SCANNER_TRIGGER	88923aeac42f475d
session#c1bc939d9526/Show_movie.m	kbqueue	87	KbQueueCreate(psychtoolbox_forp_id, keysOfInterest);	SCANNER_TRIGGER	88923aeac42f475d
session#c1bc939d9526/Show_movie.m	kbqueue	88	KbQueueStart;	SCANNER_TRIGGER	88923aeac42f475d
session#c1bc939d9526/Show_movie.m	kbcheck	90	[keyPress, keyTime, keyID] = KbCheck(-1);	SCANNER_TRIGGER	88923aeac42f475d
session#c1bc939d9526/Show_movie.m	time	90	[keyPress, keyTime, keyID] = KbCheck(-1);	PSYCHTOOLBOX_TIME	88923aeac42f475d
session#c1bc939d9526/Show_movie.m	kbqueue	92	KbQueueWait	SCANNER_TRIGGER	88923aeac42f475d
session#c1bc939d9526/Show_movie.m	kbcheck	96	[keyIsDown,secs,keyCode]=KbCheck;	SCANNER_TRIGGER	88923aeac42f475d
session#c1bc939d9526/Show_movie.m	playmovie	100	Screen('PlayMovie', movie, 0);	FRAME_TIMING	88923aeac42f475d
session#c1bc939d9526/Show_movie.m	frame	109	% Wait for next movie frame, retrieve texture handle to it	FRAME_TIMING	88923aeac42f475d
session#c1bc939d9526/Show_movie.m	getmovieimage	111	tex = Screen('GetMovieImage', win, movie);	FRAME_TIMING	88923aeac42f475d
session#c1bc939d9526/Show_movie.m	screen('flip'	127	Screen('Flip', win);	PSYCHTOOLBOX_TIME	88923aeac42f475d
session#c1bc939d9526/Show_movie.m	playmovie	135	Screen('PlayMovie', movie, 0);	FRAME_TIMING	88923aeac42f475d
session#c1bc939d9526/main.m	results	4	%% check FOV script results that you have written down	SAVE_OPERATION	fa01b62dff72ec1d
session#c1bc939d9526/main.m	results	10	change_eye = 0; % you can change this parameter based on the results of FOV script	SAVE_OPERATION	fa01b62dff72ec1d
session#c1bc939d9526/main.m	trigger	13	% press t to start --> this comes from the trigger box	SCANNER_TRIGGER	fa01b62dff72ec1d
session#c1bc939d9526/main.m	results	27	"'\n Have you deleted the content of the Folder called ""Results""? ' ..."	SAVE_OPERATION	fa01b62dff72ec1d
session#c1bc939d9526/main.m	results	63	resultdir = './Results';	SAVE_OPERATION	fa01b62dff72ec1d
session#c1bc939d9526/main.m	save(	67	save([resultdir '/' (t) '_Subject_is_' comment '_selected_run_id_' num2str(run_id)])	SAVE_OPERATION	fa01b62dff72ec1d
session#71421134f817/Show_movie.m	sync	11	Screen('Preference', 'SkipSyncTests', 1);	SCANNER_TRIGGER	83ade79574081031
session#71421134f817/Show_movie.m	screen('flip'	75	Screen('Flip', win);	PSYCHTOOLBOX_TIME	83ade79574081031
session#71421134f817/Show_movie.m	forp	79	psychtoolbox_forp_id=0;	SCANNER_TRIGGER	83ade79574081031
session#71421134f817/Show_movie.m	playmovie	88	Screen('PlayMovie', movie, 1);	FRAME_TIMING	83ade79574081031
session#71421134f817/Show_movie.m	trigger	93	% only look for t as trigger	SCANNER_TRIGGER	83ade79574081031
session#71421134f817/Show_movie.m	forp	94	KbQueueCreate(psychtoolbox_forp_id, keysOfInterest);	SCANNER_TRIGGER	83ade79574081031
session#71421134f817/Show_movie.m	kbqueue	94	KbQueueCreate(psychtoolbox_forp_id, keysOfInterest);	SCANNER_TRIGGER	83ade79574081031
session#71421134f817/Show_movie.m	kbqueue	95	KbQueueStart;	SCANNER_TRIGGER	83ade79574081031
session#71421134f817/Show_movie.m	kbcheck	97	[keyPress, keyTime, keyID] = KbCheck(-1);	SCANNER_TRIGGER	83ade79574081031
session#71421134f817/Show_movie.m	time	97	[keyPress, keyTime, keyID] = KbCheck(-1);	PSYCHTOOLBOX_TIME	83ade79574081031
session#71421134f817/Show_movie.m	kbqueue	99	KbQueueWait	SCANNER_TRIGGER	83ade79574081031
session#71421134f817/Show_movie.m	kbcheck	103	[keyIsDown,secs,keyCode]=KbCheck;	SCANNER_TRIGGER	83ade79574081031
session#71421134f817/Show_movie.m	playmovie	107	Screen('PlayMovie', movie, 0);	FRAME_TIMING	83ade79574081031
session#71421134f817/Show_movie.m	frame	116	% Wait for next movie frame, retrieve texture handle to it	FRAME_TIMING	83ade79574081031
session#71421134f817/Show_movie.m	getmovieimage	118	tex = Screen('GetMovieImage', win, movie);	FRAME_TIMING	83ade79574081031
session#71421134f817/Show_movie.m	screen('flip'	138	Screen('Flip', win);	PSYCHTOOLBOX_TIME	83ade79574081031
session#71421134f817/Show_movie.m	playmovie	146	Screen('PlayMovie', movie, 0);	FRAME_TIMING	83ade79574081031
session#71421134f817/main.m	results	4	%% check FOV script results that you have written down	SAVE_OPERATION	fa01b62dff72ec1d
session#71421134f817/main.m	results	10	change_eye = 0; % you can change this parameter based on the results of FOV script	SAVE_OPERATION	fa01b62dff72ec1d
session#71421134f817/main.m	trigger	13	% press t to start --> this comes from the trigger box	SCANNER_TRIGGER	fa01b62dff72ec1d
session#71421134f817/main.m	results	27	"'\n Have you deleted the content of the Folder called ""Results""? ' ..."	SAVE_OPERATION	fa01b62dff72ec1d
session#71421134f817/main.m	results	63	resultdir = './Results';	SAVE_OPERATION	fa01b62dff72ec1d
session#71421134f817/main.m	save(	67	save([resultdir '/' (t) '_Subject_is_' comment '_selected_run_id_' num2str(run_id)])	SAVE_OPERATION	fa01b62dff72ec1d
session#28110e716cd6/Show_movie.m	sync	11	Screen('Preference', 'SkipSyncTests', 1);	SCANNER_TRIGGER	83ade79574081031
session#28110e716cd6/Show_movie.m	screen('flip'	75	Screen('Flip', win);	PSYCHTOOLBOX_TIME	83ade79574081031
session#28110e716cd6/Show_movie.m	forp	79	psychtoolbox_forp_id=0;	SCANNER_TRIGGER	83ade79574081031
session#28110e716cd6/Show_movie.m	playmovie	88	Screen('PlayMovie', movie, 1);	FRAME_TIMING	83ade79574081031
session#28110e716cd6/Show_movie.m	trigger	93	% only look for t as trigger	SCANNER_TRIGGER	83ade79574081031
session#28110e716cd6/Show_movie.m	forp	94	KbQueueCreate(psychtoolbox_forp_id, keysOfInterest);	SCANNER_TRIGGER	83ade79574081031
session#28110e716cd6/Show_movie.m	kbqueue	94	KbQueueCreate(psychtoolbox_forp_id, keysOfInterest);	SCANNER_TRIGGER	83ade79574081031
session#28110e716cd6/Show_movie.m	kbqueue	95	KbQueueStart;	SCANNER_TRIGGER	83ade79574081031
session#28110e716cd6/Show_movie.m	kbcheck	97	[keyPress, keyTime, keyID] = KbCheck(-1);	SCANNER_TRIGGER	83ade79574081031
session#28110e716cd6/Show_movie.m	time	97	[keyPress, keyTime, keyID] = KbCheck(-1);	PSYCHTOOLBOX_TIME	83ade79574081031
session#28110e716cd6/Show_movie.m	kbqueue	99	KbQueueWait	SCANNER_TRIGGER	83ade79574081031
session#28110e716cd6/Show_movie.m	kbcheck	103	[keyIsDown,secs,keyCode]=KbCheck;	SCANNER_TRIGGER	83ade79574081031
session#28110e716cd6/Show_movie.m	playmovie	107	Screen('PlayMovie', movie, 0);	FRAME_TIMING	83ade79574081031
session#28110e716cd6/Show_movie.m	frame	116	% Wait for next movie frame, retrieve texture handle to it	FRAME_TIMING	83ade79574081031
session#28110e716cd6/Show_movie.m	getmovieimage	118	tex = Screen('GetMovieImage', win, movie);	FRAME_TIMING	83ade79574081031
session#28110e716cd6/Show_movie.m	screen('flip'	138	Screen('Flip', win);	PSYCHTOOLBOX_TIME	83ade79574081031
session#28110e716cd6/Show_movie.m	playmovie	146	Screen('PlayMovie', movie, 0);	FRAME_TIMING	83ade79574081031
session#28110e716cd6/main.m	sync	4	Screen('Preference', 'SkipSyncTests', 0);	SCANNER_TRIGGER	1aab337d9f67bc7f
session#28110e716cd6/main.m	results	16	%% check FOV script results that you have written down	SAVE_OPERATION	1aab337d9f67bc7f
session#28110e716cd6/main.m	results	23	change_eye = 0; % you can change this parameter based on the results of FOV script	SAVE_OPERATION	1aab337d9f67bc7f
session#28110e716cd6/main.m	trigger	26	% press t to start --> this comes from the trigger box	SCANNER_TRIGGER	1aab337d9f67bc7f
session#28110e716cd6/main.m	results	40	"'\n Have you deleted the content of the Folder called ""Results""? ' ..."	SAVE_OPERATION	1aab337d9f67bc7f
session#28110e716cd6/main.m	results	76	resultdir = 'Results';	SAVE_OPERATION	1aab337d9f67bc7f
session#28110e716cd6/main.m	save(	80	save([resultdir '/' (t) '_Subject_is_' comment '_selected_run_id_' num2str(run_id)])	SAVE_OPERATION	1aab337d9f67bc7f
session#0ea51d4a29fa/Show_movie.m	sync	8	Screen('Preference', 'SkipSyncTests', 1);	SCANNER_TRIGGER	88923aeac42f475d
session#0ea51d4a29fa/Show_movie.m	screen('flip'	68	Screen('Flip', win);	PSYCHTOOLBOX_TIME	88923aeac42f475d
session#0ea51d4a29fa/Show_movie.m	forp	72	psychtoolbox_forp_id=0;	SCANNER_TRIGGER	88923aeac42f475d
session#0ea51d4a29fa/Show_movie.m	playmovie	81	Screen('PlayMovie', movie, 1);	FRAME_TIMING	88923aeac42f475d
session#0ea51d4a29fa/Show_movie.m	trigger	86	% only look for t as trigger	SCANNER_TRIGGER	88923aeac42f475d
session#0ea51d4a29fa/Show_movie.m	forp	87	KbQueueCreate(psychtoolbox_forp_id, keysOfInterest);	SCANNER_TRIGGER	88923aeac42f475d
session#0ea51d4a29fa/Show_movie.m	kbqueue	87	KbQueueCreate(psychtoolbox_forp_id, keysOfInterest);	SCANNER_TRIGGER	88923aeac42f475d
session#0ea51d4a29fa/Show_movie.m	kbqueue	88	KbQueueStart;	SCANNER_TRIGGER	88923aeac42f475d
session#0ea51d4a29fa/Show_movie.m	kbcheck	90	[keyPress, keyTime, keyID] = KbCheck(-1);	SCANNER_TRIGGER	88923aeac42f475d
session#0ea51d4a29fa/Show_movie.m	time	90	[keyPress, keyTime, keyID] = KbCheck(-1);	PSYCHTOOLBOX_TIME	88923aeac42f475d
session#0ea51d4a29fa/Show_movie.m	kbqueue	92	KbQueueWait	SCANNER_TRIGGER	88923aeac42f475d
session#0ea51d4a29fa/Show_movie.m	kbcheck	96	[keyIsDown,secs,keyCode]=KbCheck;	SCANNER_TRIGGER	88923aeac42f475d
session#0ea51d4a29fa/Show_movie.m	playmovie	100	Screen('PlayMovie', movie, 0);	FRAME_TIMING	88923aeac42f475d
session#0ea51d4a29fa/Show_movie.m	frame	109	% Wait for next movie frame, retrieve texture handle to it	FRAME_TIMING	88923aeac42f475d
session#0ea51d4a29fa/Show_movie.m	getmovieimage	111	tex = Screen('GetMovieImage', win, movie);	FRAME_TIMING	88923aeac42f475d
session#0ea51d4a29fa/Show_movie.m	screen('flip'	127	Screen('Flip', win);	PSYCHTOOLBOX_TIME	88923aeac42f475d
session#0ea51d4a29fa/Show_movie.m	playmovie	135	Screen('PlayMovie', movie, 0);	FRAME_TIMING	88923aeac42f475d
session#0ea51d4a29fa/main.m	results	4	%% check FOV script results that you have written down	SAVE_OPERATION	fa01b62dff72ec1d
session#0ea51d4a29fa/main.m	results	10	change_eye = 0; % you can change this parameter based on the results of FOV script	SAVE_OPERATION	fa01b62dff72ec1d
session#0ea51d4a29fa/main.m	trigger	13	% press t to start --> this comes from the trigger box	SCANNER_TRIGGER	fa01b62dff72ec1d
session#0ea51d4a29fa/main.m	results	27	"'\n Have you deleted the content of the Folder called ""Results""? ' ..."	SAVE_OPERATION	fa01b62dff72ec1d
session#0ea51d4a29fa/main.m	results	63	resultdir = './Results';	SAVE_OPERATION	fa01b62dff72ec1d
session#0ea51d4a29fa/main.m	save(	67	save([resultdir '/' (t) '_Subject_is_' comment '_selected_run_id_' num2str(run_id)])	SAVE_OPERATION	fa01b62dff72ec1d
session#5bf23ee4b484/Show_movie.m	sync	11	Screen('Preference', 'SkipSyncTests', 1);	SCANNER_TRIGGER	83ade79574081031
session#5bf23ee4b484/Show_movie.m	screen('flip'	75	Screen('Flip', win);	PSYCHTOOLBOX_TIME	83ade79574081031
session#5bf23ee4b484/Show_movie.m	forp	79	psychtoolbox_forp_id=0;	SCANNER_TRIGGER	83ade79574081031
session#5bf23ee4b484/Show_movie.m	playmovie	88	Screen('PlayMovie', movie, 1);	FRAME_TIMING	83ade79574081031
session#5bf23ee4b484/Show_movie.m	trigger	93	% only look for t as trigger	SCANNER_TRIGGER	83ade79574081031
session#5bf23ee4b484/Show_movie.m	forp	94	KbQueueCreate(psychtoolbox_forp_id, keysOfInterest);	SCANNER_TRIGGER	83ade79574081031
session#5bf23ee4b484/Show_movie.m	kbqueue	94	KbQueueCreate(psychtoolbox_forp_id, keysOfInterest);	SCANNER_TRIGGER	83ade79574081031
session#5bf23ee4b484/Show_movie.m	kbqueue	95	KbQueueStart;	SCANNER_TRIGGER	83ade79574081031
session#5bf23ee4b484/Show_movie.m	kbcheck	97	[keyPress, keyTime, keyID] = KbCheck(-1);	SCANNER_TRIGGER	83ade79574081031
session#5bf23ee4b484/Show_movie.m	time	97	[keyPress, keyTime, keyID] = KbCheck(-1);	PSYCHTOOLBOX_TIME	83ade79574081031
session#5bf23ee4b484/Show_movie.m	kbqueue	99	KbQueueWait	SCANNER_TRIGGER	83ade79574081031
session#5bf23ee4b484/Show_movie.m	kbcheck	103	[keyIsDown,secs,keyCode]=KbCheck;	SCANNER_TRIGGER	83ade79574081031
session#5bf23ee4b484/Show_movie.m	playmovie	107	Screen('PlayMovie', movie, 0);	FRAME_TIMING	83ade79574081031
session#5bf23ee4b484/Show_movie.m	frame	116	% Wait for next movie frame, retrieve texture handle to it	FRAME_TIMING	83ade79574081031
session#5bf23ee4b484/Show_movie.m	getmovieimage	118	tex = Screen('GetMovieImage', win, movie);	FRAME_TIMING	83ade79574081031
session#5bf23ee4b484/Show_movie.m	screen('flip'	138	Screen('Flip', win);	PSYCHTOOLBOX_TIME	83ade79574081031
session#5bf23ee4b484/Show_movie.m	playmovie	146	Screen('PlayMovie', movie, 0);	FRAME_TIMING	83ade79574081031
session#5bf23ee4b484/main.m	results	4	%% check FOV script results that you have written down	SAVE_OPERATION	fa01b62dff72ec1d
session#5bf23ee4b484/main.m	results	10	change_eye = 0; % you can change this parameter based on the results of FOV script	SAVE_OPERATION	fa01b62dff72ec1d
session#5bf23ee4b484/main.m	trigger	13	% press t to start --> this comes from the trigger box	SCANNER_TRIGGER	fa01b62dff72ec1d
session#5bf23ee4b484/main.m	results	27	"'\n Have you deleted the content of the Folder called ""Results""? ' ..."	SAVE_OPERATION	fa01b62dff72ec1d
session#5bf23ee4b484/main.m	results	63	resultdir = './Results';	SAVE_OPERATION	fa01b62dff72ec1d
session#5bf23ee4b484/main.m	save(	67	save([resultdir '/' (t) '_Subject_is_' comment '_selected_run_id_' num2str(run_id)])	SAVE_OPERATION	fa01b62dff72ec1d
session#d8dad087813b/Show_movie.m	sync	11	Screen('Preference', 'SkipSyncTests', 1);	SCANNER_TRIGGER	83ade79574081031
session#d8dad087813b/Show_movie.m	screen('flip'	75	Screen('Flip', win);	PSYCHTOOLBOX_TIME	83ade79574081031
session#d8dad087813b/Show_movie.m	forp	79	psychtoolbox_forp_id=0;	SCANNER_TRIGGER	83ade79574081031
session#d8dad087813b/Show_movie.m	playmovie	88	Screen('PlayMovie', movie, 1);	FRAME_TIMING	83ade79574081031
session#d8dad087813b/Show_movie.m	trigger	93	% only look for t as trigger	SCANNER_TRIGGER	83ade79574081031
session#d8dad087813b/Show_movie.m	forp	94	KbQueueCreate(psychtoolbox_forp_id, keysOfInterest);	SCANNER_TRIGGER	83ade79574081031
session#d8dad087813b/Show_movie.m	kbqueue	94	KbQueueCreate(psychtoolbox_forp_id, keysOfInterest);	SCANNER_TRIGGER	83ade79574081031
session#d8dad087813b/Show_movie.m	kbqueue	95	KbQueueStart;	SCANNER_TRIGGER	83ade79574081031
session#d8dad087813b/Show_movie.m	kbcheck	97	[keyPress, keyTime, keyID] = KbCheck(-1);	SCANNER_TRIGGER	83ade79574081031
session#d8dad087813b/Show_movie.m	time	97	[keyPress, keyTime, keyID] = KbCheck(-1);	PSYCHTOOLBOX_TIME	83ade79574081031
session#d8dad087813b/Show_movie.m	kbqueue	99	KbQueueWait	SCANNER_TRIGGER	83ade79574081031
session#d8dad087813b/Show_movie.m	kbcheck	103	[keyIsDown,secs,keyCode]=KbCheck;	SCANNER_TRIGGER	83ade79574081031
session#d8dad087813b/Show_movie.m	playmovie	107	Screen('PlayMovie', movie, 0);	FRAME_TIMING	83ade79574081031
session#d8dad087813b/Show_movie.m	frame	116	% Wait for next movie frame, retrieve texture handle to it	FRAME_TIMING	83ade79574081031
session#d8dad087813b/Show_movie.m	getmovieimage	118	tex = Screen('GetMovieImage', win, movie);	FRAME_TIMING	83ade79574081031
session#d8dad087813b/Show_movie.m	screen('flip'	138	Screen('Flip', win);	PSYCHTOOLBOX_TIME	83ade79574081031
session#d8dad087813b/Show_movie.m	playmovie	146	Screen('PlayMovie', movie, 0);	FRAME_TIMING	83ade79574081031
session#d8dad087813b/main.m	sync	4	Screen('Preference', 'SkipSyncTests', 0);	SCANNER_TRIGGER	1aab337d9f67bc7f
session#d8dad087813b/main.m	results	16	%% check FOV script results that you have written down	SAVE_OPERATION	1aab337d9f67bc7f
session#d8dad087813b/main.m	results	23	change_eye = 0; % you can change this parameter based on the results of FOV script	SAVE_OPERATION	1aab337d9f67bc7f
session#d8dad087813b/main.m	trigger	26	% press t to start --> this comes from the trigger box	SCANNER_TRIGGER	1aab337d9f67bc7f
session#d8dad087813b/main.m	results	40	"'\n Have you deleted the content of the Folder called ""Results""? ' ..."	SAVE_OPERATION	1aab337d9f67bc7f
session#d8dad087813b/main.m	results	76	resultdir = 'Results';	SAVE_OPERATION	1aab337d9f67bc7f
session#d8dad087813b/main.m	save(	80	save([resultdir '/' (t) '_Subject_is_' comment '_selected_run_id_' num2str(run_id)])	SAVE_OPERATION	1aab337d9f67bc7f
session#98ddf7150d93/Show_movie.m	sync	11	Screen('Preference', 'SkipSyncTests', 1);	SCANNER_TRIGGER	eb9dc42739c61be2
session#98ddf7150d93/Show_movie.m	screen('flip'	75	Screen('Flip', win);	PSYCHTOOLBOX_TIME	eb9dc42739c61be2
session#98ddf7150d93/Show_movie.m	forp	79	psychtoolbox_forp_id=0;	SCANNER_TRIGGER	eb9dc42739c61be2
session#98ddf7150d93/Show_movie.m	playmovie	88	Screen('PlayMovie', movie, 1);	FRAME_TIMING	eb9dc42739c61be2
session#98ddf7150d93/Show_movie.m	trigger	93	% only look for t as trigger	SCANNER_TRIGGER	eb9dc42739c61be2
session#98ddf7150d93/Show_movie.m	forp	94	KbQueueCreate(psychtoolbox_forp_id, keysOfInterest);	SCANNER_TRIGGER	eb9dc42739c61be2
session#98ddf7150d93/Show_movie.m	kbqueue	94	KbQueueCreate(psychtoolbox_forp_id, keysOfInterest);	SCANNER_TRIGGER	eb9dc42739c61be2
session#98ddf7150d93/Show_movie.m	kbqueue	95	KbQueueStart;	SCANNER_TRIGGER	eb9dc42739c61be2
session#98ddf7150d93/Show_movie.m	kbcheck	97	[keyPress, keyTime, keyID] = KbCheck(-1);	SCANNER_TRIGGER	eb9dc42739c61be2
session#98ddf7150d93/Show_movie.m	time	97	[keyPress, keyTime, keyID] = KbCheck(-1);	PSYCHTOOLBOX_TIME	eb9dc42739c61be2
session#98ddf7150d93/Show_movie.m	kbqueue	99	KbQueueWait	SCANNER_TRIGGER	eb9dc42739c61be2
session#98ddf7150d93/Show_movie.m	kbcheck	103	[keyIsDown,secs,keyCode]=KbCheck;	SCANNER_TRIGGER	eb9dc42739c61be2
session#98ddf7150d93/Show_movie.m	playmovie	107	Screen('PlayMovie', movie, 0);	FRAME_TIMING	eb9dc42739c61be2
session#98ddf7150d93/Show_movie.m	frame	116	% Wait for next movie frame, retrieve texture handle to it	FRAME_TIMING	eb9dc42739c61be2
session#98ddf7150d93/Show_movie.m	getmovieimage	118	tex = Screen('GetMovieImage', win, movie);	FRAME_TIMING	eb9dc42739c61be2
session#98ddf7150d93/Show_movie.m	screen('flip'	138	Screen('Flip', win);	PSYCHTOOLBOX_TIME	eb9dc42739c61be2
session#98ddf7150d93/Show_movie.m	playmovie	146	Screen('PlayMovie', movie, 0);	FRAME_TIMING	eb9dc42739c61be2
session#98ddf7150d93/main.m	results	4	%% check FOV script results that you have written down	SAVE_OPERATION	8a7291c3500c9452
session#98ddf7150d93/main.m	results	10	change_eye = 0; % you can change this parameter based on the results of FOV script	SAVE_OPERATION	8a7291c3500c9452
session#98ddf7150d93/main.m	trigger	13	% press t to start --> this comes from the trigger box	SCANNER_TRIGGER	8a7291c3500c9452
session#98ddf7150d93/main.m	results	27	"'\n Have you deleted the content of the Folder called ""Results""? ' ..."	SAVE_OPERATION	8a7291c3500c9452
session#98ddf7150d93/main.m	results	63	resultdir = 'Results';	SAVE_OPERATION	8a7291c3500c9452
session#98ddf7150d93/main.m	save(	67	save([resultdir '/' (t) '_Subject_is_' comment '_selected_run_id_' num2str(run_id)])	SAVE_OPERATION	8a7291c3500c9452
session#f27923bc6532/Show_movie.m	sync	8	Screen('Preference', 'SkipSyncTests', 1);	SCANNER_TRIGGER	88923aeac42f475d
session#f27923bc6532/Show_movie.m	screen('flip'	68	Screen('Flip', win);	PSYCHTOOLBOX_TIME	88923aeac42f475d
session#f27923bc6532/Show_movie.m	forp	72	psychtoolbox_forp_id=0;	SCANNER_TRIGGER	88923aeac42f475d
session#f27923bc6532/Show_movie.m	playmovie	81	Screen('PlayMovie', movie, 1);	FRAME_TIMING	88923aeac42f475d
session#f27923bc6532/Show_movie.m	trigger	86	% only look for t as trigger	SCANNER_TRIGGER	88923aeac42f475d
session#f27923bc6532/Show_movie.m	forp	87	KbQueueCreate(psychtoolbox_forp_id, keysOfInterest);	SCANNER_TRIGGER	88923aeac42f475d
session#f27923bc6532/Show_movie.m	kbqueue	87	KbQueueCreate(psychtoolbox_forp_id, keysOfInterest);	SCANNER_TRIGGER	88923aeac42f475d
session#f27923bc6532/Show_movie.m	kbqueue	88	KbQueueStart;	SCANNER_TRIGGER	88923aeac42f475d
session#f27923bc6532/Show_movie.m	kbcheck	90	[keyPress, keyTime, keyID] = KbCheck(-1);	SCANNER_TRIGGER	88923aeac42f475d
session#f27923bc6532/Show_movie.m	time	90	[keyPress, keyTime, keyID] = KbCheck(-1);	PSYCHTOOLBOX_TIME	88923aeac42f475d
session#f27923bc6532/Show_movie.m	kbqueue	92	KbQueueWait	SCANNER_TRIGGER	88923aeac42f475d
session#f27923bc6532/Show_movie.m	kbcheck	96	[keyIsDown,secs,keyCode]=KbCheck;	SCANNER_TRIGGER	88923aeac42f475d
session#f27923bc6532/Show_movie.m	playmovie	100	Screen('PlayMovie', movie, 0);	FRAME_TIMING	88923aeac42f475d
session#f27923bc6532/Show_movie.m	frame	109	% Wait for next movie frame, retrieve texture handle to it	FRAME_TIMING	88923aeac42f475d
session#f27923bc6532/Show_movie.m	getmovieimage	111	tex = Screen('GetMovieImage', win, movie);	FRAME_TIMING	88923aeac42f475d
session#f27923bc6532/Show_movie.m	screen('flip'	127	Screen('Flip', win);	PSYCHTOOLBOX_TIME	88923aeac42f475d
session#f27923bc6532/Show_movie.m	playmovie	135	Screen('PlayMovie', movie, 0);	FRAME_TIMING	88923aeac42f475d
session#f27923bc6532/main.m	results	4	%% check FOV script results that you have written down	SAVE_OPERATION	fa01b62dff72ec1d
session#f27923bc6532/main.m	results	10	change_eye = 0; % you can change this parameter based on the results of FOV script	SAVE_OPERATION	fa01b62dff72ec1d
session#f27923bc6532/main.m	trigger	13	% press t to start --> this comes from the trigger box	SCANNER_TRIGGER	fa01b62dff72ec1d
session#f27923bc6532/main.m	results	27	"'\n Have you deleted the content of the Folder called ""Results""? ' ..."	SAVE_OPERATION	fa01b62dff72ec1d
session#f27923bc6532/main.m	results	63	resultdir = './Results';	SAVE_OPERATION	fa01b62dff72ec1d
session#f27923bc6532/main.m	save(	67	save([resultdir '/' (t) '_Subject_is_' comment '_selected_run_id_' num2str(run_id)])	SAVE_OPERATION	fa01b62dff72ec1d
session#e623afe8c102/Show_movie.m	sync	11	Screen('Preference', 'SkipSyncTests', 1);	SCANNER_TRIGGER	83ade79574081031
session#e623afe8c102/Show_movie.m	screen('flip'	75	Screen('Flip', win);	PSYCHTOOLBOX_TIME	83ade79574081031
session#e623afe8c102/Show_movie.m	forp	79	psychtoolbox_forp_id=0;	SCANNER_TRIGGER	83ade79574081031
session#e623afe8c102/Show_movie.m	playmovie	88	Screen('PlayMovie', movie, 1);	FRAME_TIMING	83ade79574081031
session#e623afe8c102/Show_movie.m	trigger	93	% only look for t as trigger	SCANNER_TRIGGER	83ade79574081031
session#e623afe8c102/Show_movie.m	forp	94	KbQueueCreate(psychtoolbox_forp_id, keysOfInterest);	SCANNER_TRIGGER	83ade79574081031
session#e623afe8c102/Show_movie.m	kbqueue	94	KbQueueCreate(psychtoolbox_forp_id, keysOfInterest);	SCANNER_TRIGGER	83ade79574081031
session#e623afe8c102/Show_movie.m	kbqueue	95	KbQueueStart;	SCANNER_TRIGGER	83ade79574081031
session#e623afe8c102/Show_movie.m	kbcheck	97	[keyPress, keyTime, keyID] = KbCheck(-1);	SCANNER_TRIGGER	83ade79574081031
session#e623afe8c102/Show_movie.m	time	97	[keyPress, keyTime, keyID] = KbCheck(-1);	PSYCHTOOLBOX_TIME	83ade79574081031
session#e623afe8c102/Show_movie.m	kbqueue	99	KbQueueWait	SCANNER_TRIGGER	83ade79574081031
session#e623afe8c102/Show_movie.m	kbcheck	103	[keyIsDown,secs,keyCode]=KbCheck;	SCANNER_TRIGGER	83ade79574081031
session#e623afe8c102/Show_movie.m	playmovie	107	Screen('PlayMovie', movie, 0);	FRAME_TIMING	83ade79574081031
session#e623afe8c102/Show_movie.m	frame	116	% Wait for next movie frame, retrieve texture handle to it	FRAME_TIMING	83ade79574081031
session#e623afe8c102/Show_movie.m	getmovieimage	118	tex = Screen('GetMovieImage', win, movie);	FRAME_TIMING	83ade79574081031
session#e623afe8c102/Show_movie.m	screen('flip'	138	Screen('Flip', win);	PSYCHTOOLBOX_TIME	83ade79574081031
session#e623afe8c102/Show_movie.m	playmovie	146	Screen('PlayMovie', movie, 0);	FRAME_TIMING	83ade79574081031
session#e623afe8c102/main.m	sync	4	Screen('Preference', 'SkipSyncTests', 0);	SCANNER_TRIGGER	1aab337d9f67bc7f
session#e623afe8c102/main.m	results	16	%% check FOV script results that you have written down	SAVE_OPERATION	1aab337d9f67bc7f
session#e623afe8c102/main.m	results	23	change_eye = 0; % you can change this parameter based on the results of FOV script	SAVE_OPERATION	1aab337d9f67bc7f
session#e623afe8c102/main.m	trigger	26	% press t to start --> this comes from the trigger box	SCANNER_TRIGGER	1aab337d9f67bc7f
session#e623afe8c102/main.m	results	40	"'\n Have you deleted the content of the Folder called ""Results""? ' ..."	SAVE_OPERATION	1aab337d9f67bc7f
session#e623afe8c102/main.m	results	76	resultdir = 'Results';	SAVE_OPERATION	1aab337d9f67bc7f
session#e623afe8c102/main.m	save(	80	save([resultdir '/' (t) '_Subject_is_' comment '_selected_run_id_' num2str(run_id)])	SAVE_OPERATION	1aab337d9f67bc7f
session#4e400900addc/Show_movie.m	sync	11	Screen('Preference', 'SkipSyncTests', 1);	SCANNER_TRIGGER	83ade79574081031
session#4e400900addc/Show_movie.m	screen('flip'	75	Screen('Flip', win);	PSYCHTOOLBOX_TIME	83ade79574081031
session#4e400900addc/Show_movie.m	forp	79	psychtoolbox_forp_id=0;	SCANNER_TRIGGER	83ade79574081031
session#4e400900addc/Show_movie.m	playmovie	88	Screen('PlayMovie', movie, 1);	FRAME_TIMING	83ade79574081031
session#4e400900addc/Show_movie.m	trigger	93	% only look for t as trigger	SCANNER_TRIGGER	83ade79574081031
session#4e400900addc/Show_movie.m	forp	94	KbQueueCreate(psychtoolbox_forp_id, keysOfInterest);	SCANNER_TRIGGER	83ade79574081031
session#4e400900addc/Show_movie.m	kbqueue	94	KbQueueCreate(psychtoolbox_forp_id, keysOfInterest);	SCANNER_TRIGGER	83ade79574081031
session#4e400900addc/Show_movie.m	kbqueue	95	KbQueueStart;	SCANNER_TRIGGER	83ade79574081031
session#4e400900addc/Show_movie.m	kbcheck	97	[keyPress, keyTime, keyID] = KbCheck(-1);	SCANNER_TRIGGER	83ade79574081031
session#4e400900addc/Show_movie.m	time	97	[keyPress, keyTime, keyID] = KbCheck(-1);	PSYCHTOOLBOX_TIME	83ade79574081031
session#4e400900addc/Show_movie.m	kbqueue	99	KbQueueWait	SCANNER_TRIGGER	83ade79574081031
session#4e400900addc/Show_movie.m	kbcheck	103	[keyIsDown,secs,keyCode]=KbCheck;	SCANNER_TRIGGER	83ade79574081031
session#4e400900addc/Show_movie.m	playmovie	107	Screen('PlayMovie', movie, 0);	FRAME_TIMING	83ade79574081031
session#4e400900addc/Show_movie.m	frame	116	% Wait for next movie frame, retrieve texture handle to it	FRAME_TIMING	83ade79574081031
session#4e400900addc/Show_movie.m	getmovieimage	118	tex = Screen('GetMovieImage', win, movie);	FRAME_TIMING	83ade79574081031
session#4e400900addc/Show_movie.m	screen('flip'	138	Screen('Flip', win);	PSYCHTOOLBOX_TIME	83ade79574081031
session#4e400900addc/Show_movie.m	playmovie	146	Screen('PlayMovie', movie, 0);	FRAME_TIMING	83ade79574081031
session#4e400900addc/main.m	sync	4	Screen('Preference', 'SkipSyncTests', 0);	SCANNER_TRIGGER	1aab337d9f67bc7f
session#4e400900addc/main.m	results	16	%% check FOV script results that you have written down	SAVE_OPERATION	1aab337d9f67bc7f
session#4e400900addc/main.m	results	23	change_eye = 0; % you can change this parameter based on the results of FOV script	SAVE_OPERATION	1aab337d9f67bc7f
session#4e400900addc/main.m	trigger	26	% press t to start --> this comes from the trigger box	SCANNER_TRIGGER	1aab337d9f67bc7f
session#4e400900addc/main.m	results	40	"'\n Have you deleted the content of the Folder called ""Results""? ' ..."	SAVE_OPERATION	1aab337d9f67bc7f
session#4e400900addc/main.m	results	76	resultdir = 'Results';	SAVE_OPERATION	1aab337d9f67bc7f
session#4e400900addc/main.m	save(	80	save([resultdir '/' (t) '_Subject_is_' comment '_selected_run_id_' num2str(run_id)])	SAVE_OPERATION	1aab337d9f67bc7f
session#95a6f90f426d/Show_movie.m	sync	8	Screen('Preference', 'SkipSyncTests', 1);	SCANNER_TRIGGER	88923aeac42f475d
session#95a6f90f426d/Show_movie.m	screen('flip'	68	Screen('Flip', win);	PSYCHTOOLBOX_TIME	88923aeac42f475d
session#95a6f90f426d/Show_movie.m	forp	72	psychtoolbox_forp_id=0;	SCANNER_TRIGGER	88923aeac42f475d
session#95a6f90f426d/Show_movie.m	playmovie	81	Screen('PlayMovie', movie, 1);	FRAME_TIMING	88923aeac42f475d
session#95a6f90f426d/Show_movie.m	trigger	86	% only look for t as trigger	SCANNER_TRIGGER	88923aeac42f475d
session#95a6f90f426d/Show_movie.m	forp	87	KbQueueCreate(psychtoolbox_forp_id, keysOfInterest);	SCANNER_TRIGGER	88923aeac42f475d
session#95a6f90f426d/Show_movie.m	kbqueue	87	KbQueueCreate(psychtoolbox_forp_id, keysOfInterest);	SCANNER_TRIGGER	88923aeac42f475d
session#95a6f90f426d/Show_movie.m	kbqueue	88	KbQueueStart;	SCANNER_TRIGGER	88923aeac42f475d
session#95a6f90f426d/Show_movie.m	kbcheck	90	[keyPress, keyTime, keyID] = KbCheck(-1);	SCANNER_TRIGGER	88923aeac42f475d
session#95a6f90f426d/Show_movie.m	time	90	[keyPress, keyTime, keyID] = KbCheck(-1);	PSYCHTOOLBOX_TIME	88923aeac42f475d
session#95a6f90f426d/Show_movie.m	kbqueue	92	KbQueueWait	SCANNER_TRIGGER	88923aeac42f475d
session#95a6f90f426d/Show_movie.m	kbcheck	96	[keyIsDown,secs,keyCode]=KbCheck;	SCANNER_TRIGGER	88923aeac42f475d
session#95a6f90f426d/Show_movie.m	playmovie	100	Screen('PlayMovie', movie, 0);	FRAME_TIMING	88923aeac42f475d
session#95a6f90f426d/Show_movie.m	frame	109	% Wait for next movie frame, retrieve texture handle to it	FRAME_TIMING	88923aeac42f475d
session#95a6f90f426d/Show_movie.m	getmovieimage	111	tex = Screen('GetMovieImage', win, movie);	FRAME_TIMING	88923aeac42f475d
session#95a6f90f426d/Show_movie.m	screen('flip'	127	Screen('Flip', win);	PSYCHTOOLBOX_TIME	88923aeac42f475d
session#95a6f90f426d/Show_movie.m	playmovie	135	Screen('PlayMovie', movie, 0);	FRAME_TIMING	88923aeac42f475d
session#95a6f90f426d/main.m	results	4	%% check FOV script results that you have written down	SAVE_OPERATION	fa01b62dff72ec1d
session#95a6f90f426d/main.m	results	10	change_eye = 0; % you can change this parameter based on the results of FOV script	SAVE_OPERATION	fa01b62dff72ec1d
session#95a6f90f426d/main.m	trigger	13	% press t to start --> this comes from the trigger box	SCANNER_TRIGGER	fa01b62dff72ec1d
session#95a6f90f426d/main.m	results	27	"'\n Have you deleted the content of the Folder called ""Results""? ' ..."	SAVE_OPERATION	fa01b62dff72ec1d
session#95a6f90f426d/main.m	results	63	resultdir = './Results';	SAVE_OPERATION	fa01b62dff72ec1d
session#95a6f90f426d/main.m	save(	67	save([resultdir '/' (t) '_Subject_is_' comment '_selected_run_id_' num2str(run_id)])	SAVE_OPERATION	fa01b62dff72ec1d
session#b0aef79a9feb/Show_movie.m	sync	11	Screen('Preference', 'SkipSyncTests', 1);	SCANNER_TRIGGER	83ade79574081031
session#b0aef79a9feb/Show_movie.m	screen('flip'	75	Screen('Flip', win);	PSYCHTOOLBOX_TIME	83ade79574081031
session#b0aef79a9feb/Show_movie.m	forp	79	psychtoolbox_forp_id=0;	SCANNER_TRIGGER	83ade79574081031
session#b0aef79a9feb/Show_movie.m	playmovie	88	Screen('PlayMovie', movie, 1);	FRAME_TIMING	83ade79574081031
session#b0aef79a9feb/Show_movie.m	trigger	93	% only look for t as trigger	SCANNER_TRIGGER	83ade79574081031
session#b0aef79a9feb/Show_movie.m	forp	94	KbQueueCreate(psychtoolbox_forp_id, keysOfInterest);	SCANNER_TRIGGER	83ade79574081031
session#b0aef79a9feb/Show_movie.m	kbqueue	94	KbQueueCreate(psychtoolbox_forp_id, keysOfInterest);	SCANNER_TRIGGER	83ade79574081031
session#b0aef79a9feb/Show_movie.m	kbqueue	95	KbQueueStart;	SCANNER_TRIGGER	83ade79574081031
session#b0aef79a9feb/Show_movie.m	kbcheck	97	[keyPress, keyTime, keyID] = KbCheck(-1);	SCANNER_TRIGGER	83ade79574081031
session#b0aef79a9feb/Show_movie.m	time	97	[keyPress, keyTime, keyID] = KbCheck(-1);	PSYCHTOOLBOX_TIME	83ade79574081031
session#b0aef79a9feb/Show_movie.m	kbqueue	99	KbQueueWait	SCANNER_TRIGGER	83ade79574081031
session#b0aef79a9feb/Show_movie.m	kbcheck	103	[keyIsDown,secs,keyCode]=KbCheck;	SCANNER_TRIGGER	83ade79574081031
session#b0aef79a9feb/Show_movie.m	playmovie	107	Screen('PlayMovie', movie, 0);	FRAME_TIMING	83ade79574081031
session#b0aef79a9feb/Show_movie.m	frame	116	% Wait for next movie frame, retrieve texture handle to it	FRAME_TIMING	83ade79574081031
session#b0aef79a9feb/Show_movie.m	getmovieimage	118	tex = Screen('GetMovieImage', win, movie);	FRAME_TIMING	83ade79574081031
session#b0aef79a9feb/Show_movie.m	screen('flip'	138	Screen('Flip', win);	PSYCHTOOLBOX_TIME	83ade79574081031
session#b0aef79a9feb/Show_movie.m	playmovie	146	Screen('PlayMovie', movie, 0);	FRAME_TIMING	83ade79574081031
session#b0aef79a9feb/main.m	sync	4	Screen('Preference', 'SkipSyncTests', 0);	SCANNER_TRIGGER	1aab337d9f67bc7f
session#b0aef79a9feb/main.m	results	16	%% check FOV script results that you have written down	SAVE_OPERATION	1aab337d9f67bc7f
session#b0aef79a9feb/main.m	results	23	change_eye = 0; % you can change this parameter based on the results of FOV script	SAVE_OPERATION	1aab337d9f67bc7f
session#b0aef79a9feb/main.m	trigger	26	% press t to start --> this comes from the trigger box	SCANNER_TRIGGER	1aab337d9f67bc7f
session#b0aef79a9feb/main.m	results	40	"'\n Have you deleted the content of the Folder called ""Results""? ' ..."	SAVE_OPERATION	1aab337d9f67bc7f
session#b0aef79a9feb/main.m	results	76	resultdir = 'Results';	SAVE_OPERATION	1aab337d9f67bc7f
session#b0aef79a9feb/main.m	save(	80	save([resultdir '/' (t) '_Subject_is_' comment '_selected_run_id_' num2str(run_id)])	SAVE_OPERATION	1aab337d9f67bc7f
session#82e2896caeee/Show_movie.m	sync	8	Screen('Preference', 'SkipSyncTests', 1);	SCANNER_TRIGGER	88923aeac42f475d
session#82e2896caeee/Show_movie.m	screen('flip'	68	Screen('Flip', win);	PSYCHTOOLBOX_TIME	88923aeac42f475d
session#82e2896caeee/Show_movie.m	forp	72	psychtoolbox_forp_id=0;	SCANNER_TRIGGER	88923aeac42f475d
session#82e2896caeee/Show_movie.m	playmovie	81	Screen('PlayMovie', movie, 1);	FRAME_TIMING	88923aeac42f475d
session#82e2896caeee/Show_movie.m	trigger	86	% only look for t as trigger	SCANNER_TRIGGER	88923aeac42f475d
session#82e2896caeee/Show_movie.m	forp	87	KbQueueCreate(psychtoolbox_forp_id, keysOfInterest);	SCANNER_TRIGGER	88923aeac42f475d
session#82e2896caeee/Show_movie.m	kbqueue	87	KbQueueCreate(psychtoolbox_forp_id, keysOfInterest);	SCANNER_TRIGGER	88923aeac42f475d
session#82e2896caeee/Show_movie.m	kbqueue	88	KbQueueStart;	SCANNER_TRIGGER	88923aeac42f475d
session#82e2896caeee/Show_movie.m	kbcheck	90	[keyPress, keyTime, keyID] = KbCheck(-1);	SCANNER_TRIGGER	88923aeac42f475d
session#82e2896caeee/Show_movie.m	time	90	[keyPress, keyTime, keyID] = KbCheck(-1);	PSYCHTOOLBOX_TIME	88923aeac42f475d
session#82e2896caeee/Show_movie.m	kbqueue	92	KbQueueWait	SCANNER_TRIGGER	88923aeac42f475d
session#82e2896caeee/Show_movie.m	kbcheck	96	[keyIsDown,secs,keyCode]=KbCheck;	SCANNER_TRIGGER	88923aeac42f475d
session#82e2896caeee/Show_movie.m	playmovie	100	Screen('PlayMovie', movie, 0);	FRAME_TIMING	88923aeac42f475d
session#82e2896caeee/Show_movie.m	frame	109	% Wait for next movie frame, retrieve texture handle to it	FRAME_TIMING	88923aeac42f475d
session#82e2896caeee/Show_movie.m	getmovieimage	111	tex = Screen('GetMovieImage', win, movie);	FRAME_TIMING	88923aeac42f475d
session#82e2896caeee/Show_movie.m	screen('flip'	127	Screen('Flip', win);	PSYCHTOOLBOX_TIME	88923aeac42f475d
session#82e2896caeee/Show_movie.m	playmovie	135	Screen('PlayMovie', movie, 0);	FRAME_TIMING	88923aeac42f475d
session#82e2896caeee/main.m	results	4	%% check FOV script results that you have written down	SAVE_OPERATION	fa01b62dff72ec1d
session#82e2896caeee/main.m	results	10	change_eye = 0; % you can change this parameter based on the results of FOV script	SAVE_OPERATION	fa01b62dff72ec1d
session#82e2896caeee/main.m	trigger	13	% press t to start --> this comes from the trigger box	SCANNER_TRIGGER	fa01b62dff72ec1d
session#82e2896caeee/main.m	results	27	"'\n Have you deleted the content of the Folder called ""Results""? ' ..."	SAVE_OPERATION	fa01b62dff72ec1d
session#82e2896caeee/main.m	results	63	resultdir = './Results';	SAVE_OPERATION	fa01b62dff72ec1d
session#82e2896caeee/main.m	save(	67	save([resultdir '/' (t) '_Subject_is_' comment '_selected_run_id_' num2str(run_id)])	SAVE_OPERATION	fa01b62dff72ec1d
session#7f6b87cc4400/Show_movie.m	sync	11	Screen('Preference', 'SkipSyncTests', 1);	SCANNER_TRIGGER	83ade79574081031
session#7f6b87cc4400/Show_movie.m	screen('flip'	75	Screen('Flip', win);	PSYCHTOOLBOX_TIME	83ade79574081031
session#7f6b87cc4400/Show_movie.m	forp	79	psychtoolbox_forp_id=0;	SCANNER_TRIGGER	83ade79574081031
session#7f6b87cc4400/Show_movie.m	playmovie	88	Screen('PlayMovie', movie, 1);	FRAME_TIMING	83ade79574081031
session#7f6b87cc4400/Show_movie.m	trigger	93	% only look for t as trigger	SCANNER_TRIGGER	83ade79574081031
session#7f6b87cc4400/Show_movie.m	forp	94	KbQueueCreate(psychtoolbox_forp_id, keysOfInterest);	SCANNER_TRIGGER	83ade79574081031
session#7f6b87cc4400/Show_movie.m	kbqueue	94	KbQueueCreate(psychtoolbox_forp_id, keysOfInterest);	SCANNER_TRIGGER	83ade79574081031
session#7f6b87cc4400/Show_movie.m	kbqueue	95	KbQueueStart;	SCANNER_TRIGGER	83ade79574081031
session#7f6b87cc4400/Show_movie.m	kbcheck	97	[keyPress, keyTime, keyID] = KbCheck(-1);	SCANNER_TRIGGER	83ade79574081031
session#7f6b87cc4400/Show_movie.m	time	97	[keyPress, keyTime, keyID] = KbCheck(-1);	PSYCHTOOLBOX_TIME	83ade79574081031
session#7f6b87cc4400/Show_movie.m	kbqueue	99	KbQueueWait	SCANNER_TRIGGER	83ade79574081031
session#7f6b87cc4400/Show_movie.m	kbcheck	103	[keyIsDown,secs,keyCode]=KbCheck;	SCANNER_TRIGGER	83ade79574081031
session#7f6b87cc4400/Show_movie.m	playmovie	107	Screen('PlayMovie', movie, 0);	FRAME_TIMING	83ade79574081031
session#7f6b87cc4400/Show_movie.m	frame	116	% Wait for next movie frame, retrieve texture handle to it	FRAME_TIMING	83ade79574081031
session#7f6b87cc4400/Show_movie.m	getmovieimage	118	tex = Screen('GetMovieImage', win, movie);	FRAME_TIMING	83ade79574081031
session#7f6b87cc4400/Show_movie.m	screen('flip'	138	Screen('Flip', win);	PSYCHTOOLBOX_TIME	83ade79574081031
session#7f6b87cc4400/Show_movie.m	playmovie	146	Screen('PlayMovie', movie, 0);	FRAME_TIMING	83ade79574081031
session#7f6b87cc4400/main.m	sync	4	Screen('Preference', 'SkipSyncTests', 0);	SCANNER_TRIGGER	1aab337d9f67bc7f
session#7f6b87cc4400/main.m	results	16	%% check FOV script results that you have written down	SAVE_OPERATION	1aab337d9f67bc7f
session#7f6b87cc4400/main.m	results	23	change_eye = 0; % you can change this parameter based on the results of FOV script	SAVE_OPERATION	1aab337d9f67bc7f
session#7f6b87cc4400/main.m	trigger	26	% press t to start --> this comes from the trigger box	SCANNER_TRIGGER	1aab337d9f67bc7f
session#7f6b87cc4400/main.m	results	40	"'\n Have you deleted the content of the Folder called ""Results""? ' ..."	SAVE_OPERATION	1aab337d9f67bc7f
session#7f6b87cc4400/main.m	results	76	resultdir = 'Results';	SAVE_OPERATION	1aab337d9f67bc7f
session#7f6b87cc4400/main.m	save(	80	save([resultdir '/' (t) '_Subject_is_' comment '_selected_run_id_' num2str(run_id)])	SAVE_OPERATION	1aab337d9f67bc7f
session#8b4ebd7bd5d2/Show_movie.m	sync	11	Screen('Preference', 'SkipSyncTests', 1);	SCANNER_TRIGGER	83ade79574081031
session#8b4ebd7bd5d2/Show_movie.m	screen('flip'	75	Screen('Flip', win);	PSYCHTOOLBOX_TIME	83ade79574081031
session#8b4ebd7bd5d2/Show_movie.m	forp	79	psychtoolbox_forp_id=0;	SCANNER_TRIGGER	83ade79574081031
session#8b4ebd7bd5d2/Show_movie.m	playmovie	88	Screen('PlayMovie', movie, 1);	FRAME_TIMING	83ade79574081031
session#8b4ebd7bd5d2/Show_movie.m	trigger	93	% only look for t as trigger	SCANNER_TRIGGER	83ade79574081031
session#8b4ebd7bd5d2/Show_movie.m	forp	94	KbQueueCreate(psychtoolbox_forp_id, keysOfInterest);	SCANNER_TRIGGER	83ade79574081031
session#8b4ebd7bd5d2/Show_movie.m	kbqueue	94	KbQueueCreate(psychtoolbox_forp_id, keysOfInterest);	SCANNER_TRIGGER	83ade79574081031
session#8b4ebd7bd5d2/Show_movie.m	kbqueue	95	KbQueueStart;	SCANNER_TRIGGER	83ade79574081031
session#8b4ebd7bd5d2/Show_movie.m	kbcheck	97	[keyPress, keyTime, keyID] = KbCheck(-1);	SCANNER_TRIGGER	83ade79574081031
session#8b4ebd7bd5d2/Show_movie.m	time	97	[keyPress, keyTime, keyID] = KbCheck(-1);	PSYCHTOOLBOX_TIME	83ade79574081031
session#8b4ebd7bd5d2/Show_movie.m	kbqueue	99	KbQueueWait	SCANNER_TRIGGER	83ade79574081031
session#8b4ebd7bd5d2/Show_movie.m	kbcheck	103	[keyIsDown,secs,keyCode]=KbCheck;	SCANNER_TRIGGER	83ade79574081031
session#8b4ebd7bd5d2/Show_movie.m	playmovie	107	Screen('PlayMovie', movie, 0);	FRAME_TIMING	83ade79574081031
session#8b4ebd7bd5d2/Show_movie.m	frame	116	% Wait for next movie frame, retrieve texture handle to it	FRAME_TIMING	83ade79574081031
session#8b4ebd7bd5d2/Show_movie.m	getmovieimage	118	tex = Screen('GetMovieImage', win, movie);	FRAME_TIMING	83ade79574081031
session#8b4ebd7bd5d2/Show_movie.m	screen('flip'	138	Screen('Flip', win);	PSYCHTOOLBOX_TIME	83ade79574081031
session#8b4ebd7bd5d2/Show_movie.m	playmovie	146	Screen('PlayMovie', movie, 0);	FRAME_TIMING	83ade79574081031
session#8b4ebd7bd5d2/main.m	sync	4	Screen('Preference', 'SkipSyncTests', 0);	SCANNER_TRIGGER	1aab337d9f67bc7f
session#8b4ebd7bd5d2/main.m	results	16	%% check FOV script results that you have written down	SAVE_OPERATION	1aab337d9f67bc7f
session#8b4ebd7bd5d2/main.m	results	23	change_eye = 0; % you can change this parameter based on the results of FOV script	SAVE_OPERATION	1aab337d9f67bc7f
session#8b4ebd7bd5d2/main.m	trigger	26	% press t to start --> this comes from the trigger box	SCANNER_TRIGGER	1aab337d9f67bc7f
session#8b4ebd7bd5d2/main.m	results	40	"'\n Have you deleted the content of the Folder called ""Results""? ' ..."	SAVE_OPERATION	1aab337d9f67bc7f
session#8b4ebd7bd5d2/main.m	results	76	resultdir = 'Results';	SAVE_OPERATION	1aab337d9f67bc7f
session#8b4ebd7bd5d2/main.m	save(	80	save([resultdir '/' (t) '_Subject_is_' comment '_selected_run_id_' num2str(run_id)])	SAVE_OPERATION	1aab337d9f67bc7f
session#4f8a1d7b348e/Show_movie.m	sync	11	Screen('Preference', 'SkipSyncTests', 1);	SCANNER_TRIGGER	83ade79574081031
session#4f8a1d7b348e/Show_movie.m	screen('flip'	75	Screen('Flip', win);	PSYCHTOOLBOX_TIME	83ade79574081031
session#4f8a1d7b348e/Show_movie.m	forp	79	psychtoolbox_forp_id=0;	SCANNER_TRIGGER	83ade79574081031
session#4f8a1d7b348e/Show_movie.m	playmovie	88	Screen('PlayMovie', movie, 1);	FRAME_TIMING	83ade79574081031
session#4f8a1d7b348e/Show_movie.m	trigger	93	% only look for t as trigger	SCANNER_TRIGGER	83ade79574081031
session#4f8a1d7b348e/Show_movie.m	forp	94	KbQueueCreate(psychtoolbox_forp_id, keysOfInterest);	SCANNER_TRIGGER	83ade79574081031
session#4f8a1d7b348e/Show_movie.m	kbqueue	94	KbQueueCreate(psychtoolbox_forp_id, keysOfInterest);	SCANNER_TRIGGER	83ade79574081031
session#4f8a1d7b348e/Show_movie.m	kbqueue	95	KbQueueStart;	SCANNER_TRIGGER	83ade79574081031
session#4f8a1d7b348e/Show_movie.m	kbcheck	97	[keyPress, keyTime, keyID] = KbCheck(-1);	SCANNER_TRIGGER	83ade79574081031
session#4f8a1d7b348e/Show_movie.m	time	97	[keyPress, keyTime, keyID] = KbCheck(-1);	PSYCHTOOLBOX_TIME	83ade79574081031
session#4f8a1d7b348e/Show_movie.m	kbqueue	99	KbQueueWait	SCANNER_TRIGGER	83ade79574081031
session#4f8a1d7b348e/Show_movie.m	kbcheck	103	[keyIsDown,secs,keyCode]=KbCheck;	SCANNER_TRIGGER	83ade79574081031
session#4f8a1d7b348e/Show_movie.m	playmovie	107	Screen('PlayMovie', movie, 0);	FRAME_TIMING	83ade79574081031
session#4f8a1d7b348e/Show_movie.m	frame	116	% Wait for next movie frame, retrieve texture handle to it	FRAME_TIMING	83ade79574081031
session#4f8a1d7b348e/Show_movie.m	getmovieimage	118	tex = Screen('GetMovieImage', win, movie);	FRAME_TIMING	83ade79574081031
session#4f8a1d7b348e/Show_movie.m	screen('flip'	138	Screen('Flip', win);	PSYCHTOOLBOX_TIME	83ade79574081031
session#4f8a1d7b348e/Show_movie.m	playmovie	146	Screen('PlayMovie', movie, 0);	FRAME_TIMING	83ade79574081031
session#4f8a1d7b348e/main.m	sync	4	Screen('Preference', 'SkipSyncTests', 0);	SCANNER_TRIGGER	1aab337d9f67bc7f
session#4f8a1d7b348e/main.m	results	16	%% check FOV script results that you have written down	SAVE_OPERATION	1aab337d9f67bc7f
session#4f8a1d7b348e/main.m	results	23	change_eye = 0; % you can change this parameter based on the results of FOV script	SAVE_OPERATION	1aab337d9f67bc7f
session#4f8a1d7b348e/main.m	trigger	26	% press t to start --> this comes from the trigger box	SCANNER_TRIGGER	1aab337d9f67bc7f
session#4f8a1d7b348e/main.m	results	40	"'\n Have you deleted the content of the Folder called ""Results""? ' ..."	SAVE_OPERATION	1aab337d9f67bc7f
session#4f8a1d7b348e/main.m	results	76	resultdir = 'Results';	SAVE_OPERATION	1aab337d9f67bc7f
session#4f8a1d7b348e/main.m	save(	80	save([resultdir '/' (t) '_Subject_is_' comment '_selected_run_id_' num2str(run_id)])	SAVE_OPERATION	1aab337d9f67bc7f
session#8708970d492e/Show_movie.m	sync	11	Screen('Preference', 'SkipSyncTests', 1);	SCANNER_TRIGGER	83ade79574081031
session#8708970d492e/Show_movie.m	screen('flip'	75	Screen('Flip', win);	PSYCHTOOLBOX_TIME	83ade79574081031
session#8708970d492e/Show_movie.m	forp	79	psychtoolbox_forp_id=0;	SCANNER_TRIGGER	83ade79574081031
session#8708970d492e/Show_movie.m	playmovie	88	Screen('PlayMovie', movie, 1);	FRAME_TIMING	83ade79574081031
session#8708970d492e/Show_movie.m	trigger	93	% only look for t as trigger	SCANNER_TRIGGER	83ade79574081031
session#8708970d492e/Show_movie.m	forp	94	KbQueueCreate(psychtoolbox_forp_id, keysOfInterest);	SCANNER_TRIGGER	83ade79574081031
session#8708970d492e/Show_movie.m	kbqueue	94	KbQueueCreate(psychtoolbox_forp_id, keysOfInterest);	SCANNER_TRIGGER	83ade79574081031
session#8708970d492e/Show_movie.m	kbqueue	95	KbQueueStart;	SCANNER_TRIGGER	83ade79574081031
session#8708970d492e/Show_movie.m	kbcheck	97	[keyPress, keyTime, keyID] = KbCheck(-1);	SCANNER_TRIGGER	83ade79574081031
session#8708970d492e/Show_movie.m	time	97	[keyPress, keyTime, keyID] = KbCheck(-1);	PSYCHTOOLBOX_TIME	83ade79574081031
session#8708970d492e/Show_movie.m	kbqueue	99	KbQueueWait	SCANNER_TRIGGER	83ade79574081031
session#8708970d492e/Show_movie.m	kbcheck	103	[keyIsDown,secs,keyCode]=KbCheck;	SCANNER_TRIGGER	83ade79574081031
session#8708970d492e/Show_movie.m	playmovie	107	Screen('PlayMovie', movie, 0);	FRAME_TIMING	83ade79574081031
session#8708970d492e/Show_movie.m	frame	116	% Wait for next movie frame, retrieve texture handle to it	FRAME_TIMING	83ade79574081031
session#8708970d492e/Show_movie.m	getmovieimage	118	tex = Screen('GetMovieImage', win, movie);	FRAME_TIMING	83ade79574081031
session#8708970d492e/Show_movie.m	screen('flip'	138	Screen('Flip', win);	PSYCHTOOLBOX_TIME	83ade79574081031
session#8708970d492e/Show_movie.m	playmovie	146	Screen('PlayMovie', movie, 0);	FRAME_TIMING	83ade79574081031
session#8708970d492e/main.m	sync	4	Screen('Preference', 'SkipSyncTests', 0);	SCANNER_TRIGGER	1aab337d9f67bc7f
session#8708970d492e/main.m	results	16	%% check FOV script results that you have written down	SAVE_OPERATION	1aab337d9f67bc7f
session#8708970d492e/main.m	results	23	change_eye = 0; % you can change this parameter based on the results of FOV script	SAVE_OPERATION	1aab337d9f67bc7f
session#8708970d492e/main.m	trigger	26	% press t to start --> this comes from the trigger box	SCANNER_TRIGGER	1aab337d9f67bc7f
session#8708970d492e/main.m	results	40	"'\n Have you deleted the content of the Folder called ""Results""? ' ..."	SAVE_OPERATION	1aab337d9f67bc7f
session#8708970d492e/main.m	results	76	resultdir = 'Results';	SAVE_OPERATION	1aab337d9f67bc7f
session#8708970d492e/main.m	save(	80	save([resultdir '/' (t) '_Subject_is_' comment '_selected_run_id_' num2str(run_id)])	SAVE_OPERATION	1aab337d9f67bc7f
session#55e715959965/Show_movie.m	sync	8	Screen('Preference', 'SkipSyncTests', 1);	SCANNER_TRIGGER	88923aeac42f475d
session#55e715959965/Show_movie.m	screen('flip'	68	Screen('Flip', win);	PSYCHTOOLBOX_TIME	88923aeac42f475d
session#55e715959965/Show_movie.m	forp	72	psychtoolbox_forp_id=0;	SCANNER_TRIGGER	88923aeac42f475d
session#55e715959965/Show_movie.m	playmovie	81	Screen('PlayMovie', movie, 1);	FRAME_TIMING	88923aeac42f475d
session#55e715959965/Show_movie.m	trigger	86	% only look for t as trigger	SCANNER_TRIGGER	88923aeac42f475d
session#55e715959965/Show_movie.m	forp	87	KbQueueCreate(psychtoolbox_forp_id, keysOfInterest);	SCANNER_TRIGGER	88923aeac42f475d
session#55e715959965/Show_movie.m	kbqueue	87	KbQueueCreate(psychtoolbox_forp_id, keysOfInterest);	SCANNER_TRIGGER	88923aeac42f475d
session#55e715959965/Show_movie.m	kbqueue	88	KbQueueStart;	SCANNER_TRIGGER	88923aeac42f475d
session#55e715959965/Show_movie.m	kbcheck	90	[keyPress, keyTime, keyID] = KbCheck(-1);	SCANNER_TRIGGER	88923aeac42f475d
session#55e715959965/Show_movie.m	time	90	[keyPress, keyTime, keyID] = KbCheck(-1);	PSYCHTOOLBOX_TIME	88923aeac42f475d
session#55e715959965/Show_movie.m	kbqueue	92	KbQueueWait	SCANNER_TRIGGER	88923aeac42f475d
session#55e715959965/Show_movie.m	kbcheck	96	[keyIsDown,secs,keyCode]=KbCheck;	SCANNER_TRIGGER	88923aeac42f475d
session#55e715959965/Show_movie.m	playmovie	100	Screen('PlayMovie', movie, 0);	FRAME_TIMING	88923aeac42f475d
session#55e715959965/Show_movie.m	frame	109	% Wait for next movie frame, retrieve texture handle to it	FRAME_TIMING	88923aeac42f475d
session#55e715959965/Show_movie.m	getmovieimage	111	tex = Screen('GetMovieImage', win, movie);	FRAME_TIMING	88923aeac42f475d
session#55e715959965/Show_movie.m	screen('flip'	127	Screen('Flip', win);	PSYCHTOOLBOX_TIME	88923aeac42f475d
session#55e715959965/Show_movie.m	playmovie	135	Screen('PlayMovie', movie, 0);	FRAME_TIMING	88923aeac42f475d
session#55e715959965/main.m	results	4	%% check FOV script results that you have written down	SAVE_OPERATION	fa01b62dff72ec1d
session#55e715959965/main.m	results	10	change_eye = 0; % you can change this parameter based on the results of FOV script	SAVE_OPERATION	fa01b62dff72ec1d
session#55e715959965/main.m	trigger	13	% press t to start --> this comes from the trigger box	SCANNER_TRIGGER	fa01b62dff72ec1d
session#55e715959965/main.m	results	27	"'\n Have you deleted the content of the Folder called ""Results""? ' ..."	SAVE_OPERATION	fa01b62dff72ec1d
session#55e715959965/main.m	results	63	resultdir = './Results';	SAVE_OPERATION	fa01b62dff72ec1d
session#55e715959965/main.m	save(	67	save([resultdir '/' (t) '_Subject_is_' comment '_selected_run_id_' num2str(run_id)])	SAVE_OPERATION	fa01b62dff72ec1d
session#12226b8b2625/Show_movie.m	sync	11	Screen('Preference', 'SkipSyncTests', 1);	SCANNER_TRIGGER	83ade79574081031
session#12226b8b2625/Show_movie.m	screen('flip'	75	Screen('Flip', win);	PSYCHTOOLBOX_TIME	83ade79574081031
session#12226b8b2625/Show_movie.m	forp	79	psychtoolbox_forp_id=0;	SCANNER_TRIGGER	83ade79574081031
session#12226b8b2625/Show_movie.m	playmovie	88	Screen('PlayMovie', movie, 1);	FRAME_TIMING	83ade79574081031
session#12226b8b2625/Show_movie.m	trigger	93	% only look for t as trigger	SCANNER_TRIGGER	83ade79574081031
session#12226b8b2625/Show_movie.m	forp	94	KbQueueCreate(psychtoolbox_forp_id, keysOfInterest);	SCANNER_TRIGGER	83ade79574081031
session#12226b8b2625/Show_movie.m	kbqueue	94	KbQueueCreate(psychtoolbox_forp_id, keysOfInterest);	SCANNER_TRIGGER	83ade79574081031
session#12226b8b2625/Show_movie.m	kbqueue	95	KbQueueStart;	SCANNER_TRIGGER	83ade79574081031
session#12226b8b2625/Show_movie.m	kbcheck	97	[keyPress, keyTime, keyID] = KbCheck(-1);	SCANNER_TRIGGER	83ade79574081031
session#12226b8b2625/Show_movie.m	time	97	[keyPress, keyTime, keyID] = KbCheck(-1);	PSYCHTOOLBOX_TIME	83ade79574081031
session#12226b8b2625/Show_movie.m	kbqueue	99	KbQueueWait	SCANNER_TRIGGER	83ade79574081031
session#12226b8b2625/Show_movie.m	kbcheck	103	[keyIsDown,secs,keyCode]=KbCheck;	SCANNER_TRIGGER	83ade79574081031
session#12226b8b2625/Show_movie.m	playmovie	107	Screen('PlayMovie', movie, 0);	FRAME_TIMING	83ade79574081031
session#12226b8b2625/Show_movie.m	frame	116	% Wait for next movie frame, retrieve texture handle to it	FRAME_TIMING	83ade79574081031
session#12226b8b2625/Show_movie.m	getmovieimage	118	tex = Screen('GetMovieImage', win, movie);	FRAME_TIMING	83ade79574081031
session#12226b8b2625/Show_movie.m	screen('flip'	138	Screen('Flip', win);	PSYCHTOOLBOX_TIME	83ade79574081031
session#12226b8b2625/Show_movie.m	playmovie	146	Screen('PlayMovie', movie, 0);	FRAME_TIMING	83ade79574081031
session#12226b8b2625/main.m	sync	4	Screen('Preference', 'SkipSyncTests', 0);	SCANNER_TRIGGER	1aab337d9f67bc7f
session#12226b8b2625/main.m	results	16	%% check FOV script results that you have written down	SAVE_OPERATION	1aab337d9f67bc7f
session#12226b8b2625/main.m	results	23	change_eye = 0; % you can change this parameter based on the results of FOV script	SAVE_OPERATION	1aab337d9f67bc7f
session#12226b8b2625/main.m	trigger	26	% press t to start --> this comes from the trigger box	SCANNER_TRIGGER	1aab337d9f67bc7f
session#12226b8b2625/main.m	results	40	"'\n Have you deleted the content of the Folder called ""Results""? ' ..."	SAVE_OPERATION	1aab337d9f67bc7f
session#12226b8b2625/main.m	results	76	resultdir = 'Results';	SAVE_OPERATION	1aab337d9f67bc7f
session#12226b8b2625/main.m	save(	80	save([resultdir '/' (t) '_Subject_is_' comment '_selected_run_id_' num2str(run_id)])	SAVE_OPERATION	1aab337d9f67bc7f
session#381063fd104e/Show_movie.m	sync	11	Screen('Preference', 'SkipSyncTests', 1);	SCANNER_TRIGGER	83ade79574081031
session#381063fd104e/Show_movie.m	screen('flip'	75	Screen('Flip', win);	PSYCHTOOLBOX_TIME	83ade79574081031
session#381063fd104e/Show_movie.m	forp	79	psychtoolbox_forp_id=0;	SCANNER_TRIGGER	83ade79574081031
session#381063fd104e/Show_movie.m	playmovie	88	Screen('PlayMovie', movie, 1);	FRAME_TIMING	83ade79574081031
session#381063fd104e/Show_movie.m	trigger	93	% only look for t as trigger	SCANNER_TRIGGER	83ade79574081031
session#381063fd104e/Show_movie.m	forp	94	KbQueueCreate(psychtoolbox_forp_id, keysOfInterest);	SCANNER_TRIGGER	83ade79574081031
session#381063fd104e/Show_movie.m	kbqueue	94	KbQueueCreate(psychtoolbox_forp_id, keysOfInterest);	SCANNER_TRIGGER	83ade79574081031
session#381063fd104e/Show_movie.m	kbqueue	95	KbQueueStart;	SCANNER_TRIGGER	83ade79574081031
session#381063fd104e/Show_movie.m	kbcheck	97	[keyPress, keyTime, keyID] = KbCheck(-1);	SCANNER_TRIGGER	83ade79574081031
session#381063fd104e/Show_movie.m	time	97	[keyPress, keyTime, keyID] = KbCheck(-1);	PSYCHTOOLBOX_TIME	83ade79574081031
session#381063fd104e/Show_movie.m	kbqueue	99	KbQueueWait	SCANNER_TRIGGER	83ade79574081031
session#381063fd104e/Show_movie.m	kbcheck	103	[keyIsDown,secs,keyCode]=KbCheck;	SCANNER_TRIGGER	83ade79574081031
session#381063fd104e/Show_movie.m	playmovie	107	Screen('PlayMovie', movie, 0);	FRAME_TIMING	83ade79574081031
session#381063fd104e/Show_movie.m	frame	116	% Wait for next movie frame, retrieve texture handle to it	FRAME_TIMING	83ade79574081031
session#381063fd104e/Show_movie.m	getmovieimage	118	tex = Screen('GetMovieImage', win, movie);	FRAME_TIMING	83ade79574081031
session#381063fd104e/Show_movie.m	screen('flip'	138	Screen('Flip', win);	PSYCHTOOLBOX_TIME	83ade79574081031
session#381063fd104e/Show_movie.m	playmovie	146	Screen('PlayMovie', movie, 0);	FRAME_TIMING	83ade79574081031
session#381063fd104e/main.m	sync	4	Screen('Preference', 'SkipSyncTests', 0);	SCANNER_TRIGGER	1aab337d9f67bc7f
session#381063fd104e/main.m	results	16	%% check FOV script results that you have written down	SAVE_OPERATION	1aab337d9f67bc7f
session#381063fd104e/main.m	results	23	change_eye = 0; % you can change this parameter based on the results of FOV script	SAVE_OPERATION	1aab337d9f67bc7f
session#381063fd104e/main.m	trigger	26	% press t to start --> this comes from the trigger box	SCANNER_TRIGGER	1aab337d9f67bc7f
session#381063fd104e/main.m	results	40	"'\n Have you deleted the content of the Folder called ""Results""? ' ..."	SAVE_OPERATION	1aab337d9f67bc7f
session#381063fd104e/main.m	results	76	resultdir = 'Results';	SAVE_OPERATION	1aab337d9f67bc7f
session#381063fd104e/main.m	save(	80	save([resultdir '/' (t) '_Subject_is_' comment '_selected_run_id_' num2str(run_id)])	SAVE_OPERATION	1aab337d9f67bc7f
session#6886ec30755f/Show_movie.m	sync	11	Screen('Preference', 'SkipSyncTests', 1);	SCANNER_TRIGGER	83ade79574081031
session#6886ec30755f/Show_movie.m	screen('flip'	75	Screen('Flip', win);	PSYCHTOOLBOX_TIME	83ade79574081031
session#6886ec30755f/Show_movie.m	forp	79	psychtoolbox_forp_id=0;	SCANNER_TRIGGER	83ade79574081031
session#6886ec30755f/Show_movie.m	playmovie	88	Screen('PlayMovie', movie, 1);	FRAME_TIMING	83ade79574081031
session#6886ec30755f/Show_movie.m	trigger	93	% only look for t as trigger	SCANNER_TRIGGER	83ade79574081031
session#6886ec30755f/Show_movie.m	forp	94	KbQueueCreate(psychtoolbox_forp_id, keysOfInterest);	SCANNER_TRIGGER	83ade79574081031
session#6886ec30755f/Show_movie.m	kbqueue	94	KbQueueCreate(psychtoolbox_forp_id, keysOfInterest);	SCANNER_TRIGGER	83ade79574081031
session#6886ec30755f/Show_movie.m	kbqueue	95	KbQueueStart;	SCANNER_TRIGGER	83ade79574081031
session#6886ec30755f/Show_movie.m	kbcheck	97	[keyPress, keyTime, keyID] = KbCheck(-1);	SCANNER_TRIGGER	83ade79574081031
session#6886ec30755f/Show_movie.m	time	97	[keyPress, keyTime, keyID] = KbCheck(-1);	PSYCHTOOLBOX_TIME	83ade79574081031
session#6886ec30755f/Show_movie.m	kbqueue	99	KbQueueWait	SCANNER_TRIGGER	83ade79574081031
session#6886ec30755f/Show_movie.m	kbcheck	103	[keyIsDown,secs,keyCode]=KbCheck;	SCANNER_TRIGGER	83ade79574081031
session#6886ec30755f/Show_movie.m	playmovie	107	Screen('PlayMovie', movie, 0);	FRAME_TIMING	83ade79574081031
session#6886ec30755f/Show_movie.m	frame	116	% Wait for next movie frame, retrieve texture handle to it	FRAME_TIMING	83ade79574081031
session#6886ec30755f/Show_movie.m	getmovieimage	118	tex = Screen('GetMovieImage', win, movie);	FRAME_TIMING	83ade79574081031
session#6886ec30755f/Show_movie.m	screen('flip'	138	Screen('Flip', win);	PSYCHTOOLBOX_TIME	83ade79574081031
session#6886ec30755f/Show_movie.m	playmovie	146	Screen('PlayMovie', movie, 0);	FRAME_TIMING	83ade79574081031
session#6886ec30755f/main.m	sync	4	Screen('Preference', 'SkipSyncTests', 0);	SCANNER_TRIGGER	1aab337d9f67bc7f
session#6886ec30755f/main.m	results	16	%% check FOV script results that you have written down	SAVE_OPERATION	1aab337d9f67bc7f
session#6886ec30755f/main.m	results	23	change_eye = 0; % you can change this parameter based on the results of FOV script	SAVE_OPERATION	1aab337d9f67bc7f
session#6886ec30755f/main.m	trigger	26	% press t to start --> this comes from the trigger box	SCANNER_TRIGGER	1aab337d9f67bc7f
session#6886ec30755f/main.m	results	40	"'\n Have you deleted the content of the Folder called ""Results""? ' ..."	SAVE_OPERATION	1aab337d9f67bc7f
session#6886ec30755f/main.m	results	76	resultdir = 'Results';	SAVE_OPERATION	1aab337d9f67bc7f
session#6886ec30755f/main.m	save(	80	save([resultdir '/' (t) '_Subject_is_' comment '_selected_run_id_' num2str(run_id)])	SAVE_OPERATION	1aab337d9f67bc7f
session#1a9297da6332/Show_movie.m	sync	11	Screen('Preference', 'SkipSyncTests', 1);	SCANNER_TRIGGER	83ade79574081031
session#1a9297da6332/Show_movie.m	screen('flip'	75	Screen('Flip', win);	PSYCHTOOLBOX_TIME	83ade79574081031
session#1a9297da6332/Show_movie.m	forp	79	psychtoolbox_forp_id=0;	SCANNER_TRIGGER	83ade79574081031
session#1a9297da6332/Show_movie.m	playmovie	88	Screen('PlayMovie', movie, 1);	FRAME_TIMING	83ade79574081031
session#1a9297da6332/Show_movie.m	trigger	93	% only look for t as trigger	SCANNER_TRIGGER	83ade79574081031
session#1a9297da6332/Show_movie.m	forp	94	KbQueueCreate(psychtoolbox_forp_id, keysOfInterest);	SCANNER_TRIGGER	83ade79574081031
session#1a9297da6332/Show_movie.m	kbqueue	94	KbQueueCreate(psychtoolbox_forp_id, keysOfInterest);	SCANNER_TRIGGER	83ade79574081031
session#1a9297da6332/Show_movie.m	kbqueue	95	KbQueueStart;	SCANNER_TRIGGER	83ade79574081031
session#1a9297da6332/Show_movie.m	kbcheck	97	[keyPress, keyTime, keyID] = KbCheck(-1);	SCANNER_TRIGGER	83ade79574081031
session#1a9297da6332/Show_movie.m	time	97	[keyPress, keyTime, keyID] = KbCheck(-1);	PSYCHTOOLBOX_TIME	83ade79574081031
session#1a9297da6332/Show_movie.m	kbqueue	99	KbQueueWait	SCANNER_TRIGGER	83ade79574081031
session#1a9297da6332/Show_movie.m	kbcheck	103	[keyIsDown,secs,keyCode]=KbCheck;	SCANNER_TRIGGER	83ade79574081031
session#1a9297da6332/Show_movie.m	playmovie	107	Screen('PlayMovie', movie, 0);	FRAME_TIMING	83ade79574081031
session#1a9297da6332/Show_movie.m	frame	116	% Wait for next movie frame, retrieve texture handle to it	FRAME_TIMING	83ade79574081031
session#1a9297da6332/Show_movie.m	getmovieimage	118	tex = Screen('GetMovieImage', win, movie);	FRAME_TIMING	83ade79574081031
session#1a9297da6332/Show_movie.m	screen('flip'	138	Screen('Flip', win);	PSYCHTOOLBOX_TIME	83ade79574081031
session#1a9297da6332/Show_movie.m	playmovie	146	Screen('PlayMovie', movie, 0);	FRAME_TIMING	83ade79574081031
session#1a9297da6332/main.m	sync	4	Screen('Preference', 'SkipSyncTests', 0);	SCANNER_TRIGGER	1aab337d9f67bc7f
session#1a9297da6332/main.m	results	16	%% check FOV script results that you have written down	SAVE_OPERATION	1aab337d9f67bc7f
session#1a9297da6332/main.m	results	23	change_eye = 0; % you can change this parameter based on the results of FOV script	SAVE_OPERATION	1aab337d9f67bc7f
session#1a9297da6332/main.m	trigger	26	% press t to start --> this comes from the trigger box	SCANNER_TRIGGER	1aab337d9f67bc7f
session#1a9297da6332/main.m	results	40	"'\n Have you deleted the content of the Folder called ""Results""? ' ..."	SAVE_OPERATION	1aab337d9f67bc7f
session#1a9297da6332/main.m	results	76	resultdir = 'Results';	SAVE_OPERATION	1aab337d9f67bc7f
session#1a9297da6332/main.m	save(	80	save([resultdir '/' (t) '_Subject_is_' comment '_selected_run_id_' num2str(run_id)])	SAVE_OPERATION	1aab337d9f67bc7f
session#abc40d51174c/Show_movie.m	sync	11	Screen('Preference', 'SkipSyncTests', 1);	SCANNER_TRIGGER	83ade79574081031
session#abc40d51174c/Show_movie.m	screen('flip'	75	Screen('Flip', win);	PSYCHTOOLBOX_TIME	83ade79574081031
session#abc40d51174c/Show_movie.m	forp	79	psychtoolbox_forp_id=0;	SCANNER_TRIGGER	83ade79574081031
session#abc40d51174c/Show_movie.m	playmovie	88	Screen('PlayMovie', movie, 1);	FRAME_TIMING	83ade79574081031
session#abc40d51174c/Show_movie.m	trigger	93	% only look for t as trigger	SCANNER_TRIGGER	83ade79574081031
session#abc40d51174c/Show_movie.m	forp	94	KbQueueCreate(psychtoolbox_forp_id, keysOfInterest);	SCANNER_TRIGGER	83ade79574081031
session#abc40d51174c/Show_movie.m	kbqueue	94	KbQueueCreate(psychtoolbox_forp_id, keysOfInterest);	SCANNER_TRIGGER	83ade79574081031
session#abc40d51174c/Show_movie.m	kbqueue	95	KbQueueStart;	SCANNER_TRIGGER	83ade79574081031
session#abc40d51174c/Show_movie.m	kbcheck	97	[keyPress, keyTime, keyID] = KbCheck(-1);	SCANNER_TRIGGER	83ade79574081031
session#abc40d51174c/Show_movie.m	time	97	[keyPress, keyTime, keyID] = KbCheck(-1);	PSYCHTOOLBOX_TIME	83ade79574081031
session#abc40d51174c/Show_movie.m	kbqueue	99	KbQueueWait	SCANNER_TRIGGER	83ade79574081031
session#abc40d51174c/Show_movie.m	kbcheck	103	[keyIsDown,secs,keyCode]=KbCheck;	SCANNER_TRIGGER	83ade79574081031
session#abc40d51174c/Show_movie.m	playmovie	107	Screen('PlayMovie', movie, 0);	FRAME_TIMING	83ade79574081031
session#abc40d51174c/Show_movie.m	frame	116	% Wait for next movie frame, retrieve texture handle to it	FRAME_TIMING	83ade79574081031
session#abc40d51174c/Show_movie.m	getmovieimage	118	tex = Screen('GetMovieImage', win, movie);	FRAME_TIMING	83ade79574081031
session#abc40d51174c/Show_movie.m	screen('flip'	138	Screen('Flip', win);	PSYCHTOOLBOX_TIME	83ade79574081031
session#abc40d51174c/Show_movie.m	playmovie	146	Screen('PlayMovie', movie, 0);	FRAME_TIMING	83ade79574081031
session#abc40d51174c/main.m	sync	4	Screen('Preference', 'SkipSyncTests', 0);	SCANNER_TRIGGER	1aab337d9f67bc7f
session#abc40d51174c/main.m	results	16	%% check FOV script results that you have written down	SAVE_OPERATION	1aab337d9f67bc7f
session#abc40d51174c/main.m	results	23	change_eye = 0; % you can change this parameter based on the results of FOV script	SAVE_OPERATION	1aab337d9f67bc7f
session#abc40d51174c/main.m	trigger	26	% press t to start --> this comes from the trigger box	SCANNER_TRIGGER	1aab337d9f67bc7f
session#abc40d51174c/main.m	results	40	"'\n Have you deleted the content of the Folder called ""Results""? ' ..."	SAVE_OPERATION	1aab337d9f67bc7f
session#abc40d51174c/main.m	results	76	resultdir = 'Results';	SAVE_OPERATION	1aab337d9f67bc7f
session#abc40d51174c/main.m	save(	80	save([resultdir '/' (t) '_Subject_is_' comment '_selected_run_id_' num2str(run_id)])	SAVE_OPERATION	1aab337d9f67bc7f
session#682b86d9af24/Show_movie.m	sync	11	Screen('Preference', 'SkipSyncTests', 1);	SCANNER_TRIGGER	83ade79574081031
session#682b86d9af24/Show_movie.m	screen('flip'	75	Screen('Flip', win);	PSYCHTOOLBOX_TIME	83ade79574081031
session#682b86d9af24/Show_movie.m	forp	79	psychtoolbox_forp_id=0;	SCANNER_TRIGGER	83ade79574081031
session#682b86d9af24/Show_movie.m	playmovie	88	Screen('PlayMovie', movie, 1);	FRAME_TIMING	83ade79574081031
session#682b86d9af24/Show_movie.m	trigger	93	% only look for t as trigger	SCANNER_TRIGGER	83ade79574081031
session#682b86d9af24/Show_movie.m	forp	94	KbQueueCreate(psychtoolbox_forp_id, keysOfInterest);	SCANNER_TRIGGER	83ade79574081031
session#682b86d9af24/Show_movie.m	kbqueue	94	KbQueueCreate(psychtoolbox_forp_id, keysOfInterest);	SCANNER_TRIGGER	83ade79574081031
session#682b86d9af24/Show_movie.m	kbqueue	95	KbQueueStart;	SCANNER_TRIGGER	83ade79574081031
session#682b86d9af24/Show_movie.m	kbcheck	97	[keyPress, keyTime, keyID] = KbCheck(-1);	SCANNER_TRIGGER	83ade79574081031
session#682b86d9af24/Show_movie.m	time	97	[keyPress, keyTime, keyID] = KbCheck(-1);	PSYCHTOOLBOX_TIME	83ade79574081031
session#682b86d9af24/Show_movie.m	kbqueue	99	KbQueueWait	SCANNER_TRIGGER	83ade79574081031
session#682b86d9af24/Show_movie.m	kbcheck	103	[keyIsDown,secs,keyCode]=KbCheck;	SCANNER_TRIGGER	83ade79574081031
session#682b86d9af24/Show_movie.m	playmovie	107	Screen('PlayMovie', movie, 0);	FRAME_TIMING	83ade79574081031
session#682b86d9af24/Show_movie.m	frame	116	% Wait for next movie frame, retrieve texture handle to it	FRAME_TIMING	83ade79574081031
session#682b86d9af24/Show_movie.m	getmovieimage	118	tex = Screen('GetMovieImage', win, movie);	FRAME_TIMING	83ade79574081031
session#682b86d9af24/Show_movie.m	screen('flip'	138	Screen('Flip', win);	PSYCHTOOLBOX_TIME	83ade79574081031
session#682b86d9af24/Show_movie.m	playmovie	146	Screen('PlayMovie', movie, 0);	FRAME_TIMING	83ade79574081031
session#682b86d9af24/main.m	sync	4	Screen('Preference', 'SkipSyncTests', 0);	SCANNER_TRIGGER	1aab337d9f67bc7f
session#682b86d9af24/main.m	results	16	%% check FOV script results that you have written down	SAVE_OPERATION	1aab337d9f67bc7f
session#682b86d9af24/main.m	results	23	change_eye = 0; % you can change this parameter based on the results of FOV script	SAVE_OPERATION	1aab337d9f67bc7f
session#682b86d9af24/main.m	trigger	26	% press t to start --> this comes from the trigger box	SCANNER_TRIGGER	1aab337d9f67bc7f
session#682b86d9af24/main.m	results	40	"'\n Have you deleted the content of the Folder called ""Results""? ' ..."	SAVE_OPERATION	1aab337d9f67bc7f
session#682b86d9af24/main.m	results	76	resultdir = 'Results';	SAVE_OPERATION	1aab337d9f67bc7f
session#682b86d9af24/main.m	save(	80	save([resultdir '/' (t) '_Subject_is_' comment '_selected_run_id_' num2str(run_id)])	SAVE_OPERATION	1aab337d9f67bc7f
session#62d3bfe1e154/Show_movie.m	sync	11	Screen('Preference', 'SkipSyncTests', 1);	SCANNER_TRIGGER	83ade79574081031
session#62d3bfe1e154/Show_movie.m	screen('flip'	75	Screen('Flip', win);	PSYCHTOOLBOX_TIME	83ade79574081031
session#62d3bfe1e154/Show_movie.m	forp	79	psychtoolbox_forp_id=0;	SCANNER_TRIGGER	83ade79574081031
session#62d3bfe1e154/Show_movie.m	playmovie	88	Screen('PlayMovie', movie, 1);	FRAME_TIMING	83ade79574081031
session#62d3bfe1e154/Show_movie.m	trigger	93	% only look for t as trigger	SCANNER_TRIGGER	83ade79574081031
session#62d3bfe1e154/Show_movie.m	forp	94	KbQueueCreate(psychtoolbox_forp_id, keysOfInterest);	SCANNER_TRIGGER	83ade79574081031
session#62d3bfe1e154/Show_movie.m	kbqueue	94	KbQueueCreate(psychtoolbox_forp_id, keysOfInterest);	SCANNER_TRIGGER	83ade79574081031
session#62d3bfe1e154/Show_movie.m	kbqueue	95	KbQueueStart;	SCANNER_TRIGGER	83ade79574081031
session#62d3bfe1e154/Show_movie.m	kbcheck	97	[keyPress, keyTime, keyID] = KbCheck(-1);	SCANNER_TRIGGER	83ade79574081031
session#62d3bfe1e154/Show_movie.m	time	97	[keyPress, keyTime, keyID] = KbCheck(-1);	PSYCHTOOLBOX_TIME	83ade79574081031
session#62d3bfe1e154/Show_movie.m	kbqueue	99	KbQueueWait	SCANNER_TRIGGER	83ade79574081031
session#62d3bfe1e154/Show_movie.m	kbcheck	103	[keyIsDown,secs,keyCode]=KbCheck;	SCANNER_TRIGGER	83ade79574081031
session#62d3bfe1e154/Show_movie.m	playmovie	107	Screen('PlayMovie', movie, 0);	FRAME_TIMING	83ade79574081031
session#62d3bfe1e154/Show_movie.m	frame	116	% Wait for next movie frame, retrieve texture handle to it	FRAME_TIMING	83ade79574081031
session#62d3bfe1e154/Show_movie.m	getmovieimage	118	tex = Screen('GetMovieImage', win, movie);	FRAME_TIMING	83ade79574081031
session#62d3bfe1e154/Show_movie.m	screen('flip'	138	Screen('Flip', win);	PSYCHTOOLBOX_TIME	83ade79574081031
session#62d3bfe1e154/Show_movie.m	playmovie	146	Screen('PlayMovie', movie, 0);	FRAME_TIMING	83ade79574081031
session#62d3bfe1e154/main.m	sync	4	Screen('Preference', 'SkipSyncTests', 0);	SCANNER_TRIGGER	1aab337d9f67bc7f
session#62d3bfe1e154/main.m	results	16	%% check FOV script results that you have written down	SAVE_OPERATION	1aab337d9f67bc7f
session#62d3bfe1e154/main.m	results	23	change_eye = 0; % you can change this parameter based on the results of FOV script	SAVE_OPERATION	1aab337d9f67bc7f
session#62d3bfe1e154/main.m	trigger	26	% press t to start --> this comes from the trigger box	SCANNER_TRIGGER	1aab337d9f67bc7f
session#62d3bfe1e154/main.m	results	40	"'\n Have you deleted the content of the Folder called ""Results""? ' ..."	SAVE_OPERATION	1aab337d9f67bc7f
session#62d3bfe1e154/main.m	results	76	resultdir = 'Results';	SAVE_OPERATION	1aab337d9f67bc7f
session#62d3bfe1e154/main.m	save(	80	save([resultdir '/' (t) '_Subject_is_' comment '_selected_run_id_' num2str(run_id)])	SAVE_OPERATION	1aab337d9f67bc7f
session#c9946158d46d/Show_movie.m	sync	11	Screen('Preference', 'SkipSyncTests', 1);	SCANNER_TRIGGER	83ade79574081031
session#c9946158d46d/Show_movie.m	screen('flip'	75	Screen('Flip', win);	PSYCHTOOLBOX_TIME	83ade79574081031
session#c9946158d46d/Show_movie.m	forp	79	psychtoolbox_forp_id=0;	SCANNER_TRIGGER	83ade79574081031
session#c9946158d46d/Show_movie.m	playmovie	88	Screen('PlayMovie', movie, 1);	FRAME_TIMING	83ade79574081031
session#c9946158d46d/Show_movie.m	trigger	93	% only look for t as trigger	SCANNER_TRIGGER	83ade79574081031
session#c9946158d46d/Show_movie.m	forp	94	KbQueueCreate(psychtoolbox_forp_id, keysOfInterest);	SCANNER_TRIGGER	83ade79574081031
session#c9946158d46d/Show_movie.m	kbqueue	94	KbQueueCreate(psychtoolbox_forp_id, keysOfInterest);	SCANNER_TRIGGER	83ade79574081031
session#c9946158d46d/Show_movie.m	kbqueue	95	KbQueueStart;	SCANNER_TRIGGER	83ade79574081031
session#c9946158d46d/Show_movie.m	kbcheck	97	[keyPress, keyTime, keyID] = KbCheck(-1);	SCANNER_TRIGGER	83ade79574081031
session#c9946158d46d/Show_movie.m	time	97	[keyPress, keyTime, keyID] = KbCheck(-1);	PSYCHTOOLBOX_TIME	83ade79574081031
session#c9946158d46d/Show_movie.m	kbqueue	99	KbQueueWait	SCANNER_TRIGGER	83ade79574081031
session#c9946158d46d/Show_movie.m	kbcheck	103	[keyIsDown,secs,keyCode]=KbCheck;	SCANNER_TRIGGER	83ade79574081031
session#c9946158d46d/Show_movie.m	playmovie	107	Screen('PlayMovie', movie, 0);	FRAME_TIMING	83ade79574081031
session#c9946158d46d/Show_movie.m	frame	116	% Wait for next movie frame, retrieve texture handle to it	FRAME_TIMING	83ade79574081031
session#c9946158d46d/Show_movie.m	getmovieimage	118	tex = Screen('GetMovieImage', win, movie);	FRAME_TIMING	83ade79574081031
session#c9946158d46d/Show_movie.m	screen('flip'	138	Screen('Flip', win);	PSYCHTOOLBOX_TIME	83ade79574081031
session#c9946158d46d/Show_movie.m	playmovie	146	Screen('PlayMovie', movie, 0);	FRAME_TIMING	83ade79574081031
session#c9946158d46d/main.m	sync	4	Screen('Preference', 'SkipSyncTests', 0);	SCANNER_TRIGGER	1aab337d9f67bc7f
session#c9946158d46d/main.m	results	16	%% check FOV script results that you have written down	SAVE_OPERATION	1aab337d9f67bc7f
session#c9946158d46d/main.m	results	23	change_eye = 0; % you can change this parameter based on the results of FOV script	SAVE_OPERATION	1aab337d9f67bc7f
session#c9946158d46d/main.m	trigger	26	% press t to start --> this comes from the trigger box	SCANNER_TRIGGER	1aab337d9f67bc7f
session#c9946158d46d/main.m	results	40	"'\n Have you deleted the content of the Folder called ""Results""? ' ..."	SAVE_OPERATION	1aab337d9f67bc7f
session#c9946158d46d/main.m	results	76	resultdir = 'Results';	SAVE_OPERATION	1aab337d9f67bc7f
session#c9946158d46d/main.m	save(	80	save([resultdir '/' (t) '_Subject_is_' comment '_selected_run_id_' num2str(run_id)])	SAVE_OPERATION	1aab337d9f67bc7f
session#5a8d856bbda2/Show_movie.m	sync	11	Screen('Preference', 'SkipSyncTests', 1);	SCANNER_TRIGGER	83ade79574081031
session#5a8d856bbda2/Show_movie.m	screen('flip'	75	Screen('Flip', win);	PSYCHTOOLBOX_TIME	83ade79574081031
session#5a8d856bbda2/Show_movie.m	forp	79	psychtoolbox_forp_id=0;	SCANNER_TRIGGER	83ade79574081031
session#5a8d856bbda2/Show_movie.m	playmovie	88	Screen('PlayMovie', movie, 1);	FRAME_TIMING	83ade79574081031
session#5a8d856bbda2/Show_movie.m	trigger	93	% only look for t as trigger	SCANNER_TRIGGER	83ade79574081031
session#5a8d856bbda2/Show_movie.m	forp	94	KbQueueCreate(psychtoolbox_forp_id, keysOfInterest);	SCANNER_TRIGGER	83ade79574081031
session#5a8d856bbda2/Show_movie.m	kbqueue	94	KbQueueCreate(psychtoolbox_forp_id, keysOfInterest);	SCANNER_TRIGGER	83ade79574081031
session#5a8d856bbda2/Show_movie.m	kbqueue	95	KbQueueStart;	SCANNER_TRIGGER	83ade79574081031
session#5a8d856bbda2/Show_movie.m	kbcheck	97	[keyPress, keyTime, keyID] = KbCheck(-1);	SCANNER_TRIGGER	83ade79574081031
session#5a8d856bbda2/Show_movie.m	time	97	[keyPress, keyTime, keyID] = KbCheck(-1);	PSYCHTOOLBOX_TIME	83ade79574081031
session#5a8d856bbda2/Show_movie.m	kbqueue	99	KbQueueWait	SCANNER_TRIGGER	83ade79574081031
session#5a8d856bbda2/Show_movie.m	kbcheck	103	[keyIsDown,secs,keyCode]=KbCheck;	SCANNER_TRIGGER	83ade79574081031
session#5a8d856bbda2/Show_movie.m	playmovie	107	Screen('PlayMovie', movie, 0);	FRAME_TIMING	83ade79574081031
session#5a8d856bbda2/Show_movie.m	frame	116	% Wait for next movie frame, retrieve texture handle to it	FRAME_TIMING	83ade79574081031
session#5a8d856bbda2/Show_movie.m	getmovieimage	118	tex = Screen('GetMovieImage', win, movie);	FRAME_TIMING	83ade79574081031
session#5a8d856bbda2/Show_movie.m	screen('flip'	138	Screen('Flip', win);	PSYCHTOOLBOX_TIME	83ade79574081031
session#5a8d856bbda2/Show_movie.m	playmovie	146	Screen('PlayMovie', movie, 0);	FRAME_TIMING	83ade79574081031
session#5a8d856bbda2/main.m	sync	4	Screen('Preference', 'SkipSyncTests', 0);	SCANNER_TRIGGER	1aab337d9f67bc7f
session#5a8d856bbda2/main.m	results	16	%% check FOV script results that you have written down	SAVE_OPERATION	1aab337d9f67bc7f
session#5a8d856bbda2/main.m	results	23	change_eye = 0; % you can change this parameter based on the results of FOV script	SAVE_OPERATION	1aab337d9f67bc7f
session#5a8d856bbda2/main.m	trigger	26	% press t to start --> this comes from the trigger box	SCANNER_TRIGGER	1aab337d9f67bc7f
session#5a8d856bbda2/main.m	results	40	"'\n Have you deleted the content of the Folder called ""Results""? ' ..."	SAVE_OPERATION	1aab337d9f67bc7f
session#5a8d856bbda2/main.m	results	76	resultdir = 'Results';	SAVE_OPERATION	1aab337d9f67bc7f
session#5a8d856bbda2/main.m	save(	80	save([resultdir '/' (t) '_Subject_is_' comment '_selected_run_id_' num2str(run_id)])	SAVE_OPERATION	1aab337d9f67bc7f
session#1de2731d3e0f/Show_movie.m	sync	11	Screen('Preference', 'SkipSyncTests', 1);	SCANNER_TRIGGER	83ade79574081031
session#1de2731d3e0f/Show_movie.m	screen('flip'	75	Screen('Flip', win);	PSYCHTOOLBOX_TIME	83ade79574081031
session#1de2731d3e0f/Show_movie.m	forp	79	psychtoolbox_forp_id=0;	SCANNER_TRIGGER	83ade79574081031
session#1de2731d3e0f/Show_movie.m	playmovie	88	Screen('PlayMovie', movie, 1);	FRAME_TIMING	83ade79574081031
session#1de2731d3e0f/Show_movie.m	trigger	93	% only look for t as trigger	SCANNER_TRIGGER	83ade79574081031
session#1de2731d3e0f/Show_movie.m	forp	94	KbQueueCreate(psychtoolbox_forp_id, keysOfInterest);	SCANNER_TRIGGER	83ade79574081031
session#1de2731d3e0f/Show_movie.m	kbqueue	94	KbQueueCreate(psychtoolbox_forp_id, keysOfInterest);	SCANNER_TRIGGER	83ade79574081031
session#1de2731d3e0f/Show_movie.m	kbqueue	95	KbQueueStart;	SCANNER_TRIGGER	83ade79574081031
session#1de2731d3e0f/Show_movie.m	kbcheck	97	[keyPress, keyTime, keyID] = KbCheck(-1);	SCANNER_TRIGGER	83ade79574081031
session#1de2731d3e0f/Show_movie.m	time	97	[keyPress, keyTime, keyID] = KbCheck(-1);	PSYCHTOOLBOX_TIME	83ade79574081031
session#1de2731d3e0f/Show_movie.m	kbqueue	99	KbQueueWait	SCANNER_TRIGGER	83ade79574081031
session#1de2731d3e0f/Show_movie.m	kbcheck	103	[keyIsDown,secs,keyCode]=KbCheck;	SCANNER_TRIGGER	83ade79574081031
session#1de2731d3e0f/Show_movie.m	playmovie	107	Screen('PlayMovie', movie, 0);	FRAME_TIMING	83ade79574081031
session#1de2731d3e0f/Show_movie.m	frame	116	% Wait for next movie frame, retrieve texture handle to it	FRAME_TIMING	83ade79574081031
session#1de2731d3e0f/Show_movie.m	getmovieimage	118	tex = Screen('GetMovieImage', win, movie);	FRAME_TIMING	83ade79574081031
session#1de2731d3e0f/Show_movie.m	screen('flip'	138	Screen('Flip', win);	PSYCHTOOLBOX_TIME	83ade79574081031
session#1de2731d3e0f/Show_movie.m	playmovie	146	Screen('PlayMovie', movie, 0);	FRAME_TIMING	83ade79574081031
session#1de2731d3e0f/main.m	sync	4	Screen('Preference', 'SkipSyncTests', 0);	SCANNER_TRIGGER	1aab337d9f67bc7f
session#1de2731d3e0f/main.m	results	16	%% check FOV script results that you have written down	SAVE_OPERATION	1aab337d9f67bc7f
session#1de2731d3e0f/main.m	results	23	change_eye = 0; % you can change this parameter based on the results of FOV script	SAVE_OPERATION	1aab337d9f67bc7f
session#1de2731d3e0f/main.m	trigger	26	% press t to start --> this comes from the trigger box	SCANNER_TRIGGER	1aab337d9f67bc7f
session#1de2731d3e0f/main.m	results	40	"'\n Have you deleted the content of the Folder called ""Results""? ' ..."	SAVE_OPERATION	1aab337d9f67bc7f
session#1de2731d3e0f/main.m	results	76	resultdir = 'Results';	SAVE_OPERATION	1aab337d9f67bc7f
session#1de2731d3e0f/main.m	save(	80	save([resultdir '/' (t) '_Subject_is_' comment '_selected_run_id_' num2str(run_id)])	SAVE_OPERATION	1aab337d9f67bc7f
session#409eb5715ee1/Show_movie.m	sync	11	Screen('Preference', 'SkipSyncTests', 1);	SCANNER_TRIGGER	83ade79574081031
session#409eb5715ee1/Show_movie.m	screen('flip'	75	Screen('Flip', win);	PSYCHTOOLBOX_TIME	83ade79574081031
session#409eb5715ee1/Show_movie.m	forp	79	psychtoolbox_forp_id=0;	SCANNER_TRIGGER	83ade79574081031
session#409eb5715ee1/Show_movie.m	playmovie	88	Screen('PlayMovie', movie, 1);	FRAME_TIMING	83ade79574081031
session#409eb5715ee1/Show_movie.m	trigger	93	% only look for t as trigger	SCANNER_TRIGGER	83ade79574081031
session#409eb5715ee1/Show_movie.m	forp	94	KbQueueCreate(psychtoolbox_forp_id, keysOfInterest);	SCANNER_TRIGGER	83ade79574081031
session#409eb5715ee1/Show_movie.m	kbqueue	94	KbQueueCreate(psychtoolbox_forp_id, keysOfInterest);	SCANNER_TRIGGER	83ade79574081031
session#409eb5715ee1/Show_movie.m	kbqueue	95	KbQueueStart;	SCANNER_TRIGGER	83ade79574081031
session#409eb5715ee1/Show_movie.m	kbcheck	97	[keyPress, keyTime, keyID] = KbCheck(-1);	SCANNER_TRIGGER	83ade79574081031
session#409eb5715ee1/Show_movie.m	time	97	[keyPress, keyTime, keyID] = KbCheck(-1);	PSYCHTOOLBOX_TIME	83ade79574081031
session#409eb5715ee1/Show_movie.m	kbqueue	99	KbQueueWait	SCANNER_TRIGGER	83ade79574081031
session#409eb5715ee1/Show_movie.m	kbcheck	103	[keyIsDown,secs,keyCode]=KbCheck;	SCANNER_TRIGGER	83ade79574081031
session#409eb5715ee1/Show_movie.m	playmovie	107	Screen('PlayMovie', movie, 0);	FRAME_TIMING	83ade79574081031
session#409eb5715ee1/Show_movie.m	frame	116	% Wait for next movie frame, retrieve texture handle to it	FRAME_TIMING	83ade79574081031
session#409eb5715ee1/Show_movie.m	getmovieimage	118	tex = Screen('GetMovieImage', win, movie);	FRAME_TIMING	83ade79574081031
session#409eb5715ee1/Show_movie.m	screen('flip'	138	Screen('Flip', win);	PSYCHTOOLBOX_TIME	83ade79574081031
session#409eb5715ee1/Show_movie.m	playmovie	146	Screen('PlayMovie', movie, 0);	FRAME_TIMING	83ade79574081031
session#409eb5715ee1/main.m	sync	4	Screen('Preference', 'SkipSyncTests', 0);	SCANNER_TRIGGER	1aab337d9f67bc7f
session#409eb5715ee1/main.m	results	16	%% check FOV script results that you have written down	SAVE_OPERATION	1aab337d9f67bc7f
session#409eb5715ee1/main.m	results	23	change_eye = 0; % you can change this parameter based on the results of FOV script	SAVE_OPERATION	1aab337d9f67bc7f
session#409eb5715ee1/main.m	trigger	26	% press t to start --> this comes from the trigger box	SCANNER_TRIGGER	1aab337d9f67bc7f
session#409eb5715ee1/main.m	results	40	"'\n Have you deleted the content of the Folder called ""Results""? ' ..."	SAVE_OPERATION	1aab337d9f67bc7f
session#409eb5715ee1/main.m	results	76	resultdir = 'Results';	SAVE_OPERATION	1aab337d9f67bc7f
session#409eb5715ee1/main.m	save(	80	save([resultdir '/' (t) '_Subject_is_' comment '_selected_run_id_' num2str(run_id)])	SAVE_OPERATION	1aab337d9f67bc7f
session#16a6db9695d2/Show_movie.m	sync	11	Screen('Preference', 'SkipSyncTests', 1);	SCANNER_TRIGGER	83ade79574081031
session#16a6db9695d2/Show_movie.m	screen('flip'	75	Screen('Flip', win);	PSYCHTOOLBOX_TIME	83ade79574081031
session#16a6db9695d2/Show_movie.m	forp	79	psychtoolbox_forp_id=0;	SCANNER_TRIGGER	83ade79574081031
session#16a6db9695d2/Show_movie.m	playmovie	88	Screen('PlayMovie', movie, 1);	FRAME_TIMING	83ade79574081031
session#16a6db9695d2/Show_movie.m	trigger	93	% only look for t as trigger	SCANNER_TRIGGER	83ade79574081031
session#16a6db9695d2/Show_movie.m	forp	94	KbQueueCreate(psychtoolbox_forp_id, keysOfInterest);	SCANNER_TRIGGER	83ade79574081031
session#16a6db9695d2/Show_movie.m	kbqueue	94	KbQueueCreate(psychtoolbox_forp_id, keysOfInterest);	SCANNER_TRIGGER	83ade79574081031
session#16a6db9695d2/Show_movie.m	kbqueue	95	KbQueueStart;	SCANNER_TRIGGER	83ade79574081031
session#16a6db9695d2/Show_movie.m	kbcheck	97	[keyPress, keyTime, keyID] = KbCheck(-1);	SCANNER_TRIGGER	83ade79574081031
session#16a6db9695d2/Show_movie.m	time	97	[keyPress, keyTime, keyID] = KbCheck(-1);	PSYCHTOOLBOX_TIME	83ade79574081031
session#16a6db9695d2/Show_movie.m	kbqueue	99	KbQueueWait	SCANNER_TRIGGER	83ade79574081031
session#16a6db9695d2/Show_movie.m	kbcheck	103	[keyIsDown,secs,keyCode]=KbCheck;	SCANNER_TRIGGER	83ade79574081031
session#16a6db9695d2/Show_movie.m	playmovie	107	Screen('PlayMovie', movie, 0);	FRAME_TIMING	83ade79574081031
session#16a6db9695d2/Show_movie.m	frame	116	% Wait for next movie frame, retrieve texture handle to it	FRAME_TIMING	83ade79574081031
session#16a6db9695d2/Show_movie.m	getmovieimage	118	tex = Screen('GetMovieImage', win, movie);	FRAME_TIMING	83ade79574081031
session#16a6db9695d2/Show_movie.m	screen('flip'	138	Screen('Flip', win);	PSYCHTOOLBOX_TIME	83ade79574081031
session#16a6db9695d2/Show_movie.m	playmovie	146	Screen('PlayMovie', movie, 0);	FRAME_TIMING	83ade79574081031
session#16a6db9695d2/main.m	sync	4	Screen('Preference', 'SkipSyncTests', 0);	SCANNER_TRIGGER	1aab337d9f67bc7f
session#16a6db9695d2/main.m	results	16	%% check FOV script results that you have written down	SAVE_OPERATION	1aab337d9f67bc7f
session#16a6db9695d2/main.m	results	23	change_eye = 0; % you can change this parameter based on the results of FOV script	SAVE_OPERATION	1aab337d9f67bc7f
session#16a6db9695d2/main.m	trigger	26	% press t to start --> this comes from the trigger box	SCANNER_TRIGGER	1aab337d9f67bc7f
session#16a6db9695d2/main.m	results	40	"'\n Have you deleted the content of the Folder called ""Results""? ' ..."	SAVE_OPERATION	1aab337d9f67bc7f
session#16a6db9695d2/main.m	results	76	resultdir = 'Results';	SAVE_OPERATION	1aab337d9f67bc7f
session#16a6db9695d2/main.m	save(	80	save([resultdir '/' (t) '_Subject_is_' comment '_selected_run_id_' num2str(run_id)])	SAVE_OPERATION	1aab337d9f67bc7f
session#e622e9689424/Show_movie.m	sync	11	Screen('Preference', 'SkipSyncTests', 1);	SCANNER_TRIGGER	83ade79574081031
session#e622e9689424/Show_movie.m	screen('flip'	75	Screen('Flip', win);	PSYCHTOOLBOX_TIME	83ade79574081031
session#e622e9689424/Show_movie.m	forp	79	psychtoolbox_forp_id=0;	SCANNER_TRIGGER	83ade79574081031
session#e622e9689424/Show_movie.m	playmovie	88	Screen('PlayMovie', movie, 1);	FRAME_TIMING	83ade79574081031
session#e622e9689424/Show_movie.m	trigger	93	% only look for t as trigger	SCANNER_TRIGGER	83ade79574081031
session#e622e9689424/Show_movie.m	forp	94	KbQueueCreate(psychtoolbox_forp_id, keysOfInterest);	SCANNER_TRIGGER	83ade79574081031
session#e622e9689424/Show_movie.m	kbqueue	94	KbQueueCreate(psychtoolbox_forp_id, keysOfInterest);	SCANNER_TRIGGER	83ade79574081031
session#e622e9689424/Show_movie.m	kbqueue	95	KbQueueStart;	SCANNER_TRIGGER	83ade79574081031
session#e622e9689424/Show_movie.m	kbcheck	97	[keyPress, keyTime, keyID] = KbCheck(-1);	SCANNER_TRIGGER	83ade79574081031
session#e622e9689424/Show_movie.m	time	97	[keyPress, keyTime, keyID] = KbCheck(-1);	PSYCHTOOLBOX_TIME	83ade79574081031
session#e622e9689424/Show_movie.m	kbqueue	99	KbQueueWait	SCANNER_TRIGGER	83ade79574081031
session#e622e9689424/Show_movie.m	kbcheck	103	[keyIsDown,secs,keyCode]=KbCheck;	SCANNER_TRIGGER	83ade79574081031
session#e622e9689424/Show_movie.m	playmovie	107	Screen('PlayMovie', movie, 0);	FRAME_TIMING	83ade79574081031
session#e622e9689424/Show_movie.m	frame	116	% Wait for next movie frame, retrieve texture handle to it	FRAME_TIMING	83ade79574081031
session#e622e9689424/Show_movie.m	getmovieimage	118	tex = Screen('GetMovieImage', win, movie);	FRAME_TIMING	83ade79574081031
session#e622e9689424/Show_movie.m	screen('flip'	138	Screen('Flip', win);	PSYCHTOOLBOX_TIME	83ade79574081031
session#e622e9689424/Show_movie.m	playmovie	146	Screen('PlayMovie', movie, 0);	FRAME_TIMING	83ade79574081031
session#e622e9689424/main.m	sync	4	Screen('Preference', 'SkipSyncTests', 0);	SCANNER_TRIGGER	1aab337d9f67bc7f
session#e622e9689424/main.m	results	16	%% check FOV script results that you have written down	SAVE_OPERATION	1aab337d9f67bc7f
session#e622e9689424/main.m	results	23	change_eye = 0; % you can change this parameter based on the results of FOV script	SAVE_OPERATION	1aab337d9f67bc7f
session#e622e9689424/main.m	trigger	26	% press t to start --> this comes from the trigger box	SCANNER_TRIGGER	1aab337d9f67bc7f
session#e622e9689424/main.m	results	40	"'\n Have you deleted the content of the Folder called ""Results""? ' ..."	SAVE_OPERATION	1aab337d9f67bc7f
session#e622e9689424/main.m	results	76	resultdir = 'Results';	SAVE_OPERATION	1aab337d9f67bc7f
session#e622e9689424/main.m	save(	80	save([resultdir '/' (t) '_Subject_is_' comment '_selected_run_id_' num2str(run_id)])	SAVE_OPERATION	1aab337d9f67bc7f
session#595cf15da48d/Show_movie.m	sync	11	Screen('Preference', 'SkipSyncTests', 1);	SCANNER_TRIGGER	83ade79574081031
session#595cf15da48d/Show_movie.m	screen('flip'	75	Screen('Flip', win);	PSYCHTOOLBOX_TIME	83ade79574081031
session#595cf15da48d/Show_movie.m	forp	79	psychtoolbox_forp_id=0;	SCANNER_TRIGGER	83ade79574081031
session#595cf15da48d/Show_movie.m	playmovie	88	Screen('PlayMovie', movie, 1);	FRAME_TIMING	83ade79574081031
session#595cf15da48d/Show_movie.m	trigger	93	% only look for t as trigger	SCANNER_TRIGGER	83ade79574081031
session#595cf15da48d/Show_movie.m	forp	94	KbQueueCreate(psychtoolbox_forp_id, keysOfInterest);	SCANNER_TRIGGER	83ade79574081031
session#595cf15da48d/Show_movie.m	kbqueue	94	KbQueueCreate(psychtoolbox_forp_id, keysOfInterest);	SCANNER_TRIGGER	83ade79574081031
session#595cf15da48d/Show_movie.m	kbqueue	95	KbQueueStart;	SCANNER_TRIGGER	83ade79574081031
session#595cf15da48d/Show_movie.m	kbcheck	97	[keyPress, keyTime, keyID] = KbCheck(-1);	SCANNER_TRIGGER	83ade79574081031
session#595cf15da48d/Show_movie.m	time	97	[keyPress, keyTime, keyID] = KbCheck(-1);	PSYCHTOOLBOX_TIME	83ade79574081031
session#595cf15da48d/Show_movie.m	kbqueue	99	KbQueueWait	SCANNER_TRIGGER	83ade79574081031
session#595cf15da48d/Show_movie.m	kbcheck	103	[keyIsDown,secs,keyCode]=KbCheck;	SCANNER_TRIGGER	83ade79574081031
session#595cf15da48d/Show_movie.m	playmovie	107	Screen('PlayMovie', movie, 0);	FRAME_TIMING	83ade79574081031
session#595cf15da48d/Show_movie.m	frame	116	% Wait for next movie frame, retrieve texture handle to it	FRAME_TIMING	83ade79574081031
session#595cf15da48d/Show_movie.m	getmovieimage	118	tex = Screen('GetMovieImage', win, movie);	FRAME_TIMING	83ade79574081031
session#595cf15da48d/Show_movie.m	screen('flip'	138	Screen('Flip', win);	PSYCHTOOLBOX_TIME	83ade79574081031
session#595cf15da48d/Show_movie.m	playmovie	146	Screen('PlayMovie', movie, 0);	FRAME_TIMING	83ade79574081031
session#595cf15da48d/main.m	sync	4	Screen('Preference', 'SkipSyncTests', 0);	SCANNER_TRIGGER	1aab337d9f67bc7f
session#595cf15da48d/main.m	results	16	%% check FOV script results that you have written down	SAVE_OPERATION	1aab337d9f67bc7f
session#595cf15da48d/main.m	results	23	change_eye = 0; % you can change this parameter based on the results of FOV script	SAVE_OPERATION	1aab337d9f67bc7f
session#595cf15da48d/main.m	trigger	26	% press t to start --> this comes from the trigger box	SCANNER_TRIGGER	1aab337d9f67bc7f
session#595cf15da48d/main.m	results	40	"'\n Have you deleted the content of the Folder called ""Results""? ' ..."	SAVE_OPERATION	1aab337d9f67bc7f
session#595cf15da48d/main.m	results	76	resultdir = 'Results';	SAVE_OPERATION	1aab337d9f67bc7f
session#595cf15da48d/main.m	save(	80	save([resultdir '/' (t) '_Subject_is_' comment '_selected_run_id_' num2str(run_id)])	SAVE_OPERATION	1aab337d9f67bc7f
session#094b076be123/Show_movie.m	sync	11	Screen('Preference', 'SkipSyncTests', 1);	SCANNER_TRIGGER	83ade79574081031
session#094b076be123/Show_movie.m	screen('flip'	75	Screen('Flip', win);	PSYCHTOOLBOX_TIME	83ade79574081031
session#094b076be123/Show_movie.m	forp	79	psychtoolbox_forp_id=0;	SCANNER_TRIGGER	83ade79574081031
session#094b076be123/Show_movie.m	playmovie	88	Screen('PlayMovie', movie, 1);	FRAME_TIMING	83ade79574081031
session#094b076be123/Show_movie.m	trigger	93	% only look for t as trigger	SCANNER_TRIGGER	83ade79574081031
session#094b076be123/Show_movie.m	forp	94	KbQueueCreate(psychtoolbox_forp_id, keysOfInterest);	SCANNER_TRIGGER	83ade79574081031
session#094b076be123/Show_movie.m	kbqueue	94	KbQueueCreate(psychtoolbox_forp_id, keysOfInterest);	SCANNER_TRIGGER	83ade79574081031
session#094b076be123/Show_movie.m	kbqueue	95	KbQueueStart;	SCANNER_TRIGGER	83ade79574081031
session#094b076be123/Show_movie.m	kbcheck	97	[keyPress, keyTime, keyID] = KbCheck(-1);	SCANNER_TRIGGER	83ade79574081031
session#094b076be123/Show_movie.m	time	97	[keyPress, keyTime, keyID] = KbCheck(-1);	PSYCHTOOLBOX_TIME	83ade79574081031
session#094b076be123/Show_movie.m	kbqueue	99	KbQueueWait	SCANNER_TRIGGER	83ade79574081031
session#094b076be123/Show_movie.m	kbcheck	103	[keyIsDown,secs,keyCode]=KbCheck;	SCANNER_TRIGGER	83ade79574081031
session#094b076be123/Show_movie.m	playmovie	107	Screen('PlayMovie', movie, 0);	FRAME_TIMING	83ade79574081031
session#094b076be123/Show_movie.m	frame	116	% Wait for next movie frame, retrieve texture handle to it	FRAME_TIMING	83ade79574081031
session#094b076be123/Show_movie.m	getmovieimage	118	tex = Screen('GetMovieImage', win, movie);	FRAME_TIMING	83ade79574081031
session#094b076be123/Show_movie.m	screen('flip'	138	Screen('Flip', win);	PSYCHTOOLBOX_TIME	83ade79574081031
session#094b076be123/Show_movie.m	playmovie	146	Screen('PlayMovie', movie, 0);	FRAME_TIMING	83ade79574081031
session#094b076be123/main.m	sync	4	Screen('Preference', 'SkipSyncTests', 0);	SCANNER_TRIGGER	1aab337d9f67bc7f
session#094b076be123/main.m	results	16	%% check FOV script results that you have written down	SAVE_OPERATION	1aab337d9f67bc7f
session#094b076be123/main.m	results	23	change_eye = 0; % you can change this parameter based on the results of FOV script	SAVE_OPERATION	1aab337d9f67bc7f
session#094b076be123/main.m	trigger	26	% press t to start --> this comes from the trigger box	SCANNER_TRIGGER	1aab337d9f67bc7f
session#094b076be123/main.m	results	40	"'\n Have you deleted the content of the Folder called ""Results""? ' ..."	SAVE_OPERATION	1aab337d9f67bc7f
session#094b076be123/main.m	results	76	resultdir = 'Results';	SAVE_OPERATION	1aab337d9f67bc7f
session#094b076be123/main.m	save(	80	save([resultdir '/' (t) '_Subject_is_' comment '_selected_run_id_' num2str(run_id)])	SAVE_OPERATION	1aab337d9f67bc7f
session#fd1e923244a5/Show_movie.m	sync	11	Screen('Preference', 'SkipSyncTests', 1);	SCANNER_TRIGGER	83ade79574081031
session#fd1e923244a5/Show_movie.m	screen('flip'	75	Screen('Flip', win);	PSYCHTOOLBOX_TIME	83ade79574081031
session#fd1e923244a5/Show_movie.m	forp	79	psychtoolbox_forp_id=0;	SCANNER_TRIGGER	83ade79574081031
session#fd1e923244a5/Show_movie.m	playmovie	88	Screen('PlayMovie', movie, 1);	FRAME_TIMING	83ade79574081031
session#fd1e923244a5/Show_movie.m	trigger	93	% only look for t as trigger	SCANNER_TRIGGER	83ade79574081031
session#fd1e923244a5/Show_movie.m	forp	94	KbQueueCreate(psychtoolbox_forp_id, keysOfInterest);	SCANNER_TRIGGER	83ade79574081031
session#fd1e923244a5/Show_movie.m	kbqueue	94	KbQueueCreate(psychtoolbox_forp_id, keysOfInterest);	SCANNER_TRIGGER	83ade79574081031
session#fd1e923244a5/Show_movie.m	kbqueue	95	KbQueueStart;	SCANNER_TRIGGER	83ade79574081031
session#fd1e923244a5/Show_movie.m	kbcheck	97	[keyPress, keyTime, keyID] = KbCheck(-1);	SCANNER_TRIGGER	83ade79574081031
session#fd1e923244a5/Show_movie.m	time	97	[keyPress, keyTime, keyID] = KbCheck(-1);	PSYCHTOOLBOX_TIME	83ade79574081031
session#fd1e923244a5/Show_movie.m	kbqueue	99	KbQueueWait	SCANNER_TRIGGER	83ade79574081031
session#fd1e923244a5/Show_movie.m	kbcheck	103	[keyIsDown,secs,keyCode]=KbCheck;	SCANNER_TRIGGER	83ade79574081031
session#fd1e923244a5/Show_movie.m	playmovie	107	Screen('PlayMovie', movie, 0);	FRAME_TIMING	83ade79574081031
session#fd1e923244a5/Show_movie.m	frame	116	% Wait for next movie frame, retrieve texture handle to it	FRAME_TIMING	83ade79574081031
session#fd1e923244a5/Show_movie.m	getmovieimage	118	tex = Screen('GetMovieImage', win, movie);	FRAME_TIMING	83ade79574081031
session#fd1e923244a5/Show_movie.m	screen('flip'	138	Screen('Flip', win);	PSYCHTOOLBOX_TIME	83ade79574081031
session#fd1e923244a5/Show_movie.m	playmovie	146	Screen('PlayMovie', movie, 0);	FRAME_TIMING	83ade79574081031
session#fd1e923244a5/main.m	sync	4	Screen('Preference', 'SkipSyncTests', 0);	SCANNER_TRIGGER	1aab337d9f67bc7f
session#fd1e923244a5/main.m	results	16	%% check FOV script results that you have written down	SAVE_OPERATION	1aab337d9f67bc7f
session#fd1e923244a5/main.m	results	23	change_eye = 0; % you can change this parameter based on the results of FOV script	SAVE_OPERATION	1aab337d9f67bc7f
session#fd1e923244a5/main.m	trigger	26	% press t to start --> this comes from the trigger box	SCANNER_TRIGGER	1aab337d9f67bc7f
session#fd1e923244a5/main.m	results	40	"'\n Have you deleted the content of the Folder called ""Results""? ' ..."	SAVE_OPERATION	1aab337d9f67bc7f
session#fd1e923244a5/main.m	results	76	resultdir = 'Results';	SAVE_OPERATION	1aab337d9f67bc7f
session#fd1e923244a5/main.m	save(	80	save([resultdir '/' (t) '_Subject_is_' comment '_selected_run_id_' num2str(run_id)])	SAVE_OPERATION	1aab337d9f67bc7f
session#1c4811ddc77e/Show_movie.m	sync	11	Screen('Preference', 'SkipSyncTests', 1);	SCANNER_TRIGGER	83ade79574081031
session#1c4811ddc77e/Show_movie.m	screen('flip'	75	Screen('Flip', win);	PSYCHTOOLBOX_TIME	83ade79574081031
session#1c4811ddc77e/Show_movie.m	forp	79	psychtoolbox_forp_id=0;	SCANNER_TRIGGER	83ade79574081031
session#1c4811ddc77e/Show_movie.m	playmovie	88	Screen('PlayMovie', movie, 1);	FRAME_TIMING	83ade79574081031
session#1c4811ddc77e/Show_movie.m	trigger	93	% only look for t as trigger	SCANNER_TRIGGER	83ade79574081031
session#1c4811ddc77e/Show_movie.m	forp	94	KbQueueCreate(psychtoolbox_forp_id, keysOfInterest);	SCANNER_TRIGGER	83ade79574081031
session#1c4811ddc77e/Show_movie.m	kbqueue	94	KbQueueCreate(psychtoolbox_forp_id, keysOfInterest);	SCANNER_TRIGGER	83ade79574081031
session#1c4811ddc77e/Show_movie.m	kbqueue	95	KbQueueStart;	SCANNER_TRIGGER	83ade79574081031
session#1c4811ddc77e/Show_movie.m	kbcheck	97	[keyPress, keyTime, keyID] = KbCheck(-1);	SCANNER_TRIGGER	83ade79574081031
session#1c4811ddc77e/Show_movie.m	time	97	[keyPress, keyTime, keyID] = KbCheck(-1);	PSYCHTOOLBOX_TIME	83ade79574081031
session#1c4811ddc77e/Show_movie.m	kbqueue	99	KbQueueWait	SCANNER_TRIGGER	83ade79574081031
session#1c4811ddc77e/Show_movie.m	kbcheck	103	[keyIsDown,secs,keyCode]=KbCheck;	SCANNER_TRIGGER	83ade79574081031
session#1c4811ddc77e/Show_movie.m	playmovie	107	Screen('PlayMovie', movie, 0);	FRAME_TIMING	83ade79574081031
session#1c4811ddc77e/Show_movie.m	frame	116	% Wait for next movie frame, retrieve texture handle to it	FRAME_TIMING	83ade79574081031
session#1c4811ddc77e/Show_movie.m	getmovieimage	118	tex = Screen('GetMovieImage', win, movie);	FRAME_TIMING	83ade79574081031
session#1c4811ddc77e/Show_movie.m	screen('flip'	138	Screen('Flip', win);	PSYCHTOOLBOX_TIME	83ade79574081031
session#1c4811ddc77e/Show_movie.m	playmovie	146	Screen('PlayMovie', movie, 0);	FRAME_TIMING	83ade79574081031
session#1c4811ddc77e/main.m	sync	4	Screen('Preference', 'SkipSyncTests', 0);	SCANNER_TRIGGER	1aab337d9f67bc7f
session#1c4811ddc77e/main.m	results	16	%% check FOV script results that you have written down	SAVE_OPERATION	1aab337d9f67bc7f
session#1c4811ddc77e/main.m	results	23	change_eye = 0; % you can change this parameter based on the results of FOV script	SAVE_OPERATION	1aab337d9f67bc7f
session#1c4811ddc77e/main.m	trigger	26	% press t to start --> this comes from the trigger box	SCANNER_TRIGGER	1aab337d9f67bc7f
session#1c4811ddc77e/main.m	results	40	"'\n Have you deleted the content of the Folder called ""Results""? ' ..."	SAVE_OPERATION	1aab337d9f67bc7f
session#1c4811ddc77e/main.m	results	76	resultdir = 'Results';	SAVE_OPERATION	1aab337d9f67bc7f
session#1c4811ddc77e/main.m	save(	80	save([resultdir '/' (t) '_Subject_is_' comment '_selected_run_id_' num2str(run_id)])	SAVE_OPERATION	1aab337d9f67bc7f
session#9fb5f417fa5e/Show_movie.m	sync	11	Screen('Preference', 'SkipSyncTests', 1);	SCANNER_TRIGGER	83ade79574081031
session#9fb5f417fa5e/Show_movie.m	screen('flip'	75	Screen('Flip', win);	PSYCHTOOLBOX_TIME	83ade79574081031
session#9fb5f417fa5e/Show_movie.m	forp	79	psychtoolbox_forp_id=0;	SCANNER_TRIGGER	83ade79574081031
session#9fb5f417fa5e/Show_movie.m	playmovie	88	Screen('PlayMovie', movie, 1);	FRAME_TIMING	83ade79574081031
session#9fb5f417fa5e/Show_movie.m	trigger	93	% only look for t as trigger	SCANNER_TRIGGER	83ade79574081031
session#9fb5f417fa5e/Show_movie.m	forp	94	KbQueueCreate(psychtoolbox_forp_id, keysOfInterest);	SCANNER_TRIGGER	83ade79574081031
session#9fb5f417fa5e/Show_movie.m	kbqueue	94	KbQueueCreate(psychtoolbox_forp_id, keysOfInterest);	SCANNER_TRIGGER	83ade79574081031
session#9fb5f417fa5e/Show_movie.m	kbqueue	95	KbQueueStart;	SCANNER_TRIGGER	83ade79574081031
session#9fb5f417fa5e/Show_movie.m	kbcheck	97	[keyPress, keyTime, keyID] = KbCheck(-1);	SCANNER_TRIGGER	83ade79574081031
session#9fb5f417fa5e/Show_movie.m	time	97	[keyPress, keyTime, keyID] = KbCheck(-1);	PSYCHTOOLBOX_TIME	83ade79574081031
session#9fb5f417fa5e/Show_movie.m	kbqueue	99	KbQueueWait	SCANNER_TRIGGER	83ade79574081031
session#9fb5f417fa5e/Show_movie.m	kbcheck	103	[keyIsDown,secs,keyCode]=KbCheck;	SCANNER_TRIGGER	83ade79574081031
session#9fb5f417fa5e/Show_movie.m	playmovie	107	Screen('PlayMovie', movie, 0);	FRAME_TIMING	83ade79574081031
session#9fb5f417fa5e/Show_movie.m	frame	116	% Wait for next movie frame, retrieve texture handle to it	FRAME_TIMING	83ade79574081031
session#9fb5f417fa5e/Show_movie.m	getmovieimage	118	tex = Screen('GetMovieImage', win, movie);	FRAME_TIMING	83ade79574081031
session#9fb5f417fa5e/Show_movie.m	screen('flip'	138	Screen('Flip', win);	PSYCHTOOLBOX_TIME	83ade79574081031
session#9fb5f417fa5e/Show_movie.m	playmovie	146	Screen('PlayMovie', movie, 0);	FRAME_TIMING	83ade79574081031
session#9fb5f417fa5e/main.m	sync	4	Screen('Preference', 'SkipSyncTests', 0);	SCANNER_TRIGGER	1aab337d9f67bc7f
session#9fb5f417fa5e/main.m	results	16	%% check FOV script results that you have written down	SAVE_OPERATION	1aab337d9f67bc7f
session#9fb5f417fa5e/main.m	results	23	change_eye = 0; % you can change this parameter based on the results of FOV script	SAVE_OPERATION	1aab337d9f67bc7f
session#9fb5f417fa5e/main.m	trigger	26	% press t to start --> this comes from the trigger box	SCANNER_TRIGGER	1aab337d9f67bc7f
session#9fb5f417fa5e/main.m	results	40	"'\n Have you deleted the content of the Folder called ""Results""? ' ..."	SAVE_OPERATION	1aab337d9f67bc7f
session#9fb5f417fa5e/main.m	results	76	resultdir = 'Results';	SAVE_OPERATION	1aab337d9f67bc7f
session#9fb5f417fa5e/main.m	save(	80	save([resultdir '/' (t) '_Subject_is_' comment '_selected_run_id_' num2str(run_id)])	SAVE_OPERATION	1aab337d9f67bc7f
session#7a483708487c/Show_movie.m	sync	11	Screen('Preference', 'SkipSyncTests', 1);	SCANNER_TRIGGER	83ade79574081031
session#7a483708487c/Show_movie.m	screen('flip'	75	Screen('Flip', win);	PSYCHTOOLBOX_TIME	83ade79574081031
session#7a483708487c/Show_movie.m	forp	79	psychtoolbox_forp_id=0;	SCANNER_TRIGGER	83ade79574081031
session#7a483708487c/Show_movie.m	playmovie	88	Screen('PlayMovie', movie, 1);	FRAME_TIMING	83ade79574081031
session#7a483708487c/Show_movie.m	trigger	93	% only look for t as trigger	SCANNER_TRIGGER	83ade79574081031
session#7a483708487c/Show_movie.m	forp	94	KbQueueCreate(psychtoolbox_forp_id, keysOfInterest);	SCANNER_TRIGGER	83ade79574081031
session#7a483708487c/Show_movie.m	kbqueue	94	KbQueueCreate(psychtoolbox_forp_id, keysOfInterest);	SCANNER_TRIGGER	83ade79574081031
session#7a483708487c/Show_movie.m	kbqueue	95	KbQueueStart;	SCANNER_TRIGGER	83ade79574081031
session#7a483708487c/Show_movie.m	kbcheck	97	[keyPress, keyTime, keyID] = KbCheck(-1);	SCANNER_TRIGGER	83ade79574081031
session#7a483708487c/Show_movie.m	time	97	[keyPress, keyTime, keyID] = KbCheck(-1);	PSYCHTOOLBOX_TIME	83ade79574081031
session#7a483708487c/Show_movie.m	kbqueue	99	KbQueueWait	SCANNER_TRIGGER	83ade79574081031
session#7a483708487c/Show_movie.m	kbcheck	103	[keyIsDown,secs,keyCode]=KbCheck;	SCANNER_TRIGGER	83ade79574081031
session#7a483708487c/Show_movie.m	playmovie	107	Screen('PlayMovie', movie, 0);	FRAME_TIMING	83ade79574081031
session#7a483708487c/Show_movie.m	frame	116	% Wait for next movie frame, retrieve texture handle to it	FRAME_TIMING	83ade79574081031
session#7a483708487c/Show_movie.m	getmovieimage	118	tex = Screen('GetMovieImage', win, movie);	FRAME_TIMING	83ade79574081031
session#7a483708487c/Show_movie.m	screen('flip'	138	Screen('Flip', win);	PSYCHTOOLBOX_TIME	83ade79574081031
session#7a483708487c/Show_movie.m	playmovie	146	Screen('PlayMovie', movie, 0);	FRAME_TIMING	83ade79574081031
session#7a483708487c/main.m	sync	4	Screen('Preference', 'SkipSyncTests', 0);	SCANNER_TRIGGER	1aab337d9f67bc7f
session#7a483708487c/main.m	results	16	%% check FOV script results that you have written down	SAVE_OPERATION	1aab337d9f67bc7f
session#7a483708487c/main.m	results	23	change_eye = 0; % you can change this parameter based on the results of FOV script	SAVE_OPERATION	1aab337d9f67bc7f
session#7a483708487c/main.m	trigger	26	% press t to start --> this comes from the trigger box	SCANNER_TRIGGER	1aab337d9f67bc7f
session#7a483708487c/main.m	results	40	"'\n Have you deleted the content of the Folder called ""Results""? ' ..."	SAVE_OPERATION	1aab337d9f67bc7f
session#7a483708487c/main.m	results	76	resultdir = 'Results';	SAVE_OPERATION	1aab337d9f67bc7f
session#7a483708487c/main.m	save(	80	save([resultdir '/' (t) '_Subject_is_' comment '_selected_run_id_' num2str(run_id)])	SAVE_OPERATION	1aab337d9f67bc7f
session#686e11d0b097/Show_movie.m	sync	11	Screen('Preference', 'SkipSyncTests', 1);	SCANNER_TRIGGER	83ade79574081031
session#686e11d0b097/Show_movie.m	screen('flip'	75	Screen('Flip', win);	PSYCHTOOLBOX_TIME	83ade79574081031
session#686e11d0b097/Show_movie.m	forp	79	psychtoolbox_forp_id=0;	SCANNER_TRIGGER	83ade79574081031
session#686e11d0b097/Show_movie.m	playmovie	88	Screen('PlayMovie', movie, 1);	FRAME_TIMING	83ade79574081031
session#686e11d0b097/Show_movie.m	trigger	93	% only look for t as trigger	SCANNER_TRIGGER	83ade79574081031
session#686e11d0b097/Show_movie.m	forp	94	KbQueueCreate(psychtoolbox_forp_id, keysOfInterest);	SCANNER_TRIGGER	83ade79574081031
session#686e11d0b097/Show_movie.m	kbqueue	94	KbQueueCreate(psychtoolbox_forp_id, keysOfInterest);	SCANNER_TRIGGER	83ade79574081031
session#686e11d0b097/Show_movie.m	kbqueue	95	KbQueueStart;	SCANNER_TRIGGER	83ade79574081031
session#686e11d0b097/Show_movie.m	kbcheck	97	[keyPress, keyTime, keyID] = KbCheck(-1);	SCANNER_TRIGGER	83ade79574081031
session#686e11d0b097/Show_movie.m	time	97	[keyPress, keyTime, keyID] = KbCheck(-1);	PSYCHTOOLBOX_TIME	83ade79574081031
session#686e11d0b097/Show_movie.m	kbqueue	99	KbQueueWait	SCANNER_TRIGGER	83ade79574081031
session#686e11d0b097/Show_movie.m	kbcheck	103	[keyIsDown,secs,keyCode]=KbCheck;	SCANNER_TRIGGER	83ade79574081031
session#686e11d0b097/Show_movie.m	playmovie	107	Screen('PlayMovie', movie, 0);	FRAME_TIMING	83ade79574081031
session#686e11d0b097/Show_movie.m	frame	116	% Wait for next movie frame, retrieve texture handle to it	FRAME_TIMING	83ade79574081031
session#686e11d0b097/Show_movie.m	getmovieimage	118	tex = Screen('GetMovieImage', win, movie);	FRAME_TIMING	83ade79574081031
session#686e11d0b097/Show_movie.m	screen('flip'	138	Screen('Flip', win);	PSYCHTOOLBOX_TIME	83ade79574081031
session#686e11d0b097/Show_movie.m	playmovie	146	Screen('PlayMovie', movie, 0);	FRAME_TIMING	83ade79574081031
session#686e11d0b097/main.m	sync	4	Screen('Preference', 'SkipSyncTests', 0);	SCANNER_TRIGGER	1aab337d9f67bc7f
session#686e11d0b097/main.m	results	16	%% check FOV script results that you have written down	SAVE_OPERATION	1aab337d9f67bc7f
session#686e11d0b097/main.m	results	23	change_eye = 0; % you can change this parameter based on the results of FOV script	SAVE_OPERATION	1aab337d9f67bc7f
session#686e11d0b097/main.m	trigger	26	% press t to start --> this comes from the trigger box	SCANNER_TRIGGER	1aab337d9f67bc7f
session#686e11d0b097/main.m	results	40	"'\n Have you deleted the content of the Folder called ""Results""? ' ..."	SAVE_OPERATION	1aab337d9f67bc7f
session#686e11d0b097/main.m	results	76	resultdir = 'Results';	SAVE_OPERATION	1aab337d9f67bc7f
session#686e11d0b097/main.m	save(	80	save([resultdir '/' (t) '_Subject_is_' comment '_selected_run_id_' num2str(run_id)])	SAVE_OPERATION	1aab337d9f67bc7f
session#3385e13e2342/Show_movie.m	sync	11	Screen('Preference', 'SkipSyncTests', 1);	SCANNER_TRIGGER	83ade79574081031
session#3385e13e2342/Show_movie.m	screen('flip'	75	Screen('Flip', win);	PSYCHTOOLBOX_TIME	83ade79574081031
session#3385e13e2342/Show_movie.m	forp	79	psychtoolbox_forp_id=0;	SCANNER_TRIGGER	83ade79574081031
session#3385e13e2342/Show_movie.m	playmovie	88	Screen('PlayMovie', movie, 1);	FRAME_TIMING	83ade79574081031
session#3385e13e2342/Show_movie.m	trigger	93	% only look for t as trigger	SCANNER_TRIGGER	83ade79574081031
session#3385e13e2342/Show_movie.m	forp	94	KbQueueCreate(psychtoolbox_forp_id, keysOfInterest);	SCANNER_TRIGGER	83ade79574081031
session#3385e13e2342/Show_movie.m	kbqueue	94	KbQueueCreate(psychtoolbox_forp_id, keysOfInterest);	SCANNER_TRIGGER	83ade79574081031
session#3385e13e2342/Show_movie.m	kbqueue	95	KbQueueStart;	SCANNER_TRIGGER	83ade79574081031
session#3385e13e2342/Show_movie.m	kbcheck	97	[keyPress, keyTime, keyID] = KbCheck(-1);	SCANNER_TRIGGER	83ade79574081031
session#3385e13e2342/Show_movie.m	time	97	[keyPress, keyTime, keyID] = KbCheck(-1);	PSYCHTOOLBOX_TIME	83ade79574081031
session#3385e13e2342/Show_movie.m	kbqueue	99	KbQueueWait	SCANNER_TRIGGER	83ade79574081031
session#3385e13e2342/Show_movie.m	kbcheck	103	[keyIsDown,secs,keyCode]=KbCheck;	SCANNER_TRIGGER	83ade79574081031
session#3385e13e2342/Show_movie.m	playmovie	107	Screen('PlayMovie', movie, 0);	FRAME_TIMING	83ade79574081031
session#3385e13e2342/Show_movie.m	frame	116	% Wait for next movie frame, retrieve texture handle to it	FRAME_TIMING	83ade79574081031
session#3385e13e2342/Show_movie.m	getmovieimage	118	tex = Screen('GetMovieImage', win, movie);	FRAME_TIMING	83ade79574081031
session#3385e13e2342/Show_movie.m	screen('flip'	138	Screen('Flip', win);	PSYCHTOOLBOX_TIME	83ade79574081031
session#3385e13e2342/Show_movie.m	playmovie	146	Screen('PlayMovie', movie, 0);	FRAME_TIMING	83ade79574081031
session#3385e13e2342/main.m	sync	4	Screen('Preference', 'SkipSyncTests', 0);	SCANNER_TRIGGER	1aab337d9f67bc7f
session#3385e13e2342/main.m	results	16	%% check FOV script results that you have written down	SAVE_OPERATION	1aab337d9f67bc7f
session#3385e13e2342/main.m	results	23	change_eye = 0; % you can change this parameter based on the results of FOV script	SAVE_OPERATION	1aab337d9f67bc7f
session#3385e13e2342/main.m	trigger	26	% press t to start --> this comes from the trigger box	SCANNER_TRIGGER	1aab337d9f67bc7f
session#3385e13e2342/main.m	results	40	"'\n Have you deleted the content of the Folder called ""Results""? ' ..."	SAVE_OPERATION	1aab337d9f67bc7f
session#3385e13e2342/main.m	results	76	resultdir = 'Results';	SAVE_OPERATION	1aab337d9f67bc7f
session#3385e13e2342/main.m	save(	80	save([resultdir '/' (t) '_Subject_is_' comment '_selected_run_id_' num2str(run_id)])	SAVE_OPERATION	1aab337d9f67bc7f
session#bffd09c328eb/Show_movie.m	sync	11	Screen('Preference', 'SkipSyncTests', 1);	SCANNER_TRIGGER	83ade79574081031
session#bffd09c328eb/Show_movie.m	screen('flip'	75	Screen('Flip', win);	PSYCHTOOLBOX_TIME	83ade79574081031
session#bffd09c328eb/Show_movie.m	forp	79	psychtoolbox_forp_id=0;	SCANNER_TRIGGER	83ade79574081031
session#bffd09c328eb/Show_movie.m	playmovie	88	Screen('PlayMovie', movie, 1);	FRAME_TIMING	83ade79574081031
session#bffd09c328eb/Show_movie.m	trigger	93	% only look for t as trigger	SCANNER_TRIGGER	83ade79574081031
session#bffd09c328eb/Show_movie.m	forp	94	KbQueueCreate(psychtoolbox_forp_id, keysOfInterest);	SCANNER_TRIGGER	83ade79574081031
session#bffd09c328eb/Show_movie.m	kbqueue	94	KbQueueCreate(psychtoolbox_forp_id, keysOfInterest);	SCANNER_TRIGGER	83ade79574081031
session#bffd09c328eb/Show_movie.m	kbqueue	95	KbQueueStart;	SCANNER_TRIGGER	83ade79574081031
session#bffd09c328eb/Show_movie.m	kbcheck	97	[keyPress, keyTime, keyID] = KbCheck(-1);	SCANNER_TRIGGER	83ade79574081031
session#bffd09c328eb/Show_movie.m	time	97	[keyPress, keyTime, keyID] = KbCheck(-1);	PSYCHTOOLBOX_TIME	83ade79574081031
session#bffd09c328eb/Show_movie.m	kbqueue	99	KbQueueWait	SCANNER_TRIGGER	83ade79574081031
session#bffd09c328eb/Show_movie.m	kbcheck	103	[keyIsDown,secs,keyCode]=KbCheck;	SCANNER_TRIGGER	83ade79574081031
session#bffd09c328eb/Show_movie.m	playmovie	107	Screen('PlayMovie', movie, 0);	FRAME_TIMING	83ade79574081031
session#bffd09c328eb/Show_movie.m	frame	116	% Wait for next movie frame, retrieve texture handle to it	FRAME_TIMING	83ade79574081031
session#bffd09c328eb/Show_movie.m	getmovieimage	118	tex = Screen('GetMovieImage', win, movie);	FRAME_TIMING	83ade79574081031
session#bffd09c328eb/Show_movie.m	screen('flip'	138	Screen('Flip', win);	PSYCHTOOLBOX_TIME	83ade79574081031
session#bffd09c328eb/Show_movie.m	playmovie	146	Screen('PlayMovie', movie, 0);	FRAME_TIMING	83ade79574081031
session#bffd09c328eb/main.m	sync	4	Screen('Preference', 'SkipSyncTests', 0);	SCANNER_TRIGGER	1aab337d9f67bc7f
session#bffd09c328eb/main.m	results	16	%% check FOV script results that you have written down	SAVE_OPERATION	1aab337d9f67bc7f
session#bffd09c328eb/main.m	results	23	change_eye = 0; % you can change this parameter based on the results of FOV script	SAVE_OPERATION	1aab337d9f67bc7f
session#bffd09c328eb/main.m	trigger	26	% press t to start --> this comes from the trigger box	SCANNER_TRIGGER	1aab337d9f67bc7f
session#bffd09c328eb/main.m	results	40	"'\n Have you deleted the content of the Folder called ""Results""? ' ..."	SAVE_OPERATION	1aab337d9f67bc7f
session#bffd09c328eb/main.m	results	76	resultdir = 'Results';	SAVE_OPERATION	1aab337d9f67bc7f
session#bffd09c328eb/main.m	save(	80	save([resultdir '/' (t) '_Subject_is_' comment '_selected_run_id_' num2str(run_id)])	SAVE_OPERATION	1aab337d9f67bc7f
session#6d8e182b41f9/Show_movie.m	sync	11	Screen('Preference', 'SkipSyncTests', 1);	SCANNER_TRIGGER	83ade79574081031
session#6d8e182b41f9/Show_movie.m	screen('flip'	75	Screen('Flip', win);	PSYCHTOOLBOX_TIME	83ade79574081031
session#6d8e182b41f9/Show_movie.m	forp	79	psychtoolbox_forp_id=0;	SCANNER_TRIGGER	83ade79574081031
session#6d8e182b41f9/Show_movie.m	playmovie	88	Screen('PlayMovie', movie, 1);	FRAME_TIMING	83ade79574081031
session#6d8e182b41f9/Show_movie.m	trigger	93	% only look for t as trigger	SCANNER_TRIGGER	83ade79574081031
session#6d8e182b41f9/Show_movie.m	forp	94	KbQueueCreate(psychtoolbox_forp_id, keysOfInterest);	SCANNER_TRIGGER	83ade79574081031
session#6d8e182b41f9/Show_movie.m	kbqueue	94	KbQueueCreate(psychtoolbox_forp_id, keysOfInterest);	SCANNER_TRIGGER	83ade79574081031
session#6d8e182b41f9/Show_movie.m	kbqueue	95	KbQueueStart;	SCANNER_TRIGGER	83ade79574081031
session#6d8e182b41f9/Show_movie.m	kbcheck	97	[keyPress, keyTime, keyID] = KbCheck(-1);	SCANNER_TRIGGER	83ade79574081031
session#6d8e182b41f9/Show_movie.m	time	97	[keyPress, keyTime, keyID] = KbCheck(-1);	PSYCHTOOLBOX_TIME	83ade79574081031
session#6d8e182b41f9/Show_movie.m	kbqueue	99	KbQueueWait	SCANNER_TRIGGER	83ade79574081031
session#6d8e182b41f9/Show_movie.m	kbcheck	103	[keyIsDown,secs,keyCode]=KbCheck;	SCANNER_TRIGGER	83ade79574081031
session#6d8e182b41f9/Show_movie.m	playmovie	107	Screen('PlayMovie', movie, 0);	FRAME_TIMING	83ade79574081031
session#6d8e182b41f9/Show_movie.m	frame	116	% Wait for next movie frame, retrieve texture handle to it	FRAME_TIMING	83ade79574081031
session#6d8e182b41f9/Show_movie.m	getmovieimage	118	tex = Screen('GetMovieImage', win, movie);	FRAME_TIMING	83ade79574081031
session#6d8e182b41f9/Show_movie.m	screen('flip'	138	Screen('Flip', win);	PSYCHTOOLBOX_TIME	83ade79574081031
session#6d8e182b41f9/Show_movie.m	playmovie	146	Screen('PlayMovie', movie, 0);	FRAME_TIMING	83ade79574081031
session#6d8e182b41f9/main.m	sync	4	Screen('Preference', 'SkipSyncTests', 0);	SCANNER_TRIGGER	1aab337d9f67bc7f
session#6d8e182b41f9/main.m	results	16	%% check FOV script results that you have written down	SAVE_OPERATION	1aab337d9f67bc7f
session#6d8e182b41f9/main.m	results	23	change_eye = 0; % you can change this parameter based on the results of FOV script	SAVE_OPERATION	1aab337d9f67bc7f
session#6d8e182b41f9/main.m	trigger	26	% press t to start --> this comes from the trigger box	SCANNER_TRIGGER	1aab337d9f67bc7f
session#6d8e182b41f9/main.m	results	40	"'\n Have you deleted the content of the Folder called ""Results""? ' ..."	SAVE_OPERATION	1aab337d9f67bc7f
session#6d8e182b41f9/main.m	results	76	resultdir = 'Results';	SAVE_OPERATION	1aab337d9f67bc7f
session#6d8e182b41f9/main.m	save(	80	save([resultdir '/' (t) '_Subject_is_' comment '_selected_run_id_' num2str(run_id)])	SAVE_OPERATION	1aab337d9f67bc7f
session#78a747fca517/Show_movie.m	sync	11	Screen('Preference', 'SkipSyncTests', 1);	SCANNER_TRIGGER	83ade79574081031
session#78a747fca517/Show_movie.m	screen('flip'	75	Screen('Flip', win);	PSYCHTOOLBOX_TIME	83ade79574081031
session#78a747fca517/Show_movie.m	forp	79	psychtoolbox_forp_id=0;	SCANNER_TRIGGER	83ade79574081031
session#78a747fca517/Show_movie.m	playmovie	88	Screen('PlayMovie', movie, 1);	FRAME_TIMING	83ade79574081031
session#78a747fca517/Show_movie.m	trigger	93	% only look for t as trigger	SCANNER_TRIGGER	83ade79574081031
session#78a747fca517/Show_movie.m	forp	94	KbQueueCreate(psychtoolbox_forp_id, keysOfInterest);	SCANNER_TRIGGER	83ade79574081031
session#78a747fca517/Show_movie.m	kbqueue	94	KbQueueCreate(psychtoolbox_forp_id, keysOfInterest);	SCANNER_TRIGGER	83ade79574081031
session#78a747fca517/Show_movie.m	kbqueue	95	KbQueueStart;	SCANNER_TRIGGER	83ade79574081031
session#78a747fca517/Show_movie.m	kbcheck	97	[keyPress, keyTime, keyID] = KbCheck(-1);	SCANNER_TRIGGER	83ade79574081031
session#78a747fca517/Show_movie.m	time	97	[keyPress, keyTime, keyID] = KbCheck(-1);	PSYCHTOOLBOX_TIME	83ade79574081031
session#78a747fca517/Show_movie.m	kbqueue	99	KbQueueWait	SCANNER_TRIGGER	83ade79574081031
session#78a747fca517/Show_movie.m	kbcheck	103	[keyIsDown,secs,keyCode]=KbCheck;	SCANNER_TRIGGER	83ade79574081031
session#78a747fca517/Show_movie.m	playmovie	107	Screen('PlayMovie', movie, 0);	FRAME_TIMING	83ade79574081031
session#78a747fca517/Show_movie.m	frame	116	% Wait for next movie frame, retrieve texture handle to it	FRAME_TIMING	83ade79574081031
session#78a747fca517/Show_movie.m	getmovieimage	118	tex = Screen('GetMovieImage', win, movie);	FRAME_TIMING	83ade79574081031
session#78a747fca517/Show_movie.m	screen('flip'	138	Screen('Flip', win);	PSYCHTOOLBOX_TIME	83ade79574081031
session#78a747fca517/Show_movie.m	playmovie	146	Screen('PlayMovie', movie, 0);	FRAME_TIMING	83ade79574081031
session#78a747fca517/main.m	sync	4	Screen('Preference', 'SkipSyncTests', 0);	SCANNER_TRIGGER	1aab337d9f67bc7f
session#78a747fca517/main.m	results	16	%% check FOV script results that you have written down	SAVE_OPERATION	1aab337d9f67bc7f
session#78a747fca517/main.m	results	23	change_eye = 0; % you can change this parameter based on the results of FOV script	SAVE_OPERATION	1aab337d9f67bc7f
session#78a747fca517/main.m	trigger	26	% press t to start --> this comes from the trigger box	SCANNER_TRIGGER	1aab337d9f67bc7f
session#78a747fca517/main.m	results	40	"'\n Have you deleted the content of the Folder called ""Results""? ' ..."	SAVE_OPERATION	1aab337d9f67bc7f
session#78a747fca517/main.m	results	76	resultdir = 'Results';	SAVE_OPERATION	1aab337d9f67bc7f
session#78a747fca517/main.m	save(	80	save([resultdir '/' (t) '_Subject_is_' comment '_selected_run_id_' num2str(run_id)])	SAVE_OPERATION	1aab337d9f67bc7f
session#c74851b694de/Show_movie.m	sync	11	Screen('Preference', 'SkipSyncTests', 1);	SCANNER_TRIGGER	83ade79574081031
session#c74851b694de/Show_movie.m	screen('flip'	75	Screen('Flip', win);	PSYCHTOOLBOX_TIME	83ade79574081031
session#c74851b694de/Show_movie.m	forp	79	psychtoolbox_forp_id=0;	SCANNER_TRIGGER	83ade79574081031
session#c74851b694de/Show_movie.m	playmovie	88	Screen('PlayMovie', movie, 1);	FRAME_TIMING	83ade79574081031
session#c74851b694de/Show_movie.m	trigger	93	% only look for t as trigger	SCANNER_TRIGGER	83ade79574081031
session#c74851b694de/Show_movie.m	forp	94	KbQueueCreate(psychtoolbox_forp_id, keysOfInterest);	SCANNER_TRIGGER	83ade79574081031
session#c74851b694de/Show_movie.m	kbqueue	94	KbQueueCreate(psychtoolbox_forp_id, keysOfInterest);	SCANNER_TRIGGER	83ade79574081031
session#c74851b694de/Show_movie.m	kbqueue	95	KbQueueStart;	SCANNER_TRIGGER	83ade79574081031
session#c74851b694de/Show_movie.m	kbcheck	97	[keyPress, keyTime, keyID] = KbCheck(-1);	SCANNER_TRIGGER	83ade79574081031
session#c74851b694de/Show_movie.m	time	97	[keyPress, keyTime, keyID] = KbCheck(-1);	PSYCHTOOLBOX_TIME	83ade79574081031
session#c74851b694de/Show_movie.m	kbqueue	99	KbQueueWait	SCANNER_TRIGGER	83ade79574081031
session#c74851b694de/Show_movie.m	kbcheck	103	[keyIsDown,secs,keyCode]=KbCheck;	SCANNER_TRIGGER	83ade79574081031
session#c74851b694de/Show_movie.m	playmovie	107	Screen('PlayMovie', movie, 0);	FRAME_TIMING	83ade79574081031
session#c74851b694de/Show_movie.m	frame	116	% Wait for next movie frame, retrieve texture handle to it	FRAME_TIMING	83ade79574081031
session#c74851b694de/Show_movie.m	getmovieimage	118	tex = Screen('GetMovieImage', win, movie);	FRAME_TIMING	83ade79574081031
session#c74851b694de/Show_movie.m	screen('flip'	138	Screen('Flip', win);	PSYCHTOOLBOX_TIME	83ade79574081031
session#c74851b694de/Show_movie.m	playmovie	146	Screen('PlayMovie', movie, 0);	FRAME_TIMING	83ade79574081031
session#c74851b694de/main.m	sync	4	Screen('Preference', 'SkipSyncTests', 0);	SCANNER_TRIGGER	1aab337d9f67bc7f
session#c74851b694de/main.m	results	16	%% check FOV script results that you have written down	SAVE_OPERATION	1aab337d9f67bc7f
session#c74851b694de/main.m	results	23	change_eye = 0; % you can change this parameter based on the results of FOV script	SAVE_OPERATION	1aab337d9f67bc7f
session#c74851b694de/main.m	trigger	26	% press t to start --> this comes from the trigger box	SCANNER_TRIGGER	1aab337d9f67bc7f
session#c74851b694de/main.m	results	40	"'\n Have you deleted the content of the Folder called ""Results""? ' ..."	SAVE_OPERATION	1aab337d9f67bc7f
session#c74851b694de/main.m	results	76	resultdir = 'Results';	SAVE_OPERATION	1aab337d9f67bc7f
session#c74851b694de/main.m	save(	80	save([resultdir '/' (t) '_Subject_is_' comment '_selected_run_id_' num2str(run_id)])	SAVE_OPERATION	1aab337d9f67bc7f
session#2045d140d8a1/Show_movie.m	sync	11	Screen('Preference', 'SkipSyncTests', 1);	SCANNER_TRIGGER	83ade79574081031
session#2045d140d8a1/Show_movie.m	screen('flip'	75	Screen('Flip', win);	PSYCHTOOLBOX_TIME	83ade79574081031
session#2045d140d8a1/Show_movie.m	forp	79	psychtoolbox_forp_id=0;	SCANNER_TRIGGER	83ade79574081031
session#2045d140d8a1/Show_movie.m	playmovie	88	Screen('PlayMovie', movie, 1);	FRAME_TIMING	83ade79574081031
session#2045d140d8a1/Show_movie.m	trigger	93	% only look for t as trigger	SCANNER_TRIGGER	83ade79574081031
session#2045d140d8a1/Show_movie.m	forp	94	KbQueueCreate(psychtoolbox_forp_id, keysOfInterest);	SCANNER_TRIGGER	83ade79574081031
session#2045d140d8a1/Show_movie.m	kbqueue	94	KbQueueCreate(psychtoolbox_forp_id, keysOfInterest);	SCANNER_TRIGGER	83ade79574081031
session#2045d140d8a1/Show_movie.m	kbqueue	95	KbQueueStart;	SCANNER_TRIGGER	83ade79574081031
session#2045d140d8a1/Show_movie.m	kbcheck	97	[keyPress, keyTime, keyID] = KbCheck(-1);	SCANNER_TRIGGER	83ade79574081031
session#2045d140d8a1/Show_movie.m	time	97	[keyPress, keyTime, keyID] = KbCheck(-1);	PSYCHTOOLBOX_TIME	83ade79574081031
session#2045d140d8a1/Show_movie.m	kbqueue	99	KbQueueWait	SCANNER_TRIGGER	83ade79574081031
session#2045d140d8a1/Show_movie.m	kbcheck	103	[keyIsDown,secs,keyCode]=KbCheck;	SCANNER_TRIGGER	83ade79574081031
session#2045d140d8a1/Show_movie.m	playmovie	107	Screen('PlayMovie', movie, 0);	FRAME_TIMING	83ade79574081031
session#2045d140d8a1/Show_movie.m	frame	116	% Wait for next movie frame, retrieve texture handle to it	FRAME_TIMING	83ade79574081031
session#2045d140d8a1/Show_movie.m	getmovieimage	118	tex = Screen('GetMovieImage', win, movie);	FRAME_TIMING	83ade79574081031
session#2045d140d8a1/Show_movie.m	screen('flip'	138	Screen('Flip', win);	PSYCHTOOLBOX_TIME	83ade79574081031
session#2045d140d8a1/Show_movie.m	playmovie	146	Screen('PlayMovie', movie, 0);	FRAME_TIMING	83ade79574081031
session#2045d140d8a1/main.m	sync	4	Screen('Preference', 'SkipSyncTests', 0);	SCANNER_TRIGGER	1aab337d9f67bc7f
session#2045d140d8a1/main.m	results	16	%% check FOV script results that you have written down	SAVE_OPERATION	1aab337d9f67bc7f
session#2045d140d8a1/main.m	results	23	change_eye = 0; % you can change this parameter based on the results of FOV script	SAVE_OPERATION	1aab337d9f67bc7f
session#2045d140d8a1/main.m	trigger	26	% press t to start --> this comes from the trigger box	SCANNER_TRIGGER	1aab337d9f67bc7f
session#2045d140d8a1/main.m	results	40	"'\n Have you deleted the content of the Folder called ""Results""? ' ..."	SAVE_OPERATION	1aab337d9f67bc7f
session#2045d140d8a1/main.m	results	76	resultdir = 'Results';	SAVE_OPERATION	1aab337d9f67bc7f
session#2045d140d8a1/main.m	save(	80	save([resultdir '/' (t) '_Subject_is_' comment '_selected_run_id_' num2str(run_id)])	SAVE_OPERATION	1aab337d9f67bc7f
session#63a63d656fe7/Show_movie.m	sync	11	Screen('Preference', 'SkipSyncTests', 1);	SCANNER_TRIGGER	83ade79574081031
session#63a63d656fe7/Show_movie.m	screen('flip'	75	Screen('Flip', win);	PSYCHTOOLBOX_TIME	83ade79574081031
session#63a63d656fe7/Show_movie.m	forp	79	psychtoolbox_forp_id=0;	SCANNER_TRIGGER	83ade79574081031
session#63a63d656fe7/Show_movie.m	playmovie	88	Screen('PlayMovie', movie, 1);	FRAME_TIMING	83ade79574081031
session#63a63d656fe7/Show_movie.m	trigger	93	% only look for t as trigger	SCANNER_TRIGGER	83ade79574081031
session#63a63d656fe7/Show_movie.m	forp	94	KbQueueCreate(psychtoolbox_forp_id, keysOfInterest);	SCANNER_TRIGGER	83ade79574081031
session#63a63d656fe7/Show_movie.m	kbqueue	94	KbQueueCreate(psychtoolbox_forp_id, keysOfInterest);	SCANNER_TRIGGER	83ade79574081031
session#63a63d656fe7/Show_movie.m	kbqueue	95	KbQueueStart;	SCANNER_TRIGGER	83ade79574081031
session#63a63d656fe7/Show_movie.m	kbcheck	97	[keyPress, keyTime, keyID] = KbCheck(-1);	SCANNER_TRIGGER	83ade79574081031
session#63a63d656fe7/Show_movie.m	time	97	[keyPress, keyTime, keyID] = KbCheck(-1);	PSYCHTOOLBOX_TIME	83ade79574081031
session#63a63d656fe7/Show_movie.m	kbqueue	99	KbQueueWait	SCANNER_TRIGGER	83ade79574081031
session#63a63d656fe7/Show_movie.m	kbcheck	103	[keyIsDown,secs,keyCode]=KbCheck;	SCANNER_TRIGGER	83ade79574081031
session#63a63d656fe7/Show_movie.m	playmovie	107	Screen('PlayMovie', movie, 0);	FRAME_TIMING	83ade79574081031
session#63a63d656fe7/Show_movie.m	frame	116	% Wait for next movie frame, retrieve texture handle to it	FRAME_TIMING	83ade79574081031
session#63a63d656fe7/Show_movie.m	getmovieimage	118	tex = Screen('GetMovieImage', win, movie);	FRAME_TIMING	83ade79574081031
session#63a63d656fe7/Show_movie.m	screen('flip'	138	Screen('Flip', win);	PSYCHTOOLBOX_TIME	83ade79574081031
session#63a63d656fe7/Show_movie.m	playmovie	146	Screen('PlayMovie', movie, 0);	FRAME_TIMING	83ade79574081031
session#63a63d656fe7/main.m	sync	4	Screen('Preference', 'SkipSyncTests', 0);	SCANNER_TRIGGER	1aab337d9f67bc7f
session#63a63d656fe7/main.m	results	16	%% check FOV script results that you have written down	SAVE_OPERATION	1aab337d9f67bc7f
session#63a63d656fe7/main.m	results	23	change_eye = 0; % you can change this parameter based on the results of FOV script	SAVE_OPERATION	1aab337d9f67bc7f
session#63a63d656fe7/main.m	trigger	26	% press t to start --> this comes from the trigger box	SCANNER_TRIGGER	1aab337d9f67bc7f
session#63a63d656fe7/main.m	results	40	"'\n Have you deleted the content of the Folder called ""Results""? ' ..."	SAVE_OPERATION	1aab337d9f67bc7f
session#63a63d656fe7/main.m	results	76	resultdir = 'Results';	SAVE_OPERATION	1aab337d9f67bc7f
session#63a63d656fe7/main.m	save(	80	save([resultdir '/' (t) '_Subject_is_' comment '_selected_run_id_' num2str(run_id)])	SAVE_OPERATION	1aab337d9f67bc7f
session#85af935837ee/Show_movie.m	sync	11	Screen('Preference', 'SkipSyncTests', 1);	SCANNER_TRIGGER	83ade79574081031
session#85af935837ee/Show_movie.m	screen('flip'	75	Screen('Flip', win);	PSYCHTOOLBOX_TIME	83ade79574081031
session#85af935837ee/Show_movie.m	forp	79	psychtoolbox_forp_id=0;	SCANNER_TRIGGER	83ade79574081031
session#85af935837ee/Show_movie.m	playmovie	88	Screen('PlayMovie', movie, 1);	FRAME_TIMING	83ade79574081031
session#85af935837ee/Show_movie.m	trigger	93	% only look for t as trigger	SCANNER_TRIGGER	83ade79574081031
session#85af935837ee/Show_movie.m	forp	94	KbQueueCreate(psychtoolbox_forp_id, keysOfInterest);	SCANNER_TRIGGER	83ade79574081031
session#85af935837ee/Show_movie.m	kbqueue	94	KbQueueCreate(psychtoolbox_forp_id, keysOfInterest);	SCANNER_TRIGGER	83ade79574081031
session#85af935837ee/Show_movie.m	kbqueue	95	KbQueueStart;	SCANNER_TRIGGER	83ade79574081031
session#85af935837ee/Show_movie.m	kbcheck	97	[keyPress, keyTime, keyID] = KbCheck(-1);	SCANNER_TRIGGER	83ade79574081031
session#85af935837ee/Show_movie.m	time	97	[keyPress, keyTime, keyID] = KbCheck(-1);	PSYCHTOOLBOX_TIME	83ade79574081031
session#85af935837ee/Show_movie.m	kbqueue	99	KbQueueWait	SCANNER_TRIGGER	83ade79574081031
session#85af935837ee/Show_movie.m	kbcheck	103	[keyIsDown,secs,keyCode]=KbCheck;	SCANNER_TRIGGER	83ade79574081031
session#85af935837ee/Show_movie.m	playmovie	107	Screen('PlayMovie', movie, 0);	FRAME_TIMING	83ade79574081031
session#85af935837ee/Show_movie.m	frame	116	% Wait for next movie frame, retrieve texture handle to it	FRAME_TIMING	83ade79574081031
session#85af935837ee/Show_movie.m	getmovieimage	118	tex = Screen('GetMovieImage', win, movie);	FRAME_TIMING	83ade79574081031
session#85af935837ee/Show_movie.m	screen('flip'	138	Screen('Flip', win);	PSYCHTOOLBOX_TIME	83ade79574081031
session#85af935837ee/Show_movie.m	playmovie	146	Screen('PlayMovie', movie, 0);	FRAME_TIMING	83ade79574081031
session#85af935837ee/main.m	sync	4	Screen('Preference', 'SkipSyncTests', 0);	SCANNER_TRIGGER	1aab337d9f67bc7f
session#85af935837ee/main.m	results	16	%% check FOV script results that you have written down	SAVE_OPERATION	1aab337d9f67bc7f
session#85af935837ee/main.m	results	23	change_eye = 0; % you can change this parameter based on the results of FOV script	SAVE_OPERATION	1aab337d9f67bc7f
session#85af935837ee/main.m	trigger	26	% press t to start --> this comes from the trigger box	SCANNER_TRIGGER	1aab337d9f67bc7f
session#85af935837ee/main.m	results	40	"'\n Have you deleted the content of the Folder called ""Results""? ' ..."	SAVE_OPERATION	1aab337d9f67bc7f
session#85af935837ee/main.m	results	76	resultdir = 'Results';	SAVE_OPERATION	1aab337d9f67bc7f
session#85af935837ee/main.m	save(	80	save([resultdir '/' (t) '_Subject_is_' comment '_selected_run_id_' num2str(run_id)])	SAVE_OPERATION	1aab337d9f67bc7f
session#b8284ac5d8d8/Show_movie.m	sync	11	Screen('Preference', 'SkipSyncTests', 1);	SCANNER_TRIGGER	83ade79574081031
session#b8284ac5d8d8/Show_movie.m	screen('flip'	75	Screen('Flip', win);	PSYCHTOOLBOX_TIME	83ade79574081031
session#b8284ac5d8d8/Show_movie.m	forp	79	psychtoolbox_forp_id=0;	SCANNER_TRIGGER	83ade79574081031
session#b8284ac5d8d8/Show_movie.m	playmovie	88	Screen('PlayMovie', movie, 1);	FRAME_TIMING	83ade79574081031
session#b8284ac5d8d8/Show_movie.m	trigger	93	% only look for t as trigger	SCANNER_TRIGGER	83ade79574081031
session#b8284ac5d8d8/Show_movie.m	forp	94	KbQueueCreate(psychtoolbox_forp_id, keysOfInterest);	SCANNER_TRIGGER	83ade79574081031
session#b8284ac5d8d8/Show_movie.m	kbqueue	94	KbQueueCreate(psychtoolbox_forp_id, keysOfInterest);	SCANNER_TRIGGER	83ade79574081031
session#b8284ac5d8d8/Show_movie.m	kbqueue	95	KbQueueStart;	SCANNER_TRIGGER	83ade79574081031
session#b8284ac5d8d8/Show_movie.m	kbcheck	97	[keyPress, keyTime, keyID] = KbCheck(-1);	SCANNER_TRIGGER	83ade79574081031
session#b8284ac5d8d8/Show_movie.m	time	97	[keyPress, keyTime, keyID] = KbCheck(-1);	PSYCHTOOLBOX_TIME	83ade79574081031
session#b8284ac5d8d8/Show_movie.m	kbqueue	99	KbQueueWait	SCANNER_TRIGGER	83ade79574081031
session#b8284ac5d8d8/Show_movie.m	kbcheck	103	[keyIsDown,secs,keyCode]=KbCheck;	SCANNER_TRIGGER	83ade79574081031
session#b8284ac5d8d8/Show_movie.m	playmovie	107	Screen('PlayMovie', movie, 0);	FRAME_TIMING	83ade79574081031
session#b8284ac5d8d8/Show_movie.m	frame	116	% Wait for next movie frame, retrieve texture handle to it	FRAME_TIMING	83ade79574081031
session#b8284ac5d8d8/Show_movie.m	getmovieimage	118	tex = Screen('GetMovieImage', win, movie);	FRAME_TIMING	83ade79574081031
session#b8284ac5d8d8/Show_movie.m	screen('flip'	138	Screen('Flip', win);	PSYCHTOOLBOX_TIME	83ade79574081031
session#b8284ac5d8d8/Show_movie.m	playmovie	146	Screen('PlayMovie', movie, 0);	FRAME_TIMING	83ade79574081031
session#b8284ac5d8d8/main.m	sync	4	Screen('Preference', 'SkipSyncTests', 0);	SCANNER_TRIGGER	1aab337d9f67bc7f
session#b8284ac5d8d8/main.m	results	16	%% check FOV script results that you have written down	SAVE_OPERATION	1aab337d9f67bc7f
session#b8284ac5d8d8/main.m	results	23	change_eye = 0; % you can change this parameter based on the results of FOV script	SAVE_OPERATION	1aab337d9f67bc7f
session#b8284ac5d8d8/main.m	trigger	26	% press t to start --> this comes from the trigger box	SCANNER_TRIGGER	1aab337d9f67bc7f
session#b8284ac5d8d8/main.m	results	40	"'\n Have you deleted the content of the Folder called ""Results""? ' ..."	SAVE_OPERATION	1aab337d9f67bc7f
session#b8284ac5d8d8/main.m	results	76	resultdir = 'Results';	SAVE_OPERATION	1aab337d9f67bc7f
session#b8284ac5d8d8/main.m	save(	80	save([resultdir '/' (t) '_Subject_is_' comment '_selected_run_id_' num2str(run_id)])	SAVE_OPERATION	1aab337d9f67bc7f
session#d68fc3e1a99a/Show_movie.m	sync	11	Screen('Preference', 'SkipSyncTests', 1);	SCANNER_TRIGGER	83ade79574081031
session#d68fc3e1a99a/Show_movie.m	screen('flip'	75	Screen('Flip', win);	PSYCHTOOLBOX_TIME	83ade79574081031
session#d68fc3e1a99a/Show_movie.m	forp	79	psychtoolbox_forp_id=0;	SCANNER_TRIGGER	83ade79574081031
session#d68fc3e1a99a/Show_movie.m	playmovie	88	Screen('PlayMovie', movie, 1);	FRAME_TIMING	83ade79574081031
session#d68fc3e1a99a/Show_movie.m	trigger	93	% only look for t as trigger	SCANNER_TRIGGER	83ade79574081031
session#d68fc3e1a99a/Show_movie.m	forp	94	KbQueueCreate(psychtoolbox_forp_id, keysOfInterest);	SCANNER_TRIGGER	83ade79574081031
session#d68fc3e1a99a/Show_movie.m	kbqueue	94	KbQueueCreate(psychtoolbox_forp_id, keysOfInterest);	SCANNER_TRIGGER	83ade79574081031
session#d68fc3e1a99a/Show_movie.m	kbqueue	95	KbQueueStart;	SCANNER_TRIGGER	83ade79574081031
session#d68fc3e1a99a/Show_movie.m	kbcheck	97	[keyPress, keyTime, keyID] = KbCheck(-1);	SCANNER_TRIGGER	83ade79574081031
session#d68fc3e1a99a/Show_movie.m	time	97	[keyPress, keyTime, keyID] = KbCheck(-1);	PSYCHTOOLBOX_TIME	83ade79574081031
session#d68fc3e1a99a/Show_movie.m	kbqueue	99	KbQueueWait	SCANNER_TRIGGER	83ade79574081031
session#d68fc3e1a99a/Show_movie.m	kbcheck	103	[keyIsDown,secs,keyCode]=KbCheck;	SCANNER_TRIGGER	83ade79574081031
session#d68fc3e1a99a/Show_movie.m	playmovie	107	Screen('PlayMovie', movie, 0);	FRAME_TIMING	83ade79574081031
session#d68fc3e1a99a/Show_movie.m	frame	116	% Wait for next movie frame, retrieve texture handle to it	FRAME_TIMING	83ade79574081031
session#d68fc3e1a99a/Show_movie.m	getmovieimage	118	tex = Screen('GetMovieImage', win, movie);	FRAME_TIMING	83ade79574081031
session#d68fc3e1a99a/Show_movie.m	screen('flip'	138	Screen('Flip', win);	PSYCHTOOLBOX_TIME	83ade79574081031
session#d68fc3e1a99a/Show_movie.m	playmovie	146	Screen('PlayMovie', movie, 0);	FRAME_TIMING	83ade79574081031
session#d68fc3e1a99a/main.m	sync	4	Screen('Preference', 'SkipSyncTests', 0);	SCANNER_TRIGGER	1aab337d9f67bc7f
session#d68fc3e1a99a/main.m	results	16	%% check FOV script results that you have written down	SAVE_OPERATION	1aab337d9f67bc7f
session#d68fc3e1a99a/main.m	results	23	change_eye = 0; % you can change this parameter based on the results of FOV script	SAVE_OPERATION	1aab337d9f67bc7f
session#d68fc3e1a99a/main.m	trigger	26	% press t to start --> this comes from the trigger box	SCANNER_TRIGGER	1aab337d9f67bc7f
session#d68fc3e1a99a/main.m	results	40	"'\n Have you deleted the content of the Folder called ""Results""? ' ..."	SAVE_OPERATION	1aab337d9f67bc7f
session#d68fc3e1a99a/main.m	results	76	resultdir = 'Results';	SAVE_OPERATION	1aab337d9f67bc7f
session#d68fc3e1a99a/main.m	save(	80	save([resultdir '/' (t) '_Subject_is_' comment '_selected_run_id_' num2str(run_id)])	SAVE_OPERATION	1aab337d9f67bc7f
session#7a7d48a710e2/Show_movie.m	sync	11	Screen('Preference', 'SkipSyncTests', 1);	SCANNER_TRIGGER	83ade79574081031
session#7a7d48a710e2/Show_movie.m	screen('flip'	75	Screen('Flip', win);	PSYCHTOOLBOX_TIME	83ade79574081031
session#7a7d48a710e2/Show_movie.m	forp	79	psychtoolbox_forp_id=0;	SCANNER_TRIGGER	83ade79574081031
session#7a7d48a710e2/Show_movie.m	playmovie	88	Screen('PlayMovie', movie, 1);	FRAME_TIMING	83ade79574081031
session#7a7d48a710e2/Show_movie.m	trigger	93	% only look for t as trigger	SCANNER_TRIGGER	83ade79574081031
session#7a7d48a710e2/Show_movie.m	forp	94	KbQueueCreate(psychtoolbox_forp_id, keysOfInterest);	SCANNER_TRIGGER	83ade79574081031
session#7a7d48a710e2/Show_movie.m	kbqueue	94	KbQueueCreate(psychtoolbox_forp_id, keysOfInterest);	SCANNER_TRIGGER	83ade79574081031
session#7a7d48a710e2/Show_movie.m	kbqueue	95	KbQueueStart;	SCANNER_TRIGGER	83ade79574081031
session#7a7d48a710e2/Show_movie.m	kbcheck	97	[keyPress, keyTime, keyID] = KbCheck(-1);	SCANNER_TRIGGER	83ade79574081031
session#7a7d48a710e2/Show_movie.m	time	97	[keyPress, keyTime, keyID] = KbCheck(-1);	PSYCHTOOLBOX_TIME	83ade79574081031
session#7a7d48a710e2/Show_movie.m	kbqueue	99	KbQueueWait	SCANNER_TRIGGER	83ade79574081031
session#7a7d48a710e2/Show_movie.m	kbcheck	103	[keyIsDown,secs,keyCode]=KbCheck;	SCANNER_TRIGGER	83ade79574081031
session#7a7d48a710e2/Show_movie.m	playmovie	107	Screen('PlayMovie', movie, 0);	FRAME_TIMING	83ade79574081031
session#7a7d48a710e2/Show_movie.m	frame	116	% Wait for next movie frame, retrieve texture handle to it	FRAME_TIMING	83ade79574081031
session#7a7d48a710e2/Show_movie.m	getmovieimage	118	tex = Screen('GetMovieImage', win, movie);	FRAME_TIMING	83ade79574081031
session#7a7d48a710e2/Show_movie.m	screen('flip'	138	Screen('Flip', win);	PSYCHTOOLBOX_TIME	83ade79574081031
session#7a7d48a710e2/Show_movie.m	playmovie	146	Screen('PlayMovie', movie, 0);	FRAME_TIMING	83ade79574081031
session#7a7d48a710e2/main.m	sync	4	Screen('Preference', 'SkipSyncTests', 0);	SCANNER_TRIGGER	1aab337d9f67bc7f
session#7a7d48a710e2/main.m	results	16	%% check FOV script results that you have written down	SAVE_OPERATION	1aab337d9f67bc7f
session#7a7d48a710e2/main.m	results	23	change_eye = 0; % you can change this parameter based on the results of FOV script	SAVE_OPERATION	1aab337d9f67bc7f
session#7a7d48a710e2/main.m	trigger	26	% press t to start --> this comes from the trigger box	SCANNER_TRIGGER	1aab337d9f67bc7f
session#7a7d48a710e2/main.m	results	40	"'\n Have you deleted the content of the Folder called ""Results""? ' ..."	SAVE_OPERATION	1aab337d9f67bc7f
session#7a7d48a710e2/main.m	results	76	resultdir = 'Results';	SAVE_OPERATION	1aab337d9f67bc7f
session#7a7d48a710e2/main.m	save(	80	save([resultdir '/' (t) '_Subject_is_' comment '_selected_run_id_' num2str(run_id)])	SAVE_OPERATION	1aab337d9f67bc7f
session#5f5fae3e9464/Show_movie.m	sync	11	Screen('Preference', 'SkipSyncTests', 1);	SCANNER_TRIGGER	83ade79574081031
session#5f5fae3e9464/Show_movie.m	screen('flip'	75	Screen('Flip', win);	PSYCHTOOLBOX_TIME	83ade79574081031
session#5f5fae3e9464/Show_movie.m	forp	79	psychtoolbox_forp_id=0;	SCANNER_TRIGGER	83ade79574081031
session#5f5fae3e9464/Show_movie.m	playmovie	88	Screen('PlayMovie', movie, 1);	FRAME_TIMING	83ade79574081031
session#5f5fae3e9464/Show_movie.m	trigger	93	% only look for t as trigger	SCANNER_TRIGGER	83ade79574081031
session#5f5fae3e9464/Show_movie.m	forp	94	KbQueueCreate(psychtoolbox_forp_id, keysOfInterest);	SCANNER_TRIGGER	83ade79574081031
session#5f5fae3e9464/Show_movie.m	kbqueue	94	KbQueueCreate(psychtoolbox_forp_id, keysOfInterest);	SCANNER_TRIGGER	83ade79574081031
session#5f5fae3e9464/Show_movie.m	kbqueue	95	KbQueueStart;	SCANNER_TRIGGER	83ade79574081031
session#5f5fae3e9464/Show_movie.m	kbcheck	97	[keyPress, keyTime, keyID] = KbCheck(-1);	SCANNER_TRIGGER	83ade79574081031
session#5f5fae3e9464/Show_movie.m	time	97	[keyPress, keyTime, keyID] = KbCheck(-1);	PSYCHTOOLBOX_TIME	83ade79574081031
session#5f5fae3e9464/Show_movie.m	kbqueue	99	KbQueueWait	SCANNER_TRIGGER	83ade79574081031
session#5f5fae3e9464/Show_movie.m	kbcheck	103	[keyIsDown,secs,keyCode]=KbCheck;	SCANNER_TRIGGER	83ade79574081031
session#5f5fae3e9464/Show_movie.m	playmovie	107	Screen('PlayMovie', movie, 0);	FRAME_TIMING	83ade79574081031
session#5f5fae3e9464/Show_movie.m	frame	116	% Wait for next movie frame, retrieve texture handle to it	FRAME_TIMING	83ade79574081031
session#5f5fae3e9464/Show_movie.m	getmovieimage	118	tex = Screen('GetMovieImage', win, movie);	FRAME_TIMING	83ade79574081031
session#5f5fae3e9464/Show_movie.m	screen('flip'	138	Screen('Flip', win);	PSYCHTOOLBOX_TIME	83ade79574081031
session#5f5fae3e9464/Show_movie.m	playmovie	146	Screen('PlayMovie', movie, 0);	FRAME_TIMING	83ade79574081031
session#5f5fae3e9464/main.m	sync	4	Screen('Preference', 'SkipSyncTests', 0);	SCANNER_TRIGGER	1aab337d9f67bc7f
session#5f5fae3e9464/main.m	results	16	%% check FOV script results that you have written down	SAVE_OPERATION	1aab337d9f67bc7f
session#5f5fae3e9464/main.m	results	23	change_eye = 0; % you can change this parameter based on the results of FOV script	SAVE_OPERATION	1aab337d9f67bc7f
session#5f5fae3e9464/main.m	trigger	26	% press t to start --> this comes from the trigger box	SCANNER_TRIGGER	1aab337d9f67bc7f
session#5f5fae3e9464/main.m	results	40	"'\n Have you deleted the content of the Folder called ""Results""? ' ..."	SAVE_OPERATION	1aab337d9f67bc7f
session#5f5fae3e9464/main.m	results	76	resultdir = 'Results';	SAVE_OPERATION	1aab337d9f67bc7f
session#5f5fae3e9464/main.m	save(	80	save([resultdir '/' (t) '_Subject_is_' comment '_selected_run_id_' num2str(run_id)])	SAVE_OPERATION	1aab337d9f67bc7f
session#90ef2ed5a486/Show_movie.m	sync	11	Screen('Preference', 'SkipSyncTests', 1);	SCANNER_TRIGGER	83ade79574081031
session#90ef2ed5a486/Show_movie.m	screen('flip'	75	Screen('Flip', win);	PSYCHTOOLBOX_TIME	83ade79574081031
session#90ef2ed5a486/Show_movie.m	forp	79	psychtoolbox_forp_id=0;	SCANNER_TRIGGER	83ade79574081031
session#90ef2ed5a486/Show_movie.m	playmovie	88	Screen('PlayMovie', movie, 1);	FRAME_TIMING	83ade79574081031
session#90ef2ed5a486/Show_movie.m	trigger	93	% only look for t as trigger	SCANNER_TRIGGER	83ade79574081031
session#90ef2ed5a486/Show_movie.m	forp	94	KbQueueCreate(psychtoolbox_forp_id, keysOfInterest);	SCANNER_TRIGGER	83ade79574081031
session#90ef2ed5a486/Show_movie.m	kbqueue	94	KbQueueCreate(psychtoolbox_forp_id, keysOfInterest);	SCANNER_TRIGGER	83ade79574081031
session#90ef2ed5a486/Show_movie.m	kbqueue	95	KbQueueStart;	SCANNER_TRIGGER	83ade79574081031
session#90ef2ed5a486/Show_movie.m	kbcheck	97	[keyPress, keyTime, keyID] = KbCheck(-1);	SCANNER_TRIGGER	83ade79574081031
session#90ef2ed5a486/Show_movie.m	time	97	[keyPress, keyTime, keyID] = KbCheck(-1);	PSYCHTOOLBOX_TIME	83ade79574081031
session#90ef2ed5a486/Show_movie.m	kbqueue	99	KbQueueWait	SCANNER_TRIGGER	83ade79574081031
session#90ef2ed5a486/Show_movie.m	kbcheck	103	[keyIsDown,secs,keyCode]=KbCheck;	SCANNER_TRIGGER	83ade79574081031
session#90ef2ed5a486/Show_movie.m	playmovie	107	Screen('PlayMovie', movie, 0);	FRAME_TIMING	83ade79574081031
session#90ef2ed5a486/Show_movie.m	frame	116	% Wait for next movie frame, retrieve texture handle to it	FRAME_TIMING	83ade79574081031
session#90ef2ed5a486/Show_movie.m	getmovieimage	118	tex = Screen('GetMovieImage', win, movie);	FRAME_TIMING	83ade79574081031
session#90ef2ed5a486/Show_movie.m	screen('flip'	138	Screen('Flip', win);	PSYCHTOOLBOX_TIME	83ade79574081031
session#90ef2ed5a486/Show_movie.m	playmovie	146	Screen('PlayMovie', movie, 0);	FRAME_TIMING	83ade79574081031
session#90ef2ed5a486/main.m	sync	4	Screen('Preference', 'SkipSyncTests', 0);	SCANNER_TRIGGER	1aab337d9f67bc7f
session#90ef2ed5a486/main.m	results	16	%% check FOV script results that you have written down	SAVE_OPERATION	1aab337d9f67bc7f
session#90ef2ed5a486/main.m	results	23	change_eye = 0; % you can change this parameter based on the results of FOV script	SAVE_OPERATION	1aab337d9f67bc7f
session#90ef2ed5a486/main.m	trigger	26	% press t to start --> this comes from the trigger box	SCANNER_TRIGGER	1aab337d9f67bc7f
session#90ef2ed5a486/main.m	results	40	"'\n Have you deleted the content of the Folder called ""Results""? ' ..."	SAVE_OPERATION	1aab337d9f67bc7f
session#90ef2ed5a486/main.m	results	76	resultdir = 'Results';	SAVE_OPERATION	1aab337d9f67bc7f
session#90ef2ed5a486/main.m	save(	80	save([resultdir '/' (t) '_Subject_is_' comment '_selected_run_id_' num2str(run_id)])	SAVE_OPERATION	1aab337d9f67bc7f
session#ee299b93671a/Show_movie.m	sync	11	Screen('Preference', 'SkipSyncTests', 1);	SCANNER_TRIGGER	83ade79574081031
session#ee299b93671a/Show_movie.m	screen('flip'	75	Screen('Flip', win);	PSYCHTOOLBOX_TIME	83ade79574081031
session#ee299b93671a/Show_movie.m	forp	79	psychtoolbox_forp_id=0;	SCANNER_TRIGGER	83ade79574081031
session#ee299b93671a/Show_movie.m	playmovie	88	Screen('PlayMovie', movie, 1);	FRAME_TIMING	83ade79574081031
session#ee299b93671a/Show_movie.m	trigger	93	% only look for t as trigger	SCANNER_TRIGGER	83ade79574081031
session#ee299b93671a/Show_movie.m	forp	94	KbQueueCreate(psychtoolbox_forp_id, keysOfInterest);	SCANNER_TRIGGER	83ade79574081031
session#ee299b93671a/Show_movie.m	kbqueue	94	KbQueueCreate(psychtoolbox_forp_id, keysOfInterest);	SCANNER_TRIGGER	83ade79574081031
session#ee299b93671a/Show_movie.m	kbqueue	95	KbQueueStart;	SCANNER_TRIGGER	83ade79574081031
session#ee299b93671a/Show_movie.m	kbcheck	97	[keyPress, keyTime, keyID] = KbCheck(-1);	SCANNER_TRIGGER	83ade79574081031
session#ee299b93671a/Show_movie.m	time	97	[keyPress, keyTime, keyID] = KbCheck(-1);	PSYCHTOOLBOX_TIME	83ade79574081031
session#ee299b93671a/Show_movie.m	kbqueue	99	KbQueueWait	SCANNER_TRIGGER	83ade79574081031
session#ee299b93671a/Show_movie.m	kbcheck	103	[keyIsDown,secs,keyCode]=KbCheck;	SCANNER_TRIGGER	83ade79574081031
session#ee299b93671a/Show_movie.m	playmovie	107	Screen('PlayMovie', movie, 0);	FRAME_TIMING	83ade79574081031
session#ee299b93671a/Show_movie.m	frame	116	% Wait for next movie frame, retrieve texture handle to it	FRAME_TIMING	83ade79574081031
session#ee299b93671a/Show_movie.m	getmovieimage	118	tex = Screen('GetMovieImage', win, movie);	FRAME_TIMING	83ade79574081031
session#ee299b93671a/Show_movie.m	screen('flip'	138	Screen('Flip', win);	PSYCHTOOLBOX_TIME	83ade79574081031
session#ee299b93671a/Show_movie.m	playmovie	146	Screen('PlayMovie', movie, 0);	FRAME_TIMING	83ade79574081031
session#ee299b93671a/main.m	sync	4	Screen('Preference', 'SkipSyncTests', 0);	SCANNER_TRIGGER	1aab337d9f67bc7f
session#ee299b93671a/main.m	results	16	%% check FOV script results that you have written down	SAVE_OPERATION	1aab337d9f67bc7f
session#ee299b93671a/main.m	results	23	change_eye = 0; % you can change this parameter based on the results of FOV script	SAVE_OPERATION	1aab337d9f67bc7f
session#ee299b93671a/main.m	trigger	26	% press t to start --> this comes from the trigger box	SCANNER_TRIGGER	1aab337d9f67bc7f
session#ee299b93671a/main.m	results	40	"'\n Have you deleted the content of the Folder called ""Results""? ' ..."	SAVE_OPERATION	1aab337d9f67bc7f
session#ee299b93671a/main.m	results	76	resultdir = 'Results';	SAVE_OPERATION	1aab337d9f67bc7f
session#ee299b93671a/main.m	save(	80	save([resultdir '/' (t) '_Subject_is_' comment '_selected_run_id_' num2str(run_id)])	SAVE_OPERATION	1aab337d9f67bc7f
session#44f951ad1a7f/Show_movie.m	sync	11	Screen('Preference', 'SkipSyncTests', 1);	SCANNER_TRIGGER	83ade79574081031
session#44f951ad1a7f/Show_movie.m	screen('flip'	75	Screen('Flip', win);	PSYCHTOOLBOX_TIME	83ade79574081031
session#44f951ad1a7f/Show_movie.m	forp	79	psychtoolbox_forp_id=0;	SCANNER_TRIGGER	83ade79574081031
session#44f951ad1a7f/Show_movie.m	playmovie	88	Screen('PlayMovie', movie, 1);	FRAME_TIMING	83ade79574081031
session#44f951ad1a7f/Show_movie.m	trigger	93	% only look for t as trigger	SCANNER_TRIGGER	83ade79574081031
session#44f951ad1a7f/Show_movie.m	forp	94	KbQueueCreate(psychtoolbox_forp_id, keysOfInterest);	SCANNER_TRIGGER	83ade79574081031
session#44f951ad1a7f/Show_movie.m	kbqueue	94	KbQueueCreate(psychtoolbox_forp_id, keysOfInterest);	SCANNER_TRIGGER	83ade79574081031
session#44f951ad1a7f/Show_movie.m	kbqueue	95	KbQueueStart;	SCANNER_TRIGGER	83ade79574081031
session#44f951ad1a7f/Show_movie.m	kbcheck	97	[keyPress, keyTime, keyID] = KbCheck(-1);	SCANNER_TRIGGER	83ade79574081031
session#44f951ad1a7f/Show_movie.m	time	97	[keyPress, keyTime, keyID] = KbCheck(-1);	PSYCHTOOLBOX_TIME	83ade79574081031
session#44f951ad1a7f/Show_movie.m	kbqueue	99	KbQueueWait	SCANNER_TRIGGER	83ade79574081031
session#44f951ad1a7f/Show_movie.m	kbcheck	103	[keyIsDown,secs,keyCode]=KbCheck;	SCANNER_TRIGGER	83ade79574081031
session#44f951ad1a7f/Show_movie.m	playmovie	107	Screen('PlayMovie', movie, 0);	FRAME_TIMING	83ade79574081031
session#44f951ad1a7f/Show_movie.m	frame	116	% Wait for next movie frame, retrieve texture handle to it	FRAME_TIMING	83ade79574081031
session#44f951ad1a7f/Show_movie.m	getmovieimage	118	tex = Screen('GetMovieImage', win, movie);	FRAME_TIMING	83ade79574081031
session#44f951ad1a7f/Show_movie.m	screen('flip'	138	Screen('Flip', win);	PSYCHTOOLBOX_TIME	83ade79574081031
session#44f951ad1a7f/Show_movie.m	playmovie	146	Screen('PlayMovie', movie, 0);	FRAME_TIMING	83ade79574081031
session#44f951ad1a7f/main.m	sync	4	Screen('Preference', 'SkipSyncTests', 0);	SCANNER_TRIGGER	1aab337d9f67bc7f
session#44f951ad1a7f/main.m	results	16	%% check FOV script results that you have written down	SAVE_OPERATION	1aab337d9f67bc7f
session#44f951ad1a7f/main.m	results	23	change_eye = 0; % you can change this parameter based on the results of FOV script	SAVE_OPERATION	1aab337d9f67bc7f
session#44f951ad1a7f/main.m	trigger	26	% press t to start --> this comes from the trigger box	SCANNER_TRIGGER	1aab337d9f67bc7f
session#44f951ad1a7f/main.m	results	40	"'\n Have you deleted the content of the Folder called ""Results""? ' ..."	SAVE_OPERATION	1aab337d9f67bc7f
session#44f951ad1a7f/main.m	results	76	resultdir = 'Results';	SAVE_OPERATION	1aab337d9f67bc7f
session#44f951ad1a7f/main.m	save(	80	save([resultdir '/' (t) '_Subject_is_' comment '_selected_run_id_' num2str(run_id)])	SAVE_OPERATION	1aab337d9f67bc7f
session#daaefd8ddab7/Show_movie.m	sync	11	Screen('Preference', 'SkipSyncTests', 1);	SCANNER_TRIGGER	83ade79574081031
session#daaefd8ddab7/Show_movie.m	screen('flip'	75	Screen('Flip', win);	PSYCHTOOLBOX_TIME	83ade79574081031
session#daaefd8ddab7/Show_movie.m	forp	79	psychtoolbox_forp_id=0;	SCANNER_TRIGGER	83ade79574081031
session#daaefd8ddab7/Show_movie.m	playmovie	88	Screen('PlayMovie', movie, 1);	FRAME_TIMING	83ade79574081031
session#daaefd8ddab7/Show_movie.m	trigger	93	% only look for t as trigger	SCANNER_TRIGGER	83ade79574081031
session#daaefd8ddab7/Show_movie.m	forp	94	KbQueueCreate(psychtoolbox_forp_id, keysOfInterest);	SCANNER_TRIGGER	83ade79574081031
session#daaefd8ddab7/Show_movie.m	kbqueue	94	KbQueueCreate(psychtoolbox_forp_id, keysOfInterest);	SCANNER_TRIGGER	83ade79574081031
session#daaefd8ddab7/Show_movie.m	kbqueue	95	KbQueueStart;	SCANNER_TRIGGER	83ade79574081031
session#daaefd8ddab7/Show_movie.m	kbcheck	97	[keyPress, keyTime, keyID] = KbCheck(-1);	SCANNER_TRIGGER	83ade79574081031
session#daaefd8ddab7/Show_movie.m	time	97	[keyPress, keyTime, keyID] = KbCheck(-1);	PSYCHTOOLBOX_TIME	83ade79574081031
session#daaefd8ddab7/Show_movie.m	kbqueue	99	KbQueueWait	SCANNER_TRIGGER	83ade79574081031
session#daaefd8ddab7/Show_movie.m	kbcheck	103	[keyIsDown,secs,keyCode]=KbCheck;	SCANNER_TRIGGER	83ade79574081031
session#daaefd8ddab7/Show_movie.m	playmovie	107	Screen('PlayMovie', movie, 0);	FRAME_TIMING	83ade79574081031
session#daaefd8ddab7/Show_movie.m	frame	116	% Wait for next movie frame, retrieve texture handle to it	FRAME_TIMING	83ade79574081031
session#daaefd8ddab7/Show_movie.m	getmovieimage	118	tex = Screen('GetMovieImage', win, movie);	FRAME_TIMING	83ade79574081031
session#daaefd8ddab7/Show_movie.m	screen('flip'	138	Screen('Flip', win);	PSYCHTOOLBOX_TIME	83ade79574081031
session#daaefd8ddab7/Show_movie.m	playmovie	146	Screen('PlayMovie', movie, 0);	FRAME_TIMING	83ade79574081031
session#daaefd8ddab7/main.m	sync	4	Screen('Preference', 'SkipSyncTests', 0);	SCANNER_TRIGGER	1aab337d9f67bc7f
session#daaefd8ddab7/main.m	results	16	%% check FOV script results that you have written down	SAVE_OPERATION	1aab337d9f67bc7f
session#daaefd8ddab7/main.m	results	23	change_eye = 0; % you can change this parameter based on the results of FOV script	SAVE_OPERATION	1aab337d9f67bc7f
session#daaefd8ddab7/main.m	trigger	26	% press t to start --> this comes from the trigger box	SCANNER_TRIGGER	1aab337d9f67bc7f
session#daaefd8ddab7/main.m	results	40	"'\n Have you deleted the content of the Folder called ""Results""? ' ..."	SAVE_OPERATION	1aab337d9f67bc7f
session#daaefd8ddab7/main.m	results	76	resultdir = 'Results';	SAVE_OPERATION	1aab337d9f67bc7f
session#daaefd8ddab7/main.m	save(	80	save([resultdir '/' (t) '_Subject_is_' comment '_selected_run_id_' num2str(run_id)])	SAVE_OPERATION	1aab337d9f67bc7f
session#08bec7c5c0b9/Show_movie.m	sync	11	Screen('Preference', 'SkipSyncTests', 1);	SCANNER_TRIGGER	83ade79574081031
session#08bec7c5c0b9/Show_movie.m	screen('flip'	75	Screen('Flip', win);	PSYCHTOOLBOX_TIME	83ade79574081031
session#08bec7c5c0b9/Show_movie.m	forp	79	psychtoolbox_forp_id=0;	SCANNER_TRIGGER	83ade79574081031
session#08bec7c5c0b9/Show_movie.m	playmovie	88	Screen('PlayMovie', movie, 1);	FRAME_TIMING	83ade79574081031
session#08bec7c5c0b9/Show_movie.m	trigger	93	% only look for t as trigger	SCANNER_TRIGGER	83ade79574081031
session#08bec7c5c0b9/Show_movie.m	forp	94	KbQueueCreate(psychtoolbox_forp_id, keysOfInterest);	SCANNER_TRIGGER	83ade79574081031
session#08bec7c5c0b9/Show_movie.m	kbqueue	94	KbQueueCreate(psychtoolbox_forp_id, keysOfInterest);	SCANNER_TRIGGER	83ade79574081031
session#08bec7c5c0b9/Show_movie.m	kbqueue	95	KbQueueStart;	SCANNER_TRIGGER	83ade79574081031
session#08bec7c5c0b9/Show_movie.m	kbcheck	97	[keyPress, keyTime, keyID] = KbCheck(-1);	SCANNER_TRIGGER	83ade79574081031
session#08bec7c5c0b9/Show_movie.m	time	97	[keyPress, keyTime, keyID] = KbCheck(-1);	PSYCHTOOLBOX_TIME	83ade79574081031
session#08bec7c5c0b9/Show_movie.m	kbqueue	99	KbQueueWait	SCANNER_TRIGGER	83ade79574081031
session#08bec7c5c0b9/Show_movie.m	kbcheck	103	[keyIsDown,secs,keyCode]=KbCheck;	SCANNER_TRIGGER	83ade79574081031
session#08bec7c5c0b9/Show_movie.m	playmovie	107	Screen('PlayMovie', movie, 0);	FRAME_TIMING	83ade79574081031
session#08bec7c5c0b9/Show_movie.m	frame	116	% Wait for next movie frame, retrieve texture handle to it	FRAME_TIMING	83ade79574081031
session#08bec7c5c0b9/Show_movie.m	getmovieimage	118	tex = Screen('GetMovieImage', win, movie);	FRAME_TIMING	83ade79574081031
session#08bec7c5c0b9/Show_movie.m	screen('flip'	138	Screen('Flip', win);	PSYCHTOOLBOX_TIME	83ade79574081031
session#08bec7c5c0b9/Show_movie.m	playmovie	146	Screen('PlayMovie', movie, 0);	FRAME_TIMING	83ade79574081031
session#08bec7c5c0b9/main.m	sync	4	Screen('Preference', 'SkipSyncTests', 0);	SCANNER_TRIGGER	1aab337d9f67bc7f
session#08bec7c5c0b9/main.m	results	16	%% check FOV script results that you have written down	SAVE_OPERATION	1aab337d9f67bc7f
session#08bec7c5c0b9/main.m	results	23	change_eye = 0; % you can change this parameter based on the results of FOV script	SAVE_OPERATION	1aab337d9f67bc7f
session#08bec7c5c0b9/main.m	trigger	26	% press t to start --> this comes from the trigger box	SCANNER_TRIGGER	1aab337d9f67bc7f
session#08bec7c5c0b9/main.m	results	40	"'\n Have you deleted the content of the Folder called ""Results""? ' ..."	SAVE_OPERATION	1aab337d9f67bc7f
session#08bec7c5c0b9/main.m	results	76	resultdir = 'Results';	SAVE_OPERATION	1aab337d9f67bc7f
session#08bec7c5c0b9/main.m	save(	80	save([resultdir '/' (t) '_Subject_is_' comment '_selected_run_id_' num2str(run_id)])	SAVE_OPERATION	1aab337d9f67bc7f
session#d680399c18a8/Show_movie.m	sync	11	Screen('Preference', 'SkipSyncTests', 1);	SCANNER_TRIGGER	83ade79574081031
session#d680399c18a8/Show_movie.m	screen('flip'	75	Screen('Flip', win);	PSYCHTOOLBOX_TIME	83ade79574081031
session#d680399c18a8/Show_movie.m	forp	79	psychtoolbox_forp_id=0;	SCANNER_TRIGGER	83ade79574081031
session#d680399c18a8/Show_movie.m	playmovie	88	Screen('PlayMovie', movie, 1);	FRAME_TIMING	83ade79574081031
session#d680399c18a8/Show_movie.m	trigger	93	% only look for t as trigger	SCANNER_TRIGGER	83ade79574081031
session#d680399c18a8/Show_movie.m	forp	94	KbQueueCreate(psychtoolbox_forp_id, keysOfInterest);	SCANNER_TRIGGER	83ade79574081031
session#d680399c18a8/Show_movie.m	kbqueue	94	KbQueueCreate(psychtoolbox_forp_id, keysOfInterest);	SCANNER_TRIGGER	83ade79574081031
session#d680399c18a8/Show_movie.m	kbqueue	95	KbQueueStart;	SCANNER_TRIGGER	83ade79574081031
session#d680399c18a8/Show_movie.m	kbcheck	97	[keyPress, keyTime, keyID] = KbCheck(-1);	SCANNER_TRIGGER	83ade79574081031
session#d680399c18a8/Show_movie.m	time	97	[keyPress, keyTime, keyID] = KbCheck(-1);	PSYCHTOOLBOX_TIME	83ade79574081031
session#d680399c18a8/Show_movie.m	kbqueue	99	KbQueueWait	SCANNER_TRIGGER	83ade79574081031
session#d680399c18a8/Show_movie.m	kbcheck	103	[keyIsDown,secs,keyCode]=KbCheck;	SCANNER_TRIGGER	83ade79574081031
session#d680399c18a8/Show_movie.m	playmovie	107	Screen('PlayMovie', movie, 0);	FRAME_TIMING	83ade79574081031
session#d680399c18a8/Show_movie.m	frame	116	% Wait for next movie frame, retrieve texture handle to it	FRAME_TIMING	83ade79574081031
session#d680399c18a8/Show_movie.m	getmovieimage	118	tex = Screen('GetMovieImage', win, movie);	FRAME_TIMING	83ade79574081031
session#d680399c18a8/Show_movie.m	screen('flip'	138	Screen('Flip', win);	PSYCHTOOLBOX_TIME	83ade79574081031
session#d680399c18a8/Show_movie.m	playmovie	146	Screen('PlayMovie', movie, 0);	FRAME_TIMING	83ade79574081031
session#d680399c18a8/main.m	sync	4	Screen('Preference', 'SkipSyncTests', 0);	SCANNER_TRIGGER	1aab337d9f67bc7f
session#d680399c18a8/main.m	results	16	%% check FOV script results that you have written down	SAVE_OPERATION	1aab337d9f67bc7f
session#d680399c18a8/main.m	results	23	change_eye = 0; % you can change this parameter based on the results of FOV script	SAVE_OPERATION	1aab337d9f67bc7f
session#d680399c18a8/main.m	trigger	26	% press t to start --> this comes from the trigger box	SCANNER_TRIGGER	1aab337d9f67bc7f
session#d680399c18a8/main.m	results	40	"'\n Have you deleted the content of the Folder called ""Results""? ' ..."	SAVE_OPERATION	1aab337d9f67bc7f
session#d680399c18a8/main.m	results	76	resultdir = 'Results';	SAVE_OPERATION	1aab337d9f67bc7f
session#d680399c18a8/main.m	save(	80	save([resultdir '/' (t) '_Subject_is_' comment '_selected_run_id_' num2str(run_id)])	SAVE_OPERATION	1aab337d9f67bc7f
session#106b6448cd82/Show_movie.m	sync	11	Screen('Preference', 'SkipSyncTests', 1);	SCANNER_TRIGGER	83ade79574081031
session#106b6448cd82/Show_movie.m	screen('flip'	75	Screen('Flip', win);	PSYCHTOOLBOX_TIME	83ade79574081031
session#106b6448cd82/Show_movie.m	forp	79	psychtoolbox_forp_id=0;	SCANNER_TRIGGER	83ade79574081031
session#106b6448cd82/Show_movie.m	playmovie	88	Screen('PlayMovie', movie, 1);	FRAME_TIMING	83ade79574081031
session#106b6448cd82/Show_movie.m	trigger	93	% only look for t as trigger	SCANNER_TRIGGER	83ade79574081031
session#106b6448cd82/Show_movie.m	forp	94	KbQueueCreate(psychtoolbox_forp_id, keysOfInterest);	SCANNER_TRIGGER	83ade79574081031
session#106b6448cd82/Show_movie.m	kbqueue	94	KbQueueCreate(psychtoolbox_forp_id, keysOfInterest);	SCANNER_TRIGGER	83ade79574081031
session#106b6448cd82/Show_movie.m	kbqueue	95	KbQueueStart;	SCANNER_TRIGGER	83ade79574081031
session#106b6448cd82/Show_movie.m	kbcheck	97	[keyPress, keyTime, keyID] = KbCheck(-1);	SCANNER_TRIGGER	83ade79574081031
session#106b6448cd82/Show_movie.m	time	97	[keyPress, keyTime, keyID] = KbCheck(-1);	PSYCHTOOLBOX_TIME	83ade79574081031
session#106b6448cd82/Show_movie.m	kbqueue	99	KbQueueWait	SCANNER_TRIGGER	83ade79574081031
session#106b6448cd82/Show_movie.m	kbcheck	103	[keyIsDown,secs,keyCode]=KbCheck;	SCANNER_TRIGGER	83ade79574081031
session#106b6448cd82/Show_movie.m	playmovie	107	Screen('PlayMovie', movie, 0);	FRAME_TIMING	83ade79574081031
session#106b6448cd82/Show_movie.m	frame	116	% Wait for next movie frame, retrieve texture handle to it	FRAME_TIMING	83ade79574081031
session#106b6448cd82/Show_movie.m	getmovieimage	118	tex = Screen('GetMovieImage', win, movie);	FRAME_TIMING	83ade79574081031
session#106b6448cd82/Show_movie.m	screen('flip'	138	Screen('Flip', win);	PSYCHTOOLBOX_TIME	83ade79574081031
session#106b6448cd82/Show_movie.m	playmovie	146	Screen('PlayMovie', movie, 0);	FRAME_TIMING	83ade79574081031
session#106b6448cd82/main.m	sync	4	Screen('Preference', 'SkipSyncTests', 0);	SCANNER_TRIGGER	1aab337d9f67bc7f
session#106b6448cd82/main.m	results	16	%% check FOV script results that you have written down	SAVE_OPERATION	1aab337d9f67bc7f
session#106b6448cd82/main.m	results	23	change_eye = 0; % you can change this parameter based on the results of FOV script	SAVE_OPERATION	1aab337d9f67bc7f
session#106b6448cd82/main.m	trigger	26	% press t to start --> this comes from the trigger box	SCANNER_TRIGGER	1aab337d9f67bc7f
session#106b6448cd82/main.m	results	40	"'\n Have you deleted the content of the Folder called ""Results""? ' ..."	SAVE_OPERATION	1aab337d9f67bc7f
session#106b6448cd82/main.m	results	76	resultdir = 'Results';	SAVE_OPERATION	1aab337d9f67bc7f
session#106b6448cd82/main.m	save(	80	save([resultdir '/' (t) '_Subject_is_' comment '_selected_run_id_' num2str(run_id)])	SAVE_OPERATION	1aab337d9f67bc7f
session#dee1b7b8200f/Show_movie.m	sync	11	Screen('Preference', 'SkipSyncTests', 1);	SCANNER_TRIGGER	83ade79574081031
session#dee1b7b8200f/Show_movie.m	screen('flip'	75	Screen('Flip', win);	PSYCHTOOLBOX_TIME	83ade79574081031
session#dee1b7b8200f/Show_movie.m	forp	79	psychtoolbox_forp_id=0;	SCANNER_TRIGGER	83ade79574081031
session#dee1b7b8200f/Show_movie.m	playmovie	88	Screen('PlayMovie', movie, 1);	FRAME_TIMING	83ade79574081031
session#dee1b7b8200f/Show_movie.m	trigger	93	% only look for t as trigger	SCANNER_TRIGGER	83ade79574081031
session#dee1b7b8200f/Show_movie.m	forp	94	KbQueueCreate(psychtoolbox_forp_id, keysOfInterest);	SCANNER_TRIGGER	83ade79574081031
session#dee1b7b8200f/Show_movie.m	kbqueue	94	KbQueueCreate(psychtoolbox_forp_id, keysOfInterest);	SCANNER_TRIGGER	83ade79574081031
session#dee1b7b8200f/Show_movie.m	kbqueue	95	KbQueueStart;	SCANNER_TRIGGER	83ade79574081031
session#dee1b7b8200f/Show_movie.m	kbcheck	97	[keyPress, keyTime, keyID] = KbCheck(-1);	SCANNER_TRIGGER	83ade79574081031
session#dee1b7b8200f/Show_movie.m	time	97	[keyPress, keyTime, keyID] = KbCheck(-1);	PSYCHTOOLBOX_TIME	83ade79574081031
session#dee1b7b8200f/Show_movie.m	kbqueue	99	KbQueueWait	SCANNER_TRIGGER	83ade79574081031
session#dee1b7b8200f/Show_movie.m	kbcheck	103	[keyIsDown,secs,keyCode]=KbCheck;	SCANNER_TRIGGER	83ade79574081031
session#dee1b7b8200f/Show_movie.m	playmovie	107	Screen('PlayMovie', movie, 0);	FRAME_TIMING	83ade79574081031
session#dee1b7b8200f/Show_movie.m	frame	116	% Wait for next movie frame, retrieve texture handle to it	FRAME_TIMING	83ade79574081031
session#dee1b7b8200f/Show_movie.m	getmovieimage	118	tex = Screen('GetMovieImage', win, movie);	FRAME_TIMING	83ade79574081031
session#dee1b7b8200f/Show_movie.m	screen('flip'	138	Screen('Flip', win);	PSYCHTOOLBOX_TIME	83ade79574081031
session#dee1b7b8200f/Show_movie.m	playmovie	146	Screen('PlayMovie', movie, 0);	FRAME_TIMING	83ade79574081031
session#dee1b7b8200f/main.m	sync	4	Screen('Preference', 'SkipSyncTests', 0);	SCANNER_TRIGGER	1aab337d9f67bc7f
session#dee1b7b8200f/main.m	results	16	%% check FOV script results that you have written down	SAVE_OPERATION	1aab337d9f67bc7f
session#dee1b7b8200f/main.m	results	23	change_eye = 0; % you can change this parameter based on the results of FOV script	SAVE_OPERATION	1aab337d9f67bc7f
session#dee1b7b8200f/main.m	trigger	26	% press t to start --> this comes from the trigger box	SCANNER_TRIGGER	1aab337d9f67bc7f
session#dee1b7b8200f/main.m	results	40	"'\n Have you deleted the content of the Folder called ""Results""? ' ..."	SAVE_OPERATION	1aab337d9f67bc7f
session#dee1b7b8200f/main.m	results	76	resultdir = 'Results';	SAVE_OPERATION	1aab337d9f67bc7f
session#dee1b7b8200f/main.m	save(	80	save([resultdir '/' (t) '_Subject_is_' comment '_selected_run_id_' num2str(run_id)])	SAVE_OPERATION	1aab337d9f67bc7f
session#c23c4eee5fc1/Show_movie.m	sync	11	Screen('Preference', 'SkipSyncTests', 1);	SCANNER_TRIGGER	83ade79574081031
session#c23c4eee5fc1/Show_movie.m	screen('flip'	75	Screen('Flip', win);	PSYCHTOOLBOX_TIME	83ade79574081031
session#c23c4eee5fc1/Show_movie.m	forp	79	psychtoolbox_forp_id=0;	SCANNER_TRIGGER	83ade79574081031
session#c23c4eee5fc1/Show_movie.m	playmovie	88	Screen('PlayMovie', movie, 1);	FRAME_TIMING	83ade79574081031
session#c23c4eee5fc1/Show_movie.m	trigger	93	% only look for t as trigger	SCANNER_TRIGGER	83ade79574081031
session#c23c4eee5fc1/Show_movie.m	forp	94	KbQueueCreate(psychtoolbox_forp_id, keysOfInterest);	SCANNER_TRIGGER	83ade79574081031
session#c23c4eee5fc1/Show_movie.m	kbqueue	94	KbQueueCreate(psychtoolbox_forp_id, keysOfInterest);	SCANNER_TRIGGER	83ade79574081031
session#c23c4eee5fc1/Show_movie.m	kbqueue	95	KbQueueStart;	SCANNER_TRIGGER	83ade79574081031
session#c23c4eee5fc1/Show_movie.m	kbcheck	97	[keyPress, keyTime, keyID] = KbCheck(-1);	SCANNER_TRIGGER	83ade79574081031
session#c23c4eee5fc1/Show_movie.m	time	97	[keyPress, keyTime, keyID] = KbCheck(-1);	PSYCHTOOLBOX_TIME	83ade79574081031
session#c23c4eee5fc1/Show_movie.m	kbqueue	99	KbQueueWait	SCANNER_TRIGGER	83ade79574081031
session#c23c4eee5fc1/Show_movie.m	kbcheck	103	[keyIsDown,secs,keyCode]=KbCheck;	SCANNER_TRIGGER	83ade79574081031
session#c23c4eee5fc1/Show_movie.m	playmovie	107	Screen('PlayMovie', movie, 0);	FRAME_TIMING	83ade79574081031
session#c23c4eee5fc1/Show_movie.m	frame	116	% Wait for next movie frame, retrieve texture handle to it	FRAME_TIMING	83ade79574081031
session#c23c4eee5fc1/Show_movie.m	getmovieimage	118	tex = Screen('GetMovieImage', win, movie);	FRAME_TIMING	83ade79574081031
session#c23c4eee5fc1/Show_movie.m	screen('flip'	138	Screen('Flip', win);	PSYCHTOOLBOX_TIME	83ade79574081031
session#c23c4eee5fc1/Show_movie.m	playmovie	146	Screen('PlayMovie', movie, 0);	FRAME_TIMING	83ade79574081031
session#c23c4eee5fc1/main.m	sync	4	Screen('Preference', 'SkipSyncTests', 0);	SCANNER_TRIGGER	1aab337d9f67bc7f
session#c23c4eee5fc1/main.m	results	16	%% check FOV script results that you have written down	SAVE_OPERATION	1aab337d9f67bc7f
session#c23c4eee5fc1/main.m	results	23	change_eye = 0; % you can change this parameter based on the results of FOV script	SAVE_OPERATION	1aab337d9f67bc7f
session#c23c4eee5fc1/main.m	trigger	26	% press t to start --> this comes from the trigger box	SCANNER_TRIGGER	1aab337d9f67bc7f
session#c23c4eee5fc1/main.m	results	40	"'\n Have you deleted the content of the Folder called ""Results""? ' ..."	SAVE_OPERATION	1aab337d9f67bc7f
session#c23c4eee5fc1/main.m	results	76	resultdir = 'Results';	SAVE_OPERATION	1aab337d9f67bc7f
session#c23c4eee5fc1/main.m	save(	80	save([resultdir '/' (t) '_Subject_is_' comment '_selected_run_id_' num2str(run_id)])	SAVE_OPERATION	1aab337d9f67bc7f
session#44693c018bab/Show_movie.m	sync	11	Screen('Preference', 'SkipSyncTests', 1);	SCANNER_TRIGGER	83ade79574081031
session#44693c018bab/Show_movie.m	screen('flip'	75	Screen('Flip', win);	PSYCHTOOLBOX_TIME	83ade79574081031
session#44693c018bab/Show_movie.m	forp	79	psychtoolbox_forp_id=0;	SCANNER_TRIGGER	83ade79574081031
session#44693c018bab/Show_movie.m	playmovie	88	Screen('PlayMovie', movie, 1);	FRAME_TIMING	83ade79574081031
session#44693c018bab/Show_movie.m	trigger	93	% only look for t as trigger	SCANNER_TRIGGER	83ade79574081031
session#44693c018bab/Show_movie.m	forp	94	KbQueueCreate(psychtoolbox_forp_id, keysOfInterest);	SCANNER_TRIGGER	83ade79574081031
session#44693c018bab/Show_movie.m	kbqueue	94	KbQueueCreate(psychtoolbox_forp_id, keysOfInterest);	SCANNER_TRIGGER	83ade79574081031
session#44693c018bab/Show_movie.m	kbqueue	95	KbQueueStart;	SCANNER_TRIGGER	83ade79574081031
session#44693c018bab/Show_movie.m	kbcheck	97	[keyPress, keyTime, keyID] = KbCheck(-1);	SCANNER_TRIGGER	83ade79574081031
session#44693c018bab/Show_movie.m	time	97	[keyPress, keyTime, keyID] = KbCheck(-1);	PSYCHTOOLBOX_TIME	83ade79574081031
session#44693c018bab/Show_movie.m	kbqueue	99	KbQueueWait	SCANNER_TRIGGER	83ade79574081031
session#44693c018bab/Show_movie.m	kbcheck	103	[keyIsDown,secs,keyCode]=KbCheck;	SCANNER_TRIGGER	83ade79574081031
session#44693c018bab/Show_movie.m	playmovie	107	Screen('PlayMovie', movie, 0);	FRAME_TIMING	83ade79574081031
session#44693c018bab/Show_movie.m	frame	116	% Wait for next movie frame, retrieve texture handle to it	FRAME_TIMING	83ade79574081031
session#44693c018bab/Show_movie.m	getmovieimage	118	tex = Screen('GetMovieImage', win, movie);	FRAME_TIMING	83ade79574081031
session#44693c018bab/Show_movie.m	screen('flip'	138	Screen('Flip', win);	PSYCHTOOLBOX_TIME	83ade79574081031
session#44693c018bab/Show_movie.m	playmovie	146	Screen('PlayMovie', movie, 0);	FRAME_TIMING	83ade79574081031
session#44693c018bab/main.m	sync	4	Screen('Preference', 'SkipSyncTests', 0);	SCANNER_TRIGGER	1aab337d9f67bc7f
session#44693c018bab/main.m	results	16	%% check FOV script results that you have written down	SAVE_OPERATION	1aab337d9f67bc7f
session#44693c018bab/main.m	results	23	change_eye = 0; % you can change this parameter based on the results of FOV script	SAVE_OPERATION	1aab337d9f67bc7f
session#44693c018bab/main.m	trigger	26	% press t to start --> this comes from the trigger box	SCANNER_TRIGGER	1aab337d9f67bc7f
session#44693c018bab/main.m	results	40	"'\n Have you deleted the content of the Folder called ""Results""? ' ..."	SAVE_OPERATION	1aab337d9f67bc7f
session#44693c018bab/main.m	results	76	resultdir = 'Results';	SAVE_OPERATION	1aab337d9f67bc7f
session#44693c018bab/main.m	save(	80	save([resultdir '/' (t) '_Subject_is_' comment '_selected_run_id_' num2str(run_id)])	SAVE_OPERATION	1aab337d9f67bc7f
session#876e37cb950f/Show_movie.m	sync	11	Screen('Preference', 'SkipSyncTests', 1);	SCANNER_TRIGGER	83ade79574081031
session#876e37cb950f/Show_movie.m	screen('flip'	75	Screen('Flip', win);	PSYCHTOOLBOX_TIME	83ade79574081031
session#876e37cb950f/Show_movie.m	forp	79	psychtoolbox_forp_id=0;	SCANNER_TRIGGER	83ade79574081031
session#876e37cb950f/Show_movie.m	playmovie	88	Screen('PlayMovie', movie, 1);	FRAME_TIMING	83ade79574081031
session#876e37cb950f/Show_movie.m	trigger	93	% only look for t as trigger	SCANNER_TRIGGER	83ade79574081031
session#876e37cb950f/Show_movie.m	forp	94	KbQueueCreate(psychtoolbox_forp_id, keysOfInterest);	SCANNER_TRIGGER	83ade79574081031
session#876e37cb950f/Show_movie.m	kbqueue	94	KbQueueCreate(psychtoolbox_forp_id, keysOfInterest);	SCANNER_TRIGGER	83ade79574081031
session#876e37cb950f/Show_movie.m	kbqueue	95	KbQueueStart;	SCANNER_TRIGGER	83ade79574081031
session#876e37cb950f/Show_movie.m	kbcheck	97	[keyPress, keyTime, keyID] = KbCheck(-1);	SCANNER_TRIGGER	83ade79574081031
session#876e37cb950f/Show_movie.m	time	97	[keyPress, keyTime, keyID] = KbCheck(-1);	PSYCHTOOLBOX_TIME	83ade79574081031
session#876e37cb950f/Show_movie.m	kbqueue	99	KbQueueWait	SCANNER_TRIGGER	83ade79574081031
session#876e37cb950f/Show_movie.m	kbcheck	103	[keyIsDown,secs,keyCode]=KbCheck;	SCANNER_TRIGGER	83ade79574081031
session#876e37cb950f/Show_movie.m	playmovie	107	Screen('PlayMovie', movie, 0);	FRAME_TIMING	83ade79574081031
session#876e37cb950f/Show_movie.m	frame	116	% Wait for next movie frame, retrieve texture handle to it	FRAME_TIMING	83ade79574081031
session#876e37cb950f/Show_movie.m	getmovieimage	118	tex = Screen('GetMovieImage', win, movie);	FRAME_TIMING	83ade79574081031
session#876e37cb950f/Show_movie.m	screen('flip'	138	Screen('Flip', win);	PSYCHTOOLBOX_TIME	83ade79574081031
session#876e37cb950f/Show_movie.m	playmovie	146	Screen('PlayMovie', movie, 0);	FRAME_TIMING	83ade79574081031
session#876e37cb950f/main.m	sync	4	Screen('Preference', 'SkipSyncTests', 0);	SCANNER_TRIGGER	1aab337d9f67bc7f
session#876e37cb950f/main.m	results	16	%% check FOV script results that you have written down	SAVE_OPERATION	1aab337d9f67bc7f
session#876e37cb950f/main.m	results	23	change_eye = 0; % you can change this parameter based on the results of FOV script	SAVE_OPERATION	1aab337d9f67bc7f
session#876e37cb950f/main.m	trigger	26	% press t to start --> this comes from the trigger box	SCANNER_TRIGGER	1aab337d9f67bc7f
session#876e37cb950f/main.m	results	40	"'\n Have you deleted the content of the Folder called ""Results""? ' ..."	SAVE_OPERATION	1aab337d9f67bc7f
session#876e37cb950f/main.m	results	76	resultdir = 'Results';	SAVE_OPERATION	1aab337d9f67bc7f
session#876e37cb950f/main.m	save(	80	save([resultdir '/' (t) '_Subject_is_' comment '_selected_run_id_' num2str(run_id)])	SAVE_OPERATION	1aab337d9f67bc7f
session#61d1bf9356dd/Show_movie.m	sync	11	Screen('Preference', 'SkipSyncTests', 1);	SCANNER_TRIGGER	83ade79574081031
session#61d1bf9356dd/Show_movie.m	screen('flip'	75	Screen('Flip', win);	PSYCHTOOLBOX_TIME	83ade79574081031
session#61d1bf9356dd/Show_movie.m	forp	79	psychtoolbox_forp_id=0;	SCANNER_TRIGGER	83ade79574081031
session#61d1bf9356dd/Show_movie.m	playmovie	88	Screen('PlayMovie', movie, 1);	FRAME_TIMING	83ade79574081031
session#61d1bf9356dd/Show_movie.m	trigger	93	% only look for t as trigger	SCANNER_TRIGGER	83ade79574081031
session#61d1bf9356dd/Show_movie.m	forp	94	KbQueueCreate(psychtoolbox_forp_id, keysOfInterest);	SCANNER_TRIGGER	83ade79574081031
session#61d1bf9356dd/Show_movie.m	kbqueue	94	KbQueueCreate(psychtoolbox_forp_id, keysOfInterest);	SCANNER_TRIGGER	83ade79574081031
session#61d1bf9356dd/Show_movie.m	kbqueue	95	KbQueueStart;	SCANNER_TRIGGER	83ade79574081031
session#61d1bf9356dd/Show_movie.m	kbcheck	97	[keyPress, keyTime, keyID] = KbCheck(-1);	SCANNER_TRIGGER	83ade79574081031
session#61d1bf9356dd/Show_movie.m	time	97	[keyPress, keyTime, keyID] = KbCheck(-1);	PSYCHTOOLBOX_TIME	83ade79574081031
session#61d1bf9356dd/Show_movie.m	kbqueue	99	KbQueueWait	SCANNER_TRIGGER	83ade79574081031
session#61d1bf9356dd/Show_movie.m	kbcheck	103	[keyIsDown,secs,keyCode]=KbCheck;	SCANNER_TRIGGER	83ade79574081031
session#61d1bf9356dd/Show_movie.m	playmovie	107	Screen('PlayMovie', movie, 0);	FRAME_TIMING	83ade79574081031
session#61d1bf9356dd/Show_movie.m	frame	116	% Wait for next movie frame, retrieve texture handle to it	FRAME_TIMING	83ade79574081031
session#61d1bf9356dd/Show_movie.m	getmovieimage	118	tex = Screen('GetMovieImage', win, movie);	FRAME_TIMING	83ade79574081031
session#61d1bf9356dd/Show_movie.m	screen('flip'	138	Screen('Flip', win);	PSYCHTOOLBOX_TIME	83ade79574081031
session#61d1bf9356dd/Show_movie.m	playmovie	146	Screen('PlayMovie', movie, 0);	FRAME_TIMING	83ade79574081031
session#61d1bf9356dd/main.m	sync	4	Screen('Preference', 'SkipSyncTests', 0);	SCANNER_TRIGGER	1aab337d9f67bc7f
session#61d1bf9356dd/main.m	results	16	%% check FOV script results that you have written down	SAVE_OPERATION	1aab337d9f67bc7f
session#61d1bf9356dd/main.m	results	23	change_eye = 0; % you can change this parameter based on the results of FOV script	SAVE_OPERATION	1aab337d9f67bc7f
session#61d1bf9356dd/main.m	trigger	26	% press t to start --> this comes from the trigger box	SCANNER_TRIGGER	1aab337d9f67bc7f
session#61d1bf9356dd/main.m	results	40	"'\n Have you deleted the content of the Folder called ""Results""? ' ..."	SAVE_OPERATION	1aab337d9f67bc7f
session#61d1bf9356dd/main.m	results	76	resultdir = 'Results';	SAVE_OPERATION	1aab337d9f67bc7f
session#61d1bf9356dd/main.m	save(	80	save([resultdir '/' (t) '_Subject_is_' comment '_selected_run_id_' num2str(run_id)])	SAVE_OPERATION	1aab337d9f67bc7f
session#c0f3e3e3f697/Show_movie.m	sync	11	Screen('Preference', 'SkipSyncTests', 1);	SCANNER_TRIGGER	83ade79574081031
session#c0f3e3e3f697/Show_movie.m	screen('flip'	75	Screen('Flip', win);	PSYCHTOOLBOX_TIME	83ade79574081031
session#c0f3e3e3f697/Show_movie.m	forp	79	psychtoolbox_forp_id=0;	SCANNER_TRIGGER	83ade79574081031
session#c0f3e3e3f697/Show_movie.m	playmovie	88	Screen('PlayMovie', movie, 1);	FRAME_TIMING	83ade79574081031
session#c0f3e3e3f697/Show_movie.m	trigger	93	% only look for t as trigger	SCANNER_TRIGGER	83ade79574081031
session#c0f3e3e3f697/Show_movie.m	forp	94	KbQueueCreate(psychtoolbox_forp_id, keysOfInterest);	SCANNER_TRIGGER	83ade79574081031
session#c0f3e3e3f697/Show_movie.m	kbqueue	94	KbQueueCreate(psychtoolbox_forp_id, keysOfInterest);	SCANNER_TRIGGER	83ade79574081031
session#c0f3e3e3f697/Show_movie.m	kbqueue	95	KbQueueStart;	SCANNER_TRIGGER	83ade79574081031
session#c0f3e3e3f697/Show_movie.m	kbcheck	97	[keyPress, keyTime, keyID] = KbCheck(-1);	SCANNER_TRIGGER	83ade79574081031
session#c0f3e3e3f697/Show_movie.m	time	97	[keyPress, keyTime, keyID] = KbCheck(-1);	PSYCHTOOLBOX_TIME	83ade79574081031
session#c0f3e3e3f697/Show_movie.m	kbqueue	99	KbQueueWait	SCANNER_TRIGGER	83ade79574081031
session#c0f3e3e3f697/Show_movie.m	kbcheck	103	[keyIsDown,secs,keyCode]=KbCheck;	SCANNER_TRIGGER	83ade79574081031
session#c0f3e3e3f697/Show_movie.m	playmovie	107	Screen('PlayMovie', movie, 0);	FRAME_TIMING	83ade79574081031
session#c0f3e3e3f697/Show_movie.m	frame	116	% Wait for next movie frame, retrieve texture handle to it	FRAME_TIMING	83ade79574081031
session#c0f3e3e3f697/Show_movie.m	getmovieimage	118	tex = Screen('GetMovieImage', win, movie);	FRAME_TIMING	83ade79574081031
session#c0f3e3e3f697/Show_movie.m	screen('flip'	138	Screen('Flip', win);	PSYCHTOOLBOX_TIME	83ade79574081031
session#c0f3e3e3f697/Show_movie.m	playmovie	146	Screen('PlayMovie', movie, 0);	FRAME_TIMING	83ade79574081031
session#c0f3e3e3f697/main.m	sync	4	Screen('Preference', 'SkipSyncTests', 0);	SCANNER_TRIGGER	1aab337d9f67bc7f
session#c0f3e3e3f697/main.m	results	16	%% check FOV script results that you have written down	SAVE_OPERATION	1aab337d9f67bc7f
session#c0f3e3e3f697/main.m	results	23	change_eye = 0; % you can change this parameter based on the results of FOV script	SAVE_OPERATION	1aab337d9f67bc7f
session#c0f3e3e3f697/main.m	trigger	26	% press t to start --> this comes from the trigger box	SCANNER_TRIGGER	1aab337d9f67bc7f
session#c0f3e3e3f697/main.m	results	40	"'\n Have you deleted the content of the Folder called ""Results""? ' ..."	SAVE_OPERATION	1aab337d9f67bc7f
session#c0f3e3e3f697/main.m	results	76	resultdir = 'Results';	SAVE_OPERATION	1aab337d9f67bc7f
session#c0f3e3e3f697/main.m	save(	80	save([resultdir '/' (t) '_Subject_is_' comment '_selected_run_id_' num2str(run_id)])	SAVE_OPERATION	1aab337d9f67bc7f
session#10200e457924/Show_movie.m	sync	11	Screen('Preference', 'SkipSyncTests', 1);	SCANNER_TRIGGER	83ade79574081031
session#10200e457924/Show_movie.m	screen('flip'	75	Screen('Flip', win);	PSYCHTOOLBOX_TIME	83ade79574081031
session#10200e457924/Show_movie.m	forp	79	psychtoolbox_forp_id=0;	SCANNER_TRIGGER	83ade79574081031
session#10200e457924/Show_movie.m	playmovie	88	Screen('PlayMovie', movie, 1);	FRAME_TIMING	83ade79574081031
session#10200e457924/Show_movie.m	trigger	93	% only look for t as trigger	SCANNER_TRIGGER	83ade79574081031
session#10200e457924/Show_movie.m	forp	94	KbQueueCreate(psychtoolbox_forp_id, keysOfInterest);	SCANNER_TRIGGER	83ade79574081031
session#10200e457924/Show_movie.m	kbqueue	94	KbQueueCreate(psychtoolbox_forp_id, keysOfInterest);	SCANNER_TRIGGER	83ade79574081031
session#10200e457924/Show_movie.m	kbqueue	95	KbQueueStart;	SCANNER_TRIGGER	83ade79574081031
session#10200e457924/Show_movie.m	kbcheck	97	[keyPress, keyTime, keyID] = KbCheck(-1);	SCANNER_TRIGGER	83ade79574081031
session#10200e457924/Show_movie.m	time	97	[keyPress, keyTime, keyID] = KbCheck(-1);	PSYCHTOOLBOX_TIME	83ade79574081031
session#10200e457924/Show_movie.m	kbqueue	99	KbQueueWait	SCANNER_TRIGGER	83ade79574081031
session#10200e457924/Show_movie.m	kbcheck	103	[keyIsDown,secs,keyCode]=KbCheck;	SCANNER_TRIGGER	83ade79574081031
session#10200e457924/Show_movie.m	playmovie	107	Screen('PlayMovie', movie, 0);	FRAME_TIMING	83ade79574081031
session#10200e457924/Show_movie.m	frame	116	% Wait for next movie frame, retrieve texture handle to it	FRAME_TIMING	83ade79574081031
session#10200e457924/Show_movie.m	getmovieimage	118	tex = Screen('GetMovieImage', win, movie);	FRAME_TIMING	83ade79574081031
session#10200e457924/Show_movie.m	screen('flip'	138	Screen('Flip', win);	PSYCHTOOLBOX_TIME	83ade79574081031
session#10200e457924/Show_movie.m	playmovie	146	Screen('PlayMovie', movie, 0);	FRAME_TIMING	83ade79574081031
session#10200e457924/main.m	sync	4	Screen('Preference', 'SkipSyncTests', 0);	SCANNER_TRIGGER	1aab337d9f67bc7f
session#10200e457924/main.m	results	16	%% check FOV script results that you have written down	SAVE_OPERATION	1aab337d9f67bc7f
session#10200e457924/main.m	results	23	change_eye = 0; % you can change this parameter based on the results of FOV script	SAVE_OPERATION	1aab337d9f67bc7f
session#10200e457924/main.m	trigger	26	% press t to start --> this comes from the trigger box	SCANNER_TRIGGER	1aab337d9f67bc7f
session#10200e457924/main.m	results	40	"'\n Have you deleted the content of the Folder called ""Results""? ' ..."	SAVE_OPERATION	1aab337d9f67bc7f
session#10200e457924/main.m	results	76	resultdir = 'Results';	SAVE_OPERATION	1aab337d9f67bc7f
session#10200e457924/main.m	save(	80	save([resultdir '/' (t) '_Subject_is_' comment '_selected_run_id_' num2str(run_id)])	SAVE_OPERATION	1aab337d9f67bc7f
session#823ec7e24503/Show_movie.m	sync	11	Screen('Preference', 'SkipSyncTests', 1);	SCANNER_TRIGGER	83ade79574081031
session#823ec7e24503/Show_movie.m	screen('flip'	75	Screen('Flip', win);	PSYCHTOOLBOX_TIME	83ade79574081031
session#823ec7e24503/Show_movie.m	forp	79	psychtoolbox_forp_id=0;	SCANNER_TRIGGER	83ade79574081031
session#823ec7e24503/Show_movie.m	playmovie	88	Screen('PlayMovie', movie, 1);	FRAME_TIMING	83ade79574081031
session#823ec7e24503/Show_movie.m	trigger	93	% only look for t as trigger	SCANNER_TRIGGER	83ade79574081031
session#823ec7e24503/Show_movie.m	forp	94	KbQueueCreate(psychtoolbox_forp_id, keysOfInterest);	SCANNER_TRIGGER	83ade79574081031
session#823ec7e24503/Show_movie.m	kbqueue	94	KbQueueCreate(psychtoolbox_forp_id, keysOfInterest);	SCANNER_TRIGGER	83ade79574081031
session#823ec7e24503/Show_movie.m	kbqueue	95	KbQueueStart;	SCANNER_TRIGGER	83ade79574081031
session#823ec7e24503/Show_movie.m	kbcheck	97	[keyPress, keyTime, keyID] = KbCheck(-1);	SCANNER_TRIGGER	83ade79574081031
session#823ec7e24503/Show_movie.m	time	97	[keyPress, keyTime, keyID] = KbCheck(-1);	PSYCHTOOLBOX_TIME	83ade79574081031
session#823ec7e24503/Show_movie.m	kbqueue	99	KbQueueWait	SCANNER_TRIGGER	83ade79574081031
session#823ec7e24503/Show_movie.m	kbcheck	103	[keyIsDown,secs,keyCode]=KbCheck;	SCANNER_TRIGGER	83ade79574081031
session#823ec7e24503/Show_movie.m	playmovie	107	Screen('PlayMovie', movie, 0);	FRAME_TIMING	83ade79574081031
session#823ec7e24503/Show_movie.m	frame	116	% Wait for next movie frame, retrieve texture handle to it	FRAME_TIMING	83ade79574081031
session#823ec7e24503/Show_movie.m	getmovieimage	118	tex = Screen('GetMovieImage', win, movie);	FRAME_TIMING	83ade79574081031
session#823ec7e24503/Show_movie.m	screen('flip'	138	Screen('Flip', win);	PSYCHTOOLBOX_TIME	83ade79574081031
session#823ec7e24503/Show_movie.m	playmovie	146	Screen('PlayMovie', movie, 0);	FRAME_TIMING	83ade79574081031
session#823ec7e24503/main.m	sync	4	Screen('Preference', 'SkipSyncTests', 0);	SCANNER_TRIGGER	1aab337d9f67bc7f
session#823ec7e24503/main.m	results	16	%% check FOV script results that you have written down	SAVE_OPERATION	1aab337d9f67bc7f
session#823ec7e24503/main.m	results	23	change_eye = 0; % you can change this parameter based on the results of FOV script	SAVE_OPERATION	1aab337d9f67bc7f
session#823ec7e24503/main.m	trigger	26	% press t to start --> this comes from the trigger box	SCANNER_TRIGGER	1aab337d9f67bc7f
session#823ec7e24503/main.m	results	40	"'\n Have you deleted the content of the Folder called ""Results""? ' ..."	SAVE_OPERATION	1aab337d9f67bc7f
session#823ec7e24503/main.m	results	76	resultdir = 'Results';	SAVE_OPERATION	1aab337d9f67bc7f
session#823ec7e24503/main.m	save(	80	save([resultdir '/' (t) '_Subject_is_' comment '_selected_run_id_' num2str(run_id)])	SAVE_OPERATION	1aab337d9f67bc7f
session#327c0823b284/Show_movie.m	sync	11	Screen('Preference', 'SkipSyncTests', 1);	SCANNER_TRIGGER	83ade79574081031
session#327c0823b284/Show_movie.m	screen('flip'	75	Screen('Flip', win);	PSYCHTOOLBOX_TIME	83ade79574081031
session#327c0823b284/Show_movie.m	forp	79	psychtoolbox_forp_id=0;	SCANNER_TRIGGER	83ade79574081031
session#327c0823b284/Show_movie.m	playmovie	88	Screen('PlayMovie', movie, 1);	FRAME_TIMING	83ade79574081031
session#327c0823b284/Show_movie.m	trigger	93	% only look for t as trigger	SCANNER_TRIGGER	83ade79574081031
session#327c0823b284/Show_movie.m	forp	94	KbQueueCreate(psychtoolbox_forp_id, keysOfInterest);	SCANNER_TRIGGER	83ade79574081031
session#327c0823b284/Show_movie.m	kbqueue	94	KbQueueCreate(psychtoolbox_forp_id, keysOfInterest);	SCANNER_TRIGGER	83ade79574081031
session#327c0823b284/Show_movie.m	kbqueue	95	KbQueueStart;	SCANNER_TRIGGER	83ade79574081031
session#327c0823b284/Show_movie.m	kbcheck	97	[keyPress, keyTime, keyID] = KbCheck(-1);	SCANNER_TRIGGER	83ade79574081031
session#327c0823b284/Show_movie.m	time	97	[keyPress, keyTime, keyID] = KbCheck(-1);	PSYCHTOOLBOX_TIME	83ade79574081031
session#327c0823b284/Show_movie.m	kbqueue	99	KbQueueWait	SCANNER_TRIGGER	83ade79574081031
session#327c0823b284/Show_movie.m	kbcheck	103	[keyIsDown,secs,keyCode]=KbCheck;	SCANNER_TRIGGER	83ade79574081031
session#327c0823b284/Show_movie.m	playmovie	107	Screen('PlayMovie', movie, 0);	FRAME_TIMING	83ade79574081031
session#327c0823b284/Show_movie.m	frame	116	% Wait for next movie frame, retrieve texture handle to it	FRAME_TIMING	83ade79574081031
session#327c0823b284/Show_movie.m	getmovieimage	118	tex = Screen('GetMovieImage', win, movie);	FRAME_TIMING	83ade79574081031
session#327c0823b284/Show_movie.m	screen('flip'	138	Screen('Flip', win);	PSYCHTOOLBOX_TIME	83ade79574081031
session#327c0823b284/Show_movie.m	playmovie	146	Screen('PlayMovie', movie, 0);	FRAME_TIMING	83ade79574081031
session#327c0823b284/main.m	sync	4	Screen('Preference', 'SkipSyncTests', 0);	SCANNER_TRIGGER	1aab337d9f67bc7f
session#327c0823b284/main.m	results	16	%% check FOV script results that you have written down	SAVE_OPERATION	1aab337d9f67bc7f
session#327c0823b284/main.m	results	23	change_eye = 0; % you can change this parameter based on the results of FOV script	SAVE_OPERATION	1aab337d9f67bc7f
session#327c0823b284/main.m	trigger	26	% press t to start --> this comes from the trigger box	SCANNER_TRIGGER	1aab337d9f67bc7f
session#327c0823b284/main.m	results	40	"'\n Have you deleted the content of the Folder called ""Results""? ' ..."	SAVE_OPERATION	1aab337d9f67bc7f
session#327c0823b284/main.m	results	76	resultdir = 'Results';	SAVE_OPERATION	1aab337d9f67bc7f
session#327c0823b284/main.m	save(	80	save([resultdir '/' (t) '_Subject_is_' comment '_selected_run_id_' num2str(run_id)])	SAVE_OPERATION	1aab337d9f67bc7f
session#5c81057ae502/Show_movie.m	sync	11	Screen('Preference', 'SkipSyncTests', 1);	SCANNER_TRIGGER	83ade79574081031
session#5c81057ae502/Show_movie.m	screen('flip'	75	Screen('Flip', win);	PSYCHTOOLBOX_TIME	83ade79574081031
session#5c81057ae502/Show_movie.m	forp	79	psychtoolbox_forp_id=0;	SCANNER_TRIGGER	83ade79574081031
session#5c81057ae502/Show_movie.m	playmovie	88	Screen('PlayMovie', movie, 1);	FRAME_TIMING	83ade79574081031
session#5c81057ae502/Show_movie.m	trigger	93	% only look for t as trigger	SCANNER_TRIGGER	83ade79574081031
session#5c81057ae502/Show_movie.m	forp	94	KbQueueCreate(psychtoolbox_forp_id, keysOfInterest);	SCANNER_TRIGGER	83ade79574081031
session#5c81057ae502/Show_movie.m	kbqueue	94	KbQueueCreate(psychtoolbox_forp_id, keysOfInterest);	SCANNER_TRIGGER	83ade79574081031
session#5c81057ae502/Show_movie.m	kbqueue	95	KbQueueStart;	SCANNER_TRIGGER	83ade79574081031
session#5c81057ae502/Show_movie.m	kbcheck	97	[keyPress, keyTime, keyID] = KbCheck(-1);	SCANNER_TRIGGER	83ade79574081031
session#5c81057ae502/Show_movie.m	time	97	[keyPress, keyTime, keyID] = KbCheck(-1);	PSYCHTOOLBOX_TIME	83ade79574081031
session#5c81057ae502/Show_movie.m	kbqueue	99	KbQueueWait	SCANNER_TRIGGER	83ade79574081031
session#5c81057ae502/Show_movie.m	kbcheck	103	[keyIsDown,secs,keyCode]=KbCheck;	SCANNER_TRIGGER	83ade79574081031
session#5c81057ae502/Show_movie.m	playmovie	107	Screen('PlayMovie', movie, 0);	FRAME_TIMING	83ade79574081031
session#5c81057ae502/Show_movie.m	frame	116	% Wait for next movie frame, retrieve texture handle to it	FRAME_TIMING	83ade79574081031
session#5c81057ae502/Show_movie.m	getmovieimage	118	tex = Screen('GetMovieImage', win, movie);	FRAME_TIMING	83ade79574081031
session#5c81057ae502/Show_movie.m	screen('flip'	138	Screen('Flip', win);	PSYCHTOOLBOX_TIME	83ade79574081031
session#5c81057ae502/Show_movie.m	playmovie	146	Screen('PlayMovie', movie, 0);	FRAME_TIMING	83ade79574081031
session#5c81057ae502/main.m	sync	4	Screen('Preference', 'SkipSyncTests', 0);	SCANNER_TRIGGER	1aab337d9f67bc7f
session#5c81057ae502/main.m	results	16	%% check FOV script results that you have written down	SAVE_OPERATION	1aab337d9f67bc7f
session#5c81057ae502/main.m	results	23	change_eye = 0; % you can change this parameter based on the results of FOV script	SAVE_OPERATION	1aab337d9f67bc7f
session#5c81057ae502/main.m	trigger	26	% press t to start --> this comes from the trigger box	SCANNER_TRIGGER	1aab337d9f67bc7f
session#5c81057ae502/main.m	results	40	"'\n Have you deleted the content of the Folder called ""Results""? ' ..."	SAVE_OPERATION	1aab337d9f67bc7f
session#5c81057ae502/main.m	results	76	resultdir = 'Results';	SAVE_OPERATION	1aab337d9f67bc7f
session#5c81057ae502/main.m	save(	80	save([resultdir '/' (t) '_Subject_is_' comment '_selected_run_id_' num2str(run_id)])	SAVE_OPERATION	1aab337d9f67bc7f
session#633ae61552b4/Show_movie.m	sync	11	Screen('Preference', 'SkipSyncTests', 1);	SCANNER_TRIGGER	83ade79574081031
session#633ae61552b4/Show_movie.m	screen('flip'	75	Screen('Flip', win);	PSYCHTOOLBOX_TIME	83ade79574081031
session#633ae61552b4/Show_movie.m	forp	79	psychtoolbox_forp_id=0;	SCANNER_TRIGGER	83ade79574081031
session#633ae61552b4/Show_movie.m	playmovie	88	Screen('PlayMovie', movie, 1);	FRAME_TIMING	83ade79574081031
session#633ae61552b4/Show_movie.m	trigger	93	% only look for t as trigger	SCANNER_TRIGGER	83ade79574081031
session#633ae61552b4/Show_movie.m	forp	94	KbQueueCreate(psychtoolbox_forp_id, keysOfInterest);	SCANNER_TRIGGER	83ade79574081031
session#633ae61552b4/Show_movie.m	kbqueue	94	KbQueueCreate(psychtoolbox_forp_id, keysOfInterest);	SCANNER_TRIGGER	83ade79574081031
session#633ae61552b4/Show_movie.m	kbqueue	95	KbQueueStart;	SCANNER_TRIGGER	83ade79574081031
session#633ae61552b4/Show_movie.m	kbcheck	97	[keyPress, keyTime, keyID] = KbCheck(-1);	SCANNER_TRIGGER	83ade79574081031
session#633ae61552b4/Show_movie.m	time	97	[keyPress, keyTime, keyID] = KbCheck(-1);	PSYCHTOOLBOX_TIME	83ade79574081031
session#633ae61552b4/Show_movie.m	kbqueue	99	KbQueueWait	SCANNER_TRIGGER	83ade79574081031
session#633ae61552b4/Show_movie.m	kbcheck	103	[keyIsDown,secs,keyCode]=KbCheck;	SCANNER_TRIGGER	83ade79574081031
session#633ae61552b4/Show_movie.m	playmovie	107	Screen('PlayMovie', movie, 0);	FRAME_TIMING	83ade79574081031
session#633ae61552b4/Show_movie.m	frame	116	% Wait for next movie frame, retrieve texture handle to it	FRAME_TIMING	83ade79574081031
session#633ae61552b4/Show_movie.m	getmovieimage	118	tex = Screen('GetMovieImage', win, movie);	FRAME_TIMING	83ade79574081031
session#633ae61552b4/Show_movie.m	screen('flip'	138	Screen('Flip', win);	PSYCHTOOLBOX_TIME	83ade79574081031
session#633ae61552b4/Show_movie.m	playmovie	146	Screen('PlayMovie', movie, 0);	FRAME_TIMING	83ade79574081031
session#633ae61552b4/main.m	sync	4	Screen('Preference', 'SkipSyncTests', 0);	SCANNER_TRIGGER	1aab337d9f67bc7f
session#633ae61552b4/main.m	results	16	%% check FOV script results that you have written down	SAVE_OPERATION	1aab337d9f67bc7f
session#633ae61552b4/main.m	results	23	change_eye = 0; % you can change this parameter based on the results of FOV script	SAVE_OPERATION	1aab337d9f67bc7f
session#633ae61552b4/main.m	trigger	26	% press t to start --> this comes from the trigger box	SCANNER_TRIGGER	1aab337d9f67bc7f
session#633ae61552b4/main.m	results	40	"'\n Have you deleted the content of the Folder called ""Results""? ' ..."	SAVE_OPERATION	1aab337d9f67bc7f
session#633ae61552b4/main.m	results	76	resultdir = 'Results';	SAVE_OPERATION	1aab337d9f67bc7f
session#633ae61552b4/main.m	save(	80	save([resultdir '/' (t) '_Subject_is_' comment '_selected_run_id_' num2str(run_id)])	SAVE_OPERATION	1aab337d9f67bc7f
session#6b8c758bd678/Show_movie.m	sync	11	Screen('Preference', 'SkipSyncTests', 1);	SCANNER_TRIGGER	83ade79574081031
session#6b8c758bd678/Show_movie.m	screen('flip'	75	Screen('Flip', win);	PSYCHTOOLBOX_TIME	83ade79574081031
session#6b8c758bd678/Show_movie.m	forp	79	psychtoolbox_forp_id=0;	SCANNER_TRIGGER	83ade79574081031
session#6b8c758bd678/Show_movie.m	playmovie	88	Screen('PlayMovie', movie, 1);	FRAME_TIMING	83ade79574081031
session#6b8c758bd678/Show_movie.m	trigger	93	% only look for t as trigger	SCANNER_TRIGGER	83ade79574081031
session#6b8c758bd678/Show_movie.m	forp	94	KbQueueCreate(psychtoolbox_forp_id, keysOfInterest);	SCANNER_TRIGGER	83ade79574081031
session#6b8c758bd678/Show_movie.m	kbqueue	94	KbQueueCreate(psychtoolbox_forp_id, keysOfInterest);	SCANNER_TRIGGER	83ade79574081031
session#6b8c758bd678/Show_movie.m	kbqueue	95	KbQueueStart;	SCANNER_TRIGGER	83ade79574081031
session#6b8c758bd678/Show_movie.m	kbcheck	97	[keyPress, keyTime, keyID] = KbCheck(-1);	SCANNER_TRIGGER	83ade79574081031
session#6b8c758bd678/Show_movie.m	time	97	[keyPress, keyTime, keyID] = KbCheck(-1);	PSYCHTOOLBOX_TIME	83ade79574081031
session#6b8c758bd678/Show_movie.m	kbqueue	99	KbQueueWait	SCANNER_TRIGGER	83ade79574081031
session#6b8c758bd678/Show_movie.m	kbcheck	103	[keyIsDown,secs,keyCode]=KbCheck;	SCANNER_TRIGGER	83ade79574081031
session#6b8c758bd678/Show_movie.m	playmovie	107	Screen('PlayMovie', movie, 0);	FRAME_TIMING	83ade79574081031
session#6b8c758bd678/Show_movie.m	frame	116	% Wait for next movie frame, retrieve texture handle to it	FRAME_TIMING	83ade79574081031
session#6b8c758bd678/Show_movie.m	getmovieimage	118	tex = Screen('GetMovieImage', win, movie);	FRAME_TIMING	83ade79574081031
session#6b8c758bd678/Show_movie.m	screen('flip'	138	Screen('Flip', win);	PSYCHTOOLBOX_TIME	83ade79574081031
session#6b8c758bd678/Show_movie.m	playmovie	146	Screen('PlayMovie', movie, 0);	FRAME_TIMING	83ade79574081031
session#6b8c758bd678/main.m	sync	4	Screen('Preference', 'SkipSyncTests', 0);	SCANNER_TRIGGER	1aab337d9f67bc7f
session#6b8c758bd678/main.m	results	16	%% check FOV script results that you have written down	SAVE_OPERATION	1aab337d9f67bc7f
session#6b8c758bd678/main.m	results	23	change_eye = 0; % you can change this parameter based on the results of FOV script	SAVE_OPERATION	1aab337d9f67bc7f
session#6b8c758bd678/main.m	trigger	26	% press t to start --> this comes from the trigger box	SCANNER_TRIGGER	1aab337d9f67bc7f
session#6b8c758bd678/main.m	results	40	"'\n Have you deleted the content of the Folder called ""Results""? ' ..."	SAVE_OPERATION	1aab337d9f67bc7f
session#6b8c758bd678/main.m	results	76	resultdir = 'Results';	SAVE_OPERATION	1aab337d9f67bc7f
session#6b8c758bd678/main.m	save(	80	save([resultdir '/' (t) '_Subject_is_' comment '_selected_run_id_' num2str(run_id)])	SAVE_OPERATION	1aab337d9f67bc7f
session#b3f1afcb28bc/Show_movie.m	sync	11	Screen('Preference', 'SkipSyncTests', 1);	SCANNER_TRIGGER	83ade79574081031
session#b3f1afcb28bc/Show_movie.m	screen('flip'	75	Screen('Flip', win);	PSYCHTOOLBOX_TIME	83ade79574081031
session#b3f1afcb28bc/Show_movie.m	forp	79	psychtoolbox_forp_id=0;	SCANNER_TRIGGER	83ade79574081031
session#b3f1afcb28bc/Show_movie.m	playmovie	88	Screen('PlayMovie', movie, 1);	FRAME_TIMING	83ade79574081031
session#b3f1afcb28bc/Show_movie.m	trigger	93	% only look for t as trigger	SCANNER_TRIGGER	83ade79574081031
session#b3f1afcb28bc/Show_movie.m	forp	94	KbQueueCreate(psychtoolbox_forp_id, keysOfInterest);	SCANNER_TRIGGER	83ade79574081031
session#b3f1afcb28bc/Show_movie.m	kbqueue	94	KbQueueCreate(psychtoolbox_forp_id, keysOfInterest);	SCANNER_TRIGGER	83ade79574081031
session#b3f1afcb28bc/Show_movie.m	kbqueue	95	KbQueueStart;	SCANNER_TRIGGER	83ade79574081031
session#b3f1afcb28bc/Show_movie.m	kbcheck	97	[keyPress, keyTime, keyID] = KbCheck(-1);	SCANNER_TRIGGER	83ade79574081031
session#b3f1afcb28bc/Show_movie.m	time	97	[keyPress, keyTime, keyID] = KbCheck(-1);	PSYCHTOOLBOX_TIME	83ade79574081031
session#b3f1afcb28bc/Show_movie.m	kbqueue	99	KbQueueWait	SCANNER_TRIGGER	83ade79574081031
session#b3f1afcb28bc/Show_movie.m	kbcheck	103	[keyIsDown,secs,keyCode]=KbCheck;	SCANNER_TRIGGER	83ade79574081031
session#b3f1afcb28bc/Show_movie.m	playmovie	107	Screen('PlayMovie', movie, 0);	FRAME_TIMING	83ade79574081031
session#b3f1afcb28bc/Show_movie.m	frame	116	% Wait for next movie frame, retrieve texture handle to it	FRAME_TIMING	83ade79574081031
session#b3f1afcb28bc/Show_movie.m	getmovieimage	118	tex = Screen('GetMovieImage', win, movie);	FRAME_TIMING	83ade79574081031
session#b3f1afcb28bc/Show_movie.m	screen('flip'	138	Screen('Flip', win);	PSYCHTOOLBOX_TIME	83ade79574081031
session#b3f1afcb28bc/Show_movie.m	playmovie	146	Screen('PlayMovie', movie, 0);	FRAME_TIMING	83ade79574081031
session#b3f1afcb28bc/main.m	sync	4	Screen('Preference', 'SkipSyncTests', 0);	SCANNER_TRIGGER	1aab337d9f67bc7f
session#b3f1afcb28bc/main.m	results	16	%% check FOV script results that you have written down	SAVE_OPERATION	1aab337d9f67bc7f
session#b3f1afcb28bc/main.m	results	23	change_eye = 0; % you can change this parameter based on the results of FOV script	SAVE_OPERATION	1aab337d9f67bc7f
session#b3f1afcb28bc/main.m	trigger	26	% press t to start --> this comes from the trigger box	SCANNER_TRIGGER	1aab337d9f67bc7f
session#b3f1afcb28bc/main.m	results	40	"'\n Have you deleted the content of the Folder called ""Results""? ' ..."	SAVE_OPERATION	1aab337d9f67bc7f
session#b3f1afcb28bc/main.m	results	76	resultdir = 'Results';	SAVE_OPERATION	1aab337d9f67bc7f
session#b3f1afcb28bc/main.m	save(	80	save([resultdir '/' (t) '_Subject_is_' comment '_selected_run_id_' num2str(run_id)])	SAVE_OPERATION	1aab337d9f67bc7f
session#eee3e536020b/Show_movie.m	sync	11	Screen('Preference', 'SkipSyncTests', 1);	SCANNER_TRIGGER	83ade79574081031
session#eee3e536020b/Show_movie.m	screen('flip'	75	Screen('Flip', win);	PSYCHTOOLBOX_TIME	83ade79574081031
session#eee3e536020b/Show_movie.m	forp	79	psychtoolbox_forp_id=0;	SCANNER_TRIGGER	83ade79574081031
session#eee3e536020b/Show_movie.m	playmovie	88	Screen('PlayMovie', movie, 1);	FRAME_TIMING	83ade79574081031
session#eee3e536020b/Show_movie.m	trigger	93	% only look for t as trigger	SCANNER_TRIGGER	83ade79574081031
session#eee3e536020b/Show_movie.m	forp	94	KbQueueCreate(psychtoolbox_forp_id, keysOfInterest);	SCANNER_TRIGGER	83ade79574081031
session#eee3e536020b/Show_movie.m	kbqueue	94	KbQueueCreate(psychtoolbox_forp_id, keysOfInterest);	SCANNER_TRIGGER	83ade79574081031
session#eee3e536020b/Show_movie.m	kbqueue	95	KbQueueStart;	SCANNER_TRIGGER	83ade79574081031
session#eee3e536020b/Show_movie.m	kbcheck	97	[keyPress, keyTime, keyID] = KbCheck(-1);	SCANNER_TRIGGER	83ade79574081031
session#eee3e536020b/Show_movie.m	time	97	[keyPress, keyTime, keyID] = KbCheck(-1);	PSYCHTOOLBOX_TIME	83ade79574081031
session#eee3e536020b/Show_movie.m	kbqueue	99	KbQueueWait	SCANNER_TRIGGER	83ade79574081031
session#eee3e536020b/Show_movie.m	kbcheck	103	[keyIsDown,secs,keyCode]=KbCheck;	SCANNER_TRIGGER	83ade79574081031
session#eee3e536020b/Show_movie.m	playmovie	107	Screen('PlayMovie', movie, 0);	FRAME_TIMING	83ade79574081031
session#eee3e536020b/Show_movie.m	frame	116	% Wait for next movie frame, retrieve texture handle to it	FRAME_TIMING	83ade79574081031
session#eee3e536020b/Show_movie.m	getmovieimage	118	tex = Screen('GetMovieImage', win, movie);	FRAME_TIMING	83ade79574081031
session#eee3e536020b/Show_movie.m	screen('flip'	138	Screen('Flip', win);	PSYCHTOOLBOX_TIME	83ade79574081031
session#eee3e536020b/Show_movie.m	playmovie	146	Screen('PlayMovie', movie, 0);	FRAME_TIMING	83ade79574081031
session#eee3e536020b/main.m	sync	4	Screen('Preference', 'SkipSyncTests', 0);	SCANNER_TRIGGER	1aab337d9f67bc7f
session#eee3e536020b/main.m	results	16	%% check FOV script results that you have written down	SAVE_OPERATION	1aab337d9f67bc7f
session#eee3e536020b/main.m	results	23	change_eye = 0; % you can change this parameter based on the results of FOV script	SAVE_OPERATION	1aab337d9f67bc7f
session#eee3e536020b/main.m	trigger	26	% press t to start --> this comes from the trigger box	SCANNER_TRIGGER	1aab337d9f67bc7f
session#eee3e536020b/main.m	results	40	"'\n Have you deleted the content of the Folder called ""Results""? ' ..."	SAVE_OPERATION	1aab337d9f67bc7f
session#eee3e536020b/main.m	results	76	resultdir = 'Results';	SAVE_OPERATION	1aab337d9f67bc7f
session#eee3e536020b/main.m	save(	80	save([resultdir '/' (t) '_Subject_is_' comment '_selected_run_id_' num2str(run_id)])	SAVE_OPERATION	1aab337d9f67bc7f
session#c8098bfe16f0/Show_movie.m	sync	11	Screen('Preference', 'SkipSyncTests', 1);	SCANNER_TRIGGER	83ade79574081031
session#c8098bfe16f0/Show_movie.m	screen('flip'	75	Screen('Flip', win);	PSYCHTOOLBOX_TIME	83ade79574081031
session#c8098bfe16f0/Show_movie.m	forp	79	psychtoolbox_forp_id=0;	SCANNER_TRIGGER	83ade79574081031
session#c8098bfe16f0/Show_movie.m	playmovie	88	Screen('PlayMovie', movie, 1);	FRAME_TIMING	83ade79574081031
session#c8098bfe16f0/Show_movie.m	trigger	93	% only look for t as trigger	SCANNER_TRIGGER	83ade79574081031
session#c8098bfe16f0/Show_movie.m	forp	94	KbQueueCreate(psychtoolbox_forp_id, keysOfInterest);	SCANNER_TRIGGER	83ade79574081031
session#c8098bfe16f0/Show_movie.m	kbqueue	94	KbQueueCreate(psychtoolbox_forp_id, keysOfInterest);	SCANNER_TRIGGER	83ade79574081031
session#c8098bfe16f0/Show_movie.m	kbqueue	95	KbQueueStart;	SCANNER_TRIGGER	83ade79574081031
session#c8098bfe16f0/Show_movie.m	kbcheck	97	[keyPress, keyTime, keyID] = KbCheck(-1);	SCANNER_TRIGGER	83ade79574081031
session#c8098bfe16f0/Show_movie.m	time	97	[keyPress, keyTime, keyID] = KbCheck(-1);	PSYCHTOOLBOX_TIME	83ade79574081031
session#c8098bfe16f0/Show_movie.m	kbqueue	99	KbQueueWait	SCANNER_TRIGGER	83ade79574081031
session#c8098bfe16f0/Show_movie.m	kbcheck	103	[keyIsDown,secs,keyCode]=KbCheck;	SCANNER_TRIGGER	83ade79574081031
session#c8098bfe16f0/Show_movie.m	playmovie	107	Screen('PlayMovie', movie, 0);	FRAME_TIMING	83ade79574081031
session#c8098bfe16f0/Show_movie.m	frame	116	% Wait for next movie frame, retrieve texture handle to it	FRAME_TIMING	83ade79574081031
session#c8098bfe16f0/Show_movie.m	getmovieimage	118	tex = Screen('GetMovieImage', win, movie);	FRAME_TIMING	83ade79574081031
session#c8098bfe16f0/Show_movie.m	screen('flip'	138	Screen('Flip', win);	PSYCHTOOLBOX_TIME	83ade79574081031
session#c8098bfe16f0/Show_movie.m	playmovie	146	Screen('PlayMovie', movie, 0);	FRAME_TIMING	83ade79574081031
session#c8098bfe16f0/main.m	sync	4	Screen('Preference', 'SkipSyncTests', 0);	SCANNER_TRIGGER	1aab337d9f67bc7f
session#c8098bfe16f0/main.m	results	16	%% check FOV script results that you have written down	SAVE_OPERATION	1aab337d9f67bc7f
session#c8098bfe16f0/main.m	results	23	change_eye = 0; % you can change this parameter based on the results of FOV script	SAVE_OPERATION	1aab337d9f67bc7f
session#c8098bfe16f0/main.m	trigger	26	% press t to start --> this comes from the trigger box	SCANNER_TRIGGER	1aab337d9f67bc7f
session#c8098bfe16f0/main.m	results	40	"'\n Have you deleted the content of the Folder called ""Results""? ' ..."	SAVE_OPERATION	1aab337d9f67bc7f
session#c8098bfe16f0/main.m	results	76	resultdir = 'Results';	SAVE_OPERATION	1aab337d9f67bc7f
session#c8098bfe16f0/main.m	save(	80	save([resultdir '/' (t) '_Subject_is_' comment '_selected_run_id_' num2str(run_id)])	SAVE_OPERATION	1aab337d9f67bc7f
session#e8d8f2f508ba/Show_movie.m	sync	11	Screen('Preference', 'SkipSyncTests', 1);	SCANNER_TRIGGER	83ade79574081031
session#e8d8f2f508ba/Show_movie.m	screen('flip'	75	Screen('Flip', win);	PSYCHTOOLBOX_TIME	83ade79574081031
session#e8d8f2f508ba/Show_movie.m	forp	79	psychtoolbox_forp_id=0;	SCANNER_TRIGGER	83ade79574081031
session#e8d8f2f508ba/Show_movie.m	playmovie	88	Screen('PlayMovie', movie, 1);	FRAME_TIMING	83ade79574081031
session#e8d8f2f508ba/Show_movie.m	trigger	93	% only look for t as trigger	SCANNER_TRIGGER	83ade79574081031
session#e8d8f2f508ba/Show_movie.m	forp	94	KbQueueCreate(psychtoolbox_forp_id, keysOfInterest);	SCANNER_TRIGGER	83ade79574081031
session#e8d8f2f508ba/Show_movie.m	kbqueue	94	KbQueueCreate(psychtoolbox_forp_id, keysOfInterest);	SCANNER_TRIGGER	83ade79574081031
session#e8d8f2f508ba/Show_movie.m	kbqueue	95	KbQueueStart;	SCANNER_TRIGGER	83ade79574081031
session#e8d8f2f508ba/Show_movie.m	kbcheck	97	[keyPress, keyTime, keyID] = KbCheck(-1);	SCANNER_TRIGGER	83ade79574081031
session#e8d8f2f508ba/Show_movie.m	time	97	[keyPress, keyTime, keyID] = KbCheck(-1);	PSYCHTOOLBOX_TIME	83ade79574081031
session#e8d8f2f508ba/Show_movie.m	kbqueue	99	KbQueueWait	SCANNER_TRIGGER	83ade79574081031
session#e8d8f2f508ba/Show_movie.m	kbcheck	103	[keyIsDown,secs,keyCode]=KbCheck;	SCANNER_TRIGGER	83ade79574081031
session#e8d8f2f508ba/Show_movie.m	playmovie	107	Screen('PlayMovie', movie, 0);	FRAME_TIMING	83ade79574081031
session#e8d8f2f508ba/Show_movie.m	frame	116	% Wait for next movie frame, retrieve texture handle to it	FRAME_TIMING	83ade79574081031
session#e8d8f2f508ba/Show_movie.m	getmovieimage	118	tex = Screen('GetMovieImage', win, movie);	FRAME_TIMING	83ade79574081031
session#e8d8f2f508ba/Show_movie.m	screen('flip'	138	Screen('Flip', win);	PSYCHTOOLBOX_TIME	83ade79574081031
session#e8d8f2f508ba/Show_movie.m	playmovie	146	Screen('PlayMovie', movie, 0);	FRAME_TIMING	83ade79574081031
session#e8d8f2f508ba/main.m	sync	4	Screen('Preference', 'SkipSyncTests', 0);	SCANNER_TRIGGER	1aab337d9f67bc7f
session#e8d8f2f508ba/main.m	results	16	%% check FOV script results that you have written down	SAVE_OPERATION	1aab337d9f67bc7f
session#e8d8f2f508ba/main.m	results	23	change_eye = 0; % you can change this parameter based on the results of FOV script	SAVE_OPERATION	1aab337d9f67bc7f
session#e8d8f2f508ba/main.m	trigger	26	% press t to start --> this comes from the trigger box	SCANNER_TRIGGER	1aab337d9f67bc7f
session#e8d8f2f508ba/main.m	results	40	"'\n Have you deleted the content of the Folder called ""Results""? ' ..."	SAVE_OPERATION	1aab337d9f67bc7f
session#e8d8f2f508ba/main.m	results	76	resultdir = 'Results';	SAVE_OPERATION	1aab337d9f67bc7f
session#e8d8f2f508ba/main.m	save(	80	save([resultdir '/' (t) '_Subject_is_' comment '_selected_run_id_' num2str(run_id)])	SAVE_OPERATION	1aab337d9f67bc7f
session#9a5c07b1b5d5/Show_movie.m	sync	11	Screen('Preference', 'SkipSyncTests', 1);	SCANNER_TRIGGER	83ade79574081031
session#9a5c07b1b5d5/Show_movie.m	screen('flip'	75	Screen('Flip', win);	PSYCHTOOLBOX_TIME	83ade79574081031
session#9a5c07b1b5d5/Show_movie.m	forp	79	psychtoolbox_forp_id=0;	SCANNER_TRIGGER	83ade79574081031
session#9a5c07b1b5d5/Show_movie.m	playmovie	88	Screen('PlayMovie', movie, 1);	FRAME_TIMING	83ade79574081031
session#9a5c07b1b5d5/Show_movie.m	trigger	93	% only look for t as trigger	SCANNER_TRIGGER	83ade79574081031
session#9a5c07b1b5d5/Show_movie.m	forp	94	KbQueueCreate(psychtoolbox_forp_id, keysOfInterest);	SCANNER_TRIGGER	83ade79574081031
session#9a5c07b1b5d5/Show_movie.m	kbqueue	94	KbQueueCreate(psychtoolbox_forp_id, keysOfInterest);	SCANNER_TRIGGER	83ade79574081031
session#9a5c07b1b5d5/Show_movie.m	kbqueue	95	KbQueueStart;	SCANNER_TRIGGER	83ade79574081031
session#9a5c07b1b5d5/Show_movie.m	kbcheck	97	[keyPress, keyTime, keyID] = KbCheck(-1);	SCANNER_TRIGGER	83ade79574081031
session#9a5c07b1b5d5/Show_movie.m	time	97	[keyPress, keyTime, keyID] = KbCheck(-1);	PSYCHTOOLBOX_TIME	83ade79574081031
session#9a5c07b1b5d5/Show_movie.m	kbqueue	99	KbQueueWait	SCANNER_TRIGGER	83ade79574081031
session#9a5c07b1b5d5/Show_movie.m	kbcheck	103	[keyIsDown,secs,keyCode]=KbCheck;	SCANNER_TRIGGER	83ade79574081031
session#9a5c07b1b5d5/Show_movie.m	playmovie	107	Screen('PlayMovie', movie, 0);	FRAME_TIMING	83ade79574081031
session#9a5c07b1b5d5/Show_movie.m	frame	116	% Wait for next movie frame, retrieve texture handle to it	FRAME_TIMING	83ade79574081031
session#9a5c07b1b5d5/Show_movie.m	getmovieimage	118	tex = Screen('GetMovieImage', win, movie);	FRAME_TIMING	83ade79574081031
session#9a5c07b1b5d5/Show_movie.m	screen('flip'	138	Screen('Flip', win);	PSYCHTOOLBOX_TIME	83ade79574081031
session#9a5c07b1b5d5/Show_movie.m	playmovie	146	Screen('PlayMovie', movie, 0);	FRAME_TIMING	83ade79574081031
session#9a5c07b1b5d5/main.m	sync	4	Screen('Preference', 'SkipSyncTests', 0);	SCANNER_TRIGGER	1aab337d9f67bc7f
session#9a5c07b1b5d5/main.m	results	16	%% check FOV script results that you have written down	SAVE_OPERATION	1aab337d9f67bc7f
session#9a5c07b1b5d5/main.m	results	23	change_eye = 0; % you can change this parameter based on the results of FOV script	SAVE_OPERATION	1aab337d9f67bc7f
session#9a5c07b1b5d5/main.m	trigger	26	% press t to start --> this comes from the trigger box	SCANNER_TRIGGER	1aab337d9f67bc7f
session#9a5c07b1b5d5/main.m	results	40	"'\n Have you deleted the content of the Folder called ""Results""? ' ..."	SAVE_OPERATION	1aab337d9f67bc7f
session#9a5c07b1b5d5/main.m	results	76	resultdir = 'Results';	SAVE_OPERATION	1aab337d9f67bc7f
session#9a5c07b1b5d5/main.m	save(	80	save([resultdir '/' (t) '_Subject_is_' comment '_selected_run_id_' num2str(run_id)])	SAVE_OPERATION	1aab337d9f67bc7f
session#392d63f0a2b9/Show_movie.m	sync	11	Screen('Preference', 'SkipSyncTests', 1);	SCANNER_TRIGGER	83ade79574081031
session#392d63f0a2b9/Show_movie.m	screen('flip'	75	Screen('Flip', win);	PSYCHTOOLBOX_TIME	83ade79574081031
session#392d63f0a2b9/Show_movie.m	forp	79	psychtoolbox_forp_id=0;	SCANNER_TRIGGER	83ade79574081031
session#392d63f0a2b9/Show_movie.m	playmovie	88	Screen('PlayMovie', movie, 1);	FRAME_TIMING	83ade79574081031
session#392d63f0a2b9/Show_movie.m	trigger	93	% only look for t as trigger	SCANNER_TRIGGER	83ade79574081031
session#392d63f0a2b9/Show_movie.m	forp	94	KbQueueCreate(psychtoolbox_forp_id, keysOfInterest);	SCANNER_TRIGGER	83ade79574081031
session#392d63f0a2b9/Show_movie.m	kbqueue	94	KbQueueCreate(psychtoolbox_forp_id, keysOfInterest);	SCANNER_TRIGGER	83ade79574081031
session#392d63f0a2b9/Show_movie.m	kbqueue	95	KbQueueStart;	SCANNER_TRIGGER	83ade79574081031
session#392d63f0a2b9/Show_movie.m	kbcheck	97	[keyPress, keyTime, keyID] = KbCheck(-1);	SCANNER_TRIGGER	83ade79574081031
session#392d63f0a2b9/Show_movie.m	time	97	[keyPress, keyTime, keyID] = KbCheck(-1);	PSYCHTOOLBOX_TIME	83ade79574081031
session#392d63f0a2b9/Show_movie.m	kbqueue	99	KbQueueWait	SCANNER_TRIGGER	83ade79574081031
session#392d63f0a2b9/Show_movie.m	kbcheck	103	[keyIsDown,secs,keyCode]=KbCheck;	SCANNER_TRIGGER	83ade79574081031
session#392d63f0a2b9/Show_movie.m	playmovie	107	Screen('PlayMovie', movie, 0);	FRAME_TIMING	83ade79574081031
session#392d63f0a2b9/Show_movie.m	frame	116	% Wait for next movie frame, retrieve texture handle to it	FRAME_TIMING	83ade79574081031
session#392d63f0a2b9/Show_movie.m	getmovieimage	118	tex = Screen('GetMovieImage', win, movie);	FRAME_TIMING	83ade79574081031
session#392d63f0a2b9/Show_movie.m	screen('flip'	138	Screen('Flip', win);	PSYCHTOOLBOX_TIME	83ade79574081031
session#392d63f0a2b9/Show_movie.m	playmovie	146	Screen('PlayMovie', movie, 0);	FRAME_TIMING	83ade79574081031
session#392d63f0a2b9/main.m	sync	4	Screen('Preference', 'SkipSyncTests', 0);	SCANNER_TRIGGER	1aab337d9f67bc7f
session#392d63f0a2b9/main.m	results	16	%% check FOV script results that you have written down	SAVE_OPERATION	1aab337d9f67bc7f
session#392d63f0a2b9/main.m	results	23	change_eye = 0; % you can change this parameter based on the results of FOV script	SAVE_OPERATION	1aab337d9f67bc7f
session#392d63f0a2b9/main.m	trigger	26	% press t to start --> this comes from the trigger box	SCANNER_TRIGGER	1aab337d9f67bc7f
session#392d63f0a2b9/main.m	results	40	"'\n Have you deleted the content of the Folder called ""Results""? ' ..."	SAVE_OPERATION	1aab337d9f67bc7f
session#392d63f0a2b9/main.m	results	76	resultdir = 'Results';	SAVE_OPERATION	1aab337d9f67bc7f
session#392d63f0a2b9/main.m	save(	80	save([resultdir '/' (t) '_Subject_is_' comment '_selected_run_id_' num2str(run_id)])	SAVE_OPERATION	1aab337d9f67bc7f
session#685289852069/Show_movie.m	sync	11	Screen('Preference', 'SkipSyncTests', 1);	SCANNER_TRIGGER	83ade79574081031
session#685289852069/Show_movie.m	screen('flip'	75	Screen('Flip', win);	PSYCHTOOLBOX_TIME	83ade79574081031
session#685289852069/Show_movie.m	forp	79	psychtoolbox_forp_id=0;	SCANNER_TRIGGER	83ade79574081031
session#685289852069/Show_movie.m	playmovie	88	Screen('PlayMovie', movie, 1);	FRAME_TIMING	83ade79574081031
session#685289852069/Show_movie.m	trigger	93	% only look for t as trigger	SCANNER_TRIGGER	83ade79574081031
session#685289852069/Show_movie.m	forp	94	KbQueueCreate(psychtoolbox_forp_id, keysOfInterest);	SCANNER_TRIGGER	83ade79574081031
session#685289852069/Show_movie.m	kbqueue	94	KbQueueCreate(psychtoolbox_forp_id, keysOfInterest);	SCANNER_TRIGGER	83ade79574081031
session#685289852069/Show_movie.m	kbqueue	95	KbQueueStart;	SCANNER_TRIGGER	83ade79574081031
session#685289852069/Show_movie.m	kbcheck	97	[keyPress, keyTime, keyID] = KbCheck(-1);	SCANNER_TRIGGER	83ade79574081031
session#685289852069/Show_movie.m	time	97	[keyPress, keyTime, keyID] = KbCheck(-1);	PSYCHTOOLBOX_TIME	83ade79574081031
session#685289852069/Show_movie.m	kbqueue	99	KbQueueWait	SCANNER_TRIGGER	83ade79574081031
session#685289852069/Show_movie.m	kbcheck	103	[keyIsDown,secs,keyCode]=KbCheck;	SCANNER_TRIGGER	83ade79574081031
session#685289852069/Show_movie.m	playmovie	107	Screen('PlayMovie', movie, 0);	FRAME_TIMING	83ade79574081031
session#685289852069/Show_movie.m	frame	116	% Wait for next movie frame, retrieve texture handle to it	FRAME_TIMING	83ade79574081031
session#685289852069/Show_movie.m	getmovieimage	118	tex = Screen('GetMovieImage', win, movie);	FRAME_TIMING	83ade79574081031
session#685289852069/Show_movie.m	screen('flip'	138	Screen('Flip', win);	PSYCHTOOLBOX_TIME	83ade79574081031
session#685289852069/Show_movie.m	playmovie	146	Screen('PlayMovie', movie, 0);	FRAME_TIMING	83ade79574081031
session#685289852069/main.m	sync	4	Screen('Preference', 'SkipSyncTests', 0);	SCANNER_TRIGGER	1aab337d9f67bc7f
session#685289852069/main.m	results	16	%% check FOV script results that you have written down	SAVE_OPERATION	1aab337d9f67bc7f
session#685289852069/main.m	results	23	change_eye = 0; % you can change this parameter based on the results of FOV script	SAVE_OPERATION	1aab337d9f67bc7f
session#685289852069/main.m	trigger	26	% press t to start --> this comes from the trigger box	SCANNER_TRIGGER	1aab337d9f67bc7f
session#685289852069/main.m	results	40	"'\n Have you deleted the content of the Folder called ""Results""? ' ..."	SAVE_OPERATION	1aab337d9f67bc7f
session#685289852069/main.m	results	76	resultdir = 'Results';	SAVE_OPERATION	1aab337d9f67bc7f
session#685289852069/main.m	save(	80	save([resultdir '/' (t) '_Subject_is_' comment '_selected_run_id_' num2str(run_id)])	SAVE_OPERATION	1aab337d9f67bc7f
session#e42dc5399085/Show_movie.m	sync	11	Screen('Preference', 'SkipSyncTests', 1);	SCANNER_TRIGGER	83ade79574081031
session#e42dc5399085/Show_movie.m	screen('flip'	75	Screen('Flip', win);	PSYCHTOOLBOX_TIME	83ade79574081031
session#e42dc5399085/Show_movie.m	forp	79	psychtoolbox_forp_id=0;	SCANNER_TRIGGER	83ade79574081031
session#e42dc5399085/Show_movie.m	playmovie	88	Screen('PlayMovie', movie, 1);	FRAME_TIMING	83ade79574081031
session#e42dc5399085/Show_movie.m	trigger	93	% only look for t as trigger	SCANNER_TRIGGER	83ade79574081031
session#e42dc5399085/Show_movie.m	forp	94	KbQueueCreate(psychtoolbox_forp_id, keysOfInterest);	SCANNER_TRIGGER	83ade79574081031
session#e42dc5399085/Show_movie.m	kbqueue	94	KbQueueCreate(psychtoolbox_forp_id, keysOfInterest);	SCANNER_TRIGGER	83ade79574081031
session#e42dc5399085/Show_movie.m	kbqueue	95	KbQueueStart;	SCANNER_TRIGGER	83ade79574081031
session#e42dc5399085/Show_movie.m	kbcheck	97	[keyPress, keyTime, keyID] = KbCheck(-1);	SCANNER_TRIGGER	83ade79574081031
session#e42dc5399085/Show_movie.m	time	97	[keyPress, keyTime, keyID] = KbCheck(-1);	PSYCHTOOLBOX_TIME	83ade79574081031
session#e42dc5399085/Show_movie.m	kbqueue	99	KbQueueWait	SCANNER_TRIGGER	83ade79574081031
session#e42dc5399085/Show_movie.m	kbcheck	103	[keyIsDown,secs,keyCode]=KbCheck;	SCANNER_TRIGGER	83ade79574081031
session#e42dc5399085/Show_movie.m	playmovie	107	Screen('PlayMovie', movie, 0);	FRAME_TIMING	83ade79574081031
session#e42dc5399085/Show_movie.m	frame	116	% Wait for next movie frame, retrieve texture handle to it	FRAME_TIMING	83ade79574081031
session#e42dc5399085/Show_movie.m	getmovieimage	118	tex = Screen('GetMovieImage', win, movie);	FRAME_TIMING	83ade79574081031
session#e42dc5399085/Show_movie.m	screen('flip'	138	Screen('Flip', win);	PSYCHTOOLBOX_TIME	83ade79574081031
session#e42dc5399085/Show_movie.m	playmovie	146	Screen('PlayMovie', movie, 0);	FRAME_TIMING	83ade79574081031
session#e42dc5399085/main.m	sync	4	Screen('Preference', 'SkipSyncTests', 0);	SCANNER_TRIGGER	1aab337d9f67bc7f
session#e42dc5399085/main.m	results	16	%% check FOV script results that you have written down	SAVE_OPERATION	1aab337d9f67bc7f
session#e42dc5399085/main.m	results	23	change_eye = 0; % you can change this parameter based on the results of FOV script	SAVE_OPERATION	1aab337d9f67bc7f
session#e42dc5399085/main.m	trigger	26	% press t to start --> this comes from the trigger box	SCANNER_TRIGGER	1aab337d9f67bc7f
session#e42dc5399085/main.m	results	40	"'\n Have you deleted the content of the Folder called ""Results""? ' ..."	SAVE_OPERATION	1aab337d9f67bc7f
session#e42dc5399085/main.m	results	76	resultdir = 'Results';	SAVE_OPERATION	1aab337d9f67bc7f
session#e42dc5399085/main.m	save(	80	save([resultdir '/' (t) '_Subject_is_' comment '_selected_run_id_' num2str(run_id)])	SAVE_OPERATION	1aab337d9f67bc7f
session#3321a9443f2c/Show_movie.m	sync	8	Screen('Preference', 'SkipSyncTests', 1);	SCANNER_TRIGGER	88923aeac42f475d
session#3321a9443f2c/Show_movie.m	screen('flip'	68	Screen('Flip', win);	PSYCHTOOLBOX_TIME	88923aeac42f475d
session#3321a9443f2c/Show_movie.m	forp	72	psychtoolbox_forp_id=0;	SCANNER_TRIGGER	88923aeac42f475d
session#3321a9443f2c/Show_movie.m	playmovie	81	Screen('PlayMovie', movie, 1);	FRAME_TIMING	88923aeac42f475d
session#3321a9443f2c/Show_movie.m	trigger	86	% only look for t as trigger	SCANNER_TRIGGER	88923aeac42f475d
session#3321a9443f2c/Show_movie.m	forp	87	KbQueueCreate(psychtoolbox_forp_id, keysOfInterest);	SCANNER_TRIGGER	88923aeac42f475d
session#3321a9443f2c/Show_movie.m	kbqueue	87	KbQueueCreate(psychtoolbox_forp_id, keysOfInterest);	SCANNER_TRIGGER	88923aeac42f475d
session#3321a9443f2c/Show_movie.m	kbqueue	88	KbQueueStart;	SCANNER_TRIGGER	88923aeac42f475d
session#3321a9443f2c/Show_movie.m	kbcheck	90	[keyPress, keyTime, keyID] = KbCheck(-1);	SCANNER_TRIGGER	88923aeac42f475d
session#3321a9443f2c/Show_movie.m	time	90	[keyPress, keyTime, keyID] = KbCheck(-1);	PSYCHTOOLBOX_TIME	88923aeac42f475d
session#3321a9443f2c/Show_movie.m	kbqueue	92	KbQueueWait	SCANNER_TRIGGER	88923aeac42f475d
session#3321a9443f2c/Show_movie.m	kbcheck	96	[keyIsDown,secs,keyCode]=KbCheck;	SCANNER_TRIGGER	88923aeac42f475d
session#3321a9443f2c/Show_movie.m	playmovie	100	Screen('PlayMovie', movie, 0);	FRAME_TIMING	88923aeac42f475d
session#3321a9443f2c/Show_movie.m	frame	109	% Wait for next movie frame, retrieve texture handle to it	FRAME_TIMING	88923aeac42f475d
session#3321a9443f2c/Show_movie.m	getmovieimage	111	tex = Screen('GetMovieImage', win, movie);	FRAME_TIMING	88923aeac42f475d
session#3321a9443f2c/Show_movie.m	screen('flip'	127	Screen('Flip', win);	PSYCHTOOLBOX_TIME	88923aeac42f475d
session#3321a9443f2c/Show_movie.m	playmovie	135	Screen('PlayMovie', movie, 0);	FRAME_TIMING	88923aeac42f475d
session#3321a9443f2c/main.m	results	4	%% check FOV script results that you have written down	SAVE_OPERATION	fa01b62dff72ec1d
session#3321a9443f2c/main.m	results	10	change_eye = 0; % you can change this parameter based on the results of FOV script	SAVE_OPERATION	fa01b62dff72ec1d
session#3321a9443f2c/main.m	trigger	13	% press t to start --> this comes from the trigger box	SCANNER_TRIGGER	fa01b62dff72ec1d
session#3321a9443f2c/main.m	results	27	"'\n Have you deleted the content of the Folder called ""Results""? ' ..."	SAVE_OPERATION	fa01b62dff72ec1d
session#3321a9443f2c/main.m	results	63	resultdir = './Results';	SAVE_OPERATION	fa01b62dff72ec1d
session#3321a9443f2c/main.m	save(	67	save([resultdir '/' (t) '_Subject_is_' comment '_selected_run_id_' num2str(run_id)])	SAVE_OPERATION	fa01b62dff72ec1d
session#e0f359394ce6/Show_movie.m	sync	11	Screen('Preference', 'SkipSyncTests', 1);	SCANNER_TRIGGER	83ade79574081031
session#e0f359394ce6/Show_movie.m	screen('flip'	75	Screen('Flip', win);	PSYCHTOOLBOX_TIME	83ade79574081031
session#e0f359394ce6/Show_movie.m	forp	79	psychtoolbox_forp_id=0;	SCANNER_TRIGGER	83ade79574081031
session#e0f359394ce6/Show_movie.m	playmovie	88	Screen('PlayMovie', movie, 1);	FRAME_TIMING	83ade79574081031
session#e0f359394ce6/Show_movie.m	trigger	93	% only look for t as trigger	SCANNER_TRIGGER	83ade79574081031
session#e0f359394ce6/Show_movie.m	forp	94	KbQueueCreate(psychtoolbox_forp_id, keysOfInterest);	SCANNER_TRIGGER	83ade79574081031
session#e0f359394ce6/Show_movie.m	kbqueue	94	KbQueueCreate(psychtoolbox_forp_id, keysOfInterest);	SCANNER_TRIGGER	83ade79574081031
session#e0f359394ce6/Show_movie.m	kbqueue	95	KbQueueStart;	SCANNER_TRIGGER	83ade79574081031
session#e0f359394ce6/Show_movie.m	kbcheck	97	[keyPress, keyTime, keyID] = KbCheck(-1);	SCANNER_TRIGGER	83ade79574081031
session#e0f359394ce6/Show_movie.m	time	97	[keyPress, keyTime, keyID] = KbCheck(-1);	PSYCHTOOLBOX_TIME	83ade79574081031
session#e0f359394ce6/Show_movie.m	kbqueue	99	KbQueueWait	SCANNER_TRIGGER	83ade79574081031
session#e0f359394ce6/Show_movie.m	kbcheck	103	[keyIsDown,secs,keyCode]=KbCheck;	SCANNER_TRIGGER	83ade79574081031
session#e0f359394ce6/Show_movie.m	playmovie	107	Screen('PlayMovie', movie, 0);	FRAME_TIMING	83ade79574081031
session#e0f359394ce6/Show_movie.m	frame	116	% Wait for next movie frame, retrieve texture handle to it	FRAME_TIMING	83ade79574081031
session#e0f359394ce6/Show_movie.m	getmovieimage	118	tex = Screen('GetMovieImage', win, movie);	FRAME_TIMING	83ade79574081031
session#e0f359394ce6/Show_movie.m	screen('flip'	138	Screen('Flip', win);	PSYCHTOOLBOX_TIME	83ade79574081031
session#e0f359394ce6/Show_movie.m	playmovie	146	Screen('PlayMovie', movie, 0);	FRAME_TIMING	83ade79574081031
session#e0f359394ce6/main.m	sync	4	Screen('Preference', 'SkipSyncTests', 0);	SCANNER_TRIGGER	1aab337d9f67bc7f
session#e0f359394ce6/main.m	results	16	%% check FOV script results that you have written down	SAVE_OPERATION	1aab337d9f67bc7f
session#e0f359394ce6/main.m	results	23	change_eye = 0; % you can change this parameter based on the results of FOV script	SAVE_OPERATION	1aab337d9f67bc7f
session#e0f359394ce6/main.m	trigger	26	% press t to start --> this comes from the trigger box	SCANNER_TRIGGER	1aab337d9f67bc7f
session#e0f359394ce6/main.m	results	40	"'\n Have you deleted the content of the Folder called ""Results""? ' ..."	SAVE_OPERATION	1aab337d9f67bc7f
session#e0f359394ce6/main.m	results	76	resultdir = 'Results';	SAVE_OPERATION	1aab337d9f67bc7f
session#e0f359394ce6/main.m	save(	80	save([resultdir '/' (t) '_Subject_is_' comment '_selected_run_id_' num2str(run_id)])	SAVE_OPERATION	1aab337d9f67bc7f
session#87809a906791/Show_movie.m	sync	11	Screen('Preference', 'SkipSyncTests', 1);	SCANNER_TRIGGER	83ade79574081031
session#87809a906791/Show_movie.m	screen('flip'	75	Screen('Flip', win);	PSYCHTOOLBOX_TIME	83ade79574081031
session#87809a906791/Show_movie.m	forp	79	psychtoolbox_forp_id=0;	SCANNER_TRIGGER	83ade79574081031
session#87809a906791/Show_movie.m	playmovie	88	Screen('PlayMovie', movie, 1);	FRAME_TIMING	83ade79574081031
session#87809a906791/Show_movie.m	trigger	93	% only look for t as trigger	SCANNER_TRIGGER	83ade79574081031
session#87809a906791/Show_movie.m	forp	94	KbQueueCreate(psychtoolbox_forp_id, keysOfInterest);	SCANNER_TRIGGER	83ade79574081031
session#87809a906791/Show_movie.m	kbqueue	94	KbQueueCreate(psychtoolbox_forp_id, keysOfInterest);	SCANNER_TRIGGER	83ade79574081031
session#87809a906791/Show_movie.m	kbqueue	95	KbQueueStart;	SCANNER_TRIGGER	83ade79574081031
session#87809a906791/Show_movie.m	kbcheck	97	[keyPress, keyTime, keyID] = KbCheck(-1);	SCANNER_TRIGGER	83ade79574081031
session#87809a906791/Show_movie.m	time	97	[keyPress, keyTime, keyID] = KbCheck(-1);	PSYCHTOOLBOX_TIME	83ade79574081031
session#87809a906791/Show_movie.m	kbqueue	99	KbQueueWait	SCANNER_TRIGGER	83ade79574081031
session#87809a906791/Show_movie.m	kbcheck	103	[keyIsDown,secs,keyCode]=KbCheck;	SCANNER_TRIGGER	83ade79574081031
session#87809a906791/Show_movie.m	playmovie	107	Screen('PlayMovie', movie, 0);	FRAME_TIMING	83ade79574081031
session#87809a906791/Show_movie.m	frame	116	% Wait for next movie frame, retrieve texture handle to it	FRAME_TIMING	83ade79574081031
session#87809a906791/Show_movie.m	getmovieimage	118	tex = Screen('GetMovieImage', win, movie);	FRAME_TIMING	83ade79574081031
session#87809a906791/Show_movie.m	screen('flip'	138	Screen('Flip', win);	PSYCHTOOLBOX_TIME	83ade79574081031
session#87809a906791/Show_movie.m	playmovie	146	Screen('PlayMovie', movie, 0);	FRAME_TIMING	83ade79574081031
session#87809a906791/main.m	sync	4	Screen('Preference', 'SkipSyncTests', 0);	SCANNER_TRIGGER	1aab337d9f67bc7f
session#87809a906791/main.m	results	16	%% check FOV script results that you have written down	SAVE_OPERATION	1aab337d9f67bc7f
session#87809a906791/main.m	results	23	change_eye = 0; % you can change this parameter based on the results of FOV script	SAVE_OPERATION	1aab337d9f67bc7f
session#87809a906791/main.m	trigger	26	% press t to start --> this comes from the trigger box	SCANNER_TRIGGER	1aab337d9f67bc7f
session#87809a906791/main.m	results	40	"'\n Have you deleted the content of the Folder called ""Results""? ' ..."	SAVE_OPERATION	1aab337d9f67bc7f
session#87809a906791/main.m	results	76	resultdir = 'Results';	SAVE_OPERATION	1aab337d9f67bc7f
session#87809a906791/main.m	save(	80	save([resultdir '/' (t) '_Subject_is_' comment '_selected_run_id_' num2str(run_id)])	SAVE_OPERATION	1aab337d9f67bc7f
session#e8b619777644/Show_movie.m	sync	11	Screen('Preference', 'SkipSyncTests', 1);	SCANNER_TRIGGER	83ade79574081031
session#e8b619777644/Show_movie.m	screen('flip'	75	Screen('Flip', win);	PSYCHTOOLBOX_TIME	83ade79574081031
session#e8b619777644/Show_movie.m	forp	79	psychtoolbox_forp_id=0;	SCANNER_TRIGGER	83ade79574081031
session#e8b619777644/Show_movie.m	playmovie	88	Screen('PlayMovie', movie, 1);	FRAME_TIMING	83ade79574081031
session#e8b619777644/Show_movie.m	trigger	93	% only look for t as trigger	SCANNER_TRIGGER	83ade79574081031
session#e8b619777644/Show_movie.m	forp	94	KbQueueCreate(psychtoolbox_forp_id, keysOfInterest);	SCANNER_TRIGGER	83ade79574081031
session#e8b619777644/Show_movie.m	kbqueue	94	KbQueueCreate(psychtoolbox_forp_id, keysOfInterest);	SCANNER_TRIGGER	83ade79574081031
session#e8b619777644/Show_movie.m	kbqueue	95	KbQueueStart;	SCANNER_TRIGGER	83ade79574081031
session#e8b619777644/Show_movie.m	kbcheck	97	[keyPress, keyTime, keyID] = KbCheck(-1);	SCANNER_TRIGGER	83ade79574081031
session#e8b619777644/Show_movie.m	time	97	[keyPress, keyTime, keyID] = KbCheck(-1);	PSYCHTOOLBOX_TIME	83ade79574081031
session#e8b619777644/Show_movie.m	kbqueue	99	KbQueueWait	SCANNER_TRIGGER	83ade79574081031
session#e8b619777644/Show_movie.m	kbcheck	103	[keyIsDown,secs,keyCode]=KbCheck;	SCANNER_TRIGGER	83ade79574081031
session#e8b619777644/Show_movie.m	playmovie	107	Screen('PlayMovie', movie, 0);	FRAME_TIMING	83ade79574081031
session#e8b619777644/Show_movie.m	frame	116	% Wait for next movie frame, retrieve texture handle to it	FRAME_TIMING	83ade79574081031
session#e8b619777644/Show_movie.m	getmovieimage	118	tex = Screen('GetMovieImage', win, movie);	FRAME_TIMING	83ade79574081031
session#e8b619777644/Show_movie.m	screen('flip'	138	Screen('Flip', win);	PSYCHTOOLBOX_TIME	83ade79574081031
session#e8b619777644/Show_movie.m	playmovie	146	Screen('PlayMovie', movie, 0);	FRAME_TIMING	83ade79574081031
session#e8b619777644/main.m	sync	4	Screen('Preference', 'SkipSyncTests', 0);	SCANNER_TRIGGER	1aab337d9f67bc7f
session#e8b619777644/main.m	results	16	%% check FOV script results that you have written down	SAVE_OPERATION	1aab337d9f67bc7f
session#e8b619777644/main.m	results	23	change_eye = 0; % you can change this parameter based on the results of FOV script	SAVE_OPERATION	1aab337d9f67bc7f
session#e8b619777644/main.m	trigger	26	% press t to start --> this comes from the trigger box	SCANNER_TRIGGER	1aab337d9f67bc7f
session#e8b619777644/main.m	results	40	"'\n Have you deleted the content of the Folder called ""Results""? ' ..."	SAVE_OPERATION	1aab337d9f67bc7f
session#e8b619777644/main.m	results	76	resultdir = 'Results';	SAVE_OPERATION	1aab337d9f67bc7f
session#e8b619777644/main.m	save(	80	save([resultdir '/' (t) '_Subject_is_' comment '_selected_run_id_' num2str(run_id)])	SAVE_OPERATION	1aab337d9f67bc7f
session#1facd40cf866/Show_movie.m	sync	11	Screen('Preference', 'SkipSyncTests', 1);	SCANNER_TRIGGER	83ade79574081031
session#1facd40cf866/Show_movie.m	screen('flip'	75	Screen('Flip', win);	PSYCHTOOLBOX_TIME	83ade79574081031
session#1facd40cf866/Show_movie.m	forp	79	psychtoolbox_forp_id=0;	SCANNER_TRIGGER	83ade79574081031
session#1facd40cf866/Show_movie.m	playmovie	88	Screen('PlayMovie', movie, 1);	FRAME_TIMING	83ade79574081031
session#1facd40cf866/Show_movie.m	trigger	93	% only look for t as trigger	SCANNER_TRIGGER	83ade79574081031
session#1facd40cf866/Show_movie.m	forp	94	KbQueueCreate(psychtoolbox_forp_id, keysOfInterest);	SCANNER_TRIGGER	83ade79574081031
session#1facd40cf866/Show_movie.m	kbqueue	94	KbQueueCreate(psychtoolbox_forp_id, keysOfInterest);	SCANNER_TRIGGER	83ade79574081031
session#1facd40cf866/Show_movie.m	kbqueue	95	KbQueueStart;	SCANNER_TRIGGER	83ade79574081031
session#1facd40cf866/Show_movie.m	kbcheck	97	[keyPress, keyTime, keyID] = KbCheck(-1);	SCANNER_TRIGGER	83ade79574081031
session#1facd40cf866/Show_movie.m	time	97	[keyPress, keyTime, keyID] = KbCheck(-1);	PSYCHTOOLBOX_TIME	83ade79574081031
session#1facd40cf866/Show_movie.m	kbqueue	99	KbQueueWait	SCANNER_TRIGGER	83ade79574081031
session#1facd40cf866/Show_movie.m	kbcheck	103	[keyIsDown,secs,keyCode]=KbCheck;	SCANNER_TRIGGER	83ade79574081031
session#1facd40cf866/Show_movie.m	playmovie	107	Screen('PlayMovie', movie, 0);	FRAME_TIMING	83ade79574081031
session#1facd40cf866/Show_movie.m	frame	116	% Wait for next movie frame, retrieve texture handle to it	FRAME_TIMING	83ade79574081031
session#1facd40cf866/Show_movie.m	getmovieimage	118	tex = Screen('GetMovieImage', win, movie);	FRAME_TIMING	83ade79574081031
session#1facd40cf866/Show_movie.m	screen('flip'	138	Screen('Flip', win);	PSYCHTOOLBOX_TIME	83ade79574081031
session#1facd40cf866/Show_movie.m	playmovie	146	Screen('PlayMovie', movie, 0);	FRAME_TIMING	83ade79574081031
session#1facd40cf866/main.m	sync	4	Screen('Preference', 'SkipSyncTests', 0);	SCANNER_TRIGGER	1aab337d9f67bc7f
session#1facd40cf866/main.m	results	16	%% check FOV script results that you have written down	SAVE_OPERATION	1aab337d9f67bc7f
session#1facd40cf866/main.m	results	23	change_eye = 0; % you can change this parameter based on the results of FOV script	SAVE_OPERATION	1aab337d9f67bc7f
session#1facd40cf866/main.m	trigger	26	% press t to start --> this comes from the trigger box	SCANNER_TRIGGER	1aab337d9f67bc7f
session#1facd40cf866/main.m	results	40	"'\n Have you deleted the content of the Folder called ""Results""? ' ..."	SAVE_OPERATION	1aab337d9f67bc7f
session#1facd40cf866/main.m	results	76	resultdir = 'Results';	SAVE_OPERATION	1aab337d9f67bc7f
session#1facd40cf866/main.m	save(	80	save([resultdir '/' (t) '_Subject_is_' comment '_selected_run_id_' num2str(run_id)])	SAVE_OPERATION	1aab337d9f67bc7f
session#dbe64a9e419a/Show_movie.m	sync	8	Screen('Preference', 'SkipSyncTests', 1);	SCANNER_TRIGGER	88923aeac42f475d
session#dbe64a9e419a/Show_movie.m	screen('flip'	68	Screen('Flip', win);	PSYCHTOOLBOX_TIME	88923aeac42f475d
session#dbe64a9e419a/Show_movie.m	forp	72	psychtoolbox_forp_id=0;	SCANNER_TRIGGER	88923aeac42f475d
session#dbe64a9e419a/Show_movie.m	playmovie	81	Screen('PlayMovie', movie, 1);	FRAME_TIMING	88923aeac42f475d
session#dbe64a9e419a/Show_movie.m	trigger	86	% only look for t as trigger	SCANNER_TRIGGER	88923aeac42f475d
session#dbe64a9e419a/Show_movie.m	forp	87	KbQueueCreate(psychtoolbox_forp_id, keysOfInterest);	SCANNER_TRIGGER	88923aeac42f475d
session#dbe64a9e419a/Show_movie.m	kbqueue	87	KbQueueCreate(psychtoolbox_forp_id, keysOfInterest);	SCANNER_TRIGGER	88923aeac42f475d
session#dbe64a9e419a/Show_movie.m	kbqueue	88	KbQueueStart;	SCANNER_TRIGGER	88923aeac42f475d
session#dbe64a9e419a/Show_movie.m	kbcheck	90	[keyPress, keyTime, keyID] = KbCheck(-1);	SCANNER_TRIGGER	88923aeac42f475d
session#dbe64a9e419a/Show_movie.m	time	90	[keyPress, keyTime, keyID] = KbCheck(-1);	PSYCHTOOLBOX_TIME	88923aeac42f475d
session#dbe64a9e419a/Show_movie.m	kbqueue	92	KbQueueWait	SCANNER_TRIGGER	88923aeac42f475d
session#dbe64a9e419a/Show_movie.m	kbcheck	96	[keyIsDown,secs,keyCode]=KbCheck;	SCANNER_TRIGGER	88923aeac42f475d
session#dbe64a9e419a/Show_movie.m	playmovie	100	Screen('PlayMovie', movie, 0);	FRAME_TIMING	88923aeac42f475d
session#dbe64a9e419a/Show_movie.m	frame	109	% Wait for next movie frame, retrieve texture handle to it	FRAME_TIMING	88923aeac42f475d
session#dbe64a9e419a/Show_movie.m	getmovieimage	111	tex = Screen('GetMovieImage', win, movie);	FRAME_TIMING	88923aeac42f475d
session#dbe64a9e419a/Show_movie.m	screen('flip'	127	Screen('Flip', win);	PSYCHTOOLBOX_TIME	88923aeac42f475d
session#dbe64a9e419a/Show_movie.m	playmovie	135	Screen('PlayMovie', movie, 0);	FRAME_TIMING	88923aeac42f475d
session#dbe64a9e419a/main.m	results	4	%% check FOV script results that you have written down	SAVE_OPERATION	fa01b62dff72ec1d
session#dbe64a9e419a/main.m	results	10	change_eye = 0; % you can change this parameter based on the results of FOV script	SAVE_OPERATION	fa01b62dff72ec1d
session#dbe64a9e419a/main.m	trigger	13	% press t to start --> this comes from the trigger box	SCANNER_TRIGGER	fa01b62dff72ec1d
session#dbe64a9e419a/main.m	results	27	"'\n Have you deleted the content of the Folder called ""Results""? ' ..."	SAVE_OPERATION	fa01b62dff72ec1d
session#dbe64a9e419a/main.m	results	63	resultdir = './Results';	SAVE_OPERATION	fa01b62dff72ec1d
session#dbe64a9e419a/main.m	save(	67	save([resultdir '/' (t) '_Subject_is_' comment '_selected_run_id_' num2str(run_id)])	SAVE_OPERATION	fa01b62dff72ec1d
session#3cdb8626fbe4/Show_movie.m	sync	11	Screen('Preference', 'SkipSyncTests', 1);	SCANNER_TRIGGER	83ade79574081031
session#3cdb8626fbe4/Show_movie.m	screen('flip'	75	Screen('Flip', win);	PSYCHTOOLBOX_TIME	83ade79574081031
session#3cdb8626fbe4/Show_movie.m	forp	79	psychtoolbox_forp_id=0;	SCANNER_TRIGGER	83ade79574081031
session#3cdb8626fbe4/Show_movie.m	playmovie	88	Screen('PlayMovie', movie, 1);	FRAME_TIMING	83ade79574081031
session#3cdb8626fbe4/Show_movie.m	trigger	93	% only look for t as trigger	SCANNER_TRIGGER	83ade79574081031
session#3cdb8626fbe4/Show_movie.m	forp	94	KbQueueCreate(psychtoolbox_forp_id, keysOfInterest);	SCANNER_TRIGGER	83ade79574081031
session#3cdb8626fbe4/Show_movie.m	kbqueue	94	KbQueueCreate(psychtoolbox_forp_id, keysOfInterest);	SCANNER_TRIGGER	83ade79574081031
session#3cdb8626fbe4/Show_movie.m	kbqueue	95	KbQueueStart;	SCANNER_TRIGGER	83ade79574081031
session#3cdb8626fbe4/Show_movie.m	kbcheck	97	[keyPress, keyTime, keyID] = KbCheck(-1);	SCANNER_TRIGGER	83ade79574081031
session#3cdb8626fbe4/Show_movie.m	time	97	[keyPress, keyTime, keyID] = KbCheck(-1);	PSYCHTOOLBOX_TIME	83ade79574081031
session#3cdb8626fbe4/Show_movie.m	kbqueue	99	KbQueueWait	SCANNER_TRIGGER	83ade79574081031
session#3cdb8626fbe4/Show_movie.m	kbcheck	103	[keyIsDown,secs,keyCode]=KbCheck;	SCANNER_TRIGGER	83ade79574081031
session#3cdb8626fbe4/Show_movie.m	playmovie	107	Screen('PlayMovie', movie, 0);	FRAME_TIMING	83ade79574081031
session#3cdb8626fbe4/Show_movie.m	frame	116	% Wait for next movie frame, retrieve texture handle to it	FRAME_TIMING	83ade79574081031
session#3cdb8626fbe4/Show_movie.m	getmovieimage	118	tex = Screen('GetMovieImage', win, movie);	FRAME_TIMING	83ade79574081031
session#3cdb8626fbe4/Show_movie.m	screen('flip'	138	Screen('Flip', win);	PSYCHTOOLBOX_TIME	83ade79574081031
session#3cdb8626fbe4/Show_movie.m	playmovie	146	Screen('PlayMovie', movie, 0);	FRAME_TIMING	83ade79574081031
session#3cdb8626fbe4/main.m	sync	4	Screen('Preference', 'SkipSyncTests', 0);	SCANNER_TRIGGER	1aab337d9f67bc7f
session#3cdb8626fbe4/main.m	results	16	%% check FOV script results that you have written down	SAVE_OPERATION	1aab337d9f67bc7f
session#3cdb8626fbe4/main.m	results	23	change_eye = 0; % you can change this parameter based on the results of FOV script	SAVE_OPERATION	1aab337d9f67bc7f
session#3cdb8626fbe4/main.m	trigger	26	% press t to start --> this comes from the trigger box	SCANNER_TRIGGER	1aab337d9f67bc7f
session#3cdb8626fbe4/main.m	results	40	"'\n Have you deleted the content of the Folder called ""Results""? ' ..."	SAVE_OPERATION	1aab337d9f67bc7f
session#3cdb8626fbe4/main.m	results	76	resultdir = 'Results';	SAVE_OPERATION	1aab337d9f67bc7f
session#3cdb8626fbe4/main.m	save(	80	save([resultdir '/' (t) '_Subject_is_' comment '_selected_run_id_' num2str(run_id)])	SAVE_OPERATION	1aab337d9f67bc7f
session#cc040bc51cfc/Show_movie.m	sync	11	Screen('Preference', 'SkipSyncTests', 1);	SCANNER_TRIGGER	83ade79574081031
session#cc040bc51cfc/Show_movie.m	screen('flip'	75	Screen('Flip', win);	PSYCHTOOLBOX_TIME	83ade79574081031
session#cc040bc51cfc/Show_movie.m	forp	79	psychtoolbox_forp_id=0;	SCANNER_TRIGGER	83ade79574081031
session#cc040bc51cfc/Show_movie.m	playmovie	88	Screen('PlayMovie', movie, 1);	FRAME_TIMING	83ade79574081031
session#cc040bc51cfc/Show_movie.m	trigger	93	% only look for t as trigger	SCANNER_TRIGGER	83ade79574081031
session#cc040bc51cfc/Show_movie.m	forp	94	KbQueueCreate(psychtoolbox_forp_id, keysOfInterest);	SCANNER_TRIGGER	83ade79574081031
session#cc040bc51cfc/Show_movie.m	kbqueue	94	KbQueueCreate(psychtoolbox_forp_id, keysOfInterest);	SCANNER_TRIGGER	83ade79574081031
session#cc040bc51cfc/Show_movie.m	kbqueue	95	KbQueueStart;	SCANNER_TRIGGER	83ade79574081031
session#cc040bc51cfc/Show_movie.m	kbcheck	97	[keyPress, keyTime, keyID] = KbCheck(-1);	SCANNER_TRIGGER	83ade79574081031
session#cc040bc51cfc/Show_movie.m	time	97	[keyPress, keyTime, keyID] = KbCheck(-1);	PSYCHTOOLBOX_TIME	83ade79574081031
session#cc040bc51cfc/Show_movie.m	kbqueue	99	KbQueueWait	SCANNER_TRIGGER	83ade79574081031
session#cc040bc51cfc/Show_movie.m	kbcheck	103	[keyIsDown,secs,keyCode]=KbCheck;	SCANNER_TRIGGER	83ade79574081031
session#cc040bc51cfc/Show_movie.m	playmovie	107	Screen('PlayMovie', movie, 0);	FRAME_TIMING	83ade79574081031
session#cc040bc51cfc/Show_movie.m	frame	116	% Wait for next movie frame, retrieve texture handle to it	FRAME_TIMING	83ade79574081031
session#cc040bc51cfc/Show_movie.m	getmovieimage	118	tex = Screen('GetMovieImage', win, movie);	FRAME_TIMING	83ade79574081031
session#cc040bc51cfc/Show_movie.m	screen('flip'	138	Screen('Flip', win);	PSYCHTOOLBOX_TIME	83ade79574081031
session#cc040bc51cfc/Show_movie.m	playmovie	146	Screen('PlayMovie', movie, 0);	FRAME_TIMING	83ade79574081031
session#cc040bc51cfc/main.m	sync	4	Screen('Preference', 'SkipSyncTests', 0);	SCANNER_TRIGGER	1aab337d9f67bc7f
session#cc040bc51cfc/main.m	results	16	%% check FOV script results that you have written down	SAVE_OPERATION	1aab337d9f67bc7f
session#cc040bc51cfc/main.m	results	23	change_eye = 0; % you can change this parameter based on the results of FOV script	SAVE_OPERATION	1aab337d9f67bc7f
session#cc040bc51cfc/main.m	trigger	26	% press t to start --> this comes from the trigger box	SCANNER_TRIGGER	1aab337d9f67bc7f
session#cc040bc51cfc/main.m	results	40	"'\n Have you deleted the content of the Folder called ""Results""? ' ..."	SAVE_OPERATION	1aab337d9f67bc7f
session#cc040bc51cfc/main.m	results	76	resultdir = 'Results';	SAVE_OPERATION	1aab337d9f67bc7f
session#cc040bc51cfc/main.m	save(	80	save([resultdir '/' (t) '_Subject_is_' comment '_selected_run_id_' num2str(run_id)])	SAVE_OPERATION	1aab337d9f67bc7f
session#2f13da5f9064/Show_movie.m	sync	11	Screen('Preference', 'SkipSyncTests', 1);	SCANNER_TRIGGER	83ade79574081031
session#2f13da5f9064/Show_movie.m	screen('flip'	75	Screen('Flip', win);	PSYCHTOOLBOX_TIME	83ade79574081031
session#2f13da5f9064/Show_movie.m	forp	79	psychtoolbox_forp_id=0;	SCANNER_TRIGGER	83ade79574081031
session#2f13da5f9064/Show_movie.m	playmovie	88	Screen('PlayMovie', movie, 1);	FRAME_TIMING	83ade79574081031
session#2f13da5f9064/Show_movie.m	trigger	93	% only look for t as trigger	SCANNER_TRIGGER	83ade79574081031
session#2f13da5f9064/Show_movie.m	forp	94	KbQueueCreate(psychtoolbox_forp_id, keysOfInterest);	SCANNER_TRIGGER	83ade79574081031
session#2f13da5f9064/Show_movie.m	kbqueue	94	KbQueueCreate(psychtoolbox_forp_id, keysOfInterest);	SCANNER_TRIGGER	83ade79574081031
session#2f13da5f9064/Show_movie.m	kbqueue	95	KbQueueStart;	SCANNER_TRIGGER	83ade79574081031
session#2f13da5f9064/Show_movie.m	kbcheck	97	[keyPress, keyTime, keyID] = KbCheck(-1);	SCANNER_TRIGGER	83ade79574081031
session#2f13da5f9064/Show_movie.m	time	97	[keyPress, keyTime, keyID] = KbCheck(-1);	PSYCHTOOLBOX_TIME	83ade79574081031
session#2f13da5f9064/Show_movie.m	kbqueue	99	KbQueueWait	SCANNER_TRIGGER	83ade79574081031
session#2f13da5f9064/Show_movie.m	kbcheck	103	[keyIsDown,secs,keyCode]=KbCheck;	SCANNER_TRIGGER	83ade79574081031
session#2f13da5f9064/Show_movie.m	playmovie	107	Screen('PlayMovie', movie, 0);	FRAME_TIMING	83ade79574081031
session#2f13da5f9064/Show_movie.m	frame	116	% Wait for next movie frame, retrieve texture handle to it	FRAME_TIMING	83ade79574081031
session#2f13da5f9064/Show_movie.m	getmovieimage	118	tex = Screen('GetMovieImage', win, movie);	FRAME_TIMING	83ade79574081031
session#2f13da5f9064/Show_movie.m	screen('flip'	138	Screen('Flip', win);	PSYCHTOOLBOX_TIME	83ade79574081031
session#2f13da5f9064/Show_movie.m	playmovie	146	Screen('PlayMovie', movie, 0);	FRAME_TIMING	83ade79574081031
session#2f13da5f9064/main.m	sync	4	Screen('Preference', 'SkipSyncTests', 0);	SCANNER_TRIGGER	1aab337d9f67bc7f
session#2f13da5f9064/main.m	results	16	%% check FOV script results that you have written down	SAVE_OPERATION	1aab337d9f67bc7f
session#2f13da5f9064/main.m	results	23	change_eye = 0; % you can change this parameter based on the results of FOV script	SAVE_OPERATION	1aab337d9f67bc7f
session#2f13da5f9064/main.m	trigger	26	% press t to start --> this comes from the trigger box	SCANNER_TRIGGER	1aab337d9f67bc7f
session#2f13da5f9064/main.m	results	40	"'\n Have you deleted the content of the Folder called ""Results""? ' ..."	SAVE_OPERATION	1aab337d9f67bc7f
session#2f13da5f9064/main.m	results	76	resultdir = 'Results';	SAVE_OPERATION	1aab337d9f67bc7f
session#2f13da5f9064/main.m	save(	80	save([resultdir '/' (t) '_Subject_is_' comment '_selected_run_id_' num2str(run_id)])	SAVE_OPERATION	1aab337d9f67bc7f
session#4cb7c1a0cc02/Show_movie.m	sync	8	Screen('Preference', 'SkipSyncTests', 1);	SCANNER_TRIGGER	88923aeac42f475d
session#4cb7c1a0cc02/Show_movie.m	screen('flip'	68	Screen('Flip', win);	PSYCHTOOLBOX_TIME	88923aeac42f475d
session#4cb7c1a0cc02/Show_movie.m	forp	72	psychtoolbox_forp_id=0;	SCANNER_TRIGGER	88923aeac42f475d
session#4cb7c1a0cc02/Show_movie.m	playmovie	81	Screen('PlayMovie', movie, 1);	FRAME_TIMING	88923aeac42f475d
session#4cb7c1a0cc02/Show_movie.m	trigger	86	% only look for t as trigger	SCANNER_TRIGGER	88923aeac42f475d
session#4cb7c1a0cc02/Show_movie.m	forp	87	KbQueueCreate(psychtoolbox_forp_id, keysOfInterest);	SCANNER_TRIGGER	88923aeac42f475d
session#4cb7c1a0cc02/Show_movie.m	kbqueue	87	KbQueueCreate(psychtoolbox_forp_id, keysOfInterest);	SCANNER_TRIGGER	88923aeac42f475d
session#4cb7c1a0cc02/Show_movie.m	kbqueue	88	KbQueueStart;	SCANNER_TRIGGER	88923aeac42f475d
session#4cb7c1a0cc02/Show_movie.m	kbcheck	90	[keyPress, keyTime, keyID] = KbCheck(-1);	SCANNER_TRIGGER	88923aeac42f475d
session#4cb7c1a0cc02/Show_movie.m	time	90	[keyPress, keyTime, keyID] = KbCheck(-1);	PSYCHTOOLBOX_TIME	88923aeac42f475d
session#4cb7c1a0cc02/Show_movie.m	kbqueue	92	KbQueueWait	SCANNER_TRIGGER	88923aeac42f475d
session#4cb7c1a0cc02/Show_movie.m	kbcheck	96	[keyIsDown,secs,keyCode]=KbCheck;	SCANNER_TRIGGER	88923aeac42f475d
session#4cb7c1a0cc02/Show_movie.m	playmovie	100	Screen('PlayMovie', movie, 0);	FRAME_TIMING	88923aeac42f475d
session#4cb7c1a0cc02/Show_movie.m	frame	109	% Wait for next movie frame, retrieve texture handle to it	FRAME_TIMING	88923aeac42f475d
session#4cb7c1a0cc02/Show_movie.m	getmovieimage	111	tex = Screen('GetMovieImage', win, movie);	FRAME_TIMING	88923aeac42f475d
session#4cb7c1a0cc02/Show_movie.m	screen('flip'	127	Screen('Flip', win);	PSYCHTOOLBOX_TIME	88923aeac42f475d
session#4cb7c1a0cc02/Show_movie.m	playmovie	135	Screen('PlayMovie', movie, 0);	FRAME_TIMING	88923aeac42f475d
session#4cb7c1a0cc02/main.m	results	4	%% check FOV script results that you have written down	SAVE_OPERATION	fa01b62dff72ec1d
session#4cb7c1a0cc02/main.m	results	10	change_eye = 0; % you can change this parameter based on the results of FOV script	SAVE_OPERATION	fa01b62dff72ec1d
session#4cb7c1a0cc02/main.m	trigger	13	% press t to start --> this comes from the trigger box	SCANNER_TRIGGER	fa01b62dff72ec1d
session#4cb7c1a0cc02/main.m	results	27	"'\n Have you deleted the content of the Folder called ""Results""? ' ..."	SAVE_OPERATION	fa01b62dff72ec1d
session#4cb7c1a0cc02/main.m	results	63	resultdir = './Results';	SAVE_OPERATION	fa01b62dff72ec1d
session#4cb7c1a0cc02/main.m	save(	67	save([resultdir '/' (t) '_Subject_is_' comment '_selected_run_id_' num2str(run_id)])	SAVE_OPERATION	fa01b62dff72ec1d
session#c8aab6e50035/Show_movie.m	sync	11	Screen('Preference', 'SkipSyncTests', 1);	SCANNER_TRIGGER	83ade79574081031
session#c8aab6e50035/Show_movie.m	screen('flip'	75	Screen('Flip', win);	PSYCHTOOLBOX_TIME	83ade79574081031
session#c8aab6e50035/Show_movie.m	forp	79	psychtoolbox_forp_id=0;	SCANNER_TRIGGER	83ade79574081031
session#c8aab6e50035/Show_movie.m	playmovie	88	Screen('PlayMovie', movie, 1);	FRAME_TIMING	83ade79574081031
session#c8aab6e50035/Show_movie.m	trigger	93	% only look for t as trigger	SCANNER_TRIGGER	83ade79574081031
session#c8aab6e50035/Show_movie.m	forp	94	KbQueueCreate(psychtoolbox_forp_id, keysOfInterest);	SCANNER_TRIGGER	83ade79574081031
session#c8aab6e50035/Show_movie.m	kbqueue	94	KbQueueCreate(psychtoolbox_forp_id, keysOfInterest);	SCANNER_TRIGGER	83ade79574081031
session#c8aab6e50035/Show_movie.m	kbqueue	95	KbQueueStart;	SCANNER_TRIGGER	83ade79574081031
session#c8aab6e50035/Show_movie.m	kbcheck	97	[keyPress, keyTime, keyID] = KbCheck(-1);	SCANNER_TRIGGER	83ade79574081031
session#c8aab6e50035/Show_movie.m	time	97	[keyPress, keyTime, keyID] = KbCheck(-1);	PSYCHTOOLBOX_TIME	83ade79574081031
session#c8aab6e50035/Show_movie.m	kbqueue	99	KbQueueWait	SCANNER_TRIGGER	83ade79574081031
session#c8aab6e50035/Show_movie.m	kbcheck	103	[keyIsDown,secs,keyCode]=KbCheck;	SCANNER_TRIGGER	83ade79574081031
session#c8aab6e50035/Show_movie.m	playmovie	107	Screen('PlayMovie', movie, 0);	FRAME_TIMING	83ade79574081031
session#c8aab6e50035/Show_movie.m	frame	116	% Wait for next movie frame, retrieve texture handle to it	FRAME_TIMING	83ade79574081031
session#c8aab6e50035/Show_movie.m	getmovieimage	118	tex = Screen('GetMovieImage', win, movie);	FRAME_TIMING	83ade79574081031
session#c8aab6e50035/Show_movie.m	screen('flip'	138	Screen('Flip', win);	PSYCHTOOLBOX_TIME	83ade79574081031
session#c8aab6e50035/Show_movie.m	playmovie	146	Screen('PlayMovie', movie, 0);	FRAME_TIMING	83ade79574081031
session#c8aab6e50035/main.m	sync	4	Screen('Preference', 'SkipSyncTests', 0);	SCANNER_TRIGGER	1aab337d9f67bc7f
session#c8aab6e50035/main.m	results	16	%% check FOV script results that you have written down	SAVE_OPERATION	1aab337d9f67bc7f
session#c8aab6e50035/main.m	results	23	change_eye = 0; % you can change this parameter based on the results of FOV script	SAVE_OPERATION	1aab337d9f67bc7f
session#c8aab6e50035/main.m	trigger	26	% press t to start --> this comes from the trigger box	SCANNER_TRIGGER	1aab337d9f67bc7f
session#c8aab6e50035/main.m	results	40	"'\n Have you deleted the content of the Folder called ""Results""? ' ..."	SAVE_OPERATION	1aab337d9f67bc7f
session#c8aab6e50035/main.m	results	76	resultdir = 'Results';	SAVE_OPERATION	1aab337d9f67bc7f
session#c8aab6e50035/main.m	save(	80	save([resultdir '/' (t) '_Subject_is_' comment '_selected_run_id_' num2str(run_id)])	SAVE_OPERATION	1aab337d9f67bc7f
session#740c694a458d/Show_movie.m	sync	8	Screen('Preference', 'SkipSyncTests', 1);	SCANNER_TRIGGER	88923aeac42f475d
session#740c694a458d/Show_movie.m	screen('flip'	68	Screen('Flip', win);	PSYCHTOOLBOX_TIME	88923aeac42f475d
session#740c694a458d/Show_movie.m	forp	72	psychtoolbox_forp_id=0;	SCANNER_TRIGGER	88923aeac42f475d
session#740c694a458d/Show_movie.m	playmovie	81	Screen('PlayMovie', movie, 1);	FRAME_TIMING	88923aeac42f475d
session#740c694a458d/Show_movie.m	trigger	86	% only look for t as trigger	SCANNER_TRIGGER	88923aeac42f475d
session#740c694a458d/Show_movie.m	forp	87	KbQueueCreate(psychtoolbox_forp_id, keysOfInterest);	SCANNER_TRIGGER	88923aeac42f475d
session#740c694a458d/Show_movie.m	kbqueue	87	KbQueueCreate(psychtoolbox_forp_id, keysOfInterest);	SCANNER_TRIGGER	88923aeac42f475d
session#740c694a458d/Show_movie.m	kbqueue	88	KbQueueStart;	SCANNER_TRIGGER	88923aeac42f475d
session#740c694a458d/Show_movie.m	kbcheck	90	[keyPress, keyTime, keyID] = KbCheck(-1);	SCANNER_TRIGGER	88923aeac42f475d
session#740c694a458d/Show_movie.m	time	90	[keyPress, keyTime, keyID] = KbCheck(-1);	PSYCHTOOLBOX_TIME	88923aeac42f475d
session#740c694a458d/Show_movie.m	kbqueue	92	KbQueueWait	SCANNER_TRIGGER	88923aeac42f475d
session#740c694a458d/Show_movie.m	kbcheck	96	[keyIsDown,secs,keyCode]=KbCheck;	SCANNER_TRIGGER	88923aeac42f475d
session#740c694a458d/Show_movie.m	playmovie	100	Screen('PlayMovie', movie, 0);	FRAME_TIMING	88923aeac42f475d
session#740c694a458d/Show_movie.m	frame	109	% Wait for next movie frame, retrieve texture handle to it	FRAME_TIMING	88923aeac42f475d
session#740c694a458d/Show_movie.m	getmovieimage	111	tex = Screen('GetMovieImage', win, movie);	FRAME_TIMING	88923aeac42f475d
session#740c694a458d/Show_movie.m	screen('flip'	127	Screen('Flip', win);	PSYCHTOOLBOX_TIME	88923aeac42f475d
session#740c694a458d/Show_movie.m	playmovie	135	Screen('PlayMovie', movie, 0);	FRAME_TIMING	88923aeac42f475d
session#740c694a458d/main.m	results	4	%% check FOV script results that you have written down	SAVE_OPERATION	fa01b62dff72ec1d
session#740c694a458d/main.m	results	10	change_eye = 0; % you can change this parameter based on the results of FOV script	SAVE_OPERATION	fa01b62dff72ec1d
session#740c694a458d/main.m	trigger	13	% press t to start --> this comes from the trigger box	SCANNER_TRIGGER	fa01b62dff72ec1d
session#740c694a458d/main.m	results	27	"'\n Have you deleted the content of the Folder called ""Results""? ' ..."	SAVE_OPERATION	fa01b62dff72ec1d
session#740c694a458d/main.m	results	63	resultdir = './Results';	SAVE_OPERATION	fa01b62dff72ec1d
session#740c694a458d/main.m	save(	67	save([resultdir '/' (t) '_Subject_is_' comment '_selected_run_id_' num2str(run_id)])	SAVE_OPERATION	fa01b62dff72ec1d
session#a8c974f941af/Show_movie.m	sync	11	Screen('Preference', 'SkipSyncTests', 1);	SCANNER_TRIGGER	83ade79574081031
session#a8c974f941af/Show_movie.m	screen('flip'	75	Screen('Flip', win);	PSYCHTOOLBOX_TIME	83ade79574081031
session#a8c974f941af/Show_movie.m	forp	79	psychtoolbox_forp_id=0;	SCANNER_TRIGGER	83ade79574081031
session#a8c974f941af/Show_movie.m	playmovie	88	Screen('PlayMovie', movie, 1);	FRAME_TIMING	83ade79574081031
session#a8c974f941af/Show_movie.m	trigger	93	% only look for t as trigger	SCANNER_TRIGGER	83ade79574081031
session#a8c974f941af/Show_movie.m	forp	94	KbQueueCreate(psychtoolbox_forp_id, keysOfInterest);	SCANNER_TRIGGER	83ade79574081031
session#a8c974f941af/Show_movie.m	kbqueue	94	KbQueueCreate(psychtoolbox_forp_id, keysOfInterest);	SCANNER_TRIGGER	83ade79574081031
session#a8c974f941af/Show_movie.m	kbqueue	95	KbQueueStart;	SCANNER_TRIGGER	83ade79574081031
session#a8c974f941af/Show_movie.m	kbcheck	97	[keyPress, keyTime, keyID] = KbCheck(-1);	SCANNER_TRIGGER	83ade79574081031
session#a8c974f941af/Show_movie.m	time	97	[keyPress, keyTime, keyID] = KbCheck(-1);	PSYCHTOOLBOX_TIME	83ade79574081031
session#a8c974f941af/Show_movie.m	kbqueue	99	KbQueueWait	SCANNER_TRIGGER	83ade79574081031
session#a8c974f941af/Show_movie.m	kbcheck	103	[keyIsDown,secs,keyCode]=KbCheck;	SCANNER_TRIGGER	83ade79574081031
session#a8c974f941af/Show_movie.m	playmovie	107	Screen('PlayMovie', movie, 0);	FRAME_TIMING	83ade79574081031
session#a8c974f941af/Show_movie.m	frame	116	% Wait for next movie frame, retrieve texture handle to it	FRAME_TIMING	83ade79574081031
session#a8c974f941af/Show_movie.m	getmovieimage	118	tex = Screen('GetMovieImage', win, movie);	FRAME_TIMING	83ade79574081031
session#a8c974f941af/Show_movie.m	screen('flip'	138	Screen('Flip', win);	PSYCHTOOLBOX_TIME	83ade79574081031
session#a8c974f941af/Show_movie.m	playmovie	146	Screen('PlayMovie', movie, 0);	FRAME_TIMING	83ade79574081031
session#a8c974f941af/main.m	sync	4	Screen('Preference', 'SkipSyncTests', 0);	SCANNER_TRIGGER	1aab337d9f67bc7f
session#a8c974f941af/main.m	results	16	%% check FOV script results that you have written down	SAVE_OPERATION	1aab337d9f67bc7f
session#a8c974f941af/main.m	results	23	change_eye = 0; % you can change this parameter based on the results of FOV script	SAVE_OPERATION	1aab337d9f67bc7f
session#a8c974f941af/main.m	trigger	26	% press t to start --> this comes from the trigger box	SCANNER_TRIGGER	1aab337d9f67bc7f
session#a8c974f941af/main.m	results	40	"'\n Have you deleted the content of the Folder called ""Results""? ' ..."	SAVE_OPERATION	1aab337d9f67bc7f
session#a8c974f941af/main.m	results	76	resultdir = 'Results';	SAVE_OPERATION	1aab337d9f67bc7f
session#a8c974f941af/main.m	save(	80	save([resultdir '/' (t) '_Subject_is_' comment '_selected_run_id_' num2str(run_id)])	SAVE_OPERATION	1aab337d9f67bc7f
session#61a66f4f5fef/Show_movie.m	sync	11	Screen('Preference', 'SkipSyncTests', 1);	SCANNER_TRIGGER	83ade79574081031
session#61a66f4f5fef/Show_movie.m	screen('flip'	75	Screen('Flip', win);	PSYCHTOOLBOX_TIME	83ade79574081031
session#61a66f4f5fef/Show_movie.m	forp	79	psychtoolbox_forp_id=0;	SCANNER_TRIGGER	83ade79574081031
session#61a66f4f5fef/Show_movie.m	playmovie	88	Screen('PlayMovie', movie, 1);	FRAME_TIMING	83ade79574081031
session#61a66f4f5fef/Show_movie.m	trigger	93	% only look for t as trigger	SCANNER_TRIGGER	83ade79574081031
session#61a66f4f5fef/Show_movie.m	forp	94	KbQueueCreate(psychtoolbox_forp_id, keysOfInterest);	SCANNER_TRIGGER	83ade79574081031
session#61a66f4f5fef/Show_movie.m	kbqueue	94	KbQueueCreate(psychtoolbox_forp_id, keysOfInterest);	SCANNER_TRIGGER	83ade79574081031
session#61a66f4f5fef/Show_movie.m	kbqueue	95	KbQueueStart;	SCANNER_TRIGGER	83ade79574081031
session#61a66f4f5fef/Show_movie.m	kbcheck	97	[keyPress, keyTime, keyID] = KbCheck(-1);	SCANNER_TRIGGER	83ade79574081031
session#61a66f4f5fef/Show_movie.m	time	97	[keyPress, keyTime, keyID] = KbCheck(-1);	PSYCHTOOLBOX_TIME	83ade79574081031
session#61a66f4f5fef/Show_movie.m	kbqueue	99	KbQueueWait	SCANNER_TRIGGER	83ade79574081031
session#61a66f4f5fef/Show_movie.m	kbcheck	103	[keyIsDown,secs,keyCode]=KbCheck;	SCANNER_TRIGGER	83ade79574081031
session#61a66f4f5fef/Show_movie.m	playmovie	107	Screen('PlayMovie', movie, 0);	FRAME_TIMING	83ade79574081031
session#61a66f4f5fef/Show_movie.m	frame	116	% Wait for next movie frame, retrieve texture handle to it	FRAME_TIMING	83ade79574081031
session#61a66f4f5fef/Show_movie.m	getmovieimage	118	tex = Screen('GetMovieImage', win, movie);	FRAME_TIMING	83ade79574081031
session#61a66f4f5fef/Show_movie.m	screen('flip'	138	Screen('Flip', win);	PSYCHTOOLBOX_TIME	83ade79574081031
session#61a66f4f5fef/Show_movie.m	playmovie	146	Screen('PlayMovie', movie, 0);	FRAME_TIMING	83ade79574081031
session#61a66f4f5fef/main.m	sync	4	Screen('Preference', 'SkipSyncTests', 0);	SCANNER_TRIGGER	1aab337d9f67bc7f
session#61a66f4f5fef/main.m	results	16	%% check FOV script results that you have written down	SAVE_OPERATION	1aab337d9f67bc7f
session#61a66f4f5fef/main.m	results	23	change_eye = 0; % you can change this parameter based on the results of FOV script	SAVE_OPERATION	1aab337d9f67bc7f
session#61a66f4f5fef/main.m	trigger	26	% press t to start --> this comes from the trigger box	SCANNER_TRIGGER	1aab337d9f67bc7f
session#61a66f4f5fef/main.m	results	40	"'\n Have you deleted the content of the Folder called ""Results""? ' ..."	SAVE_OPERATION	1aab337d9f67bc7f
session#61a66f4f5fef/main.m	results	76	resultdir = 'Results';	SAVE_OPERATION	1aab337d9f67bc7f
session#61a66f4f5fef/main.m	save(	80	save([resultdir '/' (t) '_Subject_is_' comment '_selected_run_id_' num2str(run_id)])	SAVE_OPERATION	1aab337d9f67bc7f
session#5247eb2d627d/Show_movie.m	sync	11	Screen('Preference', 'SkipSyncTests', 1);	SCANNER_TRIGGER	83ade79574081031
session#5247eb2d627d/Show_movie.m	screen('flip'	75	Screen('Flip', win);	PSYCHTOOLBOX_TIME	83ade79574081031
session#5247eb2d627d/Show_movie.m	forp	79	psychtoolbox_forp_id=0;	SCANNER_TRIGGER	83ade79574081031
session#5247eb2d627d/Show_movie.m	playmovie	88	Screen('PlayMovie', movie, 1);	FRAME_TIMING	83ade79574081031
session#5247eb2d627d/Show_movie.m	trigger	93	% only look for t as trigger	SCANNER_TRIGGER	83ade79574081031
session#5247eb2d627d/Show_movie.m	forp	94	KbQueueCreate(psychtoolbox_forp_id, keysOfInterest);	SCANNER_TRIGGER	83ade79574081031
session#5247eb2d627d/Show_movie.m	kbqueue	94	KbQueueCreate(psychtoolbox_forp_id, keysOfInterest);	SCANNER_TRIGGER	83ade79574081031
session#5247eb2d627d/Show_movie.m	kbqueue	95	KbQueueStart;	SCANNER_TRIGGER	83ade79574081031
session#5247eb2d627d/Show_movie.m	kbcheck	97	[keyPress, keyTime, keyID] = KbCheck(-1);	SCANNER_TRIGGER	83ade79574081031
session#5247eb2d627d/Show_movie.m	time	97	[keyPress, keyTime, keyID] = KbCheck(-1);	PSYCHTOOLBOX_TIME	83ade79574081031
session#5247eb2d627d/Show_movie.m	kbqueue	99	KbQueueWait	SCANNER_TRIGGER	83ade79574081031
session#5247eb2d627d/Show_movie.m	kbcheck	103	[keyIsDown,secs,keyCode]=KbCheck;	SCANNER_TRIGGER	83ade79574081031
session#5247eb2d627d/Show_movie.m	playmovie	107	Screen('PlayMovie', movie, 0);	FRAME_TIMING	83ade79574081031
session#5247eb2d627d/Show_movie.m	frame	116	% Wait for next movie frame, retrieve texture handle to it	FRAME_TIMING	83ade79574081031
session#5247eb2d627d/Show_movie.m	getmovieimage	118	tex = Screen('GetMovieImage', win, movie);	FRAME_TIMING	83ade79574081031
session#5247eb2d627d/Show_movie.m	screen('flip'	138	Screen('Flip', win);	PSYCHTOOLBOX_TIME	83ade79574081031
session#5247eb2d627d/Show_movie.m	playmovie	146	Screen('PlayMovie', movie, 0);	FRAME_TIMING	83ade79574081031
session#5247eb2d627d/main.m	sync	4	Screen('Preference', 'SkipSyncTests', 0);	SCANNER_TRIGGER	1aab337d9f67bc7f
session#5247eb2d627d/main.m	results	16	%% check FOV script results that you have written down	SAVE_OPERATION	1aab337d9f67bc7f
session#5247eb2d627d/main.m	results	23	change_eye = 0; % you can change this parameter based on the results of FOV script	SAVE_OPERATION	1aab337d9f67bc7f
session#5247eb2d627d/main.m	trigger	26	% press t to start --> this comes from the trigger box	SCANNER_TRIGGER	1aab337d9f67bc7f
session#5247eb2d627d/main.m	results	40	"'\n Have you deleted the content of the Folder called ""Results""? ' ..."	SAVE_OPERATION	1aab337d9f67bc7f
session#5247eb2d627d/main.m	results	76	resultdir = 'Results';	SAVE_OPERATION	1aab337d9f67bc7f
session#5247eb2d627d/main.m	save(	80	save([resultdir '/' (t) '_Subject_is_' comment '_selected_run_id_' num2str(run_id)])	SAVE_OPERATION	1aab337d9f67bc7f
session#a1d77c7e5577/Show_movie.m	sync	8	Screen('Preference', 'SkipSyncTests', 1);	SCANNER_TRIGGER	88923aeac42f475d
session#a1d77c7e5577/Show_movie.m	screen('flip'	68	Screen('Flip', win);	PSYCHTOOLBOX_TIME	88923aeac42f475d
session#a1d77c7e5577/Show_movie.m	forp	72	psychtoolbox_forp_id=0;	SCANNER_TRIGGER	88923aeac42f475d
session#a1d77c7e5577/Show_movie.m	playmovie	81	Screen('PlayMovie', movie, 1);	FRAME_TIMING	88923aeac42f475d
session#a1d77c7e5577/Show_movie.m	trigger	86	% only look for t as trigger	SCANNER_TRIGGER	88923aeac42f475d
session#a1d77c7e5577/Show_movie.m	forp	87	KbQueueCreate(psychtoolbox_forp_id, keysOfInterest);	SCANNER_TRIGGER	88923aeac42f475d
session#a1d77c7e5577/Show_movie.m	kbqueue	87	KbQueueCreate(psychtoolbox_forp_id, keysOfInterest);	SCANNER_TRIGGER	88923aeac42f475d
session#a1d77c7e5577/Show_movie.m	kbqueue	88	KbQueueStart;	SCANNER_TRIGGER	88923aeac42f475d
session#a1d77c7e5577/Show_movie.m	kbcheck	90	[keyPress, keyTime, keyID] = KbCheck(-1);	SCANNER_TRIGGER	88923aeac42f475d
session#a1d77c7e5577/Show_movie.m	time	90	[keyPress, keyTime, keyID] = KbCheck(-1);	PSYCHTOOLBOX_TIME	88923aeac42f475d
session#a1d77c7e5577/Show_movie.m	kbqueue	92	KbQueueWait	SCANNER_TRIGGER	88923aeac42f475d
session#a1d77c7e5577/Show_movie.m	kbcheck	96	[keyIsDown,secs,keyCode]=KbCheck;	SCANNER_TRIGGER	88923aeac42f475d
session#a1d77c7e5577/Show_movie.m	playmovie	100	Screen('PlayMovie', movie, 0);	FRAME_TIMING	88923aeac42f475d
session#a1d77c7e5577/Show_movie.m	frame	109	% Wait for next movie frame, retrieve texture handle to it	FRAME_TIMING	88923aeac42f475d
session#a1d77c7e5577/Show_movie.m	getmovieimage	111	tex = Screen('GetMovieImage', win, movie);	FRAME_TIMING	88923aeac42f475d
session#a1d77c7e5577/Show_movie.m	screen('flip'	127	Screen('Flip', win);	PSYCHTOOLBOX_TIME	88923aeac42f475d
session#a1d77c7e5577/Show_movie.m	playmovie	135	Screen('PlayMovie', movie, 0);	FRAME_TIMING	88923aeac42f475d
session#a1d77c7e5577/main.m	results	4	%% check FOV script results that you have written down	SAVE_OPERATION	fa01b62dff72ec1d
session#a1d77c7e5577/main.m	results	10	change_eye = 0; % you can change this parameter based on the results of FOV script	SAVE_OPERATION	fa01b62dff72ec1d
session#a1d77c7e5577/main.m	trigger	13	% press t to start --> this comes from the trigger box	SCANNER_TRIGGER	fa01b62dff72ec1d
session#a1d77c7e5577/main.m	results	27	"'\n Have you deleted the content of the Folder called ""Results""? ' ..."	SAVE_OPERATION	fa01b62dff72ec1d
session#a1d77c7e5577/main.m	results	63	resultdir = './Results';	SAVE_OPERATION	fa01b62dff72ec1d
session#a1d77c7e5577/main.m	save(	67	save([resultdir '/' (t) '_Subject_is_' comment '_selected_run_id_' num2str(run_id)])	SAVE_OPERATION	fa01b62dff72ec1d
session#a1cd8edd652d/Show_movie.m	sync	11	Screen('Preference', 'SkipSyncTests', 1);	SCANNER_TRIGGER	83ade79574081031
session#a1cd8edd652d/Show_movie.m	screen('flip'	75	Screen('Flip', win);	PSYCHTOOLBOX_TIME	83ade79574081031
session#a1cd8edd652d/Show_movie.m	forp	79	psychtoolbox_forp_id=0;	SCANNER_TRIGGER	83ade79574081031
session#a1cd8edd652d/Show_movie.m	playmovie	88	Screen('PlayMovie', movie, 1);	FRAME_TIMING	83ade79574081031
session#a1cd8edd652d/Show_movie.m	trigger	93	% only look for t as trigger	SCANNER_TRIGGER	83ade79574081031
session#a1cd8edd652d/Show_movie.m	forp	94	KbQueueCreate(psychtoolbox_forp_id, keysOfInterest);	SCANNER_TRIGGER	83ade79574081031
session#a1cd8edd652d/Show_movie.m	kbqueue	94	KbQueueCreate(psychtoolbox_forp_id, keysOfInterest);	SCANNER_TRIGGER	83ade79574081031
session#a1cd8edd652d/Show_movie.m	kbqueue	95	KbQueueStart;	SCANNER_TRIGGER	83ade79574081031
session#a1cd8edd652d/Show_movie.m	kbcheck	97	[keyPress, keyTime, keyID] = KbCheck(-1);	SCANNER_TRIGGER	83ade79574081031
session#a1cd8edd652d/Show_movie.m	time	97	[keyPress, keyTime, keyID] = KbCheck(-1);	PSYCHTOOLBOX_TIME	83ade79574081031
session#a1cd8edd652d/Show_movie.m	kbqueue	99	KbQueueWait	SCANNER_TRIGGER	83ade79574081031
session#a1cd8edd652d/Show_movie.m	kbcheck	103	[keyIsDown,secs,keyCode]=KbCheck;	SCANNER_TRIGGER	83ade79574081031
session#a1cd8edd652d/Show_movie.m	playmovie	107	Screen('PlayMovie', movie, 0);	FRAME_TIMING	83ade79574081031
session#a1cd8edd652d/Show_movie.m	frame	116	% Wait for next movie frame, retrieve texture handle to it	FRAME_TIMING	83ade79574081031
session#a1cd8edd652d/Show_movie.m	getmovieimage	118	tex = Screen('GetMovieImage', win, movie);	FRAME_TIMING	83ade79574081031
session#a1cd8edd652d/Show_movie.m	screen('flip'	138	Screen('Flip', win);	PSYCHTOOLBOX_TIME	83ade79574081031
session#a1cd8edd652d/Show_movie.m	playmovie	146	Screen('PlayMovie', movie, 0);	FRAME_TIMING	83ade79574081031
session#a1cd8edd652d/main.m	sync	4	Screen('Preference', 'SkipSyncTests', 0);	SCANNER_TRIGGER	1aab337d9f67bc7f
session#a1cd8edd652d/main.m	results	16	%% check FOV script results that you have written down	SAVE_OPERATION	1aab337d9f67bc7f
session#a1cd8edd652d/main.m	results	23	change_eye = 0; % you can change this parameter based on the results of FOV script	SAVE_OPERATION	1aab337d9f67bc7f
session#a1cd8edd652d/main.m	trigger	26	% press t to start --> this comes from the trigger box	SCANNER_TRIGGER	1aab337d9f67bc7f
session#a1cd8edd652d/main.m	results	40	"'\n Have you deleted the content of the Folder called ""Results""? ' ..."	SAVE_OPERATION	1aab337d9f67bc7f
session#a1cd8edd652d/main.m	results	76	resultdir = 'Results';	SAVE_OPERATION	1aab337d9f67bc7f
session#a1cd8edd652d/main.m	save(	80	save([resultdir '/' (t) '_Subject_is_' comment '_selected_run_id_' num2str(run_id)])	SAVE_OPERATION	1aab337d9f67bc7f
session#4060e20797f7/Show_movie.m	sync	11	Screen('Preference', 'SkipSyncTests', 1);	SCANNER_TRIGGER	83ade79574081031
session#4060e20797f7/Show_movie.m	screen('flip'	75	Screen('Flip', win);	PSYCHTOOLBOX_TIME	83ade79574081031
session#4060e20797f7/Show_movie.m	forp	79	psychtoolbox_forp_id=0;	SCANNER_TRIGGER	83ade79574081031
session#4060e20797f7/Show_movie.m	playmovie	88	Screen('PlayMovie', movie, 1);	FRAME_TIMING	83ade79574081031
session#4060e20797f7/Show_movie.m	trigger	93	% only look for t as trigger	SCANNER_TRIGGER	83ade79574081031
session#4060e20797f7/Show_movie.m	forp	94	KbQueueCreate(psychtoolbox_forp_id, keysOfInterest);	SCANNER_TRIGGER	83ade79574081031
session#4060e20797f7/Show_movie.m	kbqueue	94	KbQueueCreate(psychtoolbox_forp_id, keysOfInterest);	SCANNER_TRIGGER	83ade79574081031
session#4060e20797f7/Show_movie.m	kbqueue	95	KbQueueStart;	SCANNER_TRIGGER	83ade79574081031
session#4060e20797f7/Show_movie.m	kbcheck	97	[keyPress, keyTime, keyID] = KbCheck(-1);	SCANNER_TRIGGER	83ade79574081031
session#4060e20797f7/Show_movie.m	time	97	[keyPress, keyTime, keyID] = KbCheck(-1);	PSYCHTOOLBOX_TIME	83ade79574081031
session#4060e20797f7/Show_movie.m	kbqueue	99	KbQueueWait	SCANNER_TRIGGER	83ade79574081031
session#4060e20797f7/Show_movie.m	kbcheck	103	[keyIsDown,secs,keyCode]=KbCheck;	SCANNER_TRIGGER	83ade79574081031
session#4060e20797f7/Show_movie.m	playmovie	107	Screen('PlayMovie', movie, 0);	FRAME_TIMING	83ade79574081031
session#4060e20797f7/Show_movie.m	frame	116	% Wait for next movie frame, retrieve texture handle to it	FRAME_TIMING	83ade79574081031
session#4060e20797f7/Show_movie.m	getmovieimage	118	tex = Screen('GetMovieImage', win, movie);	FRAME_TIMING	83ade79574081031
session#4060e20797f7/Show_movie.m	screen('flip'	138	Screen('Flip', win);	PSYCHTOOLBOX_TIME	83ade79574081031
session#4060e20797f7/Show_movie.m	playmovie	146	Screen('PlayMovie', movie, 0);	FRAME_TIMING	83ade79574081031
session#4060e20797f7/main.m	sync	4	Screen('Preference', 'SkipSyncTests', 0);	SCANNER_TRIGGER	1aab337d9f67bc7f
session#4060e20797f7/main.m	results	16	%% check FOV script results that you have written down	SAVE_OPERATION	1aab337d9f67bc7f
session#4060e20797f7/main.m	results	23	change_eye = 0; % you can change this parameter based on the results of FOV script	SAVE_OPERATION	1aab337d9f67bc7f
session#4060e20797f7/main.m	trigger	26	% press t to start --> this comes from the trigger box	SCANNER_TRIGGER	1aab337d9f67bc7f
session#4060e20797f7/main.m	results	40	"'\n Have you deleted the content of the Folder called ""Results""? ' ..."	SAVE_OPERATION	1aab337d9f67bc7f
session#4060e20797f7/main.m	results	76	resultdir = 'Results';	SAVE_OPERATION	1aab337d9f67bc7f
session#4060e20797f7/main.m	save(	80	save([resultdir '/' (t) '_Subject_is_' comment '_selected_run_id_' num2str(run_id)])	SAVE_OPERATION	1aab337d9f67bc7f
session#f5c445d9dbd6/Show_movie.m	sync	11	Screen('Preference', 'SkipSyncTests', 1);	SCANNER_TRIGGER	83ade79574081031
session#f5c445d9dbd6/Show_movie.m	screen('flip'	75	Screen('Flip', win);	PSYCHTOOLBOX_TIME	83ade79574081031
session#f5c445d9dbd6/Show_movie.m	forp	79	psychtoolbox_forp_id=0;	SCANNER_TRIGGER	83ade79574081031
session#f5c445d9dbd6/Show_movie.m	playmovie	88	Screen('PlayMovie', movie, 1);	FRAME_TIMING	83ade79574081031
session#f5c445d9dbd6/Show_movie.m	trigger	93	% only look for t as trigger	SCANNER_TRIGGER	83ade79574081031
session#f5c445d9dbd6/Show_movie.m	forp	94	KbQueueCreate(psychtoolbox_forp_id, keysOfInterest);	SCANNER_TRIGGER	83ade79574081031
session#f5c445d9dbd6/Show_movie.m	kbqueue	94	KbQueueCreate(psychtoolbox_forp_id, keysOfInterest);	SCANNER_TRIGGER	83ade79574081031
session#f5c445d9dbd6/Show_movie.m	kbqueue	95	KbQueueStart;	SCANNER_TRIGGER	83ade79574081031
session#f5c445d9dbd6/Show_movie.m	kbcheck	97	[keyPress, keyTime, keyID] = KbCheck(-1);	SCANNER_TRIGGER	83ade79574081031
session#f5c445d9dbd6/Show_movie.m	time	97	[keyPress, keyTime, keyID] = KbCheck(-1);	PSYCHTOOLBOX_TIME	83ade79574081031
session#f5c445d9dbd6/Show_movie.m	kbqueue	99	KbQueueWait	SCANNER_TRIGGER	83ade79574081031
session#f5c445d9dbd6/Show_movie.m	kbcheck	103	[keyIsDown,secs,keyCode]=KbCheck;	SCANNER_TRIGGER	83ade79574081031
session#f5c445d9dbd6/Show_movie.m	playmovie	107	Screen('PlayMovie', movie, 0);	FRAME_TIMING	83ade79574081031
session#f5c445d9dbd6/Show_movie.m	frame	116	% Wait for next movie frame, retrieve texture handle to it	FRAME_TIMING	83ade79574081031
session#f5c445d9dbd6/Show_movie.m	getmovieimage	118	tex = Screen('GetMovieImage', win, movie);	FRAME_TIMING	83ade79574081031
session#f5c445d9dbd6/Show_movie.m	screen('flip'	138	Screen('Flip', win);	PSYCHTOOLBOX_TIME	83ade79574081031
session#f5c445d9dbd6/Show_movie.m	playmovie	146	Screen('PlayMovie', movie, 0);	FRAME_TIMING	83ade79574081031
session#f5c445d9dbd6/main.m	sync	4	Screen('Preference', 'SkipSyncTests', 0);	SCANNER_TRIGGER	1aab337d9f67bc7f
session#f5c445d9dbd6/main.m	results	16	%% check FOV script results that you have written down	SAVE_OPERATION	1aab337d9f67bc7f
session#f5c445d9dbd6/main.m	results	23	change_eye = 0; % you can change this parameter based on the results of FOV script	SAVE_OPERATION	1aab337d9f67bc7f
session#f5c445d9dbd6/main.m	trigger	26	% press t to start --> this comes from the trigger box	SCANNER_TRIGGER	1aab337d9f67bc7f
session#f5c445d9dbd6/main.m	results	40	"'\n Have you deleted the content of the Folder called ""Results""? ' ..."	SAVE_OPERATION	1aab337d9f67bc7f
session#f5c445d9dbd6/main.m	results	76	resultdir = 'Results';	SAVE_OPERATION	1aab337d9f67bc7f
session#f5c445d9dbd6/main.m	save(	80	save([resultdir '/' (t) '_Subject_is_' comment '_selected_run_id_' num2str(run_id)])	SAVE_OPERATION	1aab337d9f67bc7f
session#a8147bacab0c/Show_movie.m	sync	11	Screen('Preference', 'SkipSyncTests', 1);	SCANNER_TRIGGER	83ade79574081031
session#a8147bacab0c/Show_movie.m	screen('flip'	75	Screen('Flip', win);	PSYCHTOOLBOX_TIME	83ade79574081031
session#a8147bacab0c/Show_movie.m	forp	79	psychtoolbox_forp_id=0;	SCANNER_TRIGGER	83ade79574081031
session#a8147bacab0c/Show_movie.m	playmovie	88	Screen('PlayMovie', movie, 1);	FRAME_TIMING	83ade79574081031
session#a8147bacab0c/Show_movie.m	trigger	93	% only look for t as trigger	SCANNER_TRIGGER	83ade79574081031
session#a8147bacab0c/Show_movie.m	forp	94	KbQueueCreate(psychtoolbox_forp_id, keysOfInterest);	SCANNER_TRIGGER	83ade79574081031
session#a8147bacab0c/Show_movie.m	kbqueue	94	KbQueueCreate(psychtoolbox_forp_id, keysOfInterest);	SCANNER_TRIGGER	83ade79574081031
session#a8147bacab0c/Show_movie.m	kbqueue	95	KbQueueStart;	SCANNER_TRIGGER	83ade79574081031
session#a8147bacab0c/Show_movie.m	kbcheck	97	[keyPress, keyTime, keyID] = KbCheck(-1);	SCANNER_TRIGGER	83ade79574081031
session#a8147bacab0c/Show_movie.m	time	97	[keyPress, keyTime, keyID] = KbCheck(-1);	PSYCHTOOLBOX_TIME	83ade79574081031
session#a8147bacab0c/Show_movie.m	kbqueue	99	KbQueueWait	SCANNER_TRIGGER	83ade79574081031
session#a8147bacab0c/Show_movie.m	kbcheck	103	[keyIsDown,secs,keyCode]=KbCheck;	SCANNER_TRIGGER	83ade79574081031
session#a8147bacab0c/Show_movie.m	playmovie	107	Screen('PlayMovie', movie, 0);	FRAME_TIMING	83ade79574081031
session#a8147bacab0c/Show_movie.m	frame	116	% Wait for next movie frame, retrieve texture handle to it	FRAME_TIMING	83ade79574081031
session#a8147bacab0c/Show_movie.m	getmovieimage	118	tex = Screen('GetMovieImage', win, movie);	FRAME_TIMING	83ade79574081031
session#a8147bacab0c/Show_movie.m	screen('flip'	138	Screen('Flip', win);	PSYCHTOOLBOX_TIME	83ade79574081031
session#a8147bacab0c/Show_movie.m	playmovie	146	Screen('PlayMovie', movie, 0);	FRAME_TIMING	83ade79574081031
session#a8147bacab0c/main.m	sync	4	Screen('Preference', 'SkipSyncTests', 0);	SCANNER_TRIGGER	1aab337d9f67bc7f
session#a8147bacab0c/main.m	results	16	%% check FOV script results that you have written down	SAVE_OPERATION	1aab337d9f67bc7f
session#a8147bacab0c/main.m	results	23	change_eye = 0; % you can change this parameter based on the results of FOV script	SAVE_OPERATION	1aab337d9f67bc7f
session#a8147bacab0c/main.m	trigger	26	% press t to start --> this comes from the trigger box	SCANNER_TRIGGER	1aab337d9f67bc7f
session#a8147bacab0c/main.m	results	40	"'\n Have you deleted the content of the Folder called ""Results""? ' ..."	SAVE_OPERATION	1aab337d9f67bc7f
session#a8147bacab0c/main.m	results	76	resultdir = 'Results';	SAVE_OPERATION	1aab337d9f67bc7f
session#a8147bacab0c/main.m	save(	80	save([resultdir '/' (t) '_Subject_is_' comment '_selected_run_id_' num2str(run_id)])	SAVE_OPERATION	1aab337d9f67bc7f
session#87c1f2a2b7da/Show_movie.m	sync	11	Screen('Preference', 'SkipSyncTests', 1);	SCANNER_TRIGGER	83ade79574081031
session#87c1f2a2b7da/Show_movie.m	screen('flip'	75	Screen('Flip', win);	PSYCHTOOLBOX_TIME	83ade79574081031
session#87c1f2a2b7da/Show_movie.m	forp	79	psychtoolbox_forp_id=0;	SCANNER_TRIGGER	83ade79574081031
session#87c1f2a2b7da/Show_movie.m	playmovie	88	Screen('PlayMovie', movie, 1);	FRAME_TIMING	83ade79574081031
session#87c1f2a2b7da/Show_movie.m	trigger	93	% only look for t as trigger	SCANNER_TRIGGER	83ade79574081031
session#87c1f2a2b7da/Show_movie.m	forp	94	KbQueueCreate(psychtoolbox_forp_id, keysOfInterest);	SCANNER_TRIGGER	83ade79574081031
session#87c1f2a2b7da/Show_movie.m	kbqueue	94	KbQueueCreate(psychtoolbox_forp_id, keysOfInterest);	SCANNER_TRIGGER	83ade79574081031
session#87c1f2a2b7da/Show_movie.m	kbqueue	95	KbQueueStart;	SCANNER_TRIGGER	83ade79574081031
session#87c1f2a2b7da/Show_movie.m	kbcheck	97	[keyPress, keyTime, keyID] = KbCheck(-1);	SCANNER_TRIGGER	83ade79574081031
session#87c1f2a2b7da/Show_movie.m	time	97	[keyPress, keyTime, keyID] = KbCheck(-1);	PSYCHTOOLBOX_TIME	83ade79574081031
session#87c1f2a2b7da/Show_movie.m	kbqueue	99	KbQueueWait	SCANNER_TRIGGER	83ade79574081031
session#87c1f2a2b7da/Show_movie.m	kbcheck	103	[keyIsDown,secs,keyCode]=KbCheck;	SCANNER_TRIGGER	83ade79574081031
session#87c1f2a2b7da/Show_movie.m	playmovie	107	Screen('PlayMovie', movie, 0);	FRAME_TIMING	83ade79574081031
session#87c1f2a2b7da/Show_movie.m	frame	116	% Wait for next movie frame, retrieve texture handle to it	FRAME_TIMING	83ade79574081031
session#87c1f2a2b7da/Show_movie.m	getmovieimage	118	tex = Screen('GetMovieImage', win, movie);	FRAME_TIMING	83ade79574081031
session#87c1f2a2b7da/Show_movie.m	screen('flip'	138	Screen('Flip', win);	PSYCHTOOLBOX_TIME	83ade79574081031
session#87c1f2a2b7da/Show_movie.m	playmovie	146	Screen('PlayMovie', movie, 0);	FRAME_TIMING	83ade79574081031
session#87c1f2a2b7da/main.m	sync	4	Screen('Preference', 'SkipSyncTests', 0);	SCANNER_TRIGGER	1aab337d9f67bc7f
session#87c1f2a2b7da/main.m	results	16	%% check FOV script results that you have written down	SAVE_OPERATION	1aab337d9f67bc7f
session#87c1f2a2b7da/main.m	results	23	change_eye = 0; % you can change this parameter based on the results of FOV script	SAVE_OPERATION	1aab337d9f67bc7f
session#87c1f2a2b7da/main.m	trigger	26	% press t to start --> this comes from the trigger box	SCANNER_TRIGGER	1aab337d9f67bc7f
session#87c1f2a2b7da/main.m	results	40	"'\n Have you deleted the content of the Folder called ""Results""? ' ..."	SAVE_OPERATION	1aab337d9f67bc7f
session#87c1f2a2b7da/main.m	results	76	resultdir = 'Results';	SAVE_OPERATION	1aab337d9f67bc7f
session#87c1f2a2b7da/main.m	save(	80	save([resultdir '/' (t) '_Subject_is_' comment '_selected_run_id_' num2str(run_id)])	SAVE_OPERATION	1aab337d9f67bc7f
session#e75972d91a42/Show_movie.m	sync	11	Screen('Preference', 'SkipSyncTests', 1);	SCANNER_TRIGGER	83ade79574081031
session#e75972d91a42/Show_movie.m	screen('flip'	75	Screen('Flip', win);	PSYCHTOOLBOX_TIME	83ade79574081031
session#e75972d91a42/Show_movie.m	forp	79	psychtoolbox_forp_id=0;	SCANNER_TRIGGER	83ade79574081031
session#e75972d91a42/Show_movie.m	playmovie	88	Screen('PlayMovie', movie, 1);	FRAME_TIMING	83ade79574081031
session#e75972d91a42/Show_movie.m	trigger	93	% only look for t as trigger	SCANNER_TRIGGER	83ade79574081031
session#e75972d91a42/Show_movie.m	forp	94	KbQueueCreate(psychtoolbox_forp_id, keysOfInterest);	SCANNER_TRIGGER	83ade79574081031
session#e75972d91a42/Show_movie.m	kbqueue	94	KbQueueCreate(psychtoolbox_forp_id, keysOfInterest);	SCANNER_TRIGGER	83ade79574081031
session#e75972d91a42/Show_movie.m	kbqueue	95	KbQueueStart;	SCANNER_TRIGGER	83ade79574081031
session#e75972d91a42/Show_movie.m	kbcheck	97	[keyPress, keyTime, keyID] = KbCheck(-1);	SCANNER_TRIGGER	83ade79574081031
session#e75972d91a42/Show_movie.m	time	97	[keyPress, keyTime, keyID] = KbCheck(-1);	PSYCHTOOLBOX_TIME	83ade79574081031
session#e75972d91a42/Show_movie.m	kbqueue	99	KbQueueWait	SCANNER_TRIGGER	83ade79574081031
session#e75972d91a42/Show_movie.m	kbcheck	103	[keyIsDown,secs,keyCode]=KbCheck;	SCANNER_TRIGGER	83ade79574081031
session#e75972d91a42/Show_movie.m	playmovie	107	Screen('PlayMovie', movie, 0);	FRAME_TIMING	83ade79574081031
session#e75972d91a42/Show_movie.m	frame	116	% Wait for next movie frame, retrieve texture handle to it	FRAME_TIMING	83ade79574081031
session#e75972d91a42/Show_movie.m	getmovieimage	118	tex = Screen('GetMovieImage', win, movie);	FRAME_TIMING	83ade79574081031
session#e75972d91a42/Show_movie.m	screen('flip'	138	Screen('Flip', win);	PSYCHTOOLBOX_TIME	83ade79574081031
session#e75972d91a42/Show_movie.m	playmovie	146	Screen('PlayMovie', movie, 0);	FRAME_TIMING	83ade79574081031
session#e75972d91a42/main.m	sync	4	Screen('Preference', 'SkipSyncTests', 0);	SCANNER_TRIGGER	1aab337d9f67bc7f
session#e75972d91a42/main.m	results	16	%% check FOV script results that you have written down	SAVE_OPERATION	1aab337d9f67bc7f
session#e75972d91a42/main.m	results	23	change_eye = 0; % you can change this parameter based on the results of FOV script	SAVE_OPERATION	1aab337d9f67bc7f
session#e75972d91a42/main.m	trigger	26	% press t to start --> this comes from the trigger box	SCANNER_TRIGGER	1aab337d9f67bc7f
session#e75972d91a42/main.m	results	40	"'\n Have you deleted the content of the Folder called ""Results""? ' ..."	SAVE_OPERATION	1aab337d9f67bc7f
session#e75972d91a42/main.m	results	76	resultdir = 'Results';	SAVE_OPERATION	1aab337d9f67bc7f
session#e75972d91a42/main.m	save(	80	save([resultdir '/' (t) '_Subject_is_' comment '_selected_run_id_' num2str(run_id)])	SAVE_OPERATION	1aab337d9f67bc7f
session#64a21cfac18f/Show_movie.m	sync	11	Screen('Preference', 'SkipSyncTests', 1);	SCANNER_TRIGGER	83ade79574081031
session#64a21cfac18f/Show_movie.m	screen('flip'	75	Screen('Flip', win);	PSYCHTOOLBOX_TIME	83ade79574081031
session#64a21cfac18f/Show_movie.m	forp	79	psychtoolbox_forp_id=0;	SCANNER_TRIGGER	83ade79574081031
session#64a21cfac18f/Show_movie.m	playmovie	88	Screen('PlayMovie', movie, 1);	FRAME_TIMING	83ade79574081031
session#64a21cfac18f/Show_movie.m	trigger	93	% only look for t as trigger	SCANNER_TRIGGER	83ade79574081031
session#64a21cfac18f/Show_movie.m	forp	94	KbQueueCreate(psychtoolbox_forp_id, keysOfInterest);	SCANNER_TRIGGER	83ade79574081031
session#64a21cfac18f/Show_movie.m	kbqueue	94	KbQueueCreate(psychtoolbox_forp_id, keysOfInterest);	SCANNER_TRIGGER	83ade79574081031
session#64a21cfac18f/Show_movie.m	kbqueue	95	KbQueueStart;	SCANNER_TRIGGER	83ade79574081031
session#64a21cfac18f/Show_movie.m	kbcheck	97	[keyPress, keyTime, keyID] = KbCheck(-1);	SCANNER_TRIGGER	83ade79574081031
session#64a21cfac18f/Show_movie.m	time	97	[keyPress, keyTime, keyID] = KbCheck(-1);	PSYCHTOOLBOX_TIME	83ade79574081031
session#64a21cfac18f/Show_movie.m	kbqueue	99	KbQueueWait	SCANNER_TRIGGER	83ade79574081031
session#64a21cfac18f/Show_movie.m	kbcheck	103	[keyIsDown,secs,keyCode]=KbCheck;	SCANNER_TRIGGER	83ade79574081031
session#64a21cfac18f/Show_movie.m	playmovie	107	Screen('PlayMovie', movie, 0);	FRAME_TIMING	83ade79574081031
session#64a21cfac18f/Show_movie.m	frame	116	% Wait for next movie frame, retrieve texture handle to it	FRAME_TIMING	83ade79574081031
session#64a21cfac18f/Show_movie.m	getmovieimage	118	tex = Screen('GetMovieImage', win, movie);	FRAME_TIMING	83ade79574081031
session#64a21cfac18f/Show_movie.m	screen('flip'	138	Screen('Flip', win);	PSYCHTOOLBOX_TIME	83ade79574081031
session#64a21cfac18f/Show_movie.m	playmovie	146	Screen('PlayMovie', movie, 0);	FRAME_TIMING	83ade79574081031
session#64a21cfac18f/main.m	sync	4	Screen('Preference', 'SkipSyncTests', 0);	SCANNER_TRIGGER	1aab337d9f67bc7f
session#64a21cfac18f/main.m	results	16	%% check FOV script results that you have written down	SAVE_OPERATION	1aab337d9f67bc7f
session#64a21cfac18f/main.m	results	23	change_eye = 0; % you can change this parameter based on the results of FOV script	SAVE_OPERATION	1aab337d9f67bc7f
session#64a21cfac18f/main.m	trigger	26	% press t to start --> this comes from the trigger box	SCANNER_TRIGGER	1aab337d9f67bc7f
session#64a21cfac18f/main.m	results	40	"'\n Have you deleted the content of the Folder called ""Results""? ' ..."	SAVE_OPERATION	1aab337d9f67bc7f
session#64a21cfac18f/main.m	results	76	resultdir = 'Results';	SAVE_OPERATION	1aab337d9f67bc7f
session#64a21cfac18f/main.m	save(	80	save([resultdir '/' (t) '_Subject_is_' comment '_selected_run_id_' num2str(run_id)])	SAVE_OPERATION	1aab337d9f67bc7f
session#90e841f8326f/Show_movie.m	sync	11	Screen('Preference', 'SkipSyncTests', 1);	SCANNER_TRIGGER	83ade79574081031
session#90e841f8326f/Show_movie.m	screen('flip'	75	Screen('Flip', win);	PSYCHTOOLBOX_TIME	83ade79574081031
session#90e841f8326f/Show_movie.m	forp	79	psychtoolbox_forp_id=0;	SCANNER_TRIGGER	83ade79574081031
session#90e841f8326f/Show_movie.m	playmovie	88	Screen('PlayMovie', movie, 1);	FRAME_TIMING	83ade79574081031
session#90e841f8326f/Show_movie.m	trigger	93	% only look for t as trigger	SCANNER_TRIGGER	83ade79574081031
session#90e841f8326f/Show_movie.m	forp	94	KbQueueCreate(psychtoolbox_forp_id, keysOfInterest);	SCANNER_TRIGGER	83ade79574081031
session#90e841f8326f/Show_movie.m	kbqueue	94	KbQueueCreate(psychtoolbox_forp_id, keysOfInterest);	SCANNER_TRIGGER	83ade79574081031
session#90e841f8326f/Show_movie.m	kbqueue	95	KbQueueStart;	SCANNER_TRIGGER	83ade79574081031
session#90e841f8326f/Show_movie.m	kbcheck	97	[keyPress, keyTime, keyID] = KbCheck(-1);	SCANNER_TRIGGER	83ade79574081031
session#90e841f8326f/Show_movie.m	time	97	[keyPress, keyTime, keyID] = KbCheck(-1);	PSYCHTOOLBOX_TIME	83ade79574081031
session#90e841f8326f/Show_movie.m	kbqueue	99	KbQueueWait	SCANNER_TRIGGER	83ade79574081031
session#90e841f8326f/Show_movie.m	kbcheck	103	[keyIsDown,secs,keyCode]=KbCheck;	SCANNER_TRIGGER	83ade79574081031
session#90e841f8326f/Show_movie.m	playmovie	107	Screen('PlayMovie', movie, 0);	FRAME_TIMING	83ade79574081031
session#90e841f8326f/Show_movie.m	frame	116	% Wait for next movie frame, retrieve texture handle to it	FRAME_TIMING	83ade79574081031
session#90e841f8326f/Show_movie.m	getmovieimage	118	tex = Screen('GetMovieImage', win, movie);	FRAME_TIMING	83ade79574081031
session#90e841f8326f/Show_movie.m	screen('flip'	138	Screen('Flip', win);	PSYCHTOOLBOX_TIME	83ade79574081031
session#90e841f8326f/Show_movie.m	playmovie	146	Screen('PlayMovie', movie, 0);	FRAME_TIMING	83ade79574081031
session#90e841f8326f/main.m	sync	4	Screen('Preference', 'SkipSyncTests', 0);	SCANNER_TRIGGER	1aab337d9f67bc7f
session#90e841f8326f/main.m	results	16	%% check FOV script results that you have written down	SAVE_OPERATION	1aab337d9f67bc7f
session#90e841f8326f/main.m	results	23	change_eye = 0; % you can change this parameter based on the results of FOV script	SAVE_OPERATION	1aab337d9f67bc7f
session#90e841f8326f/main.m	trigger	26	% press t to start --> this comes from the trigger box	SCANNER_TRIGGER	1aab337d9f67bc7f
session#90e841f8326f/main.m	results	40	"'\n Have you deleted the content of the Folder called ""Results""? ' ..."	SAVE_OPERATION	1aab337d9f67bc7f
session#90e841f8326f/main.m	results	76	resultdir = 'Results';	SAVE_OPERATION	1aab337d9f67bc7f
session#90e841f8326f/main.m	save(	80	save([resultdir '/' (t) '_Subject_is_' comment '_selected_run_id_' num2str(run_id)])	SAVE_OPERATION	1aab337d9f67bc7f
session#12a922dba6aa/Show_movie.m	sync	11	Screen('Preference', 'SkipSyncTests', 1);	SCANNER_TRIGGER	83ade79574081031
session#12a922dba6aa/Show_movie.m	screen('flip'	75	Screen('Flip', win);	PSYCHTOOLBOX_TIME	83ade79574081031
session#12a922dba6aa/Show_movie.m	forp	79	psychtoolbox_forp_id=0;	SCANNER_TRIGGER	83ade79574081031
session#12a922dba6aa/Show_movie.m	playmovie	88	Screen('PlayMovie', movie, 1);	FRAME_TIMING	83ade79574081031
session#12a922dba6aa/Show_movie.m	trigger	93	% only look for t as trigger	SCANNER_TRIGGER	83ade79574081031
session#12a922dba6aa/Show_movie.m	forp	94	KbQueueCreate(psychtoolbox_forp_id, keysOfInterest);	SCANNER_TRIGGER	83ade79574081031
session#12a922dba6aa/Show_movie.m	kbqueue	94	KbQueueCreate(psychtoolbox_forp_id, keysOfInterest);	SCANNER_TRIGGER	83ade79574081031
session#12a922dba6aa/Show_movie.m	kbqueue	95	KbQueueStart;	SCANNER_TRIGGER	83ade79574081031
session#12a922dba6aa/Show_movie.m	kbcheck	97	[keyPress, keyTime, keyID] = KbCheck(-1);	SCANNER_TRIGGER	83ade79574081031
session#12a922dba6aa/Show_movie.m	time	97	[keyPress, keyTime, keyID] = KbCheck(-1);	PSYCHTOOLBOX_TIME	83ade79574081031
session#12a922dba6aa/Show_movie.m	kbqueue	99	KbQueueWait	SCANNER_TRIGGER	83ade79574081031
session#12a922dba6aa/Show_movie.m	kbcheck	103	[keyIsDown,secs,keyCode]=KbCheck;	SCANNER_TRIGGER	83ade79574081031
session#12a922dba6aa/Show_movie.m	playmovie	107	Screen('PlayMovie', movie, 0);	FRAME_TIMING	83ade79574081031
session#12a922dba6aa/Show_movie.m	frame	116	% Wait for next movie frame, retrieve texture handle to it	FRAME_TIMING	83ade79574081031
session#12a922dba6aa/Show_movie.m	getmovieimage	118	tex = Screen('GetMovieImage', win, movie);	FRAME_TIMING	83ade79574081031
session#12a922dba6aa/Show_movie.m	screen('flip'	138	Screen('Flip', win);	PSYCHTOOLBOX_TIME	83ade79574081031
session#12a922dba6aa/Show_movie.m	playmovie	146	Screen('PlayMovie', movie, 0);	FRAME_TIMING	83ade79574081031
session#12a922dba6aa/main.m	sync	4	Screen('Preference', 'SkipSyncTests', 0);	SCANNER_TRIGGER	620c8c7b6425be2a
session#12a922dba6aa/main.m	results	16	%% check FOV script results that you have written down	SAVE_OPERATION	620c8c7b6425be2a
session#12a922dba6aa/main.m	results	23	change_eye = 0; % you can change this parameter based on the results of FOV script	SAVE_OPERATION	620c8c7b6425be2a
session#12a922dba6aa/main.m	trigger	26	% press t to start --> this comes from the trigger box	SCANNER_TRIGGER	620c8c7b6425be2a
session#12a922dba6aa/main.m	results	40	"'\n Have you deleted the content of the Folder called ""Results""? ' ..."	SAVE_OPERATION	620c8c7b6425be2a
session#12a922dba6aa/main.m	results	76	resultdir = 'Results';	SAVE_OPERATION	620c8c7b6425be2a
session#12a922dba6aa/main.m	save(	80	save([resultdir '/' (t) '_Subject_is_' comment '_selected_run_id_' num2str(run_id)])	SAVE_OPERATION	620c8c7b6425be2a
session#ad3f0bd11dcf/Show_movie.m	sync	11	Screen('Preference', 'SkipSyncTests', 1);	SCANNER_TRIGGER	83ade79574081031
session#ad3f0bd11dcf/Show_movie.m	screen('flip'	75	Screen('Flip', win);	PSYCHTOOLBOX_TIME	83ade79574081031
session#ad3f0bd11dcf/Show_movie.m	forp	79	psychtoolbox_forp_id=0;	SCANNER_TRIGGER	83ade79574081031
session#ad3f0bd11dcf/Show_movie.m	playmovie	88	Screen('PlayMovie', movie, 1);	FRAME_TIMING	83ade79574081031
session#ad3f0bd11dcf/Show_movie.m	trigger	93	% only look for t as trigger	SCANNER_TRIGGER	83ade79574081031
session#ad3f0bd11dcf/Show_movie.m	forp	94	KbQueueCreate(psychtoolbox_forp_id, keysOfInterest);	SCANNER_TRIGGER	83ade79574081031
session#ad3f0bd11dcf/Show_movie.m	kbqueue	94	KbQueueCreate(psychtoolbox_forp_id, keysOfInterest);	SCANNER_TRIGGER	83ade79574081031
session#ad3f0bd11dcf/Show_movie.m	kbqueue	95	KbQueueStart;	SCANNER_TRIGGER	83ade79574081031
session#ad3f0bd11dcf/Show_movie.m	kbcheck	97	[keyPress, keyTime, keyID] = KbCheck(-1);	SCANNER_TRIGGER	83ade79574081031
session#ad3f0bd11dcf/Show_movie.m	time	97	[keyPress, keyTime, keyID] = KbCheck(-1);	PSYCHTOOLBOX_TIME	83ade79574081031
session#ad3f0bd11dcf/Show_movie.m	kbqueue	99	KbQueueWait	SCANNER_TRIGGER	83ade79574081031
session#ad3f0bd11dcf/Show_movie.m	kbcheck	103	[keyIsDown,secs,keyCode]=KbCheck;	SCANNER_TRIGGER	83ade79574081031
session#ad3f0bd11dcf/Show_movie.m	playmovie	107	Screen('PlayMovie', movie, 0);	FRAME_TIMING	83ade79574081031
session#ad3f0bd11dcf/Show_movie.m	frame	116	% Wait for next movie frame, retrieve texture handle to it	FRAME_TIMING	83ade79574081031
session#ad3f0bd11dcf/Show_movie.m	getmovieimage	118	tex = Screen('GetMovieImage', win, movie);	FRAME_TIMING	83ade79574081031
session#ad3f0bd11dcf/Show_movie.m	screen('flip'	138	Screen('Flip', win);	PSYCHTOOLBOX_TIME	83ade79574081031
session#ad3f0bd11dcf/Show_movie.m	playmovie	146	Screen('PlayMovie', movie, 0);	FRAME_TIMING	83ade79574081031
session#ad3f0bd11dcf/main.m	sync	4	Screen('Preference', 'SkipSyncTests', 0);	SCANNER_TRIGGER	1aab337d9f67bc7f
session#ad3f0bd11dcf/main.m	results	16	%% check FOV script results that you have written down	SAVE_OPERATION	1aab337d9f67bc7f
session#ad3f0bd11dcf/main.m	results	23	change_eye = 0; % you can change this parameter based on the results of FOV script	SAVE_OPERATION	1aab337d9f67bc7f
session#ad3f0bd11dcf/main.m	trigger	26	% press t to start --> this comes from the trigger box	SCANNER_TRIGGER	1aab337d9f67bc7f
session#ad3f0bd11dcf/main.m	results	40	"'\n Have you deleted the content of the Folder called ""Results""? ' ..."	SAVE_OPERATION	1aab337d9f67bc7f
session#ad3f0bd11dcf/main.m	results	76	resultdir = 'Results';	SAVE_OPERATION	1aab337d9f67bc7f
session#ad3f0bd11dcf/main.m	save(	80	save([resultdir '/' (t) '_Subject_is_' comment '_selected_run_id_' num2str(run_id)])	SAVE_OPERATION	1aab337d9f67bc7f
session#0023cd9e8b81/Show_movie.m	sync	11	Screen('Preference', 'SkipSyncTests', 1);	SCANNER_TRIGGER	83ade79574081031
session#0023cd9e8b81/Show_movie.m	screen('flip'	75	Screen('Flip', win);	PSYCHTOOLBOX_TIME	83ade79574081031
session#0023cd9e8b81/Show_movie.m	forp	79	psychtoolbox_forp_id=0;	SCANNER_TRIGGER	83ade79574081031
session#0023cd9e8b81/Show_movie.m	playmovie	88	Screen('PlayMovie', movie, 1);	FRAME_TIMING	83ade79574081031
session#0023cd9e8b81/Show_movie.m	trigger	93	% only look for t as trigger	SCANNER_TRIGGER	83ade79574081031
session#0023cd9e8b81/Show_movie.m	forp	94	KbQueueCreate(psychtoolbox_forp_id, keysOfInterest);	SCANNER_TRIGGER	83ade79574081031
session#0023cd9e8b81/Show_movie.m	kbqueue	94	KbQueueCreate(psychtoolbox_forp_id, keysOfInterest);	SCANNER_TRIGGER	83ade79574081031
session#0023cd9e8b81/Show_movie.m	kbqueue	95	KbQueueStart;	SCANNER_TRIGGER	83ade79574081031
session#0023cd9e8b81/Show_movie.m	kbcheck	97	[keyPress, keyTime, keyID] = KbCheck(-1);	SCANNER_TRIGGER	83ade79574081031
session#0023cd9e8b81/Show_movie.m	time	97	[keyPress, keyTime, keyID] = KbCheck(-1);	PSYCHTOOLBOX_TIME	83ade79574081031
session#0023cd9e8b81/Show_movie.m	kbqueue	99	KbQueueWait	SCANNER_TRIGGER	83ade79574081031
session#0023cd9e8b81/Show_movie.m	kbcheck	103	[keyIsDown,secs,keyCode]=KbCheck;	SCANNER_TRIGGER	83ade79574081031
session#0023cd9e8b81/Show_movie.m	playmovie	107	Screen('PlayMovie', movie, 0);	FRAME_TIMING	83ade79574081031
session#0023cd9e8b81/Show_movie.m	frame	116	% Wait for next movie frame, retrieve texture handle to it	FRAME_TIMING	83ade79574081031
session#0023cd9e8b81/Show_movie.m	getmovieimage	118	tex = Screen('GetMovieImage', win, movie);	FRAME_TIMING	83ade79574081031
session#0023cd9e8b81/Show_movie.m	screen('flip'	138	Screen('Flip', win);	PSYCHTOOLBOX_TIME	83ade79574081031
session#0023cd9e8b81/Show_movie.m	playmovie	146	Screen('PlayMovie', movie, 0);	FRAME_TIMING	83ade79574081031
session#0023cd9e8b81/main.m	sync	4	Screen('Preference', 'SkipSyncTests', 0);	SCANNER_TRIGGER	1aab337d9f67bc7f
session#0023cd9e8b81/main.m	results	16	%% check FOV script results that you have written down	SAVE_OPERATION	1aab337d9f67bc7f
session#0023cd9e8b81/main.m	results	23	change_eye = 0; % you can change this parameter based on the results of FOV script	SAVE_OPERATION	1aab337d9f67bc7f
session#0023cd9e8b81/main.m	trigger	26	% press t to start --> this comes from the trigger box	SCANNER_TRIGGER	1aab337d9f67bc7f
session#0023cd9e8b81/main.m	results	40	"'\n Have you deleted the content of the Folder called ""Results""? ' ..."	SAVE_OPERATION	1aab337d9f67bc7f
session#0023cd9e8b81/main.m	results	76	resultdir = 'Results';	SAVE_OPERATION	1aab337d9f67bc7f
session#0023cd9e8b81/main.m	save(	80	save([resultdir '/' (t) '_Subject_is_' comment '_selected_run_id_' num2str(run_id)])	SAVE_OPERATION	1aab337d9f67bc7f
session#42c6f74f4363/Show_movie.m	sync	11	Screen('Preference', 'SkipSyncTests', 1);	SCANNER_TRIGGER	83ade79574081031
session#42c6f74f4363/Show_movie.m	screen('flip'	75	Screen('Flip', win);	PSYCHTOOLBOX_TIME	83ade79574081031
session#42c6f74f4363/Show_movie.m	forp	79	psychtoolbox_forp_id=0;	SCANNER_TRIGGER	83ade79574081031
session#42c6f74f4363/Show_movie.m	playmovie	88	Screen('PlayMovie', movie, 1);	FRAME_TIMING	83ade79574081031
session#42c6f74f4363/Show_movie.m	trigger	93	% only look for t as trigger	SCANNER_TRIGGER	83ade79574081031
session#42c6f74f4363/Show_movie.m	forp	94	KbQueueCreate(psychtoolbox_forp_id, keysOfInterest);	SCANNER_TRIGGER	83ade79574081031
session#42c6f74f4363/Show_movie.m	kbqueue	94	KbQueueCreate(psychtoolbox_forp_id, keysOfInterest);	SCANNER_TRIGGER	83ade79574081031
session#42c6f74f4363/Show_movie.m	kbqueue	95	KbQueueStart;	SCANNER_TRIGGER	83ade79574081031
session#42c6f74f4363/Show_movie.m	kbcheck	97	[keyPress, keyTime, keyID] = KbCheck(-1);	SCANNER_TRIGGER	83ade79574081031
session#42c6f74f4363/Show_movie.m	time	97	[keyPress, keyTime, keyID] = KbCheck(-1);	PSYCHTOOLBOX_TIME	83ade79574081031
session#42c6f74f4363/Show_movie.m	kbqueue	99	KbQueueWait	SCANNER_TRIGGER	83ade79574081031
session#42c6f74f4363/Show_movie.m	kbcheck	103	[keyIsDown,secs,keyCode]=KbCheck;	SCANNER_TRIGGER	83ade79574081031
session#42c6f74f4363/Show_movie.m	playmovie	107	Screen('PlayMovie', movie, 0);	FRAME_TIMING	83ade79574081031
session#42c6f74f4363/Show_movie.m	frame	116	% Wait for next movie frame, retrieve texture handle to it	FRAME_TIMING	83ade79574081031
session#42c6f74f4363/Show_movie.m	getmovieimage	118	tex = Screen('GetMovieImage', win, movie);	FRAME_TIMING	83ade79574081031
session#42c6f74f4363/Show_movie.m	screen('flip'	138	Screen('Flip', win);	PSYCHTOOLBOX_TIME	83ade79574081031
session#42c6f74f4363/Show_movie.m	playmovie	146	Screen('PlayMovie', movie, 0);	FRAME_TIMING	83ade79574081031
session#42c6f74f4363/main.m	sync	4	Screen('Preference', 'SkipSyncTests', 0);	SCANNER_TRIGGER	1aab337d9f67bc7f
session#42c6f74f4363/main.m	results	16	%% check FOV script results that you have written down	SAVE_OPERATION	1aab337d9f67bc7f
session#42c6f74f4363/main.m	results	23	change_eye = 0; % you can change this parameter based on the results of FOV script	SAVE_OPERATION	1aab337d9f67bc7f
session#42c6f74f4363/main.m	trigger	26	% press t to start --> this comes from the trigger box	SCANNER_TRIGGER	1aab337d9f67bc7f
session#42c6f74f4363/main.m	results	40	"'\n Have you deleted the content of the Folder called ""Results""? ' ..."	SAVE_OPERATION	1aab337d9f67bc7f
session#42c6f74f4363/main.m	results	76	resultdir = 'Results';	SAVE_OPERATION	1aab337d9f67bc7f
session#42c6f74f4363/main.m	save(	80	save([resultdir '/' (t) '_Subject_is_' comment '_selected_run_id_' num2str(run_id)])	SAVE_OPERATION	1aab337d9f67bc7f
session#1a41b274daca/Show_movie.m	sync	11	Screen('Preference', 'SkipSyncTests', 1);	SCANNER_TRIGGER	83ade79574081031
session#1a41b274daca/Show_movie.m	screen('flip'	75	Screen('Flip', win);	PSYCHTOOLBOX_TIME	83ade79574081031
session#1a41b274daca/Show_movie.m	forp	79	psychtoolbox_forp_id=0;	SCANNER_TRIGGER	83ade79574081031
session#1a41b274daca/Show_movie.m	playmovie	88	Screen('PlayMovie', movie, 1);	FRAME_TIMING	83ade79574081031
session#1a41b274daca/Show_movie.m	trigger	93	% only look for t as trigger	SCANNER_TRIGGER	83ade79574081031
session#1a41b274daca/Show_movie.m	forp	94	KbQueueCreate(psychtoolbox_forp_id, keysOfInterest);	SCANNER_TRIGGER	83ade79574081031
session#1a41b274daca/Show_movie.m	kbqueue	94	KbQueueCreate(psychtoolbox_forp_id, keysOfInterest);	SCANNER_TRIGGER	83ade79574081031
session#1a41b274daca/Show_movie.m	kbqueue	95	KbQueueStart;	SCANNER_TRIGGER	83ade79574081031
session#1a41b274daca/Show_movie.m	kbcheck	97	[keyPress, keyTime, keyID] = KbCheck(-1);	SCANNER_TRIGGER	83ade79574081031
session#1a41b274daca/Show_movie.m	time	97	[keyPress, keyTime, keyID] = KbCheck(-1);	PSYCHTOOLBOX_TIME	83ade79574081031
session#1a41b274daca/Show_movie.m	kbqueue	99	KbQueueWait	SCANNER_TRIGGER	83ade79574081031
session#1a41b274daca/Show_movie.m	kbcheck	103	[keyIsDown,secs,keyCode]=KbCheck;	SCANNER_TRIGGER	83ade79574081031
session#1a41b274daca/Show_movie.m	playmovie	107	Screen('PlayMovie', movie, 0);	FRAME_TIMING	83ade79574081031
session#1a41b274daca/Show_movie.m	frame	116	% Wait for next movie frame, retrieve texture handle to it	FRAME_TIMING	83ade79574081031
session#1a41b274daca/Show_movie.m	getmovieimage	118	tex = Screen('GetMovieImage', win, movie);	FRAME_TIMING	83ade79574081031
session#1a41b274daca/Show_movie.m	screen('flip'	138	Screen('Flip', win);	PSYCHTOOLBOX_TIME	83ade79574081031
session#1a41b274daca/Show_movie.m	playmovie	146	Screen('PlayMovie', movie, 0);	FRAME_TIMING	83ade79574081031
session#1a41b274daca/main.m	sync	5	Screen('Preference', 'SkipSyncTests', 0);	SCANNER_TRIGGER	c0ca9dbb15a8af64
session#1a41b274daca/main.m	results	17	%% check FOV script results that you have written down	SAVE_OPERATION	c0ca9dbb15a8af64
session#1a41b274daca/main.m	results	24	change_eye = 0; % you can change this parameter based on the results of FOV script	SAVE_OPERATION	c0ca9dbb15a8af64
session#1a41b274daca/main.m	trigger	27	% press t to start --> this comes from the trigger box	SCANNER_TRIGGER	c0ca9dbb15a8af64
session#1a41b274daca/main.m	results	41	"'\n Have you deleted the content of the Folder called ""Results""? ' ..."	SAVE_OPERATION	c0ca9dbb15a8af64
session#1a41b274daca/main.m	results	77	resultdir = 'Results';	SAVE_OPERATION	c0ca9dbb15a8af64
session#1a41b274daca/main.m	save(	81	save([resultdir '/' (t) '_Subject_is_' comment '_selected_run_id_' num2str(run_id)])	SAVE_OPERATION	c0ca9dbb15a8af64
session#9cdb7db2239d/Show_movie.m	sync	11	Screen('Preference', 'SkipSyncTests', 1);	SCANNER_TRIGGER	83ade79574081031
session#9cdb7db2239d/Show_movie.m	screen('flip'	75	Screen('Flip', win);	PSYCHTOOLBOX_TIME	83ade79574081031
session#9cdb7db2239d/Show_movie.m	forp	79	psychtoolbox_forp_id=0;	SCANNER_TRIGGER	83ade79574081031
session#9cdb7db2239d/Show_movie.m	playmovie	88	Screen('PlayMovie', movie, 1);	FRAME_TIMING	83ade79574081031
session#9cdb7db2239d/Show_movie.m	trigger	93	% only look for t as trigger	SCANNER_TRIGGER	83ade79574081031
session#9cdb7db2239d/Show_movie.m	forp	94	KbQueueCreate(psychtoolbox_forp_id, keysOfInterest);	SCANNER_TRIGGER	83ade79574081031
session#9cdb7db2239d/Show_movie.m	kbqueue	94	KbQueueCreate(psychtoolbox_forp_id, keysOfInterest);	SCANNER_TRIGGER	83ade79574081031
session#9cdb7db2239d/Show_movie.m	kbqueue	95	KbQueueStart;	SCANNER_TRIGGER	83ade79574081031
session#9cdb7db2239d/Show_movie.m	kbcheck	97	[keyPress, keyTime, keyID] = KbCheck(-1);	SCANNER_TRIGGER	83ade79574081031
session#9cdb7db2239d/Show_movie.m	time	97	[keyPress, keyTime, keyID] = KbCheck(-1);	PSYCHTOOLBOX_TIME	83ade79574081031
session#9cdb7db2239d/Show_movie.m	kbqueue	99	KbQueueWait	SCANNER_TRIGGER	83ade79574081031
session#9cdb7db2239d/Show_movie.m	kbcheck	103	[keyIsDown,secs,keyCode]=KbCheck;	SCANNER_TRIGGER	83ade79574081031
session#9cdb7db2239d/Show_movie.m	playmovie	107	Screen('PlayMovie', movie, 0);	FRAME_TIMING	83ade79574081031
session#9cdb7db2239d/Show_movie.m	frame	116	% Wait for next movie frame, retrieve texture handle to it	FRAME_TIMING	83ade79574081031
session#9cdb7db2239d/Show_movie.m	getmovieimage	118	tex = Screen('GetMovieImage', win, movie);	FRAME_TIMING	83ade79574081031
session#9cdb7db2239d/Show_movie.m	screen('flip'	138	Screen('Flip', win);	PSYCHTOOLBOX_TIME	83ade79574081031
session#9cdb7db2239d/Show_movie.m	playmovie	146	Screen('PlayMovie', movie, 0);	FRAME_TIMING	83ade79574081031
session#9cdb7db2239d/main.m	sync	4	Screen('Preference', 'SkipSyncTests', 0);	SCANNER_TRIGGER	1aab337d9f67bc7f
session#9cdb7db2239d/main.m	results	16	%% check FOV script results that you have written down	SAVE_OPERATION	1aab337d9f67bc7f
session#9cdb7db2239d/main.m	results	23	change_eye = 0; % you can change this parameter based on the results of FOV script	SAVE_OPERATION	1aab337d9f67bc7f
session#9cdb7db2239d/main.m	trigger	26	% press t to start --> this comes from the trigger box	SCANNER_TRIGGER	1aab337d9f67bc7f
session#9cdb7db2239d/main.m	results	40	"'\n Have you deleted the content of the Folder called ""Results""? ' ..."	SAVE_OPERATION	1aab337d9f67bc7f
session#9cdb7db2239d/main.m	results	76	resultdir = 'Results';	SAVE_OPERATION	1aab337d9f67bc7f
session#9cdb7db2239d/main.m	save(	80	save([resultdir '/' (t) '_Subject_is_' comment '_selected_run_id_' num2str(run_id)])	SAVE_OPERATION	1aab337d9f67bc7f
session#88723da1687f/Show_movie.m	sync	11	Screen('Preference', 'SkipSyncTests', 1);	SCANNER_TRIGGER	83ade79574081031
session#88723da1687f/Show_movie.m	screen('flip'	75	Screen('Flip', win);	PSYCHTOOLBOX_TIME	83ade79574081031
session#88723da1687f/Show_movie.m	forp	79	psychtoolbox_forp_id=0;	SCANNER_TRIGGER	83ade79574081031
session#88723da1687f/Show_movie.m	playmovie	88	Screen('PlayMovie', movie, 1);	FRAME_TIMING	83ade79574081031
session#88723da1687f/Show_movie.m	trigger	93	% only look for t as trigger	SCANNER_TRIGGER	83ade79574081031
session#88723da1687f/Show_movie.m	forp	94	KbQueueCreate(psychtoolbox_forp_id, keysOfInterest);	SCANNER_TRIGGER	83ade79574081031
session#88723da1687f/Show_movie.m	kbqueue	94	KbQueueCreate(psychtoolbox_forp_id, keysOfInterest);	SCANNER_TRIGGER	83ade79574081031
session#88723da1687f/Show_movie.m	kbqueue	95	KbQueueStart;	SCANNER_TRIGGER	83ade79574081031
session#88723da1687f/Show_movie.m	kbcheck	97	[keyPress, keyTime, keyID] = KbCheck(-1);	SCANNER_TRIGGER	83ade79574081031
session#88723da1687f/Show_movie.m	time	97	[keyPress, keyTime, keyID] = KbCheck(-1);	PSYCHTOOLBOX_TIME	83ade79574081031
session#88723da1687f/Show_movie.m	kbqueue	99	KbQueueWait	SCANNER_TRIGGER	83ade79574081031
session#88723da1687f/Show_movie.m	kbcheck	103	[keyIsDown,secs,keyCode]=KbCheck;	SCANNER_TRIGGER	83ade79574081031
session#88723da1687f/Show_movie.m	playmovie	107	Screen('PlayMovie', movie, 0);	FRAME_TIMING	83ade79574081031
session#88723da1687f/Show_movie.m	frame	116	% Wait for next movie frame, retrieve texture handle to it	FRAME_TIMING	83ade79574081031
session#88723da1687f/Show_movie.m	getmovieimage	118	tex = Screen('GetMovieImage', win, movie);	FRAME_TIMING	83ade79574081031
session#88723da1687f/Show_movie.m	screen('flip'	138	Screen('Flip', win);	PSYCHTOOLBOX_TIME	83ade79574081031
session#88723da1687f/Show_movie.m	playmovie	146	Screen('PlayMovie', movie, 0);	FRAME_TIMING	83ade79574081031
session#88723da1687f/main.m	sync	4	Screen('Preference', 'SkipSyncTests', 0);	SCANNER_TRIGGER	1aab337d9f67bc7f
session#88723da1687f/main.m	results	16	%% check FOV script results that you have written down	SAVE_OPERATION	1aab337d9f67bc7f
session#88723da1687f/main.m	results	23	change_eye = 0; % you can change this parameter based on the results of FOV script	SAVE_OPERATION	1aab337d9f67bc7f
session#88723da1687f/main.m	trigger	26	% press t to start --> this comes from the trigger box	SCANNER_TRIGGER	1aab337d9f67bc7f
session#88723da1687f/main.m	results	40	"'\n Have you deleted the content of the Folder called ""Results""? ' ..."	SAVE_OPERATION	1aab337d9f67bc7f
session#88723da1687f/main.m	results	76	resultdir = 'Results';	SAVE_OPERATION	1aab337d9f67bc7f
session#88723da1687f/main.m	save(	80	save([resultdir '/' (t) '_Subject_is_' comment '_selected_run_id_' num2str(run_id)])	SAVE_OPERATION	1aab337d9f67bc7f
session#2b9f75b5b15c/Show_movie.m	sync	11	Screen('Preference', 'SkipSyncTests', 1);	SCANNER_TRIGGER	83ade79574081031
session#2b9f75b5b15c/Show_movie.m	screen('flip'	75	Screen('Flip', win);	PSYCHTOOLBOX_TIME	83ade79574081031
session#2b9f75b5b15c/Show_movie.m	forp	79	psychtoolbox_forp_id=0;	SCANNER_TRIGGER	83ade79574081031
session#2b9f75b5b15c/Show_movie.m	playmovie	88	Screen('PlayMovie', movie, 1);	FRAME_TIMING	83ade79574081031
session#2b9f75b5b15c/Show_movie.m	trigger	93	% only look for t as trigger	SCANNER_TRIGGER	83ade79574081031
session#2b9f75b5b15c/Show_movie.m	forp	94	KbQueueCreate(psychtoolbox_forp_id, keysOfInterest);	SCANNER_TRIGGER	83ade79574081031
session#2b9f75b5b15c/Show_movie.m	kbqueue	94	KbQueueCreate(psychtoolbox_forp_id, keysOfInterest);	SCANNER_TRIGGER	83ade79574081031
session#2b9f75b5b15c/Show_movie.m	kbqueue	95	KbQueueStart;	SCANNER_TRIGGER	83ade79574081031
session#2b9f75b5b15c/Show_movie.m	kbcheck	97	[keyPress, keyTime, keyID] = KbCheck(-1);	SCANNER_TRIGGER	83ade79574081031
session#2b9f75b5b15c/Show_movie.m	time	97	[keyPress, keyTime, keyID] = KbCheck(-1);	PSYCHTOOLBOX_TIME	83ade79574081031
session#2b9f75b5b15c/Show_movie.m	kbqueue	99	KbQueueWait	SCANNER_TRIGGER	83ade79574081031
session#2b9f75b5b15c/Show_movie.m	kbcheck	103	[keyIsDown,secs,keyCode]=KbCheck;	SCANNER_TRIGGER	83ade79574081031
session#2b9f75b5b15c/Show_movie.m	playmovie	107	Screen('PlayMovie', movie, 0);	FRAME_TIMING	83ade79574081031
session#2b9f75b5b15c/Show_movie.m	frame	116	% Wait for next movie frame, retrieve texture handle to it	FRAME_TIMING	83ade79574081031
session#2b9f75b5b15c/Show_movie.m	getmovieimage	118	tex = Screen('GetMovieImage', win, movie);	FRAME_TIMING	83ade79574081031
session#2b9f75b5b15c/Show_movie.m	screen('flip'	138	Screen('Flip', win);	PSYCHTOOLBOX_TIME	83ade79574081031
session#2b9f75b5b15c/Show_movie.m	playmovie	146	Screen('PlayMovie', movie, 0);	FRAME_TIMING	83ade79574081031
session#2b9f75b5b15c/main.m	sync	4	Screen('Preference', 'SkipSyncTests', 0);	SCANNER_TRIGGER	1aab337d9f67bc7f
session#2b9f75b5b15c/main.m	results	16	%% check FOV script results that you have written down	SAVE_OPERATION	1aab337d9f67bc7f
session#2b9f75b5b15c/main.m	results	23	change_eye = 0; % you can change this parameter based on the results of FOV script	SAVE_OPERATION	1aab337d9f67bc7f
session#2b9f75b5b15c/main.m	trigger	26	% press t to start --> this comes from the trigger box	SCANNER_TRIGGER	1aab337d9f67bc7f
session#2b9f75b5b15c/main.m	results	40	"'\n Have you deleted the content of the Folder called ""Results""? ' ..."	SAVE_OPERATION	1aab337d9f67bc7f
session#2b9f75b5b15c/main.m	results	76	resultdir = 'Results';	SAVE_OPERATION	1aab337d9f67bc7f
session#2b9f75b5b15c/main.m	save(	80	save([resultdir '/' (t) '_Subject_is_' comment '_selected_run_id_' num2str(run_id)])	SAVE_OPERATION	1aab337d9f67bc7f
session#6b9230b29646/Show_movie.m	sync	11	Screen('Preference', 'SkipSyncTests', 1);	SCANNER_TRIGGER	83ade79574081031
session#6b9230b29646/Show_movie.m	screen('flip'	75	Screen('Flip', win);	PSYCHTOOLBOX_TIME	83ade79574081031
session#6b9230b29646/Show_movie.m	forp	79	psychtoolbox_forp_id=0;	SCANNER_TRIGGER	83ade79574081031
session#6b9230b29646/Show_movie.m	playmovie	88	Screen('PlayMovie', movie, 1);	FRAME_TIMING	83ade79574081031
session#6b9230b29646/Show_movie.m	trigger	93	% only look for t as trigger	SCANNER_TRIGGER	83ade79574081031
session#6b9230b29646/Show_movie.m	forp	94	KbQueueCreate(psychtoolbox_forp_id, keysOfInterest);	SCANNER_TRIGGER	83ade79574081031
session#6b9230b29646/Show_movie.m	kbqueue	94	KbQueueCreate(psychtoolbox_forp_id, keysOfInterest);	SCANNER_TRIGGER	83ade79574081031
session#6b9230b29646/Show_movie.m	kbqueue	95	KbQueueStart;	SCANNER_TRIGGER	83ade79574081031
session#6b9230b29646/Show_movie.m	kbcheck	97	[keyPress, keyTime, keyID] = KbCheck(-1);	SCANNER_TRIGGER	83ade79574081031
session#6b9230b29646/Show_movie.m	time	97	[keyPress, keyTime, keyID] = KbCheck(-1);	PSYCHTOOLBOX_TIME	83ade79574081031
session#6b9230b29646/Show_movie.m	kbqueue	99	KbQueueWait	SCANNER_TRIGGER	83ade79574081031
session#6b9230b29646/Show_movie.m	kbcheck	103	[keyIsDown,secs,keyCode]=KbCheck;	SCANNER_TRIGGER	83ade79574081031
session#6b9230b29646/Show_movie.m	playmovie	107	Screen('PlayMovie', movie, 0);	FRAME_TIMING	83ade79574081031
session#6b9230b29646/Show_movie.m	frame	116	% Wait for next movie frame, retrieve texture handle to it	FRAME_TIMING	83ade79574081031
session#6b9230b29646/Show_movie.m	getmovieimage	118	tex = Screen('GetMovieImage', win, movie);	FRAME_TIMING	83ade79574081031
session#6b9230b29646/Show_movie.m	screen('flip'	138	Screen('Flip', win);	PSYCHTOOLBOX_TIME	83ade79574081031
session#6b9230b29646/Show_movie.m	playmovie	146	Screen('PlayMovie', movie, 0);	FRAME_TIMING	83ade79574081031
session#6b9230b29646/main.m	sync	4	Screen('Preference', 'SkipSyncTests', 0);	SCANNER_TRIGGER	1aab337d9f67bc7f
session#6b9230b29646/main.m	results	16	%% check FOV script results that you have written down	SAVE_OPERATION	1aab337d9f67bc7f
session#6b9230b29646/main.m	results	23	change_eye = 0; % you can change this parameter based on the results of FOV script	SAVE_OPERATION	1aab337d9f67bc7f
session#6b9230b29646/main.m	trigger	26	% press t to start --> this comes from the trigger box	SCANNER_TRIGGER	1aab337d9f67bc7f
session#6b9230b29646/main.m	results	40	"'\n Have you deleted the content of the Folder called ""Results""? ' ..."	SAVE_OPERATION	1aab337d9f67bc7f
session#6b9230b29646/main.m	results	76	resultdir = 'Results';	SAVE_OPERATION	1aab337d9f67bc7f
session#6b9230b29646/main.m	save(	80	save([resultdir '/' (t) '_Subject_is_' comment '_selected_run_id_' num2str(run_id)])	SAVE_OPERATION	1aab337d9f67bc7f
session#eecea208e9b4/Show_movie.m	sync	11	Screen('Preference', 'SkipSyncTests', 1);	SCANNER_TRIGGER	83ade79574081031
session#eecea208e9b4/Show_movie.m	screen('flip'	75	Screen('Flip', win);	PSYCHTOOLBOX_TIME	83ade79574081031
session#eecea208e9b4/Show_movie.m	forp	79	psychtoolbox_forp_id=0;	SCANNER_TRIGGER	83ade79574081031
session#eecea208e9b4/Show_movie.m	playmovie	88	Screen('PlayMovie', movie, 1);	FRAME_TIMING	83ade79574081031
session#eecea208e9b4/Show_movie.m	trigger	93	% only look for t as trigger	SCANNER_TRIGGER	83ade79574081031
session#eecea208e9b4/Show_movie.m	forp	94	KbQueueCreate(psychtoolbox_forp_id, keysOfInterest);	SCANNER_TRIGGER	83ade79574081031
session#eecea208e9b4/Show_movie.m	kbqueue	94	KbQueueCreate(psychtoolbox_forp_id, keysOfInterest);	SCANNER_TRIGGER	83ade79574081031
session#eecea208e9b4/Show_movie.m	kbqueue	95	KbQueueStart;	SCANNER_TRIGGER	83ade79574081031
session#eecea208e9b4/Show_movie.m	kbcheck	97	[keyPress, keyTime, keyID] = KbCheck(-1);	SCANNER_TRIGGER	83ade79574081031
session#eecea208e9b4/Show_movie.m	time	97	[keyPress, keyTime, keyID] = KbCheck(-1);	PSYCHTOOLBOX_TIME	83ade79574081031
session#eecea208e9b4/Show_movie.m	kbqueue	99	KbQueueWait	SCANNER_TRIGGER	83ade79574081031
session#eecea208e9b4/Show_movie.m	kbcheck	103	[keyIsDown,secs,keyCode]=KbCheck;	SCANNER_TRIGGER	83ade79574081031
session#eecea208e9b4/Show_movie.m	playmovie	107	Screen('PlayMovie', movie, 0);	FRAME_TIMING	83ade79574081031
session#eecea208e9b4/Show_movie.m	frame	116	% Wait for next movie frame, retrieve texture handle to it	FRAME_TIMING	83ade79574081031
session#eecea208e9b4/Show_movie.m	getmovieimage	118	tex = Screen('GetMovieImage', win, movie);	FRAME_TIMING	83ade79574081031
session#eecea208e9b4/Show_movie.m	screen('flip'	138	Screen('Flip', win);	PSYCHTOOLBOX_TIME	83ade79574081031
session#eecea208e9b4/Show_movie.m	playmovie	146	Screen('PlayMovie', movie, 0);	FRAME_TIMING	83ade79574081031
session#eecea208e9b4/main.m	sync	4	Screen('Preference', 'SkipSyncTests', 0);	SCANNER_TRIGGER	1aab337d9f67bc7f
session#eecea208e9b4/main.m	results	16	%% check FOV script results that you have written down	SAVE_OPERATION	1aab337d9f67bc7f
session#eecea208e9b4/main.m	results	23	change_eye = 0; % you can change this parameter based on the results of FOV script	SAVE_OPERATION	1aab337d9f67bc7f
session#eecea208e9b4/main.m	trigger	26	% press t to start --> this comes from the trigger box	SCANNER_TRIGGER	1aab337d9f67bc7f
session#eecea208e9b4/main.m	results	40	"'\n Have you deleted the content of the Folder called ""Results""? ' ..."	SAVE_OPERATION	1aab337d9f67bc7f
session#eecea208e9b4/main.m	results	76	resultdir = 'Results';	SAVE_OPERATION	1aab337d9f67bc7f
session#eecea208e9b4/main.m	save(	80	save([resultdir '/' (t) '_Subject_is_' comment '_selected_run_id_' num2str(run_id)])	SAVE_OPERATION	1aab337d9f67bc7f
session#295ed4d8b693/Show_movie.m	sync	11	Screen('Preference', 'SkipSyncTests', 1);	SCANNER_TRIGGER	83ade79574081031
session#295ed4d8b693/Show_movie.m	screen('flip'	75	Screen('Flip', win);	PSYCHTOOLBOX_TIME	83ade79574081031
session#295ed4d8b693/Show_movie.m	forp	79	psychtoolbox_forp_id=0;	SCANNER_TRIGGER	83ade79574081031
session#295ed4d8b693/Show_movie.m	playmovie	88	Screen('PlayMovie', movie, 1);	FRAME_TIMING	83ade79574081031
session#295ed4d8b693/Show_movie.m	trigger	93	% only look for t as trigger	SCANNER_TRIGGER	83ade79574081031
session#295ed4d8b693/Show_movie.m	forp	94	KbQueueCreate(psychtoolbox_forp_id, keysOfInterest);	SCANNER_TRIGGER	83ade79574081031
session#295ed4d8b693/Show_movie.m	kbqueue	94	KbQueueCreate(psychtoolbox_forp_id, keysOfInterest);	SCANNER_TRIGGER	83ade79574081031
session#295ed4d8b693/Show_movie.m	kbqueue	95	KbQueueStart;	SCANNER_TRIGGER	83ade79574081031
session#295ed4d8b693/Show_movie.m	kbcheck	97	[keyPress, keyTime, keyID] = KbCheck(-1);	SCANNER_TRIGGER	83ade79574081031
session#295ed4d8b693/Show_movie.m	time	97	[keyPress, keyTime, keyID] = KbCheck(-1);	PSYCHTOOLBOX_TIME	83ade79574081031
session#295ed4d8b693/Show_movie.m	kbqueue	99	KbQueueWait	SCANNER_TRIGGER	83ade79574081031
session#295ed4d8b693/Show_movie.m	kbcheck	103	[keyIsDown,secs,keyCode]=KbCheck;	SCANNER_TRIGGER	83ade79574081031
session#295ed4d8b693/Show_movie.m	playmovie	107	Screen('PlayMovie', movie, 0);	FRAME_TIMING	83ade79574081031
session#295ed4d8b693/Show_movie.m	frame	116	% Wait for next movie frame, retrieve texture handle to it	FRAME_TIMING	83ade79574081031
session#295ed4d8b693/Show_movie.m	getmovieimage	118	tex = Screen('GetMovieImage', win, movie);	FRAME_TIMING	83ade79574081031
session#295ed4d8b693/Show_movie.m	screen('flip'	138	Screen('Flip', win);	PSYCHTOOLBOX_TIME	83ade79574081031
session#295ed4d8b693/Show_movie.m	playmovie	146	Screen('PlayMovie', movie, 0);	FRAME_TIMING	83ade79574081031
session#295ed4d8b693/main.m	sync	4	Screen('Preference', 'SkipSyncTests', 0);	SCANNER_TRIGGER	1aab337d9f67bc7f
session#295ed4d8b693/main.m	results	16	%% check FOV script results that you have written down	SAVE_OPERATION	1aab337d9f67bc7f
session#295ed4d8b693/main.m	results	23	change_eye = 0; % you can change this parameter based on the results of FOV script	SAVE_OPERATION	1aab337d9f67bc7f
session#295ed4d8b693/main.m	trigger	26	% press t to start --> this comes from the trigger box	SCANNER_TRIGGER	1aab337d9f67bc7f
session#295ed4d8b693/main.m	results	40	"'\n Have you deleted the content of the Folder called ""Results""? ' ..."	SAVE_OPERATION	1aab337d9f67bc7f
session#295ed4d8b693/main.m	results	76	resultdir = 'Results';	SAVE_OPERATION	1aab337d9f67bc7f
session#295ed4d8b693/main.m	save(	80	save([resultdir '/' (t) '_Subject_is_' comment '_selected_run_id_' num2str(run_id)])	SAVE_OPERATION	1aab337d9f67bc7f
session#cdd305187ddb/Show_movie.m	sync	11	Screen('Preference', 'SkipSyncTests', 1);	SCANNER_TRIGGER	83ade79574081031
session#cdd305187ddb/Show_movie.m	screen('flip'	75	Screen('Flip', win);	PSYCHTOOLBOX_TIME	83ade79574081031
session#cdd305187ddb/Show_movie.m	forp	79	psychtoolbox_forp_id=0;	SCANNER_TRIGGER	83ade79574081031
session#cdd305187ddb/Show_movie.m	playmovie	88	Screen('PlayMovie', movie, 1);	FRAME_TIMING	83ade79574081031
session#cdd305187ddb/Show_movie.m	trigger	93	% only look for t as trigger	SCANNER_TRIGGER	83ade79574081031
session#cdd305187ddb/Show_movie.m	forp	94	KbQueueCreate(psychtoolbox_forp_id, keysOfInterest);	SCANNER_TRIGGER	83ade79574081031
session#cdd305187ddb/Show_movie.m	kbqueue	94	KbQueueCreate(psychtoolbox_forp_id, keysOfInterest);	SCANNER_TRIGGER	83ade79574081031
session#cdd305187ddb/Show_movie.m	kbqueue	95	KbQueueStart;	SCANNER_TRIGGER	83ade79574081031
session#cdd305187ddb/Show_movie.m	kbcheck	97	[keyPress, keyTime, keyID] = KbCheck(-1);	SCANNER_TRIGGER	83ade79574081031
session#cdd305187ddb/Show_movie.m	time	97	[keyPress, keyTime, keyID] = KbCheck(-1);	PSYCHTOOLBOX_TIME	83ade79574081031
session#cdd305187ddb/Show_movie.m	kbqueue	99	KbQueueWait	SCANNER_TRIGGER	83ade79574081031
session#cdd305187ddb/Show_movie.m	kbcheck	103	[keyIsDown,secs,keyCode]=KbCheck;	SCANNER_TRIGGER	83ade79574081031
session#cdd305187ddb/Show_movie.m	playmovie	107	Screen('PlayMovie', movie, 0);	FRAME_TIMING	83ade79574081031
session#cdd305187ddb/Show_movie.m	frame	116	% Wait for next movie frame, retrieve texture handle to it	FRAME_TIMING	83ade79574081031
session#cdd305187ddb/Show_movie.m	getmovieimage	118	tex = Screen('GetMovieImage', win, movie);	FRAME_TIMING	83ade79574081031
session#cdd305187ddb/Show_movie.m	screen('flip'	138	Screen('Flip', win);	PSYCHTOOLBOX_TIME	83ade79574081031
session#cdd305187ddb/Show_movie.m	playmovie	146	Screen('PlayMovie', movie, 0);	FRAME_TIMING	83ade79574081031
session#cdd305187ddb/main.m	sync	4	Screen('Preference', 'SkipSyncTests', 0);	SCANNER_TRIGGER	1aab337d9f67bc7f
session#cdd305187ddb/main.m	results	16	%% check FOV script results that you have written down	SAVE_OPERATION	1aab337d9f67bc7f
session#cdd305187ddb/main.m	results	23	change_eye = 0; % you can change this parameter based on the results of FOV script	SAVE_OPERATION	1aab337d9f67bc7f
session#cdd305187ddb/main.m	trigger	26	% press t to start --> this comes from the trigger box	SCANNER_TRIGGER	1aab337d9f67bc7f
session#cdd305187ddb/main.m	results	40	"'\n Have you deleted the content of the Folder called ""Results""? ' ..."	SAVE_OPERATION	1aab337d9f67bc7f
session#cdd305187ddb/main.m	results	76	resultdir = 'Results';	SAVE_OPERATION	1aab337d9f67bc7f
session#cdd305187ddb/main.m	save(	80	save([resultdir '/' (t) '_Subject_is_' comment '_selected_run_id_' num2str(run_id)])	SAVE_OPERATION	1aab337d9f67bc7f
session#bca9e0484ef6/Show_movie.m	sync	11	Screen('Preference', 'SkipSyncTests', 1);	SCANNER_TRIGGER	83ade79574081031
session#bca9e0484ef6/Show_movie.m	screen('flip'	75	Screen('Flip', win);	PSYCHTOOLBOX_TIME	83ade79574081031
session#bca9e0484ef6/Show_movie.m	forp	79	psychtoolbox_forp_id=0;	SCANNER_TRIGGER	83ade79574081031
session#bca9e0484ef6/Show_movie.m	playmovie	88	Screen('PlayMovie', movie, 1);	FRAME_TIMING	83ade79574081031
session#bca9e0484ef6/Show_movie.m	trigger	93	% only look for t as trigger	SCANNER_TRIGGER	83ade79574081031
session#bca9e0484ef6/Show_movie.m	forp	94	KbQueueCreate(psychtoolbox_forp_id, keysOfInterest);	SCANNER_TRIGGER	83ade79574081031
session#bca9e0484ef6/Show_movie.m	kbqueue	94	KbQueueCreate(psychtoolbox_forp_id, keysOfInterest);	SCANNER_TRIGGER	83ade79574081031
session#bca9e0484ef6/Show_movie.m	kbqueue	95	KbQueueStart;	SCANNER_TRIGGER	83ade79574081031
session#bca9e0484ef6/Show_movie.m	kbcheck	97	[keyPress, keyTime, keyID] = KbCheck(-1);	SCANNER_TRIGGER	83ade79574081031
session#bca9e0484ef6/Show_movie.m	time	97	[keyPress, keyTime, keyID] = KbCheck(-1);	PSYCHTOOLBOX_TIME	83ade79574081031
session#bca9e0484ef6/Show_movie.m	kbqueue	99	KbQueueWait	SCANNER_TRIGGER	83ade79574081031
session#bca9e0484ef6/Show_movie.m	kbcheck	103	[keyIsDown,secs,keyCode]=KbCheck;	SCANNER_TRIGGER	83ade79574081031
session#bca9e0484ef6/Show_movie.m	playmovie	107	Screen('PlayMovie', movie, 0);	FRAME_TIMING	83ade79574081031
session#bca9e0484ef6/Show_movie.m	frame	116	% Wait for next movie frame, retrieve texture handle to it	FRAME_TIMING	83ade79574081031
session#bca9e0484ef6/Show_movie.m	getmovieimage	118	tex = Screen('GetMovieImage', win, movie);	FRAME_TIMING	83ade79574081031
session#bca9e0484ef6/Show_movie.m	screen('flip'	138	Screen('Flip', win);	PSYCHTOOLBOX_TIME	83ade79574081031
session#bca9e0484ef6/Show_movie.m	playmovie	146	Screen('PlayMovie', movie, 0);	FRAME_TIMING	83ade79574081031
session#bca9e0484ef6/main.m	sync	4	Screen('Preference', 'SkipSyncTests', 0);	SCANNER_TRIGGER	1aab337d9f67bc7f
session#bca9e0484ef6/main.m	results	16	%% check FOV script results that you have written down	SAVE_OPERATION	1aab337d9f67bc7f
session#bca9e0484ef6/main.m	results	23	change_eye = 0; % you can change this parameter based on the results of FOV script	SAVE_OPERATION	1aab337d9f67bc7f
session#bca9e0484ef6/main.m	trigger	26	% press t to start --> this comes from the trigger box	SCANNER_TRIGGER	1aab337d9f67bc7f
session#bca9e0484ef6/main.m	results	40	"'\n Have you deleted the content of the Folder called ""Results""? ' ..."	SAVE_OPERATION	1aab337d9f67bc7f
session#bca9e0484ef6/main.m	results	76	resultdir = 'Results';	SAVE_OPERATION	1aab337d9f67bc7f
session#bca9e0484ef6/main.m	save(	80	save([resultdir '/' (t) '_Subject_is_' comment '_selected_run_id_' num2str(run_id)])	SAVE_OPERATION	1aab337d9f67bc7f
session#97ca7373017c/Show_movie.m	sync	11	Screen('Preference', 'SkipSyncTests', 1);	SCANNER_TRIGGER	83ade79574081031
session#97ca7373017c/Show_movie.m	screen('flip'	75	Screen('Flip', win);	PSYCHTOOLBOX_TIME	83ade79574081031
session#97ca7373017c/Show_movie.m	forp	79	psychtoolbox_forp_id=0;	SCANNER_TRIGGER	83ade79574081031
session#97ca7373017c/Show_movie.m	playmovie	88	Screen('PlayMovie', movie, 1);	FRAME_TIMING	83ade79574081031
session#97ca7373017c/Show_movie.m	trigger	93	% only look for t as trigger	SCANNER_TRIGGER	83ade79574081031
session#97ca7373017c/Show_movie.m	forp	94	KbQueueCreate(psychtoolbox_forp_id, keysOfInterest);	SCANNER_TRIGGER	83ade79574081031
session#97ca7373017c/Show_movie.m	kbqueue	94	KbQueueCreate(psychtoolbox_forp_id, keysOfInterest);	SCANNER_TRIGGER	83ade79574081031
session#97ca7373017c/Show_movie.m	kbqueue	95	KbQueueStart;	SCANNER_TRIGGER	83ade79574081031
session#97ca7373017c/Show_movie.m	kbcheck	97	[keyPress, keyTime, keyID] = KbCheck(-1);	SCANNER_TRIGGER	83ade79574081031
session#97ca7373017c/Show_movie.m	time	97	[keyPress, keyTime, keyID] = KbCheck(-1);	PSYCHTOOLBOX_TIME	83ade79574081031
session#97ca7373017c/Show_movie.m	kbqueue	99	KbQueueWait	SCANNER_TRIGGER	83ade79574081031
session#97ca7373017c/Show_movie.m	kbcheck	103	[keyIsDown,secs,keyCode]=KbCheck;	SCANNER_TRIGGER	83ade79574081031
session#97ca7373017c/Show_movie.m	playmovie	107	Screen('PlayMovie', movie, 0);	FRAME_TIMING	83ade79574081031
session#97ca7373017c/Show_movie.m	frame	116	% Wait for next movie frame, retrieve texture handle to it	FRAME_TIMING	83ade79574081031
session#97ca7373017c/Show_movie.m	getmovieimage	118	tex = Screen('GetMovieImage', win, movie);	FRAME_TIMING	83ade79574081031
session#97ca7373017c/Show_movie.m	screen('flip'	138	Screen('Flip', win);	PSYCHTOOLBOX_TIME	83ade79574081031
session#97ca7373017c/Show_movie.m	playmovie	146	Screen('PlayMovie', movie, 0);	FRAME_TIMING	83ade79574081031
session#97ca7373017c/main.m	sync	4	Screen('Preference', 'SkipSyncTests', 0);	SCANNER_TRIGGER	1aab337d9f67bc7f
session#97ca7373017c/main.m	results	16	%% check FOV script results that you have written down	SAVE_OPERATION	1aab337d9f67bc7f
session#97ca7373017c/main.m	results	23	change_eye = 0; % you can change this parameter based on the results of FOV script	SAVE_OPERATION	1aab337d9f67bc7f
session#97ca7373017c/main.m	trigger	26	% press t to start --> this comes from the trigger box	SCANNER_TRIGGER	1aab337d9f67bc7f
session#97ca7373017c/main.m	results	40	"'\n Have you deleted the content of the Folder called ""Results""? ' ..."	SAVE_OPERATION	1aab337d9f67bc7f
session#97ca7373017c/main.m	results	76	resultdir = 'Results';	SAVE_OPERATION	1aab337d9f67bc7f
session#97ca7373017c/main.m	save(	80	save([resultdir '/' (t) '_Subject_is_' comment '_selected_run_id_' num2str(run_id)])	SAVE_OPERATION	1aab337d9f67bc7f
session#cf11641e3c1b/Show_movie.m	sync	11	Screen('Preference', 'SkipSyncTests', 1);	SCANNER_TRIGGER	83ade79574081031
session#cf11641e3c1b/Show_movie.m	screen('flip'	75	Screen('Flip', win);	PSYCHTOOLBOX_TIME	83ade79574081031
session#cf11641e3c1b/Show_movie.m	forp	79	psychtoolbox_forp_id=0;	SCANNER_TRIGGER	83ade79574081031
session#cf11641e3c1b/Show_movie.m	playmovie	88	Screen('PlayMovie', movie, 1);	FRAME_TIMING	83ade79574081031
session#cf11641e3c1b/Show_movie.m	trigger	93	% only look for t as trigger	SCANNER_TRIGGER	83ade79574081031
session#cf11641e3c1b/Show_movie.m	forp	94	KbQueueCreate(psychtoolbox_forp_id, keysOfInterest);	SCANNER_TRIGGER	83ade79574081031
session#cf11641e3c1b/Show_movie.m	kbqueue	94	KbQueueCreate(psychtoolbox_forp_id, keysOfInterest);	SCANNER_TRIGGER	83ade79574081031
session#cf11641e3c1b/Show_movie.m	kbqueue	95	KbQueueStart;	SCANNER_TRIGGER	83ade79574081031
session#cf11641e3c1b/Show_movie.m	kbcheck	97	[keyPress, keyTime, keyID] = KbCheck(-1);	SCANNER_TRIGGER	83ade79574081031
session#cf11641e3c1b/Show_movie.m	time	97	[keyPress, keyTime, keyID] = KbCheck(-1);	PSYCHTOOLBOX_TIME	83ade79574081031
session#cf11641e3c1b/Show_movie.m	kbqueue	99	KbQueueWait	SCANNER_TRIGGER	83ade79574081031
session#cf11641e3c1b/Show_movie.m	kbcheck	103	[keyIsDown,secs,keyCode]=KbCheck;	SCANNER_TRIGGER	83ade79574081031
session#cf11641e3c1b/Show_movie.m	playmovie	107	Screen('PlayMovie', movie, 0);	FRAME_TIMING	83ade79574081031
session#cf11641e3c1b/Show_movie.m	frame	116	% Wait for next movie frame, retrieve texture handle to it	FRAME_TIMING	83ade79574081031
session#cf11641e3c1b/Show_movie.m	getmovieimage	118	tex = Screen('GetMovieImage', win, movie);	FRAME_TIMING	83ade79574081031
session#cf11641e3c1b/Show_movie.m	screen('flip'	138	Screen('Flip', win);	PSYCHTOOLBOX_TIME	83ade79574081031
session#cf11641e3c1b/Show_movie.m	playmovie	146	Screen('PlayMovie', movie, 0);	FRAME_TIMING	83ade79574081031
session#cf11641e3c1b/main.m	sync	4	Screen('Preference', 'SkipSyncTests', 0);	SCANNER_TRIGGER	1aab337d9f67bc7f
session#cf11641e3c1b/main.m	results	16	%% check FOV script results that you have written down	SAVE_OPERATION	1aab337d9f67bc7f
session#cf11641e3c1b/main.m	results	23	change_eye = 0; % you can change this parameter based on the results of FOV script	SAVE_OPERATION	1aab337d9f67bc7f
session#cf11641e3c1b/main.m	trigger	26	% press t to start --> this comes from the trigger box	SCANNER_TRIGGER	1aab337d9f67bc7f
session#cf11641e3c1b/main.m	results	40	"'\n Have you deleted the content of the Folder called ""Results""? ' ..."	SAVE_OPERATION	1aab337d9f67bc7f
session#cf11641e3c1b/main.m	results	76	resultdir = 'Results';	SAVE_OPERATION	1aab337d9f67bc7f
session#cf11641e3c1b/main.m	save(	80	save([resultdir '/' (t) '_Subject_is_' comment '_selected_run_id_' num2str(run_id)])	SAVE_OPERATION	1aab337d9f67bc7f
session#eb1312e02e7f/Show_movie.m	sync	11	Screen('Preference', 'SkipSyncTests', 1);	SCANNER_TRIGGER	83ade79574081031
session#eb1312e02e7f/Show_movie.m	screen('flip'	75	Screen('Flip', win);	PSYCHTOOLBOX_TIME	83ade79574081031
session#eb1312e02e7f/Show_movie.m	forp	79	psychtoolbox_forp_id=0;	SCANNER_TRIGGER	83ade79574081031
session#eb1312e02e7f/Show_movie.m	playmovie	88	Screen('PlayMovie', movie, 1);	FRAME_TIMING	83ade79574081031
session#eb1312e02e7f/Show_movie.m	trigger	93	% only look for t as trigger	SCANNER_TRIGGER	83ade79574081031
session#eb1312e02e7f/Show_movie.m	forp	94	KbQueueCreate(psychtoolbox_forp_id, keysOfInterest);	SCANNER_TRIGGER	83ade79574081031
session#eb1312e02e7f/Show_movie.m	kbqueue	94	KbQueueCreate(psychtoolbox_forp_id, keysOfInterest);	SCANNER_TRIGGER	83ade79574081031
session#eb1312e02e7f/Show_movie.m	kbqueue	95	KbQueueStart;	SCANNER_TRIGGER	83ade79574081031
session#eb1312e02e7f/Show_movie.m	kbcheck	97	[keyPress, keyTime, keyID] = KbCheck(-1);	SCANNER_TRIGGER	83ade79574081031
session#eb1312e02e7f/Show_movie.m	time	97	[keyPress, keyTime, keyID] = KbCheck(-1);	PSYCHTOOLBOX_TIME	83ade79574081031
session#eb1312e02e7f/Show_movie.m	kbqueue	99	KbQueueWait	SCANNER_TRIGGER	83ade79574081031
session#eb1312e02e7f/Show_movie.m	kbcheck	103	[keyIsDown,secs,keyCode]=KbCheck;	SCANNER_TRIGGER	83ade79574081031
session#eb1312e02e7f/Show_movie.m	playmovie	107	Screen('PlayMovie', movie, 0);	FRAME_TIMING	83ade79574081031
session#eb1312e02e7f/Show_movie.m	frame	116	% Wait for next movie frame, retrieve texture handle to it	FRAME_TIMING	83ade79574081031
session#eb1312e02e7f/Show_movie.m	getmovieimage	118	tex = Screen('GetMovieImage', win, movie);	FRAME_TIMING	83ade79574081031
session#eb1312e02e7f/Show_movie.m	screen('flip'	138	Screen('Flip', win);	PSYCHTOOLBOX_TIME	83ade79574081031
session#eb1312e02e7f/Show_movie.m	playmovie	146	Screen('PlayMovie', movie, 0);	FRAME_TIMING	83ade79574081031
session#eb1312e02e7f/main.m	sync	4	Screen('Preference', 'SkipSyncTests', 0);	SCANNER_TRIGGER	1aab337d9f67bc7f
session#eb1312e02e7f/main.m	results	16	%% check FOV script results that you have written down	SAVE_OPERATION	1aab337d9f67bc7f
session#eb1312e02e7f/main.m	results	23	change_eye = 0; % you can change this parameter based on the results of FOV script	SAVE_OPERATION	1aab337d9f67bc7f
session#eb1312e02e7f/main.m	trigger	26	% press t to start --> this comes from the trigger box	SCANNER_TRIGGER	1aab337d9f67bc7f
session#eb1312e02e7f/main.m	results	40	"'\n Have you deleted the content of the Folder called ""Results""? ' ..."	SAVE_OPERATION	1aab337d9f67bc7f
session#eb1312e02e7f/main.m	results	76	resultdir = 'Results';	SAVE_OPERATION	1aab337d9f67bc7f
session#eb1312e02e7f/main.m	save(	80	save([resultdir '/' (t) '_Subject_is_' comment '_selected_run_id_' num2str(run_id)])	SAVE_OPERATION	1aab337d9f67bc7f
session#91620a336030/Show_movie.m	sync	11	Screen('Preference', 'SkipSyncTests', 1);	SCANNER_TRIGGER	83ade79574081031
session#91620a336030/Show_movie.m	screen('flip'	75	Screen('Flip', win);	PSYCHTOOLBOX_TIME	83ade79574081031
session#91620a336030/Show_movie.m	forp	79	psychtoolbox_forp_id=0;	SCANNER_TRIGGER	83ade79574081031
session#91620a336030/Show_movie.m	playmovie	88	Screen('PlayMovie', movie, 1);	FRAME_TIMING	83ade79574081031
session#91620a336030/Show_movie.m	trigger	93	% only look for t as trigger	SCANNER_TRIGGER	83ade79574081031
session#91620a336030/Show_movie.m	forp	94	KbQueueCreate(psychtoolbox_forp_id, keysOfInterest);	SCANNER_TRIGGER	83ade79574081031
session#91620a336030/Show_movie.m	kbqueue	94	KbQueueCreate(psychtoolbox_forp_id, keysOfInterest);	SCANNER_TRIGGER	83ade79574081031
session#91620a336030/Show_movie.m	kbqueue	95	KbQueueStart;	SCANNER_TRIGGER	83ade79574081031
session#91620a336030/Show_movie.m	kbcheck	97	[keyPress, keyTime, keyID] = KbCheck(-1);	SCANNER_TRIGGER	83ade79574081031
session#91620a336030/Show_movie.m	time	97	[keyPress, keyTime, keyID] = KbCheck(-1);	PSYCHTOOLBOX_TIME	83ade79574081031
session#91620a336030/Show_movie.m	kbqueue	99	KbQueueWait	SCANNER_TRIGGER	83ade79574081031
session#91620a336030/Show_movie.m	kbcheck	103	[keyIsDown,secs,keyCode]=KbCheck;	SCANNER_TRIGGER	83ade79574081031
session#91620a336030/Show_movie.m	playmovie	107	Screen('PlayMovie', movie, 0);	FRAME_TIMING	83ade79574081031
session#91620a336030/Show_movie.m	frame	116	% Wait for next movie frame, retrieve texture handle to it	FRAME_TIMING	83ade79574081031
session#91620a336030/Show_movie.m	getmovieimage	118	tex = Screen('GetMovieImage', win, movie);	FRAME_TIMING	83ade79574081031
session#91620a336030/Show_movie.m	screen('flip'	138	Screen('Flip', win);	PSYCHTOOLBOX_TIME	83ade79574081031
session#91620a336030/Show_movie.m	playmovie	146	Screen('PlayMovie', movie, 0);	FRAME_TIMING	83ade79574081031
session#91620a336030/main.m	sync	4	Screen('Preference', 'SkipSyncTests', 0);	SCANNER_TRIGGER	1aab337d9f67bc7f
session#91620a336030/main.m	results	16	%% check FOV script results that you have written down	SAVE_OPERATION	1aab337d9f67bc7f
session#91620a336030/main.m	results	23	change_eye = 0; % you can change this parameter based on the results of FOV script	SAVE_OPERATION	1aab337d9f67bc7f
session#91620a336030/main.m	trigger	26	% press t to start --> this comes from the trigger box	SCANNER_TRIGGER	1aab337d9f67bc7f
session#91620a336030/main.m	results	40	"'\n Have you deleted the content of the Folder called ""Results""? ' ..."	SAVE_OPERATION	1aab337d9f67bc7f
session#91620a336030/main.m	results	76	resultdir = 'Results';	SAVE_OPERATION	1aab337d9f67bc7f
session#91620a336030/main.m	save(	80	save([resultdir '/' (t) '_Subject_is_' comment '_selected_run_id_' num2str(run_id)])	SAVE_OPERATION	1aab337d9f67bc7f
session#e58a650f8d0b/Show_movie.m	sync	11	Screen('Preference', 'SkipSyncTests', 1);	SCANNER_TRIGGER	83ade79574081031
session#e58a650f8d0b/Show_movie.m	screen('flip'	75	Screen('Flip', win);	PSYCHTOOLBOX_TIME	83ade79574081031
session#e58a650f8d0b/Show_movie.m	forp	79	psychtoolbox_forp_id=0;	SCANNER_TRIGGER	83ade79574081031
session#e58a650f8d0b/Show_movie.m	playmovie	88	Screen('PlayMovie', movie, 1);	FRAME_TIMING	83ade79574081031
session#e58a650f8d0b/Show_movie.m	trigger	93	% only look for t as trigger	SCANNER_TRIGGER	83ade79574081031
session#e58a650f8d0b/Show_movie.m	forp	94	KbQueueCreate(psychtoolbox_forp_id, keysOfInterest);	SCANNER_TRIGGER	83ade79574081031
session#e58a650f8d0b/Show_movie.m	kbqueue	94	KbQueueCreate(psychtoolbox_forp_id, keysOfInterest);	SCANNER_TRIGGER	83ade79574081031
session#e58a650f8d0b/Show_movie.m	kbqueue	95	KbQueueStart;	SCANNER_TRIGGER	83ade79574081031
session#e58a650f8d0b/Show_movie.m	kbcheck	97	[keyPress, keyTime, keyID] = KbCheck(-1);	SCANNER_TRIGGER	83ade79574081031
session#e58a650f8d0b/Show_movie.m	time	97	[keyPress, keyTime, keyID] = KbCheck(-1);	PSYCHTOOLBOX_TIME	83ade79574081031
session#e58a650f8d0b/Show_movie.m	kbqueue	99	KbQueueWait	SCANNER_TRIGGER	83ade79574081031
session#e58a650f8d0b/Show_movie.m	kbcheck	103	[keyIsDown,secs,keyCode]=KbCheck;	SCANNER_TRIGGER	83ade79574081031
session#e58a650f8d0b/Show_movie.m	playmovie	107	Screen('PlayMovie', movie, 0);	FRAME_TIMING	83ade79574081031
session#e58a650f8d0b/Show_movie.m	frame	116	% Wait for next movie frame, retrieve texture handle to it	FRAME_TIMING	83ade79574081031
session#e58a650f8d0b/Show_movie.m	getmovieimage	118	tex = Screen('GetMovieImage', win, movie);	FRAME_TIMING	83ade79574081031
session#e58a650f8d0b/Show_movie.m	screen('flip'	138	Screen('Flip', win);	PSYCHTOOLBOX_TIME	83ade79574081031
session#e58a650f8d0b/Show_movie.m	playmovie	146	Screen('PlayMovie', movie, 0);	FRAME_TIMING	83ade79574081031
session#e58a650f8d0b/main.m	sync	4	Screen('Preference', 'SkipSyncTests', 0);	SCANNER_TRIGGER	1aab337d9f67bc7f
session#e58a650f8d0b/main.m	results	16	%% check FOV script results that you have written down	SAVE_OPERATION	1aab337d9f67bc7f
session#e58a650f8d0b/main.m	results	23	change_eye = 0; % you can change this parameter based on the results of FOV script	SAVE_OPERATION	1aab337d9f67bc7f
session#e58a650f8d0b/main.m	trigger	26	% press t to start --> this comes from the trigger box	SCANNER_TRIGGER	1aab337d9f67bc7f
session#e58a650f8d0b/main.m	results	40	"'\n Have you deleted the content of the Folder called ""Results""? ' ..."	SAVE_OPERATION	1aab337d9f67bc7f
session#e58a650f8d0b/main.m	results	76	resultdir = 'Results';	SAVE_OPERATION	1aab337d9f67bc7f
session#e58a650f8d0b/main.m	save(	80	save([resultdir '/' (t) '_Subject_is_' comment '_selected_run_id_' num2str(run_id)])	SAVE_OPERATION	1aab337d9f67bc7f
session#21d4ea9c0e2c/Show_movie.m	sync	11	Screen('Preference', 'SkipSyncTests', 1);	SCANNER_TRIGGER	83ade79574081031
session#21d4ea9c0e2c/Show_movie.m	screen('flip'	75	Screen('Flip', win);	PSYCHTOOLBOX_TIME	83ade79574081031
session#21d4ea9c0e2c/Show_movie.m	forp	79	psychtoolbox_forp_id=0;	SCANNER_TRIGGER	83ade79574081031
session#21d4ea9c0e2c/Show_movie.m	playmovie	88	Screen('PlayMovie', movie, 1);	FRAME_TIMING	83ade79574081031
session#21d4ea9c0e2c/Show_movie.m	trigger	93	% only look for t as trigger	SCANNER_TRIGGER	83ade79574081031
session#21d4ea9c0e2c/Show_movie.m	forp	94	KbQueueCreate(psychtoolbox_forp_id, keysOfInterest);	SCANNER_TRIGGER	83ade79574081031
session#21d4ea9c0e2c/Show_movie.m	kbqueue	94	KbQueueCreate(psychtoolbox_forp_id, keysOfInterest);	SCANNER_TRIGGER	83ade79574081031
session#21d4ea9c0e2c/Show_movie.m	kbqueue	95	KbQueueStart;	SCANNER_TRIGGER	83ade79574081031
session#21d4ea9c0e2c/Show_movie.m	kbcheck	97	[keyPress, keyTime, keyID] = KbCheck(-1);	SCANNER_TRIGGER	83ade79574081031
session#21d4ea9c0e2c/Show_movie.m	time	97	[keyPress, keyTime, keyID] = KbCheck(-1);	PSYCHTOOLBOX_TIME	83ade79574081031
session#21d4ea9c0e2c/Show_movie.m	kbqueue	99	KbQueueWait	SCANNER_TRIGGER	83ade79574081031
session#21d4ea9c0e2c/Show_movie.m	kbcheck	103	[keyIsDown,secs,keyCode]=KbCheck;	SCANNER_TRIGGER	83ade79574081031
session#21d4ea9c0e2c/Show_movie.m	playmovie	107	Screen('PlayMovie', movie, 0);	FRAME_TIMING	83ade79574081031
session#21d4ea9c0e2c/Show_movie.m	frame	116	% Wait for next movie frame, retrieve texture handle to it	FRAME_TIMING	83ade79574081031
session#21d4ea9c0e2c/Show_movie.m	getmovieimage	118	tex = Screen('GetMovieImage', win, movie);	FRAME_TIMING	83ade79574081031
session#21d4ea9c0e2c/Show_movie.m	screen('flip'	138	Screen('Flip', win);	PSYCHTOOLBOX_TIME	83ade79574081031
session#21d4ea9c0e2c/Show_movie.m	playmovie	146	Screen('PlayMovie', movie, 0);	FRAME_TIMING	83ade79574081031
session#21d4ea9c0e2c/main.m	sync	4	Screen('Preference', 'SkipSyncTests', 0);	SCANNER_TRIGGER	1aab337d9f67bc7f
session#21d4ea9c0e2c/main.m	results	16	%% check FOV script results that you have written down	SAVE_OPERATION	1aab337d9f67bc7f
session#21d4ea9c0e2c/main.m	results	23	change_eye = 0; % you can change this parameter based on the results of FOV script	SAVE_OPERATION	1aab337d9f67bc7f
session#21d4ea9c0e2c/main.m	trigger	26	% press t to start --> this comes from the trigger box	SCANNER_TRIGGER	1aab337d9f67bc7f
session#21d4ea9c0e2c/main.m	results	40	"'\n Have you deleted the content of the Folder called ""Results""? ' ..."	SAVE_OPERATION	1aab337d9f67bc7f
session#21d4ea9c0e2c/main.m	results	76	resultdir = 'Results';	SAVE_OPERATION	1aab337d9f67bc7f
session#21d4ea9c0e2c/main.m	save(	80	save([resultdir '/' (t) '_Subject_is_' comment '_selected_run_id_' num2str(run_id)])	SAVE_OPERATION	1aab337d9f67bc7f
session#1c3725242dc4/Show_movie.m	sync	11	Screen('Preference', 'SkipSyncTests', 1);	SCANNER_TRIGGER	83ade79574081031
session#1c3725242dc4/Show_movie.m	screen('flip'	75	Screen('Flip', win);	PSYCHTOOLBOX_TIME	83ade79574081031
session#1c3725242dc4/Show_movie.m	forp	79	psychtoolbox_forp_id=0;	SCANNER_TRIGGER	83ade79574081031
session#1c3725242dc4/Show_movie.m	playmovie	88	Screen('PlayMovie', movie, 1);	FRAME_TIMING	83ade79574081031
session#1c3725242dc4/Show_movie.m	trigger	93	% only look for t as trigger	SCANNER_TRIGGER	83ade79574081031
session#1c3725242dc4/Show_movie.m	forp	94	KbQueueCreate(psychtoolbox_forp_id, keysOfInterest);	SCANNER_TRIGGER	83ade79574081031
session#1c3725242dc4/Show_movie.m	kbqueue	94	KbQueueCreate(psychtoolbox_forp_id, keysOfInterest);	SCANNER_TRIGGER	83ade79574081031
session#1c3725242dc4/Show_movie.m	kbqueue	95	KbQueueStart;	SCANNER_TRIGGER	83ade79574081031
session#1c3725242dc4/Show_movie.m	kbcheck	97	[keyPress, keyTime, keyID] = KbCheck(-1);	SCANNER_TRIGGER	83ade79574081031
session#1c3725242dc4/Show_movie.m	time	97	[keyPress, keyTime, keyID] = KbCheck(-1);	PSYCHTOOLBOX_TIME	83ade79574081031
session#1c3725242dc4/Show_movie.m	kbqueue	99	KbQueueWait	SCANNER_TRIGGER	83ade79574081031
session#1c3725242dc4/Show_movie.m	kbcheck	103	[keyIsDown,secs,keyCode]=KbCheck;	SCANNER_TRIGGER	83ade79574081031
session#1c3725242dc4/Show_movie.m	playmovie	107	Screen('PlayMovie', movie, 0);	FRAME_TIMING	83ade79574081031
session#1c3725242dc4/Show_movie.m	frame	116	% Wait for next movie frame, retrieve texture handle to it	FRAME_TIMING	83ade79574081031
session#1c3725242dc4/Show_movie.m	getmovieimage	118	tex = Screen('GetMovieImage', win, movie);	FRAME_TIMING	83ade79574081031
session#1c3725242dc4/Show_movie.m	screen('flip'	138	Screen('Flip', win);	PSYCHTOOLBOX_TIME	83ade79574081031
session#1c3725242dc4/Show_movie.m	playmovie	146	Screen('PlayMovie', movie, 0);	FRAME_TIMING	83ade79574081031
session#1c3725242dc4/main.m	sync	4	Screen('Preference', 'SkipSyncTests', 0);	SCANNER_TRIGGER	1aab337d9f67bc7f
session#1c3725242dc4/main.m	results	16	%% check FOV script results that you have written down	SAVE_OPERATION	1aab337d9f67bc7f
session#1c3725242dc4/main.m	results	23	change_eye = 0; % you can change this parameter based on the results of FOV script	SAVE_OPERATION	1aab337d9f67bc7f
session#1c3725242dc4/main.m	trigger	26	% press t to start --> this comes from the trigger box	SCANNER_TRIGGER	1aab337d9f67bc7f
session#1c3725242dc4/main.m	results	40	"'\n Have you deleted the content of the Folder called ""Results""? ' ..."	SAVE_OPERATION	1aab337d9f67bc7f
session#1c3725242dc4/main.m	results	76	resultdir = 'Results';	SAVE_OPERATION	1aab337d9f67bc7f
session#1c3725242dc4/main.m	save(	80	save([resultdir '/' (t) '_Subject_is_' comment '_selected_run_id_' num2str(run_id)])	SAVE_OPERATION	1aab337d9f67bc7f
session#2e0dca6663af/Show_movie.m	sync	8	Screen('Preference', 'SkipSyncTests', 1);	SCANNER_TRIGGER	88923aeac42f475d
session#2e0dca6663af/Show_movie.m	screen('flip'	68	Screen('Flip', win);	PSYCHTOOLBOX_TIME	88923aeac42f475d
session#2e0dca6663af/Show_movie.m	forp	72	psychtoolbox_forp_id=0;	SCANNER_TRIGGER	88923aeac42f475d
session#2e0dca6663af/Show_movie.m	playmovie	81	Screen('PlayMovie', movie, 1);	FRAME_TIMING	88923aeac42f475d
session#2e0dca6663af/Show_movie.m	trigger	86	% only look for t as trigger	SCANNER_TRIGGER	88923aeac42f475d
session#2e0dca6663af/Show_movie.m	forp	87	KbQueueCreate(psychtoolbox_forp_id, keysOfInterest);	SCANNER_TRIGGER	88923aeac42f475d
session#2e0dca6663af/Show_movie.m	kbqueue	87	KbQueueCreate(psychtoolbox_forp_id, keysOfInterest);	SCANNER_TRIGGER	88923aeac42f475d
session#2e0dca6663af/Show_movie.m	kbqueue	88	KbQueueStart;	SCANNER_TRIGGER	88923aeac42f475d
session#2e0dca6663af/Show_movie.m	kbcheck	90	[keyPress, keyTime, keyID] = KbCheck(-1);	SCANNER_TRIGGER	88923aeac42f475d
session#2e0dca6663af/Show_movie.m	time	90	[keyPress, keyTime, keyID] = KbCheck(-1);	PSYCHTOOLBOX_TIME	88923aeac42f475d
session#2e0dca6663af/Show_movie.m	kbqueue	92	KbQueueWait	SCANNER_TRIGGER	88923aeac42f475d
session#2e0dca6663af/Show_movie.m	kbcheck	96	[keyIsDown,secs,keyCode]=KbCheck;	SCANNER_TRIGGER	88923aeac42f475d
session#2e0dca6663af/Show_movie.m	playmovie	100	Screen('PlayMovie', movie, 0);	FRAME_TIMING	88923aeac42f475d
session#2e0dca6663af/Show_movie.m	frame	109	% Wait for next movie frame, retrieve texture handle to it	FRAME_TIMING	88923aeac42f475d
session#2e0dca6663af/Show_movie.m	getmovieimage	111	tex = Screen('GetMovieImage', win, movie);	FRAME_TIMING	88923aeac42f475d
session#2e0dca6663af/Show_movie.m	screen('flip'	127	Screen('Flip', win);	PSYCHTOOLBOX_TIME	88923aeac42f475d
session#2e0dca6663af/Show_movie.m	playmovie	135	Screen('PlayMovie', movie, 0);	FRAME_TIMING	88923aeac42f475d
session#2e0dca6663af/main.m	results	4	%% check FOV script results that you have written down	SAVE_OPERATION	fa01b62dff72ec1d
session#2e0dca6663af/main.m	results	10	change_eye = 0; % you can change this parameter based on the results of FOV script	SAVE_OPERATION	fa01b62dff72ec1d
session#2e0dca6663af/main.m	trigger	13	% press t to start --> this comes from the trigger box	SCANNER_TRIGGER	fa01b62dff72ec1d
session#2e0dca6663af/main.m	results	27	"'\n Have you deleted the content of the Folder called ""Results""? ' ..."	SAVE_OPERATION	fa01b62dff72ec1d
session#2e0dca6663af/main.m	results	63	resultdir = './Results';	SAVE_OPERATION	fa01b62dff72ec1d
session#2e0dca6663af/main.m	save(	67	save([resultdir '/' (t) '_Subject_is_' comment '_selected_run_id_' num2str(run_id)])	SAVE_OPERATION	fa01b62dff72ec1d
session#c3cb7df23ce1/Show_movie.m	sync	11	Screen('Preference', 'SkipSyncTests', 1);	SCANNER_TRIGGER	83ade79574081031
session#c3cb7df23ce1/Show_movie.m	screen('flip'	75	Screen('Flip', win);	PSYCHTOOLBOX_TIME	83ade79574081031
session#c3cb7df23ce1/Show_movie.m	forp	79	psychtoolbox_forp_id=0;	SCANNER_TRIGGER	83ade79574081031
session#c3cb7df23ce1/Show_movie.m	playmovie	88	Screen('PlayMovie', movie, 1);	FRAME_TIMING	83ade79574081031
session#c3cb7df23ce1/Show_movie.m	trigger	93	% only look for t as trigger	SCANNER_TRIGGER	83ade79574081031
session#c3cb7df23ce1/Show_movie.m	forp	94	KbQueueCreate(psychtoolbox_forp_id, keysOfInterest);	SCANNER_TRIGGER	83ade79574081031
session#c3cb7df23ce1/Show_movie.m	kbqueue	94	KbQueueCreate(psychtoolbox_forp_id, keysOfInterest);	SCANNER_TRIGGER	83ade79574081031
session#c3cb7df23ce1/Show_movie.m	kbqueue	95	KbQueueStart;	SCANNER_TRIGGER	83ade79574081031
session#c3cb7df23ce1/Show_movie.m	kbcheck	97	[keyPress, keyTime, keyID] = KbCheck(-1);	SCANNER_TRIGGER	83ade79574081031
session#c3cb7df23ce1/Show_movie.m	time	97	[keyPress, keyTime, keyID] = KbCheck(-1);	PSYCHTOOLBOX_TIME	83ade79574081031
session#c3cb7df23ce1/Show_movie.m	kbqueue	99	KbQueueWait	SCANNER_TRIGGER	83ade79574081031
session#c3cb7df23ce1/Show_movie.m	kbcheck	103	[keyIsDown,secs,keyCode]=KbCheck;	SCANNER_TRIGGER	83ade79574081031
session#c3cb7df23ce1/Show_movie.m	playmovie	107	Screen('PlayMovie', movie, 0);	FRAME_TIMING	83ade79574081031
session#c3cb7df23ce1/Show_movie.m	frame	116	% Wait for next movie frame, retrieve texture handle to it	FRAME_TIMING	83ade79574081031
session#c3cb7df23ce1/Show_movie.m	getmovieimage	118	tex = Screen('GetMovieImage', win, movie);	FRAME_TIMING	83ade79574081031
session#c3cb7df23ce1/Show_movie.m	screen('flip'	138	Screen('Flip', win);	PSYCHTOOLBOX_TIME	83ade79574081031
session#c3cb7df23ce1/Show_movie.m	playmovie	146	Screen('PlayMovie', movie, 0);	FRAME_TIMING	83ade79574081031
session#c3cb7df23ce1/main.m	sync	4	Screen('Preference', 'SkipSyncTests', 0);	SCANNER_TRIGGER	1aab337d9f67bc7f
session#c3cb7df23ce1/main.m	results	16	%% check FOV script results that you have written down	SAVE_OPERATION	1aab337d9f67bc7f
session#c3cb7df23ce1/main.m	results	23	change_eye = 0; % you can change this parameter based on the results of FOV script	SAVE_OPERATION	1aab337d9f67bc7f
session#c3cb7df23ce1/main.m	trigger	26	% press t to start --> this comes from the trigger box	SCANNER_TRIGGER	1aab337d9f67bc7f
session#c3cb7df23ce1/main.m	results	40	"'\n Have you deleted the content of the Folder called ""Results""? ' ..."	SAVE_OPERATION	1aab337d9f67bc7f
session#c3cb7df23ce1/main.m	results	76	resultdir = 'Results';	SAVE_OPERATION	1aab337d9f67bc7f
session#c3cb7df23ce1/main.m	save(	80	save([resultdir '/' (t) '_Subject_is_' comment '_selected_run_id_' num2str(run_id)])	SAVE_OPERATION	1aab337d9f67bc7f
session#68727c38b6ed/Show_movie.m	sync	11	Screen('Preference', 'SkipSyncTests', 1);	SCANNER_TRIGGER	83ade79574081031
session#68727c38b6ed/Show_movie.m	screen('flip'	75	Screen('Flip', win);	PSYCHTOOLBOX_TIME	83ade79574081031
session#68727c38b6ed/Show_movie.m	forp	79	psychtoolbox_forp_id=0;	SCANNER_TRIGGER	83ade79574081031
session#68727c38b6ed/Show_movie.m	playmovie	88	Screen('PlayMovie', movie, 1);	FRAME_TIMING	83ade79574081031
session#68727c38b6ed/Show_movie.m	trigger	93	% only look for t as trigger	SCANNER_TRIGGER	83ade79574081031
session#68727c38b6ed/Show_movie.m	forp	94	KbQueueCreate(psychtoolbox_forp_id, keysOfInterest);	SCANNER_TRIGGER	83ade79574081031
session#68727c38b6ed/Show_movie.m	kbqueue	94	KbQueueCreate(psychtoolbox_forp_id, keysOfInterest);	SCANNER_TRIGGER	83ade79574081031
session#68727c38b6ed/Show_movie.m	kbqueue	95	KbQueueStart;	SCANNER_TRIGGER	83ade79574081031
session#68727c38b6ed/Show_movie.m	kbcheck	97	[keyPress, keyTime, keyID] = KbCheck(-1);	SCANNER_TRIGGER	83ade79574081031
session#68727c38b6ed/Show_movie.m	time	97	[keyPress, keyTime, keyID] = KbCheck(-1);	PSYCHTOOLBOX_TIME	83ade79574081031
session#68727c38b6ed/Show_movie.m	kbqueue	99	KbQueueWait	SCANNER_TRIGGER	83ade79574081031
session#68727c38b6ed/Show_movie.m	kbcheck	103	[keyIsDown,secs,keyCode]=KbCheck;	SCANNER_TRIGGER	83ade79574081031
session#68727c38b6ed/Show_movie.m	playmovie	107	Screen('PlayMovie', movie, 0);	FRAME_TIMING	83ade79574081031
session#68727c38b6ed/Show_movie.m	frame	116	% Wait for next movie frame, retrieve texture handle to it	FRAME_TIMING	83ade79574081031
session#68727c38b6ed/Show_movie.m	getmovieimage	118	tex = Screen('GetMovieImage', win, movie);	FRAME_TIMING	83ade79574081031
session#68727c38b6ed/Show_movie.m	screen('flip'	138	Screen('Flip', win);	PSYCHTOOLBOX_TIME	83ade79574081031
session#68727c38b6ed/Show_movie.m	playmovie	146	Screen('PlayMovie', movie, 0);	FRAME_TIMING	83ade79574081031
session#68727c38b6ed/main.m	sync	4	Screen('Preference', 'SkipSyncTests', 0);	SCANNER_TRIGGER	1aab337d9f67bc7f
session#68727c38b6ed/main.m	results	16	%% check FOV script results that you have written down	SAVE_OPERATION	1aab337d9f67bc7f
session#68727c38b6ed/main.m	results	23	change_eye = 0; % you can change this parameter based on the results of FOV script	SAVE_OPERATION	1aab337d9f67bc7f
session#68727c38b6ed/main.m	trigger	26	% press t to start --> this comes from the trigger box	SCANNER_TRIGGER	1aab337d9f67bc7f
session#68727c38b6ed/main.m	results	40	"'\n Have you deleted the content of the Folder called ""Results""? ' ..."	SAVE_OPERATION	1aab337d9f67bc7f
session#68727c38b6ed/main.m	results	76	resultdir = 'Results';	SAVE_OPERATION	1aab337d9f67bc7f
session#68727c38b6ed/main.m	save(	80	save([resultdir '/' (t) '_Subject_is_' comment '_selected_run_id_' num2str(run_id)])	SAVE_OPERATION	1aab337d9f67bc7f
session#e3273c06d38a/Show_movie.m	sync	11	Screen('Preference', 'SkipSyncTests', 1);	SCANNER_TRIGGER	83ade79574081031
session#e3273c06d38a/Show_movie.m	screen('flip'	75	Screen('Flip', win);	PSYCHTOOLBOX_TIME	83ade79574081031
session#e3273c06d38a/Show_movie.m	forp	79	psychtoolbox_forp_id=0;	SCANNER_TRIGGER	83ade79574081031
session#e3273c06d38a/Show_movie.m	playmovie	88	Screen('PlayMovie', movie, 1);	FRAME_TIMING	83ade79574081031
session#e3273c06d38a/Show_movie.m	trigger	93	% only look for t as trigger	SCANNER_TRIGGER	83ade79574081031
session#e3273c06d38a/Show_movie.m	forp	94	KbQueueCreate(psychtoolbox_forp_id, keysOfInterest);	SCANNER_TRIGGER	83ade79574081031
session#e3273c06d38a/Show_movie.m	kbqueue	94	KbQueueCreate(psychtoolbox_forp_id, keysOfInterest);	SCANNER_TRIGGER	83ade79574081031
session#e3273c06d38a/Show_movie.m	kbqueue	95	KbQueueStart;	SCANNER_TRIGGER	83ade79574081031
session#e3273c06d38a/Show_movie.m	kbcheck	97	[keyPress, keyTime, keyID] = KbCheck(-1);	SCANNER_TRIGGER	83ade79574081031
session#e3273c06d38a/Show_movie.m	time	97	[keyPress, keyTime, keyID] = KbCheck(-1);	PSYCHTOOLBOX_TIME	83ade79574081031
session#e3273c06d38a/Show_movie.m	kbqueue	99	KbQueueWait	SCANNER_TRIGGER	83ade79574081031
session#e3273c06d38a/Show_movie.m	kbcheck	103	[keyIsDown,secs,keyCode]=KbCheck;	SCANNER_TRIGGER	83ade79574081031
session#e3273c06d38a/Show_movie.m	playmovie	107	Screen('PlayMovie', movie, 0);	FRAME_TIMING	83ade79574081031
session#e3273c06d38a/Show_movie.m	frame	116	% Wait for next movie frame, retrieve texture handle to it	FRAME_TIMING	83ade79574081031
session#e3273c06d38a/Show_movie.m	getmovieimage	118	tex = Screen('GetMovieImage', win, movie);	FRAME_TIMING	83ade79574081031
session#e3273c06d38a/Show_movie.m	screen('flip'	138	Screen('Flip', win);	PSYCHTOOLBOX_TIME	83ade79574081031
session#e3273c06d38a/Show_movie.m	playmovie	146	Screen('PlayMovie', movie, 0);	FRAME_TIMING	83ade79574081031
session#e3273c06d38a/main.m	sync	4	Screen('Preference', 'SkipSyncTests', 0);	SCANNER_TRIGGER	1aab337d9f67bc7f
session#e3273c06d38a/main.m	results	16	%% check FOV script results that you have written down	SAVE_OPERATION	1aab337d9f67bc7f
session#e3273c06d38a/main.m	results	23	change_eye = 0; % you can change this parameter based on the results of FOV script	SAVE_OPERATION	1aab337d9f67bc7f
session#e3273c06d38a/main.m	trigger	26	% press t to start --> this comes from the trigger box	SCANNER_TRIGGER	1aab337d9f67bc7f
session#e3273c06d38a/main.m	results	40	"'\n Have you deleted the content of the Folder called ""Results""? ' ..."	SAVE_OPERATION	1aab337d9f67bc7f
session#e3273c06d38a/main.m	results	76	resultdir = 'Results';	SAVE_OPERATION	1aab337d9f67bc7f
session#e3273c06d38a/main.m	save(	80	save([resultdir '/' (t) '_Subject_is_' comment '_selected_run_id_' num2str(run_id)])	SAVE_OPERATION	1aab337d9f67bc7f
session#13969913ab79/Show_movie.m	sync	8	Screen('Preference', 'SkipSyncTests', 1);	SCANNER_TRIGGER	88923aeac42f475d
session#13969913ab79/Show_movie.m	screen('flip'	68	Screen('Flip', win);	PSYCHTOOLBOX_TIME	88923aeac42f475d
session#13969913ab79/Show_movie.m	forp	72	psychtoolbox_forp_id=0;	SCANNER_TRIGGER	88923aeac42f475d
session#13969913ab79/Show_movie.m	playmovie	81	Screen('PlayMovie', movie, 1);	FRAME_TIMING	88923aeac42f475d
session#13969913ab79/Show_movie.m	trigger	86	% only look for t as trigger	SCANNER_TRIGGER	88923aeac42f475d
session#13969913ab79/Show_movie.m	forp	87	KbQueueCreate(psychtoolbox_forp_id, keysOfInterest);	SCANNER_TRIGGER	88923aeac42f475d
session#13969913ab79/Show_movie.m	kbqueue	87	KbQueueCreate(psychtoolbox_forp_id, keysOfInterest);	SCANNER_TRIGGER	88923aeac42f475d
session#13969913ab79/Show_movie.m	kbqueue	88	KbQueueStart;	SCANNER_TRIGGER	88923aeac42f475d
session#13969913ab79/Show_movie.m	kbcheck	90	[keyPress, keyTime, keyID] = KbCheck(-1);	SCANNER_TRIGGER	88923aeac42f475d
session#13969913ab79/Show_movie.m	time	90	[keyPress, keyTime, keyID] = KbCheck(-1);	PSYCHTOOLBOX_TIME	88923aeac42f475d
session#13969913ab79/Show_movie.m	kbqueue	92	KbQueueWait	SCANNER_TRIGGER	88923aeac42f475d
session#13969913ab79/Show_movie.m	kbcheck	96	[keyIsDown,secs,keyCode]=KbCheck;	SCANNER_TRIGGER	88923aeac42f475d
session#13969913ab79/Show_movie.m	playmovie	100	Screen('PlayMovie', movie, 0);	FRAME_TIMING	88923aeac42f475d
session#13969913ab79/Show_movie.m	frame	109	% Wait for next movie frame, retrieve texture handle to it	FRAME_TIMING	88923aeac42f475d
session#13969913ab79/Show_movie.m	getmovieimage	111	tex = Screen('GetMovieImage', win, movie);	FRAME_TIMING	88923aeac42f475d
session#13969913ab79/Show_movie.m	screen('flip'	127	Screen('Flip', win);	PSYCHTOOLBOX_TIME	88923aeac42f475d
session#13969913ab79/Show_movie.m	playmovie	135	Screen('PlayMovie', movie, 0);	FRAME_TIMING	88923aeac42f475d
session#13969913ab79/main.m	results	4	%% check FOV script results that you have written down	SAVE_OPERATION	fa01b62dff72ec1d
session#13969913ab79/main.m	results	10	change_eye = 0; % you can change this parameter based on the results of FOV script	SAVE_OPERATION	fa01b62dff72ec1d
session#13969913ab79/main.m	trigger	13	% press t to start --> this comes from the trigger box	SCANNER_TRIGGER	fa01b62dff72ec1d
session#13969913ab79/main.m	results	27	"'\n Have you deleted the content of the Folder called ""Results""? ' ..."	SAVE_OPERATION	fa01b62dff72ec1d
session#13969913ab79/main.m	results	63	resultdir = './Results';	SAVE_OPERATION	fa01b62dff72ec1d
session#13969913ab79/main.m	save(	67	save([resultdir '/' (t) '_Subject_is_' comment '_selected_run_id_' num2str(run_id)])	SAVE_OPERATION	fa01b62dff72ec1d
session#183ed1b82bfe/Show_movie.m	sync	11	Screen('Preference', 'SkipSyncTests', 1);	SCANNER_TRIGGER	83ade79574081031
session#183ed1b82bfe/Show_movie.m	screen('flip'	75	Screen('Flip', win);	PSYCHTOOLBOX_TIME	83ade79574081031
session#183ed1b82bfe/Show_movie.m	forp	79	psychtoolbox_forp_id=0;	SCANNER_TRIGGER	83ade79574081031
session#183ed1b82bfe/Show_movie.m	playmovie	88	Screen('PlayMovie', movie, 1);	FRAME_TIMING	83ade79574081031
session#183ed1b82bfe/Show_movie.m	trigger	93	% only look for t as trigger	SCANNER_TRIGGER	83ade79574081031
session#183ed1b82bfe/Show_movie.m	forp	94	KbQueueCreate(psychtoolbox_forp_id, keysOfInterest);	SCANNER_TRIGGER	83ade79574081031
session#183ed1b82bfe/Show_movie.m	kbqueue	94	KbQueueCreate(psychtoolbox_forp_id, keysOfInterest);	SCANNER_TRIGGER	83ade79574081031
session#183ed1b82bfe/Show_movie.m	kbqueue	95	KbQueueStart;	SCANNER_TRIGGER	83ade79574081031
session#183ed1b82bfe/Show_movie.m	kbcheck	97	[keyPress, keyTime, keyID] = KbCheck(-1);	SCANNER_TRIGGER	83ade79574081031
session#183ed1b82bfe/Show_movie.m	time	97	[keyPress, keyTime, keyID] = KbCheck(-1);	PSYCHTOOLBOX_TIME	83ade79574081031
session#183ed1b82bfe/Show_movie.m	kbqueue	99	KbQueueWait	SCANNER_TRIGGER	83ade79574081031
session#183ed1b82bfe/Show_movie.m	kbcheck	103	[keyIsDown,secs,keyCode]=KbCheck;	SCANNER_TRIGGER	83ade79574081031
session#183ed1b82bfe/Show_movie.m	playmovie	107	Screen('PlayMovie', movie, 0);	FRAME_TIMING	83ade79574081031
session#183ed1b82bfe/Show_movie.m	frame	116	% Wait for next movie frame, retrieve texture handle to it	FRAME_TIMING	83ade79574081031
session#183ed1b82bfe/Show_movie.m	getmovieimage	118	tex = Screen('GetMovieImage', win, movie);	FRAME_TIMING	83ade79574081031
session#183ed1b82bfe/Show_movie.m	screen('flip'	138	Screen('Flip', win);	PSYCHTOOLBOX_TIME	83ade79574081031
session#183ed1b82bfe/Show_movie.m	playmovie	146	Screen('PlayMovie', movie, 0);	FRAME_TIMING	83ade79574081031
session#183ed1b82bfe/main.m	sync	4	Screen('Preference', 'SkipSyncTests', 0);	SCANNER_TRIGGER	1aab337d9f67bc7f
session#183ed1b82bfe/main.m	results	16	%% check FOV script results that you have written down	SAVE_OPERATION	1aab337d9f67bc7f
session#183ed1b82bfe/main.m	results	23	change_eye = 0; % you can change this parameter based on the results of FOV script	SAVE_OPERATION	1aab337d9f67bc7f
session#183ed1b82bfe/main.m	trigger	26	% press t to start --> this comes from the trigger box	SCANNER_TRIGGER	1aab337d9f67bc7f
session#183ed1b82bfe/main.m	results	40	"'\n Have you deleted the content of the Folder called ""Results""? ' ..."	SAVE_OPERATION	1aab337d9f67bc7f
session#183ed1b82bfe/main.m	results	76	resultdir = 'Results';	SAVE_OPERATION	1aab337d9f67bc7f
session#183ed1b82bfe/main.m	save(	80	save([resultdir '/' (t) '_Subject_is_' comment '_selected_run_id_' num2str(run_id)])	SAVE_OPERATION	1aab337d9f67bc7f
session#82d30924a2e0/Show_movie.m	sync	11	Screen('Preference', 'SkipSyncTests', 1);	SCANNER_TRIGGER	83ade79574081031
session#82d30924a2e0/Show_movie.m	screen('flip'	75	Screen('Flip', win);	PSYCHTOOLBOX_TIME	83ade79574081031
session#82d30924a2e0/Show_movie.m	forp	79	psychtoolbox_forp_id=0;	SCANNER_TRIGGER	83ade79574081031
session#82d30924a2e0/Show_movie.m	playmovie	88	Screen('PlayMovie', movie, 1);	FRAME_TIMING	83ade79574081031
session#82d30924a2e0/Show_movie.m	trigger	93	% only look for t as trigger	SCANNER_TRIGGER	83ade79574081031
session#82d30924a2e0/Show_movie.m	forp	94	KbQueueCreate(psychtoolbox_forp_id, keysOfInterest);	SCANNER_TRIGGER	83ade79574081031
session#82d30924a2e0/Show_movie.m	kbqueue	94	KbQueueCreate(psychtoolbox_forp_id, keysOfInterest);	SCANNER_TRIGGER	83ade79574081031
session#82d30924a2e0/Show_movie.m	kbqueue	95	KbQueueStart;	SCANNER_TRIGGER	83ade79574081031
session#82d30924a2e0/Show_movie.m	kbcheck	97	[keyPress, keyTime, keyID] = KbCheck(-1);	SCANNER_TRIGGER	83ade79574081031
session#82d30924a2e0/Show_movie.m	time	97	[keyPress, keyTime, keyID] = KbCheck(-1);	PSYCHTOOLBOX_TIME	83ade79574081031
session#82d30924a2e0/Show_movie.m	kbqueue	99	KbQueueWait	SCANNER_TRIGGER	83ade79574081031
session#82d30924a2e0/Show_movie.m	kbcheck	103	[keyIsDown,secs,keyCode]=KbCheck;	SCANNER_TRIGGER	83ade79574081031
session#82d30924a2e0/Show_movie.m	playmovie	107	Screen('PlayMovie', movie, 0);	FRAME_TIMING	83ade79574081031
session#82d30924a2e0/Show_movie.m	frame	116	% Wait for next movie frame, retrieve texture handle to it	FRAME_TIMING	83ade79574081031
session#82d30924a2e0/Show_movie.m	getmovieimage	118	tex = Screen('GetMovieImage', win, movie);	FRAME_TIMING	83ade79574081031
session#82d30924a2e0/Show_movie.m	screen('flip'	138	Screen('Flip', win);	PSYCHTOOLBOX_TIME	83ade79574081031
session#82d30924a2e0/Show_movie.m	playmovie	146	Screen('PlayMovie', movie, 0);	FRAME_TIMING	83ade79574081031
session#82d30924a2e0/main.m	sync	4	Screen('Preference', 'SkipSyncTests', 0);	SCANNER_TRIGGER	1aab337d9f67bc7f
session#82d30924a2e0/main.m	results	16	%% check FOV script results that you have written down	SAVE_OPERATION	1aab337d9f67bc7f
session#82d30924a2e0/main.m	results	23	change_eye = 0; % you can change this parameter based on the results of FOV script	SAVE_OPERATION	1aab337d9f67bc7f
session#82d30924a2e0/main.m	trigger	26	% press t to start --> this comes from the trigger box	SCANNER_TRIGGER	1aab337d9f67bc7f
session#82d30924a2e0/main.m	results	40	"'\n Have you deleted the content of the Folder called ""Results""? ' ..."	SAVE_OPERATION	1aab337d9f67bc7f
session#82d30924a2e0/main.m	results	76	resultdir = 'Results';	SAVE_OPERATION	1aab337d9f67bc7f
session#82d30924a2e0/main.m	save(	80	save([resultdir '/' (t) '_Subject_is_' comment '_selected_run_id_' num2str(run_id)])	SAVE_OPERATION	1aab337d9f67bc7f
session#e2d875ef9618/Show_movie.m	sync	11	Screen('Preference', 'SkipSyncTests', 1);	SCANNER_TRIGGER	83ade79574081031
session#e2d875ef9618/Show_movie.m	screen('flip'	75	Screen('Flip', win);	PSYCHTOOLBOX_TIME	83ade79574081031
session#e2d875ef9618/Show_movie.m	forp	79	psychtoolbox_forp_id=0;	SCANNER_TRIGGER	83ade79574081031
session#e2d875ef9618/Show_movie.m	playmovie	88	Screen('PlayMovie', movie, 1);	FRAME_TIMING	83ade79574081031
session#e2d875ef9618/Show_movie.m	trigger	93	% only look for t as trigger	SCANNER_TRIGGER	83ade79574081031
session#e2d875ef9618/Show_movie.m	forp	94	KbQueueCreate(psychtoolbox_forp_id, keysOfInterest);	SCANNER_TRIGGER	83ade79574081031
session#e2d875ef9618/Show_movie.m	kbqueue	94	KbQueueCreate(psychtoolbox_forp_id, keysOfInterest);	SCANNER_TRIGGER	83ade79574081031
session#e2d875ef9618/Show_movie.m	kbqueue	95	KbQueueStart;	SCANNER_TRIGGER	83ade79574081031
session#e2d875ef9618/Show_movie.m	kbcheck	97	[keyPress, keyTime, keyID] = KbCheck(-1);	SCANNER_TRIGGER	83ade79574081031
session#e2d875ef9618/Show_movie.m	time	97	[keyPress, keyTime, keyID] = KbCheck(-1);	PSYCHTOOLBOX_TIME	83ade79574081031
session#e2d875ef9618/Show_movie.m	kbqueue	99	KbQueueWait	SCANNER_TRIGGER	83ade79574081031
session#e2d875ef9618/Show_movie.m	kbcheck	103	[keyIsDown,secs,keyCode]=KbCheck;	SCANNER_TRIGGER	83ade79574081031
session#e2d875ef9618/Show_movie.m	playmovie	107	Screen('PlayMovie', movie, 0);	FRAME_TIMING	83ade79574081031
session#e2d875ef9618/Show_movie.m	frame	116	% Wait for next movie frame, retrieve texture handle to it	FRAME_TIMING	83ade79574081031
session#e2d875ef9618/Show_movie.m	getmovieimage	118	tex = Screen('GetMovieImage', win, movie);	FRAME_TIMING	83ade79574081031
session#e2d875ef9618/Show_movie.m	screen('flip'	138	Screen('Flip', win);	PSYCHTOOLBOX_TIME	83ade79574081031
session#e2d875ef9618/Show_movie.m	playmovie	146	Screen('PlayMovie', movie, 0);	FRAME_TIMING	83ade79574081031
session#e2d875ef9618/main.m	sync	4	Screen('Preference', 'SkipSyncTests', 0);	SCANNER_TRIGGER	1aab337d9f67bc7f
session#e2d875ef9618/main.m	results	16	%% check FOV script results that you have written down	SAVE_OPERATION	1aab337d9f67bc7f
session#e2d875ef9618/main.m	results	23	change_eye = 0; % you can change this parameter based on the results of FOV script	SAVE_OPERATION	1aab337d9f67bc7f
session#e2d875ef9618/main.m	trigger	26	% press t to start --> this comes from the trigger box	SCANNER_TRIGGER	1aab337d9f67bc7f
session#e2d875ef9618/main.m	results	40	"'\n Have you deleted the content of the Folder called ""Results""? ' ..."	SAVE_OPERATION	1aab337d9f67bc7f
session#e2d875ef9618/main.m	results	76	resultdir = 'Results';	SAVE_OPERATION	1aab337d9f67bc7f
session#e2d875ef9618/main.m	save(	80	save([resultdir '/' (t) '_Subject_is_' comment '_selected_run_id_' num2str(run_id)])	SAVE_OPERATION	1aab337d9f67bc7f
session#297ca51a4f51/Show_movie.m	sync	11	Screen('Preference', 'SkipSyncTests', 1);	SCANNER_TRIGGER	83ade79574081031
session#297ca51a4f51/Show_movie.m	screen('flip'	75	Screen('Flip', win);	PSYCHTOOLBOX_TIME	83ade79574081031
session#297ca51a4f51/Show_movie.m	forp	79	psychtoolbox_forp_id=0;	SCANNER_TRIGGER	83ade79574081031
session#297ca51a4f51/Show_movie.m	playmovie	88	Screen('PlayMovie', movie, 1);	FRAME_TIMING	83ade79574081031
session#297ca51a4f51/Show_movie.m	trigger	93	% only look for t as trigger	SCANNER_TRIGGER	83ade79574081031
session#297ca51a4f51/Show_movie.m	forp	94	KbQueueCreate(psychtoolbox_forp_id, keysOfInterest);	SCANNER_TRIGGER	83ade79574081031
session#297ca51a4f51/Show_movie.m	kbqueue	94	KbQueueCreate(psychtoolbox_forp_id, keysOfInterest);	SCANNER_TRIGGER	83ade79574081031
session#297ca51a4f51/Show_movie.m	kbqueue	95	KbQueueStart;	SCANNER_TRIGGER	83ade79574081031
session#297ca51a4f51/Show_movie.m	kbcheck	97	[keyPress, keyTime, keyID] = KbCheck(-1);	SCANNER_TRIGGER	83ade79574081031
session#297ca51a4f51/Show_movie.m	time	97	[keyPress, keyTime, keyID] = KbCheck(-1);	PSYCHTOOLBOX_TIME	83ade79574081031
session#297ca51a4f51/Show_movie.m	kbqueue	99	KbQueueWait	SCANNER_TRIGGER	83ade79574081031
session#297ca51a4f51/Show_movie.m	kbcheck	103	[keyIsDown,secs,keyCode]=KbCheck;	SCANNER_TRIGGER	83ade79574081031
session#297ca51a4f51/Show_movie.m	playmovie	107	Screen('PlayMovie', movie, 0);	FRAME_TIMING	83ade79574081031
session#297ca51a4f51/Show_movie.m	frame	116	% Wait for next movie frame, retrieve texture handle to it	FRAME_TIMING	83ade79574081031
session#297ca51a4f51/Show_movie.m	getmovieimage	118	tex = Screen('GetMovieImage', win, movie);	FRAME_TIMING	83ade79574081031
session#297ca51a4f51/Show_movie.m	screen('flip'	138	Screen('Flip', win);	PSYCHTOOLBOX_TIME	83ade79574081031
session#297ca51a4f51/Show_movie.m	playmovie	146	Screen('PlayMovie', movie, 0);	FRAME_TIMING	83ade79574081031
session#297ca51a4f51/main.m	sync	4	Screen('Preference', 'SkipSyncTests', 0);	SCANNER_TRIGGER	1aab337d9f67bc7f
session#297ca51a4f51/main.m	results	16	%% check FOV script results that you have written down	SAVE_OPERATION	1aab337d9f67bc7f
session#297ca51a4f51/main.m	results	23	change_eye = 0; % you can change this parameter based on the results of FOV script	SAVE_OPERATION	1aab337d9f67bc7f
session#297ca51a4f51/main.m	trigger	26	% press t to start --> this comes from the trigger box	SCANNER_TRIGGER	1aab337d9f67bc7f
session#297ca51a4f51/main.m	results	40	"'\n Have you deleted the content of the Folder called ""Results""? ' ..."	SAVE_OPERATION	1aab337d9f67bc7f
session#297ca51a4f51/main.m	results	76	resultdir = 'Results';	SAVE_OPERATION	1aab337d9f67bc7f
session#297ca51a4f51/main.m	save(	80	save([resultdir '/' (t) '_Subject_is_' comment '_selected_run_id_' num2str(run_id)])	SAVE_OPERATION	1aab337d9f67bc7f
session#c2d17617e234/Show_movie.m	sync	11	Screen('Preference', 'SkipSyncTests', 1);	SCANNER_TRIGGER	83ade79574081031
session#c2d17617e234/Show_movie.m	screen('flip'	75	Screen('Flip', win);	PSYCHTOOLBOX_TIME	83ade79574081031
session#c2d17617e234/Show_movie.m	forp	79	psychtoolbox_forp_id=0;	SCANNER_TRIGGER	83ade79574081031
session#c2d17617e234/Show_movie.m	playmovie	88	Screen('PlayMovie', movie, 1);	FRAME_TIMING	83ade79574081031
session#c2d17617e234/Show_movie.m	trigger	93	% only look for t as trigger	SCANNER_TRIGGER	83ade79574081031
session#c2d17617e234/Show_movie.m	forp	94	KbQueueCreate(psychtoolbox_forp_id, keysOfInterest);	SCANNER_TRIGGER	83ade79574081031
session#c2d17617e234/Show_movie.m	kbqueue	94	KbQueueCreate(psychtoolbox_forp_id, keysOfInterest);	SCANNER_TRIGGER	83ade79574081031
session#c2d17617e234/Show_movie.m	kbqueue	95	KbQueueStart;	SCANNER_TRIGGER	83ade79574081031
session#c2d17617e234/Show_movie.m	kbcheck	97	[keyPress, keyTime, keyID] = KbCheck(-1);	SCANNER_TRIGGER	83ade79574081031
session#c2d17617e234/Show_movie.m	time	97	[keyPress, keyTime, keyID] = KbCheck(-1);	PSYCHTOOLBOX_TIME	83ade79574081031
session#c2d17617e234/Show_movie.m	kbqueue	99	KbQueueWait	SCANNER_TRIGGER	83ade79574081031
session#c2d17617e234/Show_movie.m	kbcheck	103	[keyIsDown,secs,keyCode]=KbCheck;	SCANNER_TRIGGER	83ade79574081031
session#c2d17617e234/Show_movie.m	playmovie	107	Screen('PlayMovie', movie, 0);	FRAME_TIMING	83ade79574081031
session#c2d17617e234/Show_movie.m	frame	116	% Wait for next movie frame, retrieve texture handle to it	FRAME_TIMING	83ade79574081031
session#c2d17617e234/Show_movie.m	getmovieimage	118	tex = Screen('GetMovieImage', win, movie);	FRAME_TIMING	83ade79574081031
session#c2d17617e234/Show_movie.m	screen('flip'	138	Screen('Flip', win);	PSYCHTOOLBOX_TIME	83ade79574081031
session#c2d17617e234/Show_movie.m	playmovie	146	Screen('PlayMovie', movie, 0);	FRAME_TIMING	83ade79574081031
session#c2d17617e234/main.m	sync	4	Screen('Preference', 'SkipSyncTests', 0);	SCANNER_TRIGGER	1aab337d9f67bc7f
session#c2d17617e234/main.m	results	16	%% check FOV script results that you have written down	SAVE_OPERATION	1aab337d9f67bc7f
session#c2d17617e234/main.m	results	23	change_eye = 0; % you can change this parameter based on the results of FOV script	SAVE_OPERATION	1aab337d9f67bc7f
session#c2d17617e234/main.m	trigger	26	% press t to start --> this comes from the trigger box	SCANNER_TRIGGER	1aab337d9f67bc7f
session#c2d17617e234/main.m	results	40	"'\n Have you deleted the content of the Folder called ""Results""? ' ..."	SAVE_OPERATION	1aab337d9f67bc7f
session#c2d17617e234/main.m	results	76	resultdir = 'Results';	SAVE_OPERATION	1aab337d9f67bc7f
session#c2d17617e234/main.m	save(	80	save([resultdir '/' (t) '_Subject_is_' comment '_selected_run_id_' num2str(run_id)])	SAVE_OPERATION	1aab337d9f67bc7f
session#cfee925bc0d1/Show_movie.m	sync	11	Screen('Preference', 'SkipSyncTests', 1);	SCANNER_TRIGGER	83ade79574081031
session#cfee925bc0d1/Show_movie.m	screen('flip'	75	Screen('Flip', win);	PSYCHTOOLBOX_TIME	83ade79574081031
session#cfee925bc0d1/Show_movie.m	forp	79	psychtoolbox_forp_id=0;	SCANNER_TRIGGER	83ade79574081031
session#cfee925bc0d1/Show_movie.m	playmovie	88	Screen('PlayMovie', movie, 1);	FRAME_TIMING	83ade79574081031
session#cfee925bc0d1/Show_movie.m	trigger	93	% only look for t as trigger	SCANNER_TRIGGER	83ade79574081031
session#cfee925bc0d1/Show_movie.m	forp	94	KbQueueCreate(psychtoolbox_forp_id, keysOfInterest);	SCANNER_TRIGGER	83ade79574081031
session#cfee925bc0d1/Show_movie.m	kbqueue	94	KbQueueCreate(psychtoolbox_forp_id, keysOfInterest);	SCANNER_TRIGGER	83ade79574081031
session#cfee925bc0d1/Show_movie.m	kbqueue	95	KbQueueStart;	SCANNER_TRIGGER	83ade79574081031
session#cfee925bc0d1/Show_movie.m	kbcheck	97	[keyPress, keyTime, keyID] = KbCheck(-1);	SCANNER_TRIGGER	83ade79574081031
session#cfee925bc0d1/Show_movie.m	time	97	[keyPress, keyTime, keyID] = KbCheck(-1);	PSYCHTOOLBOX_TIME	83ade79574081031
session#cfee925bc0d1/Show_movie.m	kbqueue	99	KbQueueWait	SCANNER_TRIGGER	83ade79574081031
session#cfee925bc0d1/Show_movie.m	kbcheck	103	[keyIsDown,secs,keyCode]=KbCheck;	SCANNER_TRIGGER	83ade79574081031
session#cfee925bc0d1/Show_movie.m	playmovie	107	Screen('PlayMovie', movie, 0);	FRAME_TIMING	83ade79574081031
session#cfee925bc0d1/Show_movie.m	frame	116	% Wait for next movie frame, retrieve texture handle to it	FRAME_TIMING	83ade79574081031
session#cfee925bc0d1/Show_movie.m	getmovieimage	118	tex = Screen('GetMovieImage', win, movie);	FRAME_TIMING	83ade79574081031
session#cfee925bc0d1/Show_movie.m	screen('flip'	138	Screen('Flip', win);	PSYCHTOOLBOX_TIME	83ade79574081031
session#cfee925bc0d1/Show_movie.m	playmovie	146	Screen('PlayMovie', movie, 0);	FRAME_TIMING	83ade79574081031
session#cfee925bc0d1/main.m	sync	4	Screen('Preference', 'SkipSyncTests', 0);	SCANNER_TRIGGER	1aab337d9f67bc7f
session#cfee925bc0d1/main.m	results	16	%% check FOV script results that you have written down	SAVE_OPERATION	1aab337d9f67bc7f
session#cfee925bc0d1/main.m	results	23	change_eye = 0; % you can change this parameter based on the results of FOV script	SAVE_OPERATION	1aab337d9f67bc7f
session#cfee925bc0d1/main.m	trigger	26	% press t to start --> this comes from the trigger box	SCANNER_TRIGGER	1aab337d9f67bc7f
session#cfee925bc0d1/main.m	results	40	"'\n Have you deleted the content of the Folder called ""Results""? ' ..."	SAVE_OPERATION	1aab337d9f67bc7f
session#cfee925bc0d1/main.m	results	76	resultdir = 'Results';	SAVE_OPERATION	1aab337d9f67bc7f
session#cfee925bc0d1/main.m	save(	80	save([resultdir '/' (t) '_Subject_is_' comment '_selected_run_id_' num2str(run_id)])	SAVE_OPERATION	1aab337d9f67bc7f
