variable_name	source_file	documentation_status	has_description	has_unit	has_possible_values	provenance_note
participant_id	bids/participants.tsv	Already documented	yes	no	yes	participants.tsv
cohort	bids/participants.tsv	Already documented	yes	no	yes	participants.tsv
sex	bids/participants.tsv	Already documented	yes	no	yes	participants.tsv
onset	bids/sub-001/ses-01/func/sub-001_ses-01_task-fmri_run-01_events.tsv	Missing description; Missing unit	no	no	yes	Derived metric / events reconstruction
duration	bids/sub-001/ses-01/func/sub-001_ses-01_task-fmri_run-01_events.tsv	Missing description; Missing unit	no	no	yes	Derived metric / events reconstruction
trial_type	bids/sub-001/ses-01/func/sub-001_ses-01_task-fmri_run-01_events.tsv	Missing description	no	no	yes	Derived metric / events reconstruction
onset	bids/sub-001/ses-01/func/sub-001_ses-01_task-fmri_run-03_events.tsv	Missing description; Missing unit	no	no	yes	Derived metric / events reconstruction
duration	bids/sub-001/ses-01/func/sub-001_ses-01_task-fmri_run-03_events.tsv	Missing description; Missing unit	no	no	yes	Derived metric / events reconstruction
trial_type	bids/sub-001/ses-01/func/sub-001_ses-01_task-fmri_run-03_events.tsv	Missing description	no	no	yes	Derived metric / events reconstruction
onset	bids/sub-001/ses-01/func/sub-001_ses-01_task-fmri_run-05_events.tsv	Missing description; Missing unit	no	no	yes	Derived metric / events reconstruction
duration	bids/sub-001/ses-01/func/sub-001_ses-01_task-fmri_run-05_events.tsv	Missing description; Missing unit	no	no	yes	Derived metric / events reconstruction
trial_type	bids/sub-001/ses-01/func/sub-001_ses-01_task-fmri_run-05_events.tsv	Missing description	no	no	yes	Derived metric / events reconstruction
onset	bids/sub-001/ses-01/func/sub-001_ses-01_task-fmri_run-07_events.tsv	Missing description; Missing unit	no	no	yes	Derived metric / events reconstruction
duration	bids/sub-001/ses-01/func/sub-001_ses-01_task-fmri_run-07_events.tsv	Missing description; Missing unit	no	no	yes	Derived metric / events reconstruction
trial_type	bids/sub-001/ses-01/func/sub-001_ses-01_task-fmri_run-07_events.tsv	Missing description	no	no	yes	Derived metric / events reconstruction
onset	bids/sub-001/ses-01/func/sub-001_ses-01_task-movie_run-01_events.tsv	Missing description; Missing unit	no	no	yes	Derived metric / events reconstruction
duration	bids/sub-001/ses-01/func/sub-001_ses-01_task-movie_run-01_events.tsv	Missing description; Missing unit	no	no	yes	Derived metric / events reconstruction
trial_type	bids/sub-001/ses-01/func/sub-001_ses-01_task-movie_run-01_events.tsv	Missing description	no	no	yes	Derived metric / events reconstruction
stim_file	bids/sub-001/ses-01/func/sub-001_ses-01_task-movie_run-01_events.tsv	Missing description	no	no	yes	Derived metric / events reconstruction
eye	bids/sub-001/ses-01/func/sub-001_ses-01_task-movie_run-01_events.tsv	Missing description	no	no	yes	Derived metric / events reconstruction
movie_label	bids/sub-001/ses-01/func/sub-001_ses-01_task-movie_run-01_events.tsv	Missing description	no	no	yes	Derived metric / events reconstruction
matlab_run_id	bids/sub-001/ses-01/func/sub-001_ses-01_task-movie_run-01_events.tsv	Missing description; Missing unit	no	no	yes	Derived metric / events reconstruction
onset	bids/sub-001/ses-01/func/sub-001_ses-01_task-movie_run-03_events.tsv	Missing description; Missing unit	no	no	yes	Derived metric / events reconstruction
duration	bids/sub-001/ses-01/func/sub-001_ses-01_task-movie_run-03_events.tsv	Missing description; Missing unit	no	no	yes	Derived metric / events reconstruction
trial_type	bids/sub-001/ses-01/func/sub-001_ses-01_task-movie_run-03_events.tsv	Missing description	no	no	yes	Derived metric / events reconstruction
stim_file	bids/sub-001/ses-01/func/sub-001_ses-01_task-movie_run-03_events.tsv	Missing description	no	no	yes	Derived metric / events reconstruction
eye	bids/sub-001/ses-01/func/sub-001_ses-01_task-movie_run-03_events.tsv	Missing description	no	no	yes	Derived metric / events reconstruction
movie_label	bids/sub-001/ses-01/func/sub-001_ses-01_task-movie_run-03_events.tsv	Missing description	no	no	yes	Derived metric / events reconstruction
matlab_run_id	bids/sub-001/ses-01/func/sub-001_ses-01_task-movie_run-03_events.tsv	Missing description; Missing unit	no	no	yes	Derived metric / events reconstruction
onset	bids/sub-001/ses-01/func/sub-001_ses-01_task-movie_run-05_events.tsv	Missing description; Missing unit	no	no	yes	Derived metric / events reconstruction
duration	bids/sub-001/ses-01/func/sub-001_ses-01_task-movie_run-05_events.tsv	Missing description; Missing unit	no	no	yes	Derived metric / events reconstruction
trial_type	bids/sub-001/ses-01/func/sub-001_ses-01_task-movie_run-05_events.tsv	Missing description	no	no	yes	Derived metric / events reconstruction
stim_file	bids/sub-001/ses-01/func/sub-001_ses-01_task-movie_run-05_events.tsv	Missing description	no	no	yes	Derived metric / events reconstruction
eye	bids/sub-001/ses-01/func/sub-001_ses-01_task-movie_run-05_events.tsv	Missing description	no	no	yes	Derived metric / events reconstruction
movie_label	bids/sub-001/ses-01/func/sub-001_ses-01_task-movie_run-05_events.tsv	Missing description	no	no	yes	Derived metric / events reconstruction
matlab_run_id	bids/sub-001/ses-01/func/sub-001_ses-01_task-movie_run-05_events.tsv	Missing description; Missing unit	no	no	yes	Derived metric / events reconstruction
onset	bids/sub-001/ses-01/func/sub-001_ses-01_task-movie_run-07_events.tsv	Missing description; Missing unit	no	no	yes	Derived metric / events reconstruction
duration	bids/sub-001/ses-01/func/sub-001_ses-01_task-movie_run-07_events.tsv	Missing description; Missing unit	no	no	yes	Derived metric / events reconstruction
trial_type	bids/sub-001/ses-01/func/sub-001_ses-01_task-movie_run-07_events.tsv	Missing description	no	no	yes	Derived metric / events reconstruction
stim_file	bids/sub-001/ses-01/func/sub-001_ses-01_task-movie_run-07_events.tsv	Missing description	no	no	yes	Derived metric / events reconstruction
eye	bids/sub-001/ses-01/func/sub-001_ses-01_task-movie_run-07_events.tsv	Missing description	no	no	yes	Derived metric / events reconstruction
movie_label	bids/sub-001/ses-01/func/sub-001_ses-01_task-movie_run-07_events.tsv	Missing description	no	no	yes	Derived metric / events reconstruction
matlab_run_id	bids/sub-001/ses-01/func/sub-001_ses-01_task-movie_run-07_events.tsv	Missing description; Missing unit	no	no	yes	Derived metric / events reconstruction
onset	bids/sub-001/ses-02/func/sub-001_ses-02_task-fmri_run-01_events.tsv	Missing description; Missing unit	no	no	yes	Derived metric / events reconstruction
duration	bids/sub-001/ses-02/func/sub-001_ses-02_task-fmri_run-01_events.tsv	Missing description; Missing unit	no	no	yes	Derived metric / events reconstruction
trial_type	bids/sub-001/ses-02/func/sub-001_ses-02_task-fmri_run-01_events.tsv	Missing description	no	no	yes	Derived metric / events reconstruction
onset	bids/sub-001/ses-02/func/sub-001_ses-02_task-fmri_run-03_events.tsv	Missing description; Missing unit	no	no	yes	Derived metric / events reconstruction
duration	bids/sub-001/ses-02/func/sub-001_ses-02_task-fmri_run-03_events.tsv	Missing description; Missing unit	no	no	yes	Derived metric / events reconstruction
trial_type	bids/sub-001/ses-02/func/sub-001_ses-02_task-fmri_run-03_events.tsv	Missing description	no	no	yes	Derived metric / events reconstruction
onset	bids/sub-001/ses-02/func/sub-001_ses-02_task-fmri_run-05_events.tsv	Missing description; Missing unit	no	no	yes	Derived metric / events reconstruction
duration	bids/sub-001/ses-02/func/sub-001_ses-02_task-fmri_run-05_events.tsv	Missing description; Missing unit	no	no	yes	Derived metric / events reconstruction
trial_type	bids/sub-001/ses-02/func/sub-001_ses-02_task-fmri_run-05_events.tsv	Missing description	no	no	yes	Derived metric / events reconstruction
onset	bids/sub-001/ses-02/func/sub-001_ses-02_task-fmri_run-07_events.tsv	Missing description; Missing unit	no	no	yes	Derived metric / events reconstruction
duration	bids/sub-001/ses-02/func/sub-001_ses-02_task-fmri_run-07_events.tsv	Missing description; Missing unit	no	no	yes	Derived metric / events reconstruction
trial_type	bids/sub-001/ses-02/func/sub-001_ses-02_task-fmri_run-07_events.tsv	Missing description	no	no	yes	Derived metric / events reconstruction
onset	bids/sub-001/ses-02/func/sub-001_ses-02_task-movie_run-01_events.tsv	Missing description; Missing unit	no	no	yes	Derived metric / events reconstruction
duration	bids/sub-001/ses-02/func/sub-001_ses-02_task-movie_run-01_events.tsv	Missing description; Missing unit	no	no	yes	Derived metric / events reconstruction
trial_type	bids/sub-001/ses-02/func/sub-001_ses-02_task-movie_run-01_events.tsv	Missing description	no	no	yes	Derived metric / events reconstruction
stim_file	bids/sub-001/ses-02/func/sub-001_ses-02_task-movie_run-01_events.tsv	Missing description	no	no	yes	Derived metric / events reconstruction
eye	bids/sub-001/ses-02/func/sub-001_ses-02_task-movie_run-01_events.tsv	Missing description	no	no	yes	Derived metric / events reconstruction
movie_label	bids/sub-001/ses-02/func/sub-001_ses-02_task-movie_run-01_events.tsv	Missing description	no	no	yes	Derived metric / events reconstruction
matlab_run_id	bids/sub-001/ses-02/func/sub-001_ses-02_task-movie_run-01_events.tsv	Missing description; Missing unit	no	no	yes	Derived metric / events reconstruction
onset	bids/sub-001/ses-02/func/sub-001_ses-02_task-movie_run-03_events.tsv	Missing description; Missing unit	no	no	yes	Derived metric / events reconstruction
duration	bids/sub-001/ses-02/func/sub-001_ses-02_task-movie_run-03_events.tsv	Missing description; Missing unit	no	no	yes	Derived metric / events reconstruction
trial_type	bids/sub-001/ses-02/func/sub-001_ses-02_task-movie_run-03_events.tsv	Missing description	no	no	yes	Derived metric / events reconstruction
stim_file	bids/sub-001/ses-02/func/sub-001_ses-02_task-movie_run-03_events.tsv	Missing description	no	no	yes	Derived metric / events reconstruction
eye	bids/sub-001/ses-02/func/sub-001_ses-02_task-movie_run-03_events.tsv	Missing description	no	no	yes	Derived metric / events reconstruction
movie_label	bids/sub-001/ses-02/func/sub-001_ses-02_task-movie_run-03_events.tsv	Missing description	no	no	yes	Derived metric / events reconstruction
matlab_run_id	bids/sub-001/ses-02/func/sub-001_ses-02_task-movie_run-03_events.tsv	Missing description; Missing unit	no	no	yes	Derived metric / events reconstruction
onset	bids/sub-001/ses-02/func/sub-001_ses-02_task-movie_run-05_events.tsv	Missing description; Missing unit	no	no	yes	Derived metric / events reconstruction
duration	bids/sub-001/ses-02/func/sub-001_ses-02_task-movie_run-05_events.tsv	Missing description; Missing unit	no	no	yes	Derived metric / events reconstruction
trial_type	bids/sub-001/ses-02/func/sub-001_ses-02_task-movie_run-05_events.tsv	Missing description	no	no	yes	Derived metric / events reconstruction
stim_file	bids/sub-001/ses-02/func/sub-001_ses-02_task-movie_run-05_events.tsv	Missing description	no	no	yes	Derived metric / events reconstruction
eye	bids/sub-001/ses-02/func/sub-001_ses-02_task-movie_run-05_events.tsv	Missing description	no	no	yes	Derived metric / events reconstruction
movie_label	bids/sub-001/ses-02/func/sub-001_ses-02_task-movie_run-05_events.tsv	Missing description	no	no	yes	Derived metric / events reconstruction
matlab_run_id	bids/sub-001/ses-02/func/sub-001_ses-02_task-movie_run-05_events.tsv	Missing description; Missing unit	no	no	yes	Derived metric / events reconstruction
onset	bids/sub-001/ses-02/func/sub-001_ses-02_task-movie_run-07_events.tsv	Missing description; Missing unit	no	no	yes	Derived metric / events reconstruction
duration	bids/sub-001/ses-02/func/sub-001_ses-02_task-movie_run-07_events.tsv	Missing description; Missing unit	no	no	yes	Derived metric / events reconstruction
trial_type	bids/sub-001/ses-02/func/sub-001_ses-02_task-movie_run-07_events.tsv	Missing description	no	no	yes	Derived metric / events reconstruction
stim_file	bids/sub-001/ses-02/func/sub-001_ses-02_task-movie_run-07_events.tsv	Missing description	no	no	yes	Derived metric / events reconstruction
eye	bids/sub-001/ses-02/func/sub-001_ses-02_task-movie_run-07_events.tsv	Missing description	no	no	yes	Derived metric / events reconstruction
movie_label	bids/sub-001/ses-02/func/sub-001_ses-02_task-movie_run-07_events.tsv	Missing description	no	no	yes	Derived metric / events reconstruction
matlab_run_id	bids/sub-001/ses-02/func/sub-001_ses-02_task-movie_run-07_events.tsv	Missing description; Missing unit	no	no	yes	Derived metric / events reconstruction
onset	bids/sub-002/ses-01/func/sub-002_ses-01_task-fmri_run-01_events.tsv	Missing description; Missing unit	no	no	yes	Derived metric / events reconstruction
duration	bids/sub-002/ses-01/func/sub-002_ses-01_task-fmri_run-01_events.tsv	Missing description; Missing unit	no	no	yes	Derived metric / events reconstruction
trial_type	bids/sub-002/ses-01/func/sub-002_ses-01_task-fmri_run-01_events.tsv	Missing description	no	no	yes	Derived metric / events reconstruction
onset	bids/sub-002/ses-01/func/sub-002_ses-01_task-fmri_run-03_events.tsv	Missing description; Missing unit	no	no	yes	Derived metric / events reconstruction
duration	bids/sub-002/ses-01/func/sub-002_ses-01_task-fmri_run-03_events.tsv	Missing description; Missing unit	no	no	yes	Derived metric / events reconstruction
trial_type	bids/sub-002/ses-01/func/sub-002_ses-01_task-fmri_run-03_events.tsv	Missing description	no	no	yes	Derived metric / events reconstruction
onset	bids/sub-002/ses-01/func/sub-002_ses-01_task-fmri_run-05_events.tsv	Missing description; Missing unit	no	no	yes	Derived metric / events reconstruction
duration	bids/sub-002/ses-01/func/sub-002_ses-01_task-fmri_run-05_events.tsv	Missing description; Missing unit	no	no	yes	Derived metric / events reconstruction
trial_type	bids/sub-002/ses-01/func/sub-002_ses-01_task-fmri_run-05_events.tsv	Missing description	no	no	yes	Derived metric / events reconstruction
onset	bids/sub-002/ses-01/func/sub-002_ses-01_task-fmri_run-09_events.tsv	Missing description; Missing unit	no	no	yes	Derived metric / events reconstruction
duration	bids/sub-002/ses-01/func/sub-002_ses-01_task-fmri_run-09_events.tsv	Missing description; Missing unit	no	no	yes	Derived metric / events reconstruction
trial_type	bids/sub-002/ses-01/func/sub-002_ses-01_task-fmri_run-09_events.tsv	Missing description	no	no	yes	Derived metric / events reconstruction
onset	bids/sub-002/ses-01/func/sub-002_ses-01_task-movie_run-01_events.tsv	Missing description; Missing unit	no	no	yes	Derived metric / events reconstruction
duration	bids/sub-002/ses-01/func/sub-002_ses-01_task-movie_run-01_events.tsv	Missing description; Missing unit	no	no	yes	Derived metric / events reconstruction
trial_type	bids/sub-002/ses-01/func/sub-002_ses-01_task-movie_run-01_events.tsv	Missing description	no	no	yes	Derived metric / events reconstruction
stim_file	bids/sub-002/ses-01/func/sub-002_ses-01_task-movie_run-01_events.tsv	Missing description	no	no	yes	Derived metric / events reconstruction
eye	bids/sub-002/ses-01/func/sub-002_ses-01_task-movie_run-01_events.tsv	Missing description	no	no	yes	Derived metric / events reconstruction
movie_label	bids/sub-002/ses-01/func/sub-002_ses-01_task-movie_run-01_events.tsv	Missing description	no	no	yes	Derived metric / events reconstruction
matlab_run_id	bids/sub-002/ses-01/func/sub-002_ses-01_task-movie_run-01_events.tsv	Missing description; Missing unit	no	no	yes	Derived metric / events reconstruction
onset	bids/sub-002/ses-01/func/sub-002_ses-01_task-movie_run-03_events.tsv	Missing description; Missing unit	no	no	yes	Derived metric / events reconstruction
duration	bids/sub-002/ses-01/func/sub-002_ses-01_task-movie_run-03_events.tsv	Missing description; Missing unit	no	no	yes	Derived metric / events reconstruction
trial_type	bids/sub-002/ses-01/func/sub-002_ses-01_task-movie_run-03_events.tsv	Missing description	no	no	yes	Derived metric / events reconstruction
stim_file	bids/sub-002/ses-01/func/sub-002_ses-01_task-movie_run-03_events.tsv	Missing description	no	no	yes	Derived metric / events reconstruction
eye	bids/sub-002/ses-01/func/sub-002_ses-01_task-movie_run-03_events.tsv	Missing description	no	no	yes	Derived metric / events reconstruction
movie_label	bids/sub-002/ses-01/func/sub-002_ses-01_task-movie_run-03_events.tsv	Missing description	no	no	yes	Derived metric / events reconstruction
matlab_run_id	bids/sub-002/ses-01/func/sub-002_ses-01_task-movie_run-03_events.tsv	Missing description; Missing unit	no	no	yes	Derived metric / events reconstruction
onset	bids/sub-002/ses-01/func/sub-002_ses-01_task-movie_run-05_events.tsv	Missing description; Missing unit	no	no	yes	Derived metric / events reconstruction
duration	bids/sub-002/ses-01/func/sub-002_ses-01_task-movie_run-05_events.tsv	Missing description; Missing unit	no	no	yes	Derived metric / events reconstruction
trial_type	bids/sub-002/ses-01/func/sub-002_ses-01_task-movie_run-05_events.tsv	Missing description	no	no	yes	Derived metric / events reconstruction
stim_file	bids/sub-002/ses-01/func/sub-002_ses-01_task-movie_run-05_events.tsv	Missing description	no	no	yes	Derived metric / events reconstruction
eye	bids/sub-002/ses-01/func/sub-002_ses-01_task-movie_run-05_events.tsv	Missing description	no	no	yes	Derived metric / events reconstruction
movie_label	bids/sub-002/ses-01/func/sub-002_ses-01_task-movie_run-05_events.tsv	Missing description	no	no	yes	Derived metric / events reconstruction
matlab_run_id	bids/sub-002/ses-01/func/sub-002_ses-01_task-movie_run-05_events.tsv	Missing description; Missing unit	no	no	yes	Derived metric / events reconstruction
onset	bids/sub-002/ses-01/func/sub-002_ses-01_task-movie_run-07_events.tsv	Missing description; Missing unit	no	no	yes	Derived metric / events reconstruction
duration	bids/sub-002/ses-01/func/sub-002_ses-01_task-movie_run-07_events.tsv	Missing description; Missing unit	no	no	yes	Derived metric / events reconstruction
trial_type	bids/sub-002/ses-01/func/sub-002_ses-01_task-movie_run-07_events.tsv	Missing description	no	no	yes	Derived metric / events reconstruction
stim_file	bids/sub-002/ses-01/func/sub-002_ses-01_task-movie_run-07_events.tsv	Missing description	no	no	yes	Derived metric / events reconstruction
eye	bids/sub-002/ses-01/func/sub-002_ses-01_task-movie_run-07_events.tsv	Missing description	no	no	yes	Derived metric / events reconstruction
movie_label	bids/sub-002/ses-01/func/sub-002_ses-01_task-movie_run-07_events.tsv	Missing description	no	no	yes	Derived metric / events reconstruction
matlab_run_id	bids/sub-002/ses-01/func/sub-002_ses-01_task-movie_run-07_events.tsv	Missing description; Missing unit	no	no	yes	Derived metric / events reconstruction
onset	bids/sub-002/ses-02/func/sub-002_ses-02_task-fmri_run-01_events.tsv	Missing description; Missing unit	no	no	yes	Derived metric / events reconstruction
duration	bids/sub-002/ses-02/func/sub-002_ses-02_task-fmri_run-01_events.tsv	Missing description; Missing unit	no	no	yes	Derived metric / events reconstruction
trial_type	bids/sub-002/ses-02/func/sub-002_ses-02_task-fmri_run-01_events.tsv	Missing description	no	no	yes	Derived metric / events reconstruction
onset	bids/sub-002/ses-02/func/sub-002_ses-02_task-fmri_run-03_events.tsv	Missing description; Missing unit	no	no	yes	Derived metric / events reconstruction
duration	bids/sub-002/ses-02/func/sub-002_ses-02_task-fmri_run-03_events.tsv	Missing description; Missing unit	no	no	yes	Derived metric / events reconstruction
trial_type	bids/sub-002/ses-02/func/sub-002_ses-02_task-fmri_run-03_events.tsv	Missing description	no	no	yes	Derived metric / events reconstruction
onset	bids/sub-002/ses-02/func/sub-002_ses-02_task-fmri_run-05_events.tsv	Missing description; Missing unit	no	no	yes	Derived metric / events reconstruction
duration	bids/sub-002/ses-02/func/sub-002_ses-02_task-fmri_run-05_events.tsv	Missing description; Missing unit	no	no	yes	Derived metric / events reconstruction
trial_type	bids/sub-002/ses-02/func/sub-002_ses-02_task-fmri_run-05_events.tsv	Missing description	no	no	yes	Derived metric / events reconstruction
onset	bids/sub-002/ses-02/func/sub-002_ses-02_task-fmri_run-07_events.tsv	Missing description; Missing unit	no	no	yes	Derived metric / events reconstruction
duration	bids/sub-002/ses-02/func/sub-002_ses-02_task-fmri_run-07_events.tsv	Missing description; Missing unit	no	no	yes	Derived metric / events reconstruction
trial_type	bids/sub-002/ses-02/func/sub-002_ses-02_task-fmri_run-07_events.tsv	Missing description	no	no	yes	Derived metric / events reconstruction
onset	bids/sub-002/ses-02/func/sub-002_ses-02_task-movie_run-01_events.tsv	Missing description; Missing unit	no	no	yes	Derived metric / events reconstruction
duration	bids/sub-002/ses-02/func/sub-002_ses-02_task-movie_run-01_events.tsv	Missing description; Missing unit	no	no	yes	Derived metric / events reconstruction
trial_type	bids/sub-002/ses-02/func/sub-002_ses-02_task-movie_run-01_events.tsv	Missing description	no	no	yes	Derived metric / events reconstruction
stim_file	bids/sub-002/ses-02/func/sub-002_ses-02_task-movie_run-01_events.tsv	Missing description	no	no	yes	Derived metric / events reconstruction
eye	bids/sub-002/ses-02/func/sub-002_ses-02_task-movie_run-01_events.tsv	Missing description	no	no	yes	Derived metric / events reconstruction
movie_label	bids/sub-002/ses-02/func/sub-002_ses-02_task-movie_run-01_events.tsv	Missing description	no	no	yes	Derived metric / events reconstruction
matlab_run_id	bids/sub-002/ses-02/func/sub-002_ses-02_task-movie_run-01_events.tsv	Missing description; Missing unit	no	no	yes	Derived metric / events reconstruction
onset	bids/sub-002/ses-02/func/sub-002_ses-02_task-movie_run-03_events.tsv	Missing description; Missing unit	no	no	yes	Derived metric / events reconstruction
duration	bids/sub-002/ses-02/func/sub-002_ses-02_task-movie_run-03_events.tsv	Missing description; Missing unit	no	no	yes	Derived metric / events reconstruction
trial_type	bids/sub-002/ses-02/func/sub-002_ses-02_task-movie_run-03_events.tsv	Missing description	no	no	yes	Derived metric / events reconstruction
stim_file	bids/sub-002/ses-02/func/sub-002_ses-02_task-movie_run-03_events.tsv	Missing description	no	no	yes	Derived metric / events reconstruction
eye	bids/sub-002/ses-02/func/sub-002_ses-02_task-movie_run-03_events.tsv	Missing description	no	no	yes	Derived metric / events reconstruction
movie_label	bids/sub-002/ses-02/func/sub-002_ses-02_task-movie_run-03_events.tsv	Missing description	no	no	yes	Derived metric / events reconstruction
matlab_run_id	bids/sub-002/ses-02/func/sub-002_ses-02_task-movie_run-03_events.tsv	Missing description; Missing unit	no	no	yes	Derived metric / events reconstruction
onset	bids/sub-002/ses-02/func/sub-002_ses-02_task-movie_run-05_events.tsv	Missing description; Missing unit	no	no	yes	Derived metric / events reconstruction
duration	bids/sub-002/ses-02/func/sub-002_ses-02_task-movie_run-05_events.tsv	Missing description; Missing unit	no	no	yes	Derived metric / events reconstruction
trial_type	bids/sub-002/ses-02/func/sub-002_ses-02_task-movie_run-05_events.tsv	Missing description	no	no	yes	Derived metric / events reconstruction
stim_file	bids/sub-002/ses-02/func/sub-002_ses-02_task-movie_run-05_events.tsv	Missing description	no	no	yes	Derived metric / events reconstruction
eye	bids/sub-002/ses-02/func/sub-002_ses-02_task-movie_run-05_events.tsv	Missing description	no	no	yes	Derived metric / events reconstruction
movie_label	bids/sub-002/ses-02/func/sub-002_ses-02_task-movie_run-05_events.tsv	Missing description	no	no	yes	Derived metric / events reconstruction
matlab_run_id	bids/sub-002/ses-02/func/sub-002_ses-02_task-movie_run-05_events.tsv	Missing description; Missing unit	no	no	yes	Derived metric / events reconstruction
onset	bids/sub-002/ses-02/func/sub-002_ses-02_task-movie_run-07_events.tsv	Missing description; Missing unit	no	no	yes	Derived metric / events reconstruction
duration	bids/sub-002/ses-02/func/sub-002_ses-02_task-movie_run-07_events.tsv	Missing description; Missing unit	no	no	yes	Derived metric / events reconstruction
trial_type	bids/sub-002/ses-02/func/sub-002_ses-02_task-movie_run-07_events.tsv	Missing description	no	no	yes	Derived metric / events reconstruction
stim_file	bids/sub-002/ses-02/func/sub-002_ses-02_task-movie_run-07_events.tsv	Missing description	no	no	yes	Derived metric / events reconstruction
eye	bids/sub-002/ses-02/func/sub-002_ses-02_task-movie_run-07_events.tsv	Missing description	no	no	yes	Derived metric / events reconstruction
movie_label	bids/sub-002/ses-02/func/sub-002_ses-02_task-movie_run-07_events.tsv	Missing description	no	no	yes	Derived metric / events reconstruction
matlab_run_id	bids/sub-002/ses-02/func/sub-002_ses-02_task-movie_run-07_events.tsv	Missing description; Missing unit	no	no	yes	Derived metric / events reconstruction
onset	bids/sub-003/ses-01/func/sub-003_ses-01_task-fmri_run-01_events.tsv	Missing description; Missing unit	no	no	yes	Derived metric / events reconstruction
duration	bids/sub-003/ses-01/func/sub-003_ses-01_task-fmri_run-01_events.tsv	Missing description; Missing unit	no	no	yes	Derived metric / events reconstruction
trial_type	bids/sub-003/ses-01/func/sub-003_ses-01_task-fmri_run-01_events.tsv	Missing description	no	no	yes	Derived metric / events reconstruction
onset	bids/sub-003/ses-01/func/sub-003_ses-01_task-fmri_run-03_events.tsv	Missing description; Missing unit	no	no	yes	Derived metric / events reconstruction
duration	bids/sub-003/ses-01/func/sub-003_ses-01_task-fmri_run-03_events.tsv	Missing description; Missing unit	no	no	yes	Derived metric / events reconstruction
trial_type	bids/sub-003/ses-01/func/sub-003_ses-01_task-fmri_run-03_events.tsv	Missing description	no	no	yes	Derived metric / events reconstruction
onset	bids/sub-003/ses-01/func/sub-003_ses-01_task-fmri_run-05_events.tsv	Missing description; Missing unit	no	no	yes	Derived metric / events reconstruction
duration	bids/sub-003/ses-01/func/sub-003_ses-01_task-fmri_run-05_events.tsv	Missing description; Missing unit	no	no	yes	Derived metric / events reconstruction
trial_type	bids/sub-003/ses-01/func/sub-003_ses-01_task-fmri_run-05_events.tsv	Missing description	no	no	yes	Derived metric / events reconstruction
onset	bids/sub-003/ses-01/func/sub-003_ses-01_task-fmri_run-07_events.tsv	Missing description; Missing unit	no	no	yes	Derived metric / events reconstruction
duration	bids/sub-003/ses-01/func/sub-003_ses-01_task-fmri_run-07_events.tsv	Missing description; Missing unit	no	no	yes	Derived metric / events reconstruction
trial_type	bids/sub-003/ses-01/func/sub-003_ses-01_task-fmri_run-07_events.tsv	Missing description	no	no	yes	Derived metric / events reconstruction
onset	bids/sub-003/ses-01/func/sub-003_ses-01_task-movie_run-01_events.tsv	Missing description; Missing unit	no	no	yes	Derived metric / events reconstruction
duration	bids/sub-003/ses-01/func/sub-003_ses-01_task-movie_run-01_events.tsv	Missing description; Missing unit	no	no	yes	Derived metric / events reconstruction
trial_type	bids/sub-003/ses-01/func/sub-003_ses-01_task-movie_run-01_events.tsv	Missing description	no	no	yes	Derived metric / events reconstruction
stim_file	bids/sub-003/ses-01/func/sub-003_ses-01_task-movie_run-01_events.tsv	Missing description	no	no	yes	Derived metric / events reconstruction
eye	bids/sub-003/ses-01/func/sub-003_ses-01_task-movie_run-01_events.tsv	Missing description	no	no	yes	Derived metric / events reconstruction
movie_label	bids/sub-003/ses-01/func/sub-003_ses-01_task-movie_run-01_events.tsv	Missing description	no	no	yes	Derived metric / events reconstruction
matlab_run_id	bids/sub-003/ses-01/func/sub-003_ses-01_task-movie_run-01_events.tsv	Missing description; Missing unit	no	no	yes	Derived metric / events reconstruction
onset	bids/sub-003/ses-01/func/sub-003_ses-01_task-movie_run-03_events.tsv	Missing description; Missing unit	no	no	yes	Derived metric / events reconstruction
duration	bids/sub-003/ses-01/func/sub-003_ses-01_task-movie_run-03_events.tsv	Missing description; Missing unit	no	no	yes	Derived metric / events reconstruction
trial_type	bids/sub-003/ses-01/func/sub-003_ses-01_task-movie_run-03_events.tsv	Missing description	no	no	yes	Derived metric / events reconstruction
stim_file	bids/sub-003/ses-01/func/sub-003_ses-01_task-movie_run-03_events.tsv	Missing description	no	no	yes	Derived metric / events reconstruction
eye	bids/sub-003/ses-01/func/sub-003_ses-01_task-movie_run-03_events.tsv	Missing description	no	no	yes	Derived metric / events reconstruction
movie_label	bids/sub-003/ses-01/func/sub-003_ses-01_task-movie_run-03_events.tsv	Missing description	no	no	yes	Derived metric / events reconstruction
matlab_run_id	bids/sub-003/ses-01/func/sub-003_ses-01_task-movie_run-03_events.tsv	Missing description; Missing unit	no	no	yes	Derived metric / events reconstruction
onset	bids/sub-003/ses-01/func/sub-003_ses-01_task-movie_run-05_events.tsv	Missing description; Missing unit	no	no	yes	Derived metric / events reconstruction
duration	bids/sub-003/ses-01/func/sub-003_ses-01_task-movie_run-05_events.tsv	Missing description; Missing unit	no	no	yes	Derived metric / events reconstruction
trial_type	bids/sub-003/ses-01/func/sub-003_ses-01_task-movie_run-05_events.tsv	Missing description	no	no	yes	Derived metric / events reconstruction
stim_file	bids/sub-003/ses-01/func/sub-003_ses-01_task-movie_run-05_events.tsv	Missing description	no	no	yes	Derived metric / events reconstruction
eye	bids/sub-003/ses-01/func/sub-003_ses-01_task-movie_run-05_events.tsv	Missing description	no	no	yes	Derived metric / events reconstruction
movie_label	bids/sub-003/ses-01/func/sub-003_ses-01_task-movie_run-05_events.tsv	Missing description	no	no	yes	Derived metric / events reconstruction
matlab_run_id	bids/sub-003/ses-01/func/sub-003_ses-01_task-movie_run-05_events.tsv	Missing description; Missing unit	no	no	yes	Derived metric / events reconstruction
onset	bids/sub-003/ses-01/func/sub-003_ses-01_task-movie_run-07_events.tsv	Missing description; Missing unit	no	no	yes	Derived metric / events reconstruction
duration	bids/sub-003/ses-01/func/sub-003_ses-01_task-movie_run-07_events.tsv	Missing description; Missing unit	no	no	yes	Derived metric / events reconstruction
trial_type	bids/sub-003/ses-01/func/sub-003_ses-01_task-movie_run-07_events.tsv	Missing description	no	no	yes	Derived metric / events reconstruction
stim_file	bids/sub-003/ses-01/func/sub-003_ses-01_task-movie_run-07_events.tsv	Missing description	no	no	yes	Derived metric / events reconstruction
eye	bids/sub-003/ses-01/func/sub-003_ses-01_task-movie_run-07_events.tsv	Missing description	no	no	yes	Derived metric / events reconstruction
movie_label	bids/sub-003/ses-01/func/sub-003_ses-01_task-movie_run-07_events.tsv	Missing description	no	no	yes	Derived metric / events reconstruction
matlab_run_id	bids/sub-003/ses-01/func/sub-003_ses-01_task-movie_run-07_events.tsv	Missing description; Missing unit	no	no	yes	Derived metric / events reconstruction
onset	bids/sub-003/ses-02/func/sub-003_ses-02_task-fmri_run-01_events.tsv	Missing description; Missing unit	no	no	yes	Derived metric / events reconstruction
duration	bids/sub-003/ses-02/func/sub-003_ses-02_task-fmri_run-01_events.tsv	Missing description; Missing unit	no	no	yes	Derived metric / events reconstruction
trial_type	bids/sub-003/ses-02/func/sub-003_ses-02_task-fmri_run-01_events.tsv	Missing description	no	no	yes	Derived metric / events reconstruction
onset	bids/sub-003/ses-02/func/sub-003_ses-02_task-fmri_run-03_events.tsv	Missing description; Missing unit	no	no	yes	Derived metric / events reconstruction
duration	bids/sub-003/ses-02/func/sub-003_ses-02_task-fmri_run-03_events.tsv	Missing description; Missing unit	no	no	yes	Derived metric / events reconstruction
trial_type	bids/sub-003/ses-02/func/sub-003_ses-02_task-fmri_run-03_events.tsv	Missing description	no	no	yes	Derived metric / events reconstruction
onset	bids/sub-003/ses-02/func/sub-003_ses-02_task-fmri_run-05_events.tsv	Missing description; Missing unit	no	no	yes	Derived metric / events reconstruction
duration	bids/sub-003/ses-02/func/sub-003_ses-02_task-fmri_run-05_events.tsv	Missing description; Missing unit	no	no	yes	Derived metric / events reconstruction
trial_type	bids/sub-003/ses-02/func/sub-003_ses-02_task-fmri_run-05_events.tsv	Missing description	no	no	yes	Derived metric / events reconstruction
onset	bids/sub-003/ses-02/func/sub-003_ses-02_task-fmri_run-07_events.tsv	Missing description; Missing unit	no	no	yes	Derived metric / events reconstruction
duration	bids/sub-003/ses-02/func/sub-003_ses-02_task-fmri_run-07_events.tsv	Missing description; Missing unit	no	no	yes	Derived metric / events reconstruction
trial_type	bids/sub-003/ses-02/func/sub-003_ses-02_task-fmri_run-07_events.tsv	Missing description	no	no	yes	Derived metric / events reconstruction
onset	bids/sub-003/ses-02/func/sub-003_ses-02_task-movie_run-01_events.tsv	Missing description; Missing unit	no	no	yes	Derived metric / events reconstruction
duration	bids/sub-003/ses-02/func/sub-003_ses-02_task-movie_run-01_events.tsv	Missing description; Missing unit	no	no	yes	Derived metric / events reconstruction
trial_type	bids/sub-003/ses-02/func/sub-003_ses-02_task-movie_run-01_events.tsv	Missing description	no	no	yes	Derived metric / events reconstruction
stim_file	bids/sub-003/ses-02/func/sub-003_ses-02_task-movie_run-01_events.tsv	Missing description	no	no	yes	Derived metric / events reconstruction
eye	bids/sub-003/ses-02/func/sub-003_ses-02_task-movie_run-01_events.tsv	Missing description	no	no	yes	Derived metric / events reconstruction
movie_label	bids/sub-003/ses-02/func/sub-003_ses-02_task-movie_run-01_events.tsv	Missing description	no	no	yes	Derived metric / events reconstruction
matlab_run_id	bids/sub-003/ses-02/func/sub-003_ses-02_task-movie_run-01_events.tsv	Missing description; Missing unit	no	no	yes	Derived metric / events reconstruction
onset	bids/sub-003/ses-02/func/sub-003_ses-02_task-movie_run-03_events.tsv	Missing description; Missing unit	no	no	yes	Derived metric / events reconstruction
duration	bids/sub-003/ses-02/func/sub-003_ses-02_task-movie_run-03_events.tsv	Missing description; Missing unit	no	no	yes	Derived metric / events reconstruction
trial_type	bids/sub-003/ses-02/func/sub-003_ses-02_task-movie_run-03_events.tsv	Missing description	no	no	yes	Derived metric / events reconstruction
stim_file	bids/sub-003/ses-02/func/sub-003_ses-02_task-movie_run-03_events.tsv	Missing description	no	no	yes	Derived metric / events reconstruction
eye	bids/sub-003/ses-02/func/sub-003_ses-02_task-movie_run-03_events.tsv	Missing description	no	no	yes	Derived metric / events reconstruction
movie_label	bids/sub-003/ses-02/func/sub-003_ses-02_task-movie_run-03_events.tsv	Missing description	no	no	yes	Derived metric / events reconstruction
matlab_run_id	bids/sub-003/ses-02/func/sub-003_ses-02_task-movie_run-03_events.tsv	Missing description; Missing unit	no	no	yes	Derived metric / events reconstruction
onset	bids/sub-003/ses-02/func/sub-003_ses-02_task-movie_run-05_events.tsv	Missing description; Missing unit	no	no	yes	Derived metric / events reconstruction
duration	bids/sub-003/ses-02/func/sub-003_ses-02_task-movie_run-05_events.tsv	Missing description; Missing unit	no	no	yes	Derived metric / events reconstruction
trial_type	bids/sub-003/ses-02/func/sub-003_ses-02_task-movie_run-05_events.tsv	Missing description	no	no	yes	Derived metric / events reconstruction
stim_file	bids/sub-003/ses-02/func/sub-003_ses-02_task-movie_run-05_events.tsv	Missing description	no	no	yes	Derived metric / events reconstruction
eye	bids/sub-003/ses-02/func/sub-003_ses-02_task-movie_run-05_events.tsv	Missing description	no	no	yes	Derived metric / events reconstruction
movie_label	bids/sub-003/ses-02/func/sub-003_ses-02_task-movie_run-05_events.tsv	Missing description	no	no	yes	Derived metric / events reconstruction
matlab_run_id	bids/sub-003/ses-02/func/sub-003_ses-02_task-movie_run-05_events.tsv	Missing description; Missing unit	no	no	yes	Derived metric / events reconstruction
onset	bids/sub-003/ses-02/func/sub-003_ses-02_task-movie_run-07_events.tsv	Missing description; Missing unit	no	no	yes	Derived metric / events reconstruction
duration	bids/sub-003/ses-02/func/sub-003_ses-02_task-movie_run-07_events.tsv	Missing description; Missing unit	no	no	yes	Derived metric / events reconstruction
trial_type	bids/sub-003/ses-02/func/sub-003_ses-02_task-movie_run-07_events.tsv	Missing description	no	no	yes	Derived metric / events reconstruction
stim_file	bids/sub-003/ses-02/func/sub-003_ses-02_task-movie_run-07_events.tsv	Missing description	no	no	yes	Derived metric / events reconstruction
eye	bids/sub-003/ses-02/func/sub-003_ses-02_task-movie_run-07_events.tsv	Missing description	no	no	yes	Derived metric / events reconstruction
movie_label	bids/sub-003/ses-02/func/sub-003_ses-02_task-movie_run-07_events.tsv	Missing description	no	no	yes	Derived metric / events reconstruction
matlab_run_id	bids/sub-003/ses-02/func/sub-003_ses-02_task-movie_run-07_events.tsv	Missing description; Missing unit	no	no	yes	Derived metric / events reconstruction
onset	bids/sub-004/ses-01/func/sub-004_ses-01_task-fmri_run-01_events.tsv	Missing description; Missing unit	no	no	yes	Derived metric / events reconstruction
duration	bids/sub-004/ses-01/func/sub-004_ses-01_task-fmri_run-01_events.tsv	Missing description; Missing unit	no	no	yes	Derived metric / events reconstruction
trial_type	bids/sub-004/ses-01/func/sub-004_ses-01_task-fmri_run-01_events.tsv	Missing description	no	no	yes	Derived metric / events reconstruction
onset	bids/sub-004/ses-01/func/sub-004_ses-01_task-fmri_run-03_events.tsv	Missing description; Missing unit	no	no	yes	Derived metric / events reconstruction
duration	bids/sub-004/ses-01/func/sub-004_ses-01_task-fmri_run-03_events.tsv	Missing description; Missing unit	no	no	yes	Derived metric / events reconstruction
trial_type	bids/sub-004/ses-01/func/sub-004_ses-01_task-fmri_run-03_events.tsv	Missing description	no	no	yes	Derived metric / events reconstruction
onset	bids/sub-004/ses-01/func/sub-004_ses-01_task-fmri_run-05_events.tsv	Missing description; Missing unit	no	no	yes	Derived metric / events reconstruction
duration	bids/sub-004/ses-01/func/sub-004_ses-01_task-fmri_run-05_events.tsv	Missing description; Missing unit	no	no	yes	Derived metric / events reconstruction
trial_type	bids/sub-004/ses-01/func/sub-004_ses-01_task-fmri_run-05_events.tsv	Missing description	no	no	yes	Derived metric / events reconstruction
onset	bids/sub-004/ses-01/func/sub-004_ses-01_task-fmri_run-07_events.tsv	Missing description; Missing unit	no	no	yes	Derived metric / events reconstruction
duration	bids/sub-004/ses-01/func/sub-004_ses-01_task-fmri_run-07_events.tsv	Missing description; Missing unit	no	no	yes	Derived metric / events reconstruction
trial_type	bids/sub-004/ses-01/func/sub-004_ses-01_task-fmri_run-07_events.tsv	Missing description	no	no	yes	Derived metric / events reconstruction
onset	bids/sub-004/ses-01/func/sub-004_ses-01_task-movie_run-01_events.tsv	Missing description; Missing unit	no	no	yes	Derived metric / events reconstruction
duration	bids/sub-004/ses-01/func/sub-004_ses-01_task-movie_run-01_events.tsv	Missing description; Missing unit	no	no	yes	Derived metric / events reconstruction
trial_type	bids/sub-004/ses-01/func/sub-004_ses-01_task-movie_run-01_events.tsv	Missing description	no	no	yes	Derived metric / events reconstruction
stim_file	bids/sub-004/ses-01/func/sub-004_ses-01_task-movie_run-01_events.tsv	Missing description	no	no	yes	Derived metric / events reconstruction
eye	bids/sub-004/ses-01/func/sub-004_ses-01_task-movie_run-01_events.tsv	Missing description	no	no	yes	Derived metric / events reconstruction
movie_label	bids/sub-004/ses-01/func/sub-004_ses-01_task-movie_run-01_events.tsv	Missing description	no	no	yes	Derived metric / events reconstruction
matlab_run_id	bids/sub-004/ses-01/func/sub-004_ses-01_task-movie_run-01_events.tsv	Missing description; Missing unit	no	no	yes	Derived metric / events reconstruction
onset	bids/sub-004/ses-01/func/sub-004_ses-01_task-movie_run-03_events.tsv	Missing description; Missing unit	no	no	yes	Derived metric / events reconstruction
duration	bids/sub-004/ses-01/func/sub-004_ses-01_task-movie_run-03_events.tsv	Missing description; Missing unit	no	no	yes	Derived metric / events reconstruction
trial_type	bids/sub-004/ses-01/func/sub-004_ses-01_task-movie_run-03_events.tsv	Missing description	no	no	yes	Derived metric / events reconstruction
stim_file	bids/sub-004/ses-01/func/sub-004_ses-01_task-movie_run-03_events.tsv	Missing description	no	no	yes	Derived metric / events reconstruction
eye	bids/sub-004/ses-01/func/sub-004_ses-01_task-movie_run-03_events.tsv	Missing description	no	no	yes	Derived metric / events reconstruction
movie_label	bids/sub-004/ses-01/func/sub-004_ses-01_task-movie_run-03_events.tsv	Missing description	no	no	yes	Derived metric / events reconstruction
matlab_run_id	bids/sub-004/ses-01/func/sub-004_ses-01_task-movie_run-03_events.tsv	Missing description; Missing unit	no	no	yes	Derived metric / events reconstruction
onset	bids/sub-004/ses-01/func/sub-004_ses-01_task-movie_run-05_events.tsv	Missing description; Missing unit	no	no	yes	Derived metric / events reconstruction
duration	bids/sub-004/ses-01/func/sub-004_ses-01_task-movie_run-05_events.tsv	Missing description; Missing unit	no	no	yes	Derived metric / events reconstruction
trial_type	bids/sub-004/ses-01/func/sub-004_ses-01_task-movie_run-05_events.tsv	Missing description	no	no	yes	Derived metric / events reconstruction
stim_file	bids/sub-004/ses-01/func/sub-004_ses-01_task-movie_run-05_events.tsv	Missing description	no	no	yes	Derived metric / events reconstruction
eye	bids/sub-004/ses-01/func/sub-004_ses-01_task-movie_run-05_events.tsv	Missing description	no	no	yes	Derived metric / events reconstruction
movie_label	bids/sub-004/ses-01/func/sub-004_ses-01_task-movie_run-05_events.tsv	Missing description	no	no	yes	Derived metric / events reconstruction
matlab_run_id	bids/sub-004/ses-01/func/sub-004_ses-01_task-movie_run-05_events.tsv	Missing description; Missing unit	no	no	yes	Derived metric / events reconstruction
onset	bids/sub-004/ses-01/func/sub-004_ses-01_task-movie_run-07_events.tsv	Missing description; Missing unit	no	no	yes	Derived metric / events reconstruction
duration	bids/sub-004/ses-01/func/sub-004_ses-01_task-movie_run-07_events.tsv	Missing description; Missing unit	no	no	yes	Derived metric / events reconstruction
trial_type	bids/sub-004/ses-01/func/sub-004_ses-01_task-movie_run-07_events.tsv	Missing description	no	no	yes	Derived metric / events reconstruction
stim_file	bids/sub-004/ses-01/func/sub-004_ses-01_task-movie_run-07_events.tsv	Missing description	no	no	yes	Derived metric / events reconstruction
eye	bids/sub-004/ses-01/func/sub-004_ses-01_task-movie_run-07_events.tsv	Missing description	no	no	yes	Derived metric / events reconstruction
movie_label	bids/sub-004/ses-01/func/sub-004_ses-01_task-movie_run-07_events.tsv	Missing description	no	no	yes	Derived metric / events reconstruction
matlab_run_id	bids/sub-004/ses-01/func/sub-004_ses-01_task-movie_run-07_events.tsv	Missing description; Missing unit	no	no	yes	Derived metric / events reconstruction
onset	bids/sub-004/ses-02/func/sub-004_ses-02_task-fmri_run-01_events.tsv	Missing description; Missing unit	no	no	yes	Derived metric / events reconstruction
duration	bids/sub-004/ses-02/func/sub-004_ses-02_task-fmri_run-01_events.tsv	Missing description; Missing unit	no	no	yes	Derived metric / events reconstruction
trial_type	bids/sub-004/ses-02/func/sub-004_ses-02_task-fmri_run-01_events.tsv	Missing description	no	no	yes	Derived metric / events reconstruction
onset	bids/sub-004/ses-02/func/sub-004_ses-02_task-fmri_run-03_events.tsv	Missing description; Missing unit	no	no	yes	Derived metric / events reconstruction
duration	bids/sub-004/ses-02/func/sub-004_ses-02_task-fmri_run-03_events.tsv	Missing description; Missing unit	no	no	yes	Derived metric / events reconstruction
trial_type	bids/sub-004/ses-02/func/sub-004_ses-02_task-fmri_run-03_events.tsv	Missing description	no	no	yes	Derived metric / events reconstruction
onset	bids/sub-004/ses-02/func/sub-004_ses-02_task-fmri_run-05_events.tsv	Missing description; Missing unit	no	no	yes	Derived metric / events reconstruction
duration	bids/sub-004/ses-02/func/sub-004_ses-02_task-fmri_run-05_events.tsv	Missing description; Missing unit	no	no	yes	Derived metric / events reconstruction
trial_type	bids/sub-004/ses-02/func/sub-004_ses-02_task-fmri_run-05_events.tsv	Missing description	no	no	yes	Derived metric / events reconstruction
onset	bids/sub-004/ses-02/func/sub-004_ses-02_task-fmri_run-07_events.tsv	Missing description; Missing unit	no	no	yes	Derived metric / events reconstruction
duration	bids/sub-004/ses-02/func/sub-004_ses-02_task-fmri_run-07_events.tsv	Missing description; Missing unit	no	no	yes	Derived metric / events reconstruction
trial_type	bids/sub-004/ses-02/func/sub-004_ses-02_task-fmri_run-07_events.tsv	Missing description	no	no	yes	Derived metric / events reconstruction
onset	bids/sub-004/ses-02/func/sub-004_ses-02_task-movie_run-01_events.tsv	Missing description; Missing unit	no	no	yes	Derived metric / events reconstruction
duration	bids/sub-004/ses-02/func/sub-004_ses-02_task-movie_run-01_events.tsv	Missing description; Missing unit	no	no	yes	Derived metric / events reconstruction
trial_type	bids/sub-004/ses-02/func/sub-004_ses-02_task-movie_run-01_events.tsv	Missing description	no	no	yes	Derived metric / events reconstruction
stim_file	bids/sub-004/ses-02/func/sub-004_ses-02_task-movie_run-01_events.tsv	Missing description	no	no	yes	Derived metric / events reconstruction
eye	bids/sub-004/ses-02/func/sub-004_ses-02_task-movie_run-01_events.tsv	Missing description	no	no	yes	Derived metric / events reconstruction
movie_label	bids/sub-004/ses-02/func/sub-004_ses-02_task-movie_run-01_events.tsv	Missing description	no	no	yes	Derived metric / events reconstruction
matlab_run_id	bids/sub-004/ses-02/func/sub-004_ses-02_task-movie_run-01_events.tsv	Missing description; Missing unit	no	no	yes	Derived metric / events reconstruction
onset	bids/sub-004/ses-02/func/sub-004_ses-02_task-movie_run-03_events.tsv	Missing description; Missing unit	no	no	yes	Derived metric / events reconstruction
duration	bids/sub-004/ses-02/func/sub-004_ses-02_task-movie_run-03_events.tsv	Missing description; Missing unit	no	no	yes	Derived metric / events reconstruction
trial_type	bids/sub-004/ses-02/func/sub-004_ses-02_task-movie_run-03_events.tsv	Missing description	no	no	yes	Derived metric / events reconstruction
stim_file	bids/sub-004/ses-02/func/sub-004_ses-02_task-movie_run-03_events.tsv	Missing description	no	no	yes	Derived metric / events reconstruction
eye	bids/sub-004/ses-02/func/sub-004_ses-02_task-movie_run-03_events.tsv	Missing description	no	no	yes	Derived metric / events reconstruction
movie_label	bids/sub-004/ses-02/func/sub-004_ses-02_task-movie_run-03_events.tsv	Missing description	no	no	yes	Derived metric / events reconstruction
matlab_run_id	bids/sub-004/ses-02/func/sub-004_ses-02_task-movie_run-03_events.tsv	Missing description; Missing unit	no	no	yes	Derived metric / events reconstruction
onset	bids/sub-004/ses-02/func/sub-004_ses-02_task-movie_run-05_events.tsv	Missing description; Missing unit	no	no	yes	Derived metric / events reconstruction
duration	bids/sub-004/ses-02/func/sub-004_ses-02_task-movie_run-05_events.tsv	Missing description; Missing unit	no	no	yes	Derived metric / events reconstruction
trial_type	bids/sub-004/ses-02/func/sub-004_ses-02_task-movie_run-05_events.tsv	Missing description	no	no	yes	Derived metric / events reconstruction
stim_file	bids/sub-004/ses-02/func/sub-004_ses-02_task-movie_run-05_events.tsv	Missing description	no	no	yes	Derived metric / events reconstruction
eye	bids/sub-004/ses-02/func/sub-004_ses-02_task-movie_run-05_events.tsv	Missing description	no	no	yes	Derived metric / events reconstruction
movie_label	bids/sub-004/ses-02/func/sub-004_ses-02_task-movie_run-05_events.tsv	Missing description	no	no	yes	Derived metric / events reconstruction
matlab_run_id	bids/sub-004/ses-02/func/sub-004_ses-02_task-movie_run-05_events.tsv	Missing description; Missing unit	no	no	yes	Derived metric / events reconstruction
onset	bids/sub-004/ses-02/func/sub-004_ses-02_task-movie_run-07_events.tsv	Missing description; Missing unit	no	no	yes	Derived metric / events reconstruction
duration	bids/sub-004/ses-02/func/sub-004_ses-02_task-movie_run-07_events.tsv	Missing description; Missing unit	no	no	yes	Derived metric / events reconstruction
trial_type	bids/sub-004/ses-02/func/sub-004_ses-02_task-movie_run-07_events.tsv	Missing description	no	no	yes	Derived metric / events reconstruction
stim_file	bids/sub-004/ses-02/func/sub-004_ses-02_task-movie_run-07_events.tsv	Missing description	no	no	yes	Derived metric / events reconstruction
eye	bids/sub-004/ses-02/func/sub-004_ses-02_task-movie_run-07_events.tsv	Missing description	no	no	yes	Derived metric / events reconstruction
movie_label	bids/sub-004/ses-02/func/sub-004_ses-02_task-movie_run-07_events.tsv	Missing description	no	no	yes	Derived metric / events reconstruction
matlab_run_id	bids/sub-004/ses-02/func/sub-004_ses-02_task-movie_run-07_events.tsv	Missing description; Missing unit	no	no	yes	Derived metric / events reconstruction
onset	bids/sub-005/ses-01/func/sub-005_ses-01_task-fmri_run-01_events.tsv	Missing description; Missing unit	no	no	yes	Derived metric / events reconstruction
duration	bids/sub-005/ses-01/func/sub-005_ses-01_task-fmri_run-01_events.tsv	Missing description; Missing unit	no	no	yes	Derived metric / events reconstruction
trial_type	bids/sub-005/ses-01/func/sub-005_ses-01_task-fmri_run-01_events.tsv	Missing description	no	no	yes	Derived metric / events reconstruction
onset	bids/sub-005/ses-01/func/sub-005_ses-01_task-fmri_run-03_events.tsv	Missing description; Missing unit	no	no	yes	Derived metric / events reconstruction
duration	bids/sub-005/ses-01/func/sub-005_ses-01_task-fmri_run-03_events.tsv	Missing description; Missing unit	no	no	yes	Derived metric / events reconstruction
trial_type	bids/sub-005/ses-01/func/sub-005_ses-01_task-fmri_run-03_events.tsv	Missing description	no	no	yes	Derived metric / events reconstruction
onset	bids/sub-005/ses-01/func/sub-005_ses-01_task-fmri_run-05_events.tsv	Missing description; Missing unit	no	no	yes	Derived metric / events reconstruction
duration	bids/sub-005/ses-01/func/sub-005_ses-01_task-fmri_run-05_events.tsv	Missing description; Missing unit	no	no	yes	Derived metric / events reconstruction
trial_type	bids/sub-005/ses-01/func/sub-005_ses-01_task-fmri_run-05_events.tsv	Missing description	no	no	yes	Derived metric / events reconstruction
onset	bids/sub-005/ses-01/func/sub-005_ses-01_task-fmri_run-07_events.tsv	Missing description; Missing unit	no	no	yes	Derived metric / events reconstruction
duration	bids/sub-005/ses-01/func/sub-005_ses-01_task-fmri_run-07_events.tsv	Missing description; Missing unit	no	no	yes	Derived metric / events reconstruction
trial_type	bids/sub-005/ses-01/func/sub-005_ses-01_task-fmri_run-07_events.tsv	Missing description	no	no	yes	Derived metric / events reconstruction
onset	bids/sub-005/ses-01/func/sub-005_ses-01_task-movie_run-01_events.tsv	Missing description; Missing unit	no	no	yes	Derived metric / events reconstruction
duration	bids/sub-005/ses-01/func/sub-005_ses-01_task-movie_run-01_events.tsv	Missing description; Missing unit	no	no	yes	Derived metric / events reconstruction
trial_type	bids/sub-005/ses-01/func/sub-005_ses-01_task-movie_run-01_events.tsv	Missing description	no	no	yes	Derived metric / events reconstruction
stim_file	bids/sub-005/ses-01/func/sub-005_ses-01_task-movie_run-01_events.tsv	Missing description	no	no	yes	Derived metric / events reconstruction
eye	bids/sub-005/ses-01/func/sub-005_ses-01_task-movie_run-01_events.tsv	Missing description	no	no	yes	Derived metric / events reconstruction
movie_label	bids/sub-005/ses-01/func/sub-005_ses-01_task-movie_run-01_events.tsv	Missing description	no	no	yes	Derived metric / events reconstruction
matlab_run_id	bids/sub-005/ses-01/func/sub-005_ses-01_task-movie_run-01_events.tsv	Missing description; Missing unit	no	no	yes	Derived metric / events reconstruction
onset	bids/sub-005/ses-01/func/sub-005_ses-01_task-movie_run-03_events.tsv	Missing description; Missing unit	no	no	yes	Derived metric / events reconstruction
duration	bids/sub-005/ses-01/func/sub-005_ses-01_task-movie_run-03_events.tsv	Missing description; Missing unit	no	no	yes	Derived metric / events reconstruction
trial_type	bids/sub-005/ses-01/func/sub-005_ses-01_task-movie_run-03_events.tsv	Missing description	no	no	yes	Derived metric / events reconstruction
stim_file	bids/sub-005/ses-01/func/sub-005_ses-01_task-movie_run-03_events.tsv	Missing description	no	no	yes	Derived metric / events reconstruction
eye	bids/sub-005/ses-01/func/sub-005_ses-01_task-movie_run-03_events.tsv	Missing description	no	no	yes	Derived metric / events reconstruction
movie_label	bids/sub-005/ses-01/func/sub-005_ses-01_task-movie_run-03_events.tsv	Missing description	no	no	yes	Derived metric / events reconstruction
matlab_run_id	bids/sub-005/ses-01/func/sub-005_ses-01_task-movie_run-03_events.tsv	Missing description; Missing unit	no	no	yes	Derived metric / events reconstruction
onset	bids/sub-005/ses-01/func/sub-005_ses-01_task-movie_run-05_events.tsv	Missing description; Missing unit	no	no	yes	Derived metric / events reconstruction
duration	bids/sub-005/ses-01/func/sub-005_ses-01_task-movie_run-05_events.tsv	Missing description; Missing unit	no	no	yes	Derived metric / events reconstruction
trial_type	bids/sub-005/ses-01/func/sub-005_ses-01_task-movie_run-05_events.tsv	Missing description	no	no	yes	Derived metric / events reconstruction
stim_file	bids/sub-005/ses-01/func/sub-005_ses-01_task-movie_run-05_events.tsv	Missing description	no	no	yes	Derived metric / events reconstruction
eye	bids/sub-005/ses-01/func/sub-005_ses-01_task-movie_run-05_events.tsv	Missing description	no	no	yes	Derived metric / events reconstruction
movie_label	bids/sub-005/ses-01/func/sub-005_ses-01_task-movie_run-05_events.tsv	Missing description	no	no	yes	Derived metric / events reconstruction
matlab_run_id	bids/sub-005/ses-01/func/sub-005_ses-01_task-movie_run-05_events.tsv	Missing description; Missing unit	no	no	yes	Derived metric / events reconstruction
onset	bids/sub-005/ses-01/func/sub-005_ses-01_task-movie_run-07_events.tsv	Missing description; Missing unit	no	no	yes	Derived metric / events reconstruction
duration	bids/sub-005/ses-01/func/sub-005_ses-01_task-movie_run-07_events.tsv	Missing description; Missing unit	no	no	yes	Derived metric / events reconstruction
trial_type	bids/sub-005/ses-01/func/sub-005_ses-01_task-movie_run-07_events.tsv	Missing description	no	no	yes	Derived metric / events reconstruction
stim_file	bids/sub-005/ses-01/func/sub-005_ses-01_task-movie_run-07_events.tsv	Missing description	no	no	yes	Derived metric / events reconstruction
eye	bids/sub-005/ses-01/func/sub-005_ses-01_task-movie_run-07_events.tsv	Missing description	no	no	yes	Derived metric / events reconstruction
movie_label	bids/sub-005/ses-01/func/sub-005_ses-01_task-movie_run-07_events.tsv	Missing description	no	no	yes	Derived metric / events reconstruction
matlab_run_id	bids/sub-005/ses-01/func/sub-005_ses-01_task-movie_run-07_events.tsv	Missing description; Missing unit	no	no	yes	Derived metric / events reconstruction
onset	bids/sub-005/ses-02/func/sub-005_ses-02_task-fmri_run-01_events.tsv	Missing description; Missing unit	no	no	yes	Derived metric / events reconstruction
duration	bids/sub-005/ses-02/func/sub-005_ses-02_task-fmri_run-01_events.tsv	Missing description; Missing unit	no	no	yes	Derived metric / events reconstruction
trial_type	bids/sub-005/ses-02/func/sub-005_ses-02_task-fmri_run-01_events.tsv	Missing description	no	no	yes	Derived metric / events reconstruction
onset	bids/sub-005/ses-02/func/sub-005_ses-02_task-fmri_run-03_events.tsv	Missing description; Missing unit	no	no	yes	Derived metric / events reconstruction
duration	bids/sub-005/ses-02/func/sub-005_ses-02_task-fmri_run-03_events.tsv	Missing description; Missing unit	no	no	yes	Derived metric / events reconstruction
trial_type	bids/sub-005/ses-02/func/sub-005_ses-02_task-fmri_run-03_events.tsv	Missing description	no	no	yes	Derived metric / events reconstruction
onset	bids/sub-005/ses-02/func/sub-005_ses-02_task-fmri_run-05_events.tsv	Missing description; Missing unit	no	no	yes	Derived metric / events reconstruction
duration	bids/sub-005/ses-02/func/sub-005_ses-02_task-fmri_run-05_events.tsv	Missing description; Missing unit	no	no	yes	Derived metric / events reconstruction
trial_type	bids/sub-005/ses-02/func/sub-005_ses-02_task-fmri_run-05_events.tsv	Missing description	no	no	yes	Derived metric / events reconstruction
onset	bids/sub-005/ses-02/func/sub-005_ses-02_task-fmri_run-07_events.tsv	Missing description; Missing unit	no	no	yes	Derived metric / events reconstruction
duration	bids/sub-005/ses-02/func/sub-005_ses-02_task-fmri_run-07_events.tsv	Missing description; Missing unit	no	no	yes	Derived metric / events reconstruction
trial_type	bids/sub-005/ses-02/func/sub-005_ses-02_task-fmri_run-07_events.tsv	Missing description	no	no	yes	Derived metric / events reconstruction
onset	bids/sub-005/ses-02/func/sub-005_ses-02_task-movie_run-01_events.tsv	Missing description; Missing unit	no	no	yes	Derived metric / events reconstruction
duration	bids/sub-005/ses-02/func/sub-005_ses-02_task-movie_run-01_events.tsv	Missing description; Missing unit	no	no	yes	Derived metric / events reconstruction
trial_type	bids/sub-005/ses-02/func/sub-005_ses-02_task-movie_run-01_events.tsv	Missing description	no	no	yes	Derived metric / events reconstruction
stim_file	bids/sub-005/ses-02/func/sub-005_ses-02_task-movie_run-01_events.tsv	Missing description	no	no	yes	Derived metric / events reconstruction
eye	bids/sub-005/ses-02/func/sub-005_ses-02_task-movie_run-01_events.tsv	Missing description	no	no	yes	Derived metric / events reconstruction
movie_label	bids/sub-005/ses-02/func/sub-005_ses-02_task-movie_run-01_events.tsv	Missing description	no	no	yes	Derived metric / events reconstruction
matlab_run_id	bids/sub-005/ses-02/func/sub-005_ses-02_task-movie_run-01_events.tsv	Missing description; Missing unit	no	no	yes	Derived metric / events reconstruction
onset	bids/sub-005/ses-02/func/sub-005_ses-02_task-movie_run-03_events.tsv	Missing description; Missing unit	no	no	yes	Derived metric / events reconstruction
duration	bids/sub-005/ses-02/func/sub-005_ses-02_task-movie_run-03_events.tsv	Missing description; Missing unit	no	no	yes	Derived metric / events reconstruction
trial_type	bids/sub-005/ses-02/func/sub-005_ses-02_task-movie_run-03_events.tsv	Missing description	no	no	yes	Derived metric / events reconstruction
stim_file	bids/sub-005/ses-02/func/sub-005_ses-02_task-movie_run-03_events.tsv	Missing description	no	no	yes	Derived metric / events reconstruction
eye	bids/sub-005/ses-02/func/sub-005_ses-02_task-movie_run-03_events.tsv	Missing description	no	no	yes	Derived metric / events reconstruction
movie_label	bids/sub-005/ses-02/func/sub-005_ses-02_task-movie_run-03_events.tsv	Missing description	no	no	yes	Derived metric / events reconstruction
matlab_run_id	bids/sub-005/ses-02/func/sub-005_ses-02_task-movie_run-03_events.tsv	Missing description; Missing unit	no	no	yes	Derived metric / events reconstruction
onset	bids/sub-005/ses-02/func/sub-005_ses-02_task-movie_run-05_events.tsv	Missing description; Missing unit	no	no	yes	Derived metric / events reconstruction
duration	bids/sub-005/ses-02/func/sub-005_ses-02_task-movie_run-05_events.tsv	Missing description; Missing unit	no	no	yes	Derived metric / events reconstruction
trial_type	bids/sub-005/ses-02/func/sub-005_ses-02_task-movie_run-05_events.tsv	Missing description	no	no	yes	Derived metric / events reconstruction
stim_file	bids/sub-005/ses-02/func/sub-005_ses-02_task-movie_run-05_events.tsv	Missing description	no	no	yes	Derived metric / events reconstruction
eye	bids/sub-005/ses-02/func/sub-005_ses-02_task-movie_run-05_events.tsv	Missing description	no	no	yes	Derived metric / events reconstruction
movie_label	bids/sub-005/ses-02/func/sub-005_ses-02_task-movie_run-05_events.tsv	Missing description	no	no	yes	Derived metric / events reconstruction
matlab_run_id	bids/sub-005/ses-02/func/sub-005_ses-02_task-movie_run-05_events.tsv	Missing description; Missing unit	no	no	yes	Derived metric / events reconstruction
onset	bids/sub-005/ses-02/func/sub-005_ses-02_task-movie_run-07_events.tsv	Missing description; Missing unit	no	no	yes	Derived metric / events reconstruction
duration	bids/sub-005/ses-02/func/sub-005_ses-02_task-movie_run-07_events.tsv	Missing description; Missing unit	no	no	yes	Derived metric / events reconstruction
trial_type	bids/sub-005/ses-02/func/sub-005_ses-02_task-movie_run-07_events.tsv	Missing description	no	no	yes	Derived metric / events reconstruction
stim_file	bids/sub-005/ses-02/func/sub-005_ses-02_task-movie_run-07_events.tsv	Missing description	no	no	yes	Derived metric / events reconstruction
eye	bids/sub-005/ses-02/func/sub-005_ses-02_task-movie_run-07_events.tsv	Missing description	no	no	yes	Derived metric / events reconstruction
movie_label	bids/sub-005/ses-02/func/sub-005_ses-02_task-movie_run-07_events.tsv	Missing description	no	no	yes	Derived metric / events reconstruction
matlab_run_id	bids/sub-005/ses-02/func/sub-005_ses-02_task-movie_run-07_events.tsv	Missing description; Missing unit	no	no	yes	Derived metric / events reconstruction
Authors	bids/dataset_description.json	Missing description	no	no	yes	UNKNOWN
BIDSVersion	bids/dataset_description.json	Missing description	no	no	yes	UNKNOWN
DatasetType	bids/dataset_description.json	Missing description	no	no	yes	UNKNOWN
GeneratedBy	bids/dataset_description.json	Missing description	no	no	yes	Original DICOM → JSON sidecar
Name	bids/dataset_description.json	Missing description	no	no	yes	UNKNOWN
License	bids/dataset_description.json	Missing description	no	no	yes	UNKNOWN
cohort.Description	bids/participants.json	Missing description	no	no	yes	participants.tsv
participant_id.Description	bids/participants.json	Missing description	no	no	yes	participants.tsv
sex.Description	bids/participants.json	Missing description	no	no	yes	participants.tsv
sex.Levels.F	bids/participants.json	Missing description	no	no	yes	participants.tsv
sex.Levels.M	bids/participants.json	Missing description	no	no	yes	participants.tsv
sex.Levels.O	bids/participants.json	Missing description	no	no	yes	participants.tsv
onset.Description	bids/task-fmri_events.json	Missing description	no	no	yes	Derived metric / events reconstruction
onset.Units	bids/task-fmri_events.json	Missing description	no	no	yes	Derived metric / events reconstruction
duration.Description	bids/task-fmri_events.json	Missing description	no	no	yes	Derived metric / events reconstruction
duration.Units	bids/task-fmri_events.json	Missing description	no	no	yes	Derived metric / events reconstruction
trial_type.Description	bids/task-fmri_events.json	Missing description	no	no	yes	Derived metric / events reconstruction
trial_type.Levels.baseline	bids/task-fmri_events.json	Missing description	no	no	yes	Derived metric / events reconstruction
trial_type.Levels.stim-01	bids/task-fmri_events.json	Missing description	no	no	yes	Derived metric / events reconstruction
trial_type.Levels.stim-02	bids/task-fmri_events.json	Missing description	no	no	yes	Derived metric / events reconstruction
trial_type.Levels.stim-03	bids/task-fmri_events.json	Missing description	no	no	yes	Derived metric / events reconstruction
trial_type.Levels.stim-04	bids/task-fmri_events.json	Missing description	no	no	yes	Derived metric / events reconstruction
trial_type.Levels.stim-05	bids/task-fmri_events.json	Missing description	no	no	yes	Derived metric / events reconstruction
trial_type.Levels.stim-06	bids/task-fmri_events.json	Missing description	no	no	yes	Derived metric / events reconstruction
trial_type.Levels.stim-07	bids/task-fmri_events.json	Missing description	no	no	yes	Derived metric / events reconstruction
trial_type.Levels.stim-08	bids/task-fmri_events.json	Missing description	no	no	yes	Derived metric / events reconstruction
trial_type.Levels.stim-09	bids/task-fmri_events.json	Missing description	no	no	yes	Derived metric / events reconstruction
trial_type.Levels.stim-10	bids/task-fmri_events.json	Missing description	no	no	yes	Derived metric / events reconstruction
trial_type.Levels.stim-11	bids/task-fmri_events.json	Missing description	no	no	yes	Derived metric / events reconstruction
trial_type.Levels.stim-12	bids/task-fmri_events.json	Missing description	no	no	yes	Derived metric / events reconstruction
TaskName	bids/task-movie.json	Missing description	no	no	yes	UNKNOWN
TaskDescription	bids/task-movie.json	Missing description	no	no	yes	UNKNOWN
Instructions	bids/task-movie.json	Missing description	no	no	yes	Original DICOM → JSON sidecar
CogAtlasID	bids/task-movie.json	Missing description	no	no	yes	UNKNOWN
TimingDisclosure	bids/task-movie.json	Missing description	no	no	yes	UNKNOWN
trial_type.Levels.movie	bids/task-movie_events.json	Missing description	no	no	yes	Derived metric / events reconstruction
stim_file.Description	bids/task-movie_events.json	Missing description	no	no	yes	Derived metric / events reconstruction
eye.Description	bids/task-movie_events.json	Missing description	no	no	yes	Derived metric / events reconstruction
eye.Levels.left	bids/task-movie_events.json	Missing description	no	no	yes	Derived metric / events reconstruction
eye.Levels.right	bids/task-movie_events.json	Missing description	no	no	yes	Derived metric / events reconstruction
movie_label.Description	bids/task-movie_events.json	Missing description	no	no	yes	Derived metric / events reconstruction
movie_label.Levels.Movie1	bids/task-movie_events.json	Missing description	no	no	yes	Derived metric / events reconstruction
movie_label.Levels.Movie2	bids/task-movie_events.json	Missing description	no	no	yes	Derived metric / events reconstruction
movie_label.Levels.Movie3	bids/task-movie_events.json	Missing description	no	no	yes	Derived metric / events reconstruction
movie_label.Levels.Movie4	bids/task-movie_events.json	Missing description	no	no	yes	Derived metric / events reconstruction
matlab_run_id.Description	bids/task-movie_events.json	Missing description	no	no	yes	Derived metric / events reconstruction
AcquisitionMatrixPE	bids/sub-001/ses-01/anat/sub-001_ses-01_run-01_T1w.json	Missing description; Missing unit	no	no	yes	JSON sidecar
AcquisitionNumber	bids/sub-001/ses-01/anat/sub-001_ses-01_run-01_T1w.json	Missing description; Missing unit	no	no	yes	JSON sidecar
BaseResolution	bids/sub-001/ses-01/anat/sub-001_ses-01_run-01_T1w.json	Missing description; Missing unit	no	no	yes	JSON sidecar
BodyPartExamined	bids/sub-001/ses-01/anat/sub-001_ses-01_run-01_T1w.json	Missing description	no	no	yes	JSON sidecar
CoilCombinationMethod	bids/sub-001/ses-01/anat/sub-001_ses-01_run-01_T1w.json	Missing description	no	no	yes	JSON sidecar
ConsistencyInfo	bids/sub-001/ses-01/anat/sub-001_ses-01_run-01_T1w.json	Missing description	no	no	yes	JSON sidecar
ConversionSoftware	bids/sub-001/ses-01/anat/sub-001_ses-01_run-01_T1w.json	Missing description	no	no	yes	JSON sidecar
ConversionSoftwareVersion	bids/sub-001/ses-01/anat/sub-001_ses-01_run-01_T1w.json	Missing description	no	no	yes	JSON sidecar
EchoTime	bids/sub-001/ses-01/anat/sub-001_ses-01_run-01_T1w.json	Missing description; Missing unit	no	no	yes	JSON sidecar
FlipAngle	bids/sub-001/ses-01/anat/sub-001_ses-01_run-01_T1w.json	Missing description; Missing unit	no	no	yes	JSON sidecar
ImageOrientationPatientDICOM	bids/sub-001/ses-01/anat/sub-001_ses-01_run-01_T1w.json	Missing description	no	no	yes	JSON sidecar
ImageType	bids/sub-001/ses-01/anat/sub-001_ses-01_run-01_T1w.json	Missing description	no	no	yes	JSON sidecar
ImagingFrequency	bids/sub-001/ses-01/anat/sub-001_ses-01_run-01_T1w.json	Missing description; Missing unit	no	no	yes	JSON sidecar
InPlanePhaseEncodingDirectionDICOM	bids/sub-001/ses-01/anat/sub-001_ses-01_run-01_T1w.json	Missing description	no	no	yes	JSON sidecar
InversionTime	bids/sub-001/ses-01/anat/sub-001_ses-01_run-01_T1w.json	Missing description; Missing unit	no	no	yes	JSON sidecar
MRAcquisitionType	bids/sub-001/ses-01/anat/sub-001_ses-01_run-01_T1w.json	Missing description	no	no	yes	JSON sidecar
MagneticFieldStrength	bids/sub-001/ses-01/anat/sub-001_ses-01_run-01_T1w.json	Missing description; Missing unit	no	no	yes	JSON sidecar
Manufacturer	bids/sub-001/ses-01/anat/sub-001_ses-01_run-01_T1w.json	Missing description	no	no	yes	JSON sidecar
ManufacturersModelName	bids/sub-001/ses-01/anat/sub-001_ses-01_run-01_T1w.json	Missing description	no	no	yes	JSON sidecar
MatrixCoilMode	bids/sub-001/ses-01/anat/sub-001_ses-01_run-01_T1w.json	Missing description	no	no	yes	JSON sidecar
Modality	bids/sub-001/ses-01/anat/sub-001_ses-01_run-01_T1w.json	Missing description	no	no	yes	JSON sidecar
NonlinearGradientCorrection	bids/sub-001/ses-01/anat/sub-001_ses-01_run-01_T1w.json	Missing description	no	no	yes	JSON sidecar
ParallelReductionFactorInPlane	bids/sub-001/ses-01/anat/sub-001_ses-01_run-01_T1w.json	Missing description; Missing unit	no	no	yes	JSON sidecar
PartialFourier	bids/sub-001/ses-01/anat/sub-001_ses-01_run-01_T1w.json	Missing description; Missing unit	no	no	yes	JSON sidecar
PatientPosition	bids/sub-001/ses-01/anat/sub-001_ses-01_run-01_T1w.json	Missing description	no	no	yes	JSON sidecar
PercentPhaseFOV	bids/sub-001/ses-01/anat/sub-001_ses-01_run-01_T1w.json	Missing description; Missing unit	no	no	yes	JSON sidecar
PercentSampling	bids/sub-001/ses-01/anat/sub-001_ses-01_run-01_T1w.json	Missing description; Missing unit	no	no	yes	JSON sidecar
PhaseEncodingSteps	bids/sub-001/ses-01/anat/sub-001_ses-01_run-01_T1w.json	Missing description; Missing unit	no	no	yes	JSON sidecar
PhaseResolution	bids/sub-001/ses-01/anat/sub-001_ses-01_run-01_T1w.json	Missing description; Missing unit	no	no	yes	JSON sidecar
PixelBandwidth	bids/sub-001/ses-01/anat/sub-001_ses-01_run-01_T1w.json	Missing description; Missing unit	no	no	yes	JSON sidecar
ProtocolName	bids/sub-001/ses-01/anat/sub-001_ses-01_run-01_T1w.json	Missing description	no	no	yes	JSON sidecar
PulseSequenceDetails	bids/sub-001/ses-01/anat/sub-001_ses-01_run-01_T1w.json	Missing description	no	no	yes	JSON sidecar
ReceiveCoilActiveElements	bids/sub-001/ses-01/anat/sub-001_ses-01_run-01_T1w.json	Missing description	no	no	yes	JSON sidecar
ReceiveCoilName	bids/sub-001/ses-01/anat/sub-001_ses-01_run-01_T1w.json	Missing description	no	no	yes	JSON sidecar
ReconMatrixPE	bids/sub-001/ses-01/anat/sub-001_ses-01_run-01_T1w.json	Missing description; Missing unit	no	no	yes	JSON sidecar
RefLinesPE	bids/sub-001/ses-01/anat/sub-001_ses-01_run-01_T1w.json	Missing description; Missing unit	no	no	yes	JSON sidecar
RepetitionTime	bids/sub-001/ses-01/anat/sub-001_ses-01_run-01_T1w.json	Missing description; Missing unit	no	no	yes	JSON sidecar
SAR	bids/sub-001/ses-01/anat/sub-001_ses-01_run-01_T1w.json	Missing description; Missing unit	no	no	yes	JSON sidecar
ScanOptions	bids/sub-001/ses-01/anat/sub-001_ses-01_run-01_T1w.json	Missing description	no	no	yes	JSON sidecar
ScanningSequence	bids/sub-001/ses-01/anat/sub-001_ses-01_run-01_T1w.json	Missing description	no	no	yes	JSON sidecar
SequenceName	bids/sub-001/ses-01/anat/sub-001_ses-01_run-01_T1w.json	Missing description	no	no	yes	JSON sidecar
SequenceVariant	bids/sub-001/ses-01/anat/sub-001_ses-01_run-01_T1w.json	Missing description	no	no	yes	JSON sidecar
SeriesDescription	bids/sub-001/ses-01/anat/sub-001_ses-01_run-01_T1w.json	Missing description	no	no	yes	JSON sidecar
SeriesNumber	bids/sub-001/ses-01/anat/sub-001_ses-01_run-01_T1w.json	Missing description; Missing unit	no	no	yes	JSON sidecar
ShimSetting	bids/sub-001/ses-01/anat/sub-001_ses-01_run-01_T1w.json	Missing description	no	no	yes	JSON sidecar
SliceThickness	bids/sub-001/ses-01/anat/sub-001_ses-01_run-01_T1w.json	Missing description; Missing unit	no	no	yes	JSON sidecar
SoftwareVersions	bids/sub-001/ses-01/anat/sub-001_ses-01_run-01_T1w.json	Missing description	no	no	yes	JSON sidecar
SpoilingState	bids/sub-001/ses-01/anat/sub-001_ses-01_run-01_T1w.json	Missing description	no	no	yes	JSON sidecar
TxRefAmp	bids/sub-001/ses-01/anat/sub-001_ses-01_run-01_T1w.json	Missing description; Missing unit	no	no	yes	JSON sidecar
PhaseOversampling	bids/sub-001/ses-01/anat/sub-001_ses-01_run-03_T1w.json	Missing description; Missing unit	no	no	yes	JSON sidecar
EchoTrainLength	bids/sub-001/ses-01/anat/sub-001_ses-01_run-01_FLAIR.json	Missing description; Missing unit	no	no	yes	JSON sidecar
PhaseEncodingDirection	bids/sub-001/ses-01/anat/sub-001_ses-01_run-01_FLAIR.json	Missing description	no	no	yes	JSON sidecar
VariableFlipAngleFlag	bids/sub-001/ses-01/anat/sub-001_ses-01_run-01_FLAIR.json	Missing description	no	no	yes	JSON sidecar
BandwidthPerPixelPhaseEncode	bids/sub-001/ses-01/func/sub-001_ses-01_task-control_run-01_bold.json	Missing description; Missing unit	no	no	yes	JSON sidecar
DerivedVendorReportedEchoSpacing	bids/sub-001/ses-01/func/sub-001_ses-01_task-control_run-01_bold.json	Missing description; Missing unit	no	no	yes	JSON sidecar
EffectiveEchoSpacing	bids/sub-001/ses-01/func/sub-001_ses-01_task-control_run-01_bold.json	Missing description; Missing unit	no	no	yes	JSON sidecar
MultibandAccelerationFactor	bids/sub-001/ses-01/func/sub-001_ses-01_task-control_run-01_bold.json	Missing description; Missing unit	no	no	yes	JSON sidecar
SliceTiming	bids/sub-001/ses-01/func/sub-001_ses-01_task-control_run-01_bold.json	Missing description	no	no	yes	JSON sidecar
SpacingBetweenSlices	bids/sub-001/ses-01/func/sub-001_ses-01_task-control_run-01_bold.json	Missing description; Missing unit	no	no	yes	JSON sidecar
TotalReadoutTime	bids/sub-001/ses-01/func/sub-001_ses-01_task-control_run-01_bold.json	Missing description; Missing unit	no	no	yes	JSON sidecar
WipMemBlock	bids/sub-001/ses-01/func/sub-001_ses-01_task-control_run-01_bold.json	Missing description	no	no	yes	JSON sidecar
EchoTime1	bids/sub-001/ses-01/func/sub-001_ses-01_task-control_run-02_part-phase_bold.json	Missing description; Missing unit	no	no	yes	JSON sidecar
EchoTime2	bids/sub-001/ses-01/func/sub-001_ses-01_task-control_run-02_part-phase_bold.json	Missing description; Missing unit	no	no	yes	JSON sidecar
Description	bids/sub-001/ses-01/func/sub-001_ses-01_task-fmri_run-01_events.json	Missing description	no	no	yes	JSON sidecar
source_matlab_files	bids/sub-001/ses-01/func/sub-001_ses-01_task-fmri_run-01_events.json	Missing description	no	no	yes	JSON sidecar
source_sha256_16.REDACTED_PATH_KEY	bids/sub-001/ses-01/func/sub-001_ses-01_task-fmri_run-01_events.json	Missing description	no	no	yes	JSON sidecar
matlab_fmri_number	bids/sub-001/ses-01/func/sub-001_ses-01_task-fmri_run-01_events.json	Missing description; Missing unit	no	no	yes	JSON sidecar
confidence_level	bids/sub-001/ses-01/func/sub-001_ses-01_task-fmri_run-01_events.json	Missing description	no	no	yes	JSON sidecar
timing_basis	bids/sub-001/ses-01/func/sub-001_ses-01_task-movie_run-01_events.json	Missing description	no	no	yes	JSON sidecar
timing_basis_note	bids/sub-001/ses-01/func/sub-001_ses-01_task-movie_run-01_events.json	Missing description	no	no	yes	JSON sidecar
stimulus_duration_source	bids/sub-001/ses-01/func/sub-001_ses-01_task-movie_run-01_events.json	Missing description	no	no	yes	JSON sidecar
stimulus_duration_seconds	bids/sub-001/ses-01/func/sub-001_ses-01_task-movie_run-01_events.json	Missing description; Missing unit	no	no	yes	JSON sidecar
expected_volumes	bids/sub-001/ses-01/func/sub-001_ses-01_task-movie_run-01_events.json	Missing description; Missing unit	no	no	yes	JSON sidecar
expected_RepetitionTime	bids/sub-001/ses-01/func/sub-001_ses-01_task-movie_run-01_events.json	Missing description; Missing unit	no	no	yes	JSON sidecar
observed_n_volumes	bids/sub-001/ses-01/func/sub-001_ses-01_task-movie_run-01_events.json	Missing description; Missing unit	no	no	yes	JSON sidecar
observed_RepetitionTime	bids/sub-001/ses-01/func/sub-001_ses-01_task-movie_run-01_events.json	Missing description; Missing unit	no	no	yes	JSON sidecar
observed_scan_duration_seconds	bids/sub-001/ses-01/func/sub-001_ses-01_task-movie_run-01_events.json	Missing description; Missing unit	no	no	yes	JSON sidecar
stim_file	bids/sub-001/ses-01/func/sub-001_ses-01_task-movie_run-01_events.json	Missing description	no	no	yes	JSON sidecar
eye	bids/sub-001/ses-01/func/sub-001_ses-01_task-movie_run-01_events.json	Missing description	no	no	yes	JSON sidecar
movie_label	bids/sub-001/ses-01/func/sub-001_ses-01_task-movie_run-01_events.json	Missing description	no	no	yes	JSON sidecar
matlab_run_id	bids/sub-001/ses-01/func/sub-001_ses-01_task-movie_run-01_events.json	Missing description; Missing unit	no	no	yes	JSON sidecar
mapping_confidence	bids/sub-001/ses-01/func/sub-001_ses-01_task-movie_run-01_events.json	Missing description	no	no	yes	JSON sidecar
mapping_method	bids/sub-001/ses-01/func/sub-001_ses-01_task-movie_run-01_events.json	Missing description	no	no	yes	JSON sidecar
events_duration_seconds	bids/sub-001/ses-01/func/sub-001_ses-01_task-movie_run-01_events.json	Missing description; Missing unit	no	no	yes	JSON sidecar
duration_capped_to_scan	bids/sub-001/ses-01/func/sub-001_ses-01_task-movie_run-01_events.json	Missing description	no	no	yes	JSON sidecar
duration_cap_note	bids/sub-001/ses-01/func/sub-001_ses-01_task-movie_run-01_events.json	Missing description	no	no	yes	JSON sidecar
Source	bids/sub-002/ses-01/func/sub-002_ses-01_task-fmri_run-09_events.json	Missing description	no	no	yes	JSON sidecar
ReconstructionMethod	bids/sub-002/ses-01/func/sub-002_ses-01_task-fmri_run-09_events.json	Missing description	no	no	yes	JSON sidecar
Columns	bids/sub-001/ses-02/func/sub-001_ses-02_task-control_run-01_recording-pulse_physio.json	Missing description	no	no	yes	JSON sidecar
SampleTime_ms	bids/sub-001/ses-02/func/sub-001_ses-02_task-control_run-01_recording-pulse_physio.json	Missing description; Missing unit	no	no	yes	JSON sidecar
SamplingFrequency	bids/sub-001/ses-02/func/sub-001_ses-02_task-control_run-01_recording-pulse_physio.json	Missing description; Missing unit	no	no	yes	JSON sidecar
SiemensChannel	bids/sub-001/ses-02/func/sub-001_ses-02_task-control_run-01_recording-pulse_physio.json	Missing description	no	no	yes	JSON sidecar
StartTime	bids/sub-001/ses-02/func/sub-001_ses-02_task-control_run-01_recording-pulse_physio.json	Missing description; Missing unit	no	no	yes	JSON sidecar
StartTimeConfidence	bids/sub-001/ses-02/func/sub-001_ses-02_task-control_run-01_recording-pulse_physio.json	Missing description	no	no	yes	JSON sidecar
StartTimeMethod	bids/sub-001/ses-02/func/sub-001_ses-02_task-control_run-01_recording-pulse_physio.json	Missing description	no	no	yes	JSON sidecar
DiffusionScheme	bids/sub-001/ses-01/dwi/sub-001_ses-01_run-01_dwi.json	Missing description	no	no	yes	JSON sidecar
InstitutionalDepartmentName	bids/sub-001/ses-01/dwi/sub-001_ses-01_run-03_dwi.json	Missing description	no	no	yes	JSON sidecar
VendorReportedEchoSpacing	bids/sub-001/ses-01/dwi/sub-001_ses-01_run-05_dwi.json	Missing description; Missing unit	no	no	yes	JSON sidecar
RawImage	bids/sub-001/ses-01/dwi/sub-001_ses-01_run-07_dwi.json	Missing description	no	no	yes	JSON sidecar
RepetitionTimeExcitation	bids/sub-001/ses-01/dwi/sub-001_ses-01_run-11_dwi.json	Missing description; Missing unit	no	no	yes	JSON sidecar
IntendedFor	bids/sub-001/ses-01/fmap/sub-001_ses-01_dir-AP_run-01_epi.json	Missing description	no	no	yes	JSON sidecar
subject	derivatives/physiology_characterization/physio_mri_quality_master.tsv	Missing description	no	no	yes	Custom pipeline / Physiology
session	derivatives/physiology_characterization/physio_mri_quality_master.tsv	Missing description	no	no	yes	Custom pipeline / Physiology
task	derivatives/physiology_characterization/physio_mri_quality_master.tsv	Missing description	no	no	yes	Custom pipeline / Physiology
run	derivatives/physiology_characterization/physio_mri_quality_master.tsv	Missing description	no	no	yes	Custom pipeline / Physiology
cardiac_available	derivatives/physiology_characterization/physio_mri_quality_master.tsv	Missing description	no	no	yes	Custom pipeline / Physiology
resp_available	derivatives/physiology_characterization/physio_mri_quality_master.tsv	Missing description	no	no	yes	Custom pipeline / Physiology
trigger_available	derivatives/physiology_characterization/physio_mri_quality_master.tsv	Missing description	no	no	yes	Custom pipeline / Physiology
ecg_available	derivatives/physiology_characterization/physio_mri_quality_master.tsv	Missing description	no	no	yes	Custom pipeline / Physiology
cardiac_starttime	derivatives/physiology_characterization/physio_mri_quality_master.tsv	Missing description; Missing unit	no	no	yes	Custom pipeline / Physiology
resp_starttime	derivatives/physiology_characterization/physio_mri_quality_master.tsv	Missing description; Missing unit	no	no	yes	Custom pipeline / Physiology
trigger_starttime	derivatives/physiology_characterization/physio_mri_quality_master.tsv	Missing description; Missing unit	no	no	yes	Custom pipeline / Physiology
n_physio_files	derivatives/physiology_characterization/physio_mri_quality_master.tsv	Missing description; Missing unit	no	no	yes	Custom pipeline / Physiology
cardiac_n_samples	derivatives/physiology_characterization/physio_mri_quality_master.tsv	Missing description; Missing unit	no	no	yes	Custom pipeline / Physiology
cardiac_sf	derivatives/physiology_characterization/physio_mri_quality_master.tsv	Missing description; Missing unit	no	no	yes	Custom pipeline / Physiology
cardiac_mean_amp	derivatives/physiology_characterization/physio_mri_quality_master.tsv	Missing description; Missing unit	no	no	yes	Custom pipeline / Physiology
cardiac_amp_sd	derivatives/physiology_characterization/physio_mri_quality_master.tsv	Missing description; Missing unit	no	no	yes	Custom pipeline / Physiology
cardiac_variance	derivatives/physiology_characterization/physio_mri_quality_master.tsv	Missing description; Missing unit	no	no	yes	Custom pipeline / Physiology
cardiac_missing_fraction	derivatives/physiology_characterization/physio_mri_quality_master.tsv	Missing description; Missing unit	no	no	yes	Custom pipeline / Physiology
cardiac_amp_stability	derivatives/physiology_characterization/physio_mri_quality_master.tsv	Missing description; Missing unit	no	no	yes	Custom pipeline / Physiology
resp_n_samples	derivatives/physiology_characterization/physio_mri_quality_master.tsv	Missing description; Missing unit	no	no	yes	Custom pipeline / Physiology
resp_sf	derivatives/physiology_characterization/physio_mri_quality_master.tsv	Missing description; Missing unit	no	no	yes	Custom pipeline / Physiology
resp_variance	derivatives/physiology_characterization/physio_mri_quality_master.tsv	Missing description; Missing unit	no	no	yes	Custom pipeline / Physiology
resp_amp_stability	derivatives/physiology_characterization/physio_mri_quality_master.tsv	Missing description; Missing unit	no	no	yes	Custom pipeline / Physiology
resp_missing_fraction	derivatives/physiology_characterization/physio_mri_quality_master.tsv	Missing description; Missing unit	no	no	yes	Custom pipeline / Physiology
trigger_n_samples	derivatives/physiology_characterization/physio_mri_quality_master.tsv	Missing description; Missing unit	no	no	yes	Custom pipeline / Physiology
trigger_sf	derivatives/physiology_characterization/physio_mri_quality_master.tsv	Missing description; Missing unit	no	no	yes	Custom pipeline / Physiology
n_triggers	derivatives/physiology_characterization/physio_mri_quality_master.tsv	Missing description; Missing unit	no	no	yes	Custom pipeline / Physiology
median_TR_interval	derivatives/physiology_characterization/physio_mri_quality_master.tsv	Missing description	no	no	yes	Custom pipeline / Physiology
TR_sd	derivatives/physiology_characterization/physio_mri_quality_master.tsv	Missing description	no	no	yes	Custom pipeline / Physiology
TR_cv	derivatives/physiology_characterization/physio_mri_quality_master.tsv	Missing description	no	no	yes	Custom pipeline / Physiology
trigger_missing_fraction	derivatives/physiology_characterization/physio_mri_quality_master.tsv	Missing description; Missing unit	no	no	yes	Custom pipeline / Physiology
PRI_total	derivatives/physiology_characterization/physio_mri_quality_master.tsv	Missing description; Missing unit	no	no	yes	Custom pipeline / Physiology
PRI_trigger	derivatives/physiology_characterization/physio_mri_quality_master.tsv	Missing description; Missing unit	no	no	yes	Custom pipeline / Physiology
PRI_signal	derivatives/physiology_characterization/physio_mri_quality_master.tsv	Missing description; Missing unit	no	no	yes	Custom pipeline / Physiology
PRI_sampling	derivatives/physiology_characterization/physio_mri_quality_master.tsv	Missing description; Missing unit	no	no	yes	Custom pipeline / Physiology
PRI_availability	derivatives/physiology_characterization/physio_mri_quality_master.tsv	Missing description; Missing unit	no	no	yes	Custom pipeline / Physiology
PRI_quality	derivatives/physiology_characterization/physio_mri_quality_master.tsv	Missing description; Missing unit	no	no	yes	Custom pipeline / Physiology
mean_FD	derivatives/physiology_characterization/physio_mri_quality_master.tsv	Missing description; Missing unit	no	no	yes	Custom pipeline / Physiology
fd_perc_02	derivatives/physiology_characterization/physio_mri_quality_master.tsv	Missing description; Missing unit	no	no	yes	Custom pipeline / Physiology
DVARS	derivatives/physiology_characterization/physio_mri_quality_master.tsv	Missing description; Missing unit	no	no	yes	Custom pipeline / Physiology
tSNR	derivatives/physiology_characterization/physio_mri_quality_master.tsv	Missing description; Missing unit	no	no	yes	Custom pipeline / Physiology
gCOR	derivatives/physiology_characterization/physio_mri_quality_master.tsv	Missing description; Missing unit	no	no	yes	Custom pipeline / Physiology
SNR	derivatives/physiology_characterization/physio_mri_quality_master.tsv	Missing description; Missing unit	no	no	yes	Custom pipeline / Physiology
metric	derivatives/physiology_characterization/variance_partitioning.tsv	Missing description	no	no	yes	Custom pipeline / Physiology
n_subjects	derivatives/physiology_characterization/variance_partitioning.tsv	Missing description; Missing unit	no	no	yes	Custom pipeline / Physiology
n_subjects_with_repeats	derivatives/physiology_characterization/variance_partitioning.tsv	Missing description; Missing unit	no	no	yes	Custom pipeline / Physiology
between_subject_variance	derivatives/physiology_characterization/variance_partitioning.tsv	Missing description; Missing unit	no	no	yes	Custom pipeline / Physiology
within_subject_variance	derivatives/physiology_characterization/variance_partitioning.tsv	Missing description; Missing unit	no	no	yes	Custom pipeline / Physiology
between_subject_fraction	derivatives/physiology_characterization/variance_partitioning.tsv	Missing description; Missing unit	no	no	yes	Custom pipeline / Physiology
within_subject_fraction	derivatives/physiology_characterization/variance_partitioning.tsv	Missing description; Missing unit	no	no	yes	Custom pipeline / Physiology
interpretation	derivatives/physiology_characterization/variance_partitioning.tsv	Missing description	no	no	yes	Custom pipeline / Physiology
subject	derivatives/physiology_characterization/physiology_characterization_summary.tsv	Missing description	no	no	yes	Custom pipeline / Physiology
session	derivatives/physiology_characterization/physiology_characterization_summary.tsv	Missing description	no	no	yes	Custom pipeline / Physiology
task	derivatives/physiology_characterization/physiology_characterization_summary.tsv	Missing description	no	no	yes	Custom pipeline / Physiology
run	derivatives/physiology_characterization/physiology_characterization_summary.tsv	Missing description; Missing unit	no	no	yes	Custom pipeline / Physiology
recording	derivatives/physiology_characterization/physiology_characterization_summary.tsv	Missing description	no	no	yes	Custom pipeline / Physiology
channel	derivatives/physiology_characterization/physiology_characterization_summary.tsv	Missing description	no	no	yes	Custom pipeline / Physiology
channel_family	derivatives/physiology_characterization/physiology_characterization_summary.tsv	Missing description	no	no	yes	Custom pipeline / Physiology
sampling_frequency	derivatives/physiology_characterization/physiology_characterization_summary.tsv	Missing description; Missing unit	no	no	yes	Custom pipeline / Physiology
duration_seconds	derivatives/physiology_characterization/physiology_characterization_summary.tsv	Missing description; Missing unit	no	no	yes	Custom pipeline / Physiology
n_samples	derivatives/physiology_characterization/physiology_characterization_summary.tsv	Missing description; Missing unit	no	no	yes	Custom pipeline / Physiology
physiology_quality_score	derivatives/physiology_characterization/physiology_characterization_summary.tsv	Missing description; Missing unit	no	no	yes	Custom pipeline / Physiology
status	derivatives/physiology_characterization/physiology_characterization_summary.tsv	Missing description	no	no	yes	Custom pipeline / Physiology
fail_reason	derivatives/physiology_characterization/physiology_characterization_summary.tsv	Missing description	no	no	no	Custom pipeline / Physiology
card_number_of_peaks	derivatives/physiology_characterization/physiology_characterization_summary.tsv	Missing description; Missing unit	no	no	yes	Custom pipeline / Physiology
card_mean_HR_bpm	derivatives/physiology_characterization/physiology_characterization_summary.tsv	Missing description; Missing unit	no	no	yes	Custom pipeline / Physiology
card_median_HR_bpm	derivatives/physiology_characterization/physiology_characterization_summary.tsv	Missing description; Missing unit	no	no	yes	Custom pipeline / Physiology
card_HR_std	derivatives/physiology_characterization/physiology_characterization_summary.tsv	Missing description; Missing unit	no	no	yes	Custom pipeline / Physiology
card_HR_min	derivatives/physiology_characterization/physiology_characterization_summary.tsv	Missing description; Missing unit	no	no	yes	Custom pipeline / Physiology
card_HR_max	derivatives/physiology_characterization/physiology_characterization_summary.tsv	Missing description; Missing unit	no	no	yes	Custom pipeline / Physiology
card_RMSSD	derivatives/physiology_characterization/physiology_characterization_summary.tsv	Missing description; Missing unit	no	no	yes	Custom pipeline / Physiology
card_SDNN	derivatives/physiology_characterization/physiology_characterization_summary.tsv	Missing description; Missing unit	no	no	yes	Custom pipeline / Physiology
card_HR_STATUS	derivatives/physiology_characterization/physiology_characterization_summary.tsv	Missing description	no	no	yes	Custom pipeline / Physiology
resp_mean_respiratory_rate_bpm	derivatives/physiology_characterization/physiology_characterization_summary.tsv	Missing description; Missing unit	no	no	yes	Custom pipeline / Physiology
resp_respiratory_rate_std	derivatives/physiology_characterization/physiology_characterization_summary.tsv	Missing description; Missing unit	no	no	yes	Custom pipeline / Physiology
resp_signal_amplitude	derivatives/physiology_characterization/physiology_characterization_summary.tsv	Missing description; Missing unit	no	no	yes	Custom pipeline / Physiology
resp_respiratory_variability	derivatives/physiology_characterization/physiology_characterization_summary.tsv	Missing description; Missing unit	no	no	yes	Custom pipeline / Physiology
resp_n_cycles	derivatives/physiology_characterization/physiology_characterization_summary.tsv	Missing description; Missing unit	no	no	yes	Custom pipeline / Physiology
resp_RR_STATUS	derivatives/physiology_characterization/physiology_characterization_summary.tsv	Missing description	no	no	yes	Custom pipeline / Physiology
trig_number_of_triggers	derivatives/physiology_characterization/physiology_characterization_summary.tsv	Missing description; Missing unit	no	no	yes	Custom pipeline / Physiology
trig_median_TR	derivatives/physiology_characterization/physiology_characterization_summary.tsv	Missing description	no	no	yes	Custom pipeline / Physiology
trig_TR_std	derivatives/physiology_characterization/physiology_characterization_summary.tsv	Missing description	no	no	yes	Custom pipeline / Physiology
trig_TR_min	derivatives/physiology_characterization/physiology_characterization_summary.tsv	Missing description	no	no	yes	Custom pipeline / Physiology
trig_TR_max	derivatives/physiology_characterization/physiology_characterization_summary.tsv	Missing description	no	no	yes	Custom pipeline / Physiology
trig_TR_jitter_ms	derivatives/physiology_characterization/physiology_characterization_summary.tsv	Missing description	no	no	yes	Custom pipeline / Physiology
trig_TR_STATUS	derivatives/physiology_characterization/physiology_characterization_summary.tsv	Missing description	no	no	yes	Custom pipeline / Physiology
q_missing_fraction	derivatives/physiology_characterization/physiology_characterization_summary.tsv	Missing description; Missing unit	no	no	yes	Custom pipeline / Physiology
q_flatline_fraction	derivatives/physiology_characterization/physiology_characterization_summary.tsv	Missing description; Missing unit	no	no	yes	Custom pipeline / Physiology
q_signal_range	derivatives/physiology_characterization/physiology_characterization_summary.tsv	Missing description; Missing unit	no	no	yes	Custom pipeline / Physiology
q_signal_std	derivatives/physiology_characterization/physiology_characterization_summary.tsv	Missing description; Missing unit	no	no	yes	Custom pipeline / Physiology
q_noise_estimate	derivatives/physiology_characterization/physiology_characterization_summary.tsv	Missing description; Missing unit	no	no	yes	Custom pipeline / Physiology
q_constant_signal	derivatives/physiology_characterization/physiology_characterization_summary.tsv	Missing description; Missing unit	no	no	yes	Custom pipeline / Physiology
q_saturated_signal	derivatives/physiology_characterization/physiology_characterization_summary.tsv	Missing description; Missing unit	no	no	yes	Custom pipeline / Physiology
q_large_gaps	derivatives/physiology_characterization/physiology_characterization_summary.tsv	Missing description; Missing unit	no	no	yes	Custom pipeline / Physiology
bids_name	derivatives/physiology_characterization/physiology_characterization_summary.tsv	Missing description	no	no	yes	Custom pipeline / Physiology
relative_path	derivatives/physiology_characterization/physiology_characterization_summary.tsv	Missing description	no	no	yes	Custom pipeline / Physiology
card_detectability	derivatives/physiology_characterization/physiology_characterization_summary.tsv	Missing description; Missing unit	no	no	yes	Custom pipeline / Physiology
resp_detectability	derivatives/physiology_characterization/physiology_characterization_summary.tsv	Missing description; Missing unit	no	no	yes	Custom pipeline / Physiology
trig_detectability	derivatives/physiology_characterization/physiology_characterization_summary.tsv	Missing description; Missing unit	no	no	yes	Custom pipeline / Physiology
outcome	derivatives/physiology_characterization/PRI_MRI_association_statistics.tsv	Missing description	no	no	yes	Custom pipeline / Physiology
n	derivatives/physiology_characterization/PRI_MRI_association_statistics.tsv	Missing description; Missing unit	no	no	yes	Custom pipeline / Physiology
rho	derivatives/physiology_characterization/PRI_MRI_association_statistics.tsv	Missing description; Missing unit	no	no	yes	Custom pipeline / Physiology
p	derivatives/physiology_characterization/PRI_MRI_association_statistics.tsv	Missing description; Missing unit	no	no	yes	Custom pipeline / Physiology
ci_low	derivatives/physiology_characterization/PRI_MRI_association_statistics.tsv	Missing description; Missing unit	no	no	yes	Custom pipeline / Physiology
ci_high	derivatives/physiology_characterization/PRI_MRI_association_statistics.tsv	Missing description; Missing unit	no	no	yes	Custom pipeline / Physiology
R2	derivatives/physiology_characterization/PRI_MRI_association_statistics.tsv	Missing description; Missing unit	no	no	yes	Custom pipeline / Physiology
subject	derivatives/physiology_characterization/physiology_characterization_subject.tsv	Missing description	no	no	yes	Custom pipeline / Physiology
session	derivatives/physiology_characterization/physiology_characterization_subject.tsv	Missing description	no	no	yes	Custom pipeline / Physiology
n_recordings	derivatives/physiology_characterization/physiology_characterization_subject.tsv	Missing description; Missing unit	no	no	yes	Custom pipeline / Physiology
cardiac_available	derivatives/physiology_characterization/physiology_characterization_subject.tsv	Missing description	no	no	yes	Custom pipeline / Physiology
resp_available	derivatives/physiology_characterization/physiology_characterization_subject.tsv	Missing description	no	no	yes	Custom pipeline / Physiology
trigger_available	derivatives/physiology_characterization/physiology_characterization_subject.tsv	Missing description	no	no	yes	Custom pipeline / Physiology
mean_HR	derivatives/physiology_characterization/physiology_characterization_subject.tsv	Missing description; Missing unit	no	no	yes	Custom pipeline / Physiology
mean_RR	derivatives/physiology_characterization/physiology_characterization_subject.tsv	Missing description; Missing unit	no	no	yes	Custom pipeline / Physiology
HRV_RMSSD	derivatives/physiology_characterization/physiology_characterization_subject.tsv	Missing description; Missing unit	no	no	yes	Custom pipeline / Physiology
TR_jitter	derivatives/physiology_characterization/physiology_characterization_subject.tsv	Missing description	no	no	yes	Custom pipeline / Physiology
quality_score	derivatives/physiology_characterization/physiology_characterization_subject.tsv	Missing description; Missing unit	no	no	yes	Custom pipeline / Physiology
overall_status	derivatives/physiology_characterization/physiology_characterization_subject.tsv	Missing description	no	no	yes	Custom pipeline / Physiology
modality	derivatives/physiology_characterization/figures_publication/peripheral_completeness_by_session.tsv	Missing description	no	no	yes	Custom pipeline / Physiology
recording	derivatives/physiology_characterization/figures_publication/peripheral_completeness_by_session.tsv	Missing description	no	no	yes	Custom pipeline / Physiology
ses-01_n_subjects	derivatives/physiology_characterization/figures_publication/peripheral_completeness_by_session.tsv	Missing description; Missing unit	no	no	yes	Custom pipeline / Physiology
ses-01_n_available	derivatives/physiology_characterization/figures_publication/peripheral_completeness_by_session.tsv	Missing description; Missing unit	no	no	yes	Custom pipeline / Physiology
ses-01_fraction	derivatives/physiology_characterization/figures_publication/peripheral_completeness_by_session.tsv	Missing description; Missing unit	no	no	yes	Custom pipeline / Physiology
ses-02_n_subjects	derivatives/physiology_characterization/figures_publication/peripheral_completeness_by_session.tsv	Missing description; Missing unit	no	no	yes	Custom pipeline / Physiology
ses-02_n_available	derivatives/physiology_characterization/figures_publication/peripheral_completeness_by_session.tsv	Missing description; Missing unit	no	no	yes	Custom pipeline / Physiology
ses-02_fraction	derivatives/physiology_characterization/figures_publication/peripheral_completeness_by_session.tsv	Missing description; Missing unit	no	no	yes	Custom pipeline / Physiology
outcome	derivatives/physiology_characterization/longitudinal_change_associations.tsv	Missing description	no	no	yes	Custom pipeline / Physiology
n	derivatives/physiology_characterization/longitudinal_change_associations.tsv	Missing description; Missing unit	no	no	yes	Custom pipeline / Physiology
rho	derivatives/physiology_characterization/longitudinal_change_associations.tsv	Missing description; Missing unit	no	no	yes	Custom pipeline / Physiology
p	derivatives/physiology_characterization/longitudinal_change_associations.tsv	Missing description; Missing unit	no	no	yes	Custom pipeline / Physiology
ci_low	derivatives/physiology_characterization/longitudinal_change_associations.tsv	Missing description; Missing unit	no	no	yes	Custom pipeline / Physiology
ci_high	derivatives/physiology_characterization/longitudinal_change_associations.tsv	Missing description; Missing unit	no	no	yes	Custom pipeline / Physiology
R2	derivatives/physiology_characterization/longitudinal_change_associations.tsv	Missing description; Missing unit	no	no	yes	Custom pipeline / Physiology
subject	derivatives/physiology_characterization/PRI_components.tsv	Missing description	no	no	yes	Custom pipeline / Physiology
session	derivatives/physiology_characterization/PRI_components.tsv	Missing description	no	no	yes	Custom pipeline / Physiology
task	derivatives/physiology_characterization/PRI_components.tsv	Missing description	no	no	yes	Custom pipeline / Physiology
run	derivatives/physiology_characterization/PRI_components.tsv	Missing description	no	no	yes	Custom pipeline / Physiology
PRI_total	derivatives/physiology_characterization/PRI_components.tsv	Missing description; Missing unit	no	no	yes	Custom pipeline / Physiology
PRI_trigger	derivatives/physiology_characterization/PRI_components.tsv	Missing description; Missing unit	no	no	yes	Custom pipeline / Physiology
PRI_signal	derivatives/physiology_characterization/PRI_components.tsv	Missing description; Missing unit	no	no	yes	Custom pipeline / Physiology
PRI_sampling	derivatives/physiology_characterization/PRI_components.tsv	Missing description; Missing unit	no	no	yes	Custom pipeline / Physiology
subject	derivatives/physiology_characterization/physiology_raw_metrics.tsv	Missing description	no	no	yes	Custom pipeline / Physiology
session	derivatives/physiology_characterization/physiology_raw_metrics.tsv	Missing description	no	no	yes	Custom pipeline / Physiology
task	derivatives/physiology_characterization/physiology_raw_metrics.tsv	Missing description	no	no	yes	Custom pipeline / Physiology
run	derivatives/physiology_characterization/physiology_raw_metrics.tsv	Missing description	no	no	yes	Custom pipeline / Physiology
cardiac_available	derivatives/physiology_characterization/physiology_raw_metrics.tsv	Missing description	no	no	yes	Custom pipeline / Physiology
resp_available	derivatives/physiology_characterization/physiology_raw_metrics.tsv	Missing description	no	no	yes	Custom pipeline / Physiology
trigger_available	derivatives/physiology_characterization/physiology_raw_metrics.tsv	Missing description	no	no	yes	Custom pipeline / Physiology
ecg_available	derivatives/physiology_characterization/physiology_raw_metrics.tsv	Missing description	no	no	yes	Custom pipeline / Physiology
cardiac_n_samples	derivatives/physiology_characterization/physiology_raw_metrics.tsv	Missing description; Missing unit	no	no	yes	Custom pipeline / Physiology
cardiac_sf	derivatives/physiology_characterization/physiology_raw_metrics.tsv	Missing description; Missing unit	no	no	yes	Custom pipeline / Physiology
cardiac_mean_amp	derivatives/physiology_characterization/physiology_raw_metrics.tsv	Missing description; Missing unit	no	no	yes	Custom pipeline / Physiology
cardiac_amp_sd	derivatives/physiology_characterization/physiology_raw_metrics.tsv	Missing description; Missing unit	no	no	yes	Custom pipeline / Physiology
cardiac_variance	derivatives/physiology_characterization/physiology_raw_metrics.tsv	Missing description; Missing unit	no	no	yes	Custom pipeline / Physiology
cardiac_missing_fraction	derivatives/physiology_characterization/physiology_raw_metrics.tsv	Missing description; Missing unit	no	no	yes	Custom pipeline / Physiology
cardiac_amp_stability	derivatives/physiology_characterization/physiology_raw_metrics.tsv	Missing description; Missing unit	no	no	yes	Custom pipeline / Physiology
resp_n_samples	derivatives/physiology_characterization/physiology_raw_metrics.tsv	Missing description; Missing unit	no	no	yes	Custom pipeline / Physiology
resp_sf	derivatives/physiology_characterization/physiology_raw_metrics.tsv	Missing description; Missing unit	no	no	yes	Custom pipeline / Physiology
resp_variance	derivatives/physiology_characterization/physiology_raw_metrics.tsv	Missing description; Missing unit	no	no	yes	Custom pipeline / Physiology
resp_amp_stability	derivatives/physiology_characterization/physiology_raw_metrics.tsv	Missing description; Missing unit	no	no	yes	Custom pipeline / Physiology
resp_missing_fraction	derivatives/physiology_characterization/physiology_raw_metrics.tsv	Missing description; Missing unit	no	no	yes	Custom pipeline / Physiology
n_triggers	derivatives/physiology_characterization/physiology_raw_metrics.tsv	Missing description; Missing unit	no	no	yes	Custom pipeline / Physiology
median_TR_interval	derivatives/physiology_characterization/physiology_raw_metrics.tsv	Missing description	no	no	yes	Custom pipeline / Physiology
TR_sd	derivatives/physiology_characterization/physiology_raw_metrics.tsv	Missing description	no	no	yes	Custom pipeline / Physiology
TR_cv	derivatives/physiology_characterization/physiology_raw_metrics.tsv	Missing description	no	no	yes	Custom pipeline / Physiology
trigger_missing_fraction	derivatives/physiology_characterization/physiology_raw_metrics.tsv	Missing description; Missing unit	no	no	yes	Custom pipeline / Physiology
trigger_sf	derivatives/physiology_characterization/physiology_raw_metrics.tsv	Missing description; Missing unit	no	no	yes	Custom pipeline / Physiology
cardiac_starttime	derivatives/physiology_characterization/physiology_raw_metrics.tsv	Missing description; Missing unit	no	no	yes	Custom pipeline / Physiology
resp_starttime	derivatives/physiology_characterization/physiology_raw_metrics.tsv	Missing description; Missing unit	no	no	yes	Custom pipeline / Physiology
trigger_starttime	derivatives/physiology_characterization/physiology_raw_metrics.tsv	Missing description; Missing unit	no	no	yes	Custom pipeline / Physiology
PRI_total	derivatives/physiology_characterization/physiology_raw_metrics.tsv	Missing description; Missing unit	no	no	yes	Custom pipeline / Physiology
PRI_trigger	derivatives/physiology_characterization/physiology_raw_metrics.tsv	Missing description; Missing unit	no	no	yes	Custom pipeline / Physiology
PRI_signal	derivatives/physiology_characterization/physiology_raw_metrics.tsv	Missing description; Missing unit	no	no	yes	Custom pipeline / Physiology
PRI_sampling	derivatives/physiology_characterization/physiology_raw_metrics.tsv	Missing description; Missing unit	no	no	yes	Custom pipeline / Physiology
participant_id	derivatives/physiology_characterization/PRI.tsv	Missing description	no	no	yes	Custom pipeline / Physiology
session_id	derivatives/physiology_characterization/PRI.tsv	Missing description	no	no	yes	Custom pipeline / Physiology
task	derivatives/physiology_characterization/PRI.tsv	Missing description	no	no	yes	Custom pipeline / Physiology
run	derivatives/physiology_characterization/PRI.tsv	Missing description	no	no	yes	Custom pipeline / Physiology
physio_reliability_index	derivatives/physiology_characterization/PRI.tsv	Missing description; Missing unit	no	no	yes	Custom pipeline / Physiology
subject	derivatives/physiology_characterization/longitudinal_pairs_detail.tsv	Missing description	no	no	yes	Custom pipeline / Physiology
task	derivatives/physiology_characterization/longitudinal_pairs_detail.tsv	Missing description	no	no	yes	Custom pipeline / Physiology
run	derivatives/physiology_characterization/longitudinal_pairs_detail.tsv	Missing description	no	no	yes	Custom pipeline / Physiology
session_a	derivatives/physiology_characterization/longitudinal_pairs_detail.tsv	Missing description	no	no	yes	Custom pipeline / Physiology
session_b	derivatives/physiology_characterization/longitudinal_pairs_detail.tsv	Missing description	no	no	yes	Custom pipeline / Physiology
delta_PRI	derivatives/physiology_characterization/longitudinal_pairs_detail.tsv	Missing description; Missing unit	no	no	yes	Custom pipeline / Physiology
delta_FD	derivatives/physiology_characterization/longitudinal_pairs_detail.tsv	Missing description; Missing unit	no	no	yes	Custom pipeline / Physiology
delta_tSNR	derivatives/physiology_characterization/longitudinal_pairs_detail.tsv	Missing description; Missing unit	no	no	yes	Custom pipeline / Physiology
delta_DVARS	derivatives/physiology_characterization/longitudinal_pairs_detail.tsv	Missing description; Missing unit	no	no	yes	Custom pipeline / Physiology
PRI_a	derivatives/physiology_characterization/longitudinal_pairs_detail.tsv	Missing description; Missing unit	no	no	yes	Custom pipeline / Physiology
PRI_b	derivatives/physiology_characterization/longitudinal_pairs_detail.tsv	Missing description; Missing unit	no	no	yes	Custom pipeline / Physiology
metric	derivatives/physiology_characterization/longitudinal_ICC_results.tsv	Missing description	no	no	yes	Custom pipeline / Physiology
n_subjects	derivatives/physiology_characterization/longitudinal_ICC_results.tsv	Missing description; Missing unit	no	no	yes	Custom pipeline / Physiology
ICC	derivatives/physiology_characterization/longitudinal_ICC_results.tsv	Missing description; Missing unit	no	no	yes	Custom pipeline / Physiology
CI95_low	derivatives/physiology_characterization/longitudinal_ICC_results.tsv	Missing description; Missing unit	no	no	yes	Custom pipeline / Physiology
CI95_high	derivatives/physiology_characterization/longitudinal_ICC_results.tsv	Missing description; Missing unit	no	no	yes	Custom pipeline / Physiology
interpretation	derivatives/physiology_characterization/longitudinal_ICC_results.tsv	Missing description	no	no	yes	Custom pipeline / Physiology
participant_id	derivatives/physiology_qc/trigger_qc.tsv	Missing description; Missing unit	no	no	yes	Custom pipeline / Physiology
session_id	derivatives/physiology_qc/trigger_qc.tsv	Missing description; Missing unit	no	no	yes	Custom pipeline / Physiology
task	derivatives/physiology_qc/trigger_qc.tsv	Missing description	no	no	yes	Custom pipeline / Physiology
run	derivatives/physiology_qc/trigger_qc.tsv	Missing description; Missing unit	no	no	yes	Custom pipeline / Physiology
file_path_relative	derivatives/physiology_qc/trigger_qc.tsv	Missing description	no	no	yes	Custom pipeline / Physiology
trigger_count	derivatives/physiology_qc/trigger_qc.tsv	Missing description; Missing unit	no	no	yes	Custom pipeline / Physiology
median_interval	derivatives/physiology_qc/trigger_qc.tsv	Missing description	no	no	yes	Custom pipeline / Physiology
mean_interval	derivatives/physiology_qc/trigger_qc.tsv	Missing description	no	no	yes	Custom pipeline / Physiology
std_interval	derivatives/physiology_qc/trigger_qc.tsv	Missing description	no	no	yes	Custom pipeline / Physiology
estimated_TR	derivatives/physiology_qc/trigger_qc.tsv	Missing description	no	no	yes	Custom pipeline / Physiology
bold_TR	derivatives/physiology_qc/trigger_qc.tsv	Missing description; Missing unit	no	no	yes	Custom pipeline / Physiology
n_bold_volumes	derivatives/physiology_qc/trigger_qc.tsv	Missing description; Missing unit	no	no	yes	Custom pipeline / Physiology
TR_difference	derivatives/physiology_qc/trigger_qc.tsv	Missing description	no	no	yes	Custom pipeline / Physiology
TR_relative_diff	derivatives/physiology_qc/trigger_qc.tsv	Missing description	no	no	yes	Custom pipeline / Physiology
trigger_status	derivatives/physiology_qc/trigger_qc.tsv	Missing description	no	no	yes	Custom pipeline / Physiology
confidence	derivatives/physiology_qc/starttime_summary.tsv	Missing description	no	no	yes	Custom pipeline / Physiology
n_files	derivatives/physiology_qc/starttime_summary.tsv	Missing description; Missing unit	no	no	yes	Custom pipeline / Physiology
participant_id	derivatives/physiology_qc/physiology_qc_summary.tsv	Missing description; Missing unit	no	no	yes	Custom pipeline / Physiology
session_id	derivatives/physiology_qc/physiology_qc_summary.tsv	Missing description; Missing unit	no	no	yes	Custom pipeline / Physiology
task	derivatives/physiology_qc/physiology_qc_summary.tsv	Missing description	no	no	yes	Custom pipeline / Physiology
run	derivatives/physiology_qc/physiology_qc_summary.tsv	Missing description; Missing unit	no	no	yes	Custom pipeline / Physiology
recording_type	derivatives/physiology_qc/physiology_qc_summary.tsv	Missing description	no	no	yes	Custom pipeline / Physiology
channel	derivatives/physiology_qc/physiology_qc_summary.tsv	Missing description	no	no	yes	Custom pipeline / Physiology
file_path_relative	derivatives/physiology_qc/physiology_qc_summary.tsv	Missing description	no	no	yes	Custom pipeline / Physiology
sampling_frequency	derivatives/physiology_qc/physiology_qc_summary.tsv	Missing description; Missing unit	no	no	yes	Custom pipeline / Physiology
sample_count	derivatives/physiology_qc/physiology_qc_summary.tsv	Missing description; Missing unit	no	no	yes	Custom pipeline / Physiology
duration_seconds	derivatives/physiology_qc/physiology_qc_summary.tsv	Missing description; Missing unit	no	no	yes	Custom pipeline / Physiology
StartTime	derivatives/physiology_qc/physiology_qc_summary.tsv	Missing description; Missing unit	no	no	yes	Custom pipeline / Physiology
StartTimeConfidence	derivatives/physiology_qc/physiology_qc_summary.tsv	Missing description	no	no	yes	Custom pipeline / Physiology
SiemensChannel	derivatives/physiology_qc/physiology_qc_summary.tsv	Missing description	no	no	yes	Custom pipeline / Physiology
nan_fraction	derivatives/physiology_qc/physiology_qc_summary.tsv	Missing description; Missing unit	no	no	yes	Custom pipeline / Physiology
min	derivatives/physiology_qc/physiology_qc_summary.tsv	Missing description; Missing unit	no	no	yes	Custom pipeline / Physiology
max	derivatives/physiology_qc/physiology_qc_summary.tsv	Missing description; Missing unit	no	no	yes	Custom pipeline / Physiology
mean	derivatives/physiology_qc/physiology_qc_summary.tsv	Missing description; Missing unit	no	no	yes	Custom pipeline / Physiology
std	derivatives/physiology_qc/physiology_qc_summary.tsv	Missing description; Missing unit	no	no	yes	Custom pipeline / Physiology
p01	derivatives/physiology_qc/physiology_qc_summary.tsv	Missing description; Missing unit	no	no	yes	Custom pipeline / Physiology
p50	derivatives/physiology_qc/physiology_qc_summary.tsv	Missing description; Missing unit	no	no	yes	Custom pipeline / Physiology
p99	derivatives/physiology_qc/physiology_qc_summary.tsv	Missing description; Missing unit	no	no	yes	Custom pipeline / Physiology
flags	derivatives/physiology_qc/physiology_qc_summary.tsv	Missing description	no	no	yes	Custom pipeline / Physiology
PhysioQualityScore	derivatives/physiology_qc/physiology_qc_summary.tsv	Missing description; Missing unit	no	no	yes	Custom pipeline / Physiology
PhysioQualityCategory	derivatives/physiology_qc/physiology_qc_summary.tsv	Missing description	no	no	yes	Custom pipeline / Physiology
qc_status	derivatives/physiology_qc/physiology_qc_summary.tsv	Missing description	no	no	yes	Custom pipeline / Physiology
participant_id	derivatives/physiology_qc/physiology_inventory.tsv	Missing description; Missing unit	no	no	yes	Custom pipeline / Physiology
session_id	derivatives/physiology_qc/physiology_inventory.tsv	Missing description; Missing unit	no	no	yes	Custom pipeline / Physiology
task	derivatives/physiology_qc/physiology_inventory.tsv	Missing description	no	no	yes	Custom pipeline / Physiology
run	derivatives/physiology_qc/physiology_inventory.tsv	Missing description; Missing unit	no	no	yes	Custom pipeline / Physiology
recording_type	derivatives/physiology_qc/physiology_inventory.tsv	Missing description	no	no	yes	Custom pipeline / Physiology
channel	derivatives/physiology_qc/physiology_inventory.tsv	Missing description	no	no	yes	Custom pipeline / Physiology
file_path_relative	derivatives/physiology_qc/physiology_inventory.tsv	Missing description	no	no	yes	Custom pipeline / Physiology
sampling_frequency	derivatives/physiology_qc/physiology_inventory.tsv	Missing description; Missing unit	no	no	yes	Custom pipeline / Physiology
sample_count	derivatives/physiology_qc/physiology_inventory.tsv	Missing description; Missing unit	no	no	yes	Custom pipeline / Physiology
duration_seconds	derivatives/physiology_qc/physiology_inventory.tsv	Missing description; Missing unit	no	no	yes	Custom pipeline / Physiology
StartTime	derivatives/physiology_qc/physiology_inventory.tsv	Missing description; Missing unit	no	no	yes	Custom pipeline / Physiology
StartTimeConfidence	derivatives/physiology_qc/physiology_inventory.tsv	Missing description	no	no	yes	Custom pipeline / Physiology
SiemensChannel	derivatives/physiology_qc/physiology_inventory.tsv	Missing description	no	no	yes	Custom pipeline / Physiology
participant	derivatives/physiology_qc/physio_bold_alignment.tsv	Missing description; Missing unit	no	no	yes	Custom pipeline / Physiology
session	derivatives/physiology_qc/physio_bold_alignment.tsv	Missing description; Missing unit	no	no	yes	Custom pipeline / Physiology
task	derivatives/physiology_qc/physio_bold_alignment.tsv	Missing description	no	no	yes	Custom pipeline / Physiology
run	derivatives/physiology_qc/physio_bold_alignment.tsv	Missing description; Missing unit	no	no	yes	Custom pipeline / Physiology
bold_duration	derivatives/physiology_qc/physio_bold_alignment.tsv	Missing description; Missing unit	no	no	yes	Custom pipeline / Physiology
physio_duration	derivatives/physiology_qc/physio_bold_alignment.tsv	Missing description; Missing unit	no	no	yes	Custom pipeline / Physiology
duration_difference	derivatives/physiology_qc/physio_bold_alignment.tsv	Missing description; Missing unit	no	no	yes	Custom pipeline / Physiology
StartTime	derivatives/physiology_qc/physio_bold_alignment.tsv	Missing description; Missing unit	no	no	yes	Custom pipeline / Physiology
TR_match	derivatives/physiology_qc/physio_bold_alignment.tsv	Missing description	no	no	yes	Custom pipeline / Physiology
alignment_status	derivatives/physiology_qc/physio_bold_alignment.tsv	Missing description	no	no	yes	Custom pipeline / Physiology
trans_x	derivatives/mriqc/sub-027/ses-01/func/sub-027_ses-01_task-movie_run-03_timeseries.tsv	Missing description; Missing unit	no	no	yes	MRIQC
trans_y	derivatives/mriqc/sub-027/ses-01/func/sub-027_ses-01_task-movie_run-03_timeseries.tsv	Missing description; Missing unit	no	no	yes	MRIQC
trans_z	derivatives/mriqc/sub-027/ses-01/func/sub-027_ses-01_task-movie_run-03_timeseries.tsv	Missing description; Missing unit	no	no	yes	MRIQC
rot_x	derivatives/mriqc/sub-027/ses-01/func/sub-027_ses-01_task-movie_run-03_timeseries.tsv	Missing description; Missing unit	no	no	yes	MRIQC
rot_y	derivatives/mriqc/sub-027/ses-01/func/sub-027_ses-01_task-movie_run-03_timeseries.tsv	Missing description; Missing unit	no	no	yes	MRIQC
rot_z	derivatives/mriqc/sub-027/ses-01/func/sub-027_ses-01_task-movie_run-03_timeseries.tsv	Missing description; Missing unit	no	no	yes	MRIQC
dvars_std	derivatives/mriqc/sub-027/ses-01/func/sub-027_ses-01_task-movie_run-03_timeseries.tsv	Missing description; Missing unit	no	no	yes	MRIQC
dvars_nstd	derivatives/mriqc/sub-027/ses-01/func/sub-027_ses-01_task-movie_run-03_timeseries.tsv	Missing description; Missing unit	no	no	yes	MRIQC
dvars_vstd	derivatives/mriqc/sub-027/ses-01/func/sub-027_ses-01_task-movie_run-03_timeseries.tsv	Missing description; Missing unit	no	no	yes	MRIQC
framewise_displacement	derivatives/mriqc/sub-027/ses-01/func/sub-027_ses-01_task-movie_run-03_timeseries.tsv	Missing description; Missing unit	no	no	yes	MRIQC
aqi	derivatives/mriqc/sub-027/ses-01/func/sub-027_ses-01_task-movie_run-03_timeseries.tsv	Missing description; Missing unit	no	no	yes	MRIQC
aor	derivatives/mriqc/sub-027/ses-01/func/sub-027_ses-01_task-movie_run-03_timeseries.tsv	Missing description; Missing unit	no	no	yes	MRIQC
trans_x	derivatives/mriqc/sub-027/ses-01/func/sub-027_ses-01_task-control_run-03_timeseries.tsv	Missing description; Missing unit	no	no	yes	MRIQC
trans_y	derivatives/mriqc/sub-027/ses-01/func/sub-027_ses-01_task-control_run-03_timeseries.tsv	Missing description; Missing unit	no	no	yes	MRIQC
trans_z	derivatives/mriqc/sub-027/ses-01/func/sub-027_ses-01_task-control_run-03_timeseries.tsv	Missing description; Missing unit	no	no	yes	MRIQC
rot_x	derivatives/mriqc/sub-027/ses-01/func/sub-027_ses-01_task-control_run-03_timeseries.tsv	Missing description; Missing unit	no	no	yes	MRIQC
rot_y	derivatives/mriqc/sub-027/ses-01/func/sub-027_ses-01_task-control_run-03_timeseries.tsv	Missing description; Missing unit	no	no	yes	MRIQC
rot_z	derivatives/mriqc/sub-027/ses-01/func/sub-027_ses-01_task-control_run-03_timeseries.tsv	Missing description; Missing unit	no	no	yes	MRIQC
dvars_std	derivatives/mriqc/sub-027/ses-01/func/sub-027_ses-01_task-control_run-03_timeseries.tsv	Missing description; Missing unit	no	no	yes	MRIQC
dvars_nstd	derivatives/mriqc/sub-027/ses-01/func/sub-027_ses-01_task-control_run-03_timeseries.tsv	Missing description; Missing unit	no	no	yes	MRIQC
dvars_vstd	derivatives/mriqc/sub-027/ses-01/func/sub-027_ses-01_task-control_run-03_timeseries.tsv	Missing description; Missing unit	no	no	yes	MRIQC
framewise_displacement	derivatives/mriqc/sub-027/ses-01/func/sub-027_ses-01_task-control_run-03_timeseries.tsv	Missing description; Missing unit	no	no	yes	MRIQC
aqi	derivatives/mriqc/sub-027/ses-01/func/sub-027_ses-01_task-control_run-03_timeseries.tsv	Missing description; Missing unit	no	no	yes	MRIQC
aor	derivatives/mriqc/sub-027/ses-01/func/sub-027_ses-01_task-control_run-03_timeseries.tsv	Missing description; Missing unit	no	no	yes	MRIQC
trans_x	derivatives/mriqc/sub-027/ses-01/func/sub-027_ses-01_task-fmri_run-05_timeseries.tsv	Missing description; Missing unit	no	no	yes	MRIQC
trans_y	derivatives/mriqc/sub-027/ses-01/func/sub-027_ses-01_task-fmri_run-05_timeseries.tsv	Missing description; Missing unit	no	no	yes	MRIQC
trans_z	derivatives/mriqc/sub-027/ses-01/func/sub-027_ses-01_task-fmri_run-05_timeseries.tsv	Missing description; Missing unit	no	no	yes	MRIQC
rot_x	derivatives/mriqc/sub-027/ses-01/func/sub-027_ses-01_task-fmri_run-05_timeseries.tsv	Missing description; Missing unit	no	no	yes	MRIQC
rot_y	derivatives/mriqc/sub-027/ses-01/func/sub-027_ses-01_task-fmri_run-05_timeseries.tsv	Missing description; Missing unit	no	no	yes	MRIQC
rot_z	derivatives/mriqc/sub-027/ses-01/func/sub-027_ses-01_task-fmri_run-05_timeseries.tsv	Missing description; Missing unit	no	no	yes	MRIQC
dvars_std	derivatives/mriqc/sub-027/ses-01/func/sub-027_ses-01_task-fmri_run-05_timeseries.tsv	Missing description; Missing unit	no	no	yes	MRIQC
dvars_nstd	derivatives/mriqc/sub-027/ses-01/func/sub-027_ses-01_task-fmri_run-05_timeseries.tsv	Missing description; Missing unit	no	no	yes	MRIQC
dvars_vstd	derivatives/mriqc/sub-027/ses-01/func/sub-027_ses-01_task-fmri_run-05_timeseries.tsv	Missing description; Missing unit	no	no	yes	MRIQC
framewise_displacement	derivatives/mriqc/sub-027/ses-01/func/sub-027_ses-01_task-fmri_run-05_timeseries.tsv	Missing description; Missing unit	no	no	yes	MRIQC
aqi	derivatives/mriqc/sub-027/ses-01/func/sub-027_ses-01_task-fmri_run-05_timeseries.tsv	Missing description; Missing unit	no	no	yes	MRIQC
aor	derivatives/mriqc/sub-027/ses-01/func/sub-027_ses-01_task-fmri_run-05_timeseries.tsv	Missing description; Missing unit	no	no	yes	MRIQC
trans_x	derivatives/mriqc/sub-027/ses-01/func/sub-027_ses-01_task-movie_run-01_timeseries.tsv	Missing description; Missing unit	no	no	yes	MRIQC
trans_y	derivatives/mriqc/sub-027/ses-01/func/sub-027_ses-01_task-movie_run-01_timeseries.tsv	Missing description; Missing unit	no	no	yes	MRIQC
trans_z	derivatives/mriqc/sub-027/ses-01/func/sub-027_ses-01_task-movie_run-01_timeseries.tsv	Missing description; Missing unit	no	no	yes	MRIQC
rot_x	derivatives/mriqc/sub-027/ses-01/func/sub-027_ses-01_task-movie_run-01_timeseries.tsv	Missing description; Missing unit	no	no	yes	MRIQC
rot_y	derivatives/mriqc/sub-027/ses-01/func/sub-027_ses-01_task-movie_run-01_timeseries.tsv	Missing description; Missing unit	no	no	yes	MRIQC
rot_z	derivatives/mriqc/sub-027/ses-01/func/sub-027_ses-01_task-movie_run-01_timeseries.tsv	Missing description; Missing unit	no	no	yes	MRIQC
dvars_std	derivatives/mriqc/sub-027/ses-01/func/sub-027_ses-01_task-movie_run-01_timeseries.tsv	Missing description; Missing unit	no	no	yes	MRIQC
dvars_nstd	derivatives/mriqc/sub-027/ses-01/func/sub-027_ses-01_task-movie_run-01_timeseries.tsv	Missing description; Missing unit	no	no	yes	MRIQC
dvars_vstd	derivatives/mriqc/sub-027/ses-01/func/sub-027_ses-01_task-movie_run-01_timeseries.tsv	Missing description; Missing unit	no	no	yes	MRIQC
framewise_displacement	derivatives/mriqc/sub-027/ses-01/func/sub-027_ses-01_task-movie_run-01_timeseries.tsv	Missing description; Missing unit	no	no	yes	MRIQC
aqi	derivatives/mriqc/sub-027/ses-01/func/sub-027_ses-01_task-movie_run-01_timeseries.tsv	Missing description; Missing unit	no	no	yes	MRIQC
aor	derivatives/mriqc/sub-027/ses-01/func/sub-027_ses-01_task-movie_run-01_timeseries.tsv	Missing description; Missing unit	no	no	yes	MRIQC
trans_x	derivatives/mriqc/sub-027/ses-01/func/sub-027_ses-01_task-control_run-01_timeseries.tsv	Missing description; Missing unit	no	no	yes	MRIQC
trans_y	derivatives/mriqc/sub-027/ses-01/func/sub-027_ses-01_task-control_run-01_timeseries.tsv	Missing description; Missing unit	no	no	yes	MRIQC
trans_z	derivatives/mriqc/sub-027/ses-01/func/sub-027_ses-01_task-control_run-01_timeseries.tsv	Missing description; Missing unit	no	no	yes	MRIQC
rot_x	derivatives/mriqc/sub-027/ses-01/func/sub-027_ses-01_task-control_run-01_timeseries.tsv	Missing description; Missing unit	no	no	yes	MRIQC
rot_y	derivatives/mriqc/sub-027/ses-01/func/sub-027_ses-01_task-control_run-01_timeseries.tsv	Missing description; Missing unit	no	no	yes	MRIQC
rot_z	derivatives/mriqc/sub-027/ses-01/func/sub-027_ses-01_task-control_run-01_timeseries.tsv	Missing description; Missing unit	no	no	yes	MRIQC
dvars_std	derivatives/mriqc/sub-027/ses-01/func/sub-027_ses-01_task-control_run-01_timeseries.tsv	Missing description; Missing unit	no	no	yes	MRIQC
dvars_nstd	derivatives/mriqc/sub-027/ses-01/func/sub-027_ses-01_task-control_run-01_timeseries.tsv	Missing description; Missing unit	no	no	yes	MRIQC
dvars_vstd	derivatives/mriqc/sub-027/ses-01/func/sub-027_ses-01_task-control_run-01_timeseries.tsv	Missing description; Missing unit	no	no	yes	MRIQC
framewise_displacement	derivatives/mriqc/sub-027/ses-01/func/sub-027_ses-01_task-control_run-01_timeseries.tsv	Missing description; Missing unit	no	no	yes	MRIQC
aqi	derivatives/mriqc/sub-027/ses-01/func/sub-027_ses-01_task-control_run-01_timeseries.tsv	Missing description; Missing unit	no	no	yes	MRIQC
aor	derivatives/mriqc/sub-027/ses-01/func/sub-027_ses-01_task-control_run-01_timeseries.tsv	Missing description; Missing unit	no	no	yes	MRIQC
trans_x	derivatives/mriqc/sub-027/ses-01/func/sub-027_ses-01_task-fmri_run-07_timeseries.tsv	Missing description; Missing unit	no	no	yes	MRIQC
trans_y	derivatives/mriqc/sub-027/ses-01/func/sub-027_ses-01_task-fmri_run-07_timeseries.tsv	Missing description; Missing unit	no	no	yes	MRIQC
trans_z	derivatives/mriqc/sub-027/ses-01/func/sub-027_ses-01_task-fmri_run-07_timeseries.tsv	Missing description; Missing unit	no	no	yes	MRIQC
rot_x	derivatives/mriqc/sub-027/ses-01/func/sub-027_ses-01_task-fmri_run-07_timeseries.tsv	Missing description; Missing unit	no	no	yes	MRIQC
rot_y	derivatives/mriqc/sub-027/ses-01/func/sub-027_ses-01_task-fmri_run-07_timeseries.tsv	Missing description; Missing unit	no	no	yes	MRIQC
rot_z	derivatives/mriqc/sub-027/ses-01/func/sub-027_ses-01_task-fmri_run-07_timeseries.tsv	Missing description; Missing unit	no	no	yes	MRIQC
dvars_std	derivatives/mriqc/sub-027/ses-01/func/sub-027_ses-01_task-fmri_run-07_timeseries.tsv	Missing description; Missing unit	no	no	yes	MRIQC
dvars_nstd	derivatives/mriqc/sub-027/ses-01/func/sub-027_ses-01_task-fmri_run-07_timeseries.tsv	Missing description; Missing unit	no	no	yes	MRIQC
dvars_vstd	derivatives/mriqc/sub-027/ses-01/func/sub-027_ses-01_task-fmri_run-07_timeseries.tsv	Missing description; Missing unit	no	no	yes	MRIQC
framewise_displacement	derivatives/mriqc/sub-027/ses-01/func/sub-027_ses-01_task-fmri_run-07_timeseries.tsv	Missing description; Missing unit	no	no	yes	MRIQC
aqi	derivatives/mriqc/sub-027/ses-01/func/sub-027_ses-01_task-fmri_run-07_timeseries.tsv	Missing description; Missing unit	no	no	yes	MRIQC
aor	derivatives/mriqc/sub-027/ses-01/func/sub-027_ses-01_task-fmri_run-07_timeseries.tsv	Missing description; Missing unit	no	no	yes	MRIQC
trans_x	derivatives/mriqc/sub-027/ses-01/func/sub-027_ses-01_task-rest_run-01_timeseries.tsv	Missing description; Missing unit	no	no	yes	MRIQC
trans_y	derivatives/mriqc/sub-027/ses-01/func/sub-027_ses-01_task-rest_run-01_timeseries.tsv	Missing description; Missing unit	no	no	yes	MRIQC
trans_z	derivatives/mriqc/sub-027/ses-01/func/sub-027_ses-01_task-rest_run-01_timeseries.tsv	Missing description; Missing unit	no	no	yes	MRIQC
rot_x	derivatives/mriqc/sub-027/ses-01/func/sub-027_ses-01_task-rest_run-01_timeseries.tsv	Missing description; Missing unit	no	no	yes	MRIQC
rot_y	derivatives/mriqc/sub-027/ses-01/func/sub-027_ses-01_task-rest_run-01_timeseries.tsv	Missing description; Missing unit	no	no	yes	MRIQC
rot_z	derivatives/mriqc/sub-027/ses-01/func/sub-027_ses-01_task-rest_run-01_timeseries.tsv	Missing description; Missing unit	no	no	yes	MRIQC
dvars_std	derivatives/mriqc/sub-027/ses-01/func/sub-027_ses-01_task-rest_run-01_timeseries.tsv	Missing description; Missing unit	no	no	yes	MRIQC
dvars_nstd	derivatives/mriqc/sub-027/ses-01/func/sub-027_ses-01_task-rest_run-01_timeseries.tsv	Missing description; Missing unit	no	no	yes	MRIQC
dvars_vstd	derivatives/mriqc/sub-027/ses-01/func/sub-027_ses-01_task-rest_run-01_timeseries.tsv	Missing description; Missing unit	no	no	yes	MRIQC
framewise_displacement	derivatives/mriqc/sub-027/ses-01/func/sub-027_ses-01_task-rest_run-01_timeseries.tsv	Missing description; Missing unit	no	no	yes	MRIQC
aqi	derivatives/mriqc/sub-027/ses-01/func/sub-027_ses-01_task-rest_run-01_timeseries.tsv	Missing description; Missing unit	no	no	yes	MRIQC
aor	derivatives/mriqc/sub-027/ses-01/func/sub-027_ses-01_task-rest_run-01_timeseries.tsv	Missing description; Missing unit	no	no	yes	MRIQC
trans_x	derivatives/mriqc/sub-027/ses-01/func/sub-027_ses-01_task-fmri_run-01_timeseries.tsv	Missing description; Missing unit	no	no	yes	MRIQC
trans_y	derivatives/mriqc/sub-027/ses-01/func/sub-027_ses-01_task-fmri_run-01_timeseries.tsv	Missing description; Missing unit	no	no	yes	MRIQC
trans_z	derivatives/mriqc/sub-027/ses-01/func/sub-027_ses-01_task-fmri_run-01_timeseries.tsv	Missing description; Missing unit	no	no	yes	MRIQC
rot_x	derivatives/mriqc/sub-027/ses-01/func/sub-027_ses-01_task-fmri_run-01_timeseries.tsv	Missing description; Missing unit	no	no	yes	MRIQC
rot_y	derivatives/mriqc/sub-027/ses-01/func/sub-027_ses-01_task-fmri_run-01_timeseries.tsv	Missing description; Missing unit	no	no	yes	MRIQC
rot_z	derivatives/mriqc/sub-027/ses-01/func/sub-027_ses-01_task-fmri_run-01_timeseries.tsv	Missing description; Missing unit	no	no	yes	MRIQC
dvars_std	derivatives/mriqc/sub-027/ses-01/func/sub-027_ses-01_task-fmri_run-01_timeseries.tsv	Missing description; Missing unit	no	no	yes	MRIQC
dvars_nstd	derivatives/mriqc/sub-027/ses-01/func/sub-027_ses-01_task-fmri_run-01_timeseries.tsv	Missing description; Missing unit	no	no	yes	MRIQC
dvars_vstd	derivatives/mriqc/sub-027/ses-01/func/sub-027_ses-01_task-fmri_run-01_timeseries.tsv	Missing description; Missing unit	no	no	yes	MRIQC
framewise_displacement	derivatives/mriqc/sub-027/ses-01/func/sub-027_ses-01_task-fmri_run-01_timeseries.tsv	Missing description; Missing unit	no	no	yes	MRIQC
aqi	derivatives/mriqc/sub-027/ses-01/func/sub-027_ses-01_task-fmri_run-01_timeseries.tsv	Missing description; Missing unit	no	no	yes	MRIQC
aor	derivatives/mriqc/sub-027/ses-01/func/sub-027_ses-01_task-fmri_run-01_timeseries.tsv	Missing description; Missing unit	no	no	yes	MRIQC
trans_x	derivatives/mriqc/sub-027/ses-01/func/sub-027_ses-01_task-movie_run-07_timeseries.tsv	Missing description; Missing unit	no	no	yes	MRIQC
trans_y	derivatives/mriqc/sub-027/ses-01/func/sub-027_ses-01_task-movie_run-07_timeseries.tsv	Missing description; Missing unit	no	no	yes	MRIQC
trans_z	derivatives/mriqc/sub-027/ses-01/func/sub-027_ses-01_task-movie_run-07_timeseries.tsv	Missing description; Missing unit	no	no	yes	MRIQC
rot_x	derivatives/mriqc/sub-027/ses-01/func/sub-027_ses-01_task-movie_run-07_timeseries.tsv	Missing description; Missing unit	no	no	yes	MRIQC
rot_y	derivatives/mriqc/sub-027/ses-01/func/sub-027_ses-01_task-movie_run-07_timeseries.tsv	Missing description; Missing unit	no	no	yes	MRIQC
rot_z	derivatives/mriqc/sub-027/ses-01/func/sub-027_ses-01_task-movie_run-07_timeseries.tsv	Missing description; Missing unit	no	no	yes	MRIQC
dvars_std	derivatives/mriqc/sub-027/ses-01/func/sub-027_ses-01_task-movie_run-07_timeseries.tsv	Missing description; Missing unit	no	no	yes	MRIQC
dvars_nstd	derivatives/mriqc/sub-027/ses-01/func/sub-027_ses-01_task-movie_run-07_timeseries.tsv	Missing description; Missing unit	no	no	yes	MRIQC
dvars_vstd	derivatives/mriqc/sub-027/ses-01/func/sub-027_ses-01_task-movie_run-07_timeseries.tsv	Missing description; Missing unit	no	no	yes	MRIQC
framewise_displacement	derivatives/mriqc/sub-027/ses-01/func/sub-027_ses-01_task-movie_run-07_timeseries.tsv	Missing description; Missing unit	no	no	yes	MRIQC
aqi	derivatives/mriqc/sub-027/ses-01/func/sub-027_ses-01_task-movie_run-07_timeseries.tsv	Missing description; Missing unit	no	no	yes	MRIQC
aor	derivatives/mriqc/sub-027/ses-01/func/sub-027_ses-01_task-movie_run-07_timeseries.tsv	Missing description; Missing unit	no	no	yes	MRIQC
trans_x	derivatives/mriqc/sub-027/ses-01/func/sub-027_ses-01_task-fmri_run-03_timeseries.tsv	Missing description; Missing unit	no	no	yes	MRIQC
trans_y	derivatives/mriqc/sub-027/ses-01/func/sub-027_ses-01_task-fmri_run-03_timeseries.tsv	Missing description; Missing unit	no	no	yes	MRIQC
trans_z	derivatives/mriqc/sub-027/ses-01/func/sub-027_ses-01_task-fmri_run-03_timeseries.tsv	Missing description; Missing unit	no	no	yes	MRIQC
rot_x	derivatives/mriqc/sub-027/ses-01/func/sub-027_ses-01_task-fmri_run-03_timeseries.tsv	Missing description; Missing unit	no	no	yes	MRIQC
rot_y	derivatives/mriqc/sub-027/ses-01/func/sub-027_ses-01_task-fmri_run-03_timeseries.tsv	Missing description; Missing unit	no	no	yes	MRIQC
rot_z	derivatives/mriqc/sub-027/ses-01/func/sub-027_ses-01_task-fmri_run-03_timeseries.tsv	Missing description; Missing unit	no	no	yes	MRIQC
dvars_std	derivatives/mriqc/sub-027/ses-01/func/sub-027_ses-01_task-fmri_run-03_timeseries.tsv	Missing description; Missing unit	no	no	yes	MRIQC
dvars_nstd	derivatives/mriqc/sub-027/ses-01/func/sub-027_ses-01_task-fmri_run-03_timeseries.tsv	Missing description; Missing unit	no	no	yes	MRIQC
dvars_vstd	derivatives/mriqc/sub-027/ses-01/func/sub-027_ses-01_task-fmri_run-03_timeseries.tsv	Missing description; Missing unit	no	no	yes	MRIQC
framewise_displacement	derivatives/mriqc/sub-027/ses-01/func/sub-027_ses-01_task-fmri_run-03_timeseries.tsv	Missing description; Missing unit	no	no	yes	MRIQC
aqi	derivatives/mriqc/sub-027/ses-01/func/sub-027_ses-01_task-fmri_run-03_timeseries.tsv	Missing description; Missing unit	no	no	yes	MRIQC
aor	derivatives/mriqc/sub-027/ses-01/func/sub-027_ses-01_task-fmri_run-03_timeseries.tsv	Missing description; Missing unit	no	no	yes	MRIQC
trans_x	derivatives/mriqc/sub-027/ses-01/func/sub-027_ses-01_task-control_run-05_timeseries.tsv	Missing description; Missing unit	no	no	yes	MRIQC
trans_y	derivatives/mriqc/sub-027/ses-01/func/sub-027_ses-01_task-control_run-05_timeseries.tsv	Missing description; Missing unit	no	no	yes	MRIQC
trans_z	derivatives/mriqc/sub-027/ses-01/func/sub-027_ses-01_task-control_run-05_timeseries.tsv	Missing description; Missing unit	no	no	yes	MRIQC
rot_x	derivatives/mriqc/sub-027/ses-01/func/sub-027_ses-01_task-control_run-05_timeseries.tsv	Missing description; Missing unit	no	no	yes	MRIQC
rot_y	derivatives/mriqc/sub-027/ses-01/func/sub-027_ses-01_task-control_run-05_timeseries.tsv	Missing description; Missing unit	no	no	yes	MRIQC
rot_z	derivatives/mriqc/sub-027/ses-01/func/sub-027_ses-01_task-control_run-05_timeseries.tsv	Missing description; Missing unit	no	no	yes	MRIQC
dvars_std	derivatives/mriqc/sub-027/ses-01/func/sub-027_ses-01_task-control_run-05_timeseries.tsv	Missing description; Missing unit	no	no	yes	MRIQC
dvars_nstd	derivatives/mriqc/sub-027/ses-01/func/sub-027_ses-01_task-control_run-05_timeseries.tsv	Missing description; Missing unit	no	no	yes	MRIQC
dvars_vstd	derivatives/mriqc/sub-027/ses-01/func/sub-027_ses-01_task-control_run-05_timeseries.tsv	Missing description; Missing unit	no	no	yes	MRIQC
framewise_displacement	derivatives/mriqc/sub-027/ses-01/func/sub-027_ses-01_task-control_run-05_timeseries.tsv	Missing description; Missing unit	no	no	yes	MRIQC
aqi	derivatives/mriqc/sub-027/ses-01/func/sub-027_ses-01_task-control_run-05_timeseries.tsv	Missing description; Missing unit	no	no	yes	MRIQC
aor	derivatives/mriqc/sub-027/ses-01/func/sub-027_ses-01_task-control_run-05_timeseries.tsv	Missing description; Missing unit	no	no	yes	MRIQC
trans_x	derivatives/mriqc/sub-027/ses-01/func/sub-027_ses-01_task-movie_run-05_timeseries.tsv	Missing description; Missing unit	no	no	yes	MRIQC
trans_y	derivatives/mriqc/sub-027/ses-01/func/sub-027_ses-01_task-movie_run-05_timeseries.tsv	Missing description; Missing unit	no	no	yes	MRIQC
trans_z	derivatives/mriqc/sub-027/ses-01/func/sub-027_ses-01_task-movie_run-05_timeseries.tsv	Missing description; Missing unit	no	no	yes	MRIQC
rot_x	derivatives/mriqc/sub-027/ses-01/func/sub-027_ses-01_task-movie_run-05_timeseries.tsv	Missing description; Missing unit	no	no	yes	MRIQC
rot_y	derivatives/mriqc/sub-027/ses-01/func/sub-027_ses-01_task-movie_run-05_timeseries.tsv	Missing description; Missing unit	no	no	yes	MRIQC
rot_z	derivatives/mriqc/sub-027/ses-01/func/sub-027_ses-01_task-movie_run-05_timeseries.tsv	Missing description; Missing unit	no	no	yes	MRIQC
dvars_std	derivatives/mriqc/sub-027/ses-01/func/sub-027_ses-01_task-movie_run-05_timeseries.tsv	Missing description; Missing unit	no	no	yes	MRIQC
dvars_nstd	derivatives/mriqc/sub-027/ses-01/func/sub-027_ses-01_task-movie_run-05_timeseries.tsv	Missing description; Missing unit	no	no	yes	MRIQC
dvars_vstd	derivatives/mriqc/sub-027/ses-01/func/sub-027_ses-01_task-movie_run-05_timeseries.tsv	Missing description; Missing unit	no	no	yes	MRIQC
framewise_displacement	derivatives/mriqc/sub-027/ses-01/func/sub-027_ses-01_task-movie_run-05_timeseries.tsv	Missing description; Missing unit	no	no	yes	MRIQC
aqi	derivatives/mriqc/sub-027/ses-01/func/sub-027_ses-01_task-movie_run-05_timeseries.tsv	Missing description; Missing unit	no	no	yes	MRIQC
aor	derivatives/mriqc/sub-027/ses-01/func/sub-027_ses-01_task-movie_run-05_timeseries.tsv	Missing description; Missing unit	no	no	yes	MRIQC
trans_x	derivatives/mriqc/sub-027/ses-02/func/sub-027_ses-02_task-control_run-05_timeseries.tsv	Missing description; Missing unit	no	no	yes	MRIQC
trans_y	derivatives/mriqc/sub-027/ses-02/func/sub-027_ses-02_task-control_run-05_timeseries.tsv	Missing description; Missing unit	no	no	yes	MRIQC
trans_z	derivatives/mriqc/sub-027/ses-02/func/sub-027_ses-02_task-control_run-05_timeseries.tsv	Missing description; Missing unit	no	no	yes	MRIQC
rot_x	derivatives/mriqc/sub-027/ses-02/func/sub-027_ses-02_task-control_run-05_timeseries.tsv	Missing description; Missing unit	no	no	yes	MRIQC
rot_y	derivatives/mriqc/sub-027/ses-02/func/sub-027_ses-02_task-control_run-05_timeseries.tsv	Missing description; Missing unit	no	no	yes	MRIQC
rot_z	derivatives/mriqc/sub-027/ses-02/func/sub-027_ses-02_task-control_run-05_timeseries.tsv	Missing description; Missing unit	no	no	yes	MRIQC
dvars_std	derivatives/mriqc/sub-027/ses-02/func/sub-027_ses-02_task-control_run-05_timeseries.tsv	Missing description; Missing unit	no	no	yes	MRIQC
dvars_nstd	derivatives/mriqc/sub-027/ses-02/func/sub-027_ses-02_task-control_run-05_timeseries.tsv	Missing description; Missing unit	no	no	yes	MRIQC
dvars_vstd	derivatives/mriqc/sub-027/ses-02/func/sub-027_ses-02_task-control_run-05_timeseries.tsv	Missing description; Missing unit	no	no	yes	MRIQC
framewise_displacement	derivatives/mriqc/sub-027/ses-02/func/sub-027_ses-02_task-control_run-05_timeseries.tsv	Missing description; Missing unit	no	no	yes	MRIQC
aqi	derivatives/mriqc/sub-027/ses-02/func/sub-027_ses-02_task-control_run-05_timeseries.tsv	Missing description; Missing unit	no	no	yes	MRIQC
aor	derivatives/mriqc/sub-027/ses-02/func/sub-027_ses-02_task-control_run-05_timeseries.tsv	Missing description; Missing unit	no	no	yes	MRIQC
trans_x	derivatives/mriqc/sub-027/ses-02/func/sub-027_ses-02_task-fmri_run-03_timeseries.tsv	Missing description; Missing unit	no	no	yes	MRIQC
trans_y	derivatives/mriqc/sub-027/ses-02/func/sub-027_ses-02_task-fmri_run-03_timeseries.tsv	Missing description; Missing unit	no	no	yes	MRIQC
trans_z	derivatives/mriqc/sub-027/ses-02/func/sub-027_ses-02_task-fmri_run-03_timeseries.tsv	Missing description; Missing unit	no	no	yes	MRIQC
rot_x	derivatives/mriqc/sub-027/ses-02/func/sub-027_ses-02_task-fmri_run-03_timeseries.tsv	Missing description; Missing unit	no	no	yes	MRIQC
rot_y	derivatives/mriqc/sub-027/ses-02/func/sub-027_ses-02_task-fmri_run-03_timeseries.tsv	Missing description; Missing unit	no	no	yes	MRIQC
rot_z	derivatives/mriqc/sub-027/ses-02/func/sub-027_ses-02_task-fmri_run-03_timeseries.tsv	Missing description; Missing unit	no	no	yes	MRIQC
dvars_std	derivatives/mriqc/sub-027/ses-02/func/sub-027_ses-02_task-fmri_run-03_timeseries.tsv	Missing description; Missing unit	no	no	yes	MRIQC
dvars_nstd	derivatives/mriqc/sub-027/ses-02/func/sub-027_ses-02_task-fmri_run-03_timeseries.tsv	Missing description; Missing unit	no	no	yes	MRIQC
dvars_vstd	derivatives/mriqc/sub-027/ses-02/func/sub-027_ses-02_task-fmri_run-03_timeseries.tsv	Missing description; Missing unit	no	no	yes	MRIQC
framewise_displacement	derivatives/mriqc/sub-027/ses-02/func/sub-027_ses-02_task-fmri_run-03_timeseries.tsv	Missing description; Missing unit	no	no	yes	MRIQC
aqi	derivatives/mriqc/sub-027/ses-02/func/sub-027_ses-02_task-fmri_run-03_timeseries.tsv	Missing description; Missing unit	no	no	yes	MRIQC
aor	derivatives/mriqc/sub-027/ses-02/func/sub-027_ses-02_task-fmri_run-03_timeseries.tsv	Missing description; Missing unit	no	no	yes	MRIQC
trans_x	derivatives/mriqc/sub-027/ses-02/func/sub-027_ses-02_task-movie_run-01_timeseries.tsv	Missing description; Missing unit	no	no	yes	MRIQC
trans_y	derivatives/mriqc/sub-027/ses-02/func/sub-027_ses-02_task-movie_run-01_timeseries.tsv	Missing description; Missing unit	no	no	yes	MRIQC
trans_z	derivatives/mriqc/sub-027/ses-02/func/sub-027_ses-02_task-movie_run-01_timeseries.tsv	Missing description; Missing unit	no	no	yes	MRIQC
rot_x	derivatives/mriqc/sub-027/ses-02/func/sub-027_ses-02_task-movie_run-01_timeseries.tsv	Missing description; Missing unit	no	no	yes	MRIQC
rot_y	derivatives/mriqc/sub-027/ses-02/func/sub-027_ses-02_task-movie_run-01_timeseries.tsv	Missing description; Missing unit	no	no	yes	MRIQC
rot_z	derivatives/mriqc/sub-027/ses-02/func/sub-027_ses-02_task-movie_run-01_timeseries.tsv	Missing description; Missing unit	no	no	yes	MRIQC
dvars_std	derivatives/mriqc/sub-027/ses-02/func/sub-027_ses-02_task-movie_run-01_timeseries.tsv	Missing description; Missing unit	no	no	yes	MRIQC
dvars_nstd	derivatives/mriqc/sub-027/ses-02/func/sub-027_ses-02_task-movie_run-01_timeseries.tsv	Missing description; Missing unit	no	no	yes	MRIQC
dvars_vstd	derivatives/mriqc/sub-027/ses-02/func/sub-027_ses-02_task-movie_run-01_timeseries.tsv	Missing description; Missing unit	no	no	yes	MRIQC
framewise_displacement	derivatives/mriqc/sub-027/ses-02/func/sub-027_ses-02_task-movie_run-01_timeseries.tsv	Missing description; Missing unit	no	no	yes	MRIQC
aqi	derivatives/mriqc/sub-027/ses-02/func/sub-027_ses-02_task-movie_run-01_timeseries.tsv	Missing description; Missing unit	no	no	yes	MRIQC
aor	derivatives/mriqc/sub-027/ses-02/func/sub-027_ses-02_task-movie_run-01_timeseries.tsv	Missing description; Missing unit	no	no	yes	MRIQC
trans_x	derivatives/mriqc/sub-027/ses-02/func/sub-027_ses-02_task-movie_run-03_timeseries.tsv	Missing description; Missing unit	no	no	yes	MRIQC
trans_y	derivatives/mriqc/sub-027/ses-02/func/sub-027_ses-02_task-movie_run-03_timeseries.tsv	Missing description; Missing unit	no	no	yes	MRIQC
trans_z	derivatives/mriqc/sub-027/ses-02/func/sub-027_ses-02_task-movie_run-03_timeseries.tsv	Missing description; Missing unit	no	no	yes	MRIQC
rot_x	derivatives/mriqc/sub-027/ses-02/func/sub-027_ses-02_task-movie_run-03_timeseries.tsv	Missing description; Missing unit	no	no	yes	MRIQC
rot_y	derivatives/mriqc/sub-027/ses-02/func/sub-027_ses-02_task-movie_run-03_timeseries.tsv	Missing description; Missing unit	no	no	yes	MRIQC
rot_z	derivatives/mriqc/sub-027/ses-02/func/sub-027_ses-02_task-movie_run-03_timeseries.tsv	Missing description; Missing unit	no	no	yes	MRIQC
dvars_std	derivatives/mriqc/sub-027/ses-02/func/sub-027_ses-02_task-movie_run-03_timeseries.tsv	Missing description; Missing unit	no	no	yes	MRIQC
dvars_nstd	derivatives/mriqc/sub-027/ses-02/func/sub-027_ses-02_task-movie_run-03_timeseries.tsv	Missing description; Missing unit	no	no	yes	MRIQC
dvars_vstd	derivatives/mriqc/sub-027/ses-02/func/sub-027_ses-02_task-movie_run-03_timeseries.tsv	Missing description; Missing unit	no	no	yes	MRIQC
framewise_displacement	derivatives/mriqc/sub-027/ses-02/func/sub-027_ses-02_task-movie_run-03_timeseries.tsv	Missing description; Missing unit	no	no	yes	MRIQC
aqi	derivatives/mriqc/sub-027/ses-02/func/sub-027_ses-02_task-movie_run-03_timeseries.tsv	Missing description; Missing unit	no	no	yes	MRIQC
aor	derivatives/mriqc/sub-027/ses-02/func/sub-027_ses-02_task-movie_run-03_timeseries.tsv	Missing description; Missing unit	no	no	yes	MRIQC
trans_x	derivatives/mriqc/sub-027/ses-02/func/sub-027_ses-02_task-rest_run-01_timeseries.tsv	Missing description; Missing unit	no	no	yes	MRIQC
trans_y	derivatives/mriqc/sub-027/ses-02/func/sub-027_ses-02_task-rest_run-01_timeseries.tsv	Missing description; Missing unit	no	no	yes	MRIQC
trans_z	derivatives/mriqc/sub-027/ses-02/func/sub-027_ses-02_task-rest_run-01_timeseries.tsv	Missing description; Missing unit	no	no	yes	MRIQC
rot_x	derivatives/mriqc/sub-027/ses-02/func/sub-027_ses-02_task-rest_run-01_timeseries.tsv	Missing description; Missing unit	no	no	yes	MRIQC
rot_y	derivatives/mriqc/sub-027/ses-02/func/sub-027_ses-02_task-rest_run-01_timeseries.tsv	Missing description; Missing unit	no	no	yes	MRIQC
rot_z	derivatives/mriqc/sub-027/ses-02/func/sub-027_ses-02_task-rest_run-01_timeseries.tsv	Missing description; Missing unit	no	no	yes	MRIQC
dvars_std	derivatives/mriqc/sub-027/ses-02/func/sub-027_ses-02_task-rest_run-01_timeseries.tsv	Missing description; Missing unit	no	no	yes	MRIQC
dvars_nstd	derivatives/mriqc/sub-027/ses-02/func/sub-027_ses-02_task-rest_run-01_timeseries.tsv	Missing description; Missing unit	no	no	yes	MRIQC
dvars_vstd	derivatives/mriqc/sub-027/ses-02/func/sub-027_ses-02_task-rest_run-01_timeseries.tsv	Missing description; Missing unit	no	no	yes	MRIQC
framewise_displacement	derivatives/mriqc/sub-027/ses-02/func/sub-027_ses-02_task-rest_run-01_timeseries.tsv	Missing description; Missing unit	no	no	yes	MRIQC
aqi	derivatives/mriqc/sub-027/ses-02/func/sub-027_ses-02_task-rest_run-01_timeseries.tsv	Missing description; Missing unit	no	no	yes	MRIQC
aor	derivatives/mriqc/sub-027/ses-02/func/sub-027_ses-02_task-rest_run-01_timeseries.tsv	Missing description; Missing unit	no	no	yes	MRIQC
trans_x	derivatives/mriqc/sub-027/ses-02/func/sub-027_ses-02_task-fmri_run-01_timeseries.tsv	Missing description; Missing unit	no	no	yes	MRIQC
trans_y	derivatives/mriqc/sub-027/ses-02/func/sub-027_ses-02_task-fmri_run-01_timeseries.tsv	Missing description; Missing unit	no	no	yes	MRIQC
trans_z	derivatives/mriqc/sub-027/ses-02/func/sub-027_ses-02_task-fmri_run-01_timeseries.tsv	Missing description; Missing unit	no	no	yes	MRIQC
rot_x	derivatives/mriqc/sub-027/ses-02/func/sub-027_ses-02_task-fmri_run-01_timeseries.tsv	Missing description; Missing unit	no	no	yes	MRIQC
rot_y	derivatives/mriqc/sub-027/ses-02/func/sub-027_ses-02_task-fmri_run-01_timeseries.tsv	Missing description; Missing unit	no	no	yes	MRIQC
rot_z	derivatives/mriqc/sub-027/ses-02/func/sub-027_ses-02_task-fmri_run-01_timeseries.tsv	Missing description; Missing unit	no	no	yes	MRIQC
dvars_std	derivatives/mriqc/sub-027/ses-02/func/sub-027_ses-02_task-fmri_run-01_timeseries.tsv	Missing description; Missing unit	no	no	yes	MRIQC
dvars_nstd	derivatives/mriqc/sub-027/ses-02/func/sub-027_ses-02_task-fmri_run-01_timeseries.tsv	Missing description; Missing unit	no	no	yes	MRIQC
dvars_vstd	derivatives/mriqc/sub-027/ses-02/func/sub-027_ses-02_task-fmri_run-01_timeseries.tsv	Missing description; Missing unit	no	no	yes	MRIQC
framewise_displacement	derivatives/mriqc/sub-027/ses-02/func/sub-027_ses-02_task-fmri_run-01_timeseries.tsv	Missing description; Missing unit	no	no	yes	MRIQC
aqi	derivatives/mriqc/sub-027/ses-02/func/sub-027_ses-02_task-fmri_run-01_timeseries.tsv	Missing description; Missing unit	no	no	yes	MRIQC
aor	derivatives/mriqc/sub-027/ses-02/func/sub-027_ses-02_task-fmri_run-01_timeseries.tsv	Missing description; Missing unit	no	no	yes	MRIQC
trans_x	derivatives/mriqc/sub-027/ses-02/func/sub-027_ses-02_task-fmri_run-07_timeseries.tsv	Missing description; Missing unit	no	no	yes	MRIQC
trans_y	derivatives/mriqc/sub-027/ses-02/func/sub-027_ses-02_task-fmri_run-07_timeseries.tsv	Missing description; Missing unit	no	no	yes	MRIQC
trans_z	derivatives/mriqc/sub-027/ses-02/func/sub-027_ses-02_task-fmri_run-07_timeseries.tsv	Missing description; Missing unit	no	no	yes	MRIQC
rot_x	derivatives/mriqc/sub-027/ses-02/func/sub-027_ses-02_task-fmri_run-07_timeseries.tsv	Missing description; Missing unit	no	no	yes	MRIQC
rot_y	derivatives/mriqc/sub-027/ses-02/func/sub-027_ses-02_task-fmri_run-07_timeseries.tsv	Missing description; Missing unit	no	no	yes	MRIQC
rot_z	derivatives/mriqc/sub-027/ses-02/func/sub-027_ses-02_task-fmri_run-07_timeseries.tsv	Missing description; Missing unit	no	no	yes	MRIQC
dvars_std	derivatives/mriqc/sub-027/ses-02/func/sub-027_ses-02_task-fmri_run-07_timeseries.tsv	Missing description; Missing unit	no	no	yes	MRIQC
dvars_nstd	derivatives/mriqc/sub-027/ses-02/func/sub-027_ses-02_task-fmri_run-07_timeseries.tsv	Missing description; Missing unit	no	no	yes	MRIQC
dvars_vstd	derivatives/mriqc/sub-027/ses-02/func/sub-027_ses-02_task-fmri_run-07_timeseries.tsv	Missing description; Missing unit	no	no	yes	MRIQC
framewise_displacement	derivatives/mriqc/sub-027/ses-02/func/sub-027_ses-02_task-fmri_run-07_timeseries.tsv	Missing description; Missing unit	no	no	yes	MRIQC
aqi	derivatives/mriqc/sub-027/ses-02/func/sub-027_ses-02_task-fmri_run-07_timeseries.tsv	Missing description; Missing unit	no	no	yes	MRIQC
aor	derivatives/mriqc/sub-027/ses-02/func/sub-027_ses-02_task-fmri_run-07_timeseries.tsv	Missing description; Missing unit	no	no	yes	MRIQC
trans_x	derivatives/mriqc/sub-027/ses-02/func/sub-027_ses-02_task-movie_run-05_timeseries.tsv	Missing description; Missing unit	no	no	yes	MRIQC
trans_y	derivatives/mriqc/sub-027/ses-02/func/sub-027_ses-02_task-movie_run-05_timeseries.tsv	Missing description; Missing unit	no	no	yes	MRIQC
trans_z	derivatives/mriqc/sub-027/ses-02/func/sub-027_ses-02_task-movie_run-05_timeseries.tsv	Missing description; Missing unit	no	no	yes	MRIQC
rot_x	derivatives/mriqc/sub-027/ses-02/func/sub-027_ses-02_task-movie_run-05_timeseries.tsv	Missing description; Missing unit	no	no	yes	MRIQC
rot_y	derivatives/mriqc/sub-027/ses-02/func/sub-027_ses-02_task-movie_run-05_timeseries.tsv	Missing description; Missing unit	no	no	yes	MRIQC
rot_z	derivatives/mriqc/sub-027/ses-02/func/sub-027_ses-02_task-movie_run-05_timeseries.tsv	Missing description; Missing unit	no	no	yes	MRIQC
dvars_std	derivatives/mriqc/sub-027/ses-02/func/sub-027_ses-02_task-movie_run-05_timeseries.tsv	Missing description; Missing unit	no	no	yes	MRIQC
dvars_nstd	derivatives/mriqc/sub-027/ses-02/func/sub-027_ses-02_task-movie_run-05_timeseries.tsv	Missing description; Missing unit	no	no	yes	MRIQC
dvars_vstd	derivatives/mriqc/sub-027/ses-02/func/sub-027_ses-02_task-movie_run-05_timeseries.tsv	Missing description; Missing unit	no	no	yes	MRIQC
framewise_displacement	derivatives/mriqc/sub-027/ses-02/func/sub-027_ses-02_task-movie_run-05_timeseries.tsv	Missing description; Missing unit	no	no	yes	MRIQC
aqi	derivatives/mriqc/sub-027/ses-02/func/sub-027_ses-02_task-movie_run-05_timeseries.tsv	Missing description; Missing unit	no	no	yes	MRIQC
aor	derivatives/mriqc/sub-027/ses-02/func/sub-027_ses-02_task-movie_run-05_timeseries.tsv	Missing description; Missing unit	no	no	yes	MRIQC
trans_x	derivatives/mriqc/sub-027/ses-02/func/sub-027_ses-02_task-control_run-01_timeseries.tsv	Missing description; Missing unit	no	no	yes	MRIQC
trans_y	derivatives/mriqc/sub-027/ses-02/func/sub-027_ses-02_task-control_run-01_timeseries.tsv	Missing description; Missing unit	no	no	yes	MRIQC
trans_z	derivatives/mriqc/sub-027/ses-02/func/sub-027_ses-02_task-control_run-01_timeseries.tsv	Missing description; Missing unit	no	no	yes	MRIQC
rot_x	derivatives/mriqc/sub-027/ses-02/func/sub-027_ses-02_task-control_run-01_timeseries.tsv	Missing description; Missing unit	no	no	yes	MRIQC
rot_y	derivatives/mriqc/sub-027/ses-02/func/sub-027_ses-02_task-control_run-01_timeseries.tsv	Missing description; Missing unit	no	no	yes	MRIQC
rot_z	derivatives/mriqc/sub-027/ses-02/func/sub-027_ses-02_task-control_run-01_timeseries.tsv	Missing description; Missing unit	no	no	yes	MRIQC
dvars_std	derivatives/mriqc/sub-027/ses-02/func/sub-027_ses-02_task-control_run-01_timeseries.tsv	Missing description; Missing unit	no	no	yes	MRIQC
dvars_nstd	derivatives/mriqc/sub-027/ses-02/func/sub-027_ses-02_task-control_run-01_timeseries.tsv	Missing description; Missing unit	no	no	yes	MRIQC
dvars_vstd	derivatives/mriqc/sub-027/ses-02/func/sub-027_ses-02_task-control_run-01_timeseries.tsv	Missing description; Missing unit	no	no	yes	MRIQC
framewise_displacement	derivatives/mriqc/sub-027/ses-02/func/sub-027_ses-02_task-control_run-01_timeseries.tsv	Missing description; Missing unit	no	no	yes	MRIQC
aqi	derivatives/mriqc/sub-027/ses-02/func/sub-027_ses-02_task-control_run-01_timeseries.tsv	Missing description; Missing unit	no	no	yes	MRIQC
aor	derivatives/mriqc/sub-027/ses-02/func/sub-027_ses-02_task-control_run-01_timeseries.tsv	Missing description; Missing unit	no	no	yes	MRIQC
trans_x	derivatives/mriqc/sub-027/ses-02/func/sub-027_ses-02_task-movie_run-07_timeseries.tsv	Missing description; Missing unit	no	no	yes	MRIQC
trans_y	derivatives/mriqc/sub-027/ses-02/func/sub-027_ses-02_task-movie_run-07_timeseries.tsv	Missing description; Missing unit	no	no	yes	MRIQC
trans_z	derivatives/mriqc/sub-027/ses-02/func/sub-027_ses-02_task-movie_run-07_timeseries.tsv	Missing description; Missing unit	no	no	yes	MRIQC
rot_x	derivatives/mriqc/sub-027/ses-02/func/sub-027_ses-02_task-movie_run-07_timeseries.tsv	Missing description; Missing unit	no	no	yes	MRIQC
rot_y	derivatives/mriqc/sub-027/ses-02/func/sub-027_ses-02_task-movie_run-07_timeseries.tsv	Missing description; Missing unit	no	no	yes	MRIQC
rot_z	derivatives/mriqc/sub-027/ses-02/func/sub-027_ses-02_task-movie_run-07_timeseries.tsv	Missing description; Missing unit	no	no	yes	MRIQC
dvars_std	derivatives/mriqc/sub-027/ses-02/func/sub-027_ses-02_task-movie_run-07_timeseries.tsv	Missing description; Missing unit	no	no	yes	MRIQC
dvars_nstd	derivatives/mriqc/sub-027/ses-02/func/sub-027_ses-02_task-movie_run-07_timeseries.tsv	Missing description; Missing unit	no	no	yes	MRIQC
dvars_vstd	derivatives/mriqc/sub-027/ses-02/func/sub-027_ses-02_task-movie_run-07_timeseries.tsv	Missing description; Missing unit	no	no	yes	MRIQC
framewise_displacement	derivatives/mriqc/sub-027/ses-02/func/sub-027_ses-02_task-movie_run-07_timeseries.tsv	Missing description; Missing unit	no	no	yes	MRIQC
aqi	derivatives/mriqc/sub-027/ses-02/func/sub-027_ses-02_task-movie_run-07_timeseries.tsv	Missing description; Missing unit	no	no	yes	MRIQC
aor	derivatives/mriqc/sub-027/ses-02/func/sub-027_ses-02_task-movie_run-07_timeseries.tsv	Missing description; Missing unit	no	no	yes	MRIQC
trans_x	derivatives/mriqc/sub-027/ses-02/func/sub-027_ses-02_task-fmri_run-05_timeseries.tsv	Missing description; Missing unit	no	no	yes	MRIQC
trans_y	derivatives/mriqc/sub-027/ses-02/func/sub-027_ses-02_task-fmri_run-05_timeseries.tsv	Missing description; Missing unit	no	no	yes	MRIQC
trans_z	derivatives/mriqc/sub-027/ses-02/func/sub-027_ses-02_task-fmri_run-05_timeseries.tsv	Missing description; Missing unit	no	no	yes	MRIQC
rot_x	derivatives/mriqc/sub-027/ses-02/func/sub-027_ses-02_task-fmri_run-05_timeseries.tsv	Missing description; Missing unit	no	no	yes	MRIQC
rot_y	derivatives/mriqc/sub-027/ses-02/func/sub-027_ses-02_task-fmri_run-05_timeseries.tsv	Missing description; Missing unit	no	no	yes	MRIQC
rot_z	derivatives/mriqc/sub-027/ses-02/func/sub-027_ses-02_task-fmri_run-05_timeseries.tsv	Missing description; Missing unit	no	no	yes	MRIQC
dvars_std	derivatives/mriqc/sub-027/ses-02/func/sub-027_ses-02_task-fmri_run-05_timeseries.tsv	Missing description; Missing unit	no	no	yes	MRIQC
dvars_nstd	derivatives/mriqc/sub-027/ses-02/func/sub-027_ses-02_task-fmri_run-05_timeseries.tsv	Missing description; Missing unit	no	no	yes	MRIQC
dvars_vstd	derivatives/mriqc/sub-027/ses-02/func/sub-027_ses-02_task-fmri_run-05_timeseries.tsv	Missing description; Missing unit	no	no	yes	MRIQC
framewise_displacement	derivatives/mriqc/sub-027/ses-02/func/sub-027_ses-02_task-fmri_run-05_timeseries.tsv	Missing description; Missing unit	no	no	yes	MRIQC
aqi	derivatives/mriqc/sub-027/ses-02/func/sub-027_ses-02_task-fmri_run-05_timeseries.tsv	Missing description; Missing unit	no	no	yes	MRIQC
aor	derivatives/mriqc/sub-027/ses-02/func/sub-027_ses-02_task-fmri_run-05_timeseries.tsv	Missing description; Missing unit	no	no	yes	MRIQC
trans_x	derivatives/mriqc/sub-027/ses-02/func/sub-027_ses-02_task-control_run-03_timeseries.tsv	Missing description; Missing unit	no	no	yes	MRIQC
trans_y	derivatives/mriqc/sub-027/ses-02/func/sub-027_ses-02_task-control_run-03_timeseries.tsv	Missing description; Missing unit	no	no	yes	MRIQC
trans_z	derivatives/mriqc/sub-027/ses-02/func/sub-027_ses-02_task-control_run-03_timeseries.tsv	Missing description; Missing unit	no	no	yes	MRIQC
rot_x	derivatives/mriqc/sub-027/ses-02/func/sub-027_ses-02_task-control_run-03_timeseries.tsv	Missing description; Missing unit	no	no	yes	MRIQC
rot_y	derivatives/mriqc/sub-027/ses-02/func/sub-027_ses-02_task-control_run-03_timeseries.tsv	Missing description; Missing unit	no	no	yes	MRIQC
rot_z	derivatives/mriqc/sub-027/ses-02/func/sub-027_ses-02_task-control_run-03_timeseries.tsv	Missing description; Missing unit	no	no	yes	MRIQC
dvars_std	derivatives/mriqc/sub-027/ses-02/func/sub-027_ses-02_task-control_run-03_timeseries.tsv	Missing description; Missing unit	no	no	yes	MRIQC
dvars_nstd	derivatives/mriqc/sub-027/ses-02/func/sub-027_ses-02_task-control_run-03_timeseries.tsv	Missing description; Missing unit	no	no	yes	MRIQC
dvars_vstd	derivatives/mriqc/sub-027/ses-02/func/sub-027_ses-02_task-control_run-03_timeseries.tsv	Missing description; Missing unit	no	no	yes	MRIQC
framewise_displacement	derivatives/mriqc/sub-027/ses-02/func/sub-027_ses-02_task-control_run-03_timeseries.tsv	Missing description; Missing unit	no	no	yes	MRIQC
aqi	derivatives/mriqc/sub-027/ses-02/func/sub-027_ses-02_task-control_run-03_timeseries.tsv	Missing description; Missing unit	no	no	yes	MRIQC
aor	derivatives/mriqc/sub-027/ses-02/func/sub-027_ses-02_task-control_run-03_timeseries.tsv	Missing description; Missing unit	no	no	yes	MRIQC
trans_x	derivatives/mriqc/sub-050/ses-01/func/sub-050_ses-01_task-control_run-05_timeseries.tsv	Missing description; Missing unit	no	no	yes	MRIQC
trans_y	derivatives/mriqc/sub-050/ses-01/func/sub-050_ses-01_task-control_run-05_timeseries.tsv	Missing description; Missing unit	no	no	yes	MRIQC
trans_z	derivatives/mriqc/sub-050/ses-01/func/sub-050_ses-01_task-control_run-05_timeseries.tsv	Missing description; Missing unit	no	no	yes	MRIQC
rot_x	derivatives/mriqc/sub-050/ses-01/func/sub-050_ses-01_task-control_run-05_timeseries.tsv	Missing description; Missing unit	no	no	yes	MRIQC
rot_y	derivatives/mriqc/sub-050/ses-01/func/sub-050_ses-01_task-control_run-05_timeseries.tsv	Missing description; Missing unit	no	no	yes	MRIQC
rot_z	derivatives/mriqc/sub-050/ses-01/func/sub-050_ses-01_task-control_run-05_timeseries.tsv	Missing description; Missing unit	no	no	yes	MRIQC
dvars_std	derivatives/mriqc/sub-050/ses-01/func/sub-050_ses-01_task-control_run-05_timeseries.tsv	Missing description; Missing unit	no	no	yes	MRIQC
dvars_nstd	derivatives/mriqc/sub-050/ses-01/func/sub-050_ses-01_task-control_run-05_timeseries.tsv	Missing description; Missing unit	no	no	yes	MRIQC
dvars_vstd	derivatives/mriqc/sub-050/ses-01/func/sub-050_ses-01_task-control_run-05_timeseries.tsv	Missing description; Missing unit	no	no	yes	MRIQC
framewise_displacement	derivatives/mriqc/sub-050/ses-01/func/sub-050_ses-01_task-control_run-05_timeseries.tsv	Missing description; Missing unit	no	no	yes	MRIQC
aqi	derivatives/mriqc/sub-050/ses-01/func/sub-050_ses-01_task-control_run-05_timeseries.tsv	Missing description; Missing unit	no	no	yes	MRIQC
aor	derivatives/mriqc/sub-050/ses-01/func/sub-050_ses-01_task-control_run-05_timeseries.tsv	Missing description; Missing unit	no	no	yes	MRIQC
trans_x	derivatives/mriqc/sub-050/ses-01/func/sub-050_ses-01_task-fmri_run-03_timeseries.tsv	Missing description; Missing unit	no	no	yes	MRIQC
trans_y	derivatives/mriqc/sub-050/ses-01/func/sub-050_ses-01_task-fmri_run-03_timeseries.tsv	Missing description; Missing unit	no	no	yes	MRIQC
trans_z	derivatives/mriqc/sub-050/ses-01/func/sub-050_ses-01_task-fmri_run-03_timeseries.tsv	Missing description; Missing unit	no	no	yes	MRIQC
rot_x	derivatives/mriqc/sub-050/ses-01/func/sub-050_ses-01_task-fmri_run-03_timeseries.tsv	Missing description; Missing unit	no	no	yes	MRIQC
rot_y	derivatives/mriqc/sub-050/ses-01/func/sub-050_ses-01_task-fmri_run-03_timeseries.tsv	Missing description; Missing unit	no	no	yes	MRIQC
rot_z	derivatives/mriqc/sub-050/ses-01/func/sub-050_ses-01_task-fmri_run-03_timeseries.tsv	Missing description; Missing unit	no	no	yes	MRIQC
dvars_std	derivatives/mriqc/sub-050/ses-01/func/sub-050_ses-01_task-fmri_run-03_timeseries.tsv	Missing description; Missing unit	no	no	yes	MRIQC
dvars_nstd	derivatives/mriqc/sub-050/ses-01/func/sub-050_ses-01_task-fmri_run-03_timeseries.tsv	Missing description; Missing unit	no	no	yes	MRIQC
dvars_vstd	derivatives/mriqc/sub-050/ses-01/func/sub-050_ses-01_task-fmri_run-03_timeseries.tsv	Missing description; Missing unit	no	no	yes	MRIQC
framewise_displacement	derivatives/mriqc/sub-050/ses-01/func/sub-050_ses-01_task-fmri_run-03_timeseries.tsv	Missing description; Missing unit	no	no	yes	MRIQC
aqi	derivatives/mriqc/sub-050/ses-01/func/sub-050_ses-01_task-fmri_run-03_timeseries.tsv	Missing description; Missing unit	no	no	yes	MRIQC
aor	derivatives/mriqc/sub-050/ses-01/func/sub-050_ses-01_task-fmri_run-03_timeseries.tsv	Missing description; Missing unit	no	no	yes	MRIQC
trans_x	derivatives/mriqc/sub-050/ses-01/func/sub-050_ses-01_task-movie_run-01_timeseries.tsv	Missing description; Missing unit	no	no	yes	MRIQC
trans_y	derivatives/mriqc/sub-050/ses-01/func/sub-050_ses-01_task-movie_run-01_timeseries.tsv	Missing description; Missing unit	no	no	yes	MRIQC
trans_z	derivatives/mriqc/sub-050/ses-01/func/sub-050_ses-01_task-movie_run-01_timeseries.tsv	Missing description; Missing unit	no	no	yes	MRIQC
rot_x	derivatives/mriqc/sub-050/ses-01/func/sub-050_ses-01_task-movie_run-01_timeseries.tsv	Missing description; Missing unit	no	no	yes	MRIQC
rot_y	derivatives/mriqc/sub-050/ses-01/func/sub-050_ses-01_task-movie_run-01_timeseries.tsv	Missing description; Missing unit	no	no	yes	MRIQC
rot_z	derivatives/mriqc/sub-050/ses-01/func/sub-050_ses-01_task-movie_run-01_timeseries.tsv	Missing description; Missing unit	no	no	yes	MRIQC
dvars_std	derivatives/mriqc/sub-050/ses-01/func/sub-050_ses-01_task-movie_run-01_timeseries.tsv	Missing description; Missing unit	no	no	yes	MRIQC
dvars_nstd	derivatives/mriqc/sub-050/ses-01/func/sub-050_ses-01_task-movie_run-01_timeseries.tsv	Missing description; Missing unit	no	no	yes	MRIQC
dvars_vstd	derivatives/mriqc/sub-050/ses-01/func/sub-050_ses-01_task-movie_run-01_timeseries.tsv	Missing description; Missing unit	no	no	yes	MRIQC
framewise_displacement	derivatives/mriqc/sub-050/ses-01/func/sub-050_ses-01_task-movie_run-01_timeseries.tsv	Missing description; Missing unit	no	no	yes	MRIQC
aqi	derivatives/mriqc/sub-050/ses-01/func/sub-050_ses-01_task-movie_run-01_timeseries.tsv	Missing description; Missing unit	no	no	yes	MRIQC
aor	derivatives/mriqc/sub-050/ses-01/func/sub-050_ses-01_task-movie_run-01_timeseries.tsv	Missing description; Missing unit	no	no	yes	MRIQC
trans_x	derivatives/mriqc/sub-050/ses-01/func/sub-050_ses-01_task-rest_run-01_timeseries.tsv	Missing description; Missing unit	no	no	yes	MRIQC
trans_y	derivatives/mriqc/sub-050/ses-01/func/sub-050_ses-01_task-rest_run-01_timeseries.tsv	Missing description; Missing unit	no	no	yes	MRIQC
trans_z	derivatives/mriqc/sub-050/ses-01/func/sub-050_ses-01_task-rest_run-01_timeseries.tsv	Missing description; Missing unit	no	no	yes	MRIQC
rot_x	derivatives/mriqc/sub-050/ses-01/func/sub-050_ses-01_task-rest_run-01_timeseries.tsv	Missing description; Missing unit	no	no	yes	MRIQC
rot_y	derivatives/mriqc/sub-050/ses-01/func/sub-050_ses-01_task-rest_run-01_timeseries.tsv	Missing description; Missing unit	no	no	yes	MRIQC
rot_z	derivatives/mriqc/sub-050/ses-01/func/sub-050_ses-01_task-rest_run-01_timeseries.tsv	Missing description; Missing unit	no	no	yes	MRIQC
dvars_std	derivatives/mriqc/sub-050/ses-01/func/sub-050_ses-01_task-rest_run-01_timeseries.tsv	Missing description; Missing unit	no	no	yes	MRIQC
dvars_nstd	derivatives/mriqc/sub-050/ses-01/func/sub-050_ses-01_task-rest_run-01_timeseries.tsv	Missing description; Missing unit	no	no	yes	MRIQC
dvars_vstd	derivatives/mriqc/sub-050/ses-01/func/sub-050_ses-01_task-rest_run-01_timeseries.tsv	Missing description; Missing unit	no	no	yes	MRIQC
framewise_displacement	derivatives/mriqc/sub-050/ses-01/func/sub-050_ses-01_task-rest_run-01_timeseries.tsv	Missing description; Missing unit	no	no	yes	MRIQC
aqi	derivatives/mriqc/sub-050/ses-01/func/sub-050_ses-01_task-rest_run-01_timeseries.tsv	Missing description; Missing unit	no	no	yes	MRIQC
aor	derivatives/mriqc/sub-050/ses-01/func/sub-050_ses-01_task-rest_run-01_timeseries.tsv	Missing description; Missing unit	no	no	yes	MRIQC
trans_x	derivatives/mriqc/sub-050/ses-01/func/sub-050_ses-01_task-fmri_run-01_timeseries.tsv	Missing description; Missing unit	no	no	yes	MRIQC
trans_y	derivatives/mriqc/sub-050/ses-01/func/sub-050_ses-01_task-fmri_run-01_timeseries.tsv	Missing description; Missing unit	no	no	yes	MRIQC
trans_z	derivatives/mriqc/sub-050/ses-01/func/sub-050_ses-01_task-fmri_run-01_timeseries.tsv	Missing description; Missing unit	no	no	yes	MRIQC
rot_x	derivatives/mriqc/sub-050/ses-01/func/sub-050_ses-01_task-fmri_run-01_timeseries.tsv	Missing description; Missing unit	no	no	yes	MRIQC
rot_y	derivatives/mriqc/sub-050/ses-01/func/sub-050_ses-01_task-fmri_run-01_timeseries.tsv	Missing description; Missing unit	no	no	yes	MRIQC
rot_z	derivatives/mriqc/sub-050/ses-01/func/sub-050_ses-01_task-fmri_run-01_timeseries.tsv	Missing description; Missing unit	no	no	yes	MRIQC
dvars_std	derivatives/mriqc/sub-050/ses-01/func/sub-050_ses-01_task-fmri_run-01_timeseries.tsv	Missing description; Missing unit	no	no	yes	MRIQC
dvars_nstd	derivatives/mriqc/sub-050/ses-01/func/sub-050_ses-01_task-fmri_run-01_timeseries.tsv	Missing description; Missing unit	no	no	yes	MRIQC
dvars_vstd	derivatives/mriqc/sub-050/ses-01/func/sub-050_ses-01_task-fmri_run-01_timeseries.tsv	Missing description; Missing unit	no	no	yes	MRIQC
framewise_displacement	derivatives/mriqc/sub-050/ses-01/func/sub-050_ses-01_task-fmri_run-01_timeseries.tsv	Missing description; Missing unit	no	no	yes	MRIQC
aqi	derivatives/mriqc/sub-050/ses-01/func/sub-050_ses-01_task-fmri_run-01_timeseries.tsv	Missing description; Missing unit	no	no	yes	MRIQC
aor	derivatives/mriqc/sub-050/ses-01/func/sub-050_ses-01_task-fmri_run-01_timeseries.tsv	Missing description; Missing unit	no	no	yes	MRIQC
trans_x	derivatives/mriqc/sub-050/ses-01/func/sub-050_ses-01_task-movie_run-03_timeseries.tsv	Missing description; Missing unit	no	no	yes	MRIQC
trans_y	derivatives/mriqc/sub-050/ses-01/func/sub-050_ses-01_task-movie_run-03_timeseries.tsv	Missing description; Missing unit	no	no	yes	MRIQC
trans_z	derivatives/mriqc/sub-050/ses-01/func/sub-050_ses-01_task-movie_run-03_timeseries.tsv	Missing description; Missing unit	no	no	yes	MRIQC
rot_x	derivatives/mriqc/sub-050/ses-01/func/sub-050_ses-01_task-movie_run-03_timeseries.tsv	Missing description; Missing unit	no	no	yes	MRIQC
rot_y	derivatives/mriqc/sub-050/ses-01/func/sub-050_ses-01_task-movie_run-03_timeseries.tsv	Missing description; Missing unit	no	no	yes	MRIQC
rot_z	derivatives/mriqc/sub-050/ses-01/func/sub-050_ses-01_task-movie_run-03_timeseries.tsv	Missing description; Missing unit	no	no	yes	MRIQC
dvars_std	derivatives/mriqc/sub-050/ses-01/func/sub-050_ses-01_task-movie_run-03_timeseries.tsv	Missing description; Missing unit	no	no	yes	MRIQC
dvars_nstd	derivatives/mriqc/sub-050/ses-01/func/sub-050_ses-01_task-movie_run-03_timeseries.tsv	Missing description; Missing unit	no	no	yes	MRIQC
dvars_vstd	derivatives/mriqc/sub-050/ses-01/func/sub-050_ses-01_task-movie_run-03_timeseries.tsv	Missing description; Missing unit	no	no	yes	MRIQC
framewise_displacement	derivatives/mriqc/sub-050/ses-01/func/sub-050_ses-01_task-movie_run-03_timeseries.tsv	Missing description; Missing unit	no	no	yes	MRIQC
aqi	derivatives/mriqc/sub-050/ses-01/func/sub-050_ses-01_task-movie_run-03_timeseries.tsv	Missing description; Missing unit	no	no	yes	MRIQC
aor	derivatives/mriqc/sub-050/ses-01/func/sub-050_ses-01_task-movie_run-03_timeseries.tsv	Missing description; Missing unit	no	no	yes	MRIQC
trans_x	derivatives/mriqc/sub-050/ses-01/func/sub-050_ses-01_task-movie_run-05_timeseries.tsv	Missing description; Missing unit	no	no	yes	MRIQC
trans_y	derivatives/mriqc/sub-050/ses-01/func/sub-050_ses-01_task-movie_run-05_timeseries.tsv	Missing description; Missing unit	no	no	yes	MRIQC
trans_z	derivatives/mriqc/sub-050/ses-01/func/sub-050_ses-01_task-movie_run-05_timeseries.tsv	Missing description; Missing unit	no	no	yes	MRIQC
rot_x	derivatives/mriqc/sub-050/ses-01/func/sub-050_ses-01_task-movie_run-05_timeseries.tsv	Missing description; Missing unit	no	no	yes	MRIQC
rot_y	derivatives/mriqc/sub-050/ses-01/func/sub-050_ses-01_task-movie_run-05_timeseries.tsv	Missing description; Missing unit	no	no	yes	MRIQC
rot_z	derivatives/mriqc/sub-050/ses-01/func/sub-050_ses-01_task-movie_run-05_timeseries.tsv	Missing description; Missing unit	no	no	yes	MRIQC
dvars_std	derivatives/mriqc/sub-050/ses-01/func/sub-050_ses-01_task-movie_run-05_timeseries.tsv	Missing description; Missing unit	no	no	yes	MRIQC
dvars_nstd	derivatives/mriqc/sub-050/ses-01/func/sub-050_ses-01_task-movie_run-05_timeseries.tsv	Missing description; Missing unit	no	no	yes	MRIQC
dvars_vstd	derivatives/mriqc/sub-050/ses-01/func/sub-050_ses-01_task-movie_run-05_timeseries.tsv	Missing description; Missing unit	no	no	yes	MRIQC
framewise_displacement	derivatives/mriqc/sub-050/ses-01/func/sub-050_ses-01_task-movie_run-05_timeseries.tsv	Missing description; Missing unit	no	no	yes	MRIQC
aqi	derivatives/mriqc/sub-050/ses-01/func/sub-050_ses-01_task-movie_run-05_timeseries.tsv	Missing description; Missing unit	no	no	yes	MRIQC
aor	derivatives/mriqc/sub-050/ses-01/func/sub-050_ses-01_task-movie_run-05_timeseries.tsv	Missing description; Missing unit	no	no	yes	MRIQC
trans_x	derivatives/mriqc/sub-050/ses-01/func/sub-050_ses-01_task-control_run-01_timeseries.tsv	Missing description; Missing unit	no	no	yes	MRIQC
trans_y	derivatives/mriqc/sub-050/ses-01/func/sub-050_ses-01_task-control_run-01_timeseries.tsv	Missing description; Missing unit	no	no	yes	MRIQC
trans_z	derivatives/mriqc/sub-050/ses-01/func/sub-050_ses-01_task-control_run-01_timeseries.tsv	Missing description; Missing unit	no	no	yes	MRIQC
rot_x	derivatives/mriqc/sub-050/ses-01/func/sub-050_ses-01_task-control_run-01_timeseries.tsv	Missing description; Missing unit	no	no	yes	MRIQC
rot_y	derivatives/mriqc/sub-050/ses-01/func/sub-050_ses-01_task-control_run-01_timeseries.tsv	Missing description; Missing unit	no	no	yes	MRIQC
rot_z	derivatives/mriqc/sub-050/ses-01/func/sub-050_ses-01_task-control_run-01_timeseries.tsv	Missing description; Missing unit	no	no	yes	MRIQC
dvars_std	derivatives/mriqc/sub-050/ses-01/func/sub-050_ses-01_task-control_run-01_timeseries.tsv	Missing description; Missing unit	no	no	yes	MRIQC
dvars_nstd	derivatives/mriqc/sub-050/ses-01/func/sub-050_ses-01_task-control_run-01_timeseries.tsv	Missing description; Missing unit	no	no	yes	MRIQC
dvars_vstd	derivatives/mriqc/sub-050/ses-01/func/sub-050_ses-01_task-control_run-01_timeseries.tsv	Missing description; Missing unit	no	no	yes	MRIQC
framewise_displacement	derivatives/mriqc/sub-050/ses-01/func/sub-050_ses-01_task-control_run-01_timeseries.tsv	Missing description; Missing unit	no	no	yes	MRIQC
aqi	derivatives/mriqc/sub-050/ses-01/func/sub-050_ses-01_task-control_run-01_timeseries.tsv	Missing description; Missing unit	no	no	yes	MRIQC
aor	derivatives/mriqc/sub-050/ses-01/func/sub-050_ses-01_task-control_run-01_timeseries.tsv	Missing description; Missing unit	no	no	yes	MRIQC
trans_x	derivatives/mriqc/sub-050/ses-01/func/sub-050_ses-01_task-fmri_run-07_timeseries.tsv	Missing description; Missing unit	no	no	yes	MRIQC
trans_y	derivatives/mriqc/sub-050/ses-01/func/sub-050_ses-01_task-fmri_run-07_timeseries.tsv	Missing description; Missing unit	no	no	yes	MRIQC
trans_z	derivatives/mriqc/sub-050/ses-01/func/sub-050_ses-01_task-fmri_run-07_timeseries.tsv	Missing description; Missing unit	no	no	yes	MRIQC
rot_x	derivatives/mriqc/sub-050/ses-01/func/sub-050_ses-01_task-fmri_run-07_timeseries.tsv	Missing description; Missing unit	no	no	yes	MRIQC
rot_y	derivatives/mriqc/sub-050/ses-01/func/sub-050_ses-01_task-fmri_run-07_timeseries.tsv	Missing description; Missing unit	no	no	yes	MRIQC
rot_z	derivatives/mriqc/sub-050/ses-01/func/sub-050_ses-01_task-fmri_run-07_timeseries.tsv	Missing description; Missing unit	no	no	yes	MRIQC
dvars_std	derivatives/mriqc/sub-050/ses-01/func/sub-050_ses-01_task-fmri_run-07_timeseries.tsv	Missing description; Missing unit	no	no	yes	MRIQC
dvars_nstd	derivatives/mriqc/sub-050/ses-01/func/sub-050_ses-01_task-fmri_run-07_timeseries.tsv	Missing description; Missing unit	no	no	yes	MRIQC
dvars_vstd	derivatives/mriqc/sub-050/ses-01/func/sub-050_ses-01_task-fmri_run-07_timeseries.tsv	Missing description; Missing unit	no	no	yes	MRIQC
framewise_displacement	derivatives/mriqc/sub-050/ses-01/func/sub-050_ses-01_task-fmri_run-07_timeseries.tsv	Missing description; Missing unit	no	no	yes	MRIQC
aqi	derivatives/mriqc/sub-050/ses-01/func/sub-050_ses-01_task-fmri_run-07_timeseries.tsv	Missing description; Missing unit	no	no	yes	MRIQC
aor	derivatives/mriqc/sub-050/ses-01/func/sub-050_ses-01_task-fmri_run-07_timeseries.tsv	Missing description; Missing unit	no	no	yes	MRIQC
trans_x	derivatives/mriqc/sub-050/ses-01/func/sub-050_ses-01_task-movie_run-07_timeseries.tsv	Missing description; Missing unit	no	no	yes	MRIQC
trans_y	derivatives/mriqc/sub-050/ses-01/func/sub-050_ses-01_task-movie_run-07_timeseries.tsv	Missing description; Missing unit	no	no	yes	MRIQC
trans_z	derivatives/mriqc/sub-050/ses-01/func/sub-050_ses-01_task-movie_run-07_timeseries.tsv	Missing description; Missing unit	no	no	yes	MRIQC
rot_x	derivatives/mriqc/sub-050/ses-01/func/sub-050_ses-01_task-movie_run-07_timeseries.tsv	Missing description; Missing unit	no	no	yes	MRIQC
rot_y	derivatives/mriqc/sub-050/ses-01/func/sub-050_ses-01_task-movie_run-07_timeseries.tsv	Missing description; Missing unit	no	no	yes	MRIQC
rot_z	derivatives/mriqc/sub-050/ses-01/func/sub-050_ses-01_task-movie_run-07_timeseries.tsv	Missing description; Missing unit	no	no	yes	MRIQC
dvars_std	derivatives/mriqc/sub-050/ses-01/func/sub-050_ses-01_task-movie_run-07_timeseries.tsv	Missing description; Missing unit	no	no	yes	MRIQC
dvars_nstd	derivatives/mriqc/sub-050/ses-01/func/sub-050_ses-01_task-movie_run-07_timeseries.tsv	Missing description; Missing unit	no	no	yes	MRIQC
dvars_vstd	derivatives/mriqc/sub-050/ses-01/func/sub-050_ses-01_task-movie_run-07_timeseries.tsv	Missing description; Missing unit	no	no	yes	MRIQC
framewise_displacement	derivatives/mriqc/sub-050/ses-01/func/sub-050_ses-01_task-movie_run-07_timeseries.tsv	Missing description; Missing unit	no	no	yes	MRIQC
aqi	derivatives/mriqc/sub-050/ses-01/func/sub-050_ses-01_task-movie_run-07_timeseries.tsv	Missing description; Missing unit	no	no	yes	MRIQC
aor	derivatives/mriqc/sub-050/ses-01/func/sub-050_ses-01_task-movie_run-07_timeseries.tsv	Missing description; Missing unit	no	no	yes	MRIQC
trans_x	derivatives/mriqc/sub-050/ses-01/func/sub-050_ses-01_task-fmri_run-05_timeseries.tsv	Missing description; Missing unit	no	no	yes	MRIQC
trans_y	derivatives/mriqc/sub-050/ses-01/func/sub-050_ses-01_task-fmri_run-05_timeseries.tsv	Missing description; Missing unit	no	no	yes	MRIQC
trans_z	derivatives/mriqc/sub-050/ses-01/func/sub-050_ses-01_task-fmri_run-05_timeseries.tsv	Missing description; Missing unit	no	no	yes	MRIQC
rot_x	derivatives/mriqc/sub-050/ses-01/func/sub-050_ses-01_task-fmri_run-05_timeseries.tsv	Missing description; Missing unit	no	no	yes	MRIQC
rot_y	derivatives/mriqc/sub-050/ses-01/func/sub-050_ses-01_task-fmri_run-05_timeseries.tsv	Missing description; Missing unit	no	no	yes	MRIQC
rot_z	derivatives/mriqc/sub-050/ses-01/func/sub-050_ses-01_task-fmri_run-05_timeseries.tsv	Missing description; Missing unit	no	no	yes	MRIQC
dvars_std	derivatives/mriqc/sub-050/ses-01/func/sub-050_ses-01_task-fmri_run-05_timeseries.tsv	Missing description; Missing unit	no	no	yes	MRIQC
dvars_nstd	derivatives/mriqc/sub-050/ses-01/func/sub-050_ses-01_task-fmri_run-05_timeseries.tsv	Missing description; Missing unit	no	no	yes	MRIQC
dvars_vstd	derivatives/mriqc/sub-050/ses-01/func/sub-050_ses-01_task-fmri_run-05_timeseries.tsv	Missing description; Missing unit	no	no	yes	MRIQC
framewise_displacement	derivatives/mriqc/sub-050/ses-01/func/sub-050_ses-01_task-fmri_run-05_timeseries.tsv	Missing description; Missing unit	no	no	yes	MRIQC
aqi	derivatives/mriqc/sub-050/ses-01/func/sub-050_ses-01_task-fmri_run-05_timeseries.tsv	Missing description; Missing unit	no	no	yes	MRIQC
aor	derivatives/mriqc/sub-050/ses-01/func/sub-050_ses-01_task-fmri_run-05_timeseries.tsv	Missing description; Missing unit	no	no	yes	MRIQC
trans_x	derivatives/mriqc/sub-050/ses-01/func/sub-050_ses-01_task-control_run-03_timeseries.tsv	Missing description; Missing unit	no	no	yes	MRIQC
trans_y	derivatives/mriqc/sub-050/ses-01/func/sub-050_ses-01_task-control_run-03_timeseries.tsv	Missing description; Missing unit	no	no	yes	MRIQC
trans_z	derivatives/mriqc/sub-050/ses-01/func/sub-050_ses-01_task-control_run-03_timeseries.tsv	Missing description; Missing unit	no	no	yes	MRIQC
rot_x	derivatives/mriqc/sub-050/ses-01/func/sub-050_ses-01_task-control_run-03_timeseries.tsv	Missing description; Missing unit	no	no	yes	MRIQC
rot_y	derivatives/mriqc/sub-050/ses-01/func/sub-050_ses-01_task-control_run-03_timeseries.tsv	Missing description; Missing unit	no	no	yes	MRIQC
rot_z	derivatives/mriqc/sub-050/ses-01/func/sub-050_ses-01_task-control_run-03_timeseries.tsv	Missing description; Missing unit	no	no	yes	MRIQC
dvars_std	derivatives/mriqc/sub-050/ses-01/func/sub-050_ses-01_task-control_run-03_timeseries.tsv	Missing description; Missing unit	no	no	yes	MRIQC
dvars_nstd	derivatives/mriqc/sub-050/ses-01/func/sub-050_ses-01_task-control_run-03_timeseries.tsv	Missing description; Missing unit	no	no	yes	MRIQC
dvars_vstd	derivatives/mriqc/sub-050/ses-01/func/sub-050_ses-01_task-control_run-03_timeseries.tsv	Missing description; Missing unit	no	no	yes	MRIQC
framewise_displacement	derivatives/mriqc/sub-050/ses-01/func/sub-050_ses-01_task-control_run-03_timeseries.tsv	Missing description; Missing unit	no	no	yes	MRIQC
aqi	derivatives/mriqc/sub-050/ses-01/func/sub-050_ses-01_task-control_run-03_timeseries.tsv	Missing description; Missing unit	no	no	yes	MRIQC
aor	derivatives/mriqc/sub-050/ses-01/func/sub-050_ses-01_task-control_run-03_timeseries.tsv	Missing description; Missing unit	no	no	yes	MRIQC
subject	derivatives/mriqc/group_qc/mriqc_iqm_all_acquisitions.tsv	Missing description	no	no	yes	MRIQC
session	derivatives/mriqc/group_qc/mriqc_iqm_all_acquisitions.tsv	Missing description	no	no	yes	MRIQC
modality	derivatives/mriqc/group_qc/mriqc_iqm_all_acquisitions.tsv	Missing description	no	no	yes	MRIQC
task	derivatives/mriqc/group_qc/mriqc_iqm_all_acquisitions.tsv	Missing description	no	no	yes	MRIQC
run	derivatives/mriqc/group_qc/mriqc_iqm_all_acquisitions.tsv	Missing description; Missing unit	no	no	yes	MRIQC
suffix	derivatives/mriqc/group_qc/mriqc_iqm_all_acquisitions.tsv	Missing description	no	no	yes	MRIQC
filename	derivatives/mriqc/group_qc/mriqc_iqm_all_acquisitions.tsv	Missing description	no	no	yes	MRIQC
source_json	derivatives/mriqc/group_qc/mriqc_iqm_all_acquisitions.tsv	Missing description	no	no	yes	MRIQC
status	derivatives/mriqc/group_qc/mriqc_iqm_all_acquisitions.tsv	Missing description	no	no	yes	MRIQC
cjv	derivatives/mriqc/group_qc/mriqc_iqm_all_acquisitions.tsv	Missing description; Missing unit	no	no	yes	MRIQC
cnr	derivatives/mriqc/group_qc/mriqc_iqm_all_acquisitions.tsv	Missing description; Missing unit	no	no	yes	MRIQC
efc	derivatives/mriqc/group_qc/mriqc_iqm_all_acquisitions.tsv	Missing description; Missing unit	no	no	yes	MRIQC
fber	derivatives/mriqc/group_qc/mriqc_iqm_all_acquisitions.tsv	Missing description; Missing unit	no	no	yes	MRIQC
fwhm_avg	derivatives/mriqc/group_qc/mriqc_iqm_all_acquisitions.tsv	Missing description; Missing unit	no	no	yes	MRIQC
inu_med	derivatives/mriqc/group_qc/mriqc_iqm_all_acquisitions.tsv	Missing description; Missing unit	no	no	yes	MRIQC
inu_range	derivatives/mriqc/group_qc/mriqc_iqm_all_acquisitions.tsv	Missing description; Missing unit	no	no	yes	MRIQC
qi_1	derivatives/mriqc/group_qc/mriqc_iqm_all_acquisitions.tsv	Missing description; Missing unit	no	no	yes	MRIQC
qi_2	derivatives/mriqc/group_qc/mriqc_iqm_all_acquisitions.tsv	Missing description; Missing unit	no	no	yes	MRIQC
snr_total	derivatives/mriqc/group_qc/mriqc_iqm_all_acquisitions.tsv	Missing description; Missing unit	no	no	yes	MRIQC
snr_wm	derivatives/mriqc/group_qc/mriqc_iqm_all_acquisitions.tsv	Missing description; Missing unit	no	no	yes	MRIQC
snr_gm	derivatives/mriqc/group_qc/mriqc_iqm_all_acquisitions.tsv	Missing description; Missing unit	no	no	yes	MRIQC
snr_csf	derivatives/mriqc/group_qc/mriqc_iqm_all_acquisitions.tsv	Missing description; Missing unit	no	no	yes	MRIQC
tpm_overlap_csf	derivatives/mriqc/group_qc/mriqc_iqm_all_acquisitions.tsv	Missing description; Missing unit	no	no	yes	MRIQC
tpm_overlap_gm	derivatives/mriqc/group_qc/mriqc_iqm_all_acquisitions.tsv	Missing description; Missing unit	no	no	yes	MRIQC
tpm_overlap_wm	derivatives/mriqc/group_qc/mriqc_iqm_all_acquisitions.tsv	Missing description; Missing unit	no	no	yes	MRIQC
fd_mean	derivatives/mriqc/group_qc/mriqc_iqm_all_acquisitions.tsv	Missing description	no	no	yes	MRIQC
fd_num	derivatives/mriqc/group_qc/mriqc_iqm_all_acquisitions.tsv	Missing description	no	no	yes	MRIQC
dvars	derivatives/mriqc/group_qc/mriqc_iqm_all_acquisitions.tsv	Missing description	no	no	yes	MRIQC
tsnr	derivatives/mriqc/group_qc/mriqc_iqm_all_acquisitions.tsv	Missing description	no	no	yes	MRIQC
snr	derivatives/mriqc/group_qc/mriqc_iqm_all_acquisitions.tsv	Missing description	no	no	yes	MRIQC
ghost	derivatives/mriqc/group_qc/mriqc_iqm_all_acquisitions.tsv	Missing description	no	no	yes	MRIQC
aqi	derivatives/mriqc/group_qc/mriqc_iqm_all_acquisitions.tsv	Missing description	no	no	yes	MRIQC
gcor	derivatives/mriqc/group_qc/mriqc_iqm_all_acquisitions.tsv	Missing description	no	no	yes	MRIQC
fwhm	derivatives/mriqc/group_qc/mriqc_iqm_all_acquisitions.tsv	Missing description	no	no	yes	MRIQC
subject	derivatives/mriqc/group_qc/iqm_outliers.tsv	Missing description	no	no	yes	MRIQC
session	derivatives/mriqc/group_qc/iqm_outliers.tsv	Missing description	no	no	yes	MRIQC
acquisition	derivatives/mriqc/group_qc/iqm_outliers.tsv	Missing description	no	no	yes	MRIQC
iqm	derivatives/mriqc/group_qc/iqm_outliers.tsv	Missing description	no	no	yes	MRIQC
value	derivatives/mriqc/group_qc/iqm_outliers.tsv	Missing description; Missing unit	no	no	yes	MRIQC
threshold	derivatives/mriqc/group_qc/iqm_outliers.tsv	Missing description; Missing unit	no	no	yes	MRIQC
outlier_method	derivatives/mriqc/group_qc/iqm_outliers.tsv	Missing description	no	no	yes	MRIQC
detail	derivatives/mriqc/group_qc/iqm_outliers.tsv	Missing description	no	no	yes	MRIQC
trans_x	derivatives/mriqc/sub-062/ses-01/func/sub-062_ses-01_task-fmri_run-03_timeseries.tsv	Missing description; Missing unit	no	no	yes	MRIQC
trans_y	derivatives/mriqc/sub-062/ses-01/func/sub-062_ses-01_task-fmri_run-03_timeseries.tsv	Missing description; Missing unit	no	no	yes	MRIQC
trans_z	derivatives/mriqc/sub-062/ses-01/func/sub-062_ses-01_task-fmri_run-03_timeseries.tsv	Missing description; Missing unit	no	no	yes	MRIQC
rot_x	derivatives/mriqc/sub-062/ses-01/func/sub-062_ses-01_task-fmri_run-03_timeseries.tsv	Missing description; Missing unit	no	no	yes	MRIQC
rot_y	derivatives/mriqc/sub-062/ses-01/func/sub-062_ses-01_task-fmri_run-03_timeseries.tsv	Missing description; Missing unit	no	no	yes	MRIQC
rot_z	derivatives/mriqc/sub-062/ses-01/func/sub-062_ses-01_task-fmri_run-03_timeseries.tsv	Missing description; Missing unit	no	no	yes	MRIQC
dvars_std	derivatives/mriqc/sub-062/ses-01/func/sub-062_ses-01_task-fmri_run-03_timeseries.tsv	Missing description; Missing unit	no	no	yes	MRIQC
dvars_nstd	derivatives/mriqc/sub-062/ses-01/func/sub-062_ses-01_task-fmri_run-03_timeseries.tsv	Missing description; Missing unit	no	no	yes	MRIQC
dvars_vstd	derivatives/mriqc/sub-062/ses-01/func/sub-062_ses-01_task-fmri_run-03_timeseries.tsv	Missing description; Missing unit	no	no	yes	MRIQC
framewise_displacement	derivatives/mriqc/sub-062/ses-01/func/sub-062_ses-01_task-fmri_run-03_timeseries.tsv	Missing description; Missing unit	no	no	yes	MRIQC
aqi	derivatives/mriqc/sub-062/ses-01/func/sub-062_ses-01_task-fmri_run-03_timeseries.tsv	Missing description; Missing unit	no	no	yes	MRIQC
aor	derivatives/mriqc/sub-062/ses-01/func/sub-062_ses-01_task-fmri_run-03_timeseries.tsv	Missing description; Missing unit	no	no	yes	MRIQC
trans_x	derivatives/mriqc/sub-062/ses-01/func/sub-062_ses-01_task-movie_run-01_timeseries.tsv	Missing description; Missing unit	no	no	yes	MRIQC
trans_y	derivatives/mriqc/sub-062/ses-01/func/sub-062_ses-01_task-movie_run-01_timeseries.tsv	Missing description; Missing unit	no	no	yes	MRIQC
trans_z	derivatives/mriqc/sub-062/ses-01/func/sub-062_ses-01_task-movie_run-01_timeseries.tsv	Missing description; Missing unit	no	no	yes	MRIQC
rot_x	derivatives/mriqc/sub-062/ses-01/func/sub-062_ses-01_task-movie_run-01_timeseries.tsv	Missing description; Missing unit	no	no	yes	MRIQC
rot_y	derivatives/mriqc/sub-062/ses-01/func/sub-062_ses-01_task-movie_run-01_timeseries.tsv	Missing description; Missing unit	no	no	yes	MRIQC
rot_z	derivatives/mriqc/sub-062/ses-01/func/sub-062_ses-01_task-movie_run-01_timeseries.tsv	Missing description; Missing unit	no	no	yes	MRIQC
dvars_std	derivatives/mriqc/sub-062/ses-01/func/sub-062_ses-01_task-movie_run-01_timeseries.tsv	Missing description; Missing unit	no	no	yes	MRIQC
dvars_nstd	derivatives/mriqc/sub-062/ses-01/func/sub-062_ses-01_task-movie_run-01_timeseries.tsv	Missing description; Missing unit	no	no	yes	MRIQC
dvars_vstd	derivatives/mriqc/sub-062/ses-01/func/sub-062_ses-01_task-movie_run-01_timeseries.tsv	Missing description; Missing unit	no	no	yes	MRIQC
framewise_displacement	derivatives/mriqc/sub-062/ses-01/func/sub-062_ses-01_task-movie_run-01_timeseries.tsv	Missing description; Missing unit	no	no	yes	MRIQC
aqi	derivatives/mriqc/sub-062/ses-01/func/sub-062_ses-01_task-movie_run-01_timeseries.tsv	Missing description; Missing unit	no	no	yes	MRIQC
aor	derivatives/mriqc/sub-062/ses-01/func/sub-062_ses-01_task-movie_run-01_timeseries.tsv	Missing description; Missing unit	no	no	yes	MRIQC
trans_x	derivatives/mriqc/sub-062/ses-01/func/sub-062_ses-01_task-control_run-05_timeseries.tsv	Missing description; Missing unit	no	no	yes	MRIQC
trans_y	derivatives/mriqc/sub-062/ses-01/func/sub-062_ses-01_task-control_run-05_timeseries.tsv	Missing description; Missing unit	no	no	yes	MRIQC
trans_z	derivatives/mriqc/sub-062/ses-01/func/sub-062_ses-01_task-control_run-05_timeseries.tsv	Missing description; Missing unit	no	no	yes	MRIQC
rot_x	derivatives/mriqc/sub-062/ses-01/func/sub-062_ses-01_task-control_run-05_timeseries.tsv	Missing description; Missing unit	no	no	yes	MRIQC
rot_y	derivatives/mriqc/sub-062/ses-01/func/sub-062_ses-01_task-control_run-05_timeseries.tsv	Missing description; Missing unit	no	no	yes	MRIQC
rot_z	derivatives/mriqc/sub-062/ses-01/func/sub-062_ses-01_task-control_run-05_timeseries.tsv	Missing description; Missing unit	no	no	yes	MRIQC
dvars_std	derivatives/mriqc/sub-062/ses-01/func/sub-062_ses-01_task-control_run-05_timeseries.tsv	Missing description; Missing unit	no	no	yes	MRIQC
dvars_nstd	derivatives/mriqc/sub-062/ses-01/func/sub-062_ses-01_task-control_run-05_timeseries.tsv	Missing description; Missing unit	no	no	yes	MRIQC
dvars_vstd	derivatives/mriqc/sub-062/ses-01/func/sub-062_ses-01_task-control_run-05_timeseries.tsv	Missing description; Missing unit	no	no	yes	MRIQC
framewise_displacement	derivatives/mriqc/sub-062/ses-01/func/sub-062_ses-01_task-control_run-05_timeseries.tsv	Missing description; Missing unit	no	no	yes	MRIQC
aqi	derivatives/mriqc/sub-062/ses-01/func/sub-062_ses-01_task-control_run-05_timeseries.tsv	Missing description; Missing unit	no	no	yes	MRIQC
aor	derivatives/mriqc/sub-062/ses-01/func/sub-062_ses-01_task-control_run-05_timeseries.tsv	Missing description; Missing unit	no	no	yes	MRIQC
trans_x	derivatives/mriqc/sub-062/ses-01/func/sub-062_ses-01_task-fmri_run-01_timeseries.tsv	Missing description; Missing unit	no	no	yes	MRIQC
trans_y	derivatives/mriqc/sub-062/ses-01/func/sub-062_ses-01_task-fmri_run-01_timeseries.tsv	Missing description; Missing unit	no	no	yes	MRIQC
trans_z	derivatives/mriqc/sub-062/ses-01/func/sub-062_ses-01_task-fmri_run-01_timeseries.tsv	Missing description; Missing unit	no	no	yes	MRIQC
rot_x	derivatives/mriqc/sub-062/ses-01/func/sub-062_ses-01_task-fmri_run-01_timeseries.tsv	Missing description; Missing unit	no	no	yes	MRIQC
rot_y	derivatives/mriqc/sub-062/ses-01/func/sub-062_ses-01_task-fmri_run-01_timeseries.tsv	Missing description; Missing unit	no	no	yes	MRIQC
rot_z	derivatives/mriqc/sub-062/ses-01/func/sub-062_ses-01_task-fmri_run-01_timeseries.tsv	Missing description; Missing unit	no	no	yes	MRIQC
dvars_std	derivatives/mriqc/sub-062/ses-01/func/sub-062_ses-01_task-fmri_run-01_timeseries.tsv	Missing description; Missing unit	no	no	yes	MRIQC
dvars_nstd	derivatives/mriqc/sub-062/ses-01/func/sub-062_ses-01_task-fmri_run-01_timeseries.tsv	Missing description; Missing unit	no	no	yes	MRIQC
dvars_vstd	derivatives/mriqc/sub-062/ses-01/func/sub-062_ses-01_task-fmri_run-01_timeseries.tsv	Missing description; Missing unit	no	no	yes	MRIQC
framewise_displacement	derivatives/mriqc/sub-062/ses-01/func/sub-062_ses-01_task-fmri_run-01_timeseries.tsv	Missing description; Missing unit	no	no	yes	MRIQC
aqi	derivatives/mriqc/sub-062/ses-01/func/sub-062_ses-01_task-fmri_run-01_timeseries.tsv	Missing description; Missing unit	no	no	yes	MRIQC
aor	derivatives/mriqc/sub-062/ses-01/func/sub-062_ses-01_task-fmri_run-01_timeseries.tsv	Missing description; Missing unit	no	no	yes	MRIQC
trans_x	derivatives/mriqc/sub-062/ses-01/func/sub-062_ses-01_task-rest_run-01_timeseries.tsv	Missing description; Missing unit	no	no	yes	MRIQC
trans_y	derivatives/mriqc/sub-062/ses-01/func/sub-062_ses-01_task-rest_run-01_timeseries.tsv	Missing description; Missing unit	no	no	yes	MRIQC
trans_z	derivatives/mriqc/sub-062/ses-01/func/sub-062_ses-01_task-rest_run-01_timeseries.tsv	Missing description; Missing unit	no	no	yes	MRIQC
rot_x	derivatives/mriqc/sub-062/ses-01/func/sub-062_ses-01_task-rest_run-01_timeseries.tsv	Missing description; Missing unit	no	no	yes	MRIQC
rot_y	derivatives/mriqc/sub-062/ses-01/func/sub-062_ses-01_task-rest_run-01_timeseries.tsv	Missing description; Missing unit	no	no	yes	MRIQC
rot_z	derivatives/mriqc/sub-062/ses-01/func/sub-062_ses-01_task-rest_run-01_timeseries.tsv	Missing description; Missing unit	no	no	yes	MRIQC
dvars_std	derivatives/mriqc/sub-062/ses-01/func/sub-062_ses-01_task-rest_run-01_timeseries.tsv	Missing description; Missing unit	no	no	yes	MRIQC
dvars_nstd	derivatives/mriqc/sub-062/ses-01/func/sub-062_ses-01_task-rest_run-01_timeseries.tsv	Missing description; Missing unit	no	no	yes	MRIQC
dvars_vstd	derivatives/mriqc/sub-062/ses-01/func/sub-062_ses-01_task-rest_run-01_timeseries.tsv	Missing description; Missing unit	no	no	yes	MRIQC
framewise_displacement	derivatives/mriqc/sub-062/ses-01/func/sub-062_ses-01_task-rest_run-01_timeseries.tsv	Missing description; Missing unit	no	no	yes	MRIQC
aqi	derivatives/mriqc/sub-062/ses-01/func/sub-062_ses-01_task-rest_run-01_timeseries.tsv	Missing description; Missing unit	no	no	yes	MRIQC
aor	derivatives/mriqc/sub-062/ses-01/func/sub-062_ses-01_task-rest_run-01_timeseries.tsv	Missing description; Missing unit	no	no	yes	MRIQC
trans_x	derivatives/mriqc/sub-062/ses-01/func/sub-062_ses-01_task-movie_run-03_timeseries.tsv	Missing description; Missing unit	no	no	yes	MRIQC
trans_y	derivatives/mriqc/sub-062/ses-01/func/sub-062_ses-01_task-movie_run-03_timeseries.tsv	Missing description; Missing unit	no	no	yes	MRIQC
trans_z	derivatives/mriqc/sub-062/ses-01/func/sub-062_ses-01_task-movie_run-03_timeseries.tsv	Missing description; Missing unit	no	no	yes	MRIQC
rot_x	derivatives/mriqc/sub-062/ses-01/func/sub-062_ses-01_task-movie_run-03_timeseries.tsv	Missing description; Missing unit	no	no	yes	MRIQC
rot_y	derivatives/mriqc/sub-062/ses-01/func/sub-062_ses-01_task-movie_run-03_timeseries.tsv	Missing description; Missing unit	no	no	yes	MRIQC
rot_z	derivatives/mriqc/sub-062/ses-01/func/sub-062_ses-01_task-movie_run-03_timeseries.tsv	Missing description; Missing unit	no	no	yes	MRIQC
dvars_std	derivatives/mriqc/sub-062/ses-01/func/sub-062_ses-01_task-movie_run-03_timeseries.tsv	Missing description; Missing unit	no	no	yes	MRIQC
dvars_nstd	derivatives/mriqc/sub-062/ses-01/func/sub-062_ses-01_task-movie_run-03_timeseries.tsv	Missing description; Missing unit	no	no	yes	MRIQC
dvars_vstd	derivatives/mriqc/sub-062/ses-01/func/sub-062_ses-01_task-movie_run-03_timeseries.tsv	Missing description; Missing unit	no	no	yes	MRIQC
framewise_displacement	derivatives/mriqc/sub-062/ses-01/func/sub-062_ses-01_task-movie_run-03_timeseries.tsv	Missing description; Missing unit	no	no	yes	MRIQC
aqi	derivatives/mriqc/sub-062/ses-01/func/sub-062_ses-01_task-movie_run-03_timeseries.tsv	Missing description; Missing unit	no	no	yes	MRIQC
aor	derivatives/mriqc/sub-062/ses-01/func/sub-062_ses-01_task-movie_run-03_timeseries.tsv	Missing description; Missing unit	no	no	yes	MRIQC
trans_x	derivatives/mriqc/sub-062/ses-01/func/sub-062_ses-01_task-movie_run-05_timeseries.tsv	Missing description; Missing unit	no	no	yes	MRIQC
trans_y	derivatives/mriqc/sub-062/ses-01/func/sub-062_ses-01_task-movie_run-05_timeseries.tsv	Missing description; Missing unit	no	no	yes	MRIQC
trans_z	derivatives/mriqc/sub-062/ses-01/func/sub-062_ses-01_task-movie_run-05_timeseries.tsv	Missing description; Missing unit	no	no	yes	MRIQC
rot_x	derivatives/mriqc/sub-062/ses-01/func/sub-062_ses-01_task-movie_run-05_timeseries.tsv	Missing description; Missing unit	no	no	yes	MRIQC
rot_y	derivatives/mriqc/sub-062/ses-01/func/sub-062_ses-01_task-movie_run-05_timeseries.tsv	Missing description; Missing unit	no	no	yes	MRIQC
rot_z	derivatives/mriqc/sub-062/ses-01/func/sub-062_ses-01_task-movie_run-05_timeseries.tsv	Missing description; Missing unit	no	no	yes	MRIQC
dvars_std	derivatives/mriqc/sub-062/ses-01/func/sub-062_ses-01_task-movie_run-05_timeseries.tsv	Missing description; Missing unit	no	no	yes	MRIQC
dvars_nstd	derivatives/mriqc/sub-062/ses-01/func/sub-062_ses-01_task-movie_run-05_timeseries.tsv	Missing description; Missing unit	no	no	yes	MRIQC
dvars_vstd	derivatives/mriqc/sub-062/ses-01/func/sub-062_ses-01_task-movie_run-05_timeseries.tsv	Missing description; Missing unit	no	no	yes	MRIQC
framewise_displacement	derivatives/mriqc/sub-062/ses-01/func/sub-062_ses-01_task-movie_run-05_timeseries.tsv	Missing description; Missing unit	no	no	yes	MRIQC
aqi	derivatives/mriqc/sub-062/ses-01/func/sub-062_ses-01_task-movie_run-05_timeseries.tsv	Missing description; Missing unit	no	no	yes	MRIQC
aor	derivatives/mriqc/sub-062/ses-01/func/sub-062_ses-01_task-movie_run-05_timeseries.tsv	Missing description; Missing unit	no	no	yes	MRIQC
trans_x	derivatives/mriqc/sub-062/ses-01/func/sub-062_ses-01_task-control_run-01_timeseries.tsv	Missing description; Missing unit	no	no	yes	MRIQC
trans_y	derivatives/mriqc/sub-062/ses-01/func/sub-062_ses-01_task-control_run-01_timeseries.tsv	Missing description; Missing unit	no	no	yes	MRIQC
trans_z	derivatives/mriqc/sub-062/ses-01/func/sub-062_ses-01_task-control_run-01_timeseries.tsv	Missing description; Missing unit	no	no	yes	MRIQC
rot_x	derivatives/mriqc/sub-062/ses-01/func/sub-062_ses-01_task-control_run-01_timeseries.tsv	Missing description; Missing unit	no	no	yes	MRIQC
rot_y	derivatives/mriqc/sub-062/ses-01/func/sub-062_ses-01_task-control_run-01_timeseries.tsv	Missing description; Missing unit	no	no	yes	MRIQC
rot_z	derivatives/mriqc/sub-062/ses-01/func/sub-062_ses-01_task-control_run-01_timeseries.tsv	Missing description; Missing unit	no	no	yes	MRIQC
dvars_std	derivatives/mriqc/sub-062/ses-01/func/sub-062_ses-01_task-control_run-01_timeseries.tsv	Missing description; Missing unit	no	no	yes	MRIQC
dvars_nstd	derivatives/mriqc/sub-062/ses-01/func/sub-062_ses-01_task-control_run-01_timeseries.tsv	Missing description; Missing unit	no	no	yes	MRIQC
dvars_vstd	derivatives/mriqc/sub-062/ses-01/func/sub-062_ses-01_task-control_run-01_timeseries.tsv	Missing description; Missing unit	no	no	yes	MRIQC
framewise_displacement	derivatives/mriqc/sub-062/ses-01/func/sub-062_ses-01_task-control_run-01_timeseries.tsv	Missing description; Missing unit	no	no	yes	MRIQC
aqi	derivatives/mriqc/sub-062/ses-01/func/sub-062_ses-01_task-control_run-01_timeseries.tsv	Missing description; Missing unit	no	no	yes	MRIQC
aor	derivatives/mriqc/sub-062/ses-01/func/sub-062_ses-01_task-control_run-01_timeseries.tsv	Missing description; Missing unit	no	no	yes	MRIQC
trans_x	derivatives/mriqc/sub-062/ses-01/func/sub-062_ses-01_task-fmri_run-07_timeseries.tsv	Missing description; Missing unit	no	no	yes	MRIQC
trans_y	derivatives/mriqc/sub-062/ses-01/func/sub-062_ses-01_task-fmri_run-07_timeseries.tsv	Missing description; Missing unit	no	no	yes	MRIQC
trans_z	derivatives/mriqc/sub-062/ses-01/func/sub-062_ses-01_task-fmri_run-07_timeseries.tsv	Missing description; Missing unit	no	no	yes	MRIQC
rot_x	derivatives/mriqc/sub-062/ses-01/func/sub-062_ses-01_task-fmri_run-07_timeseries.tsv	Missing description; Missing unit	no	no	yes	MRIQC
rot_y	derivatives/mriqc/sub-062/ses-01/func/sub-062_ses-01_task-fmri_run-07_timeseries.tsv	Missing description; Missing unit	no	no	yes	MRIQC
rot_z	derivatives/mriqc/sub-062/ses-01/func/sub-062_ses-01_task-fmri_run-07_timeseries.tsv	Missing description; Missing unit	no	no	yes	MRIQC
dvars_std	derivatives/mriqc/sub-062/ses-01/func/sub-062_ses-01_task-fmri_run-07_timeseries.tsv	Missing description; Missing unit	no	no	yes	MRIQC
dvars_nstd	derivatives/mriqc/sub-062/ses-01/func/sub-062_ses-01_task-fmri_run-07_timeseries.tsv	Missing description; Missing unit	no	no	yes	MRIQC
dvars_vstd	derivatives/mriqc/sub-062/ses-01/func/sub-062_ses-01_task-fmri_run-07_timeseries.tsv	Missing description; Missing unit	no	no	yes	MRIQC
framewise_displacement	derivatives/mriqc/sub-062/ses-01/func/sub-062_ses-01_task-fmri_run-07_timeseries.tsv	Missing description; Missing unit	no	no	yes	MRIQC
aqi	derivatives/mriqc/sub-062/ses-01/func/sub-062_ses-01_task-fmri_run-07_timeseries.tsv	Missing description; Missing unit	no	no	yes	MRIQC
aor	derivatives/mriqc/sub-062/ses-01/func/sub-062_ses-01_task-fmri_run-07_timeseries.tsv	Missing description; Missing unit	no	no	yes	MRIQC
trans_x	derivatives/mriqc/sub-062/ses-01/func/sub-062_ses-01_task-control_run-03_timeseries.tsv	Missing description; Missing unit	no	no	yes	MRIQC
trans_y	derivatives/mriqc/sub-062/ses-01/func/sub-062_ses-01_task-control_run-03_timeseries.tsv	Missing description; Missing unit	no	no	yes	MRIQC
trans_z	derivatives/mriqc/sub-062/ses-01/func/sub-062_ses-01_task-control_run-03_timeseries.tsv	Missing description; Missing unit	no	no	yes	MRIQC
rot_x	derivatives/mriqc/sub-062/ses-01/func/sub-062_ses-01_task-control_run-03_timeseries.tsv	Missing description; Missing unit	no	no	yes	MRIQC
rot_y	derivatives/mriqc/sub-062/ses-01/func/sub-062_ses-01_task-control_run-03_timeseries.tsv	Missing description; Missing unit	no	no	yes	MRIQC
rot_z	derivatives/mriqc/sub-062/ses-01/func/sub-062_ses-01_task-control_run-03_timeseries.tsv	Missing description; Missing unit	no	no	yes	MRIQC
dvars_std	derivatives/mriqc/sub-062/ses-01/func/sub-062_ses-01_task-control_run-03_timeseries.tsv	Missing description; Missing unit	no	no	yes	MRIQC
dvars_nstd	derivatives/mriqc/sub-062/ses-01/func/sub-062_ses-01_task-control_run-03_timeseries.tsv	Missing description; Missing unit	no	no	yes	MRIQC
dvars_vstd	derivatives/mriqc/sub-062/ses-01/func/sub-062_ses-01_task-control_run-03_timeseries.tsv	Missing description; Missing unit	no	no	yes	MRIQC
framewise_displacement	derivatives/mriqc/sub-062/ses-01/func/sub-062_ses-01_task-control_run-03_timeseries.tsv	Missing description; Missing unit	no	no	yes	MRIQC
aqi	derivatives/mriqc/sub-062/ses-01/func/sub-062_ses-01_task-control_run-03_timeseries.tsv	Missing description; Missing unit	no	no	yes	MRIQC
aor	derivatives/mriqc/sub-062/ses-01/func/sub-062_ses-01_task-control_run-03_timeseries.tsv	Missing description; Missing unit	no	no	yes	MRIQC
trans_x	derivatives/mriqc/sub-062/ses-01/func/sub-062_ses-01_task-movie_run-07_timeseries.tsv	Missing description; Missing unit	no	no	yes	MRIQC
trans_y	derivatives/mriqc/sub-062/ses-01/func/sub-062_ses-01_task-movie_run-07_timeseries.tsv	Missing description; Missing unit	no	no	yes	MRIQC
trans_z	derivatives/mriqc/sub-062/ses-01/func/sub-062_ses-01_task-movie_run-07_timeseries.tsv	Missing description; Missing unit	no	no	yes	MRIQC
rot_x	derivatives/mriqc/sub-062/ses-01/func/sub-062_ses-01_task-movie_run-07_timeseries.tsv	Missing description; Missing unit	no	no	yes	MRIQC
rot_y	derivatives/mriqc/sub-062/ses-01/func/sub-062_ses-01_task-movie_run-07_timeseries.tsv	Missing description; Missing unit	no	no	yes	MRIQC
rot_z	derivatives/mriqc/sub-062/ses-01/func/sub-062_ses-01_task-movie_run-07_timeseries.tsv	Missing description; Missing unit	no	no	yes	MRIQC
dvars_std	derivatives/mriqc/sub-062/ses-01/func/sub-062_ses-01_task-movie_run-07_timeseries.tsv	Missing description; Missing unit	no	no	yes	MRIQC
dvars_nstd	derivatives/mriqc/sub-062/ses-01/func/sub-062_ses-01_task-movie_run-07_timeseries.tsv	Missing description; Missing unit	no	no	yes	MRIQC
dvars_vstd	derivatives/mriqc/sub-062/ses-01/func/sub-062_ses-01_task-movie_run-07_timeseries.tsv	Missing description; Missing unit	no	no	yes	MRIQC
framewise_displacement	derivatives/mriqc/sub-062/ses-01/func/sub-062_ses-01_task-movie_run-07_timeseries.tsv	Missing description; Missing unit	no	no	yes	MRIQC
aqi	derivatives/mriqc/sub-062/ses-01/func/sub-062_ses-01_task-movie_run-07_timeseries.tsv	Missing description; Missing unit	no	no	yes	MRIQC
aor	derivatives/mriqc/sub-062/ses-01/func/sub-062_ses-01_task-movie_run-07_timeseries.tsv	Missing description; Missing unit	no	no	yes	MRIQC
trans_x	derivatives/mriqc/sub-062/ses-01/func/sub-062_ses-01_task-fmri_run-05_timeseries.tsv	Missing description; Missing unit	no	no	yes	MRIQC
trans_y	derivatives/mriqc/sub-062/ses-01/func/sub-062_ses-01_task-fmri_run-05_timeseries.tsv	Missing description; Missing unit	no	no	yes	MRIQC
trans_z	derivatives/mriqc/sub-062/ses-01/func/sub-062_ses-01_task-fmri_run-05_timeseries.tsv	Missing description; Missing unit	no	no	yes	MRIQC
rot_x	derivatives/mriqc/sub-062/ses-01/func/sub-062_ses-01_task-fmri_run-05_timeseries.tsv	Missing description; Missing unit	no	no	yes	MRIQC
rot_y	derivatives/mriqc/sub-062/ses-01/func/sub-062_ses-01_task-fmri_run-05_timeseries.tsv	Missing description; Missing unit	no	no	yes	MRIQC
rot_z	derivatives/mriqc/sub-062/ses-01/func/sub-062_ses-01_task-fmri_run-05_timeseries.tsv	Missing description; Missing unit	no	no	yes	MRIQC
dvars_std	derivatives/mriqc/sub-062/ses-01/func/sub-062_ses-01_task-fmri_run-05_timeseries.tsv	Missing description; Missing unit	no	no	yes	MRIQC
dvars_nstd	derivatives/mriqc/sub-062/ses-01/func/sub-062_ses-01_task-fmri_run-05_timeseries.tsv	Missing description; Missing unit	no	no	yes	MRIQC
dvars_vstd	derivatives/mriqc/sub-062/ses-01/func/sub-062_ses-01_task-fmri_run-05_timeseries.tsv	Missing description; Missing unit	no	no	yes	MRIQC
framewise_displacement	derivatives/mriqc/sub-062/ses-01/func/sub-062_ses-01_task-fmri_run-05_timeseries.tsv	Missing description; Missing unit	no	no	yes	MRIQC
aqi	derivatives/mriqc/sub-062/ses-01/func/sub-062_ses-01_task-fmri_run-05_timeseries.tsv	Missing description; Missing unit	no	no	yes	MRIQC
aor	derivatives/mriqc/sub-062/ses-01/func/sub-062_ses-01_task-fmri_run-05_timeseries.tsv	Missing description; Missing unit	no	no	yes	MRIQC
trans_x	derivatives/mriqc/sub-015/ses-02/func/sub-015_ses-02_task-fmri_run-01_timeseries.tsv	Missing description; Missing unit	no	no	yes	MRIQC
trans_y	derivatives/mriqc/sub-015/ses-02/func/sub-015_ses-02_task-fmri_run-01_timeseries.tsv	Missing description; Missing unit	no	no	yes	MRIQC
trans_z	derivatives/mriqc/sub-015/ses-02/func/sub-015_ses-02_task-fmri_run-01_timeseries.tsv	Missing description; Missing unit	no	no	yes	MRIQC
rot_x	derivatives/mriqc/sub-015/ses-02/func/sub-015_ses-02_task-fmri_run-01_timeseries.tsv	Missing description; Missing unit	no	no	yes	MRIQC
rot_y	derivatives/mriqc/sub-015/ses-02/func/sub-015_ses-02_task-fmri_run-01_timeseries.tsv	Missing description; Missing unit	no	no	yes	MRIQC
rot_z	derivatives/mriqc/sub-015/ses-02/func/sub-015_ses-02_task-fmri_run-01_timeseries.tsv	Missing description; Missing unit	no	no	yes	MRIQC
dvars_std	derivatives/mriqc/sub-015/ses-02/func/sub-015_ses-02_task-fmri_run-01_timeseries.tsv	Missing description; Missing unit	no	no	yes	MRIQC
dvars_nstd	derivatives/mriqc/sub-015/ses-02/func/sub-015_ses-02_task-fmri_run-01_timeseries.tsv	Missing description; Missing unit	no	no	yes	MRIQC
dvars_vstd	derivatives/mriqc/sub-015/ses-02/func/sub-015_ses-02_task-fmri_run-01_timeseries.tsv	Missing description; Missing unit	no	no	yes	MRIQC
framewise_displacement	derivatives/mriqc/sub-015/ses-02/func/sub-015_ses-02_task-fmri_run-01_timeseries.tsv	Missing description; Missing unit	no	no	yes	MRIQC
aqi	derivatives/mriqc/sub-015/ses-02/func/sub-015_ses-02_task-fmri_run-01_timeseries.tsv	Missing description; Missing unit	no	no	yes	MRIQC
aor	derivatives/mriqc/sub-015/ses-02/func/sub-015_ses-02_task-fmri_run-01_timeseries.tsv	Missing description; Missing unit	no	no	yes	MRIQC
trans_x	derivatives/mriqc/sub-015/ses-02/func/sub-015_ses-02_task-rest_run-01_timeseries.tsv	Missing description; Missing unit	no	no	yes	MRIQC
trans_y	derivatives/mriqc/sub-015/ses-02/func/sub-015_ses-02_task-rest_run-01_timeseries.tsv	Missing description; Missing unit	no	no	yes	MRIQC
trans_z	derivatives/mriqc/sub-015/ses-02/func/sub-015_ses-02_task-rest_run-01_timeseries.tsv	Missing description; Missing unit	no	no	yes	MRIQC
rot_x	derivatives/mriqc/sub-015/ses-02/func/sub-015_ses-02_task-rest_run-01_timeseries.tsv	Missing description; Missing unit	no	no	yes	MRIQC
rot_y	derivatives/mriqc/sub-015/ses-02/func/sub-015_ses-02_task-rest_run-01_timeseries.tsv	Missing description; Missing unit	no	no	yes	MRIQC
rot_z	derivatives/mriqc/sub-015/ses-02/func/sub-015_ses-02_task-rest_run-01_timeseries.tsv	Missing description; Missing unit	no	no	yes	MRIQC
dvars_std	derivatives/mriqc/sub-015/ses-02/func/sub-015_ses-02_task-rest_run-01_timeseries.tsv	Missing description; Missing unit	no	no	yes	MRIQC
dvars_nstd	derivatives/mriqc/sub-015/ses-02/func/sub-015_ses-02_task-rest_run-01_timeseries.tsv	Missing description; Missing unit	no	no	yes	MRIQC
dvars_vstd	derivatives/mriqc/sub-015/ses-02/func/sub-015_ses-02_task-rest_run-01_timeseries.tsv	Missing description; Missing unit	no	no	yes	MRIQC
framewise_displacement	derivatives/mriqc/sub-015/ses-02/func/sub-015_ses-02_task-rest_run-01_timeseries.tsv	Missing description; Missing unit	no	no	yes	MRIQC
aqi	derivatives/mriqc/sub-015/ses-02/func/sub-015_ses-02_task-rest_run-01_timeseries.tsv	Missing description; Missing unit	no	no	yes	MRIQC
aor	derivatives/mriqc/sub-015/ses-02/func/sub-015_ses-02_task-rest_run-01_timeseries.tsv	Missing description; Missing unit	no	no	yes	MRIQC
trans_x	derivatives/mriqc/sub-015/ses-02/func/sub-015_ses-02_task-movie_run-03_timeseries.tsv	Missing description; Missing unit	no	no	yes	MRIQC
trans_y	derivatives/mriqc/sub-015/ses-02/func/sub-015_ses-02_task-movie_run-03_timeseries.tsv	Missing description; Missing unit	no	no	yes	MRIQC
trans_z	derivatives/mriqc/sub-015/ses-02/func/sub-015_ses-02_task-movie_run-03_timeseries.tsv	Missing description; Missing unit	no	no	yes	MRIQC
rot_x	derivatives/mriqc/sub-015/ses-02/func/sub-015_ses-02_task-movie_run-03_timeseries.tsv	Missing description; Missing unit	no	no	yes	MRIQC
rot_y	derivatives/mriqc/sub-015/ses-02/func/sub-015_ses-02_task-movie_run-03_timeseries.tsv	Missing description; Missing unit	no	no	yes	MRIQC
rot_z	derivatives/mriqc/sub-015/ses-02/func/sub-015_ses-02_task-movie_run-03_timeseries.tsv	Missing description; Missing unit	no	no	yes	MRIQC
dvars_std	derivatives/mriqc/sub-015/ses-02/func/sub-015_ses-02_task-movie_run-03_timeseries.tsv	Missing description; Missing unit	no	no	yes	MRIQC
dvars_nstd	derivatives/mriqc/sub-015/ses-02/func/sub-015_ses-02_task-movie_run-03_timeseries.tsv	Missing description; Missing unit	no	no	yes	MRIQC
dvars_vstd	derivatives/mriqc/sub-015/ses-02/func/sub-015_ses-02_task-movie_run-03_timeseries.tsv	Missing description; Missing unit	no	no	yes	MRIQC
framewise_displacement	derivatives/mriqc/sub-015/ses-02/func/sub-015_ses-02_task-movie_run-03_timeseries.tsv	Missing description; Missing unit	no	no	yes	MRIQC
aqi	derivatives/mriqc/sub-015/ses-02/func/sub-015_ses-02_task-movie_run-03_timeseries.tsv	Missing description; Missing unit	no	no	yes	MRIQC
aor	derivatives/mriqc/sub-015/ses-02/func/sub-015_ses-02_task-movie_run-03_timeseries.tsv	Missing description; Missing unit	no	no	yes	MRIQC
trans_x	derivatives/mriqc/sub-015/ses-02/func/sub-015_ses-02_task-control_run-03_timeseries.tsv	Missing description; Missing unit	no	no	yes	MRIQC
trans_y	derivatives/mriqc/sub-015/ses-02/func/sub-015_ses-02_task-control_run-03_timeseries.tsv	Missing description; Missing unit	no	no	yes	MRIQC
trans_z	derivatives/mriqc/sub-015/ses-02/func/sub-015_ses-02_task-control_run-03_timeseries.tsv	Missing description; Missing unit	no	no	yes	MRIQC
rot_x	derivatives/mriqc/sub-015/ses-02/func/sub-015_ses-02_task-control_run-03_timeseries.tsv	Missing description; Missing unit	no	no	yes	MRIQC
rot_y	derivatives/mriqc/sub-015/ses-02/func/sub-015_ses-02_task-control_run-03_timeseries.tsv	Missing description; Missing unit	no	no	yes	MRIQC
rot_z	derivatives/mriqc/sub-015/ses-02/func/sub-015_ses-02_task-control_run-03_timeseries.tsv	Missing description; Missing unit	no	no	yes	MRIQC
dvars_std	derivatives/mriqc/sub-015/ses-02/func/sub-015_ses-02_task-control_run-03_timeseries.tsv	Missing description; Missing unit	no	no	yes	MRIQC
dvars_nstd	derivatives/mriqc/sub-015/ses-02/func/sub-015_ses-02_task-control_run-03_timeseries.tsv	Missing description; Missing unit	no	no	yes	MRIQC
dvars_vstd	derivatives/mriqc/sub-015/ses-02/func/sub-015_ses-02_task-control_run-03_timeseries.tsv	Missing description; Missing unit	no	no	yes	MRIQC
framewise_displacement	derivatives/mriqc/sub-015/ses-02/func/sub-015_ses-02_task-control_run-03_timeseries.tsv	Missing description; Missing unit	no	no	yes	MRIQC
aqi	derivatives/mriqc/sub-015/ses-02/func/sub-015_ses-02_task-control_run-03_timeseries.tsv	Missing description; Missing unit	no	no	yes	MRIQC
aor	derivatives/mriqc/sub-015/ses-02/func/sub-015_ses-02_task-control_run-03_timeseries.tsv	Missing description; Missing unit	no	no	yes	MRIQC
trans_x	derivatives/mriqc/sub-015/ses-02/func/sub-015_ses-02_task-fmri_run-03_timeseries.tsv	Missing description; Missing unit	no	no	yes	MRIQC
trans_y	derivatives/mriqc/sub-015/ses-02/func/sub-015_ses-02_task-fmri_run-03_timeseries.tsv	Missing description; Missing unit	no	no	yes	MRIQC
trans_z	derivatives/mriqc/sub-015/ses-02/func/sub-015_ses-02_task-fmri_run-03_timeseries.tsv	Missing description; Missing unit	no	no	yes	MRIQC
rot_x	derivatives/mriqc/sub-015/ses-02/func/sub-015_ses-02_task-fmri_run-03_timeseries.tsv	Missing description; Missing unit	no	no	yes	MRIQC
rot_y	derivatives/mriqc/sub-015/ses-02/func/sub-015_ses-02_task-fmri_run-03_timeseries.tsv	Missing description; Missing unit	no	no	yes	MRIQC
rot_z	derivatives/mriqc/sub-015/ses-02/func/sub-015_ses-02_task-fmri_run-03_timeseries.tsv	Missing description; Missing unit	no	no	yes	MRIQC
dvars_std	derivatives/mriqc/sub-015/ses-02/func/sub-015_ses-02_task-fmri_run-03_timeseries.tsv	Missing description; Missing unit	no	no	yes	MRIQC
dvars_nstd	derivatives/mriqc/sub-015/ses-02/func/sub-015_ses-02_task-fmri_run-03_timeseries.tsv	Missing description; Missing unit	no	no	yes	MRIQC
dvars_vstd	derivatives/mriqc/sub-015/ses-02/func/sub-015_ses-02_task-fmri_run-03_timeseries.tsv	Missing description; Missing unit	no	no	yes	MRIQC
framewise_displacement	derivatives/mriqc/sub-015/ses-02/func/sub-015_ses-02_task-fmri_run-03_timeseries.tsv	Missing description; Missing unit	no	no	yes	MRIQC
aqi	derivatives/mriqc/sub-015/ses-02/func/sub-015_ses-02_task-fmri_run-03_timeseries.tsv	Missing description; Missing unit	no	no	yes	MRIQC
aor	derivatives/mriqc/sub-015/ses-02/func/sub-015_ses-02_task-fmri_run-03_timeseries.tsv	Missing description; Missing unit	no	no	yes	MRIQC
trans_x	derivatives/mriqc/sub-015/ses-02/func/sub-015_ses-02_task-movie_run-01_timeseries.tsv	Missing description; Missing unit	no	no	yes	MRIQC
trans_y	derivatives/mriqc/sub-015/ses-02/func/sub-015_ses-02_task-movie_run-01_timeseries.tsv	Missing description; Missing unit	no	no	yes	MRIQC
trans_z	derivatives/mriqc/sub-015/ses-02/func/sub-015_ses-02_task-movie_run-01_timeseries.tsv	Missing description; Missing unit	no	no	yes	MRIQC
rot_x	derivatives/mriqc/sub-015/ses-02/func/sub-015_ses-02_task-movie_run-01_timeseries.tsv	Missing description; Missing unit	no	no	yes	MRIQC
rot_y	derivatives/mriqc/sub-015/ses-02/func/sub-015_ses-02_task-movie_run-01_timeseries.tsv	Missing description; Missing unit	no	no	yes	MRIQC
rot_z	derivatives/mriqc/sub-015/ses-02/func/sub-015_ses-02_task-movie_run-01_timeseries.tsv	Missing description; Missing unit	no	no	yes	MRIQC
dvars_std	derivatives/mriqc/sub-015/ses-02/func/sub-015_ses-02_task-movie_run-01_timeseries.tsv	Missing description; Missing unit	no	no	yes	MRIQC
dvars_nstd	derivatives/mriqc/sub-015/ses-02/func/sub-015_ses-02_task-movie_run-01_timeseries.tsv	Missing description; Missing unit	no	no	yes	MRIQC
dvars_vstd	derivatives/mriqc/sub-015/ses-02/func/sub-015_ses-02_task-movie_run-01_timeseries.tsv	Missing description; Missing unit	no	no	yes	MRIQC
framewise_displacement	derivatives/mriqc/sub-015/ses-02/func/sub-015_ses-02_task-movie_run-01_timeseries.tsv	Missing description; Missing unit	no	no	yes	MRIQC
aqi	derivatives/mriqc/sub-015/ses-02/func/sub-015_ses-02_task-movie_run-01_timeseries.tsv	Missing description; Missing unit	no	no	yes	MRIQC
aor	derivatives/mriqc/sub-015/ses-02/func/sub-015_ses-02_task-movie_run-01_timeseries.tsv	Missing description; Missing unit	no	no	yes	MRIQC
trans_x	derivatives/mriqc/sub-015/ses-02/func/sub-015_ses-02_task-control_run-01_timeseries.tsv	Missing description; Missing unit	no	no	yes	MRIQC
trans_y	derivatives/mriqc/sub-015/ses-02/func/sub-015_ses-02_task-control_run-01_timeseries.tsv	Missing description; Missing unit	no	no	yes	MRIQC
trans_z	derivatives/mriqc/sub-015/ses-02/func/sub-015_ses-02_task-control_run-01_timeseries.tsv	Missing description; Missing unit	no	no	yes	MRIQC
rot_x	derivatives/mriqc/sub-015/ses-02/func/sub-015_ses-02_task-control_run-01_timeseries.tsv	Missing description; Missing unit	no	no	yes	MRIQC
rot_y	derivatives/mriqc/sub-015/ses-02/func/sub-015_ses-02_task-control_run-01_timeseries.tsv	Missing description; Missing unit	no	no	yes	MRIQC
rot_z	derivatives/mriqc/sub-015/ses-02/func/sub-015_ses-02_task-control_run-01_timeseries.tsv	Missing description; Missing unit	no	no	yes	MRIQC
dvars_std	derivatives/mriqc/sub-015/ses-02/func/sub-015_ses-02_task-control_run-01_timeseries.tsv	Missing description; Missing unit	no	no	yes	MRIQC
dvars_nstd	derivatives/mriqc/sub-015/ses-02/func/sub-015_ses-02_task-control_run-01_timeseries.tsv	Missing description; Missing unit	no	no	yes	MRIQC
dvars_vstd	derivatives/mriqc/sub-015/ses-02/func/sub-015_ses-02_task-control_run-01_timeseries.tsv	Missing description; Missing unit	no	no	yes	MRIQC
framewise_displacement	derivatives/mriqc/sub-015/ses-02/func/sub-015_ses-02_task-control_run-01_timeseries.tsv	Missing description; Missing unit	no	no	yes	MRIQC
aqi	derivatives/mriqc/sub-015/ses-02/func/sub-015_ses-02_task-control_run-01_timeseries.tsv	Missing description; Missing unit	no	no	yes	MRIQC
aor	derivatives/mriqc/sub-015/ses-02/func/sub-015_ses-02_task-control_run-01_timeseries.tsv	Missing description; Missing unit	no	no	yes	MRIQC
trans_x	derivatives/mriqc/sub-015/ses-02/func/sub-015_ses-02_task-movie_run-07_timeseries.tsv	Missing description; Missing unit	no	no	yes	MRIQC
trans_y	derivatives/mriqc/sub-015/ses-02/func/sub-015_ses-02_task-movie_run-07_timeseries.tsv	Missing description; Missing unit	no	no	yes	MRIQC
trans_z	derivatives/mriqc/sub-015/ses-02/func/sub-015_ses-02_task-movie_run-07_timeseries.tsv	Missing description; Missing unit	no	no	yes	MRIQC
rot_x	derivatives/mriqc/sub-015/ses-02/func/sub-015_ses-02_task-movie_run-07_timeseries.tsv	Missing description; Missing unit	no	no	yes	MRIQC
rot_y	derivatives/mriqc/sub-015/ses-02/func/sub-015_ses-02_task-movie_run-07_timeseries.tsv	Missing description; Missing unit	no	no	yes	MRIQC
rot_z	derivatives/mriqc/sub-015/ses-02/func/sub-015_ses-02_task-movie_run-07_timeseries.tsv	Missing description; Missing unit	no	no	yes	MRIQC
dvars_std	derivatives/mriqc/sub-015/ses-02/func/sub-015_ses-02_task-movie_run-07_timeseries.tsv	Missing description; Missing unit	no	no	yes	MRIQC
dvars_nstd	derivatives/mriqc/sub-015/ses-02/func/sub-015_ses-02_task-movie_run-07_timeseries.tsv	Missing description; Missing unit	no	no	yes	MRIQC
dvars_vstd	derivatives/mriqc/sub-015/ses-02/func/sub-015_ses-02_task-movie_run-07_timeseries.tsv	Missing description; Missing unit	no	no	yes	MRIQC
framewise_displacement	derivatives/mriqc/sub-015/ses-02/func/sub-015_ses-02_task-movie_run-07_timeseries.tsv	Missing description; Missing unit	no	no	yes	MRIQC
aqi	derivatives/mriqc/sub-015/ses-02/func/sub-015_ses-02_task-movie_run-07_timeseries.tsv	Missing description; Missing unit	no	no	yes	MRIQC
aor	derivatives/mriqc/sub-015/ses-02/func/sub-015_ses-02_task-movie_run-07_timeseries.tsv	Missing description; Missing unit	no	no	yes	MRIQC
trans_x	derivatives/mriqc/sub-015/ses-02/func/sub-015_ses-02_task-fmri_run-05_timeseries.tsv	Missing description; Missing unit	no	no	yes	MRIQC
trans_y	derivatives/mriqc/sub-015/ses-02/func/sub-015_ses-02_task-fmri_run-05_timeseries.tsv	Missing description; Missing unit	no	no	yes	MRIQC
trans_z	derivatives/mriqc/sub-015/ses-02/func/sub-015_ses-02_task-fmri_run-05_timeseries.tsv	Missing description; Missing unit	no	no	yes	MRIQC
rot_x	derivatives/mriqc/sub-015/ses-02/func/sub-015_ses-02_task-fmri_run-05_timeseries.tsv	Missing description; Missing unit	no	no	yes	MRIQC
rot_y	derivatives/mriqc/sub-015/ses-02/func/sub-015_ses-02_task-fmri_run-05_timeseries.tsv	Missing description; Missing unit	no	no	yes	MRIQC
rot_z	derivatives/mriqc/sub-015/ses-02/func/sub-015_ses-02_task-fmri_run-05_timeseries.tsv	Missing description; Missing unit	no	no	yes	MRIQC
dvars_std	derivatives/mriqc/sub-015/ses-02/func/sub-015_ses-02_task-fmri_run-05_timeseries.tsv	Missing description; Missing unit	no	no	yes	MRIQC
dvars_nstd	derivatives/mriqc/sub-015/ses-02/func/sub-015_ses-02_task-fmri_run-05_timeseries.tsv	Missing description; Missing unit	no	no	yes	MRIQC
dvars_vstd	derivatives/mriqc/sub-015/ses-02/func/sub-015_ses-02_task-fmri_run-05_timeseries.tsv	Missing description; Missing unit	no	no	yes	MRIQC
framewise_displacement	derivatives/mriqc/sub-015/ses-02/func/sub-015_ses-02_task-fmri_run-05_timeseries.tsv	Missing description; Missing unit	no	no	yes	MRIQC
aqi	derivatives/mriqc/sub-015/ses-02/func/sub-015_ses-02_task-fmri_run-05_timeseries.tsv	Missing description; Missing unit	no	no	yes	MRIQC
aor	derivatives/mriqc/sub-015/ses-02/func/sub-015_ses-02_task-fmri_run-05_timeseries.tsv	Missing description; Missing unit	no	no	yes	MRIQC
trans_x	derivatives/mriqc/sub-015/ses-02/func/sub-015_ses-02_task-movie_run-05_timeseries.tsv	Missing description; Missing unit	no	no	yes	MRIQC
trans_y	derivatives/mriqc/sub-015/ses-02/func/sub-015_ses-02_task-movie_run-05_timeseries.tsv	Missing description; Missing unit	no	no	yes	MRIQC
trans_z	derivatives/mriqc/sub-015/ses-02/func/sub-015_ses-02_task-movie_run-05_timeseries.tsv	Missing description; Missing unit	no	no	yes	MRIQC
rot_x	derivatives/mriqc/sub-015/ses-02/func/sub-015_ses-02_task-movie_run-05_timeseries.tsv	Missing description; Missing unit	no	no	yes	MRIQC
rot_y	derivatives/mriqc/sub-015/ses-02/func/sub-015_ses-02_task-movie_run-05_timeseries.tsv	Missing description; Missing unit	no	no	yes	MRIQC
rot_z	derivatives/mriqc/sub-015/ses-02/func/sub-015_ses-02_task-movie_run-05_timeseries.tsv	Missing description; Missing unit	no	no	yes	MRIQC
dvars_std	derivatives/mriqc/sub-015/ses-02/func/sub-015_ses-02_task-movie_run-05_timeseries.tsv	Missing description; Missing unit	no	no	yes	MRIQC
dvars_nstd	derivatives/mriqc/sub-015/ses-02/func/sub-015_ses-02_task-movie_run-05_timeseries.tsv	Missing description; Missing unit	no	no	yes	MRIQC
dvars_vstd	derivatives/mriqc/sub-015/ses-02/func/sub-015_ses-02_task-movie_run-05_timeseries.tsv	Missing description; Missing unit	no	no	yes	MRIQC
framewise_displacement	derivatives/mriqc/sub-015/ses-02/func/sub-015_ses-02_task-movie_run-05_timeseries.tsv	Missing description; Missing unit	no	no	yes	MRIQC
aqi	derivatives/mriqc/sub-015/ses-02/func/sub-015_ses-02_task-movie_run-05_timeseries.tsv	Missing description; Missing unit	no	no	yes	MRIQC
aor	derivatives/mriqc/sub-015/ses-02/func/sub-015_ses-02_task-movie_run-05_timeseries.tsv	Missing description; Missing unit	no	no	yes	MRIQC
trans_x	derivatives/mriqc/sub-015/ses-02/func/sub-015_ses-02_task-control_run-05_timeseries.tsv	Missing description; Missing unit	no	no	yes	MRIQC
trans_y	derivatives/mriqc/sub-015/ses-02/func/sub-015_ses-02_task-control_run-05_timeseries.tsv	Missing description; Missing unit	no	no	yes	MRIQC
trans_z	derivatives/mriqc/sub-015/ses-02/func/sub-015_ses-02_task-control_run-05_timeseries.tsv	Missing description; Missing unit	no	no	yes	MRIQC
rot_x	derivatives/mriqc/sub-015/ses-02/func/sub-015_ses-02_task-control_run-05_timeseries.tsv	Missing description; Missing unit	no	no	yes	MRIQC
rot_y	derivatives/mriqc/sub-015/ses-02/func/sub-015_ses-02_task-control_run-05_timeseries.tsv	Missing description; Missing unit	no	no	yes	MRIQC
rot_z	derivatives/mriqc/sub-015/ses-02/func/sub-015_ses-02_task-control_run-05_timeseries.tsv	Missing description; Missing unit	no	no	yes	MRIQC
dvars_std	derivatives/mriqc/sub-015/ses-02/func/sub-015_ses-02_task-control_run-05_timeseries.tsv	Missing description; Missing unit	no	no	yes	MRIQC
dvars_nstd	derivatives/mriqc/sub-015/ses-02/func/sub-015_ses-02_task-control_run-05_timeseries.tsv	Missing description; Missing unit	no	no	yes	MRIQC
dvars_vstd	derivatives/mriqc/sub-015/ses-02/func/sub-015_ses-02_task-control_run-05_timeseries.tsv	Missing description; Missing unit	no	no	yes	MRIQC
framewise_displacement	derivatives/mriqc/sub-015/ses-02/func/sub-015_ses-02_task-control_run-05_timeseries.tsv	Missing description; Missing unit	no	no	yes	MRIQC
aqi	derivatives/mriqc/sub-015/ses-02/func/sub-015_ses-02_task-control_run-05_timeseries.tsv	Missing description; Missing unit	no	no	yes	MRIQC
aor	derivatives/mriqc/sub-015/ses-02/func/sub-015_ses-02_task-control_run-05_timeseries.tsv	Missing description; Missing unit	no	no	yes	MRIQC
trans_x	derivatives/mriqc/sub-015/ses-02/func/sub-015_ses-02_task-fmri_run-07_timeseries.tsv	Missing description; Missing unit	no	no	yes	MRIQC
trans_y	derivatives/mriqc/sub-015/ses-02/func/sub-015_ses-02_task-fmri_run-07_timeseries.tsv	Missing description; Missing unit	no	no	yes	MRIQC
trans_z	derivatives/mriqc/sub-015/ses-02/func/sub-015_ses-02_task-fmri_run-07_timeseries.tsv	Missing description; Missing unit	no	no	yes	MRIQC
rot_x	derivatives/mriqc/sub-015/ses-02/func/sub-015_ses-02_task-fmri_run-07_timeseries.tsv	Missing description; Missing unit	no	no	yes	MRIQC
rot_y	derivatives/mriqc/sub-015/ses-02/func/sub-015_ses-02_task-fmri_run-07_timeseries.tsv	Missing description; Missing unit	no	no	yes	MRIQC
rot_z	derivatives/mriqc/sub-015/ses-02/func/sub-015_ses-02_task-fmri_run-07_timeseries.tsv	Missing description; Missing unit	no	no	yes	MRIQC
dvars_std	derivatives/mriqc/sub-015/ses-02/func/sub-015_ses-02_task-fmri_run-07_timeseries.tsv	Missing description; Missing unit	no	no	yes	MRIQC
dvars_nstd	derivatives/mriqc/sub-015/ses-02/func/sub-015_ses-02_task-fmri_run-07_timeseries.tsv	Missing description; Missing unit	no	no	yes	MRIQC
dvars_vstd	derivatives/mriqc/sub-015/ses-02/func/sub-015_ses-02_task-fmri_run-07_timeseries.tsv	Missing description; Missing unit	no	no	yes	MRIQC
framewise_displacement	derivatives/mriqc/sub-015/ses-02/func/sub-015_ses-02_task-fmri_run-07_timeseries.tsv	Missing description; Missing unit	no	no	yes	MRIQC
aqi	derivatives/mriqc/sub-015/ses-02/func/sub-015_ses-02_task-fmri_run-07_timeseries.tsv	Missing description; Missing unit	no	no	yes	MRIQC
aor	derivatives/mriqc/sub-015/ses-02/func/sub-015_ses-02_task-fmri_run-07_timeseries.tsv	Missing description; Missing unit	no	no	yes	MRIQC
trans_x	derivatives/mriqc/sub-015/ses-01/func/sub-015_ses-01_task-control_run-05_timeseries.tsv	Missing description; Missing unit	no	no	yes	MRIQC
trans_y	derivatives/mriqc/sub-015/ses-01/func/sub-015_ses-01_task-control_run-05_timeseries.tsv	Missing description; Missing unit	no	no	yes	MRIQC
trans_z	derivatives/mriqc/sub-015/ses-01/func/sub-015_ses-01_task-control_run-05_timeseries.tsv	Missing description; Missing unit	no	no	yes	MRIQC
rot_x	derivatives/mriqc/sub-015/ses-01/func/sub-015_ses-01_task-control_run-05_timeseries.tsv	Missing description; Missing unit	no	no	yes	MRIQC
rot_y	derivatives/mriqc/sub-015/ses-01/func/sub-015_ses-01_task-control_run-05_timeseries.tsv	Missing description; Missing unit	no	no	yes	MRIQC
rot_z	derivatives/mriqc/sub-015/ses-01/func/sub-015_ses-01_task-control_run-05_timeseries.tsv	Missing description; Missing unit	no	no	yes	MRIQC
dvars_std	derivatives/mriqc/sub-015/ses-01/func/sub-015_ses-01_task-control_run-05_timeseries.tsv	Missing description; Missing unit	no	no	yes	MRIQC
dvars_nstd	derivatives/mriqc/sub-015/ses-01/func/sub-015_ses-01_task-control_run-05_timeseries.tsv	Missing description; Missing unit	no	no	yes	MRIQC
dvars_vstd	derivatives/mriqc/sub-015/ses-01/func/sub-015_ses-01_task-control_run-05_timeseries.tsv	Missing description; Missing unit	no	no	yes	MRIQC
framewise_displacement	derivatives/mriqc/sub-015/ses-01/func/sub-015_ses-01_task-control_run-05_timeseries.tsv	Missing description; Missing unit	no	no	yes	MRIQC
aqi	derivatives/mriqc/sub-015/ses-01/func/sub-015_ses-01_task-control_run-05_timeseries.tsv	Missing description; Missing unit	no	no	yes	MRIQC
aor	derivatives/mriqc/sub-015/ses-01/func/sub-015_ses-01_task-control_run-05_timeseries.tsv	Missing description; Missing unit	no	no	yes	MRIQC
trans_x	derivatives/mriqc/sub-015/ses-01/func/sub-015_ses-01_task-movie_run-03_timeseries.tsv	Missing description; Missing unit	no	no	yes	MRIQC
trans_y	derivatives/mriqc/sub-015/ses-01/func/sub-015_ses-01_task-movie_run-03_timeseries.tsv	Missing description; Missing unit	no	no	yes	MRIQC
trans_z	derivatives/mriqc/sub-015/ses-01/func/sub-015_ses-01_task-movie_run-03_timeseries.tsv	Missing description; Missing unit	no	no	yes	MRIQC
rot_x	derivatives/mriqc/sub-015/ses-01/func/sub-015_ses-01_task-movie_run-03_timeseries.tsv	Missing description; Missing unit	no	no	yes	MRIQC
rot_y	derivatives/mriqc/sub-015/ses-01/func/sub-015_ses-01_task-movie_run-03_timeseries.tsv	Missing description; Missing unit	no	no	yes	MRIQC
rot_z	derivatives/mriqc/sub-015/ses-01/func/sub-015_ses-01_task-movie_run-03_timeseries.tsv	Missing description; Missing unit	no	no	yes	MRIQC
dvars_std	derivatives/mriqc/sub-015/ses-01/func/sub-015_ses-01_task-movie_run-03_timeseries.tsv	Missing description; Missing unit	no	no	yes	MRIQC
dvars_nstd	derivatives/mriqc/sub-015/ses-01/func/sub-015_ses-01_task-movie_run-03_timeseries.tsv	Missing description; Missing unit	no	no	yes	MRIQC
dvars_vstd	derivatives/mriqc/sub-015/ses-01/func/sub-015_ses-01_task-movie_run-03_timeseries.tsv	Missing description; Missing unit	no	no	yes	MRIQC
framewise_displacement	derivatives/mriqc/sub-015/ses-01/func/sub-015_ses-01_task-movie_run-03_timeseries.tsv	Missing description; Missing unit	no	no	yes	MRIQC
aqi	derivatives/mriqc/sub-015/ses-01/func/sub-015_ses-01_task-movie_run-03_timeseries.tsv	Missing description; Missing unit	no	no	yes	MRIQC
aor	derivatives/mriqc/sub-015/ses-01/func/sub-015_ses-01_task-movie_run-03_timeseries.tsv	Missing description; Missing unit	no	no	yes	MRIQC
trans_x	derivatives/mriqc/sub-015/ses-01/func/sub-015_ses-01_task-fmri_run-05_timeseries.tsv	Missing description; Missing unit	no	no	yes	MRIQC
trans_y	derivatives/mriqc/sub-015/ses-01/func/sub-015_ses-01_task-fmri_run-05_timeseries.tsv	Missing description; Missing unit	no	no	yes	MRIQC
trans_z	derivatives/mriqc/sub-015/ses-01/func/sub-015_ses-01_task-fmri_run-05_timeseries.tsv	Missing description; Missing unit	no	no	yes	MRIQC
rot_x	derivatives/mriqc/sub-015/ses-01/func/sub-015_ses-01_task-fmri_run-05_timeseries.tsv	Missing description; Missing unit	no	no	yes	MRIQC
rot_y	derivatives/mriqc/sub-015/ses-01/func/sub-015_ses-01_task-fmri_run-05_timeseries.tsv	Missing description; Missing unit	no	no	yes	MRIQC
rot_z	derivatives/mriqc/sub-015/ses-01/func/sub-015_ses-01_task-fmri_run-05_timeseries.tsv	Missing description; Missing unit	no	no	yes	MRIQC
dvars_std	derivatives/mriqc/sub-015/ses-01/func/sub-015_ses-01_task-fmri_run-05_timeseries.tsv	Missing description; Missing unit	no	no	yes	MRIQC
dvars_nstd	derivatives/mriqc/sub-015/ses-01/func/sub-015_ses-01_task-fmri_run-05_timeseries.tsv	Missing description; Missing unit	no	no	yes	MRIQC
dvars_vstd	derivatives/mriqc/sub-015/ses-01/func/sub-015_ses-01_task-fmri_run-05_timeseries.tsv	Missing description; Missing unit	no	no	yes	MRIQC
framewise_displacement	derivatives/mriqc/sub-015/ses-01/func/sub-015_ses-01_task-fmri_run-05_timeseries.tsv	Missing description; Missing unit	no	no	yes	MRIQC
aqi	derivatives/mriqc/sub-015/ses-01/func/sub-015_ses-01_task-fmri_run-05_timeseries.tsv	Missing description; Missing unit	no	no	yes	MRIQC
aor	derivatives/mriqc/sub-015/ses-01/func/sub-015_ses-01_task-fmri_run-05_timeseries.tsv	Missing description; Missing unit	no	no	yes	MRIQC
trans_x	derivatives/mriqc/sub-015/ses-01/func/sub-015_ses-01_task-control_run-07_timeseries.tsv	Missing description; Missing unit	no	no	yes	MRIQC
trans_y	derivatives/mriqc/sub-015/ses-01/func/sub-015_ses-01_task-control_run-07_timeseries.tsv	Missing description; Missing unit	no	no	yes	MRIQC
trans_z	derivatives/mriqc/sub-015/ses-01/func/sub-015_ses-01_task-control_run-07_timeseries.tsv	Missing description; Missing unit	no	no	yes	MRIQC
rot_x	derivatives/mriqc/sub-015/ses-01/func/sub-015_ses-01_task-control_run-07_timeseries.tsv	Missing description; Missing unit	no	no	yes	MRIQC
rot_y	derivatives/mriqc/sub-015/ses-01/func/sub-015_ses-01_task-control_run-07_timeseries.tsv	Missing description; Missing unit	no	no	yes	MRIQC
rot_z	derivatives/mriqc/sub-015/ses-01/func/sub-015_ses-01_task-control_run-07_timeseries.tsv	Missing description; Missing unit	no	no	yes	MRIQC
dvars_std	derivatives/mriqc/sub-015/ses-01/func/sub-015_ses-01_task-control_run-07_timeseries.tsv	Missing description; Missing unit	no	no	yes	MRIQC
dvars_nstd	derivatives/mriqc/sub-015/ses-01/func/sub-015_ses-01_task-control_run-07_timeseries.tsv	Missing description; Missing unit	no	no	yes	MRIQC
dvars_vstd	derivatives/mriqc/sub-015/ses-01/func/sub-015_ses-01_task-control_run-07_timeseries.tsv	Missing description; Missing unit	no	no	yes	MRIQC
framewise_displacement	derivatives/mriqc/sub-015/ses-01/func/sub-015_ses-01_task-control_run-07_timeseries.tsv	Missing description; Missing unit	no	no	yes	MRIQC
aqi	derivatives/mriqc/sub-015/ses-01/func/sub-015_ses-01_task-control_run-07_timeseries.tsv	Missing description; Missing unit	no	no	yes	MRIQC
aor	derivatives/mriqc/sub-015/ses-01/func/sub-015_ses-01_task-control_run-07_timeseries.tsv	Missing description; Missing unit	no	no	yes	MRIQC
trans_x	derivatives/mriqc/sub-015/ses-01/func/sub-015_ses-01_task-fmri_run-07_timeseries.tsv	Missing description; Missing unit	no	no	yes	MRIQC
trans_y	derivatives/mriqc/sub-015/ses-01/func/sub-015_ses-01_task-fmri_run-07_timeseries.tsv	Missing description; Missing unit	no	no	yes	MRIQC
trans_z	derivatives/mriqc/sub-015/ses-01/func/sub-015_ses-01_task-fmri_run-07_timeseries.tsv	Missing description; Missing unit	no	no	yes	MRIQC
rot_x	derivatives/mriqc/sub-015/ses-01/func/sub-015_ses-01_task-fmri_run-07_timeseries.tsv	Missing description; Missing unit	no	no	yes	MRIQC
rot_y	derivatives/mriqc/sub-015/ses-01/func/sub-015_ses-01_task-fmri_run-07_timeseries.tsv	Missing description; Missing unit	no	no	yes	MRIQC
rot_z	derivatives/mriqc/sub-015/ses-01/func/sub-015_ses-01_task-fmri_run-07_timeseries.tsv	Missing description; Missing unit	no	no	yes	MRIQC
dvars_std	derivatives/mriqc/sub-015/ses-01/func/sub-015_ses-01_task-fmri_run-07_timeseries.tsv	Missing description; Missing unit	no	no	yes	MRIQC
dvars_nstd	derivatives/mriqc/sub-015/ses-01/func/sub-015_ses-01_task-fmri_run-07_timeseries.tsv	Missing description; Missing unit	no	no	yes	MRIQC
dvars_vstd	derivatives/mriqc/sub-015/ses-01/func/sub-015_ses-01_task-fmri_run-07_timeseries.tsv	Missing description; Missing unit	no	no	yes	MRIQC
framewise_displacement	derivatives/mriqc/sub-015/ses-01/func/sub-015_ses-01_task-fmri_run-07_timeseries.tsv	Missing description; Missing unit	no	no	yes	MRIQC
aqi	derivatives/mriqc/sub-015/ses-01/func/sub-015_ses-01_task-fmri_run-07_timeseries.tsv	Missing description; Missing unit	no	no	yes	MRIQC
aor	derivatives/mriqc/sub-015/ses-01/func/sub-015_ses-01_task-fmri_run-07_timeseries.tsv	Missing description; Missing unit	no	no	yes	MRIQC
trans_x	derivatives/mriqc/sub-015/ses-01/func/sub-015_ses-01_task-movie_run-01_timeseries.tsv	Missing description; Missing unit	no	no	yes	MRIQC
trans_y	derivatives/mriqc/sub-015/ses-01/func/sub-015_ses-01_task-movie_run-01_timeseries.tsv	Missing description; Missing unit	no	no	yes	MRIQC
trans_z	derivatives/mriqc/sub-015/ses-01/func/sub-015_ses-01_task-movie_run-01_timeseries.tsv	Missing description; Missing unit	no	no	yes	MRIQC
rot_x	derivatives/mriqc/sub-015/ses-01/func/sub-015_ses-01_task-movie_run-01_timeseries.tsv	Missing description; Missing unit	no	no	yes	MRIQC
rot_y	derivatives/mriqc/sub-015/ses-01/func/sub-015_ses-01_task-movie_run-01_timeseries.tsv	Missing description; Missing unit	no	no	yes	MRIQC
rot_z	derivatives/mriqc/sub-015/ses-01/func/sub-015_ses-01_task-movie_run-01_timeseries.tsv	Missing description; Missing unit	no	no	yes	MRIQC
dvars_std	derivatives/mriqc/sub-015/ses-01/func/sub-015_ses-01_task-movie_run-01_timeseries.tsv	Missing description; Missing unit	no	no	yes	MRIQC
dvars_nstd	derivatives/mriqc/sub-015/ses-01/func/sub-015_ses-01_task-movie_run-01_timeseries.tsv	Missing description; Missing unit	no	no	yes	MRIQC
dvars_vstd	derivatives/mriqc/sub-015/ses-01/func/sub-015_ses-01_task-movie_run-01_timeseries.tsv	Missing description; Missing unit	no	no	yes	MRIQC
framewise_displacement	derivatives/mriqc/sub-015/ses-01/func/sub-015_ses-01_task-movie_run-01_timeseries.tsv	Missing description; Missing unit	no	no	yes	MRIQC
aqi	derivatives/mriqc/sub-015/ses-01/func/sub-015_ses-01_task-movie_run-01_timeseries.tsv	Missing description; Missing unit	no	no	yes	MRIQC
aor	derivatives/mriqc/sub-015/ses-01/func/sub-015_ses-01_task-movie_run-01_timeseries.tsv	Missing description; Missing unit	no	no	yes	MRIQC
trans_x	derivatives/mriqc/sub-015/ses-01/func/sub-015_ses-01_task-movie_run-07_timeseries.tsv	Missing description; Missing unit	no	no	yes	MRIQC
trans_y	derivatives/mriqc/sub-015/ses-01/func/sub-015_ses-01_task-movie_run-07_timeseries.tsv	Missing description; Missing unit	no	no	yes	MRIQC
trans_z	derivatives/mriqc/sub-015/ses-01/func/sub-015_ses-01_task-movie_run-07_timeseries.tsv	Missing description; Missing unit	no	no	yes	MRIQC
rot_x	derivatives/mriqc/sub-015/ses-01/func/sub-015_ses-01_task-movie_run-07_timeseries.tsv	Missing description; Missing unit	no	no	yes	MRIQC
rot_y	derivatives/mriqc/sub-015/ses-01/func/sub-015_ses-01_task-movie_run-07_timeseries.tsv	Missing description; Missing unit	no	no	yes	MRIQC
rot_z	derivatives/mriqc/sub-015/ses-01/func/sub-015_ses-01_task-movie_run-07_timeseries.tsv	Missing description; Missing unit	no	no	yes	MRIQC
dvars_std	derivatives/mriqc/sub-015/ses-01/func/sub-015_ses-01_task-movie_run-07_timeseries.tsv	Missing description; Missing unit	no	no	yes	MRIQC
dvars_nstd	derivatives/mriqc/sub-015/ses-01/func/sub-015_ses-01_task-movie_run-07_timeseries.tsv	Missing description; Missing unit	no	no	yes	MRIQC
dvars_vstd	derivatives/mriqc/sub-015/ses-01/func/sub-015_ses-01_task-movie_run-07_timeseries.tsv	Missing description; Missing unit	no	no	yes	MRIQC
framewise_displacement	derivatives/mriqc/sub-015/ses-01/func/sub-015_ses-01_task-movie_run-07_timeseries.tsv	Missing description; Missing unit	no	no	yes	MRIQC
aqi	derivatives/mriqc/sub-015/ses-01/func/sub-015_ses-01_task-movie_run-07_timeseries.tsv	Missing description; Missing unit	no	no	yes	MRIQC
aor	derivatives/mriqc/sub-015/ses-01/func/sub-015_ses-01_task-movie_run-07_timeseries.tsv	Missing description; Missing unit	no	no	yes	MRIQC
trans_x	derivatives/mriqc/sub-015/ses-01/func/sub-015_ses-01_task-rest_run-01_timeseries.tsv	Missing description; Missing unit	no	no	yes	MRIQC
trans_y	derivatives/mriqc/sub-015/ses-01/func/sub-015_ses-01_task-rest_run-01_timeseries.tsv	Missing description; Missing unit	no	no	yes	MRIQC
trans_z	derivatives/mriqc/sub-015/ses-01/func/sub-015_ses-01_task-rest_run-01_timeseries.tsv	Missing description; Missing unit	no	no	yes	MRIQC
rot_x	derivatives/mriqc/sub-015/ses-01/func/sub-015_ses-01_task-rest_run-01_timeseries.tsv	Missing description; Missing unit	no	no	yes	MRIQC
rot_y	derivatives/mriqc/sub-015/ses-01/func/sub-015_ses-01_task-rest_run-01_timeseries.tsv	Missing description; Missing unit	no	no	yes	MRIQC
rot_z	derivatives/mriqc/sub-015/ses-01/func/sub-015_ses-01_task-rest_run-01_timeseries.tsv	Missing description; Missing unit	no	no	yes	MRIQC
dvars_std	derivatives/mriqc/sub-015/ses-01/func/sub-015_ses-01_task-rest_run-01_timeseries.tsv	Missing description; Missing unit	no	no	yes	MRIQC
dvars_nstd	derivatives/mriqc/sub-015/ses-01/func/sub-015_ses-01_task-rest_run-01_timeseries.tsv	Missing description; Missing unit	no	no	yes	MRIQC
dvars_vstd	derivatives/mriqc/sub-015/ses-01/func/sub-015_ses-01_task-rest_run-01_timeseries.tsv	Missing description; Missing unit	no	no	yes	MRIQC
framewise_displacement	derivatives/mriqc/sub-015/ses-01/func/sub-015_ses-01_task-rest_run-01_timeseries.tsv	Missing description; Missing unit	no	no	yes	MRIQC
aqi	derivatives/mriqc/sub-015/ses-01/func/sub-015_ses-01_task-rest_run-01_timeseries.tsv	Missing description; Missing unit	no	no	yes	MRIQC
aor	derivatives/mriqc/sub-015/ses-01/func/sub-015_ses-01_task-rest_run-01_timeseries.tsv	Missing description; Missing unit	no	no	yes	MRIQC
trans_x	derivatives/mriqc/sub-015/ses-01/func/sub-015_ses-01_task-fmri_run-01_timeseries.tsv	Missing description; Missing unit	no	no	yes	MRIQC
trans_y	derivatives/mriqc/sub-015/ses-01/func/sub-015_ses-01_task-fmri_run-01_timeseries.tsv	Missing description; Missing unit	no	no	yes	MRIQC
trans_z	derivatives/mriqc/sub-015/ses-01/func/sub-015_ses-01_task-fmri_run-01_timeseries.tsv	Missing description; Missing unit	no	no	yes	MRIQC
rot_x	derivatives/mriqc/sub-015/ses-01/func/sub-015_ses-01_task-fmri_run-01_timeseries.tsv	Missing description; Missing unit	no	no	yes	MRIQC
rot_y	derivatives/mriqc/sub-015/ses-01/func/sub-015_ses-01_task-fmri_run-01_timeseries.tsv	Missing description; Missing unit	no	no	yes	MRIQC
rot_z	derivatives/mriqc/sub-015/ses-01/func/sub-015_ses-01_task-fmri_run-01_timeseries.tsv	Missing description; Missing unit	no	no	yes	MRIQC
dvars_std	derivatives/mriqc/sub-015/ses-01/func/sub-015_ses-01_task-fmri_run-01_timeseries.tsv	Missing description; Missing unit	no	no	yes	MRIQC
dvars_nstd	derivatives/mriqc/sub-015/ses-01/func/sub-015_ses-01_task-fmri_run-01_timeseries.tsv	Missing description; Missing unit	no	no	yes	MRIQC
dvars_vstd	derivatives/mriqc/sub-015/ses-01/func/sub-015_ses-01_task-fmri_run-01_timeseries.tsv	Missing description; Missing unit	no	no	yes	MRIQC
framewise_displacement	derivatives/mriqc/sub-015/ses-01/func/sub-015_ses-01_task-fmri_run-01_timeseries.tsv	Missing description; Missing unit	no	no	yes	MRIQC
aqi	derivatives/mriqc/sub-015/ses-01/func/sub-015_ses-01_task-fmri_run-01_timeseries.tsv	Missing description; Missing unit	no	no	yes	MRIQC
aor	derivatives/mriqc/sub-015/ses-01/func/sub-015_ses-01_task-fmri_run-01_timeseries.tsv	Missing description; Missing unit	no	no	yes	MRIQC
trans_x	derivatives/mriqc/sub-015/ses-01/func/sub-015_ses-01_task-control_run-01_timeseries.tsv	Missing description; Missing unit	no	no	yes	MRIQC
trans_y	derivatives/mriqc/sub-015/ses-01/func/sub-015_ses-01_task-control_run-01_timeseries.tsv	Missing description; Missing unit	no	no	yes	MRIQC
trans_z	derivatives/mriqc/sub-015/ses-01/func/sub-015_ses-01_task-control_run-01_timeseries.tsv	Missing description; Missing unit	no	no	yes	MRIQC
rot_x	derivatives/mriqc/sub-015/ses-01/func/sub-015_ses-01_task-control_run-01_timeseries.tsv	Missing description; Missing unit	no	no	yes	MRIQC
rot_y	derivatives/mriqc/sub-015/ses-01/func/sub-015_ses-01_task-control_run-01_timeseries.tsv	Missing description; Missing unit	no	no	yes	MRIQC
rot_z	derivatives/mriqc/sub-015/ses-01/func/sub-015_ses-01_task-control_run-01_timeseries.tsv	Missing description; Missing unit	no	no	yes	MRIQC
dvars_std	derivatives/mriqc/sub-015/ses-01/func/sub-015_ses-01_task-control_run-01_timeseries.tsv	Missing description; Missing unit	no	no	yes	MRIQC
dvars_nstd	derivatives/mriqc/sub-015/ses-01/func/sub-015_ses-01_task-control_run-01_timeseries.tsv	Missing description; Missing unit	no	no	yes	MRIQC
dvars_vstd	derivatives/mriqc/sub-015/ses-01/func/sub-015_ses-01_task-control_run-01_timeseries.tsv	Missing description; Missing unit	no	no	yes	MRIQC
framewise_displacement	derivatives/mriqc/sub-015/ses-01/func/sub-015_ses-01_task-control_run-01_timeseries.tsv	Missing description; Missing unit	no	no	yes	MRIQC
aqi	derivatives/mriqc/sub-015/ses-01/func/sub-015_ses-01_task-control_run-01_timeseries.tsv	Missing description; Missing unit	no	no	yes	MRIQC
aor	derivatives/mriqc/sub-015/ses-01/func/sub-015_ses-01_task-control_run-01_timeseries.tsv	Missing description; Missing unit	no	no	yes	MRIQC
trans_x	derivatives/mriqc/sub-015/ses-01/func/sub-015_ses-01_task-fmri_run-03_timeseries.tsv	Missing description; Missing unit	no	no	yes	MRIQC
trans_y	derivatives/mriqc/sub-015/ses-01/func/sub-015_ses-01_task-fmri_run-03_timeseries.tsv	Missing description; Missing unit	no	no	yes	MRIQC
trans_z	derivatives/mriqc/sub-015/ses-01/func/sub-015_ses-01_task-fmri_run-03_timeseries.tsv	Missing description; Missing unit	no	no	yes	MRIQC
rot_x	derivatives/mriqc/sub-015/ses-01/func/sub-015_ses-01_task-fmri_run-03_timeseries.tsv	Missing description; Missing unit	no	no	yes	MRIQC
rot_y	derivatives/mriqc/sub-015/ses-01/func/sub-015_ses-01_task-fmri_run-03_timeseries.tsv	Missing description; Missing unit	no	no	yes	MRIQC
rot_z	derivatives/mriqc/sub-015/ses-01/func/sub-015_ses-01_task-fmri_run-03_timeseries.tsv	Missing description; Missing unit	no	no	yes	MRIQC
dvars_std	derivatives/mriqc/sub-015/ses-01/func/sub-015_ses-01_task-fmri_run-03_timeseries.tsv	Missing description; Missing unit	no	no	yes	MRIQC
dvars_nstd	derivatives/mriqc/sub-015/ses-01/func/sub-015_ses-01_task-fmri_run-03_timeseries.tsv	Missing description; Missing unit	no	no	yes	MRIQC
dvars_vstd	derivatives/mriqc/sub-015/ses-01/func/sub-015_ses-01_task-fmri_run-03_timeseries.tsv	Missing description; Missing unit	no	no	yes	MRIQC
framewise_displacement	derivatives/mriqc/sub-015/ses-01/func/sub-015_ses-01_task-fmri_run-03_timeseries.tsv	Missing description; Missing unit	no	no	yes	MRIQC
aqi	derivatives/mriqc/sub-015/ses-01/func/sub-015_ses-01_task-fmri_run-03_timeseries.tsv	Missing description; Missing unit	no	no	yes	MRIQC
aor	derivatives/mriqc/sub-015/ses-01/func/sub-015_ses-01_task-fmri_run-03_timeseries.tsv	Missing description; Missing unit	no	no	yes	MRIQC
trans_x	derivatives/mriqc/sub-015/ses-01/func/sub-015_ses-01_task-movie_run-05_timeseries.tsv	Missing description; Missing unit	no	no	yes	MRIQC
trans_y	derivatives/mriqc/sub-015/ses-01/func/sub-015_ses-01_task-movie_run-05_timeseries.tsv	Missing description; Missing unit	no	no	yes	MRIQC
trans_z	derivatives/mriqc/sub-015/ses-01/func/sub-015_ses-01_task-movie_run-05_timeseries.tsv	Missing description; Missing unit	no	no	yes	MRIQC
rot_x	derivatives/mriqc/sub-015/ses-01/func/sub-015_ses-01_task-movie_run-05_timeseries.tsv	Missing description; Missing unit	no	no	yes	MRIQC
rot_y	derivatives/mriqc/sub-015/ses-01/func/sub-015_ses-01_task-movie_run-05_timeseries.tsv	Missing description; Missing unit	no	no	yes	MRIQC
rot_z	derivatives/mriqc/sub-015/ses-01/func/sub-015_ses-01_task-movie_run-05_timeseries.tsv	Missing description; Missing unit	no	no	yes	MRIQC
dvars_std	derivatives/mriqc/sub-015/ses-01/func/sub-015_ses-01_task-movie_run-05_timeseries.tsv	Missing description; Missing unit	no	no	yes	MRIQC
dvars_nstd	derivatives/mriqc/sub-015/ses-01/func/sub-015_ses-01_task-movie_run-05_timeseries.tsv	Missing description; Missing unit	no	no	yes	MRIQC
dvars_vstd	derivatives/mriqc/sub-015/ses-01/func/sub-015_ses-01_task-movie_run-05_timeseries.tsv	Missing description; Missing unit	no	no	yes	MRIQC
framewise_displacement	derivatives/mriqc/sub-015/ses-01/func/sub-015_ses-01_task-movie_run-05_timeseries.tsv	Missing description; Missing unit	no	no	yes	MRIQC
aqi	derivatives/mriqc/sub-015/ses-01/func/sub-015_ses-01_task-movie_run-05_timeseries.tsv	Missing description; Missing unit	no	no	yes	MRIQC
aor	derivatives/mriqc/sub-015/ses-01/func/sub-015_ses-01_task-movie_run-05_timeseries.tsv	Missing description; Missing unit	no	no	yes	MRIQC
trans_x	derivatives/mriqc/sub-015/ses-01/func/sub-015_ses-01_task-control_run-03_timeseries.tsv	Missing description; Missing unit	no	no	yes	MRIQC
trans_y	derivatives/mriqc/sub-015/ses-01/func/sub-015_ses-01_task-control_run-03_timeseries.tsv	Missing description; Missing unit	no	no	yes	MRIQC
trans_z	derivatives/mriqc/sub-015/ses-01/func/sub-015_ses-01_task-control_run-03_timeseries.tsv	Missing description; Missing unit	no	no	yes	MRIQC
rot_x	derivatives/mriqc/sub-015/ses-01/func/sub-015_ses-01_task-control_run-03_timeseries.tsv	Missing description; Missing unit	no	no	yes	MRIQC
rot_y	derivatives/mriqc/sub-015/ses-01/func/sub-015_ses-01_task-control_run-03_timeseries.tsv	Missing description; Missing unit	no	no	yes	MRIQC
rot_z	derivatives/mriqc/sub-015/ses-01/func/sub-015_ses-01_task-control_run-03_timeseries.tsv	Missing description; Missing unit	no	no	yes	MRIQC
dvars_std	derivatives/mriqc/sub-015/ses-01/func/sub-015_ses-01_task-control_run-03_timeseries.tsv	Missing description; Missing unit	no	no	yes	MRIQC
dvars_nstd	derivatives/mriqc/sub-015/ses-01/func/sub-015_ses-01_task-control_run-03_timeseries.tsv	Missing description; Missing unit	no	no	yes	MRIQC
dvars_vstd	derivatives/mriqc/sub-015/ses-01/func/sub-015_ses-01_task-control_run-03_timeseries.tsv	Missing description; Missing unit	no	no	yes	MRIQC
framewise_displacement	derivatives/mriqc/sub-015/ses-01/func/sub-015_ses-01_task-control_run-03_timeseries.tsv	Missing description; Missing unit	no	no	yes	MRIQC
aqi	derivatives/mriqc/sub-015/ses-01/func/sub-015_ses-01_task-control_run-03_timeseries.tsv	Missing description; Missing unit	no	no	yes	MRIQC
aor	derivatives/mriqc/sub-015/ses-01/func/sub-015_ses-01_task-control_run-03_timeseries.tsv	Missing description; Missing unit	no	no	yes	MRIQC
trans_x	derivatives/mriqc/sub-068/ses-02/func/sub-068_ses-02_task-movie_run-01_timeseries.tsv	Missing description; Missing unit	no	no	yes	MRIQC
trans_y	derivatives/mriqc/sub-068/ses-02/func/sub-068_ses-02_task-movie_run-01_timeseries.tsv	Missing description; Missing unit	no	no	yes	MRIQC
trans_z	derivatives/mriqc/sub-068/ses-02/func/sub-068_ses-02_task-movie_run-01_timeseries.tsv	Missing description; Missing unit	no	no	yes	MRIQC
rot_x	derivatives/mriqc/sub-068/ses-02/func/sub-068_ses-02_task-movie_run-01_timeseries.tsv	Missing description; Missing unit	no	no	yes	MRIQC
rot_y	derivatives/mriqc/sub-068/ses-02/func/sub-068_ses-02_task-movie_run-01_timeseries.tsv	Missing description; Missing unit	no	no	yes	MRIQC
rot_z	derivatives/mriqc/sub-068/ses-02/func/sub-068_ses-02_task-movie_run-01_timeseries.tsv	Missing description; Missing unit	no	no	yes	MRIQC
dvars_std	derivatives/mriqc/sub-068/ses-02/func/sub-068_ses-02_task-movie_run-01_timeseries.tsv	Missing description; Missing unit	no	no	yes	MRIQC
dvars_nstd	derivatives/mriqc/sub-068/ses-02/func/sub-068_ses-02_task-movie_run-01_timeseries.tsv	Missing description; Missing unit	no	no	yes	MRIQC
dvars_vstd	derivatives/mriqc/sub-068/ses-02/func/sub-068_ses-02_task-movie_run-01_timeseries.tsv	Missing description; Missing unit	no	no	yes	MRIQC
framewise_displacement	derivatives/mriqc/sub-068/ses-02/func/sub-068_ses-02_task-movie_run-01_timeseries.tsv	Missing description; Missing unit	no	no	yes	MRIQC
aqi	derivatives/mriqc/sub-068/ses-02/func/sub-068_ses-02_task-movie_run-01_timeseries.tsv	Missing description; Missing unit	no	no	yes	MRIQC
aor	derivatives/mriqc/sub-068/ses-02/func/sub-068_ses-02_task-movie_run-01_timeseries.tsv	Missing description; Missing unit	no	no	yes	MRIQC
trans_x	derivatives/mriqc/sub-068/ses-02/func/sub-068_ses-02_task-fmri_run-05_timeseries.tsv	Missing description; Missing unit	no	no	yes	MRIQC
trans_y	derivatives/mriqc/sub-068/ses-02/func/sub-068_ses-02_task-fmri_run-05_timeseries.tsv	Missing description; Missing unit	no	no	yes	MRIQC
trans_z	derivatives/mriqc/sub-068/ses-02/func/sub-068_ses-02_task-fmri_run-05_timeseries.tsv	Missing description; Missing unit	no	no	yes	MRIQC
rot_x	derivatives/mriqc/sub-068/ses-02/func/sub-068_ses-02_task-fmri_run-05_timeseries.tsv	Missing description; Missing unit	no	no	yes	MRIQC
rot_y	derivatives/mriqc/sub-068/ses-02/func/sub-068_ses-02_task-fmri_run-05_timeseries.tsv	Missing description; Missing unit	no	no	yes	MRIQC
rot_z	derivatives/mriqc/sub-068/ses-02/func/sub-068_ses-02_task-fmri_run-05_timeseries.tsv	Missing description; Missing unit	no	no	yes	MRIQC
dvars_std	derivatives/mriqc/sub-068/ses-02/func/sub-068_ses-02_task-fmri_run-05_timeseries.tsv	Missing description; Missing unit	no	no	yes	MRIQC
dvars_nstd	derivatives/mriqc/sub-068/ses-02/func/sub-068_ses-02_task-fmri_run-05_timeseries.tsv	Missing description; Missing unit	no	no	yes	MRIQC
dvars_vstd	derivatives/mriqc/sub-068/ses-02/func/sub-068_ses-02_task-fmri_run-05_timeseries.tsv	Missing description; Missing unit	no	no	yes	MRIQC
framewise_displacement	derivatives/mriqc/sub-068/ses-02/func/sub-068_ses-02_task-fmri_run-05_timeseries.tsv	Missing description; Missing unit	no	no	yes	MRIQC
aqi	derivatives/mriqc/sub-068/ses-02/func/sub-068_ses-02_task-fmri_run-05_timeseries.tsv	Missing description; Missing unit	no	no	yes	MRIQC
aor	derivatives/mriqc/sub-068/ses-02/func/sub-068_ses-02_task-fmri_run-05_timeseries.tsv	Missing description; Missing unit	no	no	yes	MRIQC
trans_x	derivatives/mriqc/sub-068/ses-02/func/sub-068_ses-02_task-control_run-01_timeseries.tsv	Missing description; Missing unit	no	no	yes	MRIQC
trans_y	derivatives/mriqc/sub-068/ses-02/func/sub-068_ses-02_task-control_run-01_timeseries.tsv	Missing description; Missing unit	no	no	yes	MRIQC
trans_z	derivatives/mriqc/sub-068/ses-02/func/sub-068_ses-02_task-control_run-01_timeseries.tsv	Missing description; Missing unit	no	no	yes	MRIQC
rot_x	derivatives/mriqc/sub-068/ses-02/func/sub-068_ses-02_task-control_run-01_timeseries.tsv	Missing description; Missing unit	no	no	yes	MRIQC
rot_y	derivatives/mriqc/sub-068/ses-02/func/sub-068_ses-02_task-control_run-01_timeseries.tsv	Missing description; Missing unit	no	no	yes	MRIQC
rot_z	derivatives/mriqc/sub-068/ses-02/func/sub-068_ses-02_task-control_run-01_timeseries.tsv	Missing description; Missing unit	no	no	yes	MRIQC
dvars_std	derivatives/mriqc/sub-068/ses-02/func/sub-068_ses-02_task-control_run-01_timeseries.tsv	Missing description; Missing unit	no	no	yes	MRIQC
dvars_nstd	derivatives/mriqc/sub-068/ses-02/func/sub-068_ses-02_task-control_run-01_timeseries.tsv	Missing description; Missing unit	no	no	yes	MRIQC
dvars_vstd	derivatives/mriqc/sub-068/ses-02/func/sub-068_ses-02_task-control_run-01_timeseries.tsv	Missing description; Missing unit	no	no	yes	MRIQC
framewise_displacement	derivatives/mriqc/sub-068/ses-02/func/sub-068_ses-02_task-control_run-01_timeseries.tsv	Missing description; Missing unit	no	no	yes	MRIQC
aqi	derivatives/mriqc/sub-068/ses-02/func/sub-068_ses-02_task-control_run-01_timeseries.tsv	Missing description; Missing unit	no	no	yes	MRIQC
aor	derivatives/mriqc/sub-068/ses-02/func/sub-068_ses-02_task-control_run-01_timeseries.tsv	Missing description; Missing unit	no	no	yes	MRIQC
trans_x	derivatives/mriqc/sub-068/ses-02/func/sub-068_ses-02_task-movie_run-03_timeseries.tsv	Missing description; Missing unit	no	no	yes	MRIQC
trans_y	derivatives/mriqc/sub-068/ses-02/func/sub-068_ses-02_task-movie_run-03_timeseries.tsv	Missing description; Missing unit	no	no	yes	MRIQC
trans_z	derivatives/mriqc/sub-068/ses-02/func/sub-068_ses-02_task-movie_run-03_timeseries.tsv	Missing description; Missing unit	no	no	yes	MRIQC
rot_x	derivatives/mriqc/sub-068/ses-02/func/sub-068_ses-02_task-movie_run-03_timeseries.tsv	Missing description; Missing unit	no	no	yes	MRIQC
rot_y	derivatives/mriqc/sub-068/ses-02/func/sub-068_ses-02_task-movie_run-03_timeseries.tsv	Missing description; Missing unit	no	no	yes	MRIQC
rot_z	derivatives/mriqc/sub-068/ses-02/func/sub-068_ses-02_task-movie_run-03_timeseries.tsv	Missing description; Missing unit	no	no	yes	MRIQC
dvars_std	derivatives/mriqc/sub-068/ses-02/func/sub-068_ses-02_task-movie_run-03_timeseries.tsv	Missing description; Missing unit	no	no	yes	MRIQC
dvars_nstd	derivatives/mriqc/sub-068/ses-02/func/sub-068_ses-02_task-movie_run-03_timeseries.tsv	Missing description; Missing unit	no	no	yes	MRIQC
dvars_vstd	derivatives/mriqc/sub-068/ses-02/func/sub-068_ses-02_task-movie_run-03_timeseries.tsv	Missing description; Missing unit	no	no	yes	MRIQC
framewise_displacement	derivatives/mriqc/sub-068/ses-02/func/sub-068_ses-02_task-movie_run-03_timeseries.tsv	Missing description; Missing unit	no	no	yes	MRIQC
aqi	derivatives/mriqc/sub-068/ses-02/func/sub-068_ses-02_task-movie_run-03_timeseries.tsv	Missing description; Missing unit	no	no	yes	MRIQC
aor	derivatives/mriqc/sub-068/ses-02/func/sub-068_ses-02_task-movie_run-03_timeseries.tsv	Missing description; Missing unit	no	no	yes	MRIQC
trans_x	derivatives/mriqc/sub-068/ses-02/func/sub-068_ses-02_task-fmri_run-07_timeseries.tsv	Missing description; Missing unit	no	no	yes	MRIQC
trans_y	derivatives/mriqc/sub-068/ses-02/func/sub-068_ses-02_task-fmri_run-07_timeseries.tsv	Missing description; Missing unit	no	no	yes	MRIQC
trans_z	derivatives/mriqc/sub-068/ses-02/func/sub-068_ses-02_task-fmri_run-07_timeseries.tsv	Missing description; Missing unit	no	no	yes	MRIQC
rot_x	derivatives/mriqc/sub-068/ses-02/func/sub-068_ses-02_task-fmri_run-07_timeseries.tsv	Missing description; Missing unit	no	no	yes	MRIQC
rot_y	derivatives/mriqc/sub-068/ses-02/func/sub-068_ses-02_task-fmri_run-07_timeseries.tsv	Missing description; Missing unit	no	no	yes	MRIQC
rot_z	derivatives/mriqc/sub-068/ses-02/func/sub-068_ses-02_task-fmri_run-07_timeseries.tsv	Missing description; Missing unit	no	no	yes	MRIQC
dvars_std	derivatives/mriqc/sub-068/ses-02/func/sub-068_ses-02_task-fmri_run-07_timeseries.tsv	Missing description; Missing unit	no	no	yes	MRIQC
dvars_nstd	derivatives/mriqc/sub-068/ses-02/func/sub-068_ses-02_task-fmri_run-07_timeseries.tsv	Missing description; Missing unit	no	no	yes	MRIQC
dvars_vstd	derivatives/mriqc/sub-068/ses-02/func/sub-068_ses-02_task-fmri_run-07_timeseries.tsv	Missing description; Missing unit	no	no	yes	MRIQC
framewise_displacement	derivatives/mriqc/sub-068/ses-02/func/sub-068_ses-02_task-fmri_run-07_timeseries.tsv	Missing description; Missing unit	no	no	yes	MRIQC
aqi	derivatives/mriqc/sub-068/ses-02/func/sub-068_ses-02_task-fmri_run-07_timeseries.tsv	Missing description; Missing unit	no	no	yes	MRIQC
aor	derivatives/mriqc/sub-068/ses-02/func/sub-068_ses-02_task-fmri_run-07_timeseries.tsv	Missing description; Missing unit	no	no	yes	MRIQC
trans_x	derivatives/mriqc/sub-068/ses-02/func/sub-068_ses-02_task-control_run-03_timeseries.tsv	Missing description; Missing unit	no	no	yes	MRIQC
trans_y	derivatives/mriqc/sub-068/ses-02/func/sub-068_ses-02_task-control_run-03_timeseries.tsv	Missing description; Missing unit	no	no	yes	MRIQC
trans_z	derivatives/mriqc/sub-068/ses-02/func/sub-068_ses-02_task-control_run-03_timeseries.tsv	Missing description; Missing unit	no	no	yes	MRIQC
rot_x	derivatives/mriqc/sub-068/ses-02/func/sub-068_ses-02_task-control_run-03_timeseries.tsv	Missing description; Missing unit	no	no	yes	MRIQC
rot_y	derivatives/mriqc/sub-068/ses-02/func/sub-068_ses-02_task-control_run-03_timeseries.tsv	Missing description; Missing unit	no	no	yes	MRIQC
rot_z	derivatives/mriqc/sub-068/ses-02/func/sub-068_ses-02_task-control_run-03_timeseries.tsv	Missing description; Missing unit	no	no	yes	MRIQC
dvars_std	derivatives/mriqc/sub-068/ses-02/func/sub-068_ses-02_task-control_run-03_timeseries.tsv	Missing description; Missing unit	no	no	yes	MRIQC
dvars_nstd	derivatives/mriqc/sub-068/ses-02/func/sub-068_ses-02_task-control_run-03_timeseries.tsv	Missing description; Missing unit	no	no	yes	MRIQC
dvars_vstd	derivatives/mriqc/sub-068/ses-02/func/sub-068_ses-02_task-control_run-03_timeseries.tsv	Missing description; Missing unit	no	no	yes	MRIQC
framewise_displacement	derivatives/mriqc/sub-068/ses-02/func/sub-068_ses-02_task-control_run-03_timeseries.tsv	Missing description; Missing unit	no	no	yes	MRIQC
aqi	derivatives/mriqc/sub-068/ses-02/func/sub-068_ses-02_task-control_run-03_timeseries.tsv	Missing description; Missing unit	no	no	yes	MRIQC
aor	derivatives/mriqc/sub-068/ses-02/func/sub-068_ses-02_task-control_run-03_timeseries.tsv	Missing description; Missing unit	no	no	yes	MRIQC
trans_x	derivatives/mriqc/sub-068/ses-02/func/sub-068_ses-02_task-control_run-05_timeseries.tsv	Missing description; Missing unit	no	no	yes	MRIQC
trans_y	derivatives/mriqc/sub-068/ses-02/func/sub-068_ses-02_task-control_run-05_timeseries.tsv	Missing description; Missing unit	no	no	yes	MRIQC
trans_z	derivatives/mriqc/sub-068/ses-02/func/sub-068_ses-02_task-control_run-05_timeseries.tsv	Missing description; Missing unit	no	no	yes	MRIQC
rot_x	derivatives/mriqc/sub-068/ses-02/func/sub-068_ses-02_task-control_run-05_timeseries.tsv	Missing description; Missing unit	no	no	yes	MRIQC
rot_y	derivatives/mriqc/sub-068/ses-02/func/sub-068_ses-02_task-control_run-05_timeseries.tsv	Missing description; Missing unit	no	no	yes	MRIQC
rot_z	derivatives/mriqc/sub-068/ses-02/func/sub-068_ses-02_task-control_run-05_timeseries.tsv	Missing description; Missing unit	no	no	yes	MRIQC
dvars_std	derivatives/mriqc/sub-068/ses-02/func/sub-068_ses-02_task-control_run-05_timeseries.tsv	Missing description; Missing unit	no	no	yes	MRIQC
dvars_nstd	derivatives/mriqc/sub-068/ses-02/func/sub-068_ses-02_task-control_run-05_timeseries.tsv	Missing description; Missing unit	no	no	yes	MRIQC
dvars_vstd	derivatives/mriqc/sub-068/ses-02/func/sub-068_ses-02_task-control_run-05_timeseries.tsv	Missing description; Missing unit	no	no	yes	MRIQC
framewise_displacement	derivatives/mriqc/sub-068/ses-02/func/sub-068_ses-02_task-control_run-05_timeseries.tsv	Missing description; Missing unit	no	no	yes	MRIQC
aqi	derivatives/mriqc/sub-068/ses-02/func/sub-068_ses-02_task-control_run-05_timeseries.tsv	Missing description; Missing unit	no	no	yes	MRIQC
aor	derivatives/mriqc/sub-068/ses-02/func/sub-068_ses-02_task-control_run-05_timeseries.tsv	Missing description; Missing unit	no	no	yes	MRIQC
trans_x	derivatives/mriqc/sub-068/ses-02/func/sub-068_ses-02_task-movie_run-05_timeseries.tsv	Missing description; Missing unit	no	no	yes	MRIQC
trans_y	derivatives/mriqc/sub-068/ses-02/func/sub-068_ses-02_task-movie_run-05_timeseries.tsv	Missing description; Missing unit	no	no	yes	MRIQC
trans_z	derivatives/mriqc/sub-068/ses-02/func/sub-068_ses-02_task-movie_run-05_timeseries.tsv	Missing description; Missing unit	no	no	yes	MRIQC
rot_x	derivatives/mriqc/sub-068/ses-02/func/sub-068_ses-02_task-movie_run-05_timeseries.tsv	Missing description; Missing unit	no	no	yes	MRIQC
rot_y	derivatives/mriqc/sub-068/ses-02/func/sub-068_ses-02_task-movie_run-05_timeseries.tsv	Missing description; Missing unit	no	no	yes	MRIQC
rot_z	derivatives/mriqc/sub-068/ses-02/func/sub-068_ses-02_task-movie_run-05_timeseries.tsv	Missing description; Missing unit	no	no	yes	MRIQC
dvars_std	derivatives/mriqc/sub-068/ses-02/func/sub-068_ses-02_task-movie_run-05_timeseries.tsv	Missing description; Missing unit	no	no	yes	MRIQC
dvars_nstd	derivatives/mriqc/sub-068/ses-02/func/sub-068_ses-02_task-movie_run-05_timeseries.tsv	Missing description; Missing unit	no	no	yes	MRIQC
dvars_vstd	derivatives/mriqc/sub-068/ses-02/func/sub-068_ses-02_task-movie_run-05_timeseries.tsv	Missing description; Missing unit	no	no	yes	MRIQC
framewise_displacement	derivatives/mriqc/sub-068/ses-02/func/sub-068_ses-02_task-movie_run-05_timeseries.tsv	Missing description; Missing unit	no	no	yes	MRIQC
aqi	derivatives/mriqc/sub-068/ses-02/func/sub-068_ses-02_task-movie_run-05_timeseries.tsv	Missing description; Missing unit	no	no	yes	MRIQC
aor	derivatives/mriqc/sub-068/ses-02/func/sub-068_ses-02_task-movie_run-05_timeseries.tsv	Missing description; Missing unit	no	no	yes	MRIQC
trans_x	derivatives/mriqc/sub-068/ses-02/func/sub-068_ses-02_task-fmri_run-01_timeseries.tsv	Missing description; Missing unit	no	no	yes	MRIQC
trans_y	derivatives/mriqc/sub-068/ses-02/func/sub-068_ses-02_task-fmri_run-01_timeseries.tsv	Missing description; Missing unit	no	no	yes	MRIQC
trans_z	derivatives/mriqc/sub-068/ses-02/func/sub-068_ses-02_task-fmri_run-01_timeseries.tsv	Missing description; Missing unit	no	no	yes	MRIQC
rot_x	derivatives/mriqc/sub-068/ses-02/func/sub-068_ses-02_task-fmri_run-01_timeseries.tsv	Missing description; Missing unit	no	no	yes	MRIQC
rot_y	derivatives/mriqc/sub-068/ses-02/func/sub-068_ses-02_task-fmri_run-01_timeseries.tsv	Missing description; Missing unit	no	no	yes	MRIQC
rot_z	derivatives/mriqc/sub-068/ses-02/func/sub-068_ses-02_task-fmri_run-01_timeseries.tsv	Missing description; Missing unit	no	no	yes	MRIQC
dvars_std	derivatives/mriqc/sub-068/ses-02/func/sub-068_ses-02_task-fmri_run-01_timeseries.tsv	Missing description; Missing unit	no	no	yes	MRIQC
dvars_nstd	derivatives/mriqc/sub-068/ses-02/func/sub-068_ses-02_task-fmri_run-01_timeseries.tsv	Missing description; Missing unit	no	no	yes	MRIQC
dvars_vstd	derivatives/mriqc/sub-068/ses-02/func/sub-068_ses-02_task-fmri_run-01_timeseries.tsv	Missing description; Missing unit	no	no	yes	MRIQC
framewise_displacement	derivatives/mriqc/sub-068/ses-02/func/sub-068_ses-02_task-fmri_run-01_timeseries.tsv	Missing description; Missing unit	no	no	yes	MRIQC
aqi	derivatives/mriqc/sub-068/ses-02/func/sub-068_ses-02_task-fmri_run-01_timeseries.tsv	Missing description; Missing unit	no	no	yes	MRIQC
aor	derivatives/mriqc/sub-068/ses-02/func/sub-068_ses-02_task-fmri_run-01_timeseries.tsv	Missing description; Missing unit	no	no	yes	MRIQC
trans_x	derivatives/mriqc/sub-068/ses-02/func/sub-068_ses-02_task-rest_run-01_timeseries.tsv	Missing description; Missing unit	no	no	yes	MRIQC
trans_y	derivatives/mriqc/sub-068/ses-02/func/sub-068_ses-02_task-rest_run-01_timeseries.tsv	Missing description; Missing unit	no	no	yes	MRIQC
trans_z	derivatives/mriqc/sub-068/ses-02/func/sub-068_ses-02_task-rest_run-01_timeseries.tsv	Missing description; Missing unit	no	no	yes	MRIQC
rot_x	derivatives/mriqc/sub-068/ses-02/func/sub-068_ses-02_task-rest_run-01_timeseries.tsv	Missing description; Missing unit	no	no	yes	MRIQC
rot_y	derivatives/mriqc/sub-068/ses-02/func/sub-068_ses-02_task-rest_run-01_timeseries.tsv	Missing description; Missing unit	no	no	yes	MRIQC
rot_z	derivatives/mriqc/sub-068/ses-02/func/sub-068_ses-02_task-rest_run-01_timeseries.tsv	Missing description; Missing unit	no	no	yes	MRIQC
dvars_std	derivatives/mriqc/sub-068/ses-02/func/sub-068_ses-02_task-rest_run-01_timeseries.tsv	Missing description; Missing unit	no	no	yes	MRIQC
dvars_nstd	derivatives/mriqc/sub-068/ses-02/func/sub-068_ses-02_task-rest_run-01_timeseries.tsv	Missing description; Missing unit	no	no	yes	MRIQC
dvars_vstd	derivatives/mriqc/sub-068/ses-02/func/sub-068_ses-02_task-rest_run-01_timeseries.tsv	Missing description; Missing unit	no	no	yes	MRIQC
framewise_displacement	derivatives/mriqc/sub-068/ses-02/func/sub-068_ses-02_task-rest_run-01_timeseries.tsv	Missing description; Missing unit	no	no	yes	MRIQC
aqi	derivatives/mriqc/sub-068/ses-02/func/sub-068_ses-02_task-rest_run-01_timeseries.tsv	Missing description; Missing unit	no	no	yes	MRIQC
aor	derivatives/mriqc/sub-068/ses-02/func/sub-068_ses-02_task-rest_run-01_timeseries.tsv	Missing description; Missing unit	no	no	yes	MRIQC
trans_x	derivatives/mriqc/sub-068/ses-02/func/sub-068_ses-02_task-movie_run-07_timeseries.tsv	Missing description; Missing unit	no	no	yes	MRIQC
trans_y	derivatives/mriqc/sub-068/ses-02/func/sub-068_ses-02_task-movie_run-07_timeseries.tsv	Missing description; Missing unit	no	no	yes	MRIQC
trans_z	derivatives/mriqc/sub-068/ses-02/func/sub-068_ses-02_task-movie_run-07_timeseries.tsv	Missing description; Missing unit	no	no	yes	MRIQC
rot_x	derivatives/mriqc/sub-068/ses-02/func/sub-068_ses-02_task-movie_run-07_timeseries.tsv	Missing description; Missing unit	no	no	yes	MRIQC
rot_y	derivatives/mriqc/sub-068/ses-02/func/sub-068_ses-02_task-movie_run-07_timeseries.tsv	Missing description; Missing unit	no	no	yes	MRIQC
rot_z	derivatives/mriqc/sub-068/ses-02/func/sub-068_ses-02_task-movie_run-07_timeseries.tsv	Missing description; Missing unit	no	no	yes	MRIQC
dvars_std	derivatives/mriqc/sub-068/ses-02/func/sub-068_ses-02_task-movie_run-07_timeseries.tsv	Missing description; Missing unit	no	no	yes	MRIQC
dvars_nstd	derivatives/mriqc/sub-068/ses-02/func/sub-068_ses-02_task-movie_run-07_timeseries.tsv	Missing description; Missing unit	no	no	yes	MRIQC
dvars_vstd	derivatives/mriqc/sub-068/ses-02/func/sub-068_ses-02_task-movie_run-07_timeseries.tsv	Missing description; Missing unit	no	no	yes	MRIQC
framewise_displacement	derivatives/mriqc/sub-068/ses-02/func/sub-068_ses-02_task-movie_run-07_timeseries.tsv	Missing description; Missing unit	no	no	yes	MRIQC
aqi	derivatives/mriqc/sub-068/ses-02/func/sub-068_ses-02_task-movie_run-07_timeseries.tsv	Missing description; Missing unit	no	no	yes	MRIQC
aor	derivatives/mriqc/sub-068/ses-02/func/sub-068_ses-02_task-movie_run-07_timeseries.tsv	Missing description; Missing unit	no	no	yes	MRIQC
trans_x	derivatives/mriqc/sub-068/ses-02/func/sub-068_ses-02_task-fmri_run-03_timeseries.tsv	Missing description; Missing unit	no	no	yes	MRIQC
trans_y	derivatives/mriqc/sub-068/ses-02/func/sub-068_ses-02_task-fmri_run-03_timeseries.tsv	Missing description; Missing unit	no	no	yes	MRIQC
trans_z	derivatives/mriqc/sub-068/ses-02/func/sub-068_ses-02_task-fmri_run-03_timeseries.tsv	Missing description; Missing unit	no	no	yes	MRIQC
rot_x	derivatives/mriqc/sub-068/ses-02/func/sub-068_ses-02_task-fmri_run-03_timeseries.tsv	Missing description; Missing unit	no	no	yes	MRIQC
rot_y	derivatives/mriqc/sub-068/ses-02/func/sub-068_ses-02_task-fmri_run-03_timeseries.tsv	Missing description; Missing unit	no	no	yes	MRIQC
rot_z	derivatives/mriqc/sub-068/ses-02/func/sub-068_ses-02_task-fmri_run-03_timeseries.tsv	Missing description; Missing unit	no	no	yes	MRIQC
dvars_std	derivatives/mriqc/sub-068/ses-02/func/sub-068_ses-02_task-fmri_run-03_timeseries.tsv	Missing description; Missing unit	no	no	yes	MRIQC
dvars_nstd	derivatives/mriqc/sub-068/ses-02/func/sub-068_ses-02_task-fmri_run-03_timeseries.tsv	Missing description; Missing unit	no	no	yes	MRIQC
dvars_vstd	derivatives/mriqc/sub-068/ses-02/func/sub-068_ses-02_task-fmri_run-03_timeseries.tsv	Missing description; Missing unit	no	no	yes	MRIQC
framewise_displacement	derivatives/mriqc/sub-068/ses-02/func/sub-068_ses-02_task-fmri_run-03_timeseries.tsv	Missing description; Missing unit	no	no	yes	MRIQC
aqi	derivatives/mriqc/sub-068/ses-02/func/sub-068_ses-02_task-fmri_run-03_timeseries.tsv	Missing description; Missing unit	no	no	yes	MRIQC
aor	derivatives/mriqc/sub-068/ses-02/func/sub-068_ses-02_task-fmri_run-03_timeseries.tsv	Missing description; Missing unit	no	no	yes	MRIQC
trans_x	derivatives/mriqc/sub-068/ses-01/func/sub-068_ses-01_task-fmri_run-07_timeseries.tsv	Missing description; Missing unit	no	no	yes	MRIQC
trans_y	derivatives/mriqc/sub-068/ses-01/func/sub-068_ses-01_task-fmri_run-07_timeseries.tsv	Missing description; Missing unit	no	no	yes	MRIQC
trans_z	derivatives/mriqc/sub-068/ses-01/func/sub-068_ses-01_task-fmri_run-07_timeseries.tsv	Missing description; Missing unit	no	no	yes	MRIQC
rot_x	derivatives/mriqc/sub-068/ses-01/func/sub-068_ses-01_task-fmri_run-07_timeseries.tsv	Missing description; Missing unit	no	no	yes	MRIQC
rot_y	derivatives/mriqc/sub-068/ses-01/func/sub-068_ses-01_task-fmri_run-07_timeseries.tsv	Missing description; Missing unit	no	no	yes	MRIQC
rot_z	derivatives/mriqc/sub-068/ses-01/func/sub-068_ses-01_task-fmri_run-07_timeseries.tsv	Missing description; Missing unit	no	no	yes	MRIQC
dvars_std	derivatives/mriqc/sub-068/ses-01/func/sub-068_ses-01_task-fmri_run-07_timeseries.tsv	Missing description; Missing unit	no	no	yes	MRIQC
dvars_nstd	derivatives/mriqc/sub-068/ses-01/func/sub-068_ses-01_task-fmri_run-07_timeseries.tsv	Missing description; Missing unit	no	no	yes	MRIQC
dvars_vstd	derivatives/mriqc/sub-068/ses-01/func/sub-068_ses-01_task-fmri_run-07_timeseries.tsv	Missing description; Missing unit	no	no	yes	MRIQC
framewise_displacement	derivatives/mriqc/sub-068/ses-01/func/sub-068_ses-01_task-fmri_run-07_timeseries.tsv	Missing description; Missing unit	no	no	yes	MRIQC
aqi	derivatives/mriqc/sub-068/ses-01/func/sub-068_ses-01_task-fmri_run-07_timeseries.tsv	Missing description; Missing unit	no	no	yes	MRIQC
aor	derivatives/mriqc/sub-068/ses-01/func/sub-068_ses-01_task-fmri_run-07_timeseries.tsv	Missing description; Missing unit	no	no	yes	MRIQC
trans_x	derivatives/mriqc/sub-068/ses-01/func/sub-068_ses-01_task-movie_run-03_timeseries.tsv	Missing description; Missing unit	no	no	yes	MRIQC
trans_y	derivatives/mriqc/sub-068/ses-01/func/sub-068_ses-01_task-movie_run-03_timeseries.tsv	Missing description; Missing unit	no	no	yes	MRIQC
trans_z	derivatives/mriqc/sub-068/ses-01/func/sub-068_ses-01_task-movie_run-03_timeseries.tsv	Missing description; Missing unit	no	no	yes	MRIQC
rot_x	derivatives/mriqc/sub-068/ses-01/func/sub-068_ses-01_task-movie_run-03_timeseries.tsv	Missing description; Missing unit	no	no	yes	MRIQC
rot_y	derivatives/mriqc/sub-068/ses-01/func/sub-068_ses-01_task-movie_run-03_timeseries.tsv	Missing description; Missing unit	no	no	yes	MRIQC
rot_z	derivatives/mriqc/sub-068/ses-01/func/sub-068_ses-01_task-movie_run-03_timeseries.tsv	Missing description; Missing unit	no	no	yes	MRIQC
dvars_std	derivatives/mriqc/sub-068/ses-01/func/sub-068_ses-01_task-movie_run-03_timeseries.tsv	Missing description; Missing unit	no	no	yes	MRIQC
dvars_nstd	derivatives/mriqc/sub-068/ses-01/func/sub-068_ses-01_task-movie_run-03_timeseries.tsv	Missing description; Missing unit	no	no	yes	MRIQC
dvars_vstd	derivatives/mriqc/sub-068/ses-01/func/sub-068_ses-01_task-movie_run-03_timeseries.tsv	Missing description; Missing unit	no	no	yes	MRIQC
framewise_displacement	derivatives/mriqc/sub-068/ses-01/func/sub-068_ses-01_task-movie_run-03_timeseries.tsv	Missing description; Missing unit	no	no	yes	MRIQC
aqi	derivatives/mriqc/sub-068/ses-01/func/sub-068_ses-01_task-movie_run-03_timeseries.tsv	Missing description; Missing unit	no	no	yes	MRIQC
aor	derivatives/mriqc/sub-068/ses-01/func/sub-068_ses-01_task-movie_run-03_timeseries.tsv	Missing description; Missing unit	no	no	yes	MRIQC
trans_x	derivatives/mriqc/sub-068/ses-01/func/sub-068_ses-01_task-fmri_run-05_timeseries.tsv	Missing description; Missing unit	no	no	yes	MRIQC
trans_y	derivatives/mriqc/sub-068/ses-01/func/sub-068_ses-01_task-fmri_run-05_timeseries.tsv	Missing description; Missing unit	no	no	yes	MRIQC
trans_z	derivatives/mriqc/sub-068/ses-01/func/sub-068_ses-01_task-fmri_run-05_timeseries.tsv	Missing description; Missing unit	no	no	yes	MRIQC
rot_x	derivatives/mriqc/sub-068/ses-01/func/sub-068_ses-01_task-fmri_run-05_timeseries.tsv	Missing description; Missing unit	no	no	yes	MRIQC
rot_y	derivatives/mriqc/sub-068/ses-01/func/sub-068_ses-01_task-fmri_run-05_timeseries.tsv	Missing description; Missing unit	no	no	yes	MRIQC
rot_z	derivatives/mriqc/sub-068/ses-01/func/sub-068_ses-01_task-fmri_run-05_timeseries.tsv	Missing description; Missing unit	no	no	yes	MRIQC
dvars_std	derivatives/mriqc/sub-068/ses-01/func/sub-068_ses-01_task-fmri_run-05_timeseries.tsv	Missing description; Missing unit	no	no	yes	MRIQC
dvars_nstd	derivatives/mriqc/sub-068/ses-01/func/sub-068_ses-01_task-fmri_run-05_timeseries.tsv	Missing description; Missing unit	no	no	yes	MRIQC
dvars_vstd	derivatives/mriqc/sub-068/ses-01/func/sub-068_ses-01_task-fmri_run-05_timeseries.tsv	Missing description; Missing unit	no	no	yes	MRIQC
framewise_displacement	derivatives/mriqc/sub-068/ses-01/func/sub-068_ses-01_task-fmri_run-05_timeseries.tsv	Missing description; Missing unit	no	no	yes	MRIQC
aqi	derivatives/mriqc/sub-068/ses-01/func/sub-068_ses-01_task-fmri_run-05_timeseries.tsv	Missing description; Missing unit	no	no	yes	MRIQC
aor	derivatives/mriqc/sub-068/ses-01/func/sub-068_ses-01_task-fmri_run-05_timeseries.tsv	Missing description; Missing unit	no	no	yes	MRIQC
trans_x	derivatives/mriqc/sub-068/ses-01/func/sub-068_ses-01_task-movie_run-01_timeseries.tsv	Missing description; Missing unit	no	no	yes	MRIQC
trans_y	derivatives/mriqc/sub-068/ses-01/func/sub-068_ses-01_task-movie_run-01_timeseries.tsv	Missing description; Missing unit	no	no	yes	MRIQC
trans_z	derivatives/mriqc/sub-068/ses-01/func/sub-068_ses-01_task-movie_run-01_timeseries.tsv	Missing description; Missing unit	no	no	yes	MRIQC
rot_x	derivatives/mriqc/sub-068/ses-01/func/sub-068_ses-01_task-movie_run-01_timeseries.tsv	Missing description; Missing unit	no	no	yes	MRIQC
rot_y	derivatives/mriqc/sub-068/ses-01/func/sub-068_ses-01_task-movie_run-01_timeseries.tsv	Missing description; Missing unit	no	no	yes	MRIQC
rot_z	derivatives/mriqc/sub-068/ses-01/func/sub-068_ses-01_task-movie_run-01_timeseries.tsv	Missing description; Missing unit	no	no	yes	MRIQC
dvars_std	derivatives/mriqc/sub-068/ses-01/func/sub-068_ses-01_task-movie_run-01_timeseries.tsv	Missing description; Missing unit	no	no	yes	MRIQC
dvars_nstd	derivatives/mriqc/sub-068/ses-01/func/sub-068_ses-01_task-movie_run-01_timeseries.tsv	Missing description; Missing unit	no	no	yes	MRIQC
dvars_vstd	derivatives/mriqc/sub-068/ses-01/func/sub-068_ses-01_task-movie_run-01_timeseries.tsv	Missing description; Missing unit	no	no	yes	MRIQC
framewise_displacement	derivatives/mriqc/sub-068/ses-01/func/sub-068_ses-01_task-movie_run-01_timeseries.tsv	Missing description; Missing unit	no	no	yes	MRIQC
aqi	derivatives/mriqc/sub-068/ses-01/func/sub-068_ses-01_task-movie_run-01_timeseries.tsv	Missing description; Missing unit	no	no	yes	MRIQC
aor	derivatives/mriqc/sub-068/ses-01/func/sub-068_ses-01_task-movie_run-01_timeseries.tsv	Missing description; Missing unit	no	no	yes	MRIQC
trans_x	derivatives/mriqc/sub-068/ses-01/func/sub-068_ses-01_task-control_run-05_timeseries.tsv	Missing description; Missing unit	no	no	yes	MRIQC
trans_y	derivatives/mriqc/sub-068/ses-01/func/sub-068_ses-01_task-control_run-05_timeseries.tsv	Missing description; Missing unit	no	no	yes	MRIQC
trans_z	derivatives/mriqc/sub-068/ses-01/func/sub-068_ses-01_task-control_run-05_timeseries.tsv	Missing description; Missing unit	no	no	yes	MRIQC
rot_x	derivatives/mriqc/sub-068/ses-01/func/sub-068_ses-01_task-control_run-05_timeseries.tsv	Missing description; Missing unit	no	no	yes	MRIQC
rot_y	derivatives/mriqc/sub-068/ses-01/func/sub-068_ses-01_task-control_run-05_timeseries.tsv	Missing description; Missing unit	no	no	yes	MRIQC
rot_z	derivatives/mriqc/sub-068/ses-01/func/sub-068_ses-01_task-control_run-05_timeseries.tsv	Missing description; Missing unit	no	no	yes	MRIQC
dvars_std	derivatives/mriqc/sub-068/ses-01/func/sub-068_ses-01_task-control_run-05_timeseries.tsv	Missing description; Missing unit	no	no	yes	MRIQC
dvars_nstd	derivatives/mriqc/sub-068/ses-01/func/sub-068_ses-01_task-control_run-05_timeseries.tsv	Missing description; Missing unit	no	no	yes	MRIQC
dvars_vstd	derivatives/mriqc/sub-068/ses-01/func/sub-068_ses-01_task-control_run-05_timeseries.tsv	Missing description; Missing unit	no	no	yes	MRIQC
framewise_displacement	derivatives/mriqc/sub-068/ses-01/func/sub-068_ses-01_task-control_run-05_timeseries.tsv	Missing description; Missing unit	no	no	yes	MRIQC
aqi	derivatives/mriqc/sub-068/ses-01/func/sub-068_ses-01_task-control_run-05_timeseries.tsv	Missing description; Missing unit	no	no	yes	MRIQC
aor	derivatives/mriqc/sub-068/ses-01/func/sub-068_ses-01_task-control_run-05_timeseries.tsv	Missing description; Missing unit	no	no	yes	MRIQC
trans_x	derivatives/mriqc/sub-068/ses-01/func/sub-068_ses-01_task-control_run-03_timeseries.tsv	Missing description; Missing unit	no	no	yes	MRIQC
trans_y	derivatives/mriqc/sub-068/ses-01/func/sub-068_ses-01_task-control_run-03_timeseries.tsv	Missing description; Missing unit	no	no	yes	MRIQC
trans_z	derivatives/mriqc/sub-068/ses-01/func/sub-068_ses-01_task-control_run-03_timeseries.tsv	Missing description; Missing unit	no	no	yes	MRIQC
rot_x	derivatives/mriqc/sub-068/ses-01/func/sub-068_ses-01_task-control_run-03_timeseries.tsv	Missing description; Missing unit	no	no	yes	MRIQC
rot_y	derivatives/mriqc/sub-068/ses-01/func/sub-068_ses-01_task-control_run-03_timeseries.tsv	Missing description; Missing unit	no	no	yes	MRIQC
rot_z	derivatives/mriqc/sub-068/ses-01/func/sub-068_ses-01_task-control_run-03_timeseries.tsv	Missing description; Missing unit	no	no	yes	MRIQC
dvars_std	derivatives/mriqc/sub-068/ses-01/func/sub-068_ses-01_task-control_run-03_timeseries.tsv	Missing description; Missing unit	no	no	yes	MRIQC
dvars_nstd	derivatives/mriqc/sub-068/ses-01/func/sub-068_ses-01_task-control_run-03_timeseries.tsv	Missing description; Missing unit	no	no	yes	MRIQC
dvars_vstd	derivatives/mriqc/sub-068/ses-01/func/sub-068_ses-01_task-control_run-03_timeseries.tsv	Missing description; Missing unit	no	no	yes	MRIQC
framewise_displacement	derivatives/mriqc/sub-068/ses-01/func/sub-068_ses-01_task-control_run-03_timeseries.tsv	Missing description; Missing unit	no	no	yes	MRIQC
aqi	derivatives/mriqc/sub-068/ses-01/func/sub-068_ses-01_task-control_run-03_timeseries.tsv	Missing description; Missing unit	no	no	yes	MRIQC
aor	derivatives/mriqc/sub-068/ses-01/func/sub-068_ses-01_task-control_run-03_timeseries.tsv	Missing description; Missing unit	no	no	yes	MRIQC
trans_x	derivatives/mriqc/sub-068/ses-01/func/sub-068_ses-01_task-movie_run-07_timeseries.tsv	Missing description; Missing unit	no	no	yes	MRIQC
trans_y	derivatives/mriqc/sub-068/ses-01/func/sub-068_ses-01_task-movie_run-07_timeseries.tsv	Missing description; Missing unit	no	no	yes	MRIQC
trans_z	derivatives/mriqc/sub-068/ses-01/func/sub-068_ses-01_task-movie_run-07_timeseries.tsv	Missing description; Missing unit	no	no	yes	MRIQC
rot_x	derivatives/mriqc/sub-068/ses-01/func/sub-068_ses-01_task-movie_run-07_timeseries.tsv	Missing description; Missing unit	no	no	yes	MRIQC
rot_y	derivatives/mriqc/sub-068/ses-01/func/sub-068_ses-01_task-movie_run-07_timeseries.tsv	Missing description; Missing unit	no	no	yes	MRIQC
rot_z	derivatives/mriqc/sub-068/ses-01/func/sub-068_ses-01_task-movie_run-07_timeseries.tsv	Missing description; Missing unit	no	no	yes	MRIQC
dvars_std	derivatives/mriqc/sub-068/ses-01/func/sub-068_ses-01_task-movie_run-07_timeseries.tsv	Missing description; Missing unit	no	no	yes	MRIQC
dvars_nstd	derivatives/mriqc/sub-068/ses-01/func/sub-068_ses-01_task-movie_run-07_timeseries.tsv	Missing description; Missing unit	no	no	yes	MRIQC
dvars_vstd	derivatives/mriqc/sub-068/ses-01/func/sub-068_ses-01_task-movie_run-07_timeseries.tsv	Missing description; Missing unit	no	no	yes	MRIQC
framewise_displacement	derivatives/mriqc/sub-068/ses-01/func/sub-068_ses-01_task-movie_run-07_timeseries.tsv	Missing description; Missing unit	no	no	yes	MRIQC
aqi	derivatives/mriqc/sub-068/ses-01/func/sub-068_ses-01_task-movie_run-07_timeseries.tsv	Missing description; Missing unit	no	no	yes	MRIQC
aor	derivatives/mriqc/sub-068/ses-01/func/sub-068_ses-01_task-movie_run-07_timeseries.tsv	Missing description; Missing unit	no	no	yes	MRIQC
trans_x	derivatives/mriqc/sub-068/ses-01/func/sub-068_ses-01_task-fmri_run-03_timeseries.tsv	Missing description; Missing unit	no	no	yes	MRIQC
trans_y	derivatives/mriqc/sub-068/ses-01/func/sub-068_ses-01_task-fmri_run-03_timeseries.tsv	Missing description; Missing unit	no	no	yes	MRIQC
trans_z	derivatives/mriqc/sub-068/ses-01/func/sub-068_ses-01_task-fmri_run-03_timeseries.tsv	Missing description; Missing unit	no	no	yes	MRIQC
rot_x	derivatives/mriqc/sub-068/ses-01/func/sub-068_ses-01_task-fmri_run-03_timeseries.tsv	Missing description; Missing unit	no	no	yes	MRIQC
rot_y	derivatives/mriqc/sub-068/ses-01/func/sub-068_ses-01_task-fmri_run-03_timeseries.tsv	Missing description; Missing unit	no	no	yes	MRIQC
rot_z	derivatives/mriqc/sub-068/ses-01/func/sub-068_ses-01_task-fmri_run-03_timeseries.tsv	Missing description; Missing unit	no	no	yes	MRIQC
dvars_std	derivatives/mriqc/sub-068/ses-01/func/sub-068_ses-01_task-fmri_run-03_timeseries.tsv	Missing description; Missing unit	no	no	yes	MRIQC
dvars_nstd	derivatives/mriqc/sub-068/ses-01/func/sub-068_ses-01_task-fmri_run-03_timeseries.tsv	Missing description; Missing unit	no	no	yes	MRIQC
dvars_vstd	derivatives/mriqc/sub-068/ses-01/func/sub-068_ses-01_task-fmri_run-03_timeseries.tsv	Missing description; Missing unit	no	no	yes	MRIQC
framewise_displacement	derivatives/mriqc/sub-068/ses-01/func/sub-068_ses-01_task-fmri_run-03_timeseries.tsv	Missing description; Missing unit	no	no	yes	MRIQC
aqi	derivatives/mriqc/sub-068/ses-01/func/sub-068_ses-01_task-fmri_run-03_timeseries.tsv	Missing description; Missing unit	no	no	yes	MRIQC
aor	derivatives/mriqc/sub-068/ses-01/func/sub-068_ses-01_task-fmri_run-03_timeseries.tsv	Missing description; Missing unit	no	no	yes	MRIQC
trans_x	derivatives/mriqc/sub-068/ses-01/func/sub-068_ses-01_task-control_run-01_timeseries.tsv	Missing description; Missing unit	no	no	yes	MRIQC
trans_y	derivatives/mriqc/sub-068/ses-01/func/sub-068_ses-01_task-control_run-01_timeseries.tsv	Missing description; Missing unit	no	no	yes	MRIQC
trans_z	derivatives/mriqc/sub-068/ses-01/func/sub-068_ses-01_task-control_run-01_timeseries.tsv	Missing description; Missing unit	no	no	yes	MRIQC
rot_x	derivatives/mriqc/sub-068/ses-01/func/sub-068_ses-01_task-control_run-01_timeseries.tsv	Missing description; Missing unit	no	no	yes	MRIQC
rot_y	derivatives/mriqc/sub-068/ses-01/func/sub-068_ses-01_task-control_run-01_timeseries.tsv	Missing description; Missing unit	no	no	yes	MRIQC
rot_z	derivatives/mriqc/sub-068/ses-01/func/sub-068_ses-01_task-control_run-01_timeseries.tsv	Missing description; Missing unit	no	no	yes	MRIQC
dvars_std	derivatives/mriqc/sub-068/ses-01/func/sub-068_ses-01_task-control_run-01_timeseries.tsv	Missing description; Missing unit	no	no	yes	MRIQC
dvars_nstd	derivatives/mriqc/sub-068/ses-01/func/sub-068_ses-01_task-control_run-01_timeseries.tsv	Missing description; Missing unit	no	no	yes	MRIQC
dvars_vstd	derivatives/mriqc/sub-068/ses-01/func/sub-068_ses-01_task-control_run-01_timeseries.tsv	Missing description; Missing unit	no	no	yes	MRIQC
framewise_displacement	derivatives/mriqc/sub-068/ses-01/func/sub-068_ses-01_task-control_run-01_timeseries.tsv	Missing description; Missing unit	no	no	yes	MRIQC
aqi	derivatives/mriqc/sub-068/ses-01/func/sub-068_ses-01_task-control_run-01_timeseries.tsv	Missing description; Missing unit	no	no	yes	MRIQC
aor	derivatives/mriqc/sub-068/ses-01/func/sub-068_ses-01_task-control_run-01_timeseries.tsv	Missing description; Missing unit	no	no	yes	MRIQC
trans_x	derivatives/mriqc/sub-068/ses-01/func/sub-068_ses-01_task-movie_run-05_timeseries.tsv	Missing description; Missing unit	no	no	yes	MRIQC
trans_y	derivatives/mriqc/sub-068/ses-01/func/sub-068_ses-01_task-movie_run-05_timeseries.tsv	Missing description; Missing unit	no	no	yes	MRIQC
trans_z	derivatives/mriqc/sub-068/ses-01/func/sub-068_ses-01_task-movie_run-05_timeseries.tsv	Missing description; Missing unit	no	no	yes	MRIQC
rot_x	derivatives/mriqc/sub-068/ses-01/func/sub-068_ses-01_task-movie_run-05_timeseries.tsv	Missing description; Missing unit	no	no	yes	MRIQC
rot_y	derivatives/mriqc/sub-068/ses-01/func/sub-068_ses-01_task-movie_run-05_timeseries.tsv	Missing description; Missing unit	no	no	yes	MRIQC
rot_z	derivatives/mriqc/sub-068/ses-01/func/sub-068_ses-01_task-movie_run-05_timeseries.tsv	Missing description; Missing unit	no	no	yes	MRIQC
dvars_std	derivatives/mriqc/sub-068/ses-01/func/sub-068_ses-01_task-movie_run-05_timeseries.tsv	Missing description; Missing unit	no	no	yes	MRIQC
dvars_nstd	derivatives/mriqc/sub-068/ses-01/func/sub-068_ses-01_task-movie_run-05_timeseries.tsv	Missing description; Missing unit	no	no	yes	MRIQC
dvars_vstd	derivatives/mriqc/sub-068/ses-01/func/sub-068_ses-01_task-movie_run-05_timeseries.tsv	Missing description; Missing unit	no	no	yes	MRIQC
framewise_displacement	derivatives/mriqc/sub-068/ses-01/func/sub-068_ses-01_task-movie_run-05_timeseries.tsv	Missing description; Missing unit	no	no	yes	MRIQC
aqi	derivatives/mriqc/sub-068/ses-01/func/sub-068_ses-01_task-movie_run-05_timeseries.tsv	Missing description; Missing unit	no	no	yes	MRIQC
aor	derivatives/mriqc/sub-068/ses-01/func/sub-068_ses-01_task-movie_run-05_timeseries.tsv	Missing description; Missing unit	no	no	yes	MRIQC
trans_x	derivatives/mriqc/sub-068/ses-01/func/sub-068_ses-01_task-fmri_run-01_timeseries.tsv	Missing description; Missing unit	no	no	yes	MRIQC
trans_y	derivatives/mriqc/sub-068/ses-01/func/sub-068_ses-01_task-fmri_run-01_timeseries.tsv	Missing description; Missing unit	no	no	yes	MRIQC
trans_z	derivatives/mriqc/sub-068/ses-01/func/sub-068_ses-01_task-fmri_run-01_timeseries.tsv	Missing description; Missing unit	no	no	yes	MRIQC
rot_x	derivatives/mriqc/sub-068/ses-01/func/sub-068_ses-01_task-fmri_run-01_timeseries.tsv	Missing description; Missing unit	no	no	yes	MRIQC
rot_y	derivatives/mriqc/sub-068/ses-01/func/sub-068_ses-01_task-fmri_run-01_timeseries.tsv	Missing description; Missing unit	no	no	yes	MRIQC
rot_z	derivatives/mriqc/sub-068/ses-01/func/sub-068_ses-01_task-fmri_run-01_timeseries.tsv	Missing description; Missing unit	no	no	yes	MRIQC
dvars_std	derivatives/mriqc/sub-068/ses-01/func/sub-068_ses-01_task-fmri_run-01_timeseries.tsv	Missing description; Missing unit	no	no	yes	MRIQC
dvars_nstd	derivatives/mriqc/sub-068/ses-01/func/sub-068_ses-01_task-fmri_run-01_timeseries.tsv	Missing description; Missing unit	no	no	yes	MRIQC
dvars_vstd	derivatives/mriqc/sub-068/ses-01/func/sub-068_ses-01_task-fmri_run-01_timeseries.tsv	Missing description; Missing unit	no	no	yes	MRIQC
framewise_displacement	derivatives/mriqc/sub-068/ses-01/func/sub-068_ses-01_task-fmri_run-01_timeseries.tsv	Missing description; Missing unit	no	no	yes	MRIQC
aqi	derivatives/mriqc/sub-068/ses-01/func/sub-068_ses-01_task-fmri_run-01_timeseries.tsv	Missing description; Missing unit	no	no	yes	MRIQC
aor	derivatives/mriqc/sub-068/ses-01/func/sub-068_ses-01_task-fmri_run-01_timeseries.tsv	Missing description; Missing unit	no	no	yes	MRIQC
trans_x	derivatives/mriqc/sub-068/ses-01/func/sub-068_ses-01_task-rest_run-01_timeseries.tsv	Missing description; Missing unit	no	no	yes	MRIQC
trans_y	derivatives/mriqc/sub-068/ses-01/func/sub-068_ses-01_task-rest_run-01_timeseries.tsv	Missing description; Missing unit	no	no	yes	MRIQC
trans_z	derivatives/mriqc/sub-068/ses-01/func/sub-068_ses-01_task-rest_run-01_timeseries.tsv	Missing description; Missing unit	no	no	yes	MRIQC
rot_x	derivatives/mriqc/sub-068/ses-01/func/sub-068_ses-01_task-rest_run-01_timeseries.tsv	Missing description; Missing unit	no	no	yes	MRIQC
rot_y	derivatives/mriqc/sub-068/ses-01/func/sub-068_ses-01_task-rest_run-01_timeseries.tsv	Missing description; Missing unit	no	no	yes	MRIQC
rot_z	derivatives/mriqc/sub-068/ses-01/func/sub-068_ses-01_task-rest_run-01_timeseries.tsv	Missing description; Missing unit	no	no	yes	MRIQC
dvars_std	derivatives/mriqc/sub-068/ses-01/func/sub-068_ses-01_task-rest_run-01_timeseries.tsv	Missing description; Missing unit	no	no	yes	MRIQC
dvars_nstd	derivatives/mriqc/sub-068/ses-01/func/sub-068_ses-01_task-rest_run-01_timeseries.tsv	Missing description; Missing unit	no	no	yes	MRIQC
dvars_vstd	derivatives/mriqc/sub-068/ses-01/func/sub-068_ses-01_task-rest_run-01_timeseries.tsv	Missing description; Missing unit	no	no	yes	MRIQC
framewise_displacement	derivatives/mriqc/sub-068/ses-01/func/sub-068_ses-01_task-rest_run-01_timeseries.tsv	Missing description; Missing unit	no	no	yes	MRIQC
aqi	derivatives/mriqc/sub-068/ses-01/func/sub-068_ses-01_task-rest_run-01_timeseries.tsv	Missing description; Missing unit	no	no	yes	MRIQC
aor	derivatives/mriqc/sub-068/ses-01/func/sub-068_ses-01_task-rest_run-01_timeseries.tsv	Missing description; Missing unit	no	no	yes	MRIQC
trans_x	derivatives/mriqc/sub-049/ses-01/func/sub-049_ses-01_task-control_run-03_timeseries.tsv	Missing description; Missing unit	no	no	yes	MRIQC
trans_y	derivatives/mriqc/sub-049/ses-01/func/sub-049_ses-01_task-control_run-03_timeseries.tsv	Missing description; Missing unit	no	no	yes	MRIQC
trans_z	derivatives/mriqc/sub-049/ses-01/func/sub-049_ses-01_task-control_run-03_timeseries.tsv	Missing description; Missing unit	no	no	yes	MRIQC
rot_x	derivatives/mriqc/sub-049/ses-01/func/sub-049_ses-01_task-control_run-03_timeseries.tsv	Missing description; Missing unit	no	no	yes	MRIQC
rot_y	derivatives/mriqc/sub-049/ses-01/func/sub-049_ses-01_task-control_run-03_timeseries.tsv	Missing description; Missing unit	no	no	yes	MRIQC
rot_z	derivatives/mriqc/sub-049/ses-01/func/sub-049_ses-01_task-control_run-03_timeseries.tsv	Missing description; Missing unit	no	no	yes	MRIQC
dvars_std	derivatives/mriqc/sub-049/ses-01/func/sub-049_ses-01_task-control_run-03_timeseries.tsv	Missing description; Missing unit	no	no	yes	MRIQC
dvars_nstd	derivatives/mriqc/sub-049/ses-01/func/sub-049_ses-01_task-control_run-03_timeseries.tsv	Missing description; Missing unit	no	no	yes	MRIQC
dvars_vstd	derivatives/mriqc/sub-049/ses-01/func/sub-049_ses-01_task-control_run-03_timeseries.tsv	Missing description; Missing unit	no	no	yes	MRIQC
framewise_displacement	derivatives/mriqc/sub-049/ses-01/func/sub-049_ses-01_task-control_run-03_timeseries.tsv	Missing description; Missing unit	no	no	yes	MRIQC
aqi	derivatives/mriqc/sub-049/ses-01/func/sub-049_ses-01_task-control_run-03_timeseries.tsv	Missing description; Missing unit	no	no	yes	MRIQC
aor	derivatives/mriqc/sub-049/ses-01/func/sub-049_ses-01_task-control_run-03_timeseries.tsv	Missing description; Missing unit	no	no	yes	MRIQC
trans_x	derivatives/mriqc/sub-049/ses-01/func/sub-049_ses-01_task-fmri_run-03_timeseries.tsv	Missing description; Missing unit	no	no	yes	MRIQC
trans_y	derivatives/mriqc/sub-049/ses-01/func/sub-049_ses-01_task-fmri_run-03_timeseries.tsv	Missing description; Missing unit	no	no	yes	MRIQC
trans_z	derivatives/mriqc/sub-049/ses-01/func/sub-049_ses-01_task-fmri_run-03_timeseries.tsv	Missing description; Missing unit	no	no	yes	MRIQC
rot_x	derivatives/mriqc/sub-049/ses-01/func/sub-049_ses-01_task-fmri_run-03_timeseries.tsv	Missing description; Missing unit	no	no	yes	MRIQC
rot_y	derivatives/mriqc/sub-049/ses-01/func/sub-049_ses-01_task-fmri_run-03_timeseries.tsv	Missing description; Missing unit	no	no	yes	MRIQC
rot_z	derivatives/mriqc/sub-049/ses-01/func/sub-049_ses-01_task-fmri_run-03_timeseries.tsv	Missing description; Missing unit	no	no	yes	MRIQC
dvars_std	derivatives/mriqc/sub-049/ses-01/func/sub-049_ses-01_task-fmri_run-03_timeseries.tsv	Missing description; Missing unit	no	no	yes	MRIQC
dvars_nstd	derivatives/mriqc/sub-049/ses-01/func/sub-049_ses-01_task-fmri_run-03_timeseries.tsv	Missing description; Missing unit	no	no	yes	MRIQC
dvars_vstd	derivatives/mriqc/sub-049/ses-01/func/sub-049_ses-01_task-fmri_run-03_timeseries.tsv	Missing description; Missing unit	no	no	yes	MRIQC
framewise_displacement	derivatives/mriqc/sub-049/ses-01/func/sub-049_ses-01_task-fmri_run-03_timeseries.tsv	Missing description; Missing unit	no	no	yes	MRIQC
aqi	derivatives/mriqc/sub-049/ses-01/func/sub-049_ses-01_task-fmri_run-03_timeseries.tsv	Missing description; Missing unit	no	no	yes	MRIQC
aor	derivatives/mriqc/sub-049/ses-01/func/sub-049_ses-01_task-fmri_run-03_timeseries.tsv	Missing description; Missing unit	no	no	yes	MRIQC
trans_x	derivatives/mriqc/sub-049/ses-01/func/sub-049_ses-01_task-movie_run-03_timeseries.tsv	Missing description; Missing unit	no	no	yes	MRIQC
trans_y	derivatives/mriqc/sub-049/ses-01/func/sub-049_ses-01_task-movie_run-03_timeseries.tsv	Missing description; Missing unit	no	no	yes	MRIQC
trans_z	derivatives/mriqc/sub-049/ses-01/func/sub-049_ses-01_task-movie_run-03_timeseries.tsv	Missing description; Missing unit	no	no	yes	MRIQC
rot_x	derivatives/mriqc/sub-049/ses-01/func/sub-049_ses-01_task-movie_run-03_timeseries.tsv	Missing description; Missing unit	no	no	yes	MRIQC
rot_y	derivatives/mriqc/sub-049/ses-01/func/sub-049_ses-01_task-movie_run-03_timeseries.tsv	Missing description; Missing unit	no	no	yes	MRIQC
rot_z	derivatives/mriqc/sub-049/ses-01/func/sub-049_ses-01_task-movie_run-03_timeseries.tsv	Missing description; Missing unit	no	no	yes	MRIQC
dvars_std	derivatives/mriqc/sub-049/ses-01/func/sub-049_ses-01_task-movie_run-03_timeseries.tsv	Missing description; Missing unit	no	no	yes	MRIQC
dvars_nstd	derivatives/mriqc/sub-049/ses-01/func/sub-049_ses-01_task-movie_run-03_timeseries.tsv	Missing description; Missing unit	no	no	yes	MRIQC
dvars_vstd	derivatives/mriqc/sub-049/ses-01/func/sub-049_ses-01_task-movie_run-03_timeseries.tsv	Missing description; Missing unit	no	no	yes	MRIQC
framewise_displacement	derivatives/mriqc/sub-049/ses-01/func/sub-049_ses-01_task-movie_run-03_timeseries.tsv	Missing description; Missing unit	no	no	yes	MRIQC
aqi	derivatives/mriqc/sub-049/ses-01/func/sub-049_ses-01_task-movie_run-03_timeseries.tsv	Missing description; Missing unit	no	no	yes	MRIQC
aor	derivatives/mriqc/sub-049/ses-01/func/sub-049_ses-01_task-movie_run-03_timeseries.tsv	Missing description; Missing unit	no	no	yes	MRIQC
trans_x	derivatives/mriqc/sub-049/ses-01/func/sub-049_ses-01_task-rest_run-01_timeseries.tsv	Missing description; Missing unit	no	no	yes	MRIQC
trans_y	derivatives/mriqc/sub-049/ses-01/func/sub-049_ses-01_task-rest_run-01_timeseries.tsv	Missing description; Missing unit	no	no	yes	MRIQC
trans_z	derivatives/mriqc/sub-049/ses-01/func/sub-049_ses-01_task-rest_run-01_timeseries.tsv	Missing description; Missing unit	no	no	yes	MRIQC
rot_x	derivatives/mriqc/sub-049/ses-01/func/sub-049_ses-01_task-rest_run-01_timeseries.tsv	Missing description; Missing unit	no	no	yes	MRIQC
rot_y	derivatives/mriqc/sub-049/ses-01/func/sub-049_ses-01_task-rest_run-01_timeseries.tsv	Missing description; Missing unit	no	no	yes	MRIQC
rot_z	derivatives/mriqc/sub-049/ses-01/func/sub-049_ses-01_task-rest_run-01_timeseries.tsv	Missing description; Missing unit	no	no	yes	MRIQC
dvars_std	derivatives/mriqc/sub-049/ses-01/func/sub-049_ses-01_task-rest_run-01_timeseries.tsv	Missing description; Missing unit	no	no	yes	MRIQC
dvars_nstd	derivatives/mriqc/sub-049/ses-01/func/sub-049_ses-01_task-rest_run-01_timeseries.tsv	Missing description; Missing unit	no	no	yes	MRIQC
dvars_vstd	derivatives/mriqc/sub-049/ses-01/func/sub-049_ses-01_task-rest_run-01_timeseries.tsv	Missing description; Missing unit	no	no	yes	MRIQC
framewise_displacement	derivatives/mriqc/sub-049/ses-01/func/sub-049_ses-01_task-rest_run-01_timeseries.tsv	Missing description; Missing unit	no	no	yes	MRIQC
aqi	derivatives/mriqc/sub-049/ses-01/func/sub-049_ses-01_task-rest_run-01_timeseries.tsv	Missing description; Missing unit	no	no	yes	MRIQC
aor	derivatives/mriqc/sub-049/ses-01/func/sub-049_ses-01_task-rest_run-01_timeseries.tsv	Missing description; Missing unit	no	no	yes	MRIQC
subject	reports/grating_gap_audit/gap_57_missing_events_detail.tsv	Missing description	no	no	yes	Derived metric / events reconstruction
session	reports/grating_gap_audit/gap_57_missing_events_detail.tsv	Missing description	no	no	yes	Derived metric / events reconstruction
bids_run	reports/grating_gap_audit/gap_57_missing_events_detail.tsv	Missing description; Missing unit	no	no	yes	Derived metric / events reconstruction
ProtocolName	reports/grating_gap_audit/gap_57_missing_events_detail.tsv	Missing description	no	no	yes	Derived metric / events reconstruction
matlab_fmri_n_from_protocol	reports/grating_gap_audit/gap_57_missing_events_detail.tsv	Missing description; Missing unit	no	no	yes	Derived metric / events reconstruction
n_scan_info_session	reports/grating_gap_audit/gap_57_missing_events_detail.tsv	Missing description; Missing unit	no	no	yes	Derived metric / events reconstruction
n_stim_session	reports/grating_gap_audit/gap_57_missing_events_detail.tsv	Missing description; Missing unit	no	no	yes	Derived metric / events reconstruction
n_scan_info_match_fmri_n	reports/grating_gap_audit/gap_57_missing_events_detail.tsv	Missing description; Missing unit	no	no	yes	Derived metric / events reconstruction
validation_events_created	reports/grating_gap_audit/gap_57_missing_events_detail.tsv	Missing description	no	no	yes	Derived metric / events reconstruction
validation_confidence	reports/grating_gap_audit/gap_57_missing_events_detail.tsv	Missing description	no	no	yes	Derived metric / events reconstruction
validation_message	reports/grating_gap_audit/gap_57_missing_events_detail.tsv	Missing description	no	no	yes	Derived metric / events reconstruction
tmp_events_files	reports/grating_gap_audit/gap_57_missing_events_detail.tsv	Missing description	no	no	no	Derived metric / events reconstruction
gap_reason	reports/grating_gap_audit/gap_57_missing_events_detail.tsv	Missing description	no	no	yes	Derived metric / events reconstruction
subject	reports/grating_gap_audit/gap_7_no_bold_detail.tsv	Missing description	no	no	yes	UNKNOWN
session	reports/grating_gap_audit/gap_7_no_bold_detail.tsv	Missing description	no	no	yes	UNKNOWN
intended_bids_run	reports/grating_gap_audit/gap_7_no_bold_detail.tsv	Missing description; Missing unit	no	no	yes	UNKNOWN
magnitude_bold_for_run	reports/grating_gap_audit/gap_7_no_bold_detail.tsv	Missing description	no	no	yes	UNKNOWN
any_files_for_run	reports/grating_gap_audit/gap_7_no_bold_detail.tsv	Missing description	no	no	yes	UNKNOWN
all_mag_fmri_bolds	reports/grating_gap_audit/gap_7_no_bold_detail.tsv	Missing description	no	no	yes	UNKNOWN
source_mat	reports/grating_gap_audit/gap_7_no_bold_detail.tsv	Missing description	no	no	yes	UNKNOWN
subject	reports/grating_gap_audit/gap_16_collisions_mapping_detail.tsv	Missing description	no	no	yes	UNKNOWN
session	reports/grating_gap_audit/gap_16_collisions_mapping_detail.tsv	Missing description	no	no	yes	UNKNOWN
matlab_fmri_n	reports/grating_gap_audit/gap_16_collisions_mapping_detail.tsv	Missing description; Missing unit	no	no	yes	UNKNOWN
scan_info	reports/grating_gap_audit/gap_16_collisions_mapping_detail.tsv	Missing description	no	no	yes	UNKNOWN
trigger_count	reports/grating_gap_audit/gap_16_collisions_mapping_detail.tsv	Missing description; Missing unit	no	no	yes	UNKNOWN
bids_runs_matching_ProtocolName	reports/grating_gap_audit/gap_16_collisions_mapping_detail.tsv	Missing description	no	no	yes	UNKNOWN
n_matches	reports/grating_gap_audit/gap_16_collisions_mapping_detail.tsv	Missing description; Missing unit	no	no	yes	UNKNOWN
all_bold_protocols	reports/grating_gap_audit/gap_16_collisions_mapping_detail.tsv	Missing description	no	no	yes	UNKNOWN
subject	reports/bids_plan.tsv	Missing description	no	no	yes	UNKNOWN
session	reports/bids_plan.tsv	Missing description	no	no	yes	UNKNOWN
series_uid	reports/bids_plan.tsv	Missing description	no	no	yes	UNKNOWN
series_description	reports/bids_plan.tsv	Missing description	no	no	yes	UNKNOWN
modality	reports/bids_plan.tsv	Missing description	no	no	yes	UNKNOWN
BIDS suffix	reports/bids_plan.tsv	Missing description	no	no	yes	UNKNOWN
task	reports/bids_plan.tsv	Missing description	no	no	yes	UNKNOWN
run	reports/bids_plan.tsv	Missing description; Missing unit	no	no	yes	UNKNOWN
intended filename	reports/bids_plan.tsv	Missing description	no	no	yes	UNKNOWN
subject	reports/pizarro_audit/tables/top20_artifact100_metadata.tsv	Missing description	no	no	yes	Custom pipeline / Pizarro QC
session	reports/pizarro_audit/tables/top20_artifact100_metadata.tsv	Missing description	no	no	yes	Custom pipeline / Pizarro QC
filename	reports/pizarro_audit/tables/top20_artifact100_metadata.tsv	Missing description	no	no	yes	Custom pipeline / Pizarro QC
artifact_probability	reports/pizarro_audit/tables/top20_artifact100_metadata.tsv	Missing description; Missing unit	no	no	yes	Custom pipeline / Pizarro QC
shape	reports/pizarro_audit/tables/top20_artifact100_metadata.tsv	Missing description	no	no	yes	Custom pipeline / Pizarro QC
voxel_size	reports/pizarro_audit/tables/top20_artifact100_metadata.tsv	Missing description	no	no	yes	Custom pipeline / Pizarro QC
orientation	reports/pizarro_audit/tables/top20_artifact100_metadata.tsv	Missing description	no	no	yes	Custom pipeline / Pizarro QC
Manufacturer	reports/pizarro_audit/tables/top20_artifact100_metadata.tsv	Missing description	no	no	yes	Custom pipeline / Pizarro QC
MagneticFieldStrength	reports/pizarro_audit/tables/top20_artifact100_metadata.tsv	Missing description; Missing unit	no	no	yes	Custom pipeline / Pizarro QC
SeriesDescription	reports/pizarro_audit/tables/top20_artifact100_metadata.tsv	Missing description	no	no	yes	Custom pipeline / Pizarro QC
ProtocolName	reports/pizarro_audit/tables/top20_artifact100_metadata.tsv	Missing description	no	no	yes	Custom pipeline / Pizarro QC
SequenceName	reports/pizarro_audit/tables/top20_artifact100_metadata.tsv	Missing description	no	no	yes	Custom pipeline / Pizarro QC
RepetitionTime	reports/pizarro_audit/tables/top20_artifact100_metadata.tsv	Missing description; Missing unit	no	no	yes	Custom pipeline / Pizarro QC
EchoTime	reports/pizarro_audit/tables/top20_artifact100_metadata.tsv	Missing description; Missing unit	no	no	yes	Custom pipeline / Pizarro QC
FlipAngle	reports/pizarro_audit/tables/top20_artifact100_metadata.tsv	Missing description; Missing unit	no	no	yes	Custom pipeline / Pizarro QC
SeriesDescription	reports/pizarro_audit/tables/artifact_prob_by_seriesdescription.tsv	Missing description	no	no	yes	Custom pipeline / Pizarro QC
n	reports/pizarro_audit/tables/artifact_prob_by_seriesdescription.tsv	Missing description; Missing unit	no	no	yes	Custom pipeline / Pizarro QC
mean	reports/pizarro_audit/tables/artifact_prob_by_seriesdescription.tsv	Missing description; Missing unit	no	no	yes	Custom pipeline / Pizarro QC
median	reports/pizarro_audit/tables/artifact_prob_by_seriesdescription.tsv	Missing description; Missing unit	no	no	yes	Custom pipeline / Pizarro QC
n_100	reports/pizarro_audit/tables/artifact_prob_by_seriesdescription.tsv	Missing description; Missing unit	no	no	yes	Custom pipeline / Pizarro QC
pct_100	reports/pizarro_audit/tables/artifact_prob_by_seriesdescription.tsv	Missing description; Missing unit	no	no	yes	Custom pipeline / Pizarro QC
n_ge_90	reports/pizarro_audit/tables/artifact_prob_by_seriesdescription.tsv	Missing description; Missing unit	no	no	yes	Custom pipeline / Pizarro QC
pct_ge_90	reports/pizarro_audit/tables/artifact_prob_by_seriesdescription.tsv	Missing description; Missing unit	no	no	yes	Custom pipeline / Pizarro QC
SeriesDescription	reports/pizarro_audit/tables/artifact100_by_seriesdescription.tsv	Missing description	no	no	yes	Custom pipeline / Pizarro QC
n	reports/pizarro_audit/tables/artifact100_by_seriesdescription.tsv	Missing description; Missing unit	no	no	yes	Custom pipeline / Pizarro QC
sample	reports/pizarro_audit/tables/preprocessed_input_stats.tsv	Missing description; Missing unit	no	no	yes	Custom pipeline / Pizarro QC
filename	reports/pizarro_audit/tables/preprocessed_input_stats.tsv	Missing description	no	no	yes	Custom pipeline / Pizarro QC
image_path	reports/pizarro_audit/tables/preprocessed_input_stats.tsv	Missing description	no	no	yes	Custom pipeline / Pizarro QC
orig_shape	reports/pizarro_audit/tables/preprocessed_input_stats.tsv	Missing description	no	no	yes	Custom pipeline / Pizarro QC
orig_dtype	reports/pizarro_audit/tables/preprocessed_input_stats.tsv	Missing description	no	no	yes	Custom pipeline / Pizarro QC
orig_min	reports/pizarro_audit/tables/preprocessed_input_stats.tsv	Missing description; Missing unit	no	no	yes	Custom pipeline / Pizarro QC
orig_max	reports/pizarro_audit/tables/preprocessed_input_stats.tsv	Missing description; Missing unit	no	no	yes	Custom pipeline / Pizarro QC
orig_mean	reports/pizarro_audit/tables/preprocessed_input_stats.tsv	Missing description; Missing unit	no	no	yes	Custom pipeline / Pizarro QC
orig_std	reports/pizarro_audit/tables/preprocessed_input_stats.tsv	Missing description; Missing unit	no	no	yes	Custom pipeline / Pizarro QC
orig_n_nan	reports/pizarro_audit/tables/preprocessed_input_stats.tsv	Missing description; Missing unit	no	no	yes	Custom pipeline / Pizarro QC
orig_n_neg	reports/pizarro_audit/tables/preprocessed_input_stats.tsv	Missing description; Missing unit	no	no	yes	Custom pipeline / Pizarro QC
pre_shape	reports/pizarro_audit/tables/preprocessed_input_stats.tsv	Missing description	no	no	yes	Custom pipeline / Pizarro QC
pre_dtype	reports/pizarro_audit/tables/preprocessed_input_stats.tsv	Missing description	no	no	yes	Custom pipeline / Pizarro QC
pre_min	reports/pizarro_audit/tables/preprocessed_input_stats.tsv	Missing description; Missing unit	no	no	yes	Custom pipeline / Pizarro QC
pre_max	reports/pizarro_audit/tables/preprocessed_input_stats.tsv	Missing description; Missing unit	no	no	yes	Custom pipeline / Pizarro QC
pre_mean	reports/pizarro_audit/tables/preprocessed_input_stats.tsv	Missing description; Missing unit	no	no	yes	Custom pipeline / Pizarro QC
pre_std	reports/pizarro_audit/tables/preprocessed_input_stats.tsv	Missing description; Missing unit	no	no	yes	Custom pipeline / Pizarro QC
subject	reports/pizarro_audit/tables/mc_dropout_audit_20.tsv	Missing description	no	no	yes	Custom pipeline / Pizarro QC
session	reports/pizarro_audit/tables/mc_dropout_audit_20.tsv	Missing description	no	no	yes	Custom pipeline / Pizarro QC
filename	reports/pizarro_audit/tables/mc_dropout_audit_20.tsv	Missing description	no	no	yes	Custom pipeline / Pizarro QC
stored_artifact_probability	reports/pizarro_audit/tables/mc_dropout_audit_20.tsv	Missing description; Missing unit	no	no	yes	Custom pipeline / Pizarro QC
n_mc	reports/pizarro_audit/tables/mc_dropout_audit_20.tsv	Missing description; Missing unit	no	no	yes	Custom pipeline / Pizarro QC
n_artifact_votes	reports/pizarro_audit/tables/mc_dropout_audit_20.tsv	Missing description; Missing unit	no	no	yes	Custom pipeline / Pizarro QC
artifact_probability	reports/pizarro_audit/tables/mc_dropout_audit_20.tsv	Missing description; Missing unit	no	no	yes	Custom pipeline / Pizarro QC
classification	reports/pizarro_audit/tables/mc_dropout_audit_20.tsv	Missing description	no	no	yes	Custom pipeline / Pizarro QC
soft_art_mean	reports/pizarro_audit/tables/mc_dropout_audit_20.tsv	Missing description; Missing unit	no	no	yes	Custom pipeline / Pizarro QC
soft_art_std	reports/pizarro_audit/tables/mc_dropout_audit_20.tsv	Missing description; Missing unit	no	no	yes	Custom pipeline / Pizarro QC
soft_art_min	reports/pizarro_audit/tables/mc_dropout_audit_20.tsv	Missing description; Missing unit	no	no	yes	Custom pipeline / Pizarro QC
soft_art_max	reports/pizarro_audit/tables/mc_dropout_audit_20.tsv	Missing description; Missing unit	no	no	yes	Custom pipeline / Pizarro QC
n_unique_softmax_rows	reports/pizarro_audit/tables/mc_dropout_audit_20.tsv	Missing description; Missing unit	no	no	yes	Custom pipeline / Pizarro QC
all_mc_identical	reports/pizarro_audit/tables/mc_dropout_audit_20.tsv	Missing description	no	no	yes	Custom pipeline / Pizarro QC
official_collate_class	reports/pizarro_audit/tables/mc_dropout_audit_20.tsv	Missing description	no	no	yes	Custom pipeline / Pizarro QC
official_collate_majority_prob	reports/pizarro_audit/tables/mc_dropout_audit_20.tsv	Missing description; Missing unit	no	no	yes	Custom pipeline / Pizarro QC
official_collate_count	reports/pizarro_audit/tables/mc_dropout_audit_20.tsv	Missing description; Missing unit	no	no	yes	Custom pipeline / Pizarro QC
official_collate_total	reports/pizarro_audit/tables/mc_dropout_audit_20.tsv	Missing description; Missing unit	no	no	yes	Custom pipeline / Pizarro QC
subject	reports/pizarro_audit/tables/mc_runs_comparison.tsv	Missing description	no	no	yes	Custom pipeline / Pizarro QC
session	reports/pizarro_audit/tables/mc_runs_comparison.tsv	Missing description	no	no	yes	Custom pipeline / Pizarro QC
filename	reports/pizarro_audit/tables/mc_runs_comparison.tsv	Missing description	no	no	yes	Custom pipeline / Pizarro QC
stored_artifact_probability	reports/pizarro_audit/tables/mc_runs_comparison.tsv	Missing description; Missing unit	no	no	yes	Custom pipeline / Pizarro QC
mc10_artifact_probability	reports/pizarro_audit/tables/mc_runs_comparison.tsv	Missing description; Missing unit	no	no	yes	Custom pipeline / Pizarro QC
mc10_classification	reports/pizarro_audit/tables/mc_runs_comparison.tsv	Missing description	no	no	yes	Custom pipeline / Pizarro QC
mc10_soft_art_std	reports/pizarro_audit/tables/mc_runs_comparison.tsv	Missing description; Missing unit	no	no	yes	Custom pipeline / Pizarro QC
mc10_n_unique_softmax	reports/pizarro_audit/tables/mc_runs_comparison.tsv	Missing description; Missing unit	no	no	yes	Custom pipeline / Pizarro QC
mc10_all_identical	reports/pizarro_audit/tables/mc_runs_comparison.tsv	Missing description	no	no	yes	Custom pipeline / Pizarro QC
mc25_artifact_probability	reports/pizarro_audit/tables/mc_runs_comparison.tsv	Missing description; Missing unit	no	no	yes	Custom pipeline / Pizarro QC
mc25_classification	reports/pizarro_audit/tables/mc_runs_comparison.tsv	Missing description	no	no	yes	Custom pipeline / Pizarro QC
mc25_soft_art_std	reports/pizarro_audit/tables/mc_runs_comparison.tsv	Missing description; Missing unit	no	no	yes	Custom pipeline / Pizarro QC
mc25_n_unique_softmax	reports/pizarro_audit/tables/mc_runs_comparison.tsv	Missing description; Missing unit	no	no	yes	Custom pipeline / Pizarro QC
mc25_all_identical	reports/pizarro_audit/tables/mc_runs_comparison.tsv	Missing description	no	no	yes	Custom pipeline / Pizarro QC
mc50_artifact_probability	reports/pizarro_audit/tables/mc_runs_comparison.tsv	Missing description; Missing unit	no	no	yes	Custom pipeline / Pizarro QC
mc50_classification	reports/pizarro_audit/tables/mc_runs_comparison.tsv	Missing description	no	no	yes	Custom pipeline / Pizarro QC
mc50_soft_art_std	reports/pizarro_audit/tables/mc_runs_comparison.tsv	Missing description; Missing unit	no	no	yes	Custom pipeline / Pizarro QC
mc50_n_unique_softmax	reports/pizarro_audit/tables/mc_runs_comparison.tsv	Missing description; Missing unit	no	no	yes	Custom pipeline / Pizarro QC
mc50_all_identical	reports/pizarro_audit/tables/mc_runs_comparison.tsv	Missing description	no	no	yes	Custom pipeline / Pizarro QC
mc100_artifact_probability	reports/pizarro_audit/tables/mc_runs_comparison.tsv	Missing description; Missing unit	no	no	yes	Custom pipeline / Pizarro QC
mc100_classification	reports/pizarro_audit/tables/mc_runs_comparison.tsv	Missing description	no	no	yes	Custom pipeline / Pizarro QC
mc100_soft_art_std	reports/pizarro_audit/tables/mc_runs_comparison.tsv	Missing description; Missing unit	no	no	yes	Custom pipeline / Pizarro QC
mc100_n_unique_softmax	reports/pizarro_audit/tables/mc_runs_comparison.tsv	Missing description; Missing unit	no	no	yes	Custom pipeline / Pizarro QC
mc100_all_identical	reports/pizarro_audit/tables/mc_runs_comparison.tsv	Missing description	no	no	yes	Custom pipeline / Pizarro QC
participant_id	reports/stimulus_validation/events_validation.tsv	Missing description	no	no	yes	Derived metric / events reconstruction
session_id	reports/stimulus_validation/events_validation.tsv	Missing description	no	no	yes	Derived metric / events reconstruction
run	reports/stimulus_validation/events_validation.tsv	Missing description; Missing unit	no	no	yes	Derived metric / events reconstruction
events_path	reports/stimulus_validation/events_validation.tsv	Missing description	no	no	yes	Derived metric / events reconstruction
bold_path	reports/stimulus_validation/events_validation.tsv	Missing description	no	no	yes	Derived metric / events reconstruction
json_path	reports/stimulus_validation/events_validation.tsv	Missing description	no	no	yes	Derived metric / events reconstruction
protocol	reports/stimulus_validation/events_validation.tsv	Missing description	no	no	yes	Derived metric / events reconstruction
n_events	reports/stimulus_validation/events_validation.tsv	Missing description; Missing unit	no	no	yes	Derived metric / events reconstruction
n_volumes	reports/stimulus_validation/events_validation.tsv	Missing description; Missing unit	no	no	yes	Derived metric / events reconstruction
n_volumes_source	reports/stimulus_validation/events_validation.tsv	Missing description	no	no	yes	Derived metric / events reconstruction
RepetitionTime	reports/stimulus_validation/events_validation.tsv	Missing description; Missing unit	no	no	yes	Derived metric / events reconstruction
acquisition_duration_s	reports/stimulus_validation/events_validation.tsv	Missing description; Missing unit	no	no	yes	Derived metric / events reconstruction
last_event_end_s	reports/stimulus_validation/events_validation.tsv	Missing description; Missing unit	no	no	yes	Derived metric / events reconstruction
trial_types	reports/stimulus_validation/events_validation.tsv	Missing description	no	no	yes	Derived metric / events reconstruction
status	reports/stimulus_validation/events_validation.tsv	Missing description	no	no	yes	Derived metric / events reconstruction
n_errors	reports/stimulus_validation/events_validation.tsv	Missing description; Missing unit	no	no	yes	Derived metric / events reconstruction
n_warnings	reports/stimulus_validation/events_validation.tsv	Missing description; Missing unit	no	no	yes	Derived metric / events reconstruction
errors	reports/stimulus_validation/events_validation.tsv	Missing description	no	no	no	Derived metric / events reconstruction
warnings	reports/stimulus_validation/events_validation.tsv	Missing description	no	no	no	Derived metric / events reconstruction
participant_id	reports/stimulus_validation/missing_events.tsv	Missing description	no	no	yes	Derived metric / events reconstruction
session_id	reports/stimulus_validation/missing_events.tsv	Missing description	no	no	yes	Derived metric / events reconstruction
run	reports/stimulus_validation/missing_events.tsv	Missing description; Missing unit	no	no	yes	Derived metric / events reconstruction
protocol	reports/stimulus_validation/missing_events.tsv	Missing description	no	no	yes	Derived metric / events reconstruction
bold_path	reports/stimulus_validation/missing_events.tsv	Missing description	no	no	yes	Derived metric / events reconstruction
reason	reports/stimulus_validation/missing_events.tsv	Missing description	no	no	yes	Derived metric / events reconstruction
reason_category	reports/stimulus_validation/missing_events.tsv	Missing description	no	no	yes	Derived metric / events reconstruction
Category	reports/stimulus_validation/FUNCTIONAL_EVENTS_SUMMARY.tsv	Missing description	no	no	yes	Derived metric / events reconstruction
Count	reports/stimulus_validation/FUNCTIONAL_EVENTS_SUMMARY.tsv	Missing description; Missing unit	no	no	yes	Derived metric / events reconstruction
Percentage	reports/stimulus_validation/FUNCTIONAL_EVENTS_SUMMARY.tsv	Missing description; Missing unit	no	no	yes	Derived metric / events reconstruction
Description	reports/stimulus_validation/FUNCTIONAL_EVENTS_SUMMARY.tsv	Missing description	no	no	yes	Derived metric / events reconstruction
Status	reports/stimulus_validation/Table_Functional_Event_Metadata_Status.tsv	Missing description	no	no	yes	UNKNOWN
Number of runs	reports/stimulus_validation/Table_Functional_Event_Metadata_Status.tsv	Missing description; Missing unit	no	no	yes	UNKNOWN
Percentage	reports/stimulus_validation/Table_Functional_Event_Metadata_Status.tsv	Missing description; Missing unit	no	no	yes	UNKNOWN
Action	reports/stimulus_validation/Table_Functional_Event_Metadata_Status.tsv	Missing description	no	no	yes	UNKNOWN
timestamp_utc	reports/bids_validation_scientific_data/priority_fixes_log.tsv	Missing description	no	no	yes	UNKNOWN
action	reports/bids_validation_scientific_data/priority_fixes_log.tsv	Missing description	no	no	yes	UNKNOWN
source	reports/bids_validation_scientific_data/priority_fixes_log.tsv	Missing description	no	no	yes	UNKNOWN
dest	reports/bids_validation_scientific_data/priority_fixes_log.tsv	Missing description	no	no	yes	UNKNOWN
detail	reports/bids_validation_scientific_data/priority_fixes_log.tsv	Missing description	no	no	yes	UNKNOWN
severity	reports/bids_validation_scientific_data/bids_validator_issues_after_events_st.tsv	Missing description	no	no	yes	Derived metric / events reconstruction
code	reports/bids_validation_scientific_data/bids_validator_issues_after_events_st.tsv	Missing description	no	no	yes	Derived metric / events reconstruction
path	reports/bids_validation_scientific_data/bids_validator_issues_after_events_st.tsv	Missing description	no	no	yes	Derived metric / events reconstruction
reason	reports/bids_validation_scientific_data/bids_validator_issues_after_events_st.tsv	Missing description	no	no	yes	Derived metric / events reconstruction
participant_id	reports/bids_validation_scientific_data/longitudinal_session_coverage.tsv	Missing description	no	no	yes	UNKNOWN
ses-01	reports/bids_validation_scientific_data/longitudinal_session_coverage.tsv	Missing description; Missing unit	no	no	yes	UNKNOWN
ses-02	reports/bids_validation_scientific_data/longitudinal_session_coverage.tsv	Missing description; Missing unit	no	no	yes	UNKNOWN
coverage	reports/bids_validation_scientific_data/longitudinal_session_coverage.tsv	Missing description	no	no	yes	UNKNOWN
action	reports/bids_validation_scientific_data/events_slicetiming_longitudinal_log.tsv	Missing description	no	no	yes	Derived metric / events reconstruction
bold	reports/bids_validation_scientific_data/events_slicetiming_longitudinal_log.tsv	Missing description	no	no	yes	Derived metric / events reconstruction
dest	reports/bids_validation_scientific_data/events_slicetiming_longitudinal_log.tsv	Missing description	no	no	yes	Derived metric / events reconstruction
detail	reports/bids_validation_scientific_data/events_slicetiming_longitudinal_log.tsv	Missing description	no	no	yes	Derived metric / events reconstruction
json	reports/bids_validation_scientific_data/events_slicetiming_longitudinal_log.tsv	Missing description	no	no	yes	Derived metric / events reconstruction
n_slices	reports/bids_validation_scientific_data/events_slicetiming_longitudinal_log.tsv	Missing description; Missing unit	no	no	yes	Derived metric / events reconstruction
source	reports/bids_validation_scientific_data/events_slicetiming_longitudinal_log.tsv	Missing description	no	no	yes	Derived metric / events reconstruction
source_dicom	reports/bids_validation_scientific_data/events_slicetiming_longitudinal_log.tsv	Missing description	no	no	yes	Derived metric / events reconstruction
status	reports/bids_validation_scientific_data/events_slicetiming_longitudinal_log.tsv	Missing description	no	no	yes	Derived metric / events reconstruction
file_path	reports/matlab_content_inventory.tsv	Missing description	no	no	yes	UNKNOWN
subject	reports/matlab_content_inventory.tsv	Missing description	no	no	yes	UNKNOWN
session	reports/matlab_content_inventory.tsv	Missing description	no	no	yes	UNKNOWN
variables	reports/matlab_content_inventory.tsv	Missing description	no	no	yes	UNKNOWN
classification	reports/matlab_content_inventory.tsv	Missing description	no	no	yes	UNKNOWN
potential_BIDS_destination	reports/matlab_content_inventory.tsv	Missing description	no	no	yes	UNKNOWN
notes	reports/matlab_content_inventory.tsv	Missing description	no	no	yes	UNKNOWN
participant_id	reports/mriqc/iqm_summary.tsv	Missing description	no	no	yes	MRIQC
session	reports/mriqc/iqm_summary.tsv	Missing description; Missing unit	no	no	yes	MRIQC
modality	reports/mriqc/iqm_summary.tsv	Missing description	no	no	yes	MRIQC
task	reports/mriqc/iqm_summary.tsv	Missing description	no	no	yes	MRIQC
run	reports/mriqc/iqm_summary.tsv	Missing description; Missing unit	no	no	yes	MRIQC
filename	reports/mriqc/iqm_summary.tsv	Missing description	no	no	yes	MRIQC
scanner_manufacturer	reports/mriqc/iqm_summary.tsv	Missing description	no	no	yes	MRIQC
scanner_model	reports/mriqc/iqm_summary.tsv	Missing description	no	no	yes	MRIQC
magnetic_field_strength	reports/mriqc/iqm_summary.tsv	Missing description; Missing unit	no	no	yes	MRIQC
protocol_name	reports/mriqc/iqm_summary.tsv	Missing description	no	no	yes	MRIQC
mriqc_version	reports/mriqc/iqm_summary.tsv	Missing description	no	no	yes	MRIQC
source_json	reports/mriqc/iqm_summary.tsv	Missing description	no	no	yes	MRIQC
cjv	reports/mriqc/iqm_summary.tsv	Missing description	no	no	yes	MRIQC
cnr	reports/mriqc/iqm_summary.tsv	Missing description	no	no	yes	MRIQC
efc	reports/mriqc/iqm_summary.tsv	Missing description; Missing unit	no	no	yes	MRIQC
fber	reports/mriqc/iqm_summary.tsv	Missing description; Missing unit	no	no	yes	MRIQC
fwhm_avg	reports/mriqc/iqm_summary.tsv	Missing description	no	no	yes	MRIQC
fwhm_x	reports/mriqc/iqm_summary.tsv	Missing description	no	no	yes	MRIQC
fwhm_y	reports/mriqc/iqm_summary.tsv	Missing description	no	no	yes	MRIQC
fwhm_z	reports/mriqc/iqm_summary.tsv	Missing description	no	no	yes	MRIQC
qi_1	reports/mriqc/iqm_summary.tsv	Missing description	no	no	yes	MRIQC
qi_2	reports/mriqc/iqm_summary.tsv	Missing description	no	no	yes	MRIQC
snr_total	reports/mriqc/iqm_summary.tsv	Missing description	no	no	yes	MRIQC
snr_gm	reports/mriqc/iqm_summary.tsv	Missing description	no	no	yes	MRIQC
snr_wm	reports/mriqc/iqm_summary.tsv	Missing description	no	no	yes	MRIQC
snr_csf	reports/mriqc/iqm_summary.tsv	Missing description	no	no	yes	MRIQC
snrd_total	reports/mriqc/iqm_summary.tsv	Missing description	no	no	yes	MRIQC
snrd_gm	reports/mriqc/iqm_summary.tsv	Missing description	no	no	yes	MRIQC
snrd_wm	reports/mriqc/iqm_summary.tsv	Missing description	no	no	yes	MRIQC
snrd_csf	reports/mriqc/iqm_summary.tsv	Missing description	no	no	yes	MRIQC
icvs_gm	reports/mriqc/iqm_summary.tsv	Missing description	no	no	yes	MRIQC
icvs_wm	reports/mriqc/iqm_summary.tsv	Missing description	no	no	yes	MRIQC
icvs_csf	reports/mriqc/iqm_summary.tsv	Missing description	no	no	yes	MRIQC
wm2max	reports/mriqc/iqm_summary.tsv	Missing description	no	no	yes	MRIQC
fd_mean	reports/mriqc/iqm_summary.tsv	Missing description	no	no	yes	MRIQC
fd_num	reports/mriqc/iqm_summary.tsv	Missing description	no	no	yes	MRIQC
dvars	reports/mriqc/iqm_summary.tsv	Missing description	no	no	yes	MRIQC
tsnr	reports/mriqc/iqm_summary.tsv	Missing description	no	no	yes	MRIQC
ghost	reports/mriqc/iqm_summary.tsv	Missing description	no	no	yes	MRIQC
smoothness	reports/mriqc/iqm_summary.tsv	Missing description	no	no	yes	MRIQC
snr	reports/mriqc/iqm_summary.tsv	Missing description	no	no	yes	MRIQC
snrd	reports/mriqc/iqm_summary.tsv	Missing description	no	no	yes	MRIQC
subject	reports/movie_timing_recovery_audit/PHYSIOLOG_EXT_AUDIT.tsv	Missing description	no	no	yes	Custom pipeline / Physiology
session	reports/movie_timing_recovery_audit/PHYSIOLOG_EXT_AUDIT.tsv	Missing description	no	no	yes	Custom pipeline / Physiology
protocol	reports/movie_timing_recovery_audit/PHYSIOLOG_EXT_AUDIT.tsv	Missing description	no	no	yes	Custom pipeline / Physiology
series_number	reports/movie_timing_recovery_audit/PHYSIOLOG_EXT_AUDIT.tsv	Missing description; Missing unit	no	no	yes	Custom pipeline / Physiology
series_time	reports/movie_timing_recovery_audit/PHYSIOLOG_EXT_AUDIT.tsv	Missing description; Missing unit	no	no	yes	Custom pipeline / Physiology
has_EXT	reports/movie_timing_recovery_audit/PHYSIOLOG_EXT_AUDIT.tsv	Missing description	no	no	yes	Custom pipeline / Physiology
sampling_frequency	reports/movie_timing_recovery_audit/PHYSIOLOG_EXT_AUDIT.tsv	Missing description; Missing unit	no	no	yes	Custom pipeline / Physiology
start_time	reports/movie_timing_recovery_audit/PHYSIOLOG_EXT_AUDIT.tsv	Missing description	no	no	yes	Custom pipeline / Physiology
n_samples	reports/movie_timing_recovery_audit/PHYSIOLOG_EXT_AUDIT.tsv	Missing description; Missing unit	no	no	yes	Custom pipeline / Physiology
trigger_count	reports/movie_timing_recovery_audit/PHYSIOLOG_EXT_AUDIT.tsv	Missing description; Missing unit	no	no	yes	Custom pipeline / Physiology
first_trigger	reports/movie_timing_recovery_audit/PHYSIOLOG_EXT_AUDIT.tsv	Missing description; Missing unit	no	no	yes	Custom pipeline / Physiology
last_trigger	reports/movie_timing_recovery_audit/PHYSIOLOG_EXT_AUDIT.tsv	Missing description; Missing unit	no	no	yes	Custom pipeline / Physiology
trigger_interval_mean	reports/movie_timing_recovery_audit/PHYSIOLOG_EXT_AUDIT.tsv	Missing description	no	no	no	Custom pipeline / Physiology
trigger_interval_std	reports/movie_timing_recovery_audit/PHYSIOLOG_EXT_AUDIT.tsv	Missing description	no	no	no	Custom pipeline / Physiology
unique_values	reports/movie_timing_recovery_audit/PHYSIOLOG_EXT_AUDIT.tsv	Missing description	no	no	yes	Custom pipeline / Physiology
usable_for_sync	reports/movie_timing_recovery_audit/PHYSIOLOG_EXT_AUDIT.tsv	Missing description	no	no	yes	Custom pipeline / Physiology
usable_for_stimulus_onset	reports/movie_timing_recovery_audit/PHYSIOLOG_EXT_AUDIT.tsv	Missing description	no	no	yes	Custom pipeline / Physiology
comments	reports/movie_timing_recovery_audit/PHYSIOLOG_EXT_AUDIT.tsv	Missing description	no	no	yes	Custom pipeline / Physiology
filepath	reports/movie_timing_recovery_audit/PHYSIOLOG_EXT_AUDIT.tsv	Missing description	no	no	yes	Custom pipeline / Physiology
filepath	reports/movie_timing_recovery_audit/PERIPHERAL_EXT_AUDIT.tsv	Missing description	no	no	yes	UNKNOWN
subject	reports/movie_timing_recovery_audit/PERIPHERAL_EXT_AUDIT.tsv	Missing description	no	no	yes	UNKNOWN
session	reports/movie_timing_recovery_audit/PERIPHERAL_EXT_AUDIT.tsv	Missing description	no	no	yes	UNKNOWN
extension	reports/movie_timing_recovery_audit/PERIPHERAL_EXT_AUDIT.tsv	Missing description	no	no	yes	UNKNOWN
size	reports/movie_timing_recovery_audit/PERIPHERAL_EXT_AUDIT.tsv	Missing description; Missing unit	no	no	yes	UNKNOWN
creation_time	reports/movie_timing_recovery_audit/PERIPHERAL_EXT_AUDIT.tsv	Missing description	no	no	yes	UNKNOWN
has_timestamp	reports/movie_timing_recovery_audit/PERIPHERAL_EXT_AUDIT.tsv	Missing description	no	no	yes	UNKNOWN
sampling_frequency_assumed	reports/movie_timing_recovery_audit/PERIPHERAL_EXT_AUDIT.tsv	Missing description; Missing unit	no	no	yes	UNKNOWN
n_samples	reports/movie_timing_recovery_audit/PERIPHERAL_EXT_AUDIT.tsv	Missing description; Missing unit	no	no	yes	UNKNOWN
duration_sec_assumed	reports/movie_timing_recovery_audit/PERIPHERAL_EXT_AUDIT.tsv	Missing description; Missing unit	no	no	yes	UNKNOWN
ext_transitions	reports/movie_timing_recovery_audit/PERIPHERAL_EXT_AUDIT.tsv	Missing description; Missing unit	no	no	yes	UNKNOWN
run_mapping_possible	reports/movie_timing_recovery_audit/PERIPHERAL_EXT_AUDIT.tsv	Missing description	no	no	yes	UNKNOWN
reason	reports/movie_timing_recovery_audit/PERIPHERAL_EXT_AUDIT.tsv	Missing description	no	no	yes	UNKNOWN
comments	reports/movie_timing_recovery_audit/PERIPHERAL_EXT_AUDIT.tsv	Missing description	no	no	yes	UNKNOWN
subject	reports/movie_timing_recovery_audit/DICOM_CSA_TRIGGER_AUDIT.tsv	Missing description	no	no	yes	UNKNOWN
session	reports/movie_timing_recovery_audit/DICOM_CSA_TRIGGER_AUDIT.tsv	Missing description	no	no	yes	UNKNOWN
protocol_name	reports/movie_timing_recovery_audit/DICOM_CSA_TRIGGER_AUDIT.tsv	Missing description	no	no	yes	UNKNOWN
series_description	reports/movie_timing_recovery_audit/DICOM_CSA_TRIGGER_AUDIT.tsv	Missing description	no	no	yes	UNKNOWN
series_number	reports/movie_timing_recovery_audit/DICOM_CSA_TRIGGER_AUDIT.tsv	Missing description; Missing unit	no	no	yes	UNKNOWN
series_time	reports/movie_timing_recovery_audit/DICOM_CSA_TRIGGER_AUDIT.tsv	Missing description; Missing unit	no	no	yes	UNKNOWN
example_acquisition_time	reports/movie_timing_recovery_audit/DICOM_CSA_TRIGGER_AUDIT.tsv	Missing description; Missing unit	no	no	yes	UNKNOWN
n_instances_seen	reports/movie_timing_recovery_audit/DICOM_CSA_TRIGGER_AUDIT.tsv	Missing description; Missing unit	no	no	yes	UNKNOWN
trigger_time_examples	reports/movie_timing_recovery_audit/DICOM_CSA_TRIGGER_AUDIT.tsv	Missing description	no	no	yes	UNKNOWN
dicom_trigger_time_note	reports/movie_timing_recovery_audit/DICOM_CSA_TRIGGER_AUDIT.tsv	Missing description	no	no	yes	UNKNOWN
has_waveform_sequence	reports/movie_timing_recovery_audit/DICOM_CSA_TRIGGER_AUDIT.tsv	Missing description	no	no	yes	UNKNOWN
csa_keywords	reports/movie_timing_recovery_audit/DICOM_CSA_TRIGGER_AUDIT.tsv	Missing description	no	no	yes	UNKNOWN
mosaic_ref_acq_times	reports/movie_timing_recovery_audit/DICOM_CSA_TRIGGER_AUDIT.tsv	Missing description	no	no	yes	UNKNOWN
repetition_time_ms	reports/movie_timing_recovery_audit/DICOM_CSA_TRIGGER_AUDIT.tsv	Missing description; Missing unit	no	no	yes	UNKNOWN
number_of_temporal_positions	reports/movie_timing_recovery_audit/DICOM_CSA_TRIGGER_AUDIT.tsv	Missing description	no	no	no	UNKNOWN
stimulus_onset_recoverable_from_dicom	reports/movie_timing_recovery_audit/DICOM_CSA_TRIGGER_AUDIT.tsv	Missing description	no	no	yes	UNKNOWN
example_filepath	reports/movie_timing_recovery_audit/DICOM_CSA_TRIGGER_AUDIT.tsv	Missing description	no	no	yes	UNKNOWN
subject	reports/movie_timing_recovery_audit/movie_bold_inventory.tsv	Missing description	no	no	yes	UNKNOWN
session	reports/movie_timing_recovery_audit/movie_bold_inventory.tsv	Missing description	no	no	yes	UNKNOWN
bids_run	reports/movie_timing_recovery_audit/movie_bold_inventory.tsv	Missing description	no	no	yes	UNKNOWN
ProtocolName	reports/movie_timing_recovery_audit/movie_bold_inventory.tsv	Missing description	no	no	yes	UNKNOWN
n_volumes	reports/movie_timing_recovery_audit/movie_bold_inventory.tsv	Missing description	no	no	no	UNKNOWN
TR	reports/movie_timing_recovery_audit/movie_bold_inventory.tsv	Missing description; Missing unit	no	no	yes	UNKNOWN
PhysioLog_available	reports/movie_timing_recovery_audit/movie_bold_inventory.tsv	Missing description	no	no	yes	UNKNOWN
EXT_available	reports/movie_timing_recovery_audit/movie_bold_inventory.tsv	Missing description	no	no	yes	UNKNOWN
EXT_usable_for_scanner_sync	reports/movie_timing_recovery_audit/movie_bold_inventory.tsv	Missing description	no	no	yes	UNKNOWN
MATLAB_timing_available	reports/movie_timing_recovery_audit/movie_bold_inventory.tsv	Missing description	no	no	yes	UNKNOWN
Peripheral_EXT_available	reports/movie_timing_recovery_audit/movie_bold_inventory.tsv	Missing description	no	no	yes	UNKNOWN
DICOM_stimulus_trigger_available	reports/movie_timing_recovery_audit/movie_bold_inventory.tsv	Missing description	no	no	yes	UNKNOWN
flag_A_matlab_full	reports/movie_timing_recovery_audit/movie_bold_inventory.tsv	Missing description	no	no	yes	UNKNOWN
flag_B_physio_ext_sync	reports/movie_timing_recovery_audit/movie_bold_inventory.tsv	Missing description	no	no	yes	UNKNOWN
flag_C_peripheral	reports/movie_timing_recovery_audit/movie_bold_inventory.tsv	Missing description	no	no	yes	UNKNOWN
flag_D_dicom_stim	reports/movie_timing_recovery_audit/movie_bold_inventory.tsv	Missing description	no	no	yes	UNKNOWN
classification	reports/movie_timing_recovery_audit/movie_bold_inventory.tsv	Missing description	no	no	yes	UNKNOWN
filepath	reports/movie_timing_recovery_audit/PSYCHTOOLBOX_MATLAB_AUDIT.tsv	Missing description	no	no	yes	UNKNOWN
file_type	reports/movie_timing_recovery_audit/PSYCHTOOLBOX_MATLAB_AUDIT.tsv	Missing description	no	no	yes	UNKNOWN
sha256	reports/movie_timing_recovery_audit/PSYCHTOOLBOX_MATLAB_AUDIT.tsv	Missing description	no	no	yes	UNKNOWN
variables_found	reports/movie_timing_recovery_audit/PSYCHTOOLBOX_MATLAB_AUDIT.tsv	Missing description	no	no	yes	UNKNOWN
keywords_found	reports/movie_timing_recovery_audit/PSYCHTOOLBOX_MATLAB_AUDIT.tsv	Missing description	no	no	yes	UNKNOWN
trigger_present	reports/movie_timing_recovery_audit/PSYCHTOOLBOX_MATLAB_AUDIT.tsv	Missing description	no	no	yes	UNKNOWN
vbl_present	reports/movie_timing_recovery_audit/PSYCHTOOLBOX_MATLAB_AUDIT.tsv	Missing description	no	no	yes	UNKNOWN
frame_timing_present	reports/movie_timing_recovery_audit/PSYCHTOOLBOX_MATLAB_AUDIT.tsv	Missing description	no	no	yes	UNKNOWN
scanner_sync_present	reports/movie_timing_recovery_audit/PSYCHTOOLBOX_MATLAB_AUDIT.tsv	Missing description	no	no	yes	UNKNOWN
saves_timing	reports/movie_timing_recovery_audit/PSYCHTOOLBOX_MATLAB_AUDIT.tsv	Missing description	no	no	yes	UNKNOWN
confidence	reports/movie_timing_recovery_audit/PSYCHTOOLBOX_MATLAB_AUDIT.tsv	Missing description	no	no	yes	UNKNOWN
classification	reports/movie_timing_recovery_audit/PSYCHTOOLBOX_MATLAB_AUDIT.tsv	Missing description	no	no	yes	UNKNOWN
comments	reports/movie_timing_recovery_audit/PSYCHTOOLBOX_MATLAB_AUDIT.tsv	Missing description	no	no	yes	UNKNOWN
sequence	reports/protocol_sequence_presence_check.tsv	Missing description	no	no	yes	UNKNOWN
in_inventory	reports/protocol_sequence_presence_check.tsv	Missing description	no	no	yes	UNKNOWN
inventory_series	reports/protocol_sequence_presence_check.tsv	Missing description; Missing unit	no	no	yes	UNKNOWN
inventory_subjects	reports/protocol_sequence_presence_check.tsv	Missing description; Missing unit	no	no	yes	UNKNOWN
in_bids_ProtocolName	reports/protocol_sequence_presence_check.tsv	Missing description	no	no	yes	UNKNOWN
bids_json_count	reports/protocol_sequence_presence_check.tsv	Missing description; Missing unit	no	no	yes	UNKNOWN
bids_labels	reports/protocol_sequence_presence_check.tsv	Missing description	no	no	yes	UNKNOWN
note	reports/protocol_sequence_presence_check.tsv	Missing description	no	no	yes	UNKNOWN
participant_id	reports/ses02_retry11/RELEASE_SES02_R11_ANAT.tsv	Missing description	no	no	yes	UNKNOWN
session_id	reports/ses02_retry11/RELEASE_SES02_R11_ANAT.tsv	Missing description	no	no	yes	UNKNOWN
bids_original	reports/ses02_retry11/RELEASE_SES02_R11_ANAT.tsv	Missing description	no	no	yes	UNKNOWN
replacement_file	reports/ses02_retry11/RELEASE_SES02_R11_ANAT.tsv	Missing description	no	no	yes	UNKNOWN
release_dest	reports/ses02_retry11/RELEASE_SES02_R11_ANAT.tsv	Missing description	no	no	yes	UNKNOWN
status	reports/ses02_retry11/RELEASE_SES02_R11_ANAT.tsv	Missing description	no	no	yes	UNKNOWN
participant_id	reports/ses02_retry11/RELEASE_SES02_R11_PLAN.tsv	Missing description	no	no	yes	UNKNOWN
session_id	reports/ses02_retry11/RELEASE_SES02_R11_PLAN.tsv	Missing description	no	no	yes	UNKNOWN
status	reports/ses02_retry11/RELEASE_SES02_R11_PLAN.tsv	Missing description	no	no	yes	UNKNOWN
n_bids_files	reports/ses02_retry11/RELEASE_SES02_R11_PLAN.tsv	Missing description; Missing unit	no	no	yes	UNKNOWN
n_structural	reports/ses02_retry11/RELEASE_SES02_R11_PLAN.tsv	Missing description; Missing unit	no	no	yes	UNKNOWN
n_defaced_ready	reports/ses02_retry11/RELEASE_SES02_R11_PLAN.tsv	Missing description; Missing unit	no	no	yes	UNKNOWN
n_defaced_missing	reports/ses02_retry11/RELEASE_SES02_R11_PLAN.tsv	Missing description; Missing unit	no	no	yes	UNKNOWN
notes	reports/ses02_retry11/RELEASE_SES02_R11_PLAN.tsv	Missing description	no	no	yes	UNKNOWN
participant_id	reports/ses02_retry11/SES02_RETRY11_QC_GATE.tsv	Missing description	no	no	yes	UNKNOWN
session_id	reports/ses02_retry11/SES02_RETRY11_QC_GATE.tsv	Missing description	no	no	yes	UNKNOWN
canonical_id	reports/ses02_retry11/SES02_RETRY11_QC_GATE.tsv	Missing description	no	no	yes	UNKNOWN
exists	reports/ses02_retry11/SES02_RETRY11_QC_GATE.tsv	Missing description	no	no	yes	UNKNOWN
n_nii	reports/ses02_retry11/SES02_RETRY11_QC_GATE.tsv	Missing description; Missing unit	no	no	yes	UNKNOWN
n_json	reports/ses02_retry11/SES02_RETRY11_QC_GATE.tsv	Missing description; Missing unit	no	no	yes	UNKNOWN
n_t1w	reports/ses02_retry11/SES02_RETRY11_QC_GATE.tsv	Missing description; Missing unit	no	no	yes	UNKNOWN
n_bold_mag	reports/ses02_retry11/SES02_RETRY11_QC_GATE.tsv	Missing description; Missing unit	no	no	yes	UNKNOWN
n_dwi	reports/ses02_retry11/SES02_RETRY11_QC_GATE.tsv	Missing description; Missing unit	no	no	yes	UNKNOWN
missing_json	reports/ses02_retry11/SES02_RETRY11_QC_GATE.tsv	Missing description; Missing unit	no	no	yes	UNKNOWN
bad_bids_names	reports/ses02_retry11/SES02_RETRY11_QC_GATE.tsv	Missing description; Missing unit	no	no	yes	UNKNOWN
forbidden_fields	reports/ses02_retry11/SES02_RETRY11_QC_GATE.tsv	Missing description; Missing unit	no	no	yes	UNKNOWN
invalid_json	reports/ses02_retry11/SES02_RETRY11_QC_GATE.tsv	Missing description; Missing unit	no	no	yes	UNKNOWN
phi_value_hits	reports/ses02_retry11/SES02_RETRY11_QC_GATE.tsv	Missing description; Missing unit	no	no	yes	UNKNOWN
marker	reports/ses02_retry11/SES02_RETRY11_QC_GATE.tsv	Missing description	no	no	yes	UNKNOWN
conversion_ok	reports/ses02_retry11/SES02_RETRY11_QC_GATE.tsv	Missing description	no	no	yes	UNKNOWN
bids_ok	reports/ses02_retry11/SES02_RETRY11_QC_GATE.tsv	Missing description	no	no	yes	UNKNOWN
phi_ok	reports/ses02_retry11/SES02_RETRY11_QC_GATE.tsv	Missing description	no	no	yes	UNKNOWN
gate	reports/ses02_retry11/SES02_RETRY11_QC_GATE.tsv	Missing description	no	no	yes	UNKNOWN
notes	reports/ses02_retry11/SES02_RETRY11_QC_GATE.tsv	Missing description	no	no	no	UNKNOWN
participant_id	reports/ses02_retry11/RELEASE_SES02_R11_VERIFY.tsv	Missing description	no	no	yes	UNKNOWN
session_id	reports/ses02_retry11/RELEASE_SES02_R11_VERIFY.tsv	Missing description	no	no	yes	UNKNOWN
release_exists	reports/ses02_retry11/RELEASE_SES02_R11_VERIFY.tsv	Missing description	no	no	yes	UNKNOWN
n_files	reports/ses02_retry11/RELEASE_SES02_R11_VERIFY.tsv	Missing description; Missing unit	no	no	yes	UNKNOWN
n_struct_anat	reports/ses02_retry11/RELEASE_SES02_R11_VERIFY.tsv	Missing description; Missing unit	no	no	yes	UNKNOWN
has_nondefaced_structural	reports/ses02_retry11/RELEASE_SES02_R11_VERIFY.tsv	Missing description	no	no	yes	UNKNOWN
verify	reports/ses02_retry11/RELEASE_SES02_R11_VERIFY.tsv	Missing description	no	no	yes	UNKNOWN
notes	reports/ses02_retry11/RELEASE_SES02_R11_VERIFY.tsv	Missing description	no	no	no	UNKNOWN
participant_id	reports/ses02_retry11/SES02_RETRY11_COMPLIANCE.tsv	Missing description	no	no	yes	UNKNOWN
session_id	reports/ses02_retry11/SES02_RETRY11_COMPLIANCE.tsv	Missing description	no	no	yes	UNKNOWN
exists	reports/ses02_retry11/SES02_RETRY11_COMPLIANCE.tsv	Missing description	no	no	yes	UNKNOWN
n_nii	reports/ses02_retry11/SES02_RETRY11_COMPLIANCE.tsv	Missing description; Missing unit	no	no	yes	UNKNOWN
n_json	reports/ses02_retry11/SES02_RETRY11_COMPLIANCE.tsv	Missing description; Missing unit	no	no	yes	UNKNOWN
has_anat	reports/ses02_retry11/SES02_RETRY11_COMPLIANCE.tsv	Missing description	no	no	yes	UNKNOWN
has_func	reports/ses02_retry11/SES02_RETRY11_COMPLIANCE.tsv	Missing description	no	no	yes	UNKNOWN
has_fmap	reports/ses02_retry11/SES02_RETRY11_COMPLIANCE.tsv	Missing description	no	no	yes	UNKNOWN
has_dwi	reports/ses02_retry11/SES02_RETRY11_COMPLIANCE.tsv	Missing description	no	no	yes	UNKNOWN
missing_json_for_nii	reports/ses02_retry11/SES02_RETRY11_COMPLIANCE.tsv	Missing description; Missing unit	no	no	yes	UNKNOWN
fields_scrubbed	reports/ses02_retry11/SES02_RETRY11_COMPLIANCE.tsv	Missing description; Missing unit	no	no	yes	UNKNOWN
status	reports/ses02_retry11/SES02_RETRY11_COMPLIANCE.tsv	Missing description	no	no	yes	UNKNOWN
notes	reports/ses02_retry11/SES02_RETRY11_COMPLIANCE.tsv	Missing description	no	no	no	UNKNOWN
subject	reports/mriqc_coverage_audit/mriqc_ses02_retry11_audit.tsv	Missing description	no	no	yes	MRIQC
session	reports/mriqc_coverage_audit/mriqc_ses02_retry11_audit.tsv	Missing description	no	no	yes	MRIQC
bids	reports/mriqc_coverage_audit/mriqc_ses02_retry11_audit.tsv	Missing description	no	no	yes	MRIQC
exp_t1w	reports/mriqc_coverage_audit/mriqc_ses02_retry11_audit.tsv	Missing description; Missing unit	no	no	yes	MRIQC
mriqc_t1w	reports/mriqc_coverage_audit/mriqc_ses02_retry11_audit.tsv	Missing description; Missing unit	no	no	yes	MRIQC
exp_bold	reports/mriqc_coverage_audit/mriqc_ses02_retry11_audit.tsv	Missing description; Missing unit	no	no	yes	MRIQC
mriqc_bold	reports/mriqc_coverage_audit/mriqc_ses02_retry11_audit.tsv	Missing description; Missing unit	no	no	yes	MRIQC
miss_t1w	reports/mriqc_coverage_audit/mriqc_ses02_retry11_audit.tsv	Missing description; Missing unit	no	no	yes	MRIQC
miss_bold	reports/mriqc_coverage_audit/mriqc_ses02_retry11_audit.tsv	Missing description; Missing unit	no	no	yes	MRIQC
html	reports/mriqc_coverage_audit/mriqc_ses02_retry11_audit.tsv	Missing description; Missing unit	no	no	yes	MRIQC
status	reports/mriqc_coverage_audit/mriqc_ses02_retry11_audit.tsv	Missing description	no	no	yes	MRIQC
missing_t1w	reports/mriqc_coverage_audit/mriqc_ses02_retry11_audit.tsv	Missing description	no	no	yes	MRIQC
missing_bold	reports/mriqc_coverage_audit/mriqc_ses02_retry11_audit.tsv	Missing description	no	no	yes	MRIQC
subject	reports/mriqc_coverage_audit/mriqc_iqm_completeness.tsv	Missing description	no	no	yes	MRIQC
session	reports/mriqc_coverage_audit/mriqc_iqm_completeness.tsv	Missing description	no	no	yes	MRIQC
expected_t1w	reports/mriqc_coverage_audit/mriqc_iqm_completeness.tsv	Missing description; Missing unit	no	no	yes	MRIQC
mriqc_t1w	reports/mriqc_coverage_audit/mriqc_iqm_completeness.tsv	Missing description; Missing unit	no	no	yes	MRIQC
t1w_complete	reports/mriqc_coverage_audit/mriqc_iqm_completeness.tsv	Missing description	no	no	yes	MRIQC
expected_bold	reports/mriqc_coverage_audit/mriqc_iqm_completeness.tsv	Missing description; Missing unit	no	no	yes	MRIQC
mriqc_bold	reports/mriqc_coverage_audit/mriqc_iqm_completeness.tsv	Missing description; Missing unit	no	no	yes	MRIQC
bold_complete	reports/mriqc_coverage_audit/mriqc_iqm_completeness.tsv	Missing description	no	no	yes	MRIQC
session_complete	reports/mriqc_coverage_audit/mriqc_iqm_completeness.tsv	Missing description	no	no	yes	MRIQC
status	reports/mriqc_coverage_audit/mriqc_iqm_completeness.tsv	Missing description	no	no	yes	MRIQC
n_missing_t1w	reports/mriqc_coverage_audit/mriqc_iqm_completeness.tsv	Missing description; Missing unit	no	no	yes	MRIQC
n_missing_bold	reports/mriqc_coverage_audit/mriqc_iqm_completeness.tsv	Missing description; Missing unit	no	no	yes	MRIQC
subject	reports/mriqc_coverage_audit/mriqc_session_coverage.tsv	Missing description	no	no	yes	MRIQC
session	reports/mriqc_coverage_audit/mriqc_session_coverage.tsv	Missing description	no	no	yes	MRIQC
expected_t1w	reports/mriqc_coverage_audit/mriqc_session_coverage.tsv	Missing description; Missing unit	no	no	yes	MRIQC
mriqc_t1w	reports/mriqc_coverage_audit/mriqc_session_coverage.tsv	Missing description; Missing unit	no	no	yes	MRIQC
expected_bold	reports/mriqc_coverage_audit/mriqc_session_coverage.tsv	Missing description; Missing unit	no	no	yes	MRIQC
mriqc_bold	reports/mriqc_coverage_audit/mriqc_session_coverage.tsv	Missing description; Missing unit	no	no	yes	MRIQC
status	reports/mriqc_coverage_audit/mriqc_session_coverage.tsv	Missing description	no	no	yes	MRIQC
session_complete	reports/mriqc_coverage_audit/mriqc_session_coverage.tsv	Missing description	no	no	yes	MRIQC
subject	reports/mriqc_coverage_audit/mriqc_missing_bold_full.tsv	Missing description	no	no	yes	MRIQC
session	reports/mriqc_coverage_audit/mriqc_missing_bold_full.tsv	Missing description	no	no	yes	MRIQC
stem	reports/mriqc_coverage_audit/mriqc_missing_bold_full.tsv	Missing description	no	no	yes	MRIQC
size_mb	reports/mriqc_coverage_audit/mriqc_missing_bold_full.tsv	Missing description; Missing unit	no	no	yes	MRIQC
subject	reports/mriqc_coverage_audit/mriqc_missing_runs.tsv	Missing description	no	no	yes	MRIQC
session	reports/mriqc_coverage_audit/mriqc_missing_runs.tsv	Missing description	no	no	yes	MRIQC
missing_t1w	reports/mriqc_coverage_audit/mriqc_missing_runs.tsv	Missing description	no	no	yes	MRIQC
missing_bold	reports/mriqc_coverage_audit/mriqc_missing_runs.tsv	Missing description	no	no	yes	MRIQC
n_missing_t1w	reports/mriqc_coverage_audit/mriqc_missing_runs.tsv	Missing description; Missing unit	no	no	yes	MRIQC
n_missing_bold	reports/mriqc_coverage_audit/mriqc_missing_runs.tsv	Missing description; Missing unit	no	no	yes	MRIQC
gap_type	reports/protocol_gap_fill_series.tsv	Missing description	no	no	yes	UNKNOWN
subject	reports/protocol_gap_fill_series.tsv	Missing description	no	no	yes	UNKNOWN
session	reports/protocol_gap_fill_series.tsv	Missing description	no	no	yes	UNKNOWN
series_description	reports/protocol_gap_fill_series.tsv	Missing description	no	no	yes	UNKNOWN
bids_suffix	reports/protocol_gap_fill_series.tsv	Missing description	no	no	yes	UNKNOWN
run	reports/protocol_gap_fill_series.tsv	Missing description; Missing unit	no	no	yes	UNKNOWN
intended_filename	reports/protocol_gap_fill_series.tsv	Missing description	no	no	yes	UNKNOWN
series_uid	reports/protocol_gap_fill_series.tsv	Missing description	no	no	yes	UNKNOWN
subject	reports/openneuro_release/ANATOMICAL_REPLACEMENT_AUDIT.tsv	Missing description	no	no	yes	UNKNOWN
session	reports/openneuro_release/ANATOMICAL_REPLACEMENT_AUDIT.tsv	Missing description	no	no	yes	UNKNOWN
original_file	reports/openneuro_release/ANATOMICAL_REPLACEMENT_AUDIT.tsv	Missing description	no	no	yes	UNKNOWN
replacement_file	reports/openneuro_release/ANATOMICAL_REPLACEMENT_AUDIT.tsv	Missing description	no	no	yes	UNKNOWN
status	reports/openneuro_release/ANATOMICAL_REPLACEMENT_AUDIT.tsv	Missing description	no	no	yes	UNKNOWN
subject	reports/openneuro_release/defacing_replacement.tsv	Missing description	no	no	yes	UNKNOWN
session	reports/openneuro_release/defacing_replacement.tsv	Missing description	no	no	yes	UNKNOWN
original_file	reports/openneuro_release/defacing_replacement.tsv	Missing description	no	no	yes	UNKNOWN
replacement_file	reports/openneuro_release/defacing_replacement.tsv	Missing description	no	no	yes	UNKNOWN
status	reports/openneuro_release/defacing_replacement.tsv	Missing description	no	no	yes	UNKNOWN
subject	reports/openneuro_release/FILE_COPY_MANIFEST.tsv	Missing description	no	no	yes	UNKNOWN
session	reports/openneuro_release/FILE_COPY_MANIFEST.tsv	Missing description	no	no	yes	UNKNOWN
source_path	reports/openneuro_release/FILE_COPY_MANIFEST.tsv	Missing description	no	no	yes	UNKNOWN
release_relative_path	reports/openneuro_release/FILE_COPY_MANIFEST.tsv	Missing description	no	no	yes	UNKNOWN
action	reports/openneuro_release/FILE_COPY_MANIFEST.tsv	Missing description	no	no	yes	UNKNOWN
bytes	reports/openneuro_release/FILE_COPY_MANIFEST.tsv	Missing description	no	no	no	UNKNOWN
check	reports/openneuro_release/RELEASE_MANIFEST_CHECK.tsv	Missing description	no	no	yes	UNKNOWN
release_relative_path	reports/openneuro_release/RELEASE_MANIFEST_CHECK.tsv	Missing description	no	no	no	UNKNOWN
detail	reports/openneuro_release/RELEASE_MANIFEST_CHECK.tsv	Missing description	no	no	yes	UNKNOWN
check	reports/openneuro_release/PREFLIGHT_RELEASE_VALIDATION.tsv	Missing description	no	no	yes	UNKNOWN
subject	reports/openneuro_release/PREFLIGHT_RELEASE_VALIDATION.tsv	Missing description	no	no	yes	UNKNOWN
session	reports/openneuro_release/PREFLIGHT_RELEASE_VALIDATION.tsv	Missing description	no	no	yes	UNKNOWN
modality	reports/openneuro_release/PREFLIGHT_RELEASE_VALIDATION.tsv	Missing description	no	no	yes	UNKNOWN
original_file	reports/openneuro_release/PREFLIGHT_RELEASE_VALIDATION.tsv	Missing description	no	no	yes	UNKNOWN
replacement_file	reports/openneuro_release/PREFLIGHT_RELEASE_VALIDATION.tsv	Missing description	no	no	yes	UNKNOWN
destination	reports/openneuro_release/PREFLIGHT_RELEASE_VALIDATION.tsv	Missing description	no	no	yes	UNKNOWN
audit_status	reports/openneuro_release/PREFLIGHT_RELEASE_VALIDATION.tsv	Missing description	no	no	yes	UNKNOWN
status	reports/openneuro_release/PREFLIGHT_RELEASE_VALIDATION.tsv	Missing description	no	no	yes	UNKNOWN
detail	reports/openneuro_release/PREFLIGHT_RELEASE_VALIDATION.tsv	Missing description	no	no	yes	UNKNOWN
participant	reports/openneuro_release/ANATOMICAL_INTEGRITY_CHECK.tsv	Missing description	no	no	yes	UNKNOWN
session	reports/openneuro_release/ANATOMICAL_INTEGRITY_CHECK.tsv	Missing description	no	no	yes	UNKNOWN
modality	reports/openneuro_release/ANATOMICAL_INTEGRITY_CHECK.tsv	Missing description	no	no	yes	UNKNOWN
original_path	reports/openneuro_release/ANATOMICAL_INTEGRITY_CHECK.tsv	Missing description	no	no	yes	UNKNOWN
defaced_path	reports/openneuro_release/ANATOMICAL_INTEGRITY_CHECK.tsv	Missing description	no	no	yes	UNKNOWN
shape_match	reports/openneuro_release/ANATOMICAL_INTEGRITY_CHECK.tsv	Missing description	no	no	yes	UNKNOWN
voxel_match	reports/openneuro_release/ANATOMICAL_INTEGRITY_CHECK.tsv	Missing description	no	no	yes	UNKNOWN
affine_match	reports/openneuro_release/ANATOMICAL_INTEGRITY_CHECK.tsv	Missing description	no	no	yes	UNKNOWN
orientation_match	reports/openneuro_release/ANATOMICAL_INTEGRITY_CHECK.tsv	Missing description	no	no	yes	UNKNOWN
dtype_original	reports/openneuro_release/ANATOMICAL_INTEGRITY_CHECK.tsv	Missing description	no	no	yes	UNKNOWN
dtype_defaced	reports/openneuro_release/ANATOMICAL_INTEGRITY_CHECK.tsv	Missing description	no	no	yes	UNKNOWN
status	reports/openneuro_release/ANATOMICAL_INTEGRITY_CHECK.tsv	Missing description	no	no	yes	UNKNOWN
detail	reports/openneuro_release/ANATOMICAL_INTEGRITY_CHECK.tsv	Missing description	no	no	no	UNKNOWN
subject	reports/openneuro_release/RELEASE_ANAT_IDENTITY_CHECK.tsv	Missing description	no	no	yes	UNKNOWN
session	reports/openneuro_release/RELEASE_ANAT_IDENTITY_CHECK.tsv	Missing description	no	no	yes	UNKNOWN
release_relative_path	reports/openneuro_release/RELEASE_ANAT_IDENTITY_CHECK.tsv	Missing description	no	no	yes	UNKNOWN
replacement_file	reports/openneuro_release/RELEASE_ANAT_IDENTITY_CHECK.tsv	Missing description	no	no	yes	UNKNOWN
audit_status	reports/openneuro_release/RELEASE_ANAT_IDENTITY_CHECK.tsv	Missing description	no	no	yes	UNKNOWN
release_present	reports/openneuro_release/RELEASE_ANAT_IDENTITY_CHECK.tsv	Missing description	no	no	yes	UNKNOWN
size_match_defaced	reports/openneuro_release/RELEASE_ANAT_IDENTITY_CHECK.tsv	Missing description	no	no	yes	UNKNOWN
size_differs_from_original	reports/openneuro_release/RELEASE_ANAT_IDENTITY_CHECK.tsv	Missing description	no	no	yes	UNKNOWN
hash_match_defaced	reports/openneuro_release/RELEASE_ANAT_IDENTITY_CHECK.tsv	Missing description	no	no	yes	UNKNOWN
status	reports/openneuro_release/RELEASE_ANAT_IDENTITY_CHECK.tsv	Missing description	no	no	yes	UNKNOWN
notes	reports/openneuro_release/RELEASE_ANAT_IDENTITY_CHECK.tsv	Missing description	no	no	no	UNKNOWN
check	reports/openneuro_release/RELEASE_DATASET_AUDIT.tsv	Missing description	no	no	yes	UNKNOWN
status	reports/openneuro_release/RELEASE_DATASET_AUDIT.tsv	Missing description	no	no	yes	UNKNOWN
detail	reports/openneuro_release/RELEASE_DATASET_AUDIT.tsv	Missing description	no	no	yes	UNKNOWN
item	reports/openneuro_release/RELEASE_STRUCTURE_CHECK.tsv	Missing description	no	no	yes	UNKNOWN
status	reports/openneuro_release/RELEASE_STRUCTURE_CHECK.tsv	Missing description	no	no	yes	UNKNOWN
detail	reports/openneuro_release/RELEASE_STRUCTURE_CHECK.tsv	Missing description	no	no	yes	UNKNOWN
subject	reports/openneuro_release/TB1TFL_REPLACEMENT_AUDIT.tsv	Missing description	no	no	yes	UNKNOWN
session	reports/openneuro_release/TB1TFL_REPLACEMENT_AUDIT.tsv	Missing description	no	no	yes	UNKNOWN
release_relative_path	reports/openneuro_release/TB1TFL_REPLACEMENT_AUDIT.tsv	Missing description	no	no	yes	UNKNOWN
original_release_size	reports/openneuro_release/TB1TFL_REPLACEMENT_AUDIT.tsv	Missing description; Missing unit	no	no	yes	UNKNOWN
replacement_file	reports/openneuro_release/TB1TFL_REPLACEMENT_AUDIT.tsv	Missing description	no	no	yes	UNKNOWN
status	reports/openneuro_release/TB1TFL_REPLACEMENT_AUDIT.tsv	Missing description	no	no	yes	UNKNOWN
json_source	reports/openneuro_release/TB1TFL_REPLACEMENT_AUDIT.tsv	Missing description	no	no	yes	UNKNOWN
notes	reports/openneuro_release/TB1TFL_REPLACEMENT_AUDIT.tsv	Missing description	no	no	yes	UNKNOWN
path	reports/openneuro_release/readme_cleanup.tsv	Missing description	no	no	yes	UNKNOWN
action	reports/openneuro_release/readme_cleanup.tsv	Missing description	no	no	yes	UNKNOWN
reason	reports/openneuro_release/readme_cleanup.tsv	Missing description	no	no	yes	UNKNOWN
subject	reports/openneuro_release/defacing_coverage.tsv	Missing description	no	no	yes	UNKNOWN
session	reports/openneuro_release/defacing_coverage.tsv	Missing description	no	no	yes	UNKNOWN
expected	reports/openneuro_release/defacing_coverage.tsv	Missing description	no	no	yes	UNKNOWN
found	reports/openneuro_release/defacing_coverage.tsv	Missing description	no	no	yes	UNKNOWN
missing	reports/openneuro_release/defacing_coverage.tsv	Missing description	no	no	no	UNKNOWN
defaced_path	reports/openneuro_release/defacing_coverage.tsv	Missing description	no	no	yes	UNKNOWN
participant	reports/openneuro_release/ANATOMICAL_JSON_CHECK.tsv	Missing description	no	no	yes	UNKNOWN
session	reports/openneuro_release/ANATOMICAL_JSON_CHECK.tsv	Missing description	no	no	yes	UNKNOWN
modality	reports/openneuro_release/ANATOMICAL_JSON_CHECK.tsv	Missing description	no	no	yes	UNKNOWN
nifti_path	reports/openneuro_release/ANATOMICAL_JSON_CHECK.tsv	Missing description	no	no	yes	UNKNOWN
json_path	reports/openneuro_release/ANATOMICAL_JSON_CHECK.tsv	Missing description	no	no	yes	UNKNOWN
release_json_relative	reports/openneuro_release/ANATOMICAL_JSON_CHECK.tsv	Missing description	no	no	yes	UNKNOWN
json_exists	reports/openneuro_release/ANATOMICAL_JSON_CHECK.tsv	Missing description	no	no	yes	UNKNOWN
status	reports/openneuro_release/ANATOMICAL_JSON_CHECK.tsv	Missing description	no	no	yes	UNKNOWN
detail	reports/openneuro_release/ANATOMICAL_JSON_CHECK.tsv	Missing description	no	no	no	UNKNOWN
cohort	reports/pi_pipeline_briefing/figures/Figure_physiology_channels_by_session_heatmap_PI_counts.tsv	Missing description	no	no	yes	Custom pipeline / Physiology
participant_id	reports/pi_pipeline_briefing/figures/Figure_physiology_channels_by_session_heatmap_PI_counts.tsv	Missing description	no	no	yes	Custom pipeline / Physiology
session_id	reports/pi_pipeline_briefing/figures/Figure_physiology_channels_by_session_heatmap_PI_counts.tsv	Missing description	no	no	yes	Custom pipeline / Physiology
channel	reports/pi_pipeline_briefing/figures/Figure_physiology_channels_by_session_heatmap_PI_counts.tsv	Missing description	no	no	yes	Custom pipeline / Physiology
present	reports/pi_pipeline_briefing/figures/Figure_physiology_channels_by_session_heatmap_PI_counts.tsv	Missing description; Missing unit	no	no	yes	Custom pipeline / Physiology
session_id	reports/pi_pipeline_briefing/figures/Figure_physiology_channels_by_session_PI_counts.tsv	Missing description	no	no	yes	Custom pipeline / Physiology
cohort	reports/pi_pipeline_briefing/figures/Figure_physiology_channels_by_session_PI_counts.tsv	Missing description	no	no	yes	Custom pipeline / Physiology
channel	reports/pi_pipeline_briefing/figures/Figure_physiology_channels_by_session_PI_counts.tsv	Missing description	no	no	yes	Custom pipeline / Physiology
sessions_with_channel	reports/pi_pipeline_briefing/figures/Figure_physiology_channels_by_session_PI_counts.tsv	Missing description; Missing unit	no	no	yes	Custom pipeline / Physiology
n_sessions	reports/pi_pipeline_briefing/figures/Figure_physiology_channels_by_session_PI_counts.tsv	Missing description; Missing unit	no	no	yes	Custom pipeline / Physiology
coverage_fraction	reports/pi_pipeline_briefing/figures/Figure_physiology_channels_by_session_PI_counts.tsv	Missing description; Missing unit	no	no	yes	Custom pipeline / Physiology
ProtocolName	reports/mri_protocol/SPECIALIZED_SEQUENCES.tsv	Missing description	no	no	yes	UNKNOWN
Family	reports/mri_protocol/SPECIALIZED_SEQUENCES.tsv	Missing description	no	no	yes	UNKNOWN
ClinicalMotivation	reports/mri_protocol/SPECIALIZED_SEQUENCES.tsv	Missing description	no	no	yes	UNKNOWN
ResearchMotivation	reports/mri_protocol/SPECIALIZED_SEQUENCES.tsv	Missing description	no	no	yes	UNKNOWN
KeyParameters_supported	reports/mri_protocol/SPECIALIZED_SEQUENCES.tsv	Missing description	no	no	yes	UNKNOWN
DownstreamUse	reports/mri_protocol/SPECIALIZED_SEQUENCES.tsv	Missing description	no	no	yes	UNKNOWN
ProtocolName	reports/mri_protocol/DWI_PROTOCOL.tsv	Missing description	no	no	yes	UNKNOWN
BIDSRole	reports/mri_protocol/DWI_PROTOCOL.tsv	Missing description	no	no	yes	UNKNOWN
PE	reports/mri_protocol/DWI_PROTOCOL.tsv	Missing description	no	no	yes	UNKNOWN
WhyThisPE	reports/mri_protocol/DWI_PROTOCOL.tsv	Missing description	no	no	yes	UNKNOWN
KeyParameters_supported	reports/mri_protocol/DWI_PROTOCOL.tsv	Missing description	no	no	yes	UNKNOWN
bvals_supported	reports/mri_protocol/DWI_PROTOCOL.tsv	Missing description	no	no	yes	UNKNOWN
CorrectionRole	reports/mri_protocol/DWI_PROTOCOL.tsv	Missing description	no	no	yes	UNKNOWN
Notes_QC	reports/mri_protocol/DWI_PROTOCOL.tsv	Missing description	no	no	yes	Derived metric
ProtocolName	reports/mri_protocol/STRUCTURAL_PROTOCOL.tsv	Missing description	no	no	yes	UNKNOWN
BIDSLabel	reports/mri_protocol/STRUCTURAL_PROTOCOL.tsv	Missing description	no	no	yes	UNKNOWN
SequenceFamily	reports/mri_protocol/STRUCTURAL_PROTOCOL.tsv	Missing description	no	no	yes	UNKNOWN
Contrast	reports/mri_protocol/STRUCTURAL_PROTOCOL.tsv	Missing description	no	no	yes	UNKNOWN
KeyParameters_supported	reports/mri_protocol/STRUCTURAL_PROTOCOL.tsv	Missing description	no	no	yes	UNKNOWN
ClinicalValue	reports/mri_protocol/STRUCTURAL_PROTOCOL.tsv	Missing description	no	no	yes	UNKNOWN
ResearchValue	reports/mri_protocol/STRUCTURAL_PROTOCOL.tsv	Missing description	no	no	yes	UNKNOWN
Evidence	reports/mri_protocol/STRUCTURAL_PROTOCOL.tsv	Missing description	no	no	yes	UNKNOWN
Order	reports/mri_protocol/MRI_SEQUENCE_INVENTORY.tsv	Missing description; Missing unit	no	no	yes	UNKNOWN
ProtocolName	reports/mri_protocol/MRI_SEQUENCE_INVENTORY.tsv	Missing description	no	no	yes	UNKNOWN
SequenceType	reports/mri_protocol/MRI_SEQUENCE_INVENTORY.tsv	Missing description	no	no	yes	UNKNOWN
Contrast	reports/mri_protocol/MRI_SEQUENCE_INVENTORY.tsv	Missing description	no	no	yes	UNKNOWN
Purpose	reports/mri_protocol/MRI_SEQUENCE_INVENTORY.tsv	Missing description	no	no	yes	UNKNOWN
UsedFor	reports/mri_protocol/MRI_SEQUENCE_INVENTORY.tsv	Missing description	no	no	yes	UNKNOWN
Order	reports/mri_protocol/MRI_PROTOCOL_TABLE.tsv	Missing description	no	no	yes	UNKNOWN
Sequence	reports/mri_protocol/MRI_PROTOCOL_TABLE.tsv	Missing description	no	no	yes	UNKNOWN
Purpose	reports/mri_protocol/MRI_PROTOCOL_TABLE.tsv	Missing description	no	no	yes	UNKNOWN
Contrast	reports/mri_protocol/MRI_PROTOCOL_TABLE.tsv	Missing description	no	no	yes	UNKNOWN
ProcessingPipeline	reports/mri_protocol/MRI_PROTOCOL_TABLE.tsv	Missing description	no	no	yes	UNKNOWN
Paradigm	reports/mri_protocol/FMRI_PROTOCOL_SUMMARY.tsv	Missing description	no	no	yes	UNKNOWN
BIDSTask	reports/mri_protocol/FMRI_PROTOCOL_SUMMARY.tsv	Missing description	no	no	yes	UNKNOWN
SiemensProtocolNames	reports/mri_protocol/FMRI_PROTOCOL_SUMMARY.tsv	Missing description	no	no	yes	UNKNOWN
NRunsPlanned	reports/mri_protocol/FMRI_PROTOCOL_SUMMARY.tsv	Missing description	no	no	yes	UNKNOWN
PhaseEncoding	reports/mri_protocol/FMRI_PROTOCOL_SUMMARY.tsv	Missing description	no	no	yes	UNKNOWN
VolumesPerRun	reports/mri_protocol/FMRI_PROTOCOL_SUMMARY.tsv	Missing description	no	no	yes	UNKNOWN
Role	reports/mri_protocol/FMRI_PROTOCOL_SUMMARY.tsv	Missing description	no	no	yes	UNKNOWN
Notes	reports/mri_protocol/FMRI_PROTOCOL_SUMMARY.tsv	Missing description	no	no	yes	UNKNOWN
ProtocolName	reports/mri_protocol/FIELDMAP_PROTOCOL.tsv	Missing description	no	no	yes	UNKNOWN
SequenceName	reports/mri_protocol/FIELDMAP_PROTOCOL.tsv	Missing description	no	no	yes	UNKNOWN
PE	reports/mri_protocol/FIELDMAP_PROTOCOL.tsv	Missing description	no	no	yes	UNKNOWN
PlacementInCanonicalSession	reports/mri_protocol/FIELDMAP_PROTOCOL.tsv	Missing description	no	no	yes	UNKNOWN
RelationshipToFunctional	reports/mri_protocol/FIELDMAP_PROTOCOL.tsv	Missing description	no	no	yes	UNKNOWN
RelationshipToDiffusion	reports/mri_protocol/FIELDMAP_PROTOCOL.tsv	Missing description	no	no	yes	UNKNOWN
KeyParameters_supported	reports/mri_protocol/FIELDMAP_PROTOCOL.tsv	Missing description	no	no	yes	UNKNOWN
BIDSIntendedFor	reports/mri_protocol/FIELDMAP_PROTOCOL.tsv	Missing description	no	no	yes	UNKNOWN
file	reports/bids_metadata_cleaning_before.tsv	Missing description	no	no	yes	UNKNOWN
field_found	reports/bids_metadata_cleaning_before.tsv	Missing description	no	no	yes	UNKNOWN
value	reports/bids_metadata_cleaning_before.tsv	Missing description	no	no	yes	UNKNOWN
action	reports/bids_metadata_cleaning_before.tsv	Missing description	no	no	yes	UNKNOWN
task_id	reports/mriqc_array_audit.tsv	Missing description; Missing unit	no	no	yes	MRIQC
participant	reports/mriqc_array_audit.tsv	Missing description	no	no	yes	MRIQC
session	reports/mriqc_array_audit.tsv	Missing description	no	no	yes	MRIQC
slurm_state	reports/mriqc_array_audit.tsv	Missing description	no	no	yes	MRIQC
elapsed	reports/mriqc_array_audit.tsv	Missing description	no	no	yes	MRIQC
n_html	reports/mriqc_array_audit.tsv	Missing description; Missing unit	no	no	yes	MRIQC
n_t1_json	reports/mriqc_array_audit.tsv	Missing description; Missing unit	no	no	yes	MRIQC
n_bold_json	reports/mriqc_array_audit.tsv	Missing description; Missing unit	no	no	yes	MRIQC
expected_t1w	reports/mriqc_array_audit.tsv	Missing description; Missing unit	no	no	yes	MRIQC
expected_bold	reports/mriqc_array_audit.tsv	Missing description; Missing unit	no	no	yes	MRIQC
status	reports/mriqc_array_audit.tsv	Missing description	no	no	yes	MRIQC
path	reports/associated_data_inventory.tsv	Missing description	no	no	yes	UNKNOWN
subject	reports/associated_data_inventory.tsv	Missing description	no	no	yes	UNKNOWN
session	reports/associated_data_inventory.tsv	Missing description	no	no	yes	UNKNOWN
extension	reports/associated_data_inventory.tsv	Missing description	no	no	yes	UNKNOWN
category	reports/associated_data_inventory.tsv	Missing description	no	no	yes	UNKNOWN
size	reports/associated_data_inventory.tsv	Missing description; Missing unit	no	no	yes	UNKNOWN
potential BIDS destination	reports/associated_data_inventory.tsv	Missing description	no	no	yes	UNKNOWN
subject	reports/dwi_qc/dwigradcheck_results.tsv	Missing description	no	no	yes	Custom pipeline / DWI QC
session	reports/dwi_qc/dwigradcheck_results.tsv	Missing description	no	no	yes	Custom pipeline / DWI QC
status	reports/dwi_qc/dwigradcheck_results.tsv	Missing description	no	no	yes	Custom pipeline / DWI QC
output	reports/dwi_qc/dwigradcheck_results.tsv	Missing description	no	no	yes	Custom pipeline / DWI QC
scan_id	reports/dwi_qc/dwi_gradient_consistency.tsv	Missing description	no	no	yes	Custom pipeline / DWI QC
subject	reports/dwi_qc/dwi_gradient_consistency.tsv	Missing description	no	no	yes	Custom pipeline / DWI QC
session	reports/dwi_qc/dwi_gradient_consistency.tsv	Missing description	no	no	yes	Custom pipeline / DWI QC
run	reports/dwi_qc/dwi_gradient_consistency.tsv	Missing description	no	no	yes	Custom pipeline / DWI QC
nifti	reports/dwi_qc/dwi_gradient_consistency.tsv	Missing description	no	no	yes	Custom pipeline / DWI QC
n_volumes	reports/dwi_qc/dwi_gradient_consistency.tsv	Missing description; Missing unit	no	no	yes	Custom pipeline / DWI QC
n_bvals	reports/dwi_qc/dwi_gradient_consistency.tsv	Missing description; Missing unit	no	no	yes	Custom pipeline / DWI QC
n_bvec_columns	reports/dwi_qc/dwi_gradient_consistency.tsv	Missing description; Missing unit	no	no	yes	Custom pipeline / DWI QC
status	reports/dwi_qc/dwi_gradient_consistency.tsv	Missing description	no	no	yes	Custom pipeline / DWI QC
subject	reports/dwi_qc/dwi_bvalue_summary.tsv	Missing description	no	no	yes	Custom pipeline / DWI QC
session	reports/dwi_qc/dwi_bvalue_summary.tsv	Missing description	no	no	yes	Custom pipeline / DWI QC
unique_bvals	reports/dwi_qc/dwi_bvalue_summary.tsv	Missing description	no	no	yes	Custom pipeline / DWI QC
n_b0	reports/dwi_qc/dwi_bvalue_summary.tsv	Missing description; Missing unit	no	no	yes	Custom pipeline / DWI QC
n_diffusion	reports/dwi_qc/dwi_bvalue_summary.tsv	Missing description; Missing unit	no	no	yes	Custom pipeline / DWI QC
max_bvalue	reports/dwi_qc/dwi_bvalue_summary.tsv	Missing description; Missing unit	no	no	yes	Custom pipeline / DWI QC
QC_item	reports/dwi_qc/TechnicalValidation_Table.tsv	Missing description	no	no	yes	Custom pipeline / DWI QC
Status	reports/dwi_qc/TechnicalValidation_Table.tsv	Missing description	no	no	yes	Custom pipeline / DWI QC
subject	reports/dwi_qc/PE_pairs.tsv	Missing description	no	no	yes	Custom pipeline / DWI QC
session	reports/dwi_qc/PE_pairs.tsv	Missing description	no	no	yes	Custom pipeline / DWI QC
fmap_dir_present	reports/dwi_qc/PE_pairs.tsv	Missing description	no	no	yes	Custom pipeline / DWI QC
n_AP_epi	reports/dwi_qc/PE_pairs.tsv	Missing description; Missing unit	no	no	yes	Custom pipeline / DWI QC
n_PA_epi	reports/dwi_qc/PE_pairs.tsv	Missing description; Missing unit	no	no	yes	Custom pipeline / DWI QC
AP_files	reports/dwi_qc/PE_pairs.tsv	Missing description	no	no	yes	Custom pipeline / DWI QC
PA_files	reports/dwi_qc/PE_pairs.tsv	Missing description	no	no	yes	Custom pipeline / DWI QC
pair_status	reports/dwi_qc/PE_pairs.tsv	Missing description	no	no	yes	Custom pipeline / DWI QC
scan_id	reports/dwi_qc/Gradient_QC.tsv	Missing description	no	no	yes	Custom pipeline / DWI QC
subject	reports/dwi_qc/Gradient_QC.tsv	Missing description	no	no	yes	Custom pipeline / DWI QC
session	reports/dwi_qc/Gradient_QC.tsv	Missing description	no	no	yes	Custom pipeline / DWI QC
run	reports/dwi_qc/Gradient_QC.tsv	Missing description	no	no	yes	Custom pipeline / DWI QC
protocol_id	reports/dwi_qc/Gradient_QC.tsv	Missing description	no	no	yes	Custom pipeline / DWI QC
status	reports/dwi_qc/Gradient_QC.tsv	Missing description	no	no	yes	Custom pipeline / DWI QC
review_class	reports/dwi_qc/Gradient_QC.tsv	Missing description	no	no	yes	Custom pipeline / DWI QC
mean_length	reports/dwi_qc/Gradient_QC.tsv	Missing description; Missing unit	no	no	yes	Custom pipeline / DWI QC
axis_flipped	reports/dwi_qc/Gradient_QC.tsv	Missing description	no	no	yes	Custom pipeline / DWI QC
axis_permutations	reports/dwi_qc/Gradient_QC.tsv	Missing description	no	no	yes	Custom pipeline / DWI QC
axis_basis	reports/dwi_qc/Gradient_QC.tsv	Missing description	no	no	yes	Custom pipeline / DWI QC
subject	reports/dwi_qc/dwi_inventory.tsv	Missing description	no	no	yes	Custom pipeline / DWI QC
session	reports/dwi_qc/dwi_inventory.tsv	Missing description	no	no	yes	Custom pipeline / DWI QC
nifti	reports/dwi_qc/dwi_inventory.tsv	Missing description	no	no	yes	Custom pipeline / DWI QC
bval	reports/dwi_qc/dwi_inventory.tsv	Missing description	no	no	yes	Custom pipeline / DWI QC
bvec	reports/dwi_qc/dwi_inventory.tsv	Missing description	no	no	yes	Custom pipeline / DWI QC
json	reports/dwi_qc/dwi_inventory.tsv	Missing description	no	no	yes	Custom pipeline / DWI QC
status	reports/dwi_qc/dwi_inventory.tsv	Missing description	no	no	yes	Custom pipeline / DWI QC
scan_id	reports/dwi_qc/Geometry_QC.tsv	Missing description	no	no	yes	Custom pipeline / DWI QC
subject	reports/dwi_qc/Geometry_QC.tsv	Missing description	no	no	yes	Custom pipeline / DWI QC
session	reports/dwi_qc/Geometry_QC.tsv	Missing description	no	no	yes	Custom pipeline / DWI QC
run	reports/dwi_qc/Geometry_QC.tsv	Missing description	no	no	yes	Custom pipeline / DWI QC
protocol_id	reports/dwi_qc/Geometry_QC.tsv	Missing description	no	no	yes	Custom pipeline / DWI QC
voxel_size_str	reports/dwi_qc/Geometry_QC.tsv	Missing description	no	no	yes	Custom pipeline / DWI QC
matrix_str	reports/dwi_qc/Geometry_QC.tsv	Missing description	no	no	yes	Custom pipeline / DWI QC
fov_x_mm	reports/dwi_qc/Geometry_QC.tsv	Missing description; Missing unit	no	no	yes	Custom pipeline / DWI QC
fov_y_mm	reports/dwi_qc/Geometry_QC.tsv	Missing description; Missing unit	no	no	yes	Custom pipeline / DWI QC
fov_z_mm	reports/dwi_qc/Geometry_QC.tsv	Missing description; Missing unit	no	no	yes	Custom pipeline / DWI QC
slice_thickness_mm	reports/dwi_qc/Geometry_QC.tsv	Missing description; Missing unit	no	no	yes	Custom pipeline / DWI QC
orientation	reports/dwi_qc/Geometry_QC.tsv	Missing description	no	no	yes	Custom pipeline / DWI QC
subject	reports/dwi_qc/brain_mask_validation.tsv	Missing description	no	no	yes	Custom pipeline / DWI QC
session	reports/dwi_qc/brain_mask_validation.tsv	Missing description	no	no	yes	Custom pipeline / DWI QC
run	reports/dwi_qc/brain_mask_validation.tsv	Missing description	no	no	yes	Custom pipeline / DWI QC
nifti	reports/dwi_qc/brain_mask_validation.tsv	Missing description	no	no	yes	Custom pipeline / DWI QC
status	reports/dwi_qc/brain_mask_validation.tsv	Missing description	no	no	yes	Custom pipeline / DWI QC
current_mask	reports/dwi_qc/brain_mask_validation.tsv	Missing description	no	no	yes	Custom pipeline / DWI QC
mask_voxels	reports/dwi_qc/brain_mask_validation.tsv	Missing description; Missing unit	no	no	yes	Custom pipeline / DWI QC
brain_fraction	reports/dwi_qc/brain_mask_validation.tsv	Missing description; Missing unit	no	no	yes	Custom pipeline / DWI QC
reference_mask	reports/dwi_qc/brain_mask_validation.tsv	Missing description	no	no	yes	Custom pipeline / DWI QC
reference_method	reports/dwi_qc/brain_mask_validation.tsv	Missing description	no	no	yes	Custom pipeline / DWI QC
reference_mask_voxels	reports/dwi_qc/brain_mask_validation.tsv	Missing description; Missing unit	no	no	yes	Custom pipeline / DWI QC
reference_brain_fraction	reports/dwi_qc/brain_mask_validation.tsv	Missing description; Missing unit	no	no	yes	Custom pipeline / DWI QC
dice	reports/dwi_qc/brain_mask_validation.tsv	Missing description; Missing unit	no	no	yes	Custom pipeline / DWI QC
dice_flag_lt_0_90	reports/dwi_qc/brain_mask_validation.tsv	Missing description	no	no	yes	Custom pipeline / DWI QC
error	reports/dwi_qc/brain_mask_validation.tsv	Missing description	no	no	no	Custom pipeline / DWI QC
scan_id	reports/dwi_qc/BrainMask_QC.tsv	Missing description	no	no	yes	Custom pipeline / DWI QC
subject	reports/dwi_qc/BrainMask_QC.tsv	Missing description	no	no	yes	Custom pipeline / DWI QC
session	reports/dwi_qc/BrainMask_QC.tsv	Missing description	no	no	yes	Custom pipeline / DWI QC
run	reports/dwi_qc/BrainMask_QC.tsv	Missing description	no	no	yes	Custom pipeline / DWI QC
protocol_id	reports/dwi_qc/BrainMask_QC.tsv	Missing description	no	no	yes	Custom pipeline / DWI QC
mask_file_present	reports/dwi_qc/BrainMask_QC.tsv	Missing description	no	no	yes	Custom pipeline / DWI QC
mask_voxels	reports/dwi_qc/BrainMask_QC.tsv	Missing description; Missing unit	no	no	yes	Custom pipeline / DWI QC
voxel_volume_mm3	reports/dwi_qc/BrainMask_QC.tsv	Missing description; Missing unit	no	no	yes	Custom pipeline / DWI QC
brain_volume_mm3	reports/dwi_qc/BrainMask_QC.tsv	Missing description; Missing unit	no	no	yes	Custom pipeline / DWI QC
brain_fraction	reports/dwi_qc/BrainMask_QC.tsv	Missing description; Missing unit	no	no	yes	Custom pipeline / DWI QC
subject	reports/dwi_qc/negative_b0_investigation.tsv	Missing description	no	no	yes	Custom pipeline / DWI QC
session	reports/dwi_qc/negative_b0_investigation.tsv	Missing description	no	no	yes	Custom pipeline / DWI QC
run	reports/dwi_qc/negative_b0_investigation.tsv	Missing description	no	no	yes	Custom pipeline / DWI QC
nifti	reports/dwi_qc/negative_b0_investigation.tsv	Missing description	no	no	yes	Custom pipeline / DWI QC
reported_mean_b0	reports/dwi_qc/negative_b0_investigation.tsv	Missing description; Missing unit	no	no	yes	Custom pipeline / DWI QC
reported_brain_fraction	reports/dwi_qc/negative_b0_investigation.tsv	Missing description; Missing unit	no	no	yes	Custom pipeline / DWI QC
recomputed_brain_fraction	reports/dwi_qc/negative_b0_investigation.tsv	Missing description; Missing unit	no	no	yes	Custom pipeline / DWI QC
mask_voxels	reports/dwi_qc/negative_b0_investigation.tsv	Missing description; Missing unit	no	no	yes	Custom pipeline / DWI QC
inside_min	reports/dwi_qc/negative_b0_investigation.tsv	Missing description; Missing unit	no	no	yes	Custom pipeline / DWI QC
inside_max	reports/dwi_qc/negative_b0_investigation.tsv	Missing description; Missing unit	no	no	yes	Custom pipeline / DWI QC
inside_median	reports/dwi_qc/negative_b0_investigation.tsv	Missing description; Missing unit	no	no	yes	Custom pipeline / DWI QC
inside_p95	reports/dwi_qc/negative_b0_investigation.tsv	Missing description; Missing unit	no	no	yes	Custom pipeline / DWI QC
outside_min	reports/dwi_qc/negative_b0_investigation.tsv	Missing description; Missing unit	no	no	yes	Custom pipeline / DWI QC
outside_max	reports/dwi_qc/negative_b0_investigation.tsv	Missing description; Missing unit	no	no	yes	Custom pipeline / DWI QC
outside_median	reports/dwi_qc/negative_b0_investigation.tsv	Missing description; Missing unit	no	no	yes	Custom pipeline / DWI QC
outside_p95	reports/dwi_qc/negative_b0_investigation.tsv	Missing description; Missing unit	no	no	yes	Custom pipeline / DWI QC
data_global_min	reports/dwi_qc/negative_b0_investigation.tsv	Missing description; Missing unit	no	no	yes	Custom pipeline / DWI QC
data_global_max	reports/dwi_qc/negative_b0_investigation.tsv	Missing description; Missing unit	no	no	yes	Custom pipeline / DWI QC
classification	reports/dwi_qc/negative_b0_investigation.tsv	Missing description	no	no	yes	Custom pipeline / DWI QC
recommended_action	reports/dwi_qc/negative_b0_investigation.tsv	Missing description	no	no	yes	Custom pipeline / DWI QC
figure	reports/dwi_qc/negative_b0_investigation.tsv	Missing description	no	no	no	Custom pipeline / DWI QC
error	reports/dwi_qc/negative_b0_investigation.tsv	Missing description	no	no	no	Custom pipeline / DWI QC
scan_id	reports/dwi_qc/Signal_QC.tsv	Missing description	no	no	yes	Custom pipeline / DWI QC
subject	reports/dwi_qc/Signal_QC.tsv	Missing description	no	no	yes	Custom pipeline / DWI QC
session	reports/dwi_qc/Signal_QC.tsv	Missing description	no	no	yes	Custom pipeline / DWI QC
run	reports/dwi_qc/Signal_QC.tsv	Missing description	no	no	yes	Custom pipeline / DWI QC
protocol_id	reports/dwi_qc/Signal_QC.tsv	Missing description	no	no	yes	Custom pipeline / DWI QC
median_b0_signal	reports/dwi_qc/Signal_QC.tsv	Missing description; Missing unit	no	no	yes	Custom pipeline / DWI QC
median_diffusion_signal	reports/dwi_qc/Signal_QC.tsv	Missing description; Missing unit	no	no	yes	Custom pipeline / DWI QC
p95_signal	reports/dwi_qc/Signal_QC.tsv	Missing description; Missing unit	no	no	yes	Custom pipeline / DWI QC
p5_signal	reports/dwi_qc/Signal_QC.tsv	Missing description; Missing unit	no	no	yes	Custom pipeline / DWI QC
cv_b0	reports/dwi_qc/Signal_QC.tsv	Missing description; Missing unit	no	no	yes	Custom pipeline / DWI QC
background_signal	reports/dwi_qc/Signal_QC.tsv	Missing description; Missing unit	no	no	yes	Custom pipeline / DWI QC
b0_SNR	reports/dwi_qc/Signal_QC.tsv	Missing description; Missing unit	no	no	yes	Custom pipeline / DWI QC
CNR	reports/dwi_qc/Signal_QC.tsv	Missing description; Missing unit	no	no	yes	Custom pipeline / DWI QC
status	reports/dwi_qc/Signal_QC.tsv	Missing description	no	no	yes	Custom pipeline / DWI QC
subject	reports/dwi_qc/dwi_mask_metrics.tsv	Missing description	no	no	yes	Custom pipeline / DWI QC
session	reports/dwi_qc/dwi_mask_metrics.tsv	Missing description	no	no	yes	Custom pipeline / DWI QC
mask_voxels	reports/dwi_qc/dwi_mask_metrics.tsv	Missing description; Missing unit	no	no	yes	Custom pipeline / DWI QC
brain_fraction	reports/dwi_qc/dwi_mask_metrics.tsv	Missing description; Missing unit	no	no	yes	Custom pipeline / DWI QC
subject	reports/dwi_qc/dwi_signal_metrics.tsv	Missing description	no	no	yes	Custom pipeline / DWI QC
session	reports/dwi_qc/dwi_signal_metrics.tsv	Missing description	no	no	yes	Custom pipeline / DWI QC
mean_signal	reports/dwi_qc/dwi_signal_metrics.tsv	Missing description; Missing unit	no	no	yes	Custom pipeline / DWI QC
median_signal	reports/dwi_qc/dwi_signal_metrics.tsv	Missing description; Missing unit	no	no	yes	Custom pipeline / DWI QC
std_signal	reports/dwi_qc/dwi_signal_metrics.tsv	Missing description; Missing unit	no	no	yes	Custom pipeline / DWI QC
mean_b0_signal	reports/dwi_qc/dwi_signal_metrics.tsv	Missing description; Missing unit	no	no	yes	Custom pipeline / DWI QC
mean_diffusion_signal	reports/dwi_qc/dwi_signal_metrics.tsv	Missing description; Missing unit	no	no	yes	Custom pipeline / DWI QC
protocol_id	reports/dwi_qc/Protocol_Consistency.tsv	Missing description	no	no	yes	Custom pipeline / DWI QC
n_scans	reports/dwi_qc/Protocol_Consistency.tsv	Missing description; Missing unit	no	no	yes	Custom pipeline / DWI QC
unique_bvals	reports/dwi_qc/Protocol_Consistency.tsv	Missing description	no	no	yes	Custom pipeline / DWI QC
n_diffusion_directions	reports/dwi_qc/Protocol_Consistency.tsv	Missing description; Missing unit	no	no	yes	Custom pipeline / DWI QC
n_b0_typical	reports/dwi_qc/Protocol_Consistency.tsv	Missing description; Missing unit	no	no	yes	Custom pipeline / DWI QC
voxel_size_str	reports/dwi_qc/Protocol_Consistency.tsv	Missing description	no	no	yes	Custom pipeline / DWI QC
matrix_str	reports/dwi_qc/Protocol_Consistency.tsv	Missing description	no	no	yes	Custom pipeline / DWI QC
TR_s_median	reports/dwi_qc/Protocol_Consistency.tsv	Missing description; Missing unit	no	no	yes	Custom pipeline / DWI QC
TE_s_median	reports/dwi_qc/Protocol_Consistency.tsv	Missing description; Missing unit	no	no	yes	Custom pipeline / DWI QC
PhaseEncodingDirection	reports/dwi_qc/Protocol_Consistency.tsv	Missing description	no	no	yes	Custom pipeline / DWI QC
TotalReadoutTime_median	reports/dwi_qc/Protocol_Consistency.tsv	Missing description; Missing unit	no	no	yes	Custom pipeline / DWI QC
orientation	reports/dwi_qc/Protocol_Consistency.tsv	Missing description	no	no	yes	Custom pipeline / DWI QC
subject	reports/dwi_qc/review_gradient_analysis.tsv	Missing description	no	no	yes	Custom pipeline / DWI QC
session	reports/dwi_qc/review_gradient_analysis.tsv	Missing description	no	no	yes	Custom pipeline / DWI QC
run	reports/dwi_qc/review_gradient_analysis.tsv	Missing description	no	no	yes	Custom pipeline / DWI QC
nifti	reports/dwi_qc/review_gradient_analysis.tsv	Missing description	no	no	yes	Custom pipeline / DWI QC
n_diffusion	reports/dwi_qc/review_gradient_analysis.tsv	Missing description; Missing unit	no	no	yes	Custom pipeline / DWI QC
unique_bvals	reports/dwi_qc/review_gradient_analysis.tsv	Missing description	no	no	yes	Custom pipeline / DWI QC
top_mean_length	reports/dwi_qc/review_gradient_analysis.tsv	Missing description; Missing unit	no	no	yes	Custom pipeline / DWI QC
top_axis_flipped	reports/dwi_qc/review_gradient_analysis.tsv	Missing description	no	no	yes	Custom pipeline / DWI QC
top_axis_permutation	reports/dwi_qc/review_gradient_analysis.tsv	Missing description	no	no	yes	Custom pipeline / DWI QC
top_axis_basis	reports/dwi_qc/review_gradient_analysis.tsv	Missing description	no	no	yes	Custom pipeline / DWI QC
suggestion_class	reports/dwi_qc/review_gradient_analysis.tsv	Missing description	no	no	yes	Custom pipeline / DWI QC
identity_mean_length	reports/dwi_qc/review_gradient_analysis.tsv	Missing description; Missing unit	no	no	yes	Custom pipeline / DWI QC
identity_rank	reports/dwi_qc/review_gradient_analysis.tsv	Missing description; Missing unit	no	no	yes	Custom pipeline / DWI QC
delta_best_minus_identity	reports/dwi_qc/review_gradient_analysis.tsv	Missing description; Missing unit	no	no	yes	Custom pipeline / DWI QC
n_table_rows_parsed	reports/dwi_qc/review_gradient_analysis.tsv	Missing description; Missing unit	no	no	yes	Custom pipeline / DWI QC
scan_id	reports/dwi_qc/Protocol_Consistency_per_scan.tsv	Missing description	no	no	yes	Custom pipeline / DWI QC
subject	reports/dwi_qc/Protocol_Consistency_per_scan.tsv	Missing description	no	no	yes	Custom pipeline / DWI QC
session	reports/dwi_qc/Protocol_Consistency_per_scan.tsv	Missing description	no	no	yes	Custom pipeline / DWI QC
run	reports/dwi_qc/Protocol_Consistency_per_scan.tsv	Missing description	no	no	yes	Custom pipeline / DWI QC
nifti	reports/dwi_qc/Protocol_Consistency_per_scan.tsv	Missing description	no	no	yes	Custom pipeline / DWI QC
voxel_size_x	reports/dwi_qc/Protocol_Consistency_per_scan.tsv	Missing description; Missing unit	no	no	yes	Custom pipeline / DWI QC
voxel_size_y	reports/dwi_qc/Protocol_Consistency_per_scan.tsv	Missing description; Missing unit	no	no	yes	Custom pipeline / DWI QC
voxel_size_z	reports/dwi_qc/Protocol_Consistency_per_scan.tsv	Missing description; Missing unit	no	no	yes	Custom pipeline / DWI QC
voxel_size_str	reports/dwi_qc/Protocol_Consistency_per_scan.tsv	Missing description	no	no	yes	Custom pipeline / DWI QC
matrix_i	reports/dwi_qc/Protocol_Consistency_per_scan.tsv	Missing description; Missing unit	no	no	yes	Custom pipeline / DWI QC
matrix_j	reports/dwi_qc/Protocol_Consistency_per_scan.tsv	Missing description; Missing unit	no	no	yes	Custom pipeline / DWI QC
matrix_k	reports/dwi_qc/Protocol_Consistency_per_scan.tsv	Missing description; Missing unit	no	no	yes	Custom pipeline / DWI QC
matrix_str	reports/dwi_qc/Protocol_Consistency_per_scan.tsv	Missing description	no	no	yes	Custom pipeline / DWI QC
fov_x_mm	reports/dwi_qc/Protocol_Consistency_per_scan.tsv	Missing description; Missing unit	no	no	yes	Custom pipeline / DWI QC
fov_y_mm	reports/dwi_qc/Protocol_Consistency_per_scan.tsv	Missing description; Missing unit	no	no	yes	Custom pipeline / DWI QC
fov_z_mm	reports/dwi_qc/Protocol_Consistency_per_scan.tsv	Missing description; Missing unit	no	no	yes	Custom pipeline / DWI QC
slice_thickness_mm	reports/dwi_qc/Protocol_Consistency_per_scan.tsv	Missing description; Missing unit	no	no	yes	Custom pipeline / DWI QC
TR_s	reports/dwi_qc/Protocol_Consistency_per_scan.tsv	Missing description; Missing unit	no	no	yes	Custom pipeline / DWI QC
TE_s	reports/dwi_qc/Protocol_Consistency_per_scan.tsv	Missing description; Missing unit	no	no	yes	Custom pipeline / DWI QC
PhaseEncodingDirection	reports/dwi_qc/Protocol_Consistency_per_scan.tsv	Missing description	no	no	yes	Custom pipeline / DWI QC
TotalReadoutTime	reports/dwi_qc/Protocol_Consistency_per_scan.tsv	Missing description; Missing unit	no	no	yes	Custom pipeline / DWI QC
n_volumes	reports/dwi_qc/Protocol_Consistency_per_scan.tsv	Missing description; Missing unit	no	no	yes	Custom pipeline / DWI QC
unique_bvals	reports/dwi_qc/Protocol_Consistency_per_scan.tsv	Missing description	no	no	yes	Custom pipeline / DWI QC
n_b0	reports/dwi_qc/Protocol_Consistency_per_scan.tsv	Missing description; Missing unit	no	no	yes	Custom pipeline / DWI QC
n_diffusion_directions	reports/dwi_qc/Protocol_Consistency_per_scan.tsv	Missing description; Missing unit	no	no	yes	Custom pipeline / DWI QC
max_bvalue	reports/dwi_qc/Protocol_Consistency_per_scan.tsv	Missing description; Missing unit	no	no	yes	Custom pipeline / DWI QC
orientation	reports/dwi_qc/Protocol_Consistency_per_scan.tsv	Missing description	no	no	yes	Custom pipeline / DWI QC
protocol_id	reports/dwi_qc/Protocol_Consistency_per_scan.tsv	Missing description	no	no	yes	Custom pipeline / DWI QC
protocol_label	reports/dwi_qc/Protocol_Consistency_per_scan.tsv	Missing description	no	no	yes	Custom pipeline / DWI QC
scan_id	reports/dwi_qc/integrity_summary.tsv	Missing description	no	no	yes	Custom pipeline / DWI QC
subject	reports/dwi_qc/integrity_summary.tsv	Missing description	no	no	yes	Custom pipeline / DWI QC
session	reports/dwi_qc/integrity_summary.tsv	Missing description	no	no	yes	Custom pipeline / DWI QC
run	reports/dwi_qc/integrity_summary.tsv	Missing description	no	no	yes	Custom pipeline / DWI QC
nifti_present	reports/dwi_qc/integrity_summary.tsv	Missing description	no	no	yes	Custom pipeline / DWI QC
bval_present	reports/dwi_qc/integrity_summary.tsv	Missing description	no	no	yes	Custom pipeline / DWI QC
bvec_present	reports/dwi_qc/integrity_summary.tsv	Missing description	no	no	yes	Custom pipeline / DWI QC
json_present	reports/dwi_qc/integrity_summary.tsv	Missing description	no	no	yes	Custom pipeline / DWI QC
n_volumes	reports/dwi_qc/integrity_summary.tsv	Missing description; Missing unit	no	no	yes	Custom pipeline / DWI QC
n_bvals	reports/dwi_qc/integrity_summary.tsv	Missing description; Missing unit	no	no	yes	Custom pipeline / DWI QC
n_bvecs	reports/dwi_qc/integrity_summary.tsv	Missing description; Missing unit	no	no	yes	Custom pipeline / DWI QC
volumes_match	reports/dwi_qc/integrity_summary.tsv	Missing description	no	no	yes	Custom pipeline / DWI QC
bvals_match	reports/dwi_qc/integrity_summary.tsv	Missing description	no	no	yes	Custom pipeline / DWI QC
bvecs_match	reports/dwi_qc/integrity_summary.tsv	Missing description	no	no	yes	Custom pipeline / DWI QC
duplicate_nifti	reports/dwi_qc/integrity_summary.tsv	Missing description	no	no	yes	Custom pipeline / DWI QC
inventory_status	reports/dwi_qc/integrity_summary.tsv	Missing description	no	no	yes	Custom pipeline / DWI QC
consistency_status	reports/dwi_qc/integrity_summary.tsv	Missing description	no	no	yes	Custom pipeline / DWI QC
integrity_status	reports/dwi_qc/integrity_summary.tsv	Missing description	no	no	yes	Custom pipeline / DWI QC
subject	reports/dwi_qc/dwi_signal_metrics_robust.tsv	Missing description	no	no	yes	Custom pipeline / DWI QC
session	reports/dwi_qc/dwi_signal_metrics_robust.tsv	Missing description	no	no	yes	Custom pipeline / DWI QC
run	reports/dwi_qc/dwi_signal_metrics_robust.tsv	Missing description	no	no	yes	Custom pipeline / DWI QC
nifti	reports/dwi_qc/dwi_signal_metrics_robust.tsv	Missing description	no	no	yes	Custom pipeline / DWI QC
status	reports/dwi_qc/dwi_signal_metrics_robust.tsv	Missing description	no	no	yes	Custom pipeline / DWI QC
median_b0	reports/dwi_qc/dwi_signal_metrics_robust.tsv	Missing description; Missing unit	no	no	yes	Custom pipeline / DWI QC
median_diffusion	reports/dwi_qc/dwi_signal_metrics_robust.tsv	Missing description; Missing unit	no	no	yes	Custom pipeline / DWI QC
p05_b0	reports/dwi_qc/dwi_signal_metrics_robust.tsv	Missing description; Missing unit	no	no	yes	Custom pipeline / DWI QC
p95_b0	reports/dwi_qc/dwi_signal_metrics_robust.tsv	Missing description; Missing unit	no	no	yes	Custom pipeline / DWI QC
p05_diffusion	reports/dwi_qc/dwi_signal_metrics_robust.tsv	Missing description; Missing unit	no	no	yes	Custom pipeline / DWI QC
p95_diffusion	reports/dwi_qc/dwi_signal_metrics_robust.tsv	Missing description; Missing unit	no	no	yes	Custom pipeline / DWI QC
cv_b0	reports/dwi_qc/dwi_signal_metrics_robust.tsv	Missing description; Missing unit	no	no	yes	Custom pipeline / DWI QC
cv_diffusion	reports/dwi_qc/dwi_signal_metrics_robust.tsv	Missing description; Missing unit	no	no	yes	Custom pipeline / DWI QC
n_mask_voxels	reports/dwi_qc/dwi_signal_metrics_robust.tsv	Missing description; Missing unit	no	no	yes	Custom pipeline / DWI QC
brain_fraction	reports/dwi_qc/dwi_signal_metrics_robust.tsv	Missing description; Missing unit	no	no	yes	Custom pipeline / DWI QC
error	reports/dwi_qc/dwi_signal_metrics_robust.tsv	Missing description	no	no	no	Custom pipeline / DWI QC
subject	reports/pizarro_qc_split_figures_v2/image_level_predictions_with_modality.tsv	Missing description	no	no	yes	Custom pipeline / Pizarro QC
session	reports/pizarro_qc_split_figures_v2/image_level_predictions_with_modality.tsv	Missing description	no	no	yes	Custom pipeline / Pizarro QC
filename	reports/pizarro_qc_split_figures_v2/image_level_predictions_with_modality.tsv	Missing description	no	no	yes	Custom pipeline / Pizarro QC
run	reports/pizarro_qc_split_figures_v2/image_level_predictions_with_modality.tsv	Missing description; Missing unit	no	no	yes	Custom pipeline / Pizarro QC
artifact_probability	reports/pizarro_qc_split_figures_v2/image_level_predictions_with_modality.tsv	Missing description; Missing unit	no	no	yes	Custom pipeline / Pizarro QC
uncertainty	reports/pizarro_qc_split_figures_v2/image_level_predictions_with_modality.tsv	Missing description; Missing unit	no	no	yes	Custom pipeline / Pizarro QC
confidence	reports/pizarro_qc_split_figures_v2/image_level_predictions_with_modality.tsv	Missing description; Missing unit	no	no	yes	Custom pipeline / Pizarro QC
n_mc_runs	reports/pizarro_qc_split_figures_v2/image_level_predictions_with_modality.tsv	Missing description; Missing unit	no	no	yes	Custom pipeline / Pizarro QC
n_artifact_votes	reports/pizarro_qc_split_figures_v2/image_level_predictions_with_modality.tsv	Missing description; Missing unit	no	no	yes	Custom pipeline / Pizarro QC
image_path	reports/pizarro_qc_split_figures_v2/image_level_predictions_with_modality.tsv	Missing description	no	no	yes	Custom pipeline / Pizarro QC
model	reports/pizarro_qc_split_figures_v2/image_level_predictions_with_modality.tsv	Missing description	no	no	yes	Custom pipeline / Pizarro QC
date	reports/pizarro_qc_split_figures_v2/image_level_predictions_with_modality.tsv	Missing description	no	no	yes	Custom pipeline / Pizarro QC
modality	reports/pizarro_qc_split_figures_v2/image_level_predictions_with_modality.tsv	Missing description	no	no	yes	Custom pipeline / Pizarro QC
participant_id	reports/grating_events_recovery/BOLD_DATABASE.tsv	Missing description	no	no	yes	Derived metric / events reconstruction
session_id	reports/grating_events_recovery/BOLD_DATABASE.tsv	Missing description	no	no	yes	Derived metric / events reconstruction
task	reports/grating_events_recovery/BOLD_DATABASE.tsv	Missing description	no	no	yes	Derived metric / events reconstruction
run	reports/grating_events_recovery/BOLD_DATABASE.tsv	Missing description; Missing unit	no	no	yes	Derived metric / events reconstruction
ProtocolName	reports/grating_events_recovery/BOLD_DATABASE.tsv	Missing description	no	no	yes	Derived metric / events reconstruction
SeriesDescription	reports/grating_events_recovery/BOLD_DATABASE.tsv	Missing description	no	no	yes	Derived metric / events reconstruction
SeriesNumber	reports/grating_events_recovery/BOLD_DATABASE.tsv	Missing description; Missing unit	no	no	yes	Derived metric / events reconstruction
SeriesTime	reports/grating_events_recovery/BOLD_DATABASE.tsv	Missing description	no	no	no	Derived metric / events reconstruction
Echo	reports/grating_events_recovery/BOLD_DATABASE.tsv	Missing description	no	no	no	Derived metric / events reconstruction
Magnitude_or_Phase	reports/grating_events_recovery/BOLD_DATABASE.tsv	Missing description	no	no	yes	Derived metric / events reconstruction
fmri_number_from_protocol	reports/grating_events_recovery/BOLD_DATABASE.tsv	Missing description; Missing unit	no	no	yes	Derived metric / events reconstruction
RepetitionTime	reports/grating_events_recovery/BOLD_DATABASE.tsv	Missing description; Missing unit	no	no	yes	Derived metric / events reconstruction
nifti_path	reports/grating_events_recovery/BOLD_DATABASE.tsv	Missing description	no	no	yes	Derived metric / events reconstruction
json_path	reports/grating_events_recovery/BOLD_DATABASE.tsv	Missing description	no	no	yes	Derived metric / events reconstruction
nifti_exists	reports/grating_events_recovery/BOLD_DATABASE.tsv	Missing description	no	no	yes	Derived metric / events reconstruction
has_events_tsv	reports/grating_events_recovery/BOLD_DATABASE.tsv	Missing description	no	no	yes	Derived metric / events reconstruction
subject	reports/grating_events_recovery/dicom_resolution/DICOM_SERIES_INVENTORY.tsv	Missing description	no	no	yes	Derived metric / events reconstruction
session	reports/grating_events_recovery/dicom_resolution/DICOM_SERIES_INVENTORY.tsv	Missing description	no	no	yes	Derived metric / events reconstruction
protocol_name	reports/grating_events_recovery/dicom_resolution/DICOM_SERIES_INVENTORY.tsv	Missing description	no	no	yes	Derived metric / events reconstruction
series_number	reports/grating_events_recovery/dicom_resolution/DICOM_SERIES_INVENTORY.tsv	Missing description; Missing unit	no	no	yes	Derived metric / events reconstruction
series_instance_uid_hash	reports/grating_events_recovery/dicom_resolution/DICOM_SERIES_INVENTORY.tsv	Missing description	no	no	yes	Derived metric / events reconstruction
series_description	reports/grating_events_recovery/dicom_resolution/DICOM_SERIES_INVENTORY.tsv	Missing description	no	no	yes	Derived metric / events reconstruction
acquisition_time	reports/grating_events_recovery/dicom_resolution/DICOM_SERIES_INVENTORY.tsv	Missing description	no	no	yes	Derived metric / events reconstruction
study_date_year_month_only	reports/grating_events_recovery/dicom_resolution/DICOM_SERIES_INVENTORY.tsv	Missing description	no	no	yes	Derived metric / events reconstruction
image_type	reports/grating_events_recovery/dicom_resolution/DICOM_SERIES_INVENTORY.tsv	Missing description	no	no	yes	Derived metric / events reconstruction
is_magnitude	reports/grating_events_recovery/dicom_resolution/DICOM_SERIES_INVENTORY.tsv	Missing description	no	no	yes	Derived metric / events reconstruction
is_phase	reports/grating_events_recovery/dicom_resolution/DICOM_SERIES_INVENTORY.tsv	Missing description	no	no	yes	Derived metric / events reconstruction
volume_count	reports/grating_events_recovery/dicom_resolution/DICOM_SERIES_INVENTORY.tsv	Missing description; Missing unit	no	no	yes	Derived metric / events reconstruction
TR	reports/grating_events_recovery/dicom_resolution/DICOM_SERIES_INVENTORY.tsv	Missing description; Missing unit	no	no	yes	Derived metric / events reconstruction
ImagingFrequency	reports/grating_events_recovery/dicom_resolution/DICOM_SERIES_INVENTORY.tsv	Missing description; Missing unit	no	no	yes	Derived metric / events reconstruction
cohort_hint	reports/grating_events_recovery/dicom_resolution/DICOM_SERIES_INVENTORY.tsv	Missing description	no	no	yes	Derived metric / events reconstruction
subject	reports/grating_events_recovery/dicom_resolution/MANUAL_REVIEW_RESOLVED.tsv	Missing description	no	no	yes	Derived metric / events reconstruction
session	reports/grating_events_recovery/dicom_resolution/MANUAL_REVIEW_RESOLVED.tsv	Missing description	no	no	yes	Derived metric / events reconstruction
matlab_fmri_number	reports/grating_events_recovery/dicom_resolution/MANUAL_REVIEW_RESOLVED.tsv	Missing description; Missing unit	no	no	yes	Derived metric / events reconstruction
selected_bids_run	reports/grating_events_recovery/dicom_resolution/MANUAL_REVIEW_RESOLVED.tsv	Missing description; Missing unit	no	no	yes	Derived metric / events reconstruction
matlab_timestamp	reports/grating_events_recovery/dicom_resolution/MANUAL_REVIEW_RESOLVED.tsv	Missing description	no	no	yes	Derived metric / events reconstruction
reason	reports/grating_events_recovery/dicom_resolution/MANUAL_REVIEW_RESOLVED.tsv	Missing description	no	no	yes	Derived metric / events reconstruction
subject	reports/grating_events_recovery/dicom_resolution/DICOM_MAPPING_DECISIONS.tsv	Missing description	no	no	yes	Derived metric / events reconstruction
session	reports/grating_events_recovery/dicom_resolution/DICOM_MAPPING_DECISIONS.tsv	Missing description	no	no	yes	Derived metric / events reconstruction
matlab_fmri_number	reports/grating_events_recovery/dicom_resolution/DICOM_MAPPING_DECISIONS.tsv	Missing description; Missing unit	no	no	yes	Derived metric / events reconstruction
matlab_timestamp	reports/grating_events_recovery/dicom_resolution/DICOM_MAPPING_DECISIONS.tsv	Missing description	no	no	yes	Derived metric / events reconstruction
candidate_run	reports/grating_events_recovery/dicom_resolution/DICOM_MAPPING_DECISIONS.tsv	Missing description; Missing unit	no	no	yes	Derived metric / events reconstruction
protocol	reports/grating_events_recovery/dicom_resolution/DICOM_MAPPING_DECISIONS.tsv	Missing description	no	no	yes	Derived metric / events reconstruction
series_number	reports/grating_events_recovery/dicom_resolution/DICOM_MAPPING_DECISIONS.tsv	Missing description; Missing unit	no	no	yes	Derived metric / events reconstruction
study_date	reports/grating_events_recovery/dicom_resolution/DICOM_MAPPING_DECISIONS.tsv	Missing description	no	no	yes	Derived metric / events reconstruction
acquisition_time	reports/grating_events_recovery/dicom_resolution/DICOM_MAPPING_DECISIONS.tsv	Missing description	no	no	yes	Derived metric / events reconstruction
magnitude	reports/grating_events_recovery/dicom_resolution/DICOM_MAPPING_DECISIONS.tsv	Missing description	no	no	yes	Derived metric / events reconstruction
volume_count	reports/grating_events_recovery/dicom_resolution/DICOM_MAPPING_DECISIONS.tsv	Missing description; Missing unit	no	no	yes	Derived metric / events reconstruction
time_difference_seconds	reports/grating_events_recovery/dicom_resolution/DICOM_MAPPING_DECISIONS.tsv	Missing description; Missing unit	no	no	yes	Derived metric / events reconstruction
score	reports/grating_events_recovery/dicom_resolution/DICOM_MAPPING_DECISIONS.tsv	Missing description; Missing unit	no	no	yes	Derived metric / events reconstruction
decision	reports/grating_events_recovery/dicom_resolution/DICOM_MAPPING_DECISIONS.tsv	Missing description	no	no	yes	Derived metric / events reconstruction
reason	reports/grating_events_recovery/dicom_resolution/DICOM_MAPPING_DECISIONS.tsv	Missing description	no	no	yes	Derived metric / events reconstruction
series_instance_uid_hash	reports/grating_events_recovery/dicom_resolution/DICOM_MAPPING_DECISIONS.tsv	Missing description	no	no	yes	Derived metric / events reconstruction
participant	reports/grating_events_recovery/sub043_dicom_resolution/INTEGRATE_SUB043_EVENTS_READY.tsv	Missing description	no	no	yes	Derived metric / events reconstruction
session	reports/grating_events_recovery/sub043_dicom_resolution/INTEGRATE_SUB043_EVENTS_READY.tsv	Missing description	no	no	yes	Derived metric / events reconstruction
fmri_number	reports/grating_events_recovery/sub043_dicom_resolution/INTEGRATE_SUB043_EVENTS_READY.tsv	Missing description; Missing unit	no	no	yes	Derived metric / events reconstruction
matlab_source	reports/grating_events_recovery/sub043_dicom_resolution/INTEGRATE_SUB043_EVENTS_READY.tsv	Missing description	no	no	yes	Derived metric / events reconstruction
bids_target_run	reports/grating_events_recovery/sub043_dicom_resolution/INTEGRATE_SUB043_EVENTS_READY.tsv	Missing description; Missing unit	no	no	yes	Derived metric / events reconstruction
events_source	reports/grating_events_recovery/sub043_dicom_resolution/INTEGRATE_SUB043_EVENTS_READY.tsv	Missing description	no	no	yes	Derived metric / events reconstruction
decision_reason	reports/grating_events_recovery/sub043_dicom_resolution/INTEGRATE_SUB043_EVENTS_READY.tsv	Missing description	no	no	yes	Derived metric / events reconstruction
events_destination_name	reports/grating_events_recovery/sub043_dicom_resolution/INTEGRATE_SUB043_EVENTS_READY.tsv	Missing description	no	no	yes	Derived metric / events reconstruction
SeriesUID	reports/grating_events_recovery/sub043_dicom_resolution/DICOM_SERIES_INVENTORY.tsv	Missing description	no	no	yes	Derived metric / events reconstruction
SeriesNumber	reports/grating_events_recovery/sub043_dicom_resolution/DICOM_SERIES_INVENTORY.tsv	Missing description; Missing unit	no	no	yes	Derived metric / events reconstruction
SeriesTime	reports/grating_events_recovery/sub043_dicom_resolution/DICOM_SERIES_INVENTORY.tsv	Missing description; Missing unit	no	no	yes	Derived metric / events reconstruction
ProtocolName	reports/grating_events_recovery/sub043_dicom_resolution/DICOM_SERIES_INVENTORY.tsv	Missing description	no	no	yes	Derived metric / events reconstruction
n_instances	reports/grating_events_recovery/sub043_dicom_resolution/DICOM_SERIES_INVENTORY.tsv	Missing description; Missing unit	no	no	yes	Derived metric / events reconstruction
matched_bids_run	reports/grating_events_recovery/sub043_dicom_resolution/DICOM_SERIES_INVENTORY.tsv	Missing description; Missing unit	no	no	yes	Derived metric / events reconstruction
SeriesTime_HHMMSS	reports/grating_events_recovery/sub043_dicom_resolution/DICOM_SERIES_INVENTORY.tsv	Missing description	no	no	yes	Derived metric / events reconstruction
AcquisitionTime	reports/grating_events_recovery/sub043_dicom_resolution/DICOM_SERIES_INVENTORY.tsv	Missing description; Missing unit	no	no	yes	Derived metric / events reconstruction
InstanceCreationTime	reports/grating_events_recovery/sub043_dicom_resolution/DICOM_SERIES_INVENTORY.tsv	Missing description; Missing unit	no	no	yes	Derived metric / events reconstruction
SeriesDescription	reports/grating_events_recovery/sub043_dicom_resolution/DICOM_SERIES_INVENTORY.tsv	Missing description	no	no	yes	Derived metric / events reconstruction
ImageType	reports/grating_events_recovery/sub043_dicom_resolution/DICOM_SERIES_INVENTORY.tsv	Missing description	no	no	yes	Derived metric / events reconstruction
mag_or_phase	reports/grating_events_recovery/sub043_dicom_resolution/DICOM_SERIES_INVENTORY.tsv	Missing description	no	no	yes	Derived metric / events reconstruction
ImagingFrequency	reports/grating_events_recovery/sub043_dicom_resolution/DICOM_SERIES_INVENTORY.tsv	Missing description; Missing unit	no	no	yes	Derived metric / events reconstruction
dicom_cohort	reports/grating_events_recovery/sub043_dicom_resolution/DICOM_SERIES_INVENTORY.tsv	Missing description	no	no	yes	Derived metric / events reconstruction
series_dir	reports/grating_events_recovery/sub043_dicom_resolution/DICOM_SERIES_INVENTORY.tsv	Missing description	no	no	yes	Derived metric / events reconstruction
StudyDate	reports/grating_events_recovery/sub043_dicom_resolution/DICOM_SERIES_INVENTORY.tsv	Missing description; Missing unit	no	no	yes	Derived metric / events reconstruction
participant	reports/grating_events_recovery/sub043_dicom_resolution/SUB043_DICOM_DECISION.tsv	Missing description	no	no	yes	Derived metric / events reconstruction
session	reports/grating_events_recovery/sub043_dicom_resolution/SUB043_DICOM_DECISION.tsv	Missing description	no	no	yes	Derived metric / events reconstruction
fmri_number	reports/grating_events_recovery/sub043_dicom_resolution/SUB043_DICOM_DECISION.tsv	Missing description; Missing unit	no	no	yes	Derived metric / events reconstruction
decision	reports/grating_events_recovery/sub043_dicom_resolution/SUB043_DICOM_DECISION.tsv	Missing description	no	no	yes	Derived metric / events reconstruction
selected_bids_run	reports/grating_events_recovery/sub043_dicom_resolution/SUB043_DICOM_DECISION.tsv	Missing description; Missing unit	no	no	yes	Derived metric / events reconstruction
SeriesUID	reports/grating_events_recovery/sub043_dicom_resolution/SUB043_DICOM_DECISION.tsv	Missing description	no	no	yes	Derived metric / events reconstruction
SeriesNumber	reports/grating_events_recovery/sub043_dicom_resolution/SUB043_DICOM_DECISION.tsv	Missing description; Missing unit	no	no	yes	Derived metric / events reconstruction
SeriesTime	reports/grating_events_recovery/sub043_dicom_resolution/SUB043_DICOM_DECISION.tsv	Missing description	no	no	yes	Derived metric / events reconstruction
dicom_cohort	reports/grating_events_recovery/sub043_dicom_resolution/SUB043_DICOM_DECISION.tsv	Missing description	no	no	yes	Derived metric / events reconstruction
rejected_twin_run	reports/grating_events_recovery/sub043_dicom_resolution/SUB043_DICOM_DECISION.tsv	Missing description; Missing unit	no	no	yes	Derived metric / events reconstruction
reason	reports/grating_events_recovery/sub043_dicom_resolution/SUB043_DICOM_DECISION.tsv	Missing description	no	no	yes	Derived metric / events reconstruction
matlab_timestamp	reports/grating_events_recovery/sub043_dicom_resolution/SUB043_DICOM_DECISION.tsv	Missing description	no	no	yes	Derived metric / events reconstruction
bids_run	reports/grating_events_recovery/sub043_dicom_resolution/BIDS_TO_DICOM_MATCH.tsv	Missing description; Missing unit	no	no	yes	Derived metric / events reconstruction
bids_ProtocolName	reports/grating_events_recovery/sub043_dicom_resolution/BIDS_TO_DICOM_MATCH.tsv	Missing description	no	no	yes	Derived metric / events reconstruction
bids_ImagingFrequency	reports/grating_events_recovery/sub043_dicom_resolution/BIDS_TO_DICOM_MATCH.tsv	Missing description; Missing unit	no	no	yes	Derived metric / events reconstruction
bids_SeriesNumber_json	reports/grating_events_recovery/sub043_dicom_resolution/BIDS_TO_DICOM_MATCH.tsv	Missing description; Missing unit	no	no	yes	Derived metric / events reconstruction
matched_SeriesUID	reports/grating_events_recovery/sub043_dicom_resolution/BIDS_TO_DICOM_MATCH.tsv	Missing description	no	no	yes	Derived metric / events reconstruction
matched_SeriesNumber	reports/grating_events_recovery/sub043_dicom_resolution/BIDS_TO_DICOM_MATCH.tsv	Missing description; Missing unit	no	no	yes	Derived metric / events reconstruction
matched_SeriesTime	reports/grating_events_recovery/sub043_dicom_resolution/BIDS_TO_DICOM_MATCH.tsv	Missing description	no	no	yes	Derived metric / events reconstruction
matched_cohort	reports/grating_events_recovery/sub043_dicom_resolution/BIDS_TO_DICOM_MATCH.tsv	Missing description	no	no	yes	Derived metric / events reconstruction
matched_dir	reports/grating_events_recovery/sub043_dicom_resolution/BIDS_TO_DICOM_MATCH.tsv	Missing description	no	no	yes	Derived metric / events reconstruction
matched_mag_or_phase	reports/grating_events_recovery/sub043_dicom_resolution/BIDS_TO_DICOM_MATCH.tsv	Missing description	no	no	yes	Derived metric / events reconstruction
participant_id	reports/grating_events_recovery/final_review/FINAL_MAPPING_DECISION.tsv	Missing description	no	no	yes	Derived metric / events reconstruction
session_id	reports/grating_events_recovery/final_review/FINAL_MAPPING_DECISION.tsv	Missing description	no	no	yes	Derived metric / events reconstruction
fmri_number	reports/grating_events_recovery/final_review/FINAL_MAPPING_DECISION.tsv	Missing description; Missing unit	no	no	yes	Derived metric / events reconstruction
selected_bold_run	reports/grating_events_recovery/final_review/FINAL_MAPPING_DECISION.tsv	Missing description; Missing unit	no	no	yes	Derived metric / events reconstruction
matlab_file	reports/grating_events_recovery/final_review/FINAL_MAPPING_DECISION.tsv	Missing description	no	no	yes	Derived metric / events reconstruction
bold_file	reports/grating_events_recovery/final_review/FINAL_MAPPING_DECISION.tsv	Missing description	no	no	yes	Derived metric / events reconstruction
decision	reports/grating_events_recovery/final_review/FINAL_MAPPING_DECISION.tsv	Missing description	no	no	yes	Derived metric / events reconstruction
confidence	reports/grating_events_recovery/final_review/FINAL_MAPPING_DECISION.tsv	Missing description	no	no	yes	Derived metric / events reconstruction
reason	reports/grating_events_recovery/final_review/FINAL_MAPPING_DECISION.tsv	Missing description	no	no	yes	Derived metric / events reconstruction
volume_count	reports/grating_events_recovery/final_review/FINAL_MAPPING_DECISION.tsv	Missing description; Missing unit	no	no	yes	Derived metric / events reconstruction
matlab_trigger_count	reports/grating_events_recovery/final_review/FINAL_MAPPING_DECISION.tsv	Missing description; Missing unit	no	no	yes	Derived metric / events reconstruction
duration_match	reports/grating_events_recovery/final_review/FINAL_MAPPING_DECISION.tsv	Missing description	no	no	yes	Derived metric / events reconstruction
duplicate_case	reports/grating_events_recovery/final_review/FINAL_MAPPING_DECISION.tsv	Missing description	no	no	yes	Derived metric / events reconstruction
review_required	reports/grating_events_recovery/final_review/FINAL_MAPPING_DECISION.tsv	Missing description	no	no	yes	Derived metric / events reconstruction
proposed_run_in_recommend	reports/grating_events_recovery/final_review/FINAL_MAPPING_DECISION.tsv	Missing description; Missing unit	no	no	yes	Derived metric / events reconstruction
ProtocolName	reports/grating_events_recovery/final_review/FINAL_MAPPING_DECISION.tsv	Missing description	no	no	yes	Derived metric / events reconstruction
SeriesNumber	reports/grating_events_recovery/final_review/FINAL_MAPPING_DECISION.tsv	Missing description; Missing unit	no	no	yes	Derived metric / events reconstruction
run_changed_from_recommend	reports/grating_events_recovery/final_review/FINAL_MAPPING_DECISION.tsv	Missing description	no	no	yes	Derived metric / events reconstruction
events_source	reports/grating_events_recovery/final_review/FINAL_MAPPING_DECISION.tsv	Missing description	no	no	yes	Derived metric / events reconstruction
n_bold_candidates	reports/grating_events_recovery/final_review/FINAL_MAPPING_DECISION.tsv	Missing description; Missing unit	no	no	yes	Derived metric / events reconstruction
participant	reports/grating_events_recovery/final_review/manual_resolution/candidate_bold_sub043.tsv	Missing description	no	no	yes	Derived metric / events reconstruction
session	reports/grating_events_recovery/final_review/manual_resolution/candidate_bold_sub043.tsv	Missing description	no	no	yes	Derived metric / events reconstruction
bids_run	reports/grating_events_recovery/final_review/manual_resolution/candidate_bold_sub043.tsv	Missing description; Missing unit	no	no	yes	Derived metric / events reconstruction
protocol_name	reports/grating_events_recovery/final_review/manual_resolution/candidate_bold_sub043.tsv	Missing description	no	no	yes	Derived metric / events reconstruction
series_number	reports/grating_events_recovery/final_review/manual_resolution/candidate_bold_sub043.tsv	Missing description; Missing unit	no	no	yes	Derived metric / events reconstruction
n_volumes	reports/grating_events_recovery/final_review/manual_resolution/candidate_bold_sub043.tsv	Missing description; Missing unit	no	no	yes	Derived metric / events reconstruction
TR	reports/grating_events_recovery/final_review/manual_resolution/candidate_bold_sub043.tsv	Missing description; Missing unit	no	no	yes	Derived metric / events reconstruction
duration_seconds	reports/grating_events_recovery/final_review/manual_resolution/candidate_bold_sub043.tsv	Missing description; Missing unit	no	no	yes	Derived metric / events reconstruction
acquisition_time	reports/grating_events_recovery/final_review/manual_resolution/candidate_bold_sub043.tsv	Missing description	no	no	no	Derived metric / events reconstruction
ImagingFrequency	reports/grating_events_recovery/final_review/manual_resolution/candidate_bold_sub043.tsv	Missing description; Missing unit	no	no	yes	Derived metric / events reconstruction
nifti_bytes	reports/grating_events_recovery/final_review/manual_resolution/candidate_bold_sub043.tsv	Missing description; Missing unit	no	no	yes	Derived metric / events reconstruction
fmri_number	reports/grating_events_recovery/final_review/manual_resolution/sub043_mapping_scores.tsv	Missing description; Missing unit	no	no	yes	Derived metric / events reconstruction
candidate_run	reports/grating_events_recovery/final_review/manual_resolution/sub043_mapping_scores.tsv	Missing description; Missing unit	no	no	yes	Derived metric / events reconstruction
score	reports/grating_events_recovery/final_review/manual_resolution/sub043_mapping_scores.tsv	Missing description; Missing unit	no	no	yes	Derived metric / events reconstruction
decision	reports/grating_events_recovery/final_review/manual_resolution/sub043_mapping_scores.tsv	Missing description	no	no	yes	Derived metric / events reconstruction
reason	reports/grating_events_recovery/final_review/manual_resolution/sub043_mapping_scores.tsv	Missing description	no	no	yes	Derived metric / events reconstruction
series_number	reports/grating_events_recovery/final_review/manual_resolution/sub043_mapping_scores.tsv	Missing description; Missing unit	no	no	yes	Derived metric / events reconstruction
n_volumes	reports/grating_events_recovery/final_review/manual_resolution/sub043_mapping_scores.tsv	Missing description; Missing unit	no	no	yes	Derived metric / events reconstruction
nifti_bytes	reports/grating_events_recovery/final_review/manual_resolution/sub043_mapping_scores.tsv	Missing description; Missing unit	no	no	yes	Derived metric / events reconstruction
ImagingFrequency	reports/grating_events_recovery/final_review/manual_resolution/sub043_mapping_scores.tsv	Missing description; Missing unit	no	no	yes	Derived metric / events reconstruction
fmri_number	reports/grating_events_recovery/final_review/manual_resolution/matlab_candidates_sub043.tsv	Missing description; Missing unit	no	no	yes	Derived metric / events reconstruction
mat_file	reports/grating_events_recovery/final_review/manual_resolution/matlab_candidates_sub043.tsv	Missing description	no	no	yes	Derived metric / events reconstruction
sha256	reports/grating_events_recovery/final_review/manual_resolution/matlab_candidates_sub043.tsv	Missing description	no	no	yes	Derived metric / events reconstruction
trigger_count	reports/grating_events_recovery/final_review/manual_resolution/matlab_candidates_sub043.tsv	Missing description; Missing unit	no	no	yes	Derived metric / events reconstruction
duration_seconds	reports/grating_events_recovery/final_review/manual_resolution/matlab_candidates_sub043.tsv	Missing description; Missing unit	no	no	yes	Derived metric / events reconstruction
matlab_timestamp	reports/grating_events_recovery/final_review/manual_resolution/matlab_candidates_sub043.tsv	Missing description	no	no	no	Derived metric / events reconstruction
selected_run_is	reports/grating_events_recovery/final_review/manual_resolution/matlab_candidates_sub043.tsv	Missing description; Missing unit	no	no	yes	Derived metric / events reconstruction
participant	reports/grating_events_recovery/final_review/manual_resolution/FINAL_SUB043_DECISION.tsv	Missing description	no	no	yes	Derived metric / events reconstruction
session	reports/grating_events_recovery/final_review/manual_resolution/FINAL_SUB043_DECISION.tsv	Missing description	no	no	yes	Derived metric / events reconstruction
fmri_number	reports/grating_events_recovery/final_review/manual_resolution/FINAL_SUB043_DECISION.tsv	Missing description; Missing unit	no	no	yes	Derived metric / events reconstruction
selected_bids_run	reports/grating_events_recovery/final_review/manual_resolution/FINAL_SUB043_DECISION.tsv	Missing description	no	no	no	Derived metric / events reconstruction
tied_candidate_runs	reports/grating_events_recovery/final_review/manual_resolution/FINAL_SUB043_DECISION.tsv	Missing description	no	no	yes	Derived metric / events reconstruction
decision	reports/grating_events_recovery/final_review/manual_resolution/FINAL_SUB043_DECISION.tsv	Missing description	no	no	yes	Derived metric / events reconstruction
score	reports/grating_events_recovery/final_review/manual_resolution/FINAL_SUB043_DECISION.tsv	Missing description; Missing unit	no	no	yes	Derived metric / events reconstruction
reason	reports/grating_events_recovery/final_review/manual_resolution/FINAL_SUB043_DECISION.tsv	Missing description	no	no	yes	Derived metric / events reconstruction
matlab_file	reports/grating_events_recovery/final_review/manual_resolution/FINAL_SUB043_DECISION.tsv	Missing description	no	no	yes	Derived metric / events reconstruction
trigger_count	reports/grating_events_recovery/final_review/manual_resolution/FINAL_SUB043_DECISION.tsv	Missing description; Missing unit	no	no	yes	Derived metric / events reconstruction
matlab_duration	reports/grating_events_recovery/final_review/manual_resolution/FINAL_SUB043_DECISION.tsv	Missing description; Missing unit	no	no	yes	Derived metric / events reconstruction
matlab_timestamp	reports/grating_events_recovery/final_review/manual_resolution/FINAL_SUB043_DECISION.tsv	Missing description	no	no	no	Derived metric / events reconstruction
sha256	reports/grating_events_recovery/final_review/manual_resolution/FINAL_SUB043_DECISION.tsv	Missing description	no	no	yes	Derived metric / events reconstruction
participant_id	reports/grating_events_recovery/final_review/INTEGRATE_EVENTS_READY.tsv	Missing description	no	no	yes	Derived metric / events reconstruction
session_id	reports/grating_events_recovery/final_review/INTEGRATE_EVENTS_READY.tsv	Missing description	no	no	yes	Derived metric / events reconstruction
run	reports/grating_events_recovery/final_review/INTEGRATE_EVENTS_READY.tsv	Missing description; Missing unit	no	no	yes	Derived metric / events reconstruction
fmri_number	reports/grating_events_recovery/final_review/INTEGRATE_EVENTS_READY.tsv	Missing description; Missing unit	no	no	yes	Derived metric / events reconstruction
bold_destination	reports/grating_events_recovery/final_review/INTEGRATE_EVENTS_READY.tsv	Missing description	no	no	yes	Derived metric / events reconstruction
events_tsv_source	reports/grating_events_recovery/final_review/INTEGRATE_EVENTS_READY.tsv	Missing description	no	no	yes	Derived metric / events reconstruction
events_destination_name	reports/grating_events_recovery/final_review/INTEGRATE_EVENTS_READY.tsv	Missing description	no	no	yes	Derived metric / events reconstruction
confidence	reports/grating_events_recovery/final_review/INTEGRATE_EVENTS_READY.tsv	Missing description	no	no	yes	Derived metric / events reconstruction
reason	reports/grating_events_recovery/final_review/INTEGRATE_EVENTS_READY.tsv	Missing description	no	no	yes	Derived metric / events reconstruction
volume_count	reports/grating_events_recovery/final_review/INTEGRATE_EVENTS_READY.tsv	Missing description; Missing unit	no	no	yes	Derived metric / events reconstruction
matlab_trigger_count	reports/grating_events_recovery/final_review/INTEGRATE_EVENTS_READY.tsv	Missing description; Missing unit	no	no	yes	Derived metric / events reconstruction
participant_id	reports/grating_events_recovery/final_integration/MISSING_EVENTS_INVENTORY.tsv	Missing description	no	no	yes	Derived metric / events reconstruction
session_id	reports/grating_events_recovery/final_integration/MISSING_EVENTS_INVENTORY.tsv	Missing description	no	no	yes	Derived metric / events reconstruction
run	reports/grating_events_recovery/final_integration/MISSING_EVENTS_INVENTORY.tsv	Missing description; Missing unit	no	no	yes	Derived metric / events reconstruction
bold_file	reports/grating_events_recovery/final_integration/MISSING_EVENTS_INVENTORY.tsv	Missing description	no	no	yes	Derived metric / events reconstruction
ProtocolName	reports/grating_events_recovery/final_integration/MISSING_EVENTS_INVENTORY.tsv	Missing description	no	no	yes	Derived metric / events reconstruction
SeriesNumber	reports/grating_events_recovery/final_integration/MISSING_EVENTS_INVENTORY.tsv	Missing description; Missing unit	no	no	yes	Derived metric / events reconstruction
TaskName	reports/grating_events_recovery/final_integration/MISSING_EVENTS_INVENTORY.tsv	Missing description	no	no	yes	Derived metric / events reconstruction
has_events	reports/grating_events_recovery/final_integration/MISSING_EVENTS_INVENTORY.tsv	Missing description	no	no	yes	Derived metric / events reconstruction
events_file	reports/grating_events_recovery/final_integration/MISSING_EVENTS_INVENTORY.tsv	Missing description	no	no	no	Derived metric / events reconstruction
protocol_family	reports/grating_events_recovery/final_integration/MISSING_EVENTS_INVENTORY.tsv	Missing description	no	no	yes	Derived metric / events reconstruction
fmri_number	reports/grating_events_recovery/final_integration/MISSING_EVENTS_INVENTORY.tsv	Missing description; Missing unit	no	no	yes	Derived metric / events reconstruction
n_matlab_for_protocol	reports/grating_events_recovery/final_integration/MISSING_EVENTS_INVENTORY.tsv	Missing description; Missing unit	no	no	yes	Derived metric / events reconstruction
n_bold_same_protocol	reports/grating_events_recovery/final_integration/MISSING_EVENTS_INVENTORY.tsv	Missing description; Missing unit	no	no	yes	Derived metric / events reconstruction
n_twins_with_events	reports/grating_events_recovery/final_integration/MISSING_EVENTS_INVENTORY.tsv	Missing description; Missing unit	no	no	yes	Derived metric / events reconstruction
missing_reason	reports/grating_events_recovery/final_integration/MISSING_EVENTS_INVENTORY.tsv	Missing description	no	no	yes	Derived metric / events reconstruction
participant	reports/grating_events_recovery/final_integration/INTEGRATED_EVENTS.tsv	Missing description	no	no	yes	Derived metric / events reconstruction
session	reports/grating_events_recovery/final_integration/INTEGRATED_EVENTS.tsv	Missing description	no	no	yes	Derived metric / events reconstruction
fmri_number	reports/grating_events_recovery/final_integration/INTEGRATED_EVENTS.tsv	Missing description; Missing unit	no	no	yes	Derived metric / events reconstruction
selected_run	reports/grating_events_recovery/final_integration/INTEGRATED_EVENTS.tsv	Missing description; Missing unit	no	no	yes	Derived metric / events reconstruction
status	reports/grating_events_recovery/final_integration/INTEGRATED_EVENTS.tsv	Missing description	no	no	yes	Derived metric / events reconstruction
message	reports/grating_events_recovery/final_integration/INTEGRATED_EVENTS.tsv	Missing description	no	no	yes	Derived metric / events reconstruction
events_dest	reports/grating_events_recovery/final_integration/INTEGRATED_EVENTS.tsv	Missing description	no	no	yes	Derived metric / events reconstruction
events_used	reports/grating_events_recovery/final_integration/INTEGRATED_EVENTS.tsv	Missing description	no	no	yes	Derived metric / events reconstruction
matlab_sha256	reports/grating_events_recovery/final_integration/INTEGRATED_EVENTS.tsv	Missing description	no	no	yes	Derived metric / events reconstruction
n_triggers	reports/grating_events_recovery/final_integration/INTEGRATED_EVENTS.tsv	Missing description; Missing unit	no	no	yes	Derived metric / events reconstruction
n_volumes	reports/grating_events_recovery/final_integration/INTEGRATED_EVENTS.tsv	Missing description; Missing unit	no	no	yes	Derived metric / events reconstruction
origin	reports/grating_events_recovery/final_integration/INTEGRATED_EVENTS.tsv	Missing description	no	no	yes	Derived metric / events reconstruction
actions	reports/grating_events_recovery/final_integration/INTEGRATED_EVENTS.tsv	Missing description	no	no	yes	Derived metric / events reconstruction
onset	reports/grating_events_recovery/final_integration/staging_events/sub-020_ses-01_task-fmri_run-05_desc-matlabFMRI1_events.tsv	Missing description; Missing unit	no	no	yes	Derived metric / events reconstruction
duration	reports/grating_events_recovery/final_integration/staging_events/sub-020_ses-01_task-fmri_run-05_desc-matlabFMRI1_events.tsv	Missing description; Missing unit	no	no	yes	Derived metric / events reconstruction
trial_type	reports/grating_events_recovery/final_integration/staging_events/sub-020_ses-01_task-fmri_run-05_desc-matlabFMRI1_events.tsv	Missing description	no	no	yes	Derived metric / events reconstruction
onset	reports/grating_events_recovery/final_integration/staging_events/sub-024_ses-02_task-fmri_run-11_desc-matlabFMRI2_events.tsv	Missing description; Missing unit	no	no	yes	Derived metric / events reconstruction
duration	reports/grating_events_recovery/final_integration/staging_events/sub-024_ses-02_task-fmri_run-11_desc-matlabFMRI2_events.tsv	Missing description; Missing unit	no	no	yes	Derived metric / events reconstruction
trial_type	reports/grating_events_recovery/final_integration/staging_events/sub-024_ses-02_task-fmri_run-11_desc-matlabFMRI2_events.tsv	Missing description	no	no	yes	Derived metric / events reconstruction
onset	reports/grating_events_recovery/final_integration/staging_events/sub-040_ses-01_task-fmri_run-09_desc-matlabFMRI1_events.tsv	Missing description; Missing unit	no	no	yes	Derived metric / events reconstruction
duration	reports/grating_events_recovery/final_integration/staging_events/sub-040_ses-01_task-fmri_run-09_desc-matlabFMRI1_events.tsv	Missing description; Missing unit	no	no	yes	Derived metric / events reconstruction
trial_type	reports/grating_events_recovery/final_integration/staging_events/sub-040_ses-01_task-fmri_run-09_desc-matlabFMRI1_events.tsv	Missing description	no	no	yes	Derived metric / events reconstruction
onset	reports/grating_events_recovery/final_integration/staging_events/sub-043_ses-02_task-fmri_run-02_desc-matlabFMRI3_events.tsv	Missing description; Missing unit	no	no	yes	Derived metric / events reconstruction
duration	reports/grating_events_recovery/final_integration/staging_events/sub-043_ses-02_task-fmri_run-02_desc-matlabFMRI3_events.tsv	Missing description; Missing unit	no	no	yes	Derived metric / events reconstruction
trial_type	reports/grating_events_recovery/final_integration/staging_events/sub-043_ses-02_task-fmri_run-02_desc-matlabFMRI3_events.tsv	Missing description	no	no	yes	Derived metric / events reconstruction
onset	reports/grating_events_recovery/final_integration/staging_events/sub-041_ses-01_task-fmri_run-09_desc-matlabFMRI1_events.tsv	Missing description; Missing unit	no	no	yes	Derived metric / events reconstruction
duration	reports/grating_events_recovery/final_integration/staging_events/sub-041_ses-01_task-fmri_run-09_desc-matlabFMRI1_events.tsv	Missing description; Missing unit	no	no	yes	Derived metric / events reconstruction
trial_type	reports/grating_events_recovery/final_integration/staging_events/sub-041_ses-01_task-fmri_run-09_desc-matlabFMRI1_events.tsv	Missing description	no	no	yes	Derived metric / events reconstruction
onset	reports/grating_events_recovery/final_integration/staging_events/sub-040_ses-01_task-fmri_run-07_desc-matlabFMRI1_events.tsv	Missing description; Missing unit	no	no	yes	Derived metric / events reconstruction
duration	reports/grating_events_recovery/final_integration/staging_events/sub-040_ses-01_task-fmri_run-07_desc-matlabFMRI1_events.tsv	Missing description; Missing unit	no	no	yes	Derived metric / events reconstruction
trial_type	reports/grating_events_recovery/final_integration/staging_events/sub-040_ses-01_task-fmri_run-07_desc-matlabFMRI1_events.tsv	Missing description	no	no	yes	Derived metric / events reconstruction
onset	reports/grating_events_recovery/final_integration/staging_events/sub-043_ses-02_task-fmri_run-06_desc-matlabFMRI4_events.tsv	Missing description; Missing unit	no	no	yes	Derived metric / events reconstruction
duration	reports/grating_events_recovery/final_integration/staging_events/sub-043_ses-02_task-fmri_run-06_desc-matlabFMRI4_events.tsv	Missing description; Missing unit	no	no	yes	Derived metric / events reconstruction
trial_type	reports/grating_events_recovery/final_integration/staging_events/sub-043_ses-02_task-fmri_run-06_desc-matlabFMRI4_events.tsv	Missing description	no	no	yes	Derived metric / events reconstruction
onset	reports/grating_events_recovery/final_integration/staging_events/sub-011_ses-01_task-fmri_run-05_desc-matlabFMRI4_events.tsv	Missing description; Missing unit	no	no	yes	Derived metric / events reconstruction
duration	reports/grating_events_recovery/final_integration/staging_events/sub-011_ses-01_task-fmri_run-05_desc-matlabFMRI4_events.tsv	Missing description; Missing unit	no	no	yes	Derived metric / events reconstruction
trial_type	reports/grating_events_recovery/final_integration/staging_events/sub-011_ses-01_task-fmri_run-05_desc-matlabFMRI4_events.tsv	Missing description	no	no	yes	Derived metric / events reconstruction
onset	reports/grating_events_recovery/final_integration/staging_events/sub-043_ses-02_task-fmri_run-12_desc-matlabFMRI2_events.tsv	Missing description; Missing unit	no	no	yes	Derived metric / events reconstruction
duration	reports/grating_events_recovery/final_integration/staging_events/sub-043_ses-02_task-fmri_run-12_desc-matlabFMRI2_events.tsv	Missing description; Missing unit	no	no	yes	Derived metric / events reconstruction
trial_type	reports/grating_events_recovery/final_integration/staging_events/sub-043_ses-02_task-fmri_run-12_desc-matlabFMRI2_events.tsv	Missing description	no	no	yes	Derived metric / events reconstruction
onset	reports/grating_events_recovery/final_integration/staging_events/sub-038_ses-02_task-fmri_run-04_desc-matlabFMRI3_events.tsv	Missing description; Missing unit	no	no	yes	Derived metric / events reconstruction
duration	reports/grating_events_recovery/final_integration/staging_events/sub-038_ses-02_task-fmri_run-04_desc-matlabFMRI3_events.tsv	Missing description; Missing unit	no	no	yes	Derived metric / events reconstruction
trial_type	reports/grating_events_recovery/final_integration/staging_events/sub-038_ses-02_task-fmri_run-04_desc-matlabFMRI3_events.tsv	Missing description	no	no	yes	Derived metric / events reconstruction
onset	reports/grating_events_recovery/final_integration/staging_events/sub-012_ses-01_task-fmri_run-03_desc-matlabFMRI4_events.tsv	Missing description; Missing unit	no	no	yes	Derived metric / events reconstruction
duration	reports/grating_events_recovery/final_integration/staging_events/sub-012_ses-01_task-fmri_run-03_desc-matlabFMRI4_events.tsv	Missing description; Missing unit	no	no	yes	Derived metric / events reconstruction
trial_type	reports/grating_events_recovery/final_integration/staging_events/sub-012_ses-01_task-fmri_run-03_desc-matlabFMRI4_events.tsv	Missing description	no	no	yes	Derived metric / events reconstruction
onset	reports/grating_events_recovery/final_integration/staging_events/sub-024_ses-02_task-fmri_run-07_desc-matlabFMRI1_events.tsv	Missing description; Missing unit	no	no	yes	Derived metric / events reconstruction
duration	reports/grating_events_recovery/final_integration/staging_events/sub-024_ses-02_task-fmri_run-07_desc-matlabFMRI1_events.tsv	Missing description; Missing unit	no	no	yes	Derived metric / events reconstruction
trial_type	reports/grating_events_recovery/final_integration/staging_events/sub-024_ses-02_task-fmri_run-07_desc-matlabFMRI1_events.tsv	Missing description	no	no	yes	Derived metric / events reconstruction
onset	reports/grating_events_recovery/final_integration/staging_events/sub-011_ses-01_task-fmri_run-07_desc-matlabFMRI1_events.tsv	Missing description; Missing unit	no	no	yes	Derived metric / events reconstruction
duration	reports/grating_events_recovery/final_integration/staging_events/sub-011_ses-01_task-fmri_run-07_desc-matlabFMRI1_events.tsv	Missing description; Missing unit	no	no	yes	Derived metric / events reconstruction
trial_type	reports/grating_events_recovery/final_integration/staging_events/sub-011_ses-01_task-fmri_run-07_desc-matlabFMRI1_events.tsv	Missing description	no	no	yes	Derived metric / events reconstruction
participant	reports/grating_events_recovery/final_integration/INTEGRATION_PLAN.tsv	Missing description	no	no	yes	Derived metric / events reconstruction
session	reports/grating_events_recovery/final_integration/INTEGRATION_PLAN.tsv	Missing description	no	no	yes	Derived metric / events reconstruction
fmri_number	reports/grating_events_recovery/final_integration/INTEGRATION_PLAN.tsv	Missing description; Missing unit	no	no	yes	Derived metric / events reconstruction
matlab_source_basename	reports/grating_events_recovery/final_integration/INTEGRATION_PLAN.tsv	Missing description	no	no	yes	Derived metric / events reconstruction
matlab_sha256	reports/grating_events_recovery/final_integration/INTEGRATION_PLAN.tsv	Missing description	no	no	yes	Derived metric / events reconstruction
bold_target	reports/grating_events_recovery/final_integration/INTEGRATION_PLAN.tsv	Missing description	no	no	yes	Derived metric / events reconstruction
events_source	reports/grating_events_recovery/final_integration/INTEGRATION_PLAN.tsv	Missing description	no	no	yes	Derived metric / events reconstruction
selected_run	reports/grating_events_recovery/final_integration/INTEGRATION_PLAN.tsv	Missing description; Missing unit	no	no	yes	Derived metric / events reconstruction
status	reports/grating_events_recovery/final_integration/INTEGRATION_PLAN.tsv	Missing description	no	no	yes	Derived metric / events reconstruction
participant	reports/grating_events_recovery/final_integration/FAILED_EVENTS.tsv	Missing description	no	no	yes	Derived metric / events reconstruction
session	reports/grating_events_recovery/final_integration/FAILED_EVENTS.tsv	Missing description	no	no	yes	Derived metric / events reconstruction
fmri_number	reports/grating_events_recovery/final_integration/FAILED_EVENTS.tsv	Missing description; Missing unit	no	no	yes	Derived metric / events reconstruction
selected_run	reports/grating_events_recovery/final_integration/FAILED_EVENTS.tsv	Missing description; Missing unit	no	no	yes	Derived metric / events reconstruction
status	reports/grating_events_recovery/final_integration/FAILED_EVENTS.tsv	Missing description	no	no	yes	Derived metric / events reconstruction
message	reports/grating_events_recovery/final_integration/FAILED_EVENTS.tsv	Missing description	no	no	yes	Derived metric / events reconstruction
events_dest	reports/grating_events_recovery/final_integration/FAILED_EVENTS.tsv	Missing description	no	no	no	Derived metric / events reconstruction
events_used	reports/grating_events_recovery/final_integration/FAILED_EVENTS.tsv	Missing description	no	no	no	Derived metric / events reconstruction
matlab_sha256	reports/grating_events_recovery/final_integration/FAILED_EVENTS.tsv	Missing description	no	no	yes	Derived metric / events reconstruction
n_triggers	reports/grating_events_recovery/final_integration/FAILED_EVENTS.tsv	Missing description; Missing unit	no	no	yes	Derived metric / events reconstruction
n_volumes	reports/grating_events_recovery/final_integration/FAILED_EVENTS.tsv	Missing description; Missing unit	no	no	yes	Derived metric / events reconstruction
origin	reports/grating_events_recovery/final_integration/FAILED_EVENTS.tsv	Missing description	no	no	yes	Derived metric / events reconstruction
actions	reports/grating_events_recovery/final_integration/FAILED_EVENTS.tsv	Missing description	no	no	no	Derived metric / events reconstruction
participant_id	reports/grating_events_recovery/MATLAB_TRIGGER_DATABASE.tsv	Missing description	no	no	yes	Derived metric / events reconstruction
session_id	reports/grating_events_recovery/MATLAB_TRIGGER_DATABASE.tsv	Missing description	no	no	yes	Derived metric / events reconstruction
fmri_number	reports/grating_events_recovery/MATLAB_TRIGGER_DATABASE.tsv	Missing description; Missing unit	no	no	yes	Derived metric / events reconstruction
protocol_expected	reports/grating_events_recovery/MATLAB_TRIGGER_DATABASE.tsv	Missing description	no	no	yes	Derived metric / events reconstruction
n_triggers	reports/grating_events_recovery/MATLAB_TRIGGER_DATABASE.tsv	Missing description; Missing unit	no	no	yes	Derived metric / events reconstruction
trigger_duration	reports/grating_events_recovery/MATLAB_TRIGGER_DATABASE.tsv	Missing description; Missing unit	no	no	yes	Derived metric / events reconstruction
source_mat	reports/grating_events_recovery/MATLAB_TRIGGER_DATABASE.tsv	Missing description	no	no	yes	Derived metric / events reconstruction
sha256	reports/grating_events_recovery/MATLAB_TRIGGER_DATABASE.tsv	Missing description	no	no	yes	Derived metric / events reconstruction
confidence_inventory	reports/grating_events_recovery/MATLAB_TRIGGER_DATABASE.tsv	Missing description	no	no	yes	Derived metric / events reconstruction
extract_notes	reports/grating_events_recovery/MATLAB_TRIGGER_DATABASE.tsv	Missing description	no	no	yes	Derived metric / events reconstruction
participant_id	reports/grating_events_recovery/candidates/RECOMMEND_INTEGRATE.tsv	Missing description	no	no	yes	Derived metric / events reconstruction
session_id	reports/grating_events_recovery/candidates/RECOMMEND_INTEGRATE.tsv	Missing description	no	no	yes	Derived metric / events reconstruction
fmri_number	reports/grating_events_recovery/candidates/RECOMMEND_INTEGRATE.tsv	Missing description; Missing unit	no	no	yes	Derived metric / events reconstruction
bids_run	reports/grating_events_recovery/candidates/RECOMMEND_INTEGRATE.tsv	Missing description; Missing unit	no	no	yes	Derived metric / events reconstruction
ProtocolName	reports/grating_events_recovery/candidates/RECOMMEND_INTEGRATE.tsv	Missing description	no	no	yes	Derived metric / events reconstruction
SeriesNumber	reports/grating_events_recovery/candidates/RECOMMEND_INTEGRATE.tsv	Missing description; Missing unit	no	no	yes	Derived metric / events reconstruction
SeriesTime	reports/grating_events_recovery/candidates/RECOMMEND_INTEGRATE.tsv	Missing description	no	no	no	Derived metric / events reconstruction
source_mat	reports/grating_events_recovery/candidates/RECOMMEND_INTEGRATE.tsv	Missing description	no	no	yes	Derived metric / events reconstruction
sha256	reports/grating_events_recovery/candidates/RECOMMEND_INTEGRATE.tsv	Missing description	no	no	yes	Derived metric / events reconstruction
n_triggers	reports/grating_events_recovery/candidates/RECOMMEND_INTEGRATE.tsv	Missing description; Missing unit	no	no	yes	Derived metric / events reconstruction
trigger_duration	reports/grating_events_recovery/candidates/RECOMMEND_INTEGRATE.tsv	Missing description; Missing unit	no	no	yes	Derived metric / events reconstruction
protocol_expected	reports/grating_events_recovery/candidates/RECOMMEND_INTEGRATE.tsv	Missing description	no	no	yes	Derived metric / events reconstruction
nifti_path	reports/grating_events_recovery/candidates/RECOMMEND_INTEGRATE.tsv	Missing description	no	no	yes	Derived metric / events reconstruction
json_path	reports/grating_events_recovery/candidates/RECOMMEND_INTEGRATE.tsv	Missing description	no	no	yes	Derived metric / events reconstruction
gates_passed	reports/grating_events_recovery/candidates/RECOMMEND_INTEGRATE.tsv	Missing description	no	no	yes	Derived metric / events reconstruction
decision	reports/grating_events_recovery/candidates/RECOMMEND_INTEGRATE.tsv	Missing description	no	no	yes	Derived metric / events reconstruction
already_has_events_in_bids	reports/grating_events_recovery/candidates/RECOMMEND_INTEGRATE.tsv	Missing description	no	no	yes	Derived metric / events reconstruction
recommendation	reports/grating_events_recovery/candidates/RECOMMEND_INTEGRATE.tsv	Missing description	no	no	yes	Derived metric / events reconstruction
events_stem	reports/grating_events_recovery/candidates/RECOMMEND_INTEGRATE.tsv	Missing description	no	no	yes	Derived metric / events reconstruction
precomputed_events_tsv	reports/grating_events_recovery/candidates/RECOMMEND_INTEGRATE.tsv	Missing description	no	no	yes	Derived metric / events reconstruction
participant_id	reports/grating_events_recovery/candidates/MAPPING_CANDIDATES.tsv	Missing description	no	no	yes	Derived metric / events reconstruction
session_id	reports/grating_events_recovery/candidates/MAPPING_CANDIDATES.tsv	Missing description	no	no	yes	Derived metric / events reconstruction
fmri_number	reports/grating_events_recovery/candidates/MAPPING_CANDIDATES.tsv	Missing description; Missing unit	no	no	yes	Derived metric / events reconstruction
bids_run	reports/grating_events_recovery/candidates/MAPPING_CANDIDATES.tsv	Missing description; Missing unit	no	no	yes	Derived metric / events reconstruction
ProtocolName	reports/grating_events_recovery/candidates/MAPPING_CANDIDATES.tsv	Missing description	no	no	yes	Derived metric / events reconstruction
SeriesNumber	reports/grating_events_recovery/candidates/MAPPING_CANDIDATES.tsv	Missing description; Missing unit	no	no	yes	Derived metric / events reconstruction
SeriesTime	reports/grating_events_recovery/candidates/MAPPING_CANDIDATES.tsv	Missing description	no	no	no	Derived metric / events reconstruction
source_mat	reports/grating_events_recovery/candidates/MAPPING_CANDIDATES.tsv	Missing description	no	no	yes	Derived metric / events reconstruction
sha256	reports/grating_events_recovery/candidates/MAPPING_CANDIDATES.tsv	Missing description	no	no	yes	Derived metric / events reconstruction
n_triggers	reports/grating_events_recovery/candidates/MAPPING_CANDIDATES.tsv	Missing description; Missing unit	no	no	yes	Derived metric / events reconstruction
trigger_duration	reports/grating_events_recovery/candidates/MAPPING_CANDIDATES.tsv	Missing description; Missing unit	no	no	yes	Derived metric / events reconstruction
protocol_expected	reports/grating_events_recovery/candidates/MAPPING_CANDIDATES.tsv	Missing description	no	no	yes	Derived metric / events reconstruction
nifti_path	reports/grating_events_recovery/candidates/MAPPING_CANDIDATES.tsv	Missing description	no	no	yes	Derived metric / events reconstruction
json_path	reports/grating_events_recovery/candidates/MAPPING_CANDIDATES.tsv	Missing description	no	no	yes	Derived metric / events reconstruction
gates_passed	reports/grating_events_recovery/candidates/MAPPING_CANDIDATES.tsv	Missing description	no	no	yes	Derived metric / events reconstruction
decision	reports/grating_events_recovery/candidates/MAPPING_CANDIDATES.tsv	Missing description	no	no	yes	Derived metric / events reconstruction
already_has_events_in_bids	reports/grating_events_recovery/candidates/MAPPING_CANDIDATES.tsv	Missing description	no	no	yes	Derived metric / events reconstruction
recommendation	reports/grating_events_recovery/candidates/MAPPING_CANDIDATES.tsv	Missing description	no	no	yes	Derived metric / events reconstruction
events_stem	reports/grating_events_recovery/candidates/MAPPING_CANDIDATES.tsv	Missing description	no	no	yes	Derived metric / events reconstruction
precomputed_events_tsv	reports/grating_events_recovery/candidates/MAPPING_CANDIDATES.tsv	Missing description	no	no	yes	Derived metric / events reconstruction
participant_id	reports/grating_events_recovery/candidates/ALREADY_IN_BIDS.tsv	Missing description	no	no	yes	Derived metric / events reconstruction
session_id	reports/grating_events_recovery/candidates/ALREADY_IN_BIDS.tsv	Missing description	no	no	yes	Derived metric / events reconstruction
fmri_number	reports/grating_events_recovery/candidates/ALREADY_IN_BIDS.tsv	Missing description; Missing unit	no	no	yes	Derived metric / events reconstruction
bids_run	reports/grating_events_recovery/candidates/ALREADY_IN_BIDS.tsv	Missing description; Missing unit	no	no	yes	Derived metric / events reconstruction
ProtocolName	reports/grating_events_recovery/candidates/ALREADY_IN_BIDS.tsv	Missing description	no	no	yes	Derived metric / events reconstruction
SeriesNumber	reports/grating_events_recovery/candidates/ALREADY_IN_BIDS.tsv	Missing description; Missing unit	no	no	yes	Derived metric / events reconstruction
SeriesTime	reports/grating_events_recovery/candidates/ALREADY_IN_BIDS.tsv	Missing description	no	no	no	Derived metric / events reconstruction
source_mat	reports/grating_events_recovery/candidates/ALREADY_IN_BIDS.tsv	Missing description	no	no	yes	Derived metric / events reconstruction
sha256	reports/grating_events_recovery/candidates/ALREADY_IN_BIDS.tsv	Missing description	no	no	yes	Derived metric / events reconstruction
n_triggers	reports/grating_events_recovery/candidates/ALREADY_IN_BIDS.tsv	Missing description; Missing unit	no	no	yes	Derived metric / events reconstruction
trigger_duration	reports/grating_events_recovery/candidates/ALREADY_IN_BIDS.tsv	Missing description; Missing unit	no	no	yes	Derived metric / events reconstruction
protocol_expected	reports/grating_events_recovery/candidates/ALREADY_IN_BIDS.tsv	Missing description	no	no	yes	Derived metric / events reconstruction
nifti_path	reports/grating_events_recovery/candidates/ALREADY_IN_BIDS.tsv	Missing description	no	no	yes	Derived metric / events reconstruction
json_path	reports/grating_events_recovery/candidates/ALREADY_IN_BIDS.tsv	Missing description	no	no	yes	Derived metric / events reconstruction
gates_passed	reports/grating_events_recovery/candidates/ALREADY_IN_BIDS.tsv	Missing description	no	no	yes	Derived metric / events reconstruction
decision	reports/grating_events_recovery/candidates/ALREADY_IN_BIDS.tsv	Missing description	no	no	yes	Derived metric / events reconstruction
already_has_events_in_bids	reports/grating_events_recovery/candidates/ALREADY_IN_BIDS.tsv	Missing description	no	no	yes	Derived metric / events reconstruction
recommendation	reports/grating_events_recovery/candidates/ALREADY_IN_BIDS.tsv	Missing description	no	no	yes	Derived metric / events reconstruction
events_stem	reports/grating_events_recovery/candidates/ALREADY_IN_BIDS.tsv	Missing description	no	no	yes	Derived metric / events reconstruction
precomputed_events_tsv	reports/grating_events_recovery/candidates/ALREADY_IN_BIDS.tsv	Missing description	no	no	yes	Derived metric / events reconstruction
participant_id	reports/grating_events_recovery/rejected/MAPPING_REJECTED.tsv	Missing description	no	no	yes	Derived metric / events reconstruction
session_id	reports/grating_events_recovery/rejected/MAPPING_REJECTED.tsv	Missing description	no	no	yes	Derived metric / events reconstruction
fmri_number	reports/grating_events_recovery/rejected/MAPPING_REJECTED.tsv	Missing description; Missing unit	no	no	yes	Derived metric / events reconstruction
source_mat	reports/grating_events_recovery/rejected/MAPPING_REJECTED.tsv	Missing description	no	no	yes	Derived metric / events reconstruction
reason	reports/grating_events_recovery/rejected/MAPPING_REJECTED.tsv	Missing description	no	no	yes	Derived metric / events reconstruction
gates_failed	reports/grating_events_recovery/rejected/MAPPING_REJECTED.tsv	Missing description	no	no	yes	Derived metric / events reconstruction
decision	reports/grating_events_recovery/rejected/MAPPING_REJECTED.tsv	Missing description	no	no	yes	Derived metric / events reconstruction
n_triggers	reports/grating_events_recovery/rejected/MAPPING_REJECTED.tsv	Missing description; Missing unit	no	no	yes	Derived metric / events reconstruction
run	reports/grating_events_recovery/rejected/MAPPING_REJECTED.tsv	Missing description; Missing unit	no	no	yes	Derived metric / events reconstruction
ProtocolName	reports/grating_events_recovery/rejected/MAPPING_REJECTED.tsv	Missing description	no	no	yes	Derived metric / events reconstruction
SeriesNumber	reports/grating_events_recovery/rejected/MAPPING_REJECTED.tsv	Missing description; Missing unit	no	no	yes	Derived metric / events reconstruction
paired_instead_to_run	reports/grating_events_recovery/rejected/MAPPING_REJECTED.tsv	Missing description; Missing unit	no	no	yes	Derived metric / events reconstruction
matlab_sources	reports/grating_events_recovery/rejected/MAPPING_REJECTED.tsv	Missing description	no	no	yes	Derived metric / events reconstruction
participant_id	reports/grating_events_recovery/rejected/STILL_MISSING_AFTER_RECOVERY.tsv	Missing description	no	no	yes	Derived metric / events reconstruction
session_id	reports/grating_events_recovery/rejected/STILL_MISSING_AFTER_RECOVERY.tsv	Missing description	no	no	yes	Derived metric / events reconstruction
run	reports/grating_events_recovery/rejected/STILL_MISSING_AFTER_RECOVERY.tsv	Missing description; Missing unit	no	no	yes	Derived metric / events reconstruction
subject	reports/defacing_audit/defacing_image_comparison.tsv	Missing description	no	no	yes	UNKNOWN
session	reports/defacing_audit/defacing_image_comparison.tsv	Missing description	no	no	yes	UNKNOWN
changed_voxel_percentage	reports/defacing_audit/defacing_image_comparison.tsv	Missing description; Missing unit	no	no	yes	UNKNOWN
changed_voxel_count	reports/defacing_audit/defacing_image_comparison.tsv	Missing description; Missing unit	no	no	yes	UNKNOWN
mean_difference	reports/defacing_audit/defacing_image_comparison.tsv	Missing description; Missing unit	no	no	yes	UNKNOWN
max_difference	reports/defacing_audit/defacing_image_comparison.tsv	Missing description; Missing unit	no	no	yes	UNKNOWN
participant_id	metadata/participants.tsv	Missing description	no	no	yes	participants.tsv
cohort	metadata/participants.tsv	Missing description	no	no	yes	participants.tsv
sex	metadata/participants.tsv	Missing description	no	no	yes	participants.tsv
age	metadata/participants.tsv	Missing description; Missing unit	no	no	yes	participants.tsv
participant_label	metadata/mriqc_ses02_retry11_tasks.tsv	Missing description	no	no	yes	MRIQC
session_id	metadata/mriqc_ses02_retry11_tasks.tsv	Missing description; Missing unit	no	no	yes	MRIQC
n_t1w	metadata/mriqc_ses02_retry11_tasks.tsv	Missing description; Missing unit	no	no	yes	MRIQC
n_bold_mag	metadata/mriqc_ses02_retry11_tasks.tsv	Missing description; Missing unit	no	no	yes	MRIQC
participant_label	metadata/defacing_array_tasks_ses02_r11.tsv	Missing description	no	no	yes	UNKNOWN
session_id	metadata/defacing_array_tasks_ses02_r11.tsv	Missing description; Missing unit	no	no	yes	UNKNOWN
n_t1w	metadata/defacing_array_tasks_ses02_r11.tsv	Missing description; Missing unit	no	no	yes	UNKNOWN
n_flair	metadata/defacing_array_tasks_ses02_r11.tsv	Missing description; Missing unit	no	no	yes	UNKNOWN
n_tb1tfl	metadata/defacing_array_tasks_ses02_r11.tsv	Missing description; Missing unit	no	no	yes	UNKNOWN
n_anat_target	metadata/defacing_array_tasks_ses02_r11.tsv	Missing description; Missing unit	no	no	yes	UNKNOWN
participant_id	metadata/archive/participants_preview_2026-07-16T02-04-35Z.tsv	Missing description	no	no	yes	participants.tsv
cohort	metadata/archive/participants_preview_2026-07-16T02-04-35Z.tsv	Missing description	no	no	yes	participants.tsv
sex	metadata/archive/participants_preview_2026-07-16T02-04-35Z.tsv	Missing description	no	no	yes	participants.tsv
participant_id	metadata/archive/sessions_2026-07-16T01-59-53Z.tsv	Missing description	no	no	yes	UNKNOWN
session_id	metadata/archive/sessions_2026-07-16T01-59-53Z.tsv	Missing description	no	no	yes	UNKNOWN
original_path	metadata/archive/sessions_2026-07-16T01-59-53Z.tsv	Missing description	no	no	yes	UNKNOWN
cohort	metadata/archive/sessions_2026-07-16T01-59-53Z.tsv	Missing description	no	no	yes	UNKNOWN
participant_id	metadata/archive/sessions_2026-07-16T02-04-35Z.tsv	Missing description	no	no	yes	UNKNOWN
session_id	metadata/archive/sessions_2026-07-16T02-04-35Z.tsv	Missing description	no	no	yes	UNKNOWN
original_path	metadata/archive/sessions_2026-07-16T02-04-35Z.tsv	Missing description	no	no	yes	UNKNOWN
cohort	metadata/archive/sessions_2026-07-16T02-04-35Z.tsv	Missing description	no	no	yes	UNKNOWN
participant_id	metadata/archive/participants_preview_2026-07-16T01-59-53Z.tsv	Missing description	no	no	yes	participants.tsv
cohort	metadata/archive/participants_preview_2026-07-16T01-59-53Z.tsv	Missing description	no	no	yes	participants.tsv
sex	metadata/archive/participants_preview_2026-07-16T01-59-53Z.tsv	Missing description	no	no	yes	participants.tsv
participant_id	metadata/archive/sessions_2026-07-16T01-51-58Z.tsv	Missing description	no	no	yes	UNKNOWN
session_id	metadata/archive/sessions_2026-07-16T01-51-58Z.tsv	Missing description	no	no	yes	UNKNOWN
original_path	metadata/archive/sessions_2026-07-16T01-51-58Z.tsv	Missing description	no	no	yes	UNKNOWN
cohort	metadata/archive/sessions_2026-07-16T01-51-58Z.tsv	Missing description	no	no	yes	UNKNOWN
participant_id	metadata/archive/participants_preview_2026-07-16T01-51-58Z.tsv	Missing description	no	no	yes	participants.tsv
cohort	metadata/archive/participants_preview_2026-07-16T01-51-58Z.tsv	Missing description	no	no	yes	participants.tsv
sex	metadata/archive/participants_preview_2026-07-16T01-51-58Z.tsv	Missing description	no	no	yes	participants.tsv
participant_id	metadata/participants_preview.tsv	Missing description	no	no	yes	participants.tsv
cohort	metadata/participants_preview.tsv	Missing description	no	no	yes	participants.tsv
sex	metadata/participants_preview.tsv	Missing description	no	no	yes	participants.tsv
age	metadata/participants_preview.tsv	Missing description; Missing unit	no	no	yes	participants.tsv
participant_label	metadata/defacing_array_tasks.tsv	Missing description	no	no	yes	UNKNOWN
session_id	metadata/defacing_array_tasks.tsv	Missing description; Missing unit	no	no	yes	UNKNOWN
n_t1w	metadata/defacing_array_tasks.tsv	Missing description; Missing unit	no	no	yes	UNKNOWN
n_flair	metadata/defacing_array_tasks.tsv	Missing description; Missing unit	no	no	yes	UNKNOWN
n_tb1tfl	metadata/defacing_array_tasks.tsv	Missing description; Missing unit	no	no	yes	UNKNOWN
n_anat_target	metadata/defacing_array_tasks.tsv	Missing description; Missing unit	no	no	yes	UNKNOWN
participant_id	metadata/participant_age_extraction_report.tsv	Missing description	no	no	yes	UNKNOWN
cohort	metadata/participant_age_extraction_report.tsv	Missing description	no	no	yes	UNKNOWN
selected_session	metadata/participant_age_extraction_report.tsv	Missing description	no	no	yes	UNKNOWN
selected_sequence	metadata/participant_age_extraction_report.tsv	Missing description	no	no	yes	UNKNOWN
dicom_file_used	metadata/participant_age_extraction_report.tsv	Missing description	no	no	yes	UNKNOWN
age	metadata/participant_age_extraction_report.tsv	Missing description; Missing unit	no	no	yes	UNKNOWN
extraction_source	metadata/participant_age_extraction_report.tsv	Missing description	no	no	yes	UNKNOWN
status	metadata/participant_age_extraction_report.tsv	Missing description	no	no	yes	UNKNOWN
participant_id	metadata/protocol_gap_fill_tasks.tsv	Missing description	no	no	yes	UNKNOWN
session	metadata/protocol_gap_fill_tasks.tsv	Missing description	no	no	yes	UNKNOWN
canonical_subject_id	metadata/protocol_gap_fill_tasks.tsv	Missing description	no	no	yes	UNKNOWN
cohort	metadata/protocol_gap_fill_tasks.tsv	Missing description	no	no	yes	UNKNOWN
need_localizer	metadata/protocol_gap_fill_tasks.tsv	Missing description; Missing unit	no	no	yes	UNKNOWN
need_gsld75	metadata/protocol_gap_fill_tasks.tsv	Missing description; Missing unit	no	no	yes	UNKNOWN
need_resolve_pa	metadata/protocol_gap_fill_tasks.tsv	Missing description; Missing unit	no	no	yes	UNKNOWN
participant_id	metadata/participant_age.tsv	Missing description	no	no	yes	UNKNOWN
cohort	metadata/participant_age.tsv	Missing description	no	no	yes	UNKNOWN
age	metadata/participant_age.tsv	Missing description; Missing unit	no	no	yes	UNKNOWN
participant_label	metadata/mriqc_retry_partial_and_074.tsv	Missing description	no	no	yes	MRIQC
session_id	metadata/mriqc_retry_partial_and_074.tsv	Missing description; Missing unit	no	no	yes	MRIQC
n_t1w	metadata/mriqc_retry_partial_and_074.tsv	Missing description; Missing unit	no	no	yes	MRIQC
n_bold_mag	metadata/mriqc_retry_partial_and_074.tsv	Missing description; Missing unit	no	no	yes	MRIQC
note	metadata/mriqc_retry_partial_and_074.tsv	Missing description	no	no	yes	MRIQC
array_task_id	metadata/mriqc_retry_incomplete_map.tsv	Missing description; Missing unit	no	no	yes	MRIQC
subject	metadata/mriqc_retry_incomplete_map.tsv	Missing description	no	no	yes	MRIQC
session	metadata/mriqc_retry_incomplete_map.tsv	Missing description	no	no	yes	MRIQC
mriqc_t1w	metadata/mriqc_retry_incomplete_map.tsv	Missing description; Missing unit	no	no	yes	MRIQC
expected_t1w	metadata/mriqc_retry_incomplete_map.tsv	Missing description; Missing unit	no	no	yes	MRIQC
mriqc_bold	metadata/mriqc_retry_incomplete_map.tsv	Missing description; Missing unit	no	no	yes	MRIQC
expected_bold	metadata/mriqc_retry_incomplete_map.tsv	Missing description; Missing unit	no	no	yes	MRIQC
participant_label	metadata/mriqc_retry_sub047.tsv	Missing description	no	no	yes	MRIQC
session_id	metadata/mriqc_retry_sub047.tsv	Missing description; Missing unit	no	no	yes	MRIQC
n_t1w	metadata/mriqc_retry_sub047.tsv	Missing description; Missing unit	no	no	yes	MRIQC
n_bold_mag	metadata/mriqc_retry_sub047.tsv	Missing description; Missing unit	no	no	yes	MRIQC
note	metadata/mriqc_retry_sub047.tsv	Missing description	no	no	yes	MRIQC
participant_label	metadata/mriqc_array_tasks.tsv	Missing description	no	no	yes	MRIQC
session_id	metadata/mriqc_array_tasks.tsv	Missing description; Missing unit	no	no	yes	MRIQC
n_t1w	metadata/mriqc_array_tasks.tsv	Missing description; Missing unit	no	no	yes	MRIQC
n_bold_mag	metadata/mriqc_array_tasks.tsv	Missing description; Missing unit	no	no	yes	MRIQC
participant_id	metadata/sessions.tsv	Missing description	no	no	yes	UNKNOWN
session_id	metadata/sessions.tsv	Missing description	no	no	yes	UNKNOWN
original_path	metadata/sessions.tsv	Missing description	no	no	yes	UNKNOWN
cohort	metadata/sessions.tsv	Missing description	no	no	yes	UNKNOWN
