file	field_found	value	action
sub-001/ses-01/anat/sub-001_ses-01_run-01_FLAIR.json	InstitutionalDepartmentName	"""Department"""	REMOVE
sub-001/ses-01/anat/sub-001_ses-01_run-01_T1w.json	InstitutionalDepartmentName	"""Department"""	REMOVE
sub-001/ses-01/anat/sub-001_ses-01_run-01_TB1TFL.json	InstitutionalDepartmentName	"""Department"""	REMOVE
sub-001/ses-01/anat/sub-001_ses-01_run-02_T1w.json	InstitutionalDepartmentName	"""Department"""	REMOVE
sub-001/ses-01/anat/sub-001_ses-01_run-02_TB1TFL.json	InstitutionalDepartmentName	"""Department"""	REMOVE
sub-001/ses-01/anat/sub-001_ses-01_run-03_T1w.json	InstitutionalDepartmentName	"""Department"""	REMOVE
sub-001/ses-01/dwi/sub-001_ses-01_run-01_dwi.json	InstitutionalDepartmentName	"""Department"""	REMOVE
sub-001/ses-01/dwi/sub-001_ses-01_run-02_dwi.json	InstitutionalDepartmentName	"""Department"""	REMOVE
sub-001/ses-01/dwi/sub-001_ses-01_run-05_dwi.json	InstitutionalDepartmentName	"""Department"""	REMOVE
sub-001/ses-01/fmap/sub-001_ses-01_dir-AP_run-01_epi.json	InstitutionalDepartmentName	"""Department"""	REMOVE
sub-001/ses-01/fmap/sub-001_ses-01_dir-AP_run-02_part-phase_epi.json	InstitutionalDepartmentName	"""Department"""	REMOVE
sub-001/ses-01/fmap/sub-001_ses-01_dir-AP_run-03_epi.json	InstitutionalDepartmentName	"""Department"""	REMOVE
sub-001/ses-01/fmap/sub-001_ses-01_dir-AP_run-04_part-phase_epi.json	InstitutionalDepartmentName	"""Department"""	REMOVE
sub-001/ses-01/fmap/sub-001_ses-01_dir-PA_run-01_epi.json	InstitutionalDepartmentName	"""Department"""	REMOVE
sub-001/ses-01/fmap/sub-001_ses-01_dir-PA_run-02_part-phase_epi.json	InstitutionalDepartmentName	"""Department"""	REMOVE
sub-001/ses-01/fmap/sub-001_ses-01_dir-PA_run-03_epi.json	InstitutionalDepartmentName	"""Department"""	REMOVE
sub-001/ses-01/fmap/sub-001_ses-01_dir-PA_run-04_part-phase_epi.json	InstitutionalDepartmentName	"""Department"""	REMOVE
sub-001/ses-01/func/sub-001_ses-01_task-control_run-01_bold.json	InstitutionalDepartmentName	"""Department"""	REMOVE
sub-001/ses-01/func/sub-001_ses-01_task-control_run-01_part-phase_sbref.json	InstitutionalDepartmentName	"""Department"""	REMOVE
sub-001/ses-01/func/sub-001_ses-01_task-control_run-01_sbref.json	InstitutionalDepartmentName	"""Department"""	REMOVE
sub-001/ses-01/func/sub-001_ses-01_task-control_run-02_part-phase_bold.json	InstitutionalDepartmentName	"""Department"""	REMOVE
sub-001/ses-01/func/sub-001_ses-01_task-control_run-02_part-phase_sbref.json	InstitutionalDepartmentName	"""Department"""	REMOVE
sub-001/ses-01/func/sub-001_ses-01_task-control_run-02_sbref.json	InstitutionalDepartmentName	"""Department"""	REMOVE
sub-001/ses-01/func/sub-001_ses-01_task-control_run-03_bold.json	InstitutionalDepartmentName	"""Department"""	REMOVE
sub-001/ses-01/func/sub-001_ses-01_task-control_run-03_part-phase_sbref.json	InstitutionalDepartmentName	"""Department"""	REMOVE
sub-001/ses-01/func/sub-001_ses-01_task-control_run-03_sbref.json	InstitutionalDepartmentName	"""Department"""	REMOVE
sub-001/ses-01/func/sub-001_ses-01_task-control_run-04_part-phase_bold.json	InstitutionalDepartmentName	"""Department"""	REMOVE
sub-001/ses-01/func/sub-001_ses-01_task-control_run-05_bold.json	InstitutionalDepartmentName	"""Department"""	REMOVE
sub-001/ses-01/func/sub-001_ses-01_task-control_run-06_part-phase_bold.json	InstitutionalDepartmentName	"""Department"""	REMOVE
sub-001/ses-01/func/sub-001_ses-01_task-fmri_run-01_bold.json	InstitutionalDepartmentName	"""Department"""	REMOVE
sub-001/ses-01/func/sub-001_ses-01_task-fmri_run-01_part-phase_sbref.json	InstitutionalDepartmentName	"""Department"""	REMOVE
sub-001/ses-01/func/sub-001_ses-01_task-fmri_run-01_sbref.json	InstitutionalDepartmentName	"""Department"""	REMOVE
sub-001/ses-01/func/sub-001_ses-01_task-fmri_run-02_part-phase_bold.json	InstitutionalDepartmentName	"""Department"""	REMOVE
sub-001/ses-01/func/sub-001_ses-01_task-fmri_run-02_part-phase_sbref.json	InstitutionalDepartmentName	"""Department"""	REMOVE
sub-001/ses-01/func/sub-001_ses-01_task-fmri_run-02_sbref.json	InstitutionalDepartmentName	"""Department"""	REMOVE
sub-001/ses-01/func/sub-001_ses-01_task-fmri_run-03_bold.json	InstitutionalDepartmentName	"""Department"""	REMOVE
sub-001/ses-01/func/sub-001_ses-01_task-fmri_run-03_part-phase_sbref.json	InstitutionalDepartmentName	"""Department"""	REMOVE
sub-001/ses-01/func/sub-001_ses-01_task-fmri_run-03_sbref.json	InstitutionalDepartmentName	"""Department"""	REMOVE
sub-001/ses-01/func/sub-001_ses-01_task-fmri_run-04_part-phase_bold.json	InstitutionalDepartmentName	"""Department"""	REMOVE
sub-001/ses-01/func/sub-001_ses-01_task-fmri_run-04_part-phase_sbref.json	InstitutionalDepartmentName	"""Department"""	REMOVE
sub-001/ses-01/func/sub-001_ses-01_task-fmri_run-04_sbref.json	InstitutionalDepartmentName	"""Department"""	REMOVE
sub-001/ses-01/func/sub-001_ses-01_task-fmri_run-05_bold.json	InstitutionalDepartmentName	"""Department"""	REMOVE
sub-001/ses-01/func/sub-001_ses-01_task-fmri_run-06_part-phase_bold.json	InstitutionalDepartmentName	"""Department"""	REMOVE
sub-001/ses-01/func/sub-001_ses-01_task-fmri_run-07_bold.json	InstitutionalDepartmentName	"""Department"""	REMOVE
sub-001/ses-01/func/sub-001_ses-01_task-fmri_run-08_part-phase_bold.json	InstitutionalDepartmentName	"""Department"""	REMOVE
sub-001/ses-01/func/sub-001_ses-01_task-movie_run-01_bold.json	InstitutionalDepartmentName	"""Department"""	REMOVE
sub-001/ses-01/func/sub-001_ses-01_task-movie_run-01_part-phase_sbref.json	InstitutionalDepartmentName	"""Department"""	REMOVE
sub-001/ses-01/func/sub-001_ses-01_task-movie_run-01_sbref.json	InstitutionalDepartmentName	"""Department"""	REMOVE
sub-001/ses-01/func/sub-001_ses-01_task-movie_run-02_part-phase_bold.json	InstitutionalDepartmentName	"""Department"""	REMOVE
sub-001/ses-01/func/sub-001_ses-01_task-movie_run-02_part-phase_sbref.json	InstitutionalDepartmentName	"""Department"""	REMOVE
sub-001/ses-01/func/sub-001_ses-01_task-movie_run-02_sbref.json	InstitutionalDepartmentName	"""Department"""	REMOVE
sub-001/ses-01/func/sub-001_ses-01_task-movie_run-03_bold.json	InstitutionalDepartmentName	"""Department"""	REMOVE
sub-001/ses-01/func/sub-001_ses-01_task-movie_run-03_part-phase_sbref.json	InstitutionalDepartmentName	"""Department"""	REMOVE
sub-001/ses-01/func/sub-001_ses-01_task-movie_run-03_sbref.json	InstitutionalDepartmentName	"""Department"""	REMOVE
sub-001/ses-01/func/sub-001_ses-01_task-movie_run-04_part-phase_bold.json	InstitutionalDepartmentName	"""Department"""	REMOVE
sub-001/ses-01/func/sub-001_ses-01_task-movie_run-04_part-phase_sbref.json	InstitutionalDepartmentName	"""Department"""	REMOVE
sub-001/ses-01/func/sub-001_ses-01_task-movie_run-04_sbref.json	InstitutionalDepartmentName	"""Department"""	REMOVE
sub-001/ses-01/func/sub-001_ses-01_task-movie_run-05_bold.json	InstitutionalDepartmentName	"""Department"""	REMOVE
sub-001/ses-01/func/sub-001_ses-01_task-movie_run-06_part-phase_bold.json	InstitutionalDepartmentName	"""Department"""	REMOVE
sub-001/ses-01/func/sub-001_ses-01_task-movie_run-07_bold.json	InstitutionalDepartmentName	"""Department"""	REMOVE
sub-001/ses-01/func/sub-001_ses-01_task-movie_run-08_part-phase_bold.json	InstitutionalDepartmentName	"""Department"""	REMOVE
sub-001/ses-01/func/sub-001_ses-01_task-rest_run-01_bold.json	InstitutionalDepartmentName	"""Department"""	REMOVE
sub-001/ses-01/func/sub-001_ses-01_task-rest_run-01_part-phase_sbref.json	InstitutionalDepartmentName	"""Department"""	REMOVE
sub-001/ses-01/func/sub-001_ses-01_task-rest_run-01_sbref.json	InstitutionalDepartmentName	"""Department"""	REMOVE
sub-001/ses-01/func/sub-001_ses-01_task-rest_run-02_part-phase_bold.json	InstitutionalDepartmentName	"""Department"""	REMOVE
sub-001/ses-02/anat/sub-001_ses-02_run-01_FLAIR.json	InstitutionalDepartmentName	"""Department"""	REMOVE
sub-001/ses-02/anat/sub-001_ses-02_run-01_T1w.json	InstitutionalDepartmentName	"""Department"""	REMOVE
sub-001/ses-02/anat/sub-001_ses-02_run-01_TB1TFL.json	InstitutionalDepartmentName	"""Department"""	REMOVE
sub-001/ses-02/anat/sub-001_ses-02_run-02_T1w.json	InstitutionalDepartmentName	"""Department"""	REMOVE
sub-001/ses-02/anat/sub-001_ses-02_run-02_TB1TFL.json	InstitutionalDepartmentName	"""Department"""	REMOVE
sub-001/ses-02/anat/sub-001_ses-02_run-03_T1w.json	InstitutionalDepartmentName	"""Department"""	REMOVE
sub-001/ses-02/dwi/sub-001_ses-02_run-01_dwi.json	InstitutionalDepartmentName	"""Department"""	REMOVE
sub-001/ses-02/dwi/sub-001_ses-02_run-02_dwi.json	InstitutionalDepartmentName	"""Department"""	REMOVE
sub-001/ses-02/dwi/sub-001_ses-02_run-05_dwi.json	InstitutionalDepartmentName	"""Department"""	REMOVE
sub-001/ses-02/fmap/sub-001_ses-02_dir-AP_run-01_epi.json	InstitutionalDepartmentName	"""Department"""	REMOVE
sub-001/ses-02/fmap/sub-001_ses-02_dir-AP_run-02_part-phase_epi.json	InstitutionalDepartmentName	"""Department"""	REMOVE
sub-001/ses-02/fmap/sub-001_ses-02_dir-AP_run-03_epi.json	InstitutionalDepartmentName	"""Department"""	REMOVE
sub-001/ses-02/fmap/sub-001_ses-02_dir-AP_run-04_part-phase_epi.json	InstitutionalDepartmentName	"""Department"""	REMOVE
sub-001/ses-02/fmap/sub-001_ses-02_dir-PA_run-01_epi.json	InstitutionalDepartmentName	"""Department"""	REMOVE
sub-001/ses-02/fmap/sub-001_ses-02_dir-PA_run-02_part-phase_epi.json	InstitutionalDepartmentName	"""Department"""	REMOVE
sub-001/ses-02/fmap/sub-001_ses-02_dir-PA_run-03_epi.json	InstitutionalDepartmentName	"""Department"""	REMOVE
sub-001/ses-02/fmap/sub-001_ses-02_dir-PA_run-04_part-phase_epi.json	InstitutionalDepartmentName	"""Department"""	REMOVE
sub-001/ses-02/func/sub-001_ses-02_task-control_run-01_bold.json	InstitutionalDepartmentName	"""Department"""	REMOVE
sub-001/ses-02/func/sub-001_ses-02_task-control_run-01_part-phase_sbref.json	InstitutionalDepartmentName	"""Department"""	REMOVE
sub-001/ses-02/func/sub-001_ses-02_task-control_run-01_sbref.json	InstitutionalDepartmentName	"""Department"""	REMOVE
sub-001/ses-02/func/sub-001_ses-02_task-control_run-02_part-phase_bold.json	InstitutionalDepartmentName	"""Department"""	REMOVE
sub-001/ses-02/func/sub-001_ses-02_task-control_run-02_part-phase_sbref.json	InstitutionalDepartmentName	"""Department"""	REMOVE
sub-001/ses-02/func/sub-001_ses-02_task-control_run-02_sbref.json	InstitutionalDepartmentName	"""Department"""	REMOVE
sub-001/ses-02/func/sub-001_ses-02_task-control_run-03_bold.json	InstitutionalDepartmentName	"""Department"""	REMOVE
sub-001/ses-02/func/sub-001_ses-02_task-control_run-03_part-phase_sbref.json	InstitutionalDepartmentName	"""Department"""	REMOVE
sub-001/ses-02/func/sub-001_ses-02_task-control_run-03_sbref.json	InstitutionalDepartmentName	"""Department"""	REMOVE
sub-001/ses-02/func/sub-001_ses-02_task-control_run-04_part-phase_bold.json	InstitutionalDepartmentName	"""Department"""	REMOVE
sub-001/ses-02/func/sub-001_ses-02_task-control_run-05_bold.json	InstitutionalDepartmentName	"""Department"""	REMOVE
sub-001/ses-02/func/sub-001_ses-02_task-control_run-06_part-phase_bold.json	InstitutionalDepartmentName	"""Department"""	REMOVE
sub-001/ses-02/func/sub-001_ses-02_task-fmri_run-01_bold.json	InstitutionalDepartmentName	"""Department"""	REMOVE
sub-001/ses-02/func/sub-001_ses-02_task-fmri_run-01_part-phase_sbref.json	InstitutionalDepartmentName	"""Department"""	REMOVE
sub-001/ses-02/func/sub-001_ses-02_task-fmri_run-01_sbref.json	InstitutionalDepartmentName	"""Department"""	REMOVE
sub-001/ses-02/func/sub-001_ses-02_task-fmri_run-02_part-phase_bold.json	InstitutionalDepartmentName	"""Department"""	REMOVE
sub-001/ses-02/func/sub-001_ses-02_task-fmri_run-02_part-phase_sbref.json	InstitutionalDepartmentName	"""Department"""	REMOVE
sub-001/ses-02/func/sub-001_ses-02_task-fmri_run-02_sbref.json	InstitutionalDepartmentName	"""Department"""	REMOVE
sub-001/ses-02/func/sub-001_ses-02_task-fmri_run-03_bold.json	InstitutionalDepartmentName	"""Department"""	REMOVE
sub-001/ses-02/func/sub-001_ses-02_task-fmri_run-03_part-phase_sbref.json	InstitutionalDepartmentName	"""Department"""	REMOVE
sub-001/ses-02/func/sub-001_ses-02_task-fmri_run-03_sbref.json	InstitutionalDepartmentName	"""Department"""	REMOVE
sub-001/ses-02/func/sub-001_ses-02_task-fmri_run-04_part-phase_bold.json	InstitutionalDepartmentName	"""Department"""	REMOVE
sub-001/ses-02/func/sub-001_ses-02_task-fmri_run-04_part-phase_sbref.json	InstitutionalDepartmentName	"""Department"""	REMOVE
sub-001/ses-02/func/sub-001_ses-02_task-fmri_run-04_sbref.json	InstitutionalDepartmentName	"""Department"""	REMOVE
sub-001/ses-02/func/sub-001_ses-02_task-fmri_run-05_bold.json	InstitutionalDepartmentName	"""Department"""	REMOVE
sub-001/ses-02/func/sub-001_ses-02_task-fmri_run-06_part-phase_bold.json	InstitutionalDepartmentName	"""Department"""	REMOVE
sub-001/ses-02/func/sub-001_ses-02_task-fmri_run-07_bold.json	InstitutionalDepartmentName	"""Department"""	REMOVE
sub-001/ses-02/func/sub-001_ses-02_task-fmri_run-08_part-phase_bold.json	InstitutionalDepartmentName	"""Department"""	REMOVE
sub-001/ses-02/func/sub-001_ses-02_task-movie_run-01_bold.json	InstitutionalDepartmentName	"""Department"""	REMOVE
sub-001/ses-02/func/sub-001_ses-02_task-movie_run-01_part-phase_sbref.json	InstitutionalDepartmentName	"""Department"""	REMOVE
sub-001/ses-02/func/sub-001_ses-02_task-movie_run-01_sbref.json	InstitutionalDepartmentName	"""Department"""	REMOVE
sub-001/ses-02/func/sub-001_ses-02_task-movie_run-02_part-phase_bold.json	InstitutionalDepartmentName	"""Department"""	REMOVE
sub-001/ses-02/func/sub-001_ses-02_task-movie_run-02_part-phase_sbref.json	InstitutionalDepartmentName	"""Department"""	REMOVE
sub-001/ses-02/func/sub-001_ses-02_task-movie_run-02_sbref.json	InstitutionalDepartmentName	"""Department"""	REMOVE
sub-001/ses-02/func/sub-001_ses-02_task-movie_run-03_bold.json	InstitutionalDepartmentName	"""Department"""	REMOVE
sub-001/ses-02/func/sub-001_ses-02_task-movie_run-03_part-phase_sbref.json	InstitutionalDepartmentName	"""Department"""	REMOVE
sub-001/ses-02/func/sub-001_ses-02_task-movie_run-03_sbref.json	InstitutionalDepartmentName	"""Department"""	REMOVE
sub-001/ses-02/func/sub-001_ses-02_task-movie_run-04_part-phase_bold.json	InstitutionalDepartmentName	"""Department"""	REMOVE
sub-001/ses-02/func/sub-001_ses-02_task-movie_run-04_part-phase_sbref.json	InstitutionalDepartmentName	"""Department"""	REMOVE
sub-001/ses-02/func/sub-001_ses-02_task-movie_run-04_sbref.json	InstitutionalDepartmentName	"""Department"""	REMOVE
sub-001/ses-02/func/sub-001_ses-02_task-movie_run-05_bold.json	InstitutionalDepartmentName	"""Department"""	REMOVE
sub-001/ses-02/func/sub-001_ses-02_task-movie_run-06_part-phase_bold.json	InstitutionalDepartmentName	"""Department"""	REMOVE
sub-001/ses-02/func/sub-001_ses-02_task-movie_run-07_bold.json	InstitutionalDepartmentName	"""Department"""	REMOVE
sub-001/ses-02/func/sub-001_ses-02_task-movie_run-08_part-phase_bold.json	InstitutionalDepartmentName	"""Department"""	REMOVE
sub-001/ses-02/func/sub-001_ses-02_task-rest_run-01_bold.json	InstitutionalDepartmentName	"""Department"""	REMOVE
sub-001/ses-02/func/sub-001_ses-02_task-rest_run-01_part-phase_sbref.json	InstitutionalDepartmentName	"""Department"""	REMOVE
sub-001/ses-02/func/sub-001_ses-02_task-rest_run-01_sbref.json	InstitutionalDepartmentName	"""Department"""	REMOVE
sub-001/ses-02/func/sub-001_ses-02_task-rest_run-02_part-phase_bold.json	InstitutionalDepartmentName	"""Department"""	REMOVE
sub-002/ses-01/anat/sub-002_ses-01_run-01_FLAIR.json	InstitutionalDepartmentName	"""Department"""	REMOVE
sub-002/ses-01/anat/sub-002_ses-01_run-01_T1w.json	InstitutionalDepartmentName	"""Department"""	REMOVE
sub-002/ses-01/anat/sub-002_ses-01_run-01_TB1TFL.json	InstitutionalDepartmentName	"""Department"""	REMOVE
sub-002/ses-01/anat/sub-002_ses-01_run-02_T1w.json	InstitutionalDepartmentName	"""Department"""	REMOVE
sub-002/ses-01/anat/sub-002_ses-01_run-02_TB1TFL.json	InstitutionalDepartmentName	"""Department"""	REMOVE
sub-002/ses-01/anat/sub-002_ses-01_run-03_T1w.json	InstitutionalDepartmentName	"""Department"""	REMOVE
sub-002/ses-01/dwi/sub-002_ses-01_run-01_dwi.json	InstitutionalDepartmentName	"""Department"""	REMOVE
sub-002/ses-01/dwi/sub-002_ses-01_run-02_dwi.json	InstitutionalDepartmentName	"""Department"""	REMOVE
sub-002/ses-01/dwi/sub-002_ses-01_run-05_dwi.json	InstitutionalDepartmentName	"""Department"""	REMOVE
sub-002/ses-01/fmap/sub-002_ses-01_dir-AP_run-01_epi.json	InstitutionalDepartmentName	"""Department"""	REMOVE
sub-002/ses-01/fmap/sub-002_ses-01_dir-AP_run-02_part-phase_epi.json	InstitutionalDepartmentName	"""Department"""	REMOVE
sub-002/ses-01/fmap/sub-002_ses-01_dir-AP_run-03_epi.json	InstitutionalDepartmentName	"""Department"""	REMOVE
sub-002/ses-01/fmap/sub-002_ses-01_dir-AP_run-04_part-phase_epi.json	InstitutionalDepartmentName	"""Department"""	REMOVE
sub-002/ses-01/fmap/sub-002_ses-01_dir-PA_run-01_epi.json	InstitutionalDepartmentName	"""Department"""	REMOVE
sub-002/ses-01/fmap/sub-002_ses-01_dir-PA_run-02_part-phase_epi.json	InstitutionalDepartmentName	"""Department"""	REMOVE
sub-002/ses-01/fmap/sub-002_ses-01_dir-PA_run-03_epi.json	InstitutionalDepartmentName	"""Department"""	REMOVE
sub-002/ses-01/fmap/sub-002_ses-01_dir-PA_run-04_part-phase_epi.json	InstitutionalDepartmentName	"""Department"""	REMOVE
sub-002/ses-01/func/sub-002_ses-01_task-control_run-01_bold.json	InstitutionalDepartmentName	"""Department"""	REMOVE
sub-002/ses-01/func/sub-002_ses-01_task-control_run-01_part-phase_sbref.json	InstitutionalDepartmentName	"""Department"""	REMOVE
sub-002/ses-01/func/sub-002_ses-01_task-control_run-01_sbref.json	InstitutionalDepartmentName	"""Department"""	REMOVE
sub-002/ses-01/func/sub-002_ses-01_task-control_run-02_part-phase_bold.json	InstitutionalDepartmentName	"""Department"""	REMOVE
sub-002/ses-01/func/sub-002_ses-01_task-control_run-02_part-phase_sbref.json	InstitutionalDepartmentName	"""Department"""	REMOVE
sub-002/ses-01/func/sub-002_ses-01_task-control_run-02_sbref.json	InstitutionalDepartmentName	"""Department"""	REMOVE
sub-002/ses-01/func/sub-002_ses-01_task-control_run-03_bold.json	InstitutionalDepartmentName	"""Department"""	REMOVE
sub-002/ses-01/func/sub-002_ses-01_task-control_run-03_part-phase_sbref.json	InstitutionalDepartmentName	"""Department"""	REMOVE
sub-002/ses-01/func/sub-002_ses-01_task-control_run-03_sbref.json	InstitutionalDepartmentName	"""Department"""	REMOVE
sub-002/ses-01/func/sub-002_ses-01_task-control_run-04_part-phase_bold.json	InstitutionalDepartmentName	"""Department"""	REMOVE
sub-002/ses-01/func/sub-002_ses-01_task-control_run-05_bold.json	InstitutionalDepartmentName	"""Department"""	REMOVE
sub-002/ses-01/func/sub-002_ses-01_task-control_run-06_part-phase_bold.json	InstitutionalDepartmentName	"""Department"""	REMOVE
sub-002/ses-01/func/sub-002_ses-01_task-fmri_run-01_bold.json	InstitutionalDepartmentName	"""Department"""	REMOVE
sub-002/ses-01/func/sub-002_ses-01_task-fmri_run-01_part-phase_sbref.json	InstitutionalDepartmentName	"""Department"""	REMOVE
sub-002/ses-01/func/sub-002_ses-01_task-fmri_run-01_sbref.json	InstitutionalDepartmentName	"""Department"""	REMOVE
sub-002/ses-01/func/sub-002_ses-01_task-fmri_run-02_part-phase_bold.json	InstitutionalDepartmentName	"""Department"""	REMOVE
sub-002/ses-01/func/sub-002_ses-01_task-fmri_run-02_part-phase_sbref.json	InstitutionalDepartmentName	"""Department"""	REMOVE
sub-002/ses-01/func/sub-002_ses-01_task-fmri_run-02_sbref.json	InstitutionalDepartmentName	"""Department"""	REMOVE
sub-002/ses-01/func/sub-002_ses-01_task-fmri_run-03_bold.json	InstitutionalDepartmentName	"""Department"""	REMOVE
sub-002/ses-01/func/sub-002_ses-01_task-fmri_run-03_part-phase_sbref.json	InstitutionalDepartmentName	"""Department"""	REMOVE
sub-002/ses-01/func/sub-002_ses-01_task-fmri_run-03_sbref.json	InstitutionalDepartmentName	"""Department"""	REMOVE
sub-002/ses-01/func/sub-002_ses-01_task-fmri_run-04_part-phase_bold.json	InstitutionalDepartmentName	"""Department"""	REMOVE
sub-002/ses-01/func/sub-002_ses-01_task-fmri_run-04_part-phase_sbref.json	InstitutionalDepartmentName	"""Department"""	REMOVE
sub-002/ses-01/func/sub-002_ses-01_task-fmri_run-04_sbref.json	InstitutionalDepartmentName	"""Department"""	REMOVE
sub-002/ses-01/func/sub-002_ses-01_task-fmri_run-05_bold.json	InstitutionalDepartmentName	"""Department"""	REMOVE
sub-002/ses-01/func/sub-002_ses-01_task-fmri_run-05_part-phase_sbref.json	InstitutionalDepartmentName	"""Department"""	REMOVE
sub-002/ses-01/func/sub-002_ses-01_task-fmri_run-05_sbref.json	InstitutionalDepartmentName	"""Department"""	REMOVE
sub-002/ses-01/func/sub-002_ses-01_task-fmri_run-06_part-phase_bold.json	InstitutionalDepartmentName	"""Department"""	REMOVE
sub-002/ses-01/func/sub-002_ses-01_task-fmri_run-07_bold.json	InstitutionalDepartmentName	"""Department"""	REMOVE
sub-002/ses-01/func/sub-002_ses-01_task-fmri_run-08_part-phase_bold.json	InstitutionalDepartmentName	"""Department"""	REMOVE
sub-002/ses-01/func/sub-002_ses-01_task-fmri_run-09_bold.json	InstitutionalDepartmentName	"""Department"""	REMOVE
sub-002/ses-01/func/sub-002_ses-01_task-fmri_run-10_part-phase_bold.json	InstitutionalDepartmentName	"""Department"""	REMOVE
sub-002/ses-01/func/sub-002_ses-01_task-movie_run-01_bold.json	InstitutionalDepartmentName	"""Department"""	REMOVE
sub-002/ses-01/func/sub-002_ses-01_task-movie_run-01_part-phase_sbref.json	InstitutionalDepartmentName	"""Department"""	REMOVE
sub-002/ses-01/func/sub-002_ses-01_task-movie_run-01_sbref.json	InstitutionalDepartmentName	"""Department"""	REMOVE
sub-002/ses-01/func/sub-002_ses-01_task-movie_run-02_part-phase_bold.json	InstitutionalDepartmentName	"""Department"""	REMOVE
sub-002/ses-01/func/sub-002_ses-01_task-movie_run-02_part-phase_sbref.json	InstitutionalDepartmentName	"""Department"""	REMOVE
sub-002/ses-01/func/sub-002_ses-01_task-movie_run-02_sbref.json	InstitutionalDepartmentName	"""Department"""	REMOVE
sub-002/ses-01/func/sub-002_ses-01_task-movie_run-03_bold.json	InstitutionalDepartmentName	"""Department"""	REMOVE
sub-002/ses-01/func/sub-002_ses-01_task-movie_run-03_part-phase_sbref.json	InstitutionalDepartmentName	"""Department"""	REMOVE
sub-002/ses-01/func/sub-002_ses-01_task-movie_run-03_sbref.json	InstitutionalDepartmentName	"""Department"""	REMOVE
sub-002/ses-01/func/sub-002_ses-01_task-movie_run-04_part-phase_bold.json	InstitutionalDepartmentName	"""Department"""	REMOVE
sub-002/ses-01/func/sub-002_ses-01_task-movie_run-04_part-phase_sbref.json	InstitutionalDepartmentName	"""Department"""	REMOVE
sub-002/ses-01/func/sub-002_ses-01_task-movie_run-04_sbref.json	InstitutionalDepartmentName	"""Department"""	REMOVE
sub-002/ses-01/func/sub-002_ses-01_task-movie_run-05_bold.json	InstitutionalDepartmentName	"""Department"""	REMOVE
sub-002/ses-01/func/sub-002_ses-01_task-movie_run-06_part-phase_bold.json	InstitutionalDepartmentName	"""Department"""	REMOVE
sub-002/ses-01/func/sub-002_ses-01_task-movie_run-07_bold.json	InstitutionalDepartmentName	"""Department"""	REMOVE
sub-002/ses-01/func/sub-002_ses-01_task-movie_run-08_part-phase_bold.json	InstitutionalDepartmentName	"""Department"""	REMOVE
sub-002/ses-01/func/sub-002_ses-01_task-rest_run-01_bold.json	InstitutionalDepartmentName	"""Department"""	REMOVE
sub-002/ses-01/func/sub-002_ses-01_task-rest_run-01_part-phase_sbref.json	InstitutionalDepartmentName	"""Department"""	REMOVE
sub-002/ses-01/func/sub-002_ses-01_task-rest_run-01_sbref.json	InstitutionalDepartmentName	"""Department"""	REMOVE
sub-002/ses-01/func/sub-002_ses-01_task-rest_run-02_part-phase_bold.json	InstitutionalDepartmentName	"""Department"""	REMOVE
sub-002/ses-02/anat/sub-002_ses-02_run-01_FLAIR.json	InstitutionalDepartmentName	"""Department"""	REMOVE
sub-002/ses-02/anat/sub-002_ses-02_run-01_T1w.json	InstitutionalDepartmentName	"""Department"""	REMOVE
sub-002/ses-02/anat/sub-002_ses-02_run-01_TB1TFL.json	InstitutionalDepartmentName	"""Department"""	REMOVE
sub-002/ses-02/anat/sub-002_ses-02_run-02_T1w.json	InstitutionalDepartmentName	"""Department"""	REMOVE
sub-002/ses-02/anat/sub-002_ses-02_run-02_TB1TFL.json	InstitutionalDepartmentName	"""Department"""	REMOVE
sub-002/ses-02/anat/sub-002_ses-02_run-03_T1w.json	InstitutionalDepartmentName	"""Department"""	REMOVE
sub-002/ses-02/dwi/sub-002_ses-02_run-01_dwi.json	InstitutionalDepartmentName	"""Department"""	REMOVE
sub-002/ses-02/dwi/sub-002_ses-02_run-02_dwi.json	InstitutionalDepartmentName	"""Department"""	REMOVE
sub-002/ses-02/dwi/sub-002_ses-02_run-05_dwi.json	InstitutionalDepartmentName	"""Department"""	REMOVE
sub-002/ses-02/fmap/sub-002_ses-02_dir-AP_run-01_epi.json	InstitutionalDepartmentName	"""Department"""	REMOVE
sub-002/ses-02/fmap/sub-002_ses-02_dir-AP_run-02_part-phase_epi.json	InstitutionalDepartmentName	"""Department"""	REMOVE
sub-002/ses-02/fmap/sub-002_ses-02_dir-AP_run-03_epi.json	InstitutionalDepartmentName	"""Department"""	REMOVE
sub-002/ses-02/fmap/sub-002_ses-02_dir-AP_run-04_part-phase_epi.json	InstitutionalDepartmentName	"""Department"""	REMOVE
sub-002/ses-02/fmap/sub-002_ses-02_dir-PA_run-01_epi.json	InstitutionalDepartmentName	"""Department"""	REMOVE
sub-002/ses-02/fmap/sub-002_ses-02_dir-PA_run-02_part-phase_epi.json	InstitutionalDepartmentName	"""Department"""	REMOVE
sub-002/ses-02/fmap/sub-002_ses-02_dir-PA_run-03_epi.json	InstitutionalDepartmentName	"""Department"""	REMOVE
sub-002/ses-02/fmap/sub-002_ses-02_dir-PA_run-04_part-phase_epi.json	InstitutionalDepartmentName	"""Department"""	REMOVE
sub-002/ses-02/func/sub-002_ses-02_task-control_run-01_bold.json	InstitutionalDepartmentName	"""Department"""	REMOVE
sub-002/ses-02/func/sub-002_ses-02_task-control_run-01_part-phase_sbref.json	InstitutionalDepartmentName	"""Department"""	REMOVE
sub-002/ses-02/func/sub-002_ses-02_task-control_run-01_sbref.json	InstitutionalDepartmentName	"""Department"""	REMOVE
sub-002/ses-02/func/sub-002_ses-02_task-control_run-02_part-phase_bold.json	InstitutionalDepartmentName	"""Department"""	REMOVE
sub-002/ses-02/func/sub-002_ses-02_task-control_run-02_part-phase_sbref.json	InstitutionalDepartmentName	"""Department"""	REMOVE
sub-002/ses-02/func/sub-002_ses-02_task-control_run-02_sbref.json	InstitutionalDepartmentName	"""Department"""	REMOVE
sub-002/ses-02/func/sub-002_ses-02_task-control_run-03_bold.json	InstitutionalDepartmentName	"""Department"""	REMOVE
sub-002/ses-02/func/sub-002_ses-02_task-control_run-03_part-phase_sbref.json	InstitutionalDepartmentName	"""Department"""	REMOVE
sub-002/ses-02/func/sub-002_ses-02_task-control_run-03_sbref.json	InstitutionalDepartmentName	"""Department"""	REMOVE
sub-002/ses-02/func/sub-002_ses-02_task-control_run-04_part-phase_bold.json	InstitutionalDepartmentName	"""Department"""	REMOVE
sub-002/ses-02/func/sub-002_ses-02_task-control_run-05_bold.json	InstitutionalDepartmentName	"""Department"""	REMOVE
sub-002/ses-02/func/sub-002_ses-02_task-control_run-06_part-phase_bold.json	InstitutionalDepartmentName	"""Department"""	REMOVE
sub-002/ses-02/func/sub-002_ses-02_task-fmri_run-01_bold.json	InstitutionalDepartmentName	"""Department"""	REMOVE
sub-002/ses-02/func/sub-002_ses-02_task-fmri_run-01_part-phase_sbref.json	InstitutionalDepartmentName	"""Department"""	REMOVE
sub-002/ses-02/func/sub-002_ses-02_task-fmri_run-01_sbref.json	InstitutionalDepartmentName	"""Department"""	REMOVE
sub-002/ses-02/func/sub-002_ses-02_task-fmri_run-02_part-phase_bold.json	InstitutionalDepartmentName	"""Department"""	REMOVE
sub-002/ses-02/func/sub-002_ses-02_task-fmri_run-02_part-phase_sbref.json	InstitutionalDepartmentName	"""Department"""	REMOVE
sub-002/ses-02/func/sub-002_ses-02_task-fmri_run-02_sbref.json	InstitutionalDepartmentName	"""Department"""	REMOVE
sub-002/ses-02/func/sub-002_ses-02_task-fmri_run-03_bold.json	InstitutionalDepartmentName	"""Department"""	REMOVE
sub-002/ses-02/func/sub-002_ses-02_task-fmri_run-03_part-phase_sbref.json	InstitutionalDepartmentName	"""Department"""	REMOVE
sub-002/ses-02/func/sub-002_ses-02_task-fmri_run-03_sbref.json	InstitutionalDepartmentName	"""Department"""	REMOVE
sub-002/ses-02/func/sub-002_ses-02_task-fmri_run-04_part-phase_bold.json	InstitutionalDepartmentName	"""Department"""	REMOVE
sub-002/ses-02/func/sub-002_ses-02_task-fmri_run-04_part-phase_sbref.json	InstitutionalDepartmentName	"""Department"""	REMOVE
sub-002/ses-02/func/sub-002_ses-02_task-fmri_run-04_sbref.json	InstitutionalDepartmentName	"""Department"""	REMOVE
sub-002/ses-02/func/sub-002_ses-02_task-fmri_run-05_bold.json	InstitutionalDepartmentName	"""Department"""	REMOVE
sub-002/ses-02/func/sub-002_ses-02_task-fmri_run-06_part-phase_bold.json	InstitutionalDepartmentName	"""Department"""	REMOVE
sub-002/ses-02/func/sub-002_ses-02_task-fmri_run-07_bold.json	InstitutionalDepartmentName	"""Department"""	REMOVE
sub-002/ses-02/func/sub-002_ses-02_task-fmri_run-08_part-phase_bold.json	InstitutionalDepartmentName	"""Department"""	REMOVE
sub-002/ses-02/func/sub-002_ses-02_task-movie_run-01_bold.json	InstitutionalDepartmentName	"""Department"""	REMOVE
sub-002/ses-02/func/sub-002_ses-02_task-movie_run-01_part-phase_sbref.json	InstitutionalDepartmentName	"""Department"""	REMOVE
sub-002/ses-02/func/sub-002_ses-02_task-movie_run-01_sbref.json	InstitutionalDepartmentName	"""Department"""	REMOVE
sub-002/ses-02/func/sub-002_ses-02_task-movie_run-02_part-phase_bold.json	InstitutionalDepartmentName	"""Department"""	REMOVE
sub-002/ses-02/func/sub-002_ses-02_task-movie_run-02_part-phase_sbref.json	InstitutionalDepartmentName	"""Department"""	REMOVE
sub-002/ses-02/func/sub-002_ses-02_task-movie_run-02_sbref.json	InstitutionalDepartmentName	"""Department"""	REMOVE
sub-002/ses-02/func/sub-002_ses-02_task-movie_run-03_bold.json	InstitutionalDepartmentName	"""Department"""	REMOVE
sub-002/ses-02/func/sub-002_ses-02_task-movie_run-03_part-phase_sbref.json	InstitutionalDepartmentName	"""Department"""	REMOVE
sub-002/ses-02/func/sub-002_ses-02_task-movie_run-03_sbref.json	InstitutionalDepartmentName	"""Department"""	REMOVE
sub-002/ses-02/func/sub-002_ses-02_task-movie_run-04_part-phase_bold.json	InstitutionalDepartmentName	"""Department"""	REMOVE
sub-002/ses-02/func/sub-002_ses-02_task-movie_run-04_part-phase_sbref.json	InstitutionalDepartmentName	"""Department"""	REMOVE
sub-002/ses-02/func/sub-002_ses-02_task-movie_run-04_sbref.json	InstitutionalDepartmentName	"""Department"""	REMOVE
sub-002/ses-02/func/sub-002_ses-02_task-movie_run-05_bold.json	InstitutionalDepartmentName	"""Department"""	REMOVE
sub-002/ses-02/func/sub-002_ses-02_task-movie_run-06_part-phase_bold.json	InstitutionalDepartmentName	"""Department"""	REMOVE
sub-002/ses-02/func/sub-002_ses-02_task-movie_run-07_bold.json	InstitutionalDepartmentName	"""Department"""	REMOVE
sub-002/ses-02/func/sub-002_ses-02_task-movie_run-08_part-phase_bold.json	InstitutionalDepartmentName	"""Department"""	REMOVE
sub-002/ses-02/func/sub-002_ses-02_task-rest_run-01_bold.json	InstitutionalDepartmentName	"""Department"""	REMOVE
sub-002/ses-02/func/sub-002_ses-02_task-rest_run-01_part-phase_sbref.json	InstitutionalDepartmentName	"""Department"""	REMOVE
sub-002/ses-02/func/sub-002_ses-02_task-rest_run-01_sbref.json	InstitutionalDepartmentName	"""Department"""	REMOVE
sub-002/ses-02/func/sub-002_ses-02_task-rest_run-02_part-phase_bold.json	InstitutionalDepartmentName	"""Department"""	REMOVE
sub-003/ses-01/anat/sub-003_ses-01_run-01_FLAIR.json	InstitutionalDepartmentName	"""Department"""	REMOVE
sub-003/ses-01/anat/sub-003_ses-01_run-01_T1w.json	InstitutionalDepartmentName	"""Department"""	REMOVE
sub-003/ses-01/anat/sub-003_ses-01_run-01_TB1TFL.json	InstitutionalDepartmentName	"""Department"""	REMOVE
sub-003/ses-01/anat/sub-003_ses-01_run-02_T1w.json	InstitutionalDepartmentName	"""Department"""	REMOVE
sub-003/ses-01/anat/sub-003_ses-01_run-02_TB1TFL.json	InstitutionalDepartmentName	"""Department"""	REMOVE
sub-003/ses-01/anat/sub-003_ses-01_run-03_T1w.json	InstitutionalDepartmentName	"""Department"""	REMOVE
sub-003/ses-01/dwi/sub-003_ses-01_run-01_dwi.json	InstitutionalDepartmentName	"""Department"""	REMOVE
sub-003/ses-01/dwi/sub-003_ses-01_run-02_dwi.json	InstitutionalDepartmentName	"""Department"""	REMOVE
sub-003/ses-01/dwi/sub-003_ses-01_run-05_dwi.json	InstitutionalDepartmentName	"""Department"""	REMOVE
sub-003/ses-01/fmap/sub-003_ses-01_dir-AP_run-01_epi.json	InstitutionalDepartmentName	"""Department"""	REMOVE
sub-003/ses-01/fmap/sub-003_ses-01_dir-AP_run-02_part-phase_epi.json	InstitutionalDepartmentName	"""Department"""	REMOVE
sub-003/ses-01/fmap/sub-003_ses-01_dir-AP_run-03_epi.json	InstitutionalDepartmentName	"""Department"""	REMOVE
sub-003/ses-01/fmap/sub-003_ses-01_dir-AP_run-04_part-phase_epi.json	InstitutionalDepartmentName	"""Department"""	REMOVE
sub-003/ses-01/fmap/sub-003_ses-01_dir-PA_run-01_epi.json	InstitutionalDepartmentName	"""Department"""	REMOVE
sub-003/ses-01/fmap/sub-003_ses-01_dir-PA_run-02_part-phase_epi.json	InstitutionalDepartmentName	"""Department"""	REMOVE
sub-003/ses-01/fmap/sub-003_ses-01_dir-PA_run-03_epi.json	InstitutionalDepartmentName	"""Department"""	REMOVE
sub-003/ses-01/fmap/sub-003_ses-01_dir-PA_run-04_part-phase_epi.json	InstitutionalDepartmentName	"""Department"""	REMOVE
sub-003/ses-01/func/sub-003_ses-01_task-control_run-01_bold.json	InstitutionalDepartmentName	"""Department"""	REMOVE
sub-003/ses-01/func/sub-003_ses-01_task-control_run-01_part-phase_sbref.json	InstitutionalDepartmentName	"""Department"""	REMOVE
sub-003/ses-01/func/sub-003_ses-01_task-control_run-01_sbref.json	InstitutionalDepartmentName	"""Department"""	REMOVE
sub-003/ses-01/func/sub-003_ses-01_task-control_run-02_part-phase_bold.json	InstitutionalDepartmentName	"""Department"""	REMOVE
sub-003/ses-01/func/sub-003_ses-01_task-control_run-02_part-phase_sbref.json	InstitutionalDepartmentName	"""Department"""	REMOVE
sub-003/ses-01/func/sub-003_ses-01_task-control_run-02_sbref.json	InstitutionalDepartmentName	"""Department"""	REMOVE
sub-003/ses-01/func/sub-003_ses-01_task-control_run-03_bold.json	InstitutionalDepartmentName	"""Department"""	REMOVE
sub-003/ses-01/func/sub-003_ses-01_task-control_run-03_part-phase_sbref.json	InstitutionalDepartmentName	"""Department"""	REMOVE
sub-003/ses-01/func/sub-003_ses-01_task-control_run-03_sbref.json	InstitutionalDepartmentName	"""Department"""	REMOVE
sub-003/ses-01/func/sub-003_ses-01_task-control_run-04_part-phase_bold.json	InstitutionalDepartmentName	"""Department"""	REMOVE
sub-003/ses-01/func/sub-003_ses-01_task-control_run-05_bold.json	InstitutionalDepartmentName	"""Department"""	REMOVE
sub-003/ses-01/func/sub-003_ses-01_task-control_run-06_part-phase_bold.json	InstitutionalDepartmentName	"""Department"""	REMOVE
sub-003/ses-01/func/sub-003_ses-01_task-fmri_run-01_bold.json	InstitutionalDepartmentName	"""Department"""	REMOVE
sub-003/ses-01/func/sub-003_ses-01_task-fmri_run-01_part-phase_sbref.json	InstitutionalDepartmentName	"""Department"""	REMOVE
sub-003/ses-01/func/sub-003_ses-01_task-fmri_run-01_sbref.json	InstitutionalDepartmentName	"""Department"""	REMOVE
sub-003/ses-01/func/sub-003_ses-01_task-fmri_run-02_part-phase_bold.json	InstitutionalDepartmentName	"""Department"""	REMOVE
sub-003/ses-01/func/sub-003_ses-01_task-fmri_run-02_part-phase_sbref.json	InstitutionalDepartmentName	"""Department"""	REMOVE
sub-003/ses-01/func/sub-003_ses-01_task-fmri_run-02_sbref.json	InstitutionalDepartmentName	"""Department"""	REMOVE
sub-003/ses-01/func/sub-003_ses-01_task-fmri_run-03_bold.json	InstitutionalDepartmentName	"""Department"""	REMOVE
sub-003/ses-01/func/sub-003_ses-01_task-fmri_run-03_part-phase_sbref.json	InstitutionalDepartmentName	"""Department"""	REMOVE
sub-003/ses-01/func/sub-003_ses-01_task-fmri_run-03_sbref.json	InstitutionalDepartmentName	"""Department"""	REMOVE
sub-003/ses-01/func/sub-003_ses-01_task-fmri_run-04_part-phase_bold.json	InstitutionalDepartmentName	"""Department"""	REMOVE
sub-003/ses-01/func/sub-003_ses-01_task-fmri_run-04_part-phase_sbref.json	InstitutionalDepartmentName	"""Department"""	REMOVE
sub-003/ses-01/func/sub-003_ses-01_task-fmri_run-04_sbref.json	InstitutionalDepartmentName	"""Department"""	REMOVE
sub-003/ses-01/func/sub-003_ses-01_task-fmri_run-05_bold.json	InstitutionalDepartmentName	"""Department"""	REMOVE
sub-003/ses-01/func/sub-003_ses-01_task-fmri_run-06_part-phase_bold.json	InstitutionalDepartmentName	"""Department"""	REMOVE
sub-003/ses-01/func/sub-003_ses-01_task-fmri_run-07_bold.json	InstitutionalDepartmentName	"""Department"""	REMOVE
sub-003/ses-01/func/sub-003_ses-01_task-fmri_run-08_part-phase_bold.json	InstitutionalDepartmentName	"""Department"""	REMOVE
sub-003/ses-01/func/sub-003_ses-01_task-movie_run-01_bold.json	InstitutionalDepartmentName	"""Department"""	REMOVE
sub-003/ses-01/func/sub-003_ses-01_task-movie_run-01_part-phase_sbref.json	InstitutionalDepartmentName	"""Department"""	REMOVE
sub-003/ses-01/func/sub-003_ses-01_task-movie_run-01_sbref.json	InstitutionalDepartmentName	"""Department"""	REMOVE
sub-003/ses-01/func/sub-003_ses-01_task-movie_run-02_part-phase_bold.json	InstitutionalDepartmentName	"""Department"""	REMOVE
sub-003/ses-01/func/sub-003_ses-01_task-movie_run-02_part-phase_sbref.json	InstitutionalDepartmentName	"""Department"""	REMOVE
sub-003/ses-01/func/sub-003_ses-01_task-movie_run-02_sbref.json	InstitutionalDepartmentName	"""Department"""	REMOVE
sub-003/ses-01/func/sub-003_ses-01_task-movie_run-03_bold.json	InstitutionalDepartmentName	"""Department"""	REMOVE
sub-003/ses-01/func/sub-003_ses-01_task-movie_run-03_part-phase_sbref.json	InstitutionalDepartmentName	"""Department"""	REMOVE
sub-003/ses-01/func/sub-003_ses-01_task-movie_run-03_sbref.json	InstitutionalDepartmentName	"""Department"""	REMOVE
sub-003/ses-01/func/sub-003_ses-01_task-movie_run-04_part-phase_bold.json	InstitutionalDepartmentName	"""Department"""	REMOVE
sub-003/ses-01/func/sub-003_ses-01_task-movie_run-04_part-phase_sbref.json	InstitutionalDepartmentName	"""Department"""	REMOVE
sub-003/ses-01/func/sub-003_ses-01_task-movie_run-04_sbref.json	InstitutionalDepartmentName	"""Department"""	REMOVE
sub-003/ses-01/func/sub-003_ses-01_task-movie_run-05_bold.json	InstitutionalDepartmentName	"""Department"""	REMOVE
sub-003/ses-01/func/sub-003_ses-01_task-movie_run-06_part-phase_bold.json	InstitutionalDepartmentName	"""Department"""	REMOVE
sub-003/ses-01/func/sub-003_ses-01_task-movie_run-07_bold.json	InstitutionalDepartmentName	"""Department"""	REMOVE
sub-003/ses-01/func/sub-003_ses-01_task-movie_run-08_part-phase_bold.json	InstitutionalDepartmentName	"""Department"""	REMOVE
sub-003/ses-01/func/sub-003_ses-01_task-rest_run-01_bold.json	InstitutionalDepartmentName	"""Department"""	REMOVE
sub-003/ses-01/func/sub-003_ses-01_task-rest_run-01_part-phase_sbref.json	InstitutionalDepartmentName	"""Department"""	REMOVE
sub-003/ses-01/func/sub-003_ses-01_task-rest_run-01_sbref.json	InstitutionalDepartmentName	"""Department"""	REMOVE
sub-003/ses-01/func/sub-003_ses-01_task-rest_run-02_part-phase_bold.json	InstitutionalDepartmentName	"""Department"""	REMOVE
sub-003/ses-02/anat/sub-003_ses-02_run-01_FLAIR.json	InstitutionalDepartmentName	"""Department"""	REMOVE
sub-003/ses-02/anat/sub-003_ses-02_run-01_T1w.json	InstitutionalDepartmentName	"""Department"""	REMOVE
sub-003/ses-02/anat/sub-003_ses-02_run-01_TB1TFL.json	InstitutionalDepartmentName	"""Department"""	REMOVE
sub-003/ses-02/anat/sub-003_ses-02_run-02_T1w.json	InstitutionalDepartmentName	"""Department"""	REMOVE
sub-003/ses-02/anat/sub-003_ses-02_run-02_TB1TFL.json	InstitutionalDepartmentName	"""Department"""	REMOVE
sub-003/ses-02/anat/sub-003_ses-02_run-03_T1w.json	InstitutionalDepartmentName	"""Department"""	REMOVE
sub-003/ses-02/dwi/sub-003_ses-02_run-01_dwi.json	InstitutionalDepartmentName	"""Department"""	REMOVE
sub-003/ses-02/dwi/sub-003_ses-02_run-02_dwi.json	InstitutionalDepartmentName	"""Department"""	REMOVE
sub-003/ses-02/dwi/sub-003_ses-02_run-05_dwi.json	InstitutionalDepartmentName	"""Department"""	REMOVE
sub-003/ses-02/fmap/sub-003_ses-02_dir-AP_run-01_epi.json	InstitutionalDepartmentName	"""Department"""	REMOVE
sub-003/ses-02/fmap/sub-003_ses-02_dir-AP_run-02_part-phase_epi.json	InstitutionalDepartmentName	"""Department"""	REMOVE
sub-003/ses-02/fmap/sub-003_ses-02_dir-AP_run-03_epi.json	InstitutionalDepartmentName	"""Department"""	REMOVE
sub-003/ses-02/fmap/sub-003_ses-02_dir-AP_run-04_part-phase_epi.json	InstitutionalDepartmentName	"""Department"""	REMOVE
sub-003/ses-02/fmap/sub-003_ses-02_dir-PA_run-01_epi.json	InstitutionalDepartmentName	"""Department"""	REMOVE
sub-003/ses-02/fmap/sub-003_ses-02_dir-PA_run-02_part-phase_epi.json	InstitutionalDepartmentName	"""Department"""	REMOVE
sub-003/ses-02/fmap/sub-003_ses-02_dir-PA_run-03_epi.json	InstitutionalDepartmentName	"""Department"""	REMOVE
sub-003/ses-02/fmap/sub-003_ses-02_dir-PA_run-04_part-phase_epi.json	InstitutionalDepartmentName	"""Department"""	REMOVE
sub-003/ses-02/func/sub-003_ses-02_task-control_run-01_bold.json	InstitutionalDepartmentName	"""Department"""	REMOVE
sub-003/ses-02/func/sub-003_ses-02_task-control_run-01_part-phase_sbref.json	InstitutionalDepartmentName	"""Department"""	REMOVE
sub-003/ses-02/func/sub-003_ses-02_task-control_run-01_sbref.json	InstitutionalDepartmentName	"""Department"""	REMOVE
sub-003/ses-02/func/sub-003_ses-02_task-control_run-02_part-phase_bold.json	InstitutionalDepartmentName	"""Department"""	REMOVE
sub-003/ses-02/func/sub-003_ses-02_task-control_run-02_part-phase_sbref.json	InstitutionalDepartmentName	"""Department"""	REMOVE
sub-003/ses-02/func/sub-003_ses-02_task-control_run-02_sbref.json	InstitutionalDepartmentName	"""Department"""	REMOVE
sub-003/ses-02/func/sub-003_ses-02_task-control_run-03_bold.json	InstitutionalDepartmentName	"""Department"""	REMOVE
sub-003/ses-02/func/sub-003_ses-02_task-control_run-03_part-phase_sbref.json	InstitutionalDepartmentName	"""Department"""	REMOVE
sub-003/ses-02/func/sub-003_ses-02_task-control_run-03_sbref.json	InstitutionalDepartmentName	"""Department"""	REMOVE
sub-003/ses-02/func/sub-003_ses-02_task-control_run-04_part-phase_bold.json	InstitutionalDepartmentName	"""Department"""	REMOVE
sub-003/ses-02/func/sub-003_ses-02_task-control_run-05_bold.json	InstitutionalDepartmentName	"""Department"""	REMOVE
sub-003/ses-02/func/sub-003_ses-02_task-control_run-06_part-phase_bold.json	InstitutionalDepartmentName	"""Department"""	REMOVE
sub-003/ses-02/func/sub-003_ses-02_task-fmri_run-01_bold.json	InstitutionalDepartmentName	"""Department"""	REMOVE
sub-003/ses-02/func/sub-003_ses-02_task-fmri_run-01_part-phase_sbref.json	InstitutionalDepartmentName	"""Department"""	REMOVE
sub-003/ses-02/func/sub-003_ses-02_task-fmri_run-01_sbref.json	InstitutionalDepartmentName	"""Department"""	REMOVE
sub-003/ses-02/func/sub-003_ses-02_task-fmri_run-02_part-phase_bold.json	InstitutionalDepartmentName	"""Department"""	REMOVE
sub-003/ses-02/func/sub-003_ses-02_task-fmri_run-02_part-phase_sbref.json	InstitutionalDepartmentName	"""Department"""	REMOVE
sub-003/ses-02/func/sub-003_ses-02_task-fmri_run-02_sbref.json	InstitutionalDepartmentName	"""Department"""	REMOVE
sub-003/ses-02/func/sub-003_ses-02_task-fmri_run-03_bold.json	InstitutionalDepartmentName	"""Department"""	REMOVE
sub-003/ses-02/func/sub-003_ses-02_task-fmri_run-03_part-phase_sbref.json	InstitutionalDepartmentName	"""Department"""	REMOVE
sub-003/ses-02/func/sub-003_ses-02_task-fmri_run-03_sbref.json	InstitutionalDepartmentName	"""Department"""	REMOVE
sub-003/ses-02/func/sub-003_ses-02_task-fmri_run-04_part-phase_bold.json	InstitutionalDepartmentName	"""Department"""	REMOVE
sub-003/ses-02/func/sub-003_ses-02_task-fmri_run-04_part-phase_sbref.json	InstitutionalDepartmentName	"""Department"""	REMOVE
sub-003/ses-02/func/sub-003_ses-02_task-fmri_run-04_sbref.json	InstitutionalDepartmentName	"""Department"""	REMOVE
sub-003/ses-02/func/sub-003_ses-02_task-fmri_run-05_bold.json	InstitutionalDepartmentName	"""Department"""	REMOVE
sub-003/ses-02/func/sub-003_ses-02_task-fmri_run-06_part-phase_bold.json	InstitutionalDepartmentName	"""Department"""	REMOVE
sub-003/ses-02/func/sub-003_ses-02_task-fmri_run-07_bold.json	InstitutionalDepartmentName	"""Department"""	REMOVE
sub-003/ses-02/func/sub-003_ses-02_task-fmri_run-08_part-phase_bold.json	InstitutionalDepartmentName	"""Department"""	REMOVE
sub-003/ses-02/func/sub-003_ses-02_task-movie_run-01_bold.json	InstitutionalDepartmentName	"""Department"""	REMOVE
sub-003/ses-02/func/sub-003_ses-02_task-movie_run-01_part-phase_sbref.json	InstitutionalDepartmentName	"""Department"""	REMOVE
sub-003/ses-02/func/sub-003_ses-02_task-movie_run-01_sbref.json	InstitutionalDepartmentName	"""Department"""	REMOVE
sub-003/ses-02/func/sub-003_ses-02_task-movie_run-02_part-phase_bold.json	InstitutionalDepartmentName	"""Department"""	REMOVE
sub-003/ses-02/func/sub-003_ses-02_task-movie_run-02_part-phase_sbref.json	InstitutionalDepartmentName	"""Department"""	REMOVE
sub-003/ses-02/func/sub-003_ses-02_task-movie_run-02_sbref.json	InstitutionalDepartmentName	"""Department"""	REMOVE
sub-003/ses-02/func/sub-003_ses-02_task-movie_run-03_bold.json	InstitutionalDepartmentName	"""Department"""	REMOVE
sub-003/ses-02/func/sub-003_ses-02_task-movie_run-03_part-phase_sbref.json	InstitutionalDepartmentName	"""Department"""	REMOVE
sub-003/ses-02/func/sub-003_ses-02_task-movie_run-03_sbref.json	InstitutionalDepartmentName	"""Department"""	REMOVE
sub-003/ses-02/func/sub-003_ses-02_task-movie_run-04_part-phase_bold.json	InstitutionalDepartmentName	"""Department"""	REMOVE
sub-003/ses-02/func/sub-003_ses-02_task-movie_run-04_part-phase_sbref.json	InstitutionalDepartmentName	"""Department"""	REMOVE
sub-003/ses-02/func/sub-003_ses-02_task-movie_run-04_sbref.json	InstitutionalDepartmentName	"""Department"""	REMOVE
sub-003/ses-02/func/sub-003_ses-02_task-movie_run-05_bold.json	InstitutionalDepartmentName	"""Department"""	REMOVE
sub-003/ses-02/func/sub-003_ses-02_task-movie_run-06_part-phase_bold.json	InstitutionalDepartmentName	"""Department"""	REMOVE
sub-003/ses-02/func/sub-003_ses-02_task-movie_run-07_bold.json	InstitutionalDepartmentName	"""Department"""	REMOVE
sub-003/ses-02/func/sub-003_ses-02_task-movie_run-08_part-phase_bold.json	InstitutionalDepartmentName	"""Department"""	REMOVE
sub-003/ses-02/func/sub-003_ses-02_task-rest_run-01_bold.json	InstitutionalDepartmentName	"""Department"""	REMOVE
sub-003/ses-02/func/sub-003_ses-02_task-rest_run-01_part-phase_sbref.json	InstitutionalDepartmentName	"""Department"""	REMOVE
sub-003/ses-02/func/sub-003_ses-02_task-rest_run-01_sbref.json	InstitutionalDepartmentName	"""Department"""	REMOVE
sub-003/ses-02/func/sub-003_ses-02_task-rest_run-02_part-phase_bold.json	InstitutionalDepartmentName	"""Department"""	REMOVE
sub-004/ses-01/anat/sub-004_ses-01_run-01_FLAIR.json	InstitutionalDepartmentName	"""Department"""	REMOVE
sub-004/ses-01/anat/sub-004_ses-01_run-01_T1w.json	InstitutionalDepartmentName	"""Department"""	REMOVE
sub-004/ses-01/anat/sub-004_ses-01_run-01_TB1TFL.json	InstitutionalDepartmentName	"""Department"""	REMOVE
sub-004/ses-01/anat/sub-004_ses-01_run-02_T1w.json	InstitutionalDepartmentName	"""Department"""	REMOVE
sub-004/ses-01/anat/sub-004_ses-01_run-02_TB1TFL.json	InstitutionalDepartmentName	"""Department"""	REMOVE
sub-004/ses-01/anat/sub-004_ses-01_run-03_T1w.json	InstitutionalDepartmentName	"""Department"""	REMOVE
sub-004/ses-01/dwi/sub-004_ses-01_run-01_dwi.json	InstitutionalDepartmentName	"""Department"""	REMOVE
sub-004/ses-01/dwi/sub-004_ses-01_run-02_dwi.json	InstitutionalDepartmentName	"""Department"""	REMOVE
sub-004/ses-01/dwi/sub-004_ses-01_run-05_dwi.json	InstitutionalDepartmentName	"""Department"""	REMOVE
sub-004/ses-01/fmap/sub-004_ses-01_dir-AP_run-01_epi.json	InstitutionalDepartmentName	"""Department"""	REMOVE
sub-004/ses-01/fmap/sub-004_ses-01_dir-AP_run-02_part-phase_epi.json	InstitutionalDepartmentName	"""Department"""	REMOVE
sub-004/ses-01/fmap/sub-004_ses-01_dir-AP_run-03_epi.json	InstitutionalDepartmentName	"""Department"""	REMOVE
sub-004/ses-01/fmap/sub-004_ses-01_dir-AP_run-04_part-phase_epi.json	InstitutionalDepartmentName	"""Department"""	REMOVE
sub-004/ses-01/fmap/sub-004_ses-01_dir-PA_run-01_epi.json	InstitutionalDepartmentName	"""Department"""	REMOVE
sub-004/ses-01/fmap/sub-004_ses-01_dir-PA_run-02_part-phase_epi.json	InstitutionalDepartmentName	"""Department"""	REMOVE
sub-004/ses-01/fmap/sub-004_ses-01_dir-PA_run-03_epi.json	InstitutionalDepartmentName	"""Department"""	REMOVE
sub-004/ses-01/fmap/sub-004_ses-01_dir-PA_run-04_part-phase_epi.json	InstitutionalDepartmentName	"""Department"""	REMOVE
sub-004/ses-01/func/sub-004_ses-01_task-control_run-01_bold.json	InstitutionalDepartmentName	"""Department"""	REMOVE
sub-004/ses-01/func/sub-004_ses-01_task-control_run-01_part-phase_sbref.json	InstitutionalDepartmentName	"""Department"""	REMOVE
sub-004/ses-01/func/sub-004_ses-01_task-control_run-01_sbref.json	InstitutionalDepartmentName	"""Department"""	REMOVE
sub-004/ses-01/func/sub-004_ses-01_task-control_run-02_part-phase_bold.json	InstitutionalDepartmentName	"""Department"""	REMOVE
sub-004/ses-01/func/sub-004_ses-01_task-control_run-02_part-phase_sbref.json	InstitutionalDepartmentName	"""Department"""	REMOVE
sub-004/ses-01/func/sub-004_ses-01_task-control_run-02_sbref.json	InstitutionalDepartmentName	"""Department"""	REMOVE
sub-004/ses-01/func/sub-004_ses-01_task-control_run-03_bold.json	InstitutionalDepartmentName	"""Department"""	REMOVE
sub-004/ses-01/func/sub-004_ses-01_task-control_run-03_part-phase_sbref.json	InstitutionalDepartmentName	"""Department"""	REMOVE
sub-004/ses-01/func/sub-004_ses-01_task-control_run-03_sbref.json	InstitutionalDepartmentName	"""Department"""	REMOVE
sub-004/ses-01/func/sub-004_ses-01_task-control_run-04_part-phase_bold.json	InstitutionalDepartmentName	"""Department"""	REMOVE
sub-004/ses-01/func/sub-004_ses-01_task-control_run-05_bold.json	InstitutionalDepartmentName	"""Department"""	REMOVE
sub-004/ses-01/func/sub-004_ses-01_task-control_run-06_part-phase_bold.json	InstitutionalDepartmentName	"""Department"""	REMOVE
sub-004/ses-01/func/sub-004_ses-01_task-fmri_run-01_bold.json	InstitutionalDepartmentName	"""Department"""	REMOVE
sub-004/ses-01/func/sub-004_ses-01_task-fmri_run-01_part-phase_sbref.json	InstitutionalDepartmentName	"""Department"""	REMOVE
sub-004/ses-01/func/sub-004_ses-01_task-fmri_run-01_sbref.json	InstitutionalDepartmentName	"""Department"""	REMOVE
sub-004/ses-01/func/sub-004_ses-01_task-fmri_run-02_part-phase_bold.json	InstitutionalDepartmentName	"""Department"""	REMOVE
sub-004/ses-01/func/sub-004_ses-01_task-fmri_run-02_part-phase_sbref.json	InstitutionalDepartmentName	"""Department"""	REMOVE
sub-004/ses-01/func/sub-004_ses-01_task-fmri_run-02_sbref.json	InstitutionalDepartmentName	"""Department"""	REMOVE
sub-004/ses-01/func/sub-004_ses-01_task-fmri_run-03_bold.json	InstitutionalDepartmentName	"""Department"""	REMOVE
sub-004/ses-01/func/sub-004_ses-01_task-fmri_run-03_part-phase_sbref.json	InstitutionalDepartmentName	"""Department"""	REMOVE
sub-004/ses-01/func/sub-004_ses-01_task-fmri_run-03_sbref.json	InstitutionalDepartmentName	"""Department"""	REMOVE
sub-004/ses-01/func/sub-004_ses-01_task-fmri_run-04_part-phase_bold.json	InstitutionalDepartmentName	"""Department"""	REMOVE
sub-004/ses-01/func/sub-004_ses-01_task-fmri_run-04_part-phase_sbref.json	InstitutionalDepartmentName	"""Department"""	REMOVE
sub-004/ses-01/func/sub-004_ses-01_task-fmri_run-04_sbref.json	InstitutionalDepartmentName	"""Department"""	REMOVE
sub-004/ses-01/func/sub-004_ses-01_task-fmri_run-05_bold.json	InstitutionalDepartmentName	"""Department"""	REMOVE
sub-004/ses-01/func/sub-004_ses-01_task-fmri_run-06_part-phase_bold.json	InstitutionalDepartmentName	"""Department"""	REMOVE
sub-004/ses-01/func/sub-004_ses-01_task-fmri_run-07_bold.json	InstitutionalDepartmentName	"""Department"""	REMOVE
sub-004/ses-01/func/sub-004_ses-01_task-fmri_run-08_part-phase_bold.json	InstitutionalDepartmentName	"""Department"""	REMOVE
sub-004/ses-01/func/sub-004_ses-01_task-movie_run-01_bold.json	InstitutionalDepartmentName	"""Department"""	REMOVE
sub-004/ses-01/func/sub-004_ses-01_task-movie_run-01_part-phase_sbref.json	InstitutionalDepartmentName	"""Department"""	REMOVE
sub-004/ses-01/func/sub-004_ses-01_task-movie_run-01_sbref.json	InstitutionalDepartmentName	"""Department"""	REMOVE
sub-004/ses-01/func/sub-004_ses-01_task-movie_run-02_part-phase_bold.json	InstitutionalDepartmentName	"""Department"""	REMOVE
sub-004/ses-01/func/sub-004_ses-01_task-movie_run-02_part-phase_sbref.json	InstitutionalDepartmentName	"""Department"""	REMOVE
sub-004/ses-01/func/sub-004_ses-01_task-movie_run-02_sbref.json	InstitutionalDepartmentName	"""Department"""	REMOVE
sub-004/ses-01/func/sub-004_ses-01_task-movie_run-03_bold.json	InstitutionalDepartmentName	"""Department"""	REMOVE
sub-004/ses-01/func/sub-004_ses-01_task-movie_run-03_part-phase_sbref.json	InstitutionalDepartmentName	"""Department"""	REMOVE
sub-004/ses-01/func/sub-004_ses-01_task-movie_run-03_sbref.json	InstitutionalDepartmentName	"""Department"""	REMOVE
sub-004/ses-01/func/sub-004_ses-01_task-movie_run-04_part-phase_bold.json	InstitutionalDepartmentName	"""Department"""	REMOVE
sub-004/ses-01/func/sub-004_ses-01_task-movie_run-04_part-phase_sbref.json	InstitutionalDepartmentName	"""Department"""	REMOVE
sub-004/ses-01/func/sub-004_ses-01_task-movie_run-04_sbref.json	InstitutionalDepartmentName	"""Department"""	REMOVE
sub-004/ses-01/func/sub-004_ses-01_task-movie_run-05_bold.json	InstitutionalDepartmentName	"""Department"""	REMOVE
sub-004/ses-01/func/sub-004_ses-01_task-movie_run-06_part-phase_bold.json	InstitutionalDepartmentName	"""Department"""	REMOVE
sub-004/ses-01/func/sub-004_ses-01_task-movie_run-07_bold.json	InstitutionalDepartmentName	"""Department"""	REMOVE
sub-004/ses-01/func/sub-004_ses-01_task-movie_run-08_part-phase_bold.json	InstitutionalDepartmentName	"""Department"""	REMOVE
sub-004/ses-01/func/sub-004_ses-01_task-rest_run-01_bold.json	InstitutionalDepartmentName	"""Department"""	REMOVE
sub-004/ses-01/func/sub-004_ses-01_task-rest_run-01_part-phase_sbref.json	InstitutionalDepartmentName	"""Department"""	REMOVE
sub-004/ses-01/func/sub-004_ses-01_task-rest_run-01_sbref.json	InstitutionalDepartmentName	"""Department"""	REMOVE
sub-004/ses-01/func/sub-004_ses-01_task-rest_run-02_part-phase_bold.json	InstitutionalDepartmentName	"""Department"""	REMOVE
sub-004/ses-02/anat/sub-004_ses-02_run-01_FLAIR.json	InstitutionalDepartmentName	"""Department"""	REMOVE
sub-004/ses-02/anat/sub-004_ses-02_run-01_T1w.json	InstitutionalDepartmentName	"""Department"""	REMOVE
sub-004/ses-02/anat/sub-004_ses-02_run-01_TB1TFL.json	InstitutionalDepartmentName	"""Department"""	REMOVE
sub-004/ses-02/anat/sub-004_ses-02_run-02_T1w.json	InstitutionalDepartmentName	"""Department"""	REMOVE
sub-004/ses-02/anat/sub-004_ses-02_run-02_TB1TFL.json	InstitutionalDepartmentName	"""Department"""	REMOVE
sub-004/ses-02/anat/sub-004_ses-02_run-03_T1w.json	InstitutionalDepartmentName	"""Department"""	REMOVE
sub-004/ses-02/dwi/sub-004_ses-02_run-01_dwi.json	InstitutionalDepartmentName	"""Department"""	REMOVE
sub-004/ses-02/dwi/sub-004_ses-02_run-02_dwi.json	InstitutionalDepartmentName	"""Department"""	REMOVE
sub-004/ses-02/dwi/sub-004_ses-02_run-05_dwi.json	InstitutionalDepartmentName	"""Department"""	REMOVE
sub-004/ses-02/fmap/sub-004_ses-02_dir-AP_run-01_epi.json	InstitutionalDepartmentName	"""Department"""	REMOVE
sub-004/ses-02/fmap/sub-004_ses-02_dir-AP_run-02_part-phase_epi.json	InstitutionalDepartmentName	"""Department"""	REMOVE
sub-004/ses-02/fmap/sub-004_ses-02_dir-AP_run-03_epi.json	InstitutionalDepartmentName	"""Department"""	REMOVE
sub-004/ses-02/fmap/sub-004_ses-02_dir-AP_run-04_part-phase_epi.json	InstitutionalDepartmentName	"""Department"""	REMOVE
sub-004/ses-02/fmap/sub-004_ses-02_dir-PA_run-01_epi.json	InstitutionalDepartmentName	"""Department"""	REMOVE
sub-004/ses-02/fmap/sub-004_ses-02_dir-PA_run-02_part-phase_epi.json	InstitutionalDepartmentName	"""Department"""	REMOVE
sub-004/ses-02/fmap/sub-004_ses-02_dir-PA_run-03_epi.json	InstitutionalDepartmentName	"""Department"""	REMOVE
sub-004/ses-02/fmap/sub-004_ses-02_dir-PA_run-04_part-phase_epi.json	InstitutionalDepartmentName	"""Department"""	REMOVE
sub-004/ses-02/func/sub-004_ses-02_task-control_run-01_bold.json	InstitutionalDepartmentName	"""Department"""	REMOVE
sub-004/ses-02/func/sub-004_ses-02_task-control_run-01_part-phase_sbref.json	InstitutionalDepartmentName	"""Department"""	REMOVE
sub-004/ses-02/func/sub-004_ses-02_task-control_run-01_sbref.json	InstitutionalDepartmentName	"""Department"""	REMOVE
sub-004/ses-02/func/sub-004_ses-02_task-control_run-02_part-phase_bold.json	InstitutionalDepartmentName	"""Department"""	REMOVE
sub-004/ses-02/func/sub-004_ses-02_task-control_run-02_part-phase_sbref.json	InstitutionalDepartmentName	"""Department"""	REMOVE
sub-004/ses-02/func/sub-004_ses-02_task-control_run-02_sbref.json	InstitutionalDepartmentName	"""Department"""	REMOVE
sub-004/ses-02/func/sub-004_ses-02_task-control_run-03_bold.json	InstitutionalDepartmentName	"""Department"""	REMOVE
sub-004/ses-02/func/sub-004_ses-02_task-control_run-03_part-phase_sbref.json	InstitutionalDepartmentName	"""Department"""	REMOVE
sub-004/ses-02/func/sub-004_ses-02_task-control_run-03_sbref.json	InstitutionalDepartmentName	"""Department"""	REMOVE
sub-004/ses-02/func/sub-004_ses-02_task-control_run-04_part-phase_bold.json	InstitutionalDepartmentName	"""Department"""	REMOVE
sub-004/ses-02/func/sub-004_ses-02_task-control_run-05_bold.json	InstitutionalDepartmentName	"""Department"""	REMOVE
sub-004/ses-02/func/sub-004_ses-02_task-control_run-06_part-phase_bold.json	InstitutionalDepartmentName	"""Department"""	REMOVE
sub-004/ses-02/func/sub-004_ses-02_task-fmri_run-01_bold.json	InstitutionalDepartmentName	"""Department"""	REMOVE
sub-004/ses-02/func/sub-004_ses-02_task-fmri_run-01_part-phase_sbref.json	InstitutionalDepartmentName	"""Department"""	REMOVE
sub-004/ses-02/func/sub-004_ses-02_task-fmri_run-01_sbref.json	InstitutionalDepartmentName	"""Department"""	REMOVE
sub-004/ses-02/func/sub-004_ses-02_task-fmri_run-02_part-phase_bold.json	InstitutionalDepartmentName	"""Department"""	REMOVE
sub-004/ses-02/func/sub-004_ses-02_task-fmri_run-02_part-phase_sbref.json	InstitutionalDepartmentName	"""Department"""	REMOVE
sub-004/ses-02/func/sub-004_ses-02_task-fmri_run-02_sbref.json	InstitutionalDepartmentName	"""Department"""	REMOVE
sub-004/ses-02/func/sub-004_ses-02_task-fmri_run-03_bold.json	InstitutionalDepartmentName	"""Department"""	REMOVE
sub-004/ses-02/func/sub-004_ses-02_task-fmri_run-03_part-phase_sbref.json	InstitutionalDepartmentName	"""Department"""	REMOVE
sub-004/ses-02/func/sub-004_ses-02_task-fmri_run-03_sbref.json	InstitutionalDepartmentName	"""Department"""	REMOVE
sub-004/ses-02/func/sub-004_ses-02_task-fmri_run-04_part-phase_bold.json	InstitutionalDepartmentName	"""Department"""	REMOVE
sub-004/ses-02/func/sub-004_ses-02_task-fmri_run-04_part-phase_sbref.json	InstitutionalDepartmentName	"""Department"""	REMOVE
sub-004/ses-02/func/sub-004_ses-02_task-fmri_run-04_sbref.json	InstitutionalDepartmentName	"""Department"""	REMOVE
sub-004/ses-02/func/sub-004_ses-02_task-fmri_run-05_bold.json	InstitutionalDepartmentName	"""Department"""	REMOVE
sub-004/ses-02/func/sub-004_ses-02_task-fmri_run-06_part-phase_bold.json	InstitutionalDepartmentName	"""Department"""	REMOVE
sub-004/ses-02/func/sub-004_ses-02_task-fmri_run-07_bold.json	InstitutionalDepartmentName	"""Department"""	REMOVE
sub-004/ses-02/func/sub-004_ses-02_task-fmri_run-08_part-phase_bold.json	InstitutionalDepartmentName	"""Department"""	REMOVE
sub-004/ses-02/func/sub-004_ses-02_task-movie_run-01_bold.json	InstitutionalDepartmentName	"""Department"""	REMOVE
sub-004/ses-02/func/sub-004_ses-02_task-movie_run-01_part-phase_sbref.json	InstitutionalDepartmentName	"""Department"""	REMOVE
sub-004/ses-02/func/sub-004_ses-02_task-movie_run-01_sbref.json	InstitutionalDepartmentName	"""Department"""	REMOVE
sub-004/ses-02/func/sub-004_ses-02_task-movie_run-02_part-phase_bold.json	InstitutionalDepartmentName	"""Department"""	REMOVE
sub-004/ses-02/func/sub-004_ses-02_task-movie_run-02_part-phase_sbref.json	InstitutionalDepartmentName	"""Department"""	REMOVE
sub-004/ses-02/func/sub-004_ses-02_task-movie_run-02_sbref.json	InstitutionalDepartmentName	"""Department"""	REMOVE
sub-004/ses-02/func/sub-004_ses-02_task-movie_run-03_bold.json	InstitutionalDepartmentName	"""Department"""	REMOVE
sub-004/ses-02/func/sub-004_ses-02_task-movie_run-03_part-phase_sbref.json	InstitutionalDepartmentName	"""Department"""	REMOVE
sub-004/ses-02/func/sub-004_ses-02_task-movie_run-03_sbref.json	InstitutionalDepartmentName	"""Department"""	REMOVE
sub-004/ses-02/func/sub-004_ses-02_task-movie_run-04_part-phase_bold.json	InstitutionalDepartmentName	"""Department"""	REMOVE
sub-004/ses-02/func/sub-004_ses-02_task-movie_run-04_part-phase_sbref.json	InstitutionalDepartmentName	"""Department"""	REMOVE
sub-004/ses-02/func/sub-004_ses-02_task-movie_run-04_sbref.json	InstitutionalDepartmentName	"""Department"""	REMOVE
sub-004/ses-02/func/sub-004_ses-02_task-movie_run-05_bold.json	InstitutionalDepartmentName	"""Department"""	REMOVE
sub-004/ses-02/func/sub-004_ses-02_task-movie_run-06_part-phase_bold.json	InstitutionalDepartmentName	"""Department"""	REMOVE
sub-004/ses-02/func/sub-004_ses-02_task-movie_run-07_bold.json	InstitutionalDepartmentName	"""Department"""	REMOVE
sub-004/ses-02/func/sub-004_ses-02_task-movie_run-08_part-phase_bold.json	InstitutionalDepartmentName	"""Department"""	REMOVE
sub-004/ses-02/func/sub-004_ses-02_task-rest_run-01_bold.json	InstitutionalDepartmentName	"""Department"""	REMOVE
sub-004/ses-02/func/sub-004_ses-02_task-rest_run-01_part-phase_sbref.json	InstitutionalDepartmentName	"""Department"""	REMOVE
sub-004/ses-02/func/sub-004_ses-02_task-rest_run-01_sbref.json	InstitutionalDepartmentName	"""Department"""	REMOVE
sub-004/ses-02/func/sub-004_ses-02_task-rest_run-02_part-phase_bold.json	InstitutionalDepartmentName	"""Department"""	REMOVE
sub-005/ses-01/anat/sub-005_ses-01_run-01_FLAIR.json	InstitutionalDepartmentName	"""Department"""	REMOVE
sub-005/ses-01/anat/sub-005_ses-01_run-01_T1w.json	InstitutionalDepartmentName	"""Department"""	REMOVE
sub-005/ses-01/anat/sub-005_ses-01_run-01_TB1TFL.json	InstitutionalDepartmentName	"""Department"""	REMOVE
sub-005/ses-01/anat/sub-005_ses-01_run-02_T1w.json	InstitutionalDepartmentName	"""Department"""	REMOVE
sub-005/ses-01/anat/sub-005_ses-01_run-02_TB1TFL.json	InstitutionalDepartmentName	"""Department"""	REMOVE
sub-005/ses-01/anat/sub-005_ses-01_run-03_T1w.json	InstitutionalDepartmentName	"""Department"""	REMOVE
sub-005/ses-01/dwi/sub-005_ses-01_run-01_dwi.json	InstitutionalDepartmentName	"""Department"""	REMOVE
sub-005/ses-01/dwi/sub-005_ses-01_run-02_dwi.json	InstitutionalDepartmentName	"""Department"""	REMOVE
sub-005/ses-01/dwi/sub-005_ses-01_run-05_dwi.json	InstitutionalDepartmentName	"""Department"""	REMOVE
sub-005/ses-01/fmap/sub-005_ses-01_dir-AP_run-01_epi.json	InstitutionalDepartmentName	"""Department"""	REMOVE
sub-005/ses-01/fmap/sub-005_ses-01_dir-AP_run-02_part-phase_epi.json	InstitutionalDepartmentName	"""Department"""	REMOVE
sub-005/ses-01/fmap/sub-005_ses-01_dir-AP_run-03_epi.json	InstitutionalDepartmentName	"""Department"""	REMOVE
sub-005/ses-01/fmap/sub-005_ses-01_dir-AP_run-04_part-phase_epi.json	InstitutionalDepartmentName	"""Department"""	REMOVE
sub-005/ses-01/fmap/sub-005_ses-01_dir-PA_run-01_epi.json	InstitutionalDepartmentName	"""Department"""	REMOVE
sub-005/ses-01/fmap/sub-005_ses-01_dir-PA_run-02_part-phase_epi.json	InstitutionalDepartmentName	"""Department"""	REMOVE
sub-005/ses-01/fmap/sub-005_ses-01_dir-PA_run-03_epi.json	InstitutionalDepartmentName	"""Department"""	REMOVE
sub-005/ses-01/fmap/sub-005_ses-01_dir-PA_run-04_part-phase_epi.json	InstitutionalDepartmentName	"""Department"""	REMOVE
sub-005/ses-01/func/sub-005_ses-01_task-control_run-01_bold.json	InstitutionalDepartmentName	"""Department"""	REMOVE
sub-005/ses-01/func/sub-005_ses-01_task-control_run-01_part-phase_sbref.json	InstitutionalDepartmentName	"""Department"""	REMOVE
sub-005/ses-01/func/sub-005_ses-01_task-control_run-01_sbref.json	InstitutionalDepartmentName	"""Department"""	REMOVE
sub-005/ses-01/func/sub-005_ses-01_task-control_run-02_part-phase_bold.json	InstitutionalDepartmentName	"""Department"""	REMOVE
sub-005/ses-01/func/sub-005_ses-01_task-control_run-02_part-phase_sbref.json	InstitutionalDepartmentName	"""Department"""	REMOVE
sub-005/ses-01/func/sub-005_ses-01_task-control_run-02_sbref.json	InstitutionalDepartmentName	"""Department"""	REMOVE
sub-005/ses-01/func/sub-005_ses-01_task-control_run-03_bold.json	InstitutionalDepartmentName	"""Department"""	REMOVE
sub-005/ses-01/func/sub-005_ses-01_task-control_run-03_part-phase_sbref.json	InstitutionalDepartmentName	"""Department"""	REMOVE
sub-005/ses-01/func/sub-005_ses-01_task-control_run-03_sbref.json	InstitutionalDepartmentName	"""Department"""	REMOVE
sub-005/ses-01/func/sub-005_ses-01_task-control_run-04_part-phase_bold.json	InstitutionalDepartmentName	"""Department"""	REMOVE
sub-005/ses-01/func/sub-005_ses-01_task-control_run-04_part-phase_sbref.json	InstitutionalDepartmentName	"""Department"""	REMOVE
sub-005/ses-01/func/sub-005_ses-01_task-control_run-04_sbref.json	InstitutionalDepartmentName	"""Department"""	REMOVE
sub-005/ses-01/func/sub-005_ses-01_task-control_run-05_bold.json	InstitutionalDepartmentName	"""Department"""	REMOVE
sub-005/ses-01/func/sub-005_ses-01_task-control_run-06_part-phase_bold.json	InstitutionalDepartmentName	"""Department"""	REMOVE
sub-005/ses-01/func/sub-005_ses-01_task-control_run-07_bold.json	InstitutionalDepartmentName	"""Department"""	REMOVE
sub-005/ses-01/func/sub-005_ses-01_task-control_run-08_part-phase_bold.json	InstitutionalDepartmentName	"""Department"""	REMOVE
sub-005/ses-01/func/sub-005_ses-01_task-fmri_run-01_bold.json	InstitutionalDepartmentName	"""Department"""	REMOVE
sub-005/ses-01/func/sub-005_ses-01_task-fmri_run-01_part-phase_sbref.json	InstitutionalDepartmentName	"""Department"""	REMOVE
sub-005/ses-01/func/sub-005_ses-01_task-fmri_run-01_sbref.json	InstitutionalDepartmentName	"""Department"""	REMOVE
sub-005/ses-01/func/sub-005_ses-01_task-fmri_run-02_part-phase_bold.json	InstitutionalDepartmentName	"""Department"""	REMOVE
sub-005/ses-01/func/sub-005_ses-01_task-fmri_run-02_part-phase_sbref.json	InstitutionalDepartmentName	"""Department"""	REMOVE
sub-005/ses-01/func/sub-005_ses-01_task-fmri_run-02_sbref.json	InstitutionalDepartmentName	"""Department"""	REMOVE
sub-005/ses-01/func/sub-005_ses-01_task-fmri_run-03_bold.json	InstitutionalDepartmentName	"""Department"""	REMOVE
sub-005/ses-01/func/sub-005_ses-01_task-fmri_run-03_part-phase_sbref.json	InstitutionalDepartmentName	"""Department"""	REMOVE
sub-005/ses-01/func/sub-005_ses-01_task-fmri_run-03_sbref.json	InstitutionalDepartmentName	"""Department"""	REMOVE
sub-005/ses-01/func/sub-005_ses-01_task-fmri_run-04_part-phase_bold.json	InstitutionalDepartmentName	"""Department"""	REMOVE
sub-005/ses-01/func/sub-005_ses-01_task-fmri_run-04_part-phase_sbref.json	InstitutionalDepartmentName	"""Department"""	REMOVE
sub-005/ses-01/func/sub-005_ses-01_task-fmri_run-04_sbref.json	InstitutionalDepartmentName	"""Department"""	REMOVE
sub-005/ses-01/func/sub-005_ses-01_task-fmri_run-05_bold.json	InstitutionalDepartmentName	"""Department"""	REMOVE
sub-005/ses-01/func/sub-005_ses-01_task-fmri_run-06_part-phase_bold.json	InstitutionalDepartmentName	"""Department"""	REMOVE
sub-005/ses-01/func/sub-005_ses-01_task-fmri_run-07_bold.json	InstitutionalDepartmentName	"""Department"""	REMOVE
sub-005/ses-01/func/sub-005_ses-01_task-fmri_run-08_part-phase_bold.json	InstitutionalDepartmentName	"""Department"""	REMOVE
sub-005/ses-01/func/sub-005_ses-01_task-movie_run-01_bold.json	InstitutionalDepartmentName	"""Department"""	REMOVE
sub-005/ses-01/func/sub-005_ses-01_task-movie_run-01_part-phase_sbref.json	InstitutionalDepartmentName	"""Department"""	REMOVE
sub-005/ses-01/func/sub-005_ses-01_task-movie_run-01_sbref.json	InstitutionalDepartmentName	"""Department"""	REMOVE
sub-005/ses-01/func/sub-005_ses-01_task-movie_run-02_part-phase_bold.json	InstitutionalDepartmentName	"""Department"""	REMOVE
sub-005/ses-01/func/sub-005_ses-01_task-movie_run-02_part-phase_sbref.json	InstitutionalDepartmentName	"""Department"""	REMOVE
sub-005/ses-01/func/sub-005_ses-01_task-movie_run-02_sbref.json	InstitutionalDepartmentName	"""Department"""	REMOVE
sub-005/ses-01/func/sub-005_ses-01_task-movie_run-03_bold.json	InstitutionalDepartmentName	"""Department"""	REMOVE
sub-005/ses-01/func/sub-005_ses-01_task-movie_run-03_part-phase_sbref.json	InstitutionalDepartmentName	"""Department"""	REMOVE
sub-005/ses-01/func/sub-005_ses-01_task-movie_run-03_sbref.json	InstitutionalDepartmentName	"""Department"""	REMOVE
sub-005/ses-01/func/sub-005_ses-01_task-movie_run-04_part-phase_bold.json	InstitutionalDepartmentName	"""Department"""	REMOVE
sub-005/ses-01/func/sub-005_ses-01_task-movie_run-04_part-phase_sbref.json	InstitutionalDepartmentName	"""Department"""	REMOVE
sub-005/ses-01/func/sub-005_ses-01_task-movie_run-04_sbref.json	InstitutionalDepartmentName	"""Department"""	REMOVE
sub-005/ses-01/func/sub-005_ses-01_task-movie_run-05_bold.json	InstitutionalDepartmentName	"""Department"""	REMOVE
sub-005/ses-01/func/sub-005_ses-01_task-movie_run-06_part-phase_bold.json	InstitutionalDepartmentName	"""Department"""	REMOVE
sub-005/ses-01/func/sub-005_ses-01_task-movie_run-07_bold.json	InstitutionalDepartmentName	"""Department"""	REMOVE
sub-005/ses-01/func/sub-005_ses-01_task-movie_run-08_part-phase_bold.json	InstitutionalDepartmentName	"""Department"""	REMOVE
sub-005/ses-01/func/sub-005_ses-01_task-rest_run-01_bold.json	InstitutionalDepartmentName	"""Department"""	REMOVE
sub-005/ses-01/func/sub-005_ses-01_task-rest_run-01_part-phase_sbref.json	InstitutionalDepartmentName	"""Department"""	REMOVE
sub-005/ses-01/func/sub-005_ses-01_task-rest_run-01_sbref.json	InstitutionalDepartmentName	"""Department"""	REMOVE
sub-005/ses-01/func/sub-005_ses-01_task-rest_run-02_part-phase_bold.json	InstitutionalDepartmentName	"""Department"""	REMOVE
sub-005/ses-02/anat/sub-005_ses-02_run-01_FLAIR.json	InstitutionalDepartmentName	"""Department"""	REMOVE
sub-005/ses-02/anat/sub-005_ses-02_run-01_T1w.json	InstitutionalDepartmentName	"""Department"""	REMOVE
sub-005/ses-02/anat/sub-005_ses-02_run-01_TB1TFL.json	InstitutionalDepartmentName	"""Department"""	REMOVE
sub-005/ses-02/anat/sub-005_ses-02_run-02_T1w.json	InstitutionalDepartmentName	"""Department"""	REMOVE
sub-005/ses-02/anat/sub-005_ses-02_run-02_TB1TFL.json	InstitutionalDepartmentName	"""Department"""	REMOVE
sub-005/ses-02/anat/sub-005_ses-02_run-03_T1w.json	InstitutionalDepartmentName	"""Department"""	REMOVE
sub-005/ses-02/dwi/sub-005_ses-02_run-01_dwi.json	InstitutionalDepartmentName	"""Department"""	REMOVE
sub-005/ses-02/dwi/sub-005_ses-02_run-02_dwi.json	InstitutionalDepartmentName	"""Department"""	REMOVE
sub-005/ses-02/dwi/sub-005_ses-02_run-05_dwi.json	InstitutionalDepartmentName	"""Department"""	REMOVE
sub-005/ses-02/fmap/sub-005_ses-02_dir-AP_run-01_epi.json	InstitutionalDepartmentName	"""Department"""	REMOVE
sub-005/ses-02/fmap/sub-005_ses-02_dir-AP_run-02_part-phase_epi.json	InstitutionalDepartmentName	"""Department"""	REMOVE
sub-005/ses-02/fmap/sub-005_ses-02_dir-AP_run-03_epi.json	InstitutionalDepartmentName	"""Department"""	REMOVE
sub-005/ses-02/fmap/sub-005_ses-02_dir-AP_run-04_part-phase_epi.json	InstitutionalDepartmentName	"""Department"""	REMOVE
sub-005/ses-02/fmap/sub-005_ses-02_dir-PA_run-01_epi.json	InstitutionalDepartmentName	"""Department"""	REMOVE
sub-005/ses-02/fmap/sub-005_ses-02_dir-PA_run-02_part-phase_epi.json	InstitutionalDepartmentName	"""Department"""	REMOVE
sub-005/ses-02/fmap/sub-005_ses-02_dir-PA_run-03_epi.json	InstitutionalDepartmentName	"""Department"""	REMOVE
sub-005/ses-02/fmap/sub-005_ses-02_dir-PA_run-04_part-phase_epi.json	InstitutionalDepartmentName	"""Department"""	REMOVE
sub-005/ses-02/func/sub-005_ses-02_task-control_run-01_bold.json	InstitutionalDepartmentName	"""Department"""	REMOVE
sub-005/ses-02/func/sub-005_ses-02_task-control_run-01_part-phase_sbref.json	InstitutionalDepartmentName	"""Department"""	REMOVE
sub-005/ses-02/func/sub-005_ses-02_task-control_run-01_sbref.json	InstitutionalDepartmentName	"""Department"""	REMOVE
sub-005/ses-02/func/sub-005_ses-02_task-control_run-02_part-phase_bold.json	InstitutionalDepartmentName	"""Department"""	REMOVE
sub-005/ses-02/func/sub-005_ses-02_task-control_run-02_part-phase_sbref.json	InstitutionalDepartmentName	"""Department"""	REMOVE
sub-005/ses-02/func/sub-005_ses-02_task-control_run-02_sbref.json	InstitutionalDepartmentName	"""Department"""	REMOVE
sub-005/ses-02/func/sub-005_ses-02_task-control_run-03_bold.json	InstitutionalDepartmentName	"""Department"""	REMOVE
sub-005/ses-02/func/sub-005_ses-02_task-control_run-03_part-phase_sbref.json	InstitutionalDepartmentName	"""Department"""	REMOVE
sub-005/ses-02/func/sub-005_ses-02_task-control_run-03_sbref.json	InstitutionalDepartmentName	"""Department"""	REMOVE
sub-005/ses-02/func/sub-005_ses-02_task-control_run-04_part-phase_bold.json	InstitutionalDepartmentName	"""Department"""	REMOVE
sub-005/ses-02/func/sub-005_ses-02_task-control_run-05_bold.json	InstitutionalDepartmentName	"""Department"""	REMOVE
sub-005/ses-02/func/sub-005_ses-02_task-control_run-06_part-phase_bold.json	InstitutionalDepartmentName	"""Department"""	REMOVE
sub-005/ses-02/func/sub-005_ses-02_task-fmri_run-01_bold.json	InstitutionalDepartmentName	"""Department"""	REMOVE
sub-005/ses-02/func/sub-005_ses-02_task-fmri_run-01_part-phase_sbref.json	InstitutionalDepartmentName	"""Department"""	REMOVE
sub-005/ses-02/func/sub-005_ses-02_task-fmri_run-01_sbref.json	InstitutionalDepartmentName	"""Department"""	REMOVE
sub-005/ses-02/func/sub-005_ses-02_task-fmri_run-02_part-phase_bold.json	InstitutionalDepartmentName	"""Department"""	REMOVE
sub-005/ses-02/func/sub-005_ses-02_task-fmri_run-02_part-phase_sbref.json	InstitutionalDepartmentName	"""Department"""	REMOVE
sub-005/ses-02/func/sub-005_ses-02_task-fmri_run-02_sbref.json	InstitutionalDepartmentName	"""Department"""	REMOVE
sub-005/ses-02/func/sub-005_ses-02_task-fmri_run-03_bold.json	InstitutionalDepartmentName	"""Department"""	REMOVE
sub-005/ses-02/func/sub-005_ses-02_task-fmri_run-03_part-phase_sbref.json	InstitutionalDepartmentName	"""Department"""	REMOVE
sub-005/ses-02/func/sub-005_ses-02_task-fmri_run-03_sbref.json	InstitutionalDepartmentName	"""Department"""	REMOVE
sub-005/ses-02/func/sub-005_ses-02_task-fmri_run-04_part-phase_bold.json	InstitutionalDepartmentName	"""Department"""	REMOVE
sub-005/ses-02/func/sub-005_ses-02_task-fmri_run-04_part-phase_sbref.json	InstitutionalDepartmentName	"""Department"""	REMOVE
sub-005/ses-02/func/sub-005_ses-02_task-fmri_run-04_sbref.json	InstitutionalDepartmentName	"""Department"""	REMOVE
sub-005/ses-02/func/sub-005_ses-02_task-fmri_run-05_bold.json	InstitutionalDepartmentName	"""Department"""	REMOVE
sub-005/ses-02/func/sub-005_ses-02_task-fmri_run-06_part-phase_bold.json	InstitutionalDepartmentName	"""Department"""	REMOVE
sub-005/ses-02/func/sub-005_ses-02_task-fmri_run-07_bold.json	InstitutionalDepartmentName	"""Department"""	REMOVE
sub-005/ses-02/func/sub-005_ses-02_task-fmri_run-08_part-phase_bold.json	InstitutionalDepartmentName	"""Department"""	REMOVE
sub-005/ses-02/func/sub-005_ses-02_task-movie_run-01_bold.json	InstitutionalDepartmentName	"""Department"""	REMOVE
sub-005/ses-02/func/sub-005_ses-02_task-movie_run-01_part-phase_sbref.json	InstitutionalDepartmentName	"""Department"""	REMOVE
sub-005/ses-02/func/sub-005_ses-02_task-movie_run-01_sbref.json	InstitutionalDepartmentName	"""Department"""	REMOVE
sub-005/ses-02/func/sub-005_ses-02_task-movie_run-02_part-phase_bold.json	InstitutionalDepartmentName	"""Department"""	REMOVE
sub-005/ses-02/func/sub-005_ses-02_task-movie_run-02_part-phase_sbref.json	InstitutionalDepartmentName	"""Department"""	REMOVE
sub-005/ses-02/func/sub-005_ses-02_task-movie_run-02_sbref.json	InstitutionalDepartmentName	"""Department"""	REMOVE
sub-005/ses-02/func/sub-005_ses-02_task-movie_run-03_bold.json	InstitutionalDepartmentName	"""Department"""	REMOVE
sub-005/ses-02/func/sub-005_ses-02_task-movie_run-03_part-phase_sbref.json	InstitutionalDepartmentName	"""Department"""	REMOVE
sub-005/ses-02/func/sub-005_ses-02_task-movie_run-03_sbref.json	InstitutionalDepartmentName	"""Department"""	REMOVE
sub-005/ses-02/func/sub-005_ses-02_task-movie_run-04_part-phase_bold.json	InstitutionalDepartmentName	"""Department"""	REMOVE
sub-005/ses-02/func/sub-005_ses-02_task-movie_run-04_part-phase_sbref.json	InstitutionalDepartmentName	"""Department"""	REMOVE
sub-005/ses-02/func/sub-005_ses-02_task-movie_run-04_sbref.json	InstitutionalDepartmentName	"""Department"""	REMOVE
sub-005/ses-02/func/sub-005_ses-02_task-movie_run-05_bold.json	InstitutionalDepartmentName	"""Department"""	REMOVE
sub-005/ses-02/func/sub-005_ses-02_task-movie_run-06_part-phase_bold.json	InstitutionalDepartmentName	"""Department"""	REMOVE
sub-005/ses-02/func/sub-005_ses-02_task-movie_run-07_bold.json	InstitutionalDepartmentName	"""Department"""	REMOVE
sub-005/ses-02/func/sub-005_ses-02_task-movie_run-08_part-phase_bold.json	InstitutionalDepartmentName	"""Department"""	REMOVE
sub-005/ses-02/func/sub-005_ses-02_task-rest_run-01_bold.json	InstitutionalDepartmentName	"""Department"""	REMOVE
sub-005/ses-02/func/sub-005_ses-02_task-rest_run-01_part-phase_sbref.json	InstitutionalDepartmentName	"""Department"""	REMOVE
sub-005/ses-02/func/sub-005_ses-02_task-rest_run-01_sbref.json	InstitutionalDepartmentName	"""Department"""	REMOVE
sub-005/ses-02/func/sub-005_ses-02_task-rest_run-02_part-phase_bold.json	InstitutionalDepartmentName	"""Department"""	REMOVE
sub-006/ses-01/anat/sub-006_ses-01_run-01_FLAIR.json	InstitutionalDepartmentName	"""Department"""	REMOVE
sub-006/ses-01/anat/sub-006_ses-01_run-01_T1w.json	InstitutionalDepartmentName	"""Department"""	REMOVE
sub-006/ses-01/anat/sub-006_ses-01_run-01_TB1TFL.json	InstitutionalDepartmentName	"""Department"""	REMOVE
sub-006/ses-01/anat/sub-006_ses-01_run-02_T1w.json	InstitutionalDepartmentName	"""Department"""	REMOVE
sub-006/ses-01/anat/sub-006_ses-01_run-02_TB1TFL.json	InstitutionalDepartmentName	"""Department"""	REMOVE
sub-006/ses-01/anat/sub-006_ses-01_run-03_T1w.json	InstitutionalDepartmentName	"""Department"""	REMOVE
sub-006/ses-01/dwi/sub-006_ses-01_run-01_dwi.json	InstitutionalDepartmentName	"""Department"""	REMOVE
sub-006/ses-01/dwi/sub-006_ses-01_run-02_dwi.json	InstitutionalDepartmentName	"""Department"""	REMOVE
sub-006/ses-01/dwi/sub-006_ses-01_run-05_dwi.json	InstitutionalDepartmentName	"""Department"""	REMOVE
sub-006/ses-01/fmap/sub-006_ses-01_dir-AP_run-01_epi.json	InstitutionalDepartmentName	"""Department"""	REMOVE
sub-006/ses-01/fmap/sub-006_ses-01_dir-AP_run-02_part-phase_epi.json	InstitutionalDepartmentName	"""Department"""	REMOVE
sub-006/ses-01/fmap/sub-006_ses-01_dir-AP_run-03_epi.json	InstitutionalDepartmentName	"""Department"""	REMOVE
sub-006/ses-01/fmap/sub-006_ses-01_dir-AP_run-04_part-phase_epi.json	InstitutionalDepartmentName	"""Department"""	REMOVE
sub-006/ses-01/fmap/sub-006_ses-01_dir-PA_run-01_epi.json	InstitutionalDepartmentName	"""Department"""	REMOVE
sub-006/ses-01/fmap/sub-006_ses-01_dir-PA_run-02_part-phase_epi.json	InstitutionalDepartmentName	"""Department"""	REMOVE
sub-006/ses-01/fmap/sub-006_ses-01_dir-PA_run-03_epi.json	InstitutionalDepartmentName	"""Department"""	REMOVE
sub-006/ses-01/fmap/sub-006_ses-01_dir-PA_run-04_part-phase_epi.json	InstitutionalDepartmentName	"""Department"""	REMOVE
sub-006/ses-01/func/sub-006_ses-01_task-control_run-01_bold.json	InstitutionalDepartmentName	"""Department"""	REMOVE
sub-006/ses-01/func/sub-006_ses-01_task-control_run-01_part-phase_sbref.json	InstitutionalDepartmentName	"""Department"""	REMOVE
sub-006/ses-01/func/sub-006_ses-01_task-control_run-01_sbref.json	InstitutionalDepartmentName	"""Department"""	REMOVE
sub-006/ses-01/func/sub-006_ses-01_task-control_run-02_part-phase_bold.json	InstitutionalDepartmentName	"""Department"""	REMOVE
sub-006/ses-01/func/sub-006_ses-01_task-control_run-02_part-phase_sbref.json	InstitutionalDepartmentName	"""Department"""	REMOVE
sub-006/ses-01/func/sub-006_ses-01_task-control_run-02_sbref.json	InstitutionalDepartmentName	"""Department"""	REMOVE
sub-006/ses-01/func/sub-006_ses-01_task-control_run-03_bold.json	InstitutionalDepartmentName	"""Department"""	REMOVE
sub-006/ses-01/func/sub-006_ses-01_task-control_run-03_part-phase_sbref.json	InstitutionalDepartmentName	"""Department"""	REMOVE
sub-006/ses-01/func/sub-006_ses-01_task-control_run-03_sbref.json	InstitutionalDepartmentName	"""Department"""	REMOVE
sub-006/ses-01/func/sub-006_ses-01_task-control_run-04_part-phase_bold.json	InstitutionalDepartmentName	"""Department"""	REMOVE
sub-006/ses-01/func/sub-006_ses-01_task-control_run-05_bold.json	InstitutionalDepartmentName	"""Department"""	REMOVE
sub-006/ses-01/func/sub-006_ses-01_task-control_run-06_part-phase_bold.json	InstitutionalDepartmentName	"""Department"""	REMOVE
sub-006/ses-01/func/sub-006_ses-01_task-fmri_run-01_bold.json	InstitutionalDepartmentName	"""Department"""	REMOVE
sub-006/ses-01/func/sub-006_ses-01_task-fmri_run-01_part-phase_sbref.json	InstitutionalDepartmentName	"""Department"""	REMOVE
sub-006/ses-01/func/sub-006_ses-01_task-fmri_run-01_sbref.json	InstitutionalDepartmentName	"""Department"""	REMOVE
sub-006/ses-01/func/sub-006_ses-01_task-fmri_run-02_part-phase_bold.json	InstitutionalDepartmentName	"""Department"""	REMOVE
sub-006/ses-01/func/sub-006_ses-01_task-fmri_run-02_part-phase_sbref.json	InstitutionalDepartmentName	"""Department"""	REMOVE
sub-006/ses-01/func/sub-006_ses-01_task-fmri_run-02_sbref.json	InstitutionalDepartmentName	"""Department"""	REMOVE
sub-006/ses-01/func/sub-006_ses-01_task-fmri_run-03_bold.json	InstitutionalDepartmentName	"""Department"""	REMOVE
sub-006/ses-01/func/sub-006_ses-01_task-fmri_run-03_part-phase_sbref.json	InstitutionalDepartmentName	"""Department"""	REMOVE
sub-006/ses-01/func/sub-006_ses-01_task-fmri_run-03_sbref.json	InstitutionalDepartmentName	"""Department"""	REMOVE
sub-006/ses-01/func/sub-006_ses-01_task-fmri_run-04_part-phase_bold.json	InstitutionalDepartmentName	"""Department"""	REMOVE
sub-006/ses-01/func/sub-006_ses-01_task-fmri_run-04_part-phase_sbref.json	InstitutionalDepartmentName	"""Department"""	REMOVE
sub-006/ses-01/func/sub-006_ses-01_task-fmri_run-04_sbref.json	InstitutionalDepartmentName	"""Department"""	REMOVE
sub-006/ses-01/func/sub-006_ses-01_task-fmri_run-05_bold.json	InstitutionalDepartmentName	"""Department"""	REMOVE
sub-006/ses-01/func/sub-006_ses-01_task-fmri_run-06_part-phase_bold.json	InstitutionalDepartmentName	"""Department"""	REMOVE
sub-006/ses-01/func/sub-006_ses-01_task-fmri_run-07_bold.json	InstitutionalDepartmentName	"""Department"""	REMOVE
sub-006/ses-01/func/sub-006_ses-01_task-fmri_run-08_part-phase_bold.json	InstitutionalDepartmentName	"""Department"""	REMOVE
sub-006/ses-01/func/sub-006_ses-01_task-movie_run-01_bold.json	InstitutionalDepartmentName	"""Department"""	REMOVE
sub-006/ses-01/func/sub-006_ses-01_task-movie_run-01_part-phase_sbref.json	InstitutionalDepartmentName	"""Department"""	REMOVE
sub-006/ses-01/func/sub-006_ses-01_task-movie_run-01_sbref.json	InstitutionalDepartmentName	"""Department"""	REMOVE
sub-006/ses-01/func/sub-006_ses-01_task-movie_run-02_part-phase_bold.json	InstitutionalDepartmentName	"""Department"""	REMOVE
sub-006/ses-01/func/sub-006_ses-01_task-movie_run-02_part-phase_sbref.json	InstitutionalDepartmentName	"""Department"""	REMOVE
sub-006/ses-01/func/sub-006_ses-01_task-movie_run-02_sbref.json	InstitutionalDepartmentName	"""Department"""	REMOVE
sub-006/ses-01/func/sub-006_ses-01_task-movie_run-03_bold.json	InstitutionalDepartmentName	"""Department"""	REMOVE
sub-006/ses-01/func/sub-006_ses-01_task-movie_run-03_part-phase_sbref.json	InstitutionalDepartmentName	"""Department"""	REMOVE
sub-006/ses-01/func/sub-006_ses-01_task-movie_run-03_sbref.json	InstitutionalDepartmentName	"""Department"""	REMOVE
sub-006/ses-01/func/sub-006_ses-01_task-movie_run-04_part-phase_bold.json	InstitutionalDepartmentName	"""Department"""	REMOVE
sub-006/ses-01/func/sub-006_ses-01_task-movie_run-04_part-phase_sbref.json	InstitutionalDepartmentName	"""Department"""	REMOVE
sub-006/ses-01/func/sub-006_ses-01_task-movie_run-04_sbref.json	InstitutionalDepartmentName	"""Department"""	REMOVE
sub-006/ses-01/func/sub-006_ses-01_task-movie_run-05_bold.json	InstitutionalDepartmentName	"""Department"""	REMOVE
sub-006/ses-01/func/sub-006_ses-01_task-movie_run-06_part-phase_bold.json	InstitutionalDepartmentName	"""Department"""	REMOVE
sub-006/ses-01/func/sub-006_ses-01_task-movie_run-07_bold.json	InstitutionalDepartmentName	"""Department"""	REMOVE
sub-006/ses-01/func/sub-006_ses-01_task-movie_run-08_part-phase_bold.json	InstitutionalDepartmentName	"""Department"""	REMOVE
sub-006/ses-01/func/sub-006_ses-01_task-rest_run-01_bold.json	InstitutionalDepartmentName	"""Department"""	REMOVE
sub-006/ses-01/func/sub-006_ses-01_task-rest_run-01_part-phase_sbref.json	InstitutionalDepartmentName	"""Department"""	REMOVE
sub-006/ses-01/func/sub-006_ses-01_task-rest_run-01_sbref.json	InstitutionalDepartmentName	"""Department"""	REMOVE
sub-006/ses-01/func/sub-006_ses-01_task-rest_run-02_part-phase_bold.json	InstitutionalDepartmentName	"""Department"""	REMOVE
sub-006/ses-02/anat/sub-006_ses-02_run-01_FLAIR.json	InstitutionalDepartmentName	"""Department"""	REMOVE
sub-006/ses-02/anat/sub-006_ses-02_run-01_T1w.json	InstitutionalDepartmentName	"""Department"""	REMOVE
sub-006/ses-02/anat/sub-006_ses-02_run-01_TB1TFL.json	InstitutionalDepartmentName	"""Department"""	REMOVE
sub-006/ses-02/anat/sub-006_ses-02_run-02_T1w.json	InstitutionalDepartmentName	"""Department"""	REMOVE
sub-006/ses-02/anat/sub-006_ses-02_run-02_TB1TFL.json	InstitutionalDepartmentName	"""Department"""	REMOVE
sub-006/ses-02/anat/sub-006_ses-02_run-03_T1w.json	InstitutionalDepartmentName	"""Department"""	REMOVE
sub-006/ses-02/dwi/sub-006_ses-02_run-01_dwi.json	InstitutionalDepartmentName	"""Department"""	REMOVE
sub-006/ses-02/dwi/sub-006_ses-02_run-02_dwi.json	InstitutionalDepartmentName	"""Department"""	REMOVE
sub-006/ses-02/dwi/sub-006_ses-02_run-05_dwi.json	InstitutionalDepartmentName	"""Department"""	REMOVE
sub-006/ses-02/fmap/sub-006_ses-02_dir-AP_run-01_epi.json	InstitutionalDepartmentName	"""Department"""	REMOVE
sub-006/ses-02/fmap/sub-006_ses-02_dir-AP_run-02_part-phase_epi.json	InstitutionalDepartmentName	"""Department"""	REMOVE
sub-006/ses-02/fmap/sub-006_ses-02_dir-AP_run-03_epi.json	InstitutionalDepartmentName	"""Department"""	REMOVE
sub-006/ses-02/fmap/sub-006_ses-02_dir-AP_run-04_part-phase_epi.json	InstitutionalDepartmentName	"""Department"""	REMOVE
sub-006/ses-02/fmap/sub-006_ses-02_dir-PA_run-01_epi.json	InstitutionalDepartmentName	"""Department"""	REMOVE
sub-006/ses-02/fmap/sub-006_ses-02_dir-PA_run-02_part-phase_epi.json	InstitutionalDepartmentName	"""Department"""	REMOVE
sub-006/ses-02/fmap/sub-006_ses-02_dir-PA_run-03_epi.json	InstitutionalDepartmentName	"""Department"""	REMOVE
sub-006/ses-02/fmap/sub-006_ses-02_dir-PA_run-04_part-phase_epi.json	InstitutionalDepartmentName	"""Department"""	REMOVE
sub-006/ses-02/func/sub-006_ses-02_task-control_run-01_bold.json	InstitutionalDepartmentName	"""Department"""	REMOVE
sub-006/ses-02/func/sub-006_ses-02_task-control_run-01_part-phase_sbref.json	InstitutionalDepartmentName	"""Department"""	REMOVE
sub-006/ses-02/func/sub-006_ses-02_task-control_run-01_sbref.json	InstitutionalDepartmentName	"""Department"""	REMOVE
sub-006/ses-02/func/sub-006_ses-02_task-control_run-02_part-phase_bold.json	InstitutionalDepartmentName	"""Department"""	REMOVE
sub-006/ses-02/func/sub-006_ses-02_task-control_run-02_part-phase_sbref.json	InstitutionalDepartmentName	"""Department"""	REMOVE
sub-006/ses-02/func/sub-006_ses-02_task-control_run-02_sbref.json	InstitutionalDepartmentName	"""Department"""	REMOVE
sub-006/ses-02/func/sub-006_ses-02_task-control_run-03_bold.json	InstitutionalDepartmentName	"""Department"""	REMOVE
sub-006/ses-02/func/sub-006_ses-02_task-control_run-03_part-phase_sbref.json	InstitutionalDepartmentName	"""Department"""	REMOVE
sub-006/ses-02/func/sub-006_ses-02_task-control_run-03_sbref.json	InstitutionalDepartmentName	"""Department"""	REMOVE
sub-006/ses-02/func/sub-006_ses-02_task-control_run-04_part-phase_bold.json	InstitutionalDepartmentName	"""Department"""	REMOVE
sub-006/ses-02/func/sub-006_ses-02_task-control_run-05_bold.json	InstitutionalDepartmentName	"""Department"""	REMOVE
sub-006/ses-02/func/sub-006_ses-02_task-control_run-06_part-phase_bold.json	InstitutionalDepartmentName	"""Department"""	REMOVE
sub-006/ses-02/func/sub-006_ses-02_task-fmri_run-01_bold.json	InstitutionalDepartmentName	"""Department"""	REMOVE
sub-006/ses-02/func/sub-006_ses-02_task-fmri_run-01_part-phase_sbref.json	InstitutionalDepartmentName	"""Department"""	REMOVE
sub-006/ses-02/func/sub-006_ses-02_task-fmri_run-01_sbref.json	InstitutionalDepartmentName	"""Department"""	REMOVE
sub-006/ses-02/func/sub-006_ses-02_task-fmri_run-02_part-phase_bold.json	InstitutionalDepartmentName	"""Department"""	REMOVE
sub-006/ses-02/func/sub-006_ses-02_task-fmri_run-02_part-phase_sbref.json	InstitutionalDepartmentName	"""Department"""	REMOVE
sub-006/ses-02/func/sub-006_ses-02_task-fmri_run-02_sbref.json	InstitutionalDepartmentName	"""Department"""	REMOVE
sub-006/ses-02/func/sub-006_ses-02_task-fmri_run-03_bold.json	InstitutionalDepartmentName	"""Department"""	REMOVE
sub-006/ses-02/func/sub-006_ses-02_task-fmri_run-03_part-phase_sbref.json	InstitutionalDepartmentName	"""Department"""	REMOVE
sub-006/ses-02/func/sub-006_ses-02_task-fmri_run-03_sbref.json	InstitutionalDepartmentName	"""Department"""	REMOVE
sub-006/ses-02/func/sub-006_ses-02_task-fmri_run-04_part-phase_bold.json	InstitutionalDepartmentName	"""Department"""	REMOVE
sub-006/ses-02/func/sub-006_ses-02_task-fmri_run-04_part-phase_sbref.json	InstitutionalDepartmentName	"""Department"""	REMOVE
sub-006/ses-02/func/sub-006_ses-02_task-fmri_run-04_sbref.json	InstitutionalDepartmentName	"""Department"""	REMOVE
sub-006/ses-02/func/sub-006_ses-02_task-fmri_run-05_bold.json	InstitutionalDepartmentName	"""Department"""	REMOVE
sub-006/ses-02/func/sub-006_ses-02_task-fmri_run-06_part-phase_bold.json	InstitutionalDepartmentName	"""Department"""	REMOVE
sub-006/ses-02/func/sub-006_ses-02_task-fmri_run-07_bold.json	InstitutionalDepartmentName	"""Department"""	REMOVE
sub-006/ses-02/func/sub-006_ses-02_task-fmri_run-08_part-phase_bold.json	InstitutionalDepartmentName	"""Department"""	REMOVE
sub-006/ses-02/func/sub-006_ses-02_task-movie_run-01_bold.json	InstitutionalDepartmentName	"""Department"""	REMOVE
sub-006/ses-02/func/sub-006_ses-02_task-movie_run-01_part-phase_sbref.json	InstitutionalDepartmentName	"""Department"""	REMOVE
sub-006/ses-02/func/sub-006_ses-02_task-movie_run-01_sbref.json	InstitutionalDepartmentName	"""Department"""	REMOVE
sub-006/ses-02/func/sub-006_ses-02_task-movie_run-02_part-phase_bold.json	InstitutionalDepartmentName	"""Department"""	REMOVE
sub-006/ses-02/func/sub-006_ses-02_task-movie_run-02_part-phase_sbref.json	InstitutionalDepartmentName	"""Department"""	REMOVE
sub-006/ses-02/func/sub-006_ses-02_task-movie_run-02_sbref.json	InstitutionalDepartmentName	"""Department"""	REMOVE
sub-006/ses-02/func/sub-006_ses-02_task-movie_run-03_bold.json	InstitutionalDepartmentName	"""Department"""	REMOVE
sub-006/ses-02/func/sub-006_ses-02_task-movie_run-03_part-phase_sbref.json	InstitutionalDepartmentName	"""Department"""	REMOVE
sub-006/ses-02/func/sub-006_ses-02_task-movie_run-03_sbref.json	InstitutionalDepartmentName	"""Department"""	REMOVE
sub-006/ses-02/func/sub-006_ses-02_task-movie_run-04_part-phase_bold.json	InstitutionalDepartmentName	"""Department"""	REMOVE
sub-006/ses-02/func/sub-006_ses-02_task-movie_run-04_part-phase_sbref.json	InstitutionalDepartmentName	"""Department"""	REMOVE
sub-006/ses-02/func/sub-006_ses-02_task-movie_run-04_sbref.json	InstitutionalDepartmentName	"""Department"""	REMOVE
sub-006/ses-02/func/sub-006_ses-02_task-movie_run-05_bold.json	InstitutionalDepartmentName	"""Department"""	REMOVE
sub-006/ses-02/func/sub-006_ses-02_task-movie_run-06_part-phase_bold.json	InstitutionalDepartmentName	"""Department"""	REMOVE
sub-006/ses-02/func/sub-006_ses-02_task-movie_run-07_bold.json	InstitutionalDepartmentName	"""Department"""	REMOVE
sub-006/ses-02/func/sub-006_ses-02_task-movie_run-08_part-phase_bold.json	InstitutionalDepartmentName	"""Department"""	REMOVE
sub-006/ses-02/func/sub-006_ses-02_task-rest_run-01_bold.json	InstitutionalDepartmentName	"""Department"""	REMOVE
sub-006/ses-02/func/sub-006_ses-02_task-rest_run-01_part-phase_sbref.json	InstitutionalDepartmentName	"""Department"""	REMOVE
sub-006/ses-02/func/sub-006_ses-02_task-rest_run-01_sbref.json	InstitutionalDepartmentName	"""Department"""	REMOVE
sub-006/ses-02/func/sub-006_ses-02_task-rest_run-02_part-phase_bold.json	InstitutionalDepartmentName	"""Department"""	REMOVE
sub-007/ses-01/anat/sub-007_ses-01_run-01_FLAIR.json	InstitutionalDepartmentName	"""Department"""	REMOVE
sub-007/ses-01/anat/sub-007_ses-01_run-01_T1w.json	InstitutionalDepartmentName	"""Department"""	REMOVE
sub-007/ses-01/anat/sub-007_ses-01_run-01_TB1TFL.json	InstitutionalDepartmentName	"""Department"""	REMOVE
sub-007/ses-01/anat/sub-007_ses-01_run-02_T1w.json	InstitutionalDepartmentName	"""Department"""	REMOVE
sub-007/ses-01/anat/sub-007_ses-01_run-02_TB1TFL.json	InstitutionalDepartmentName	"""Department"""	REMOVE
sub-007/ses-01/anat/sub-007_ses-01_run-03_T1w.json	InstitutionalDepartmentName	"""Department"""	REMOVE
sub-007/ses-01/dwi/sub-007_ses-01_run-01_dwi.json	InstitutionalDepartmentName	"""Department"""	REMOVE
sub-007/ses-01/dwi/sub-007_ses-01_run-02_dwi.json	InstitutionalDepartmentName	"""Department"""	REMOVE
sub-007/ses-01/dwi/sub-007_ses-01_run-05_dwi.json	InstitutionalDepartmentName	"""Department"""	REMOVE
sub-007/ses-01/fmap/sub-007_ses-01_dir-AP_run-01_epi.json	InstitutionalDepartmentName	"""Department"""	REMOVE
sub-007/ses-01/fmap/sub-007_ses-01_dir-AP_run-02_epi.json	InstitutionalDepartmentName	"""Department"""	REMOVE
sub-007/ses-01/fmap/sub-007_ses-01_dir-AP_run-02_part-phase_epi.json	InstitutionalDepartmentName	"""Department"""	REMOVE
sub-007/ses-01/fmap/sub-007_ses-01_dir-AP_run-03_epi.json	InstitutionalDepartmentName	"""Department"""	REMOVE
sub-007/ses-01/fmap/sub-007_ses-01_dir-AP_run-03_part-phase_epi.json	InstitutionalDepartmentName	"""Department"""	REMOVE
sub-007/ses-01/fmap/sub-007_ses-01_dir-AP_run-04_part-phase_epi.json	InstitutionalDepartmentName	"""Department"""	REMOVE
sub-007/ses-01/fmap/sub-007_ses-01_dir-PA_run-01_epi.json	InstitutionalDepartmentName	"""Department"""	REMOVE
sub-007/ses-01/fmap/sub-007_ses-01_dir-PA_run-02_part-phase_epi.json	InstitutionalDepartmentName	"""Department"""	REMOVE
sub-007/ses-01/fmap/sub-007_ses-01_dir-PA_run-03_epi.json	InstitutionalDepartmentName	"""Department"""	REMOVE
sub-007/ses-01/fmap/sub-007_ses-01_dir-PA_run-04_part-phase_epi.json	InstitutionalDepartmentName	"""Department"""	REMOVE
sub-007/ses-01/func/sub-007_ses-01_task-control_run-01_bold.json	InstitutionalDepartmentName	"""Department"""	REMOVE
sub-007/ses-01/func/sub-007_ses-01_task-control_run-01_part-phase_sbref.json	InstitutionalDepartmentName	"""Department"""	REMOVE
sub-007/ses-01/func/sub-007_ses-01_task-control_run-01_sbref.json	InstitutionalDepartmentName	"""Department"""	REMOVE
sub-007/ses-01/func/sub-007_ses-01_task-control_run-02_part-phase_bold.json	InstitutionalDepartmentName	"""Department"""	REMOVE
sub-007/ses-01/func/sub-007_ses-01_task-control_run-02_part-phase_sbref.json	InstitutionalDepartmentName	"""Department"""	REMOVE
sub-007/ses-01/func/sub-007_ses-01_task-control_run-02_sbref.json	InstitutionalDepartmentName	"""Department"""	REMOVE
sub-007/ses-01/func/sub-007_ses-01_task-control_run-03_bold.json	InstitutionalDepartmentName	"""Department"""	REMOVE
sub-007/ses-01/func/sub-007_ses-01_task-control_run-03_part-phase_sbref.json	InstitutionalDepartmentName	"""Department"""	REMOVE
sub-007/ses-01/func/sub-007_ses-01_task-control_run-03_sbref.json	InstitutionalDepartmentName	"""Department"""	REMOVE
sub-007/ses-01/func/sub-007_ses-01_task-control_run-04_part-phase_bold.json	InstitutionalDepartmentName	"""Department"""	REMOVE
sub-007/ses-01/func/sub-007_ses-01_task-control_run-05_bold.json	InstitutionalDepartmentName	"""Department"""	REMOVE
sub-007/ses-01/func/sub-007_ses-01_task-control_run-06_part-phase_bold.json	InstitutionalDepartmentName	"""Department"""	REMOVE
sub-007/ses-01/func/sub-007_ses-01_task-fmri_run-01_bold.json	InstitutionalDepartmentName	"""Department"""	REMOVE
sub-007/ses-01/func/sub-007_ses-01_task-fmri_run-01_part-phase_sbref.json	InstitutionalDepartmentName	"""Department"""	REMOVE
sub-007/ses-01/func/sub-007_ses-01_task-fmri_run-01_sbref.json	InstitutionalDepartmentName	"""Department"""	REMOVE
sub-007/ses-01/func/sub-007_ses-01_task-fmri_run-02_part-phase_bold.json	InstitutionalDepartmentName	"""Department"""	REMOVE
sub-007/ses-01/func/sub-007_ses-01_task-fmri_run-02_part-phase_sbref.json	InstitutionalDepartmentName	"""Department"""	REMOVE
sub-007/ses-01/func/sub-007_ses-01_task-fmri_run-02_sbref.json	InstitutionalDepartmentName	"""Department"""	REMOVE
sub-007/ses-01/func/sub-007_ses-01_task-fmri_run-03_bold.json	InstitutionalDepartmentName	"""Department"""	REMOVE
sub-007/ses-01/func/sub-007_ses-01_task-fmri_run-03_part-phase_sbref.json	InstitutionalDepartmentName	"""Department"""	REMOVE
sub-007/ses-01/func/sub-007_ses-01_task-fmri_run-03_sbref.json	InstitutionalDepartmentName	"""Department"""	REMOVE
sub-007/ses-01/func/sub-007_ses-01_task-fmri_run-04_part-phase_bold.json	InstitutionalDepartmentName	"""Department"""	REMOVE
sub-007/ses-01/func/sub-007_ses-01_task-fmri_run-04_part-phase_sbref.json	InstitutionalDepartmentName	"""Department"""	REMOVE
sub-007/ses-01/func/sub-007_ses-01_task-fmri_run-04_sbref.json	InstitutionalDepartmentName	"""Department"""	REMOVE
sub-007/ses-01/func/sub-007_ses-01_task-fmri_run-05_bold.json	InstitutionalDepartmentName	"""Department"""	REMOVE
sub-007/ses-01/func/sub-007_ses-01_task-fmri_run-06_part-phase_bold.json	InstitutionalDepartmentName	"""Department"""	REMOVE
sub-007/ses-01/func/sub-007_ses-01_task-fmri_run-07_bold.json	InstitutionalDepartmentName	"""Department"""	REMOVE
sub-007/ses-01/func/sub-007_ses-01_task-fmri_run-08_part-phase_bold.json	InstitutionalDepartmentName	"""Department"""	REMOVE
sub-007/ses-01/func/sub-007_ses-01_task-movie_run-01_bold.json	InstitutionalDepartmentName	"""Department"""	REMOVE
sub-007/ses-01/func/sub-007_ses-01_task-movie_run-01_part-phase_sbref.json	InstitutionalDepartmentName	"""Department"""	REMOVE
sub-007/ses-01/func/sub-007_ses-01_task-movie_run-01_sbref.json	InstitutionalDepartmentName	"""Department"""	REMOVE
sub-007/ses-01/func/sub-007_ses-01_task-movie_run-02_part-phase_bold.json	InstitutionalDepartmentName	"""Department"""	REMOVE
sub-007/ses-01/func/sub-007_ses-01_task-movie_run-02_part-phase_sbref.json	InstitutionalDepartmentName	"""Department"""	REMOVE
sub-007/ses-01/func/sub-007_ses-01_task-movie_run-02_sbref.json	InstitutionalDepartmentName	"""Department"""	REMOVE
sub-007/ses-01/func/sub-007_ses-01_task-movie_run-03_bold.json	InstitutionalDepartmentName	"""Department"""	REMOVE
sub-007/ses-01/func/sub-007_ses-01_task-movie_run-03_part-phase_sbref.json	InstitutionalDepartmentName	"""Department"""	REMOVE
sub-007/ses-01/func/sub-007_ses-01_task-movie_run-03_sbref.json	InstitutionalDepartmentName	"""Department"""	REMOVE
sub-007/ses-01/func/sub-007_ses-01_task-movie_run-04_part-phase_bold.json	InstitutionalDepartmentName	"""Department"""	REMOVE
sub-007/ses-01/func/sub-007_ses-01_task-movie_run-04_part-phase_sbref.json	InstitutionalDepartmentName	"""Department"""	REMOVE
sub-007/ses-01/func/sub-007_ses-01_task-movie_run-04_sbref.json	InstitutionalDepartmentName	"""Department"""	REMOVE
sub-007/ses-01/func/sub-007_ses-01_task-movie_run-05_bold.json	InstitutionalDepartmentName	"""Department"""	REMOVE
sub-007/ses-01/func/sub-007_ses-01_task-movie_run-05_part-phase_sbref.json	InstitutionalDepartmentName	"""Department"""	REMOVE
sub-007/ses-01/func/sub-007_ses-01_task-movie_run-05_sbref.json	InstitutionalDepartmentName	"""Department"""	REMOVE
sub-007/ses-01/func/sub-007_ses-01_task-movie_run-06_part-phase_bold.json	InstitutionalDepartmentName	"""Department"""	REMOVE
sub-007/ses-01/func/sub-007_ses-01_task-movie_run-07_bold.json	InstitutionalDepartmentName	"""Department"""	REMOVE
sub-007/ses-01/func/sub-007_ses-01_task-movie_run-08_part-phase_bold.json	InstitutionalDepartmentName	"""Department"""	REMOVE
sub-007/ses-01/func/sub-007_ses-01_task-movie_run-09_bold.json	InstitutionalDepartmentName	"""Department"""	REMOVE
sub-007/ses-01/func/sub-007_ses-01_task-movie_run-10_part-phase_bold.json	InstitutionalDepartmentName	"""Department"""	REMOVE
sub-007/ses-01/func/sub-007_ses-01_task-rest_run-01_bold.json	InstitutionalDepartmentName	"""Department"""	REMOVE
sub-007/ses-01/func/sub-007_ses-01_task-rest_run-01_part-phase_sbref.json	InstitutionalDepartmentName	"""Department"""	REMOVE
sub-007/ses-01/func/sub-007_ses-01_task-rest_run-01_sbref.json	InstitutionalDepartmentName	"""Department"""	REMOVE
sub-007/ses-01/func/sub-007_ses-01_task-rest_run-02_part-phase_bold.json	InstitutionalDepartmentName	"""Department"""	REMOVE
sub-007/ses-02/anat/sub-007_ses-02_run-01_FLAIR.json	InstitutionalDepartmentName	"""Department"""	REMOVE
sub-007/ses-02/anat/sub-007_ses-02_run-01_T1w.json	InstitutionalDepartmentName	"""Department"""	REMOVE
sub-007/ses-02/anat/sub-007_ses-02_run-01_TB1TFL.json	InstitutionalDepartmentName	"""Department"""	REMOVE
sub-007/ses-02/anat/sub-007_ses-02_run-02_T1w.json	InstitutionalDepartmentName	"""Department"""	REMOVE
sub-007/ses-02/anat/sub-007_ses-02_run-02_TB1TFL.json	InstitutionalDepartmentName	"""Department"""	REMOVE
sub-007/ses-02/anat/sub-007_ses-02_run-03_T1w.json	InstitutionalDepartmentName	"""Department"""	REMOVE
sub-007/ses-02/dwi/sub-007_ses-02_run-01_dwi.json	InstitutionalDepartmentName	"""Department"""	REMOVE
sub-007/ses-02/dwi/sub-007_ses-02_run-02_dwi.json	InstitutionalDepartmentName	"""Department"""	REMOVE
sub-007/ses-02/dwi/sub-007_ses-02_run-05_dwi.json	InstitutionalDepartmentName	"""Department"""	REMOVE
sub-007/ses-02/fmap/sub-007_ses-02_dir-AP_run-01_epi.json	InstitutionalDepartmentName	"""Department"""	REMOVE
sub-007/ses-02/fmap/sub-007_ses-02_dir-AP_run-02_part-phase_epi.json	InstitutionalDepartmentName	"""Department"""	REMOVE
sub-007/ses-02/fmap/sub-007_ses-02_dir-AP_run-03_epi.json	InstitutionalDepartmentName	"""Department"""	REMOVE
sub-007/ses-02/fmap/sub-007_ses-02_dir-AP_run-04_part-phase_epi.json	InstitutionalDepartmentName	"""Department"""	REMOVE
sub-007/ses-02/fmap/sub-007_ses-02_dir-PA_run-01_epi.json	InstitutionalDepartmentName	"""Department"""	REMOVE
sub-007/ses-02/fmap/sub-007_ses-02_dir-PA_run-02_part-phase_epi.json	InstitutionalDepartmentName	"""Department"""	REMOVE
sub-007/ses-02/fmap/sub-007_ses-02_dir-PA_run-03_epi.json	InstitutionalDepartmentName	"""Department"""	REMOVE
sub-007/ses-02/fmap/sub-007_ses-02_dir-PA_run-04_part-phase_epi.json	InstitutionalDepartmentName	"""Department"""	REMOVE
sub-007/ses-02/func/sub-007_ses-02_task-control_run-01_bold.json	InstitutionalDepartmentName	"""Department"""	REMOVE
sub-007/ses-02/func/sub-007_ses-02_task-control_run-01_part-phase_sbref.json	InstitutionalDepartmentName	"""Department"""	REMOVE
sub-007/ses-02/func/sub-007_ses-02_task-control_run-01_sbref.json	InstitutionalDepartmentName	"""Department"""	REMOVE
sub-007/ses-02/func/sub-007_ses-02_task-control_run-02_part-phase_bold.json	InstitutionalDepartmentName	"""Department"""	REMOVE
sub-007/ses-02/func/sub-007_ses-02_task-control_run-02_part-phase_sbref.json	InstitutionalDepartmentName	"""Department"""	REMOVE
sub-007/ses-02/func/sub-007_ses-02_task-control_run-02_sbref.json	InstitutionalDepartmentName	"""Department"""	REMOVE
sub-007/ses-02/func/sub-007_ses-02_task-control_run-03_bold.json	InstitutionalDepartmentName	"""Department"""	REMOVE
sub-007/ses-02/func/sub-007_ses-02_task-control_run-03_part-phase_sbref.json	InstitutionalDepartmentName	"""Department"""	REMOVE
sub-007/ses-02/func/sub-007_ses-02_task-control_run-03_sbref.json	InstitutionalDepartmentName	"""Department"""	REMOVE
sub-007/ses-02/func/sub-007_ses-02_task-control_run-04_part-phase_bold.json	InstitutionalDepartmentName	"""Department"""	REMOVE
sub-007/ses-02/func/sub-007_ses-02_task-control_run-05_bold.json	InstitutionalDepartmentName	"""Department"""	REMOVE
sub-007/ses-02/func/sub-007_ses-02_task-control_run-06_part-phase_bold.json	InstitutionalDepartmentName	"""Department"""	REMOVE
sub-007/ses-02/func/sub-007_ses-02_task-fmri_run-01_bold.json	InstitutionalDepartmentName	"""Department"""	REMOVE
sub-007/ses-02/func/sub-007_ses-02_task-fmri_run-01_part-phase_sbref.json	InstitutionalDepartmentName	"""Department"""	REMOVE
sub-007/ses-02/func/sub-007_ses-02_task-fmri_run-01_sbref.json	InstitutionalDepartmentName	"""Department"""	REMOVE
sub-007/ses-02/func/sub-007_ses-02_task-fmri_run-02_part-phase_bold.json	InstitutionalDepartmentName	"""Department"""	REMOVE
sub-007/ses-02/func/sub-007_ses-02_task-fmri_run-02_part-phase_sbref.json	InstitutionalDepartmentName	"""Department"""	REMOVE
sub-007/ses-02/func/sub-007_ses-02_task-fmri_run-02_sbref.json	InstitutionalDepartmentName	"""Department"""	REMOVE
sub-007/ses-02/func/sub-007_ses-02_task-fmri_run-03_bold.json	InstitutionalDepartmentName	"""Department"""	REMOVE
sub-007/ses-02/func/sub-007_ses-02_task-fmri_run-03_part-phase_sbref.json	InstitutionalDepartmentName	"""Department"""	REMOVE
sub-007/ses-02/func/sub-007_ses-02_task-fmri_run-03_sbref.json	InstitutionalDepartmentName	"""Department"""	REMOVE
sub-007/ses-02/func/sub-007_ses-02_task-fmri_run-04_part-phase_bold.json	InstitutionalDepartmentName	"""Department"""	REMOVE
sub-007/ses-02/func/sub-007_ses-02_task-fmri_run-04_part-phase_sbref.json	InstitutionalDepartmentName	"""Department"""	REMOVE
sub-007/ses-02/func/sub-007_ses-02_task-fmri_run-04_sbref.json	InstitutionalDepartmentName	"""Department"""	REMOVE
sub-007/ses-02/func/sub-007_ses-02_task-fmri_run-05_bold.json	InstitutionalDepartmentName	"""Department"""	REMOVE
sub-007/ses-02/func/sub-007_ses-02_task-fmri_run-06_part-phase_bold.json	InstitutionalDepartmentName	"""Department"""	REMOVE
sub-007/ses-02/func/sub-007_ses-02_task-fmri_run-07_bold.json	InstitutionalDepartmentName	"""Department"""	REMOVE
sub-007/ses-02/func/sub-007_ses-02_task-fmri_run-08_part-phase_bold.json	InstitutionalDepartmentName	"""Department"""	REMOVE
sub-007/ses-02/func/sub-007_ses-02_task-movie_run-01_bold.json	InstitutionalDepartmentName	"""Department"""	REMOVE
sub-007/ses-02/func/sub-007_ses-02_task-movie_run-01_part-phase_sbref.json	InstitutionalDepartmentName	"""Department"""	REMOVE
sub-007/ses-02/func/sub-007_ses-02_task-movie_run-01_sbref.json	InstitutionalDepartmentName	"""Department"""	REMOVE
sub-007/ses-02/func/sub-007_ses-02_task-movie_run-02_part-phase_bold.json	InstitutionalDepartmentName	"""Department"""	REMOVE
sub-007/ses-02/func/sub-007_ses-02_task-movie_run-02_part-phase_sbref.json	InstitutionalDepartmentName	"""Department"""	REMOVE
sub-007/ses-02/func/sub-007_ses-02_task-movie_run-02_sbref.json	InstitutionalDepartmentName	"""Department"""	REMOVE
sub-007/ses-02/func/sub-007_ses-02_task-movie_run-03_bold.json	InstitutionalDepartmentName	"""Department"""	REMOVE
sub-007/ses-02/func/sub-007_ses-02_task-movie_run-03_part-phase_sbref.json	InstitutionalDepartmentName	"""Department"""	REMOVE
sub-007/ses-02/func/sub-007_ses-02_task-movie_run-03_sbref.json	InstitutionalDepartmentName	"""Department"""	REMOVE
sub-007/ses-02/func/sub-007_ses-02_task-movie_run-04_part-phase_bold.json	InstitutionalDepartmentName	"""Department"""	REMOVE
sub-007/ses-02/func/sub-007_ses-02_task-movie_run-04_part-phase_sbref.json	InstitutionalDepartmentName	"""Department"""	REMOVE
sub-007/ses-02/func/sub-007_ses-02_task-movie_run-04_sbref.json	InstitutionalDepartmentName	"""Department"""	REMOVE
sub-007/ses-02/func/sub-007_ses-02_task-movie_run-05_bold.json	InstitutionalDepartmentName	"""Department"""	REMOVE
sub-007/ses-02/func/sub-007_ses-02_task-movie_run-06_part-phase_bold.json	InstitutionalDepartmentName	"""Department"""	REMOVE
sub-007/ses-02/func/sub-007_ses-02_task-movie_run-07_bold.json	InstitutionalDepartmentName	"""Department"""	REMOVE
sub-007/ses-02/func/sub-007_ses-02_task-movie_run-08_part-phase_bold.json	InstitutionalDepartmentName	"""Department"""	REMOVE
sub-007/ses-02/func/sub-007_ses-02_task-rest_run-01_bold.json	InstitutionalDepartmentName	"""Department"""	REMOVE
sub-007/ses-02/func/sub-007_ses-02_task-rest_run-01_part-phase_sbref.json	InstitutionalDepartmentName	"""Department"""	REMOVE
sub-007/ses-02/func/sub-007_ses-02_task-rest_run-01_sbref.json	InstitutionalDepartmentName	"""Department"""	REMOVE
sub-007/ses-02/func/sub-007_ses-02_task-rest_run-02_part-phase_bold.json	InstitutionalDepartmentName	"""Department"""	REMOVE
sub-008/ses-01/anat/sub-008_ses-01_run-01_FLAIR.json	InstitutionalDepartmentName	"""Department"""	REMOVE
sub-008/ses-01/anat/sub-008_ses-01_run-01_T1w.json	InstitutionalDepartmentName	"""Department"""	REMOVE
sub-008/ses-01/anat/sub-008_ses-01_run-01_TB1TFL.json	InstitutionalDepartmentName	"""Department"""	REMOVE
sub-008/ses-01/anat/sub-008_ses-01_run-02_T1w.json	InstitutionalDepartmentName	"""Department"""	REMOVE
sub-008/ses-01/anat/sub-008_ses-01_run-02_TB1TFL.json	InstitutionalDepartmentName	"""Department"""	REMOVE
sub-008/ses-01/anat/sub-008_ses-01_run-03_T1w.json	InstitutionalDepartmentName	"""Department"""	REMOVE
sub-008/ses-01/dwi/sub-008_ses-01_run-01_dwi.json	InstitutionalDepartmentName	"""Department"""	REMOVE
sub-008/ses-01/dwi/sub-008_ses-01_run-02_dwi.json	InstitutionalDepartmentName	"""Department"""	REMOVE
sub-008/ses-01/dwi/sub-008_ses-01_run-05_dwi.json	InstitutionalDepartmentName	"""Department"""	REMOVE
sub-008/ses-01/fmap/sub-008_ses-01_dir-AP_run-01_epi.json	InstitutionalDepartmentName	"""Department"""	REMOVE
sub-008/ses-01/fmap/sub-008_ses-01_dir-AP_run-02_part-phase_epi.json	InstitutionalDepartmentName	"""Department"""	REMOVE
sub-008/ses-01/fmap/sub-008_ses-01_dir-AP_run-03_epi.json	InstitutionalDepartmentName	"""Department"""	REMOVE
sub-008/ses-01/fmap/sub-008_ses-01_dir-AP_run-04_part-phase_epi.json	InstitutionalDepartmentName	"""Department"""	REMOVE
sub-008/ses-01/fmap/sub-008_ses-01_dir-PA_run-01_epi.json	InstitutionalDepartmentName	"""Department"""	REMOVE
sub-008/ses-01/fmap/sub-008_ses-01_dir-PA_run-02_part-phase_epi.json	InstitutionalDepartmentName	"""Department"""	REMOVE
sub-008/ses-01/fmap/sub-008_ses-01_dir-PA_run-03_epi.json	InstitutionalDepartmentName	"""Department"""	REMOVE
sub-008/ses-01/fmap/sub-008_ses-01_dir-PA_run-04_part-phase_epi.json	InstitutionalDepartmentName	"""Department"""	REMOVE
sub-008/ses-01/func/sub-008_ses-01_task-control_run-01_bold.json	InstitutionalDepartmentName	"""Department"""	REMOVE
sub-008/ses-01/func/sub-008_ses-01_task-control_run-01_part-phase_sbref.json	InstitutionalDepartmentName	"""Department"""	REMOVE
sub-008/ses-01/func/sub-008_ses-01_task-control_run-01_sbref.json	InstitutionalDepartmentName	"""Department"""	REMOVE
sub-008/ses-01/func/sub-008_ses-01_task-control_run-02_part-phase_bold.json	InstitutionalDepartmentName	"""Department"""	REMOVE
sub-008/ses-01/func/sub-008_ses-01_task-control_run-02_part-phase_sbref.json	InstitutionalDepartmentName	"""Department"""	REMOVE
sub-008/ses-01/func/sub-008_ses-01_task-control_run-02_sbref.json	InstitutionalDepartmentName	"""Department"""	REMOVE
sub-008/ses-01/func/sub-008_ses-01_task-control_run-03_bold.json	InstitutionalDepartmentName	"""Department"""	REMOVE
sub-008/ses-01/func/sub-008_ses-01_task-control_run-03_part-phase_sbref.json	InstitutionalDepartmentName	"""Department"""	REMOVE
sub-008/ses-01/func/sub-008_ses-01_task-control_run-03_sbref.json	InstitutionalDepartmentName	"""Department"""	REMOVE
sub-008/ses-01/func/sub-008_ses-01_task-control_run-04_part-phase_bold.json	InstitutionalDepartmentName	"""Department"""	REMOVE
sub-008/ses-01/func/sub-008_ses-01_task-control_run-04_part-phase_sbref.json	InstitutionalDepartmentName	"""Department"""	REMOVE
sub-008/ses-01/func/sub-008_ses-01_task-control_run-04_sbref.json	InstitutionalDepartmentName	"""Department"""	REMOVE
sub-008/ses-01/func/sub-008_ses-01_task-control_run-05_bold.json	InstitutionalDepartmentName	"""Department"""	REMOVE
sub-008/ses-01/func/sub-008_ses-01_task-control_run-05_part-phase_sbref.json	InstitutionalDepartmentName	"""Department"""	REMOVE
sub-008/ses-01/func/sub-008_ses-01_task-control_run-05_sbref.json	InstitutionalDepartmentName	"""Department"""	REMOVE
sub-008/ses-01/func/sub-008_ses-01_task-control_run-06_part-phase_bold.json	InstitutionalDepartmentName	"""Department"""	REMOVE
sub-008/ses-01/func/sub-008_ses-01_task-control_run-07_bold.json	InstitutionalDepartmentName	"""Department"""	REMOVE
sub-008/ses-01/func/sub-008_ses-01_task-control_run-08_part-phase_bold.json	InstitutionalDepartmentName	"""Department"""	REMOVE
sub-008/ses-01/func/sub-008_ses-01_task-control_run-09_bold.json	InstitutionalDepartmentName	"""Department"""	REMOVE
sub-008/ses-01/func/sub-008_ses-01_task-control_run-10_part-phase_bold.json	InstitutionalDepartmentName	"""Department"""	REMOVE
sub-008/ses-01/func/sub-008_ses-01_task-fmri_run-01_bold.json	InstitutionalDepartmentName	"""Department"""	REMOVE
sub-008/ses-01/func/sub-008_ses-01_task-fmri_run-01_part-phase_sbref.json	InstitutionalDepartmentName	"""Department"""	REMOVE
sub-008/ses-01/func/sub-008_ses-01_task-fmri_run-01_sbref.json	InstitutionalDepartmentName	"""Department"""	REMOVE
sub-008/ses-01/func/sub-008_ses-01_task-fmri_run-02_part-phase_bold.json	InstitutionalDepartmentName	"""Department"""	REMOVE
sub-008/ses-01/func/sub-008_ses-01_task-fmri_run-02_part-phase_sbref.json	InstitutionalDepartmentName	"""Department"""	REMOVE
sub-008/ses-01/func/sub-008_ses-01_task-fmri_run-02_sbref.json	InstitutionalDepartmentName	"""Department"""	REMOVE
sub-008/ses-01/func/sub-008_ses-01_task-fmri_run-03_bold.json	InstitutionalDepartmentName	"""Department"""	REMOVE
sub-008/ses-01/func/sub-008_ses-01_task-fmri_run-03_part-phase_sbref.json	InstitutionalDepartmentName	"""Department"""	REMOVE
sub-008/ses-01/func/sub-008_ses-01_task-fmri_run-03_sbref.json	InstitutionalDepartmentName	"""Department"""	REMOVE
sub-008/ses-01/func/sub-008_ses-01_task-fmri_run-04_part-phase_bold.json	InstitutionalDepartmentName	"""Department"""	REMOVE
sub-008/ses-01/func/sub-008_ses-01_task-fmri_run-04_part-phase_sbref.json	InstitutionalDepartmentName	"""Department"""	REMOVE
sub-008/ses-01/func/sub-008_ses-01_task-fmri_run-04_sbref.json	InstitutionalDepartmentName	"""Department"""	REMOVE
sub-008/ses-01/func/sub-008_ses-01_task-fmri_run-05_bold.json	InstitutionalDepartmentName	"""Department"""	REMOVE
sub-008/ses-01/func/sub-008_ses-01_task-fmri_run-06_part-phase_bold.json	InstitutionalDepartmentName	"""Department"""	REMOVE
sub-008/ses-01/func/sub-008_ses-01_task-fmri_run-07_bold.json	InstitutionalDepartmentName	"""Department"""	REMOVE
sub-008/ses-01/func/sub-008_ses-01_task-fmri_run-08_part-phase_bold.json	InstitutionalDepartmentName	"""Department"""	REMOVE
sub-008/ses-01/func/sub-008_ses-01_task-movie_run-01_bold.json	InstitutionalDepartmentName	"""Department"""	REMOVE
sub-008/ses-01/func/sub-008_ses-01_task-movie_run-01_part-phase_sbref.json	InstitutionalDepartmentName	"""Department"""	REMOVE
sub-008/ses-01/func/sub-008_ses-01_task-movie_run-01_sbref.json	InstitutionalDepartmentName	"""Department"""	REMOVE
sub-008/ses-01/func/sub-008_ses-01_task-movie_run-02_part-phase_bold.json	InstitutionalDepartmentName	"""Department"""	REMOVE
sub-008/ses-01/func/sub-008_ses-01_task-movie_run-02_part-phase_sbref.json	InstitutionalDepartmentName	"""Department"""	REMOVE
sub-008/ses-01/func/sub-008_ses-01_task-movie_run-02_sbref.json	InstitutionalDepartmentName	"""Department"""	REMOVE
sub-008/ses-01/func/sub-008_ses-01_task-movie_run-03_bold.json	InstitutionalDepartmentName	"""Department"""	REMOVE
sub-008/ses-01/func/sub-008_ses-01_task-movie_run-03_part-phase_sbref.json	InstitutionalDepartmentName	"""Department"""	REMOVE
sub-008/ses-01/func/sub-008_ses-01_task-movie_run-03_sbref.json	InstitutionalDepartmentName	"""Department"""	REMOVE
sub-008/ses-01/func/sub-008_ses-01_task-movie_run-04_part-phase_bold.json	InstitutionalDepartmentName	"""Department"""	REMOVE
sub-008/ses-01/func/sub-008_ses-01_task-movie_run-04_part-phase_sbref.json	InstitutionalDepartmentName	"""Department"""	REMOVE
sub-008/ses-01/func/sub-008_ses-01_task-movie_run-04_sbref.json	InstitutionalDepartmentName	"""Department"""	REMOVE
sub-008/ses-01/func/sub-008_ses-01_task-movie_run-05_bold.json	InstitutionalDepartmentName	"""Department"""	REMOVE
sub-008/ses-01/func/sub-008_ses-01_task-movie_run-06_part-phase_bold.json	InstitutionalDepartmentName	"""Department"""	REMOVE
sub-008/ses-01/func/sub-008_ses-01_task-movie_run-07_bold.json	InstitutionalDepartmentName	"""Department"""	REMOVE
sub-008/ses-01/func/sub-008_ses-01_task-movie_run-08_part-phase_bold.json	InstitutionalDepartmentName	"""Department"""	REMOVE
sub-008/ses-01/func/sub-008_ses-01_task-rest_run-01_bold.json	InstitutionalDepartmentName	"""Department"""	REMOVE
sub-008/ses-01/func/sub-008_ses-01_task-rest_run-01_part-phase_sbref.json	InstitutionalDepartmentName	"""Department"""	REMOVE
sub-008/ses-01/func/sub-008_ses-01_task-rest_run-01_sbref.json	InstitutionalDepartmentName	"""Department"""	REMOVE
sub-008/ses-01/func/sub-008_ses-01_task-rest_run-02_part-phase_bold.json	InstitutionalDepartmentName	"""Department"""	REMOVE
sub-008/ses-02/anat/sub-008_ses-02_run-01_FLAIR.json	InstitutionalDepartmentName	"""Department"""	REMOVE
sub-008/ses-02/anat/sub-008_ses-02_run-01_T1w.json	InstitutionalDepartmentName	"""Department"""	REMOVE
sub-008/ses-02/anat/sub-008_ses-02_run-02_T1w.json	InstitutionalDepartmentName	"""Department"""	REMOVE
sub-008/ses-02/anat/sub-008_ses-02_run-03_T1w.json	InstitutionalDepartmentName	"""Department"""	REMOVE
sub-008/ses-02/dwi/sub-008_ses-02_run-03_dwi.json	InstitutionalDepartmentName	"""Department"""	REMOVE
sub-008/ses-02/fmap/sub-008_ses-02_dir-AP_run-01_epi.json	InstitutionalDepartmentName	"""Department"""	REMOVE
sub-008/ses-02/fmap/sub-008_ses-02_dir-AP_run-02_part-phase_epi.json	InstitutionalDepartmentName	"""Department"""	REMOVE
sub-008/ses-02/fmap/sub-008_ses-02_dir-AP_run-03_epi.json	InstitutionalDepartmentName	"""Department"""	REMOVE
sub-008/ses-02/fmap/sub-008_ses-02_dir-AP_run-04_part-phase_epi.json	InstitutionalDepartmentName	"""Department"""	REMOVE
sub-008/ses-02/fmap/sub-008_ses-02_dir-PA_run-01_epi.json	InstitutionalDepartmentName	"""Department"""	REMOVE
sub-008/ses-02/fmap/sub-008_ses-02_dir-PA_run-02_part-phase_epi.json	InstitutionalDepartmentName	"""Department"""	REMOVE
sub-008/ses-02/fmap/sub-008_ses-02_dir-PA_run-03_epi.json	InstitutionalDepartmentName	"""Department"""	REMOVE
sub-008/ses-02/fmap/sub-008_ses-02_dir-PA_run-04_part-phase_epi.json	InstitutionalDepartmentName	"""Department"""	REMOVE
sub-008/ses-02/func/sub-008_ses-02_task-control_run-01_bold.json	InstitutionalDepartmentName	"""Department"""	REMOVE
sub-008/ses-02/func/sub-008_ses-02_task-control_run-01_part-phase_sbref.json	InstitutionalDepartmentName	"""Department"""	REMOVE
sub-008/ses-02/func/sub-008_ses-02_task-control_run-01_sbref.json	InstitutionalDepartmentName	"""Department"""	REMOVE
sub-008/ses-02/func/sub-008_ses-02_task-control_run-02_part-phase_bold.json	InstitutionalDepartmentName	"""Department"""	REMOVE
sub-008/ses-02/func/sub-008_ses-02_task-control_run-02_part-phase_sbref.json	InstitutionalDepartmentName	"""Department"""	REMOVE
sub-008/ses-02/func/sub-008_ses-02_task-control_run-02_sbref.json	InstitutionalDepartmentName	"""Department"""	REMOVE
sub-008/ses-02/func/sub-008_ses-02_task-control_run-03_bold.json	InstitutionalDepartmentName	"""Department"""	REMOVE
sub-008/ses-02/func/sub-008_ses-02_task-control_run-03_part-phase_sbref.json	InstitutionalDepartmentName	"""Department"""	REMOVE
sub-008/ses-02/func/sub-008_ses-02_task-control_run-03_sbref.json	InstitutionalDepartmentName	"""Department"""	REMOVE
sub-008/ses-02/func/sub-008_ses-02_task-control_run-04_part-phase_bold.json	InstitutionalDepartmentName	"""Department"""	REMOVE
sub-008/ses-02/func/sub-008_ses-02_task-control_run-05_bold.json	InstitutionalDepartmentName	"""Department"""	REMOVE
sub-008/ses-02/func/sub-008_ses-02_task-control_run-06_part-phase_bold.json	InstitutionalDepartmentName	"""Department"""	REMOVE
sub-008/ses-02/func/sub-008_ses-02_task-fmri_run-01_bold.json	InstitutionalDepartmentName	"""Department"""	REMOVE
sub-008/ses-02/func/sub-008_ses-02_task-fmri_run-01_part-phase_sbref.json	InstitutionalDepartmentName	"""Department"""	REMOVE
sub-008/ses-02/func/sub-008_ses-02_task-fmri_run-01_sbref.json	InstitutionalDepartmentName	"""Department"""	REMOVE
sub-008/ses-02/func/sub-008_ses-02_task-fmri_run-02_part-phase_bold.json	InstitutionalDepartmentName	"""Department"""	REMOVE
sub-008/ses-02/func/sub-008_ses-02_task-fmri_run-02_part-phase_sbref.json	InstitutionalDepartmentName	"""Department"""	REMOVE
sub-008/ses-02/func/sub-008_ses-02_task-fmri_run-02_sbref.json	InstitutionalDepartmentName	"""Department"""	REMOVE
sub-008/ses-02/func/sub-008_ses-02_task-fmri_run-03_bold.json	InstitutionalDepartmentName	"""Department"""	REMOVE
sub-008/ses-02/func/sub-008_ses-02_task-fmri_run-03_part-phase_sbref.json	InstitutionalDepartmentName	"""Department"""	REMOVE
sub-008/ses-02/func/sub-008_ses-02_task-fmri_run-03_sbref.json	InstitutionalDepartmentName	"""Department"""	REMOVE
sub-008/ses-02/func/sub-008_ses-02_task-fmri_run-04_part-phase_bold.json	InstitutionalDepartmentName	"""Department"""	REMOVE
sub-008/ses-02/func/sub-008_ses-02_task-fmri_run-04_part-phase_sbref.json	InstitutionalDepartmentName	"""Department"""	REMOVE
sub-008/ses-02/func/sub-008_ses-02_task-fmri_run-04_sbref.json	InstitutionalDepartmentName	"""Department"""	REMOVE
sub-008/ses-02/func/sub-008_ses-02_task-fmri_run-05_bold.json	InstitutionalDepartmentName	"""Department"""	REMOVE
sub-008/ses-02/func/sub-008_ses-02_task-fmri_run-06_part-phase_bold.json	InstitutionalDepartmentName	"""Department"""	REMOVE
sub-008/ses-02/func/sub-008_ses-02_task-fmri_run-07_bold.json	InstitutionalDepartmentName	"""Department"""	REMOVE
sub-008/ses-02/func/sub-008_ses-02_task-fmri_run-08_part-phase_bold.json	InstitutionalDepartmentName	"""Department"""	REMOVE
sub-008/ses-02/func/sub-008_ses-02_task-movie_run-01_bold.json	InstitutionalDepartmentName	"""Department"""	REMOVE
sub-008/ses-02/func/sub-008_ses-02_task-movie_run-01_part-phase_sbref.json	InstitutionalDepartmentName	"""Department"""	REMOVE
sub-008/ses-02/func/sub-008_ses-02_task-movie_run-01_sbref.json	InstitutionalDepartmentName	"""Department"""	REMOVE
sub-008/ses-02/func/sub-008_ses-02_task-movie_run-02_part-phase_bold.json	InstitutionalDepartmentName	"""Department"""	REMOVE
sub-008/ses-02/func/sub-008_ses-02_task-movie_run-02_part-phase_sbref.json	InstitutionalDepartmentName	"""Department"""	REMOVE
sub-008/ses-02/func/sub-008_ses-02_task-movie_run-02_sbref.json	InstitutionalDepartmentName	"""Department"""	REMOVE
sub-008/ses-02/func/sub-008_ses-02_task-movie_run-03_bold.json	InstitutionalDepartmentName	"""Department"""	REMOVE
sub-008/ses-02/func/sub-008_ses-02_task-movie_run-03_part-phase_sbref.json	InstitutionalDepartmentName	"""Department"""	REMOVE
sub-008/ses-02/func/sub-008_ses-02_task-movie_run-03_sbref.json	InstitutionalDepartmentName	"""Department"""	REMOVE
sub-008/ses-02/func/sub-008_ses-02_task-movie_run-04_part-phase_bold.json	InstitutionalDepartmentName	"""Department"""	REMOVE
sub-008/ses-02/func/sub-008_ses-02_task-movie_run-04_part-phase_sbref.json	InstitutionalDepartmentName	"""Department"""	REMOVE
sub-008/ses-02/func/sub-008_ses-02_task-movie_run-04_sbref.json	InstitutionalDepartmentName	"""Department"""	REMOVE
sub-008/ses-02/func/sub-008_ses-02_task-movie_run-05_bold.json	InstitutionalDepartmentName	"""Department"""	REMOVE
sub-008/ses-02/func/sub-008_ses-02_task-movie_run-06_part-phase_bold.json	InstitutionalDepartmentName	"""Department"""	REMOVE
sub-008/ses-02/func/sub-008_ses-02_task-movie_run-07_bold.json	InstitutionalDepartmentName	"""Department"""	REMOVE
sub-008/ses-02/func/sub-008_ses-02_task-movie_run-08_part-phase_bold.json	InstitutionalDepartmentName	"""Department"""	REMOVE
sub-008/ses-02/func/sub-008_ses-02_task-rest_run-01_bold.json	InstitutionalDepartmentName	"""Department"""	REMOVE
sub-008/ses-02/func/sub-008_ses-02_task-rest_run-01_part-phase_sbref.json	InstitutionalDepartmentName	"""Department"""	REMOVE
sub-008/ses-02/func/sub-008_ses-02_task-rest_run-01_sbref.json	InstitutionalDepartmentName	"""Department"""	REMOVE
sub-008/ses-02/func/sub-008_ses-02_task-rest_run-02_part-phase_bold.json	InstitutionalDepartmentName	"""Department"""	REMOVE
sub-009/ses-01/anat/sub-009_ses-01_run-01_FLAIR.json	InstitutionalDepartmentName	"""Department"""	REMOVE
sub-009/ses-01/anat/sub-009_ses-01_run-01_T1w.json	InstitutionalDepartmentName	"""Department"""	REMOVE
sub-009/ses-01/anat/sub-009_ses-01_run-01_TB1TFL.json	InstitutionalDepartmentName	"""Department"""	REMOVE
sub-009/ses-01/anat/sub-009_ses-01_run-02_T1w.json	InstitutionalDepartmentName	"""Department"""	REMOVE
sub-009/ses-01/anat/sub-009_ses-01_run-02_TB1TFL.json	InstitutionalDepartmentName	"""Department"""	REMOVE
sub-009/ses-01/anat/sub-009_ses-01_run-03_T1w.json	InstitutionalDepartmentName	"""Department"""	REMOVE
sub-009/ses-01/dwi/sub-009_ses-01_run-01_dwi.json	InstitutionalDepartmentName	"""Department"""	REMOVE
sub-009/ses-01/dwi/sub-009_ses-01_run-02_dwi.json	InstitutionalDepartmentName	"""Department"""	REMOVE
sub-009/ses-01/dwi/sub-009_ses-01_run-05_dwi.json	InstitutionalDepartmentName	"""Department"""	REMOVE
sub-009/ses-01/fmap/sub-009_ses-01_dir-AP_run-01_epi.json	InstitutionalDepartmentName	"""Department"""	REMOVE
sub-009/ses-01/fmap/sub-009_ses-01_dir-AP_run-02_part-phase_epi.json	InstitutionalDepartmentName	"""Department"""	REMOVE
sub-009/ses-01/fmap/sub-009_ses-01_dir-AP_run-03_epi.json	InstitutionalDepartmentName	"""Department"""	REMOVE
sub-009/ses-01/fmap/sub-009_ses-01_dir-AP_run-04_part-phase_epi.json	InstitutionalDepartmentName	"""Department"""	REMOVE
sub-009/ses-01/fmap/sub-009_ses-01_dir-PA_run-01_epi.json	InstitutionalDepartmentName	"""Department"""	REMOVE
sub-009/ses-01/fmap/sub-009_ses-01_dir-PA_run-02_part-phase_epi.json	InstitutionalDepartmentName	"""Department"""	REMOVE
sub-009/ses-01/fmap/sub-009_ses-01_dir-PA_run-03_epi.json	InstitutionalDepartmentName	"""Department"""	REMOVE
sub-009/ses-01/fmap/sub-009_ses-01_dir-PA_run-04_part-phase_epi.json	InstitutionalDepartmentName	"""Department"""	REMOVE
sub-009/ses-01/func/sub-009_ses-01_task-control_run-01_bold.json	InstitutionalDepartmentName	"""Department"""	REMOVE
sub-009/ses-01/func/sub-009_ses-01_task-control_run-01_part-phase_sbref.json	InstitutionalDepartmentName	"""Department"""	REMOVE
sub-009/ses-01/func/sub-009_ses-01_task-control_run-01_sbref.json	InstitutionalDepartmentName	"""Department"""	REMOVE
sub-009/ses-01/func/sub-009_ses-01_task-control_run-02_part-phase_bold.json	InstitutionalDepartmentName	"""Department"""	REMOVE
sub-009/ses-01/func/sub-009_ses-01_task-control_run-02_part-phase_sbref.json	InstitutionalDepartmentName	"""Department"""	REMOVE
sub-009/ses-01/func/sub-009_ses-01_task-control_run-02_sbref.json	InstitutionalDepartmentName	"""Department"""	REMOVE
sub-009/ses-01/func/sub-009_ses-01_task-control_run-03_bold.json	InstitutionalDepartmentName	"""Department"""	REMOVE
sub-009/ses-01/func/sub-009_ses-01_task-control_run-03_part-phase_sbref.json	InstitutionalDepartmentName	"""Department"""	REMOVE
sub-009/ses-01/func/sub-009_ses-01_task-control_run-03_sbref.json	InstitutionalDepartmentName	"""Department"""	REMOVE
sub-009/ses-01/func/sub-009_ses-01_task-control_run-04_part-phase_bold.json	InstitutionalDepartmentName	"""Department"""	REMOVE
sub-009/ses-01/func/sub-009_ses-01_task-control_run-05_bold.json	InstitutionalDepartmentName	"""Department"""	REMOVE
sub-009/ses-01/func/sub-009_ses-01_task-control_run-06_part-phase_bold.json	InstitutionalDepartmentName	"""Department"""	REMOVE
sub-009/ses-01/func/sub-009_ses-01_task-fmri_run-01_bold.json	InstitutionalDepartmentName	"""Department"""	REMOVE
sub-009/ses-01/func/sub-009_ses-01_task-fmri_run-01_part-phase_sbref.json	InstitutionalDepartmentName	"""Department"""	REMOVE
sub-009/ses-01/func/sub-009_ses-01_task-fmri_run-01_sbref.json	InstitutionalDepartmentName	"""Department"""	REMOVE
sub-009/ses-01/func/sub-009_ses-01_task-fmri_run-02_part-phase_bold.json	InstitutionalDepartmentName	"""Department"""	REMOVE
sub-009/ses-01/func/sub-009_ses-01_task-fmri_run-02_part-phase_sbref.json	InstitutionalDepartmentName	"""Department"""	REMOVE
sub-009/ses-01/func/sub-009_ses-01_task-fmri_run-02_sbref.json	InstitutionalDepartmentName	"""Department"""	REMOVE
sub-009/ses-01/func/sub-009_ses-01_task-fmri_run-03_bold.json	InstitutionalDepartmentName	"""Department"""	REMOVE
sub-009/ses-01/func/sub-009_ses-01_task-fmri_run-03_part-phase_sbref.json	InstitutionalDepartmentName	"""Department"""	REMOVE
sub-009/ses-01/func/sub-009_ses-01_task-fmri_run-03_sbref.json	InstitutionalDepartmentName	"""Department"""	REMOVE
sub-009/ses-01/func/sub-009_ses-01_task-fmri_run-04_part-phase_bold.json	InstitutionalDepartmentName	"""Department"""	REMOVE
sub-009/ses-01/func/sub-009_ses-01_task-fmri_run-04_part-phase_sbref.json	InstitutionalDepartmentName	"""Department"""	REMOVE
sub-009/ses-01/func/sub-009_ses-01_task-fmri_run-04_sbref.json	InstitutionalDepartmentName	"""Department"""	REMOVE
sub-009/ses-01/func/sub-009_ses-01_task-fmri_run-05_bold.json	InstitutionalDepartmentName	"""Department"""	REMOVE
sub-009/ses-01/func/sub-009_ses-01_task-fmri_run-06_part-phase_bold.json	InstitutionalDepartmentName	"""Department"""	REMOVE
sub-009/ses-01/func/sub-009_ses-01_task-fmri_run-07_bold.json	InstitutionalDepartmentName	"""Department"""	REMOVE
sub-009/ses-01/func/sub-009_ses-01_task-fmri_run-08_part-phase_bold.json	InstitutionalDepartmentName	"""Department"""	REMOVE
sub-009/ses-01/func/sub-009_ses-01_task-movie_run-01_bold.json	InstitutionalDepartmentName	"""Department"""	REMOVE
sub-009/ses-01/func/sub-009_ses-01_task-movie_run-01_part-phase_sbref.json	InstitutionalDepartmentName	"""Department"""	REMOVE
sub-009/ses-01/func/sub-009_ses-01_task-movie_run-01_sbref.json	InstitutionalDepartmentName	"""Department"""	REMOVE
sub-009/ses-01/func/sub-009_ses-01_task-movie_run-02_part-phase_bold.json	InstitutionalDepartmentName	"""Department"""	REMOVE
sub-009/ses-01/func/sub-009_ses-01_task-movie_run-02_part-phase_sbref.json	InstitutionalDepartmentName	"""Department"""	REMOVE
sub-009/ses-01/func/sub-009_ses-01_task-movie_run-02_sbref.json	InstitutionalDepartmentName	"""Department"""	REMOVE
sub-009/ses-01/func/sub-009_ses-01_task-movie_run-03_bold.json	InstitutionalDepartmentName	"""Department"""	REMOVE
sub-009/ses-01/func/sub-009_ses-01_task-movie_run-03_part-phase_sbref.json	InstitutionalDepartmentName	"""Department"""	REMOVE
sub-009/ses-01/func/sub-009_ses-01_task-movie_run-03_sbref.json	InstitutionalDepartmentName	"""Department"""	REMOVE
sub-009/ses-01/func/sub-009_ses-01_task-movie_run-04_part-phase_bold.json	InstitutionalDepartmentName	"""Department"""	REMOVE
sub-009/ses-01/func/sub-009_ses-01_task-movie_run-04_part-phase_sbref.json	InstitutionalDepartmentName	"""Department"""	REMOVE
sub-009/ses-01/func/sub-009_ses-01_task-movie_run-04_sbref.json	InstitutionalDepartmentName	"""Department"""	REMOVE
sub-009/ses-01/func/sub-009_ses-01_task-movie_run-05_bold.json	InstitutionalDepartmentName	"""Department"""	REMOVE
sub-009/ses-01/func/sub-009_ses-01_task-movie_run-06_part-phase_bold.json	InstitutionalDepartmentName	"""Department"""	REMOVE
sub-009/ses-01/func/sub-009_ses-01_task-movie_run-07_bold.json	InstitutionalDepartmentName	"""Department"""	REMOVE
sub-009/ses-01/func/sub-009_ses-01_task-movie_run-08_part-phase_bold.json	InstitutionalDepartmentName	"""Department"""	REMOVE
sub-009/ses-01/func/sub-009_ses-01_task-rest_run-01_bold.json	InstitutionalDepartmentName	"""Department"""	REMOVE
sub-009/ses-01/func/sub-009_ses-01_task-rest_run-01_part-phase_sbref.json	InstitutionalDepartmentName	"""Department"""	REMOVE
sub-009/ses-01/func/sub-009_ses-01_task-rest_run-01_sbref.json	InstitutionalDepartmentName	"""Department"""	REMOVE
sub-009/ses-01/func/sub-009_ses-01_task-rest_run-02_part-phase_bold.json	InstitutionalDepartmentName	"""Department"""	REMOVE
sub-009/ses-02/anat/sub-009_ses-02_run-01_FLAIR.json	InstitutionalDepartmentName	"""Department"""	REMOVE
sub-009/ses-02/anat/sub-009_ses-02_run-01_T1w.json	InstitutionalDepartmentName	"""Department"""	REMOVE
sub-009/ses-02/anat/sub-009_ses-02_run-01_TB1TFL.json	InstitutionalDepartmentName	"""Department"""	REMOVE
sub-009/ses-02/anat/sub-009_ses-02_run-02_T1w.json	InstitutionalDepartmentName	"""Department"""	REMOVE
sub-009/ses-02/anat/sub-009_ses-02_run-02_TB1TFL.json	InstitutionalDepartmentName	"""Department"""	REMOVE
sub-009/ses-02/anat/sub-009_ses-02_run-03_T1w.json	InstitutionalDepartmentName	"""Department"""	REMOVE
sub-009/ses-02/dwi/sub-009_ses-02_run-01_dwi.json	InstitutionalDepartmentName	"""Department"""	REMOVE
sub-009/ses-02/dwi/sub-009_ses-02_run-02_dwi.json	InstitutionalDepartmentName	"""Department"""	REMOVE
sub-009/ses-02/dwi/sub-009_ses-02_run-05_dwi.json	InstitutionalDepartmentName	"""Department"""	REMOVE
sub-009/ses-02/fmap/sub-009_ses-02_dir-AP_run-01_epi.json	InstitutionalDepartmentName	"""Department"""	REMOVE
sub-009/ses-02/fmap/sub-009_ses-02_dir-AP_run-02_part-phase_epi.json	InstitutionalDepartmentName	"""Department"""	REMOVE
sub-009/ses-02/fmap/sub-009_ses-02_dir-AP_run-03_epi.json	InstitutionalDepartmentName	"""Department"""	REMOVE
sub-009/ses-02/fmap/sub-009_ses-02_dir-AP_run-04_part-phase_epi.json	InstitutionalDepartmentName	"""Department"""	REMOVE
sub-009/ses-02/fmap/sub-009_ses-02_dir-PA_run-01_epi.json	InstitutionalDepartmentName	"""Department"""	REMOVE
sub-009/ses-02/fmap/sub-009_ses-02_dir-PA_run-02_part-phase_epi.json	InstitutionalDepartmentName	"""Department"""	REMOVE
sub-009/ses-02/fmap/sub-009_ses-02_dir-PA_run-03_epi.json	InstitutionalDepartmentName	"""Department"""	REMOVE
sub-009/ses-02/fmap/sub-009_ses-02_dir-PA_run-04_part-phase_epi.json	InstitutionalDepartmentName	"""Department"""	REMOVE
sub-009/ses-02/func/sub-009_ses-02_task-control_run-01_bold.json	InstitutionalDepartmentName	"""Department"""	REMOVE
sub-009/ses-02/func/sub-009_ses-02_task-control_run-01_part-phase_sbref.json	InstitutionalDepartmentName	"""Department"""	REMOVE
sub-009/ses-02/func/sub-009_ses-02_task-control_run-01_sbref.json	InstitutionalDepartmentName	"""Department"""	REMOVE
sub-009/ses-02/func/sub-009_ses-02_task-control_run-02_part-phase_bold.json	InstitutionalDepartmentName	"""Department"""	REMOVE
sub-009/ses-02/func/sub-009_ses-02_task-control_run-02_part-phase_sbref.json	InstitutionalDepartmentName	"""Department"""	REMOVE
sub-009/ses-02/func/sub-009_ses-02_task-control_run-02_sbref.json	InstitutionalDepartmentName	"""Department"""	REMOVE
sub-009/ses-02/func/sub-009_ses-02_task-control_run-03_bold.json	InstitutionalDepartmentName	"""Department"""	REMOVE
sub-009/ses-02/func/sub-009_ses-02_task-control_run-03_part-phase_sbref.json	InstitutionalDepartmentName	"""Department"""	REMOVE
sub-009/ses-02/func/sub-009_ses-02_task-control_run-03_sbref.json	InstitutionalDepartmentName	"""Department"""	REMOVE
sub-009/ses-02/func/sub-009_ses-02_task-control_run-04_part-phase_bold.json	InstitutionalDepartmentName	"""Department"""	REMOVE
sub-009/ses-02/func/sub-009_ses-02_task-control_run-05_bold.json	InstitutionalDepartmentName	"""Department"""	REMOVE
sub-009/ses-02/func/sub-009_ses-02_task-control_run-06_part-phase_bold.json	InstitutionalDepartmentName	"""Department"""	REMOVE
sub-009/ses-02/func/sub-009_ses-02_task-fmri_run-01_bold.json	InstitutionalDepartmentName	"""Department"""	REMOVE
sub-009/ses-02/func/sub-009_ses-02_task-fmri_run-01_part-phase_sbref.json	InstitutionalDepartmentName	"""Department"""	REMOVE
sub-009/ses-02/func/sub-009_ses-02_task-fmri_run-01_sbref.json	InstitutionalDepartmentName	"""Department"""	REMOVE
sub-009/ses-02/func/sub-009_ses-02_task-fmri_run-02_part-phase_bold.json	InstitutionalDepartmentName	"""Department"""	REMOVE
sub-009/ses-02/func/sub-009_ses-02_task-fmri_run-02_part-phase_sbref.json	InstitutionalDepartmentName	"""Department"""	REMOVE
sub-009/ses-02/func/sub-009_ses-02_task-fmri_run-02_sbref.json	InstitutionalDepartmentName	"""Department"""	REMOVE
sub-009/ses-02/func/sub-009_ses-02_task-fmri_run-03_bold.json	InstitutionalDepartmentName	"""Department"""	REMOVE
sub-009/ses-02/func/sub-009_ses-02_task-fmri_run-03_part-phase_sbref.json	InstitutionalDepartmentName	"""Department"""	REMOVE
sub-009/ses-02/func/sub-009_ses-02_task-fmri_run-03_sbref.json	InstitutionalDepartmentName	"""Department"""	REMOVE
sub-009/ses-02/func/sub-009_ses-02_task-fmri_run-04_part-phase_bold.json	InstitutionalDepartmentName	"""Department"""	REMOVE
sub-009/ses-02/func/sub-009_ses-02_task-fmri_run-04_part-phase_sbref.json	InstitutionalDepartmentName	"""Department"""	REMOVE
sub-009/ses-02/func/sub-009_ses-02_task-fmri_run-04_sbref.json	InstitutionalDepartmentName	"""Department"""	REMOVE
sub-009/ses-02/func/sub-009_ses-02_task-fmri_run-05_bold.json	InstitutionalDepartmentName	"""Department"""	REMOVE
sub-009/ses-02/func/sub-009_ses-02_task-fmri_run-06_part-phase_bold.json	InstitutionalDepartmentName	"""Department"""	REMOVE
sub-009/ses-02/func/sub-009_ses-02_task-fmri_run-07_bold.json	InstitutionalDepartmentName	"""Department"""	REMOVE
sub-009/ses-02/func/sub-009_ses-02_task-fmri_run-08_part-phase_bold.json	InstitutionalDepartmentName	"""Department"""	REMOVE
sub-009/ses-02/func/sub-009_ses-02_task-movie_run-01_bold.json	InstitutionalDepartmentName	"""Department"""	REMOVE
sub-009/ses-02/func/sub-009_ses-02_task-movie_run-01_part-phase_sbref.json	InstitutionalDepartmentName	"""Department"""	REMOVE
sub-009/ses-02/func/sub-009_ses-02_task-movie_run-01_sbref.json	InstitutionalDepartmentName	"""Department"""	REMOVE
sub-009/ses-02/func/sub-009_ses-02_task-movie_run-02_part-phase_bold.json	InstitutionalDepartmentName	"""Department"""	REMOVE
sub-009/ses-02/func/sub-009_ses-02_task-movie_run-02_part-phase_sbref.json	InstitutionalDepartmentName	"""Department"""	REMOVE
sub-009/ses-02/func/sub-009_ses-02_task-movie_run-02_sbref.json	InstitutionalDepartmentName	"""Department"""	REMOVE
sub-009/ses-02/func/sub-009_ses-02_task-movie_run-03_bold.json	InstitutionalDepartmentName	"""Department"""	REMOVE
sub-009/ses-02/func/sub-009_ses-02_task-movie_run-03_part-phase_sbref.json	InstitutionalDepartmentName	"""Department"""	REMOVE
sub-009/ses-02/func/sub-009_ses-02_task-movie_run-03_sbref.json	InstitutionalDepartmentName	"""Department"""	REMOVE
sub-009/ses-02/func/sub-009_ses-02_task-movie_run-04_part-phase_bold.json	InstitutionalDepartmentName	"""Department"""	REMOVE
sub-009/ses-02/func/sub-009_ses-02_task-movie_run-04_part-phase_sbref.json	InstitutionalDepartmentName	"""Department"""	REMOVE
sub-009/ses-02/func/sub-009_ses-02_task-movie_run-04_sbref.json	InstitutionalDepartmentName	"""Department"""	REMOVE
sub-009/ses-02/func/sub-009_ses-02_task-movie_run-05_bold.json	InstitutionalDepartmentName	"""Department"""	REMOVE
sub-009/ses-02/func/sub-009_ses-02_task-movie_run-06_part-phase_bold.json	InstitutionalDepartmentName	"""Department"""	REMOVE
sub-009/ses-02/func/sub-009_ses-02_task-movie_run-07_bold.json	InstitutionalDepartmentName	"""Department"""	REMOVE
sub-009/ses-02/func/sub-009_ses-02_task-movie_run-08_part-phase_bold.json	InstitutionalDepartmentName	"""Department"""	REMOVE
sub-009/ses-02/func/sub-009_ses-02_task-rest_run-01_bold.json	InstitutionalDepartmentName	"""Department"""	REMOVE
sub-009/ses-02/func/sub-009_ses-02_task-rest_run-01_part-phase_sbref.json	InstitutionalDepartmentName	"""Department"""	REMOVE
sub-009/ses-02/func/sub-009_ses-02_task-rest_run-01_sbref.json	InstitutionalDepartmentName	"""Department"""	REMOVE
sub-009/ses-02/func/sub-009_ses-02_task-rest_run-02_part-phase_bold.json	InstitutionalDepartmentName	"""Department"""	REMOVE
sub-010/ses-01/anat/sub-010_ses-01_run-01_FLAIR.json	InstitutionalDepartmentName	"""Department"""	REMOVE
sub-010/ses-01/anat/sub-010_ses-01_run-01_T1w.json	InstitutionalDepartmentName	"""Department"""	REMOVE
sub-010/ses-01/anat/sub-010_ses-01_run-01_TB1TFL.json	InstitutionalDepartmentName	"""Department"""	REMOVE
sub-010/ses-01/anat/sub-010_ses-01_run-02_T1w.json	InstitutionalDepartmentName	"""Department"""	REMOVE
sub-010/ses-01/anat/sub-010_ses-01_run-02_TB1TFL.json	InstitutionalDepartmentName	"""Department"""	REMOVE
sub-010/ses-01/anat/sub-010_ses-01_run-03_T1w.json	InstitutionalDepartmentName	"""Department"""	REMOVE
sub-010/ses-01/dwi/sub-010_ses-01_run-01_dwi.json	InstitutionalDepartmentName	"""Department"""	REMOVE
sub-010/ses-01/dwi/sub-010_ses-01_run-02_dwi.json	InstitutionalDepartmentName	"""Department"""	REMOVE
sub-010/ses-01/dwi/sub-010_ses-01_run-05_dwi.json	InstitutionalDepartmentName	"""Department"""	REMOVE
sub-010/ses-01/fmap/sub-010_ses-01_dir-AP_run-01_epi.json	InstitutionalDepartmentName	"""Department"""	REMOVE
sub-010/ses-01/fmap/sub-010_ses-01_dir-AP_run-02_part-phase_epi.json	InstitutionalDepartmentName	"""Department"""	REMOVE
sub-010/ses-01/fmap/sub-010_ses-01_dir-AP_run-03_epi.json	InstitutionalDepartmentName	"""Department"""	REMOVE
sub-010/ses-01/fmap/sub-010_ses-01_dir-AP_run-04_part-phase_epi.json	InstitutionalDepartmentName	"""Department"""	REMOVE
sub-010/ses-01/fmap/sub-010_ses-01_dir-PA_run-01_epi.json	InstitutionalDepartmentName	"""Department"""	REMOVE
sub-010/ses-01/fmap/sub-010_ses-01_dir-PA_run-02_part-phase_epi.json	InstitutionalDepartmentName	"""Department"""	REMOVE
sub-010/ses-01/fmap/sub-010_ses-01_dir-PA_run-03_epi.json	InstitutionalDepartmentName	"""Department"""	REMOVE
sub-010/ses-01/fmap/sub-010_ses-01_dir-PA_run-04_part-phase_epi.json	InstitutionalDepartmentName	"""Department"""	REMOVE
sub-010/ses-01/func/sub-010_ses-01_task-control_run-01_bold.json	InstitutionalDepartmentName	"""Department"""	REMOVE
sub-010/ses-01/func/sub-010_ses-01_task-control_run-01_part-phase_sbref.json	InstitutionalDepartmentName	"""Department"""	REMOVE
sub-010/ses-01/func/sub-010_ses-01_task-control_run-01_sbref.json	InstitutionalDepartmentName	"""Department"""	REMOVE
sub-010/ses-01/func/sub-010_ses-01_task-control_run-02_part-phase_bold.json	InstitutionalDepartmentName	"""Department"""	REMOVE
sub-010/ses-01/func/sub-010_ses-01_task-control_run-02_part-phase_sbref.json	InstitutionalDepartmentName	"""Department"""	REMOVE
sub-010/ses-01/func/sub-010_ses-01_task-control_run-02_sbref.json	InstitutionalDepartmentName	"""Department"""	REMOVE
sub-010/ses-01/func/sub-010_ses-01_task-control_run-03_bold.json	InstitutionalDepartmentName	"""Department"""	REMOVE
sub-010/ses-01/func/sub-010_ses-01_task-control_run-03_part-phase_sbref.json	InstitutionalDepartmentName	"""Department"""	REMOVE
sub-010/ses-01/func/sub-010_ses-01_task-control_run-03_sbref.json	InstitutionalDepartmentName	"""Department"""	REMOVE
sub-010/ses-01/func/sub-010_ses-01_task-control_run-04_part-phase_bold.json	InstitutionalDepartmentName	"""Department"""	REMOVE
sub-010/ses-01/func/sub-010_ses-01_task-control_run-05_bold.json	InstitutionalDepartmentName	"""Department"""	REMOVE
sub-010/ses-01/func/sub-010_ses-01_task-control_run-06_part-phase_bold.json	InstitutionalDepartmentName	"""Department"""	REMOVE
sub-010/ses-01/func/sub-010_ses-01_task-fmri_run-01_bold.json	InstitutionalDepartmentName	"""Department"""	REMOVE
sub-010/ses-01/func/sub-010_ses-01_task-fmri_run-01_part-phase_sbref.json	InstitutionalDepartmentName	"""Department"""	REMOVE
sub-010/ses-01/func/sub-010_ses-01_task-fmri_run-01_sbref.json	InstitutionalDepartmentName	"""Department"""	REMOVE
sub-010/ses-01/func/sub-010_ses-01_task-fmri_run-02_part-phase_bold.json	InstitutionalDepartmentName	"""Department"""	REMOVE
sub-010/ses-01/func/sub-010_ses-01_task-fmri_run-02_part-phase_sbref.json	InstitutionalDepartmentName	"""Department"""	REMOVE
sub-010/ses-01/func/sub-010_ses-01_task-fmri_run-02_sbref.json	InstitutionalDepartmentName	"""Department"""	REMOVE
sub-010/ses-01/func/sub-010_ses-01_task-fmri_run-03_bold.json	InstitutionalDepartmentName	"""Department"""	REMOVE
sub-010/ses-01/func/sub-010_ses-01_task-fmri_run-03_part-phase_sbref.json	InstitutionalDepartmentName	"""Department"""	REMOVE
sub-010/ses-01/func/sub-010_ses-01_task-fmri_run-03_sbref.json	InstitutionalDepartmentName	"""Department"""	REMOVE
sub-010/ses-01/func/sub-010_ses-01_task-fmri_run-04_part-phase_bold.json	InstitutionalDepartmentName	"""Department"""	REMOVE
sub-010/ses-01/func/sub-010_ses-01_task-fmri_run-04_part-phase_sbref.json	InstitutionalDepartmentName	"""Department"""	REMOVE
sub-010/ses-01/func/sub-010_ses-01_task-fmri_run-04_sbref.json	InstitutionalDepartmentName	"""Department"""	REMOVE
sub-010/ses-01/func/sub-010_ses-01_task-fmri_run-05_bold.json	InstitutionalDepartmentName	"""Department"""	REMOVE
sub-010/ses-01/func/sub-010_ses-01_task-fmri_run-06_part-phase_bold.json	InstitutionalDepartmentName	"""Department"""	REMOVE
sub-010/ses-01/func/sub-010_ses-01_task-fmri_run-07_bold.json	InstitutionalDepartmentName	"""Department"""	REMOVE
sub-010/ses-01/func/sub-010_ses-01_task-fmri_run-08_part-phase_bold.json	InstitutionalDepartmentName	"""Department"""	REMOVE
sub-010/ses-01/func/sub-010_ses-01_task-movie_run-01_bold.json	InstitutionalDepartmentName	"""Department"""	REMOVE
sub-010/ses-01/func/sub-010_ses-01_task-movie_run-01_part-phase_sbref.json	InstitutionalDepartmentName	"""Department"""	REMOVE
sub-010/ses-01/func/sub-010_ses-01_task-movie_run-01_sbref.json	InstitutionalDepartmentName	"""Department"""	REMOVE
sub-010/ses-01/func/sub-010_ses-01_task-movie_run-02_part-phase_bold.json	InstitutionalDepartmentName	"""Department"""	REMOVE
sub-010/ses-01/func/sub-010_ses-01_task-movie_run-02_part-phase_sbref.json	InstitutionalDepartmentName	"""Department"""	REMOVE
sub-010/ses-01/func/sub-010_ses-01_task-movie_run-02_sbref.json	InstitutionalDepartmentName	"""Department"""	REMOVE
sub-010/ses-01/func/sub-010_ses-01_task-movie_run-03_bold.json	InstitutionalDepartmentName	"""Department"""	REMOVE
sub-010/ses-01/func/sub-010_ses-01_task-movie_run-04_part-phase_bold.json	InstitutionalDepartmentName	"""Department"""	REMOVE
sub-010/ses-01/func/sub-010_ses-01_task-rest_run-01_bold.json	InstitutionalDepartmentName	"""Department"""	REMOVE
sub-010/ses-01/func/sub-010_ses-01_task-rest_run-01_part-phase_sbref.json	InstitutionalDepartmentName	"""Department"""	REMOVE
sub-010/ses-01/func/sub-010_ses-01_task-rest_run-01_sbref.json	InstitutionalDepartmentName	"""Department"""	REMOVE
sub-010/ses-01/func/sub-010_ses-01_task-rest_run-02_part-phase_bold.json	InstitutionalDepartmentName	"""Department"""	REMOVE
sub-011/ses-01/anat/sub-011_ses-01_run-01_FLAIR.json	InstitutionalDepartmentName	"""Department"""	REMOVE
sub-011/ses-01/anat/sub-011_ses-01_run-01_T1w.json	InstitutionalDepartmentName	"""Department"""	REMOVE
sub-011/ses-01/anat/sub-011_ses-01_run-01_TB1TFL.json	InstitutionalDepartmentName	"""Department"""	REMOVE
sub-011/ses-01/anat/sub-011_ses-01_run-02_T1w.json	InstitutionalDepartmentName	"""Department"""	REMOVE
sub-011/ses-01/anat/sub-011_ses-01_run-02_TB1TFL.json	InstitutionalDepartmentName	"""Department"""	REMOVE
sub-011/ses-01/anat/sub-011_ses-01_run-03_T1w.json	InstitutionalDepartmentName	"""Department"""	REMOVE
sub-011/ses-01/dwi/sub-011_ses-01_run-01_dwi.json	InstitutionalDepartmentName	"""Department"""	REMOVE
sub-011/ses-01/dwi/sub-011_ses-01_run-02_dwi.json	InstitutionalDepartmentName	"""Department"""	REMOVE
sub-011/ses-01/dwi/sub-011_ses-01_run-07_dwi.json	InstitutionalDepartmentName	"""Department"""	REMOVE
sub-011/ses-01/fmap/sub-011_ses-01_dir-AP_run-01_epi.json	InstitutionalDepartmentName	"""Department"""	REMOVE
sub-011/ses-01/fmap/sub-011_ses-01_dir-AP_run-02_part-phase_epi.json	InstitutionalDepartmentName	"""Department"""	REMOVE
sub-011/ses-01/fmap/sub-011_ses-01_dir-AP_run-03_epi.json	InstitutionalDepartmentName	"""Department"""	REMOVE
sub-011/ses-01/fmap/sub-011_ses-01_dir-AP_run-04_part-phase_epi.json	InstitutionalDepartmentName	"""Department"""	REMOVE
sub-011/ses-01/fmap/sub-011_ses-01_dir-PA_run-01_epi.json	InstitutionalDepartmentName	"""Department"""	REMOVE
sub-011/ses-01/fmap/sub-011_ses-01_dir-PA_run-02_part-phase_epi.json	InstitutionalDepartmentName	"""Department"""	REMOVE
sub-011/ses-01/fmap/sub-011_ses-01_dir-PA_run-03_epi.json	InstitutionalDepartmentName	"""Department"""	REMOVE
sub-011/ses-01/fmap/sub-011_ses-01_dir-PA_run-04_part-phase_epi.json	InstitutionalDepartmentName	"""Department"""	REMOVE
sub-011/ses-01/func/sub-011_ses-01_task-control_run-01_bold.json	InstitutionalDepartmentName	"""Department"""	REMOVE
sub-011/ses-01/func/sub-011_ses-01_task-control_run-01_part-phase_sbref.json	InstitutionalDepartmentName	"""Department"""	REMOVE
sub-011/ses-01/func/sub-011_ses-01_task-control_run-01_sbref.json	InstitutionalDepartmentName	"""Department"""	REMOVE
sub-011/ses-01/func/sub-011_ses-01_task-control_run-02_part-phase_bold.json	InstitutionalDepartmentName	"""Department"""	REMOVE
sub-011/ses-01/func/sub-011_ses-01_task-control_run-02_part-phase_sbref.json	InstitutionalDepartmentName	"""Department"""	REMOVE
sub-011/ses-01/func/sub-011_ses-01_task-control_run-02_sbref.json	InstitutionalDepartmentName	"""Department"""	REMOVE
sub-011/ses-01/func/sub-011_ses-01_task-control_run-03_bold.json	InstitutionalDepartmentName	"""Department"""	REMOVE
sub-011/ses-01/func/sub-011_ses-01_task-control_run-03_part-phase_sbref.json	InstitutionalDepartmentName	"""Department"""	REMOVE
sub-011/ses-01/func/sub-011_ses-01_task-control_run-03_sbref.json	InstitutionalDepartmentName	"""Department"""	REMOVE
sub-011/ses-01/func/sub-011_ses-01_task-control_run-04_part-phase_bold.json	InstitutionalDepartmentName	"""Department"""	REMOVE
sub-011/ses-01/func/sub-011_ses-01_task-control_run-05_bold.json	InstitutionalDepartmentName	"""Department"""	REMOVE
sub-011/ses-01/func/sub-011_ses-01_task-control_run-06_part-phase_bold.json	InstitutionalDepartmentName	"""Department"""	REMOVE
sub-011/ses-01/func/sub-011_ses-01_task-fmri_run-01_bold.json	InstitutionalDepartmentName	"""Department"""	REMOVE
sub-011/ses-01/func/sub-011_ses-01_task-fmri_run-01_part-phase_sbref.json	InstitutionalDepartmentName	"""Department"""	REMOVE
sub-011/ses-01/func/sub-011_ses-01_task-fmri_run-01_sbref.json	InstitutionalDepartmentName	"""Department"""	REMOVE
sub-011/ses-01/func/sub-011_ses-01_task-fmri_run-02_part-phase_bold.json	InstitutionalDepartmentName	"""Department"""	REMOVE
sub-011/ses-01/func/sub-011_ses-01_task-fmri_run-02_part-phase_sbref.json	InstitutionalDepartmentName	"""Department"""	REMOVE
sub-011/ses-01/func/sub-011_ses-01_task-fmri_run-02_sbref.json	InstitutionalDepartmentName	"""Department"""	REMOVE
sub-011/ses-01/func/sub-011_ses-01_task-fmri_run-03_bold.json	InstitutionalDepartmentName	"""Department"""	REMOVE
sub-011/ses-01/func/sub-011_ses-01_task-fmri_run-03_part-phase_sbref.json	InstitutionalDepartmentName	"""Department"""	REMOVE
sub-011/ses-01/func/sub-011_ses-01_task-fmri_run-03_sbref.json	InstitutionalDepartmentName	"""Department"""	REMOVE
sub-011/ses-01/func/sub-011_ses-01_task-fmri_run-04_part-phase_bold.json	InstitutionalDepartmentName	"""Department"""	REMOVE
sub-011/ses-01/func/sub-011_ses-01_task-fmri_run-04_part-phase_sbref.json	InstitutionalDepartmentName	"""Department"""	REMOVE
sub-011/ses-01/func/sub-011_ses-01_task-fmri_run-04_sbref.json	InstitutionalDepartmentName	"""Department"""	REMOVE
sub-011/ses-01/func/sub-011_ses-01_task-fmri_run-05_bold.json	InstitutionalDepartmentName	"""Department"""	REMOVE
sub-011/ses-01/func/sub-011_ses-01_task-fmri_run-05_part-phase_sbref.json	InstitutionalDepartmentName	"""Department"""	REMOVE
sub-011/ses-01/func/sub-011_ses-01_task-fmri_run-05_sbref.json	InstitutionalDepartmentName	"""Department"""	REMOVE
sub-011/ses-01/func/sub-011_ses-01_task-fmri_run-06_part-phase_bold.json	InstitutionalDepartmentName	"""Department"""	REMOVE
sub-011/ses-01/func/sub-011_ses-01_task-fmri_run-07_bold.json	InstitutionalDepartmentName	"""Department"""	REMOVE
sub-011/ses-01/func/sub-011_ses-01_task-fmri_run-08_part-phase_bold.json	InstitutionalDepartmentName	"""Department"""	REMOVE
sub-011/ses-01/func/sub-011_ses-01_task-fmri_run-09_bold.json	InstitutionalDepartmentName	"""Department"""	REMOVE
sub-011/ses-01/func/sub-011_ses-01_task-fmri_run-10_part-phase_bold.json	InstitutionalDepartmentName	"""Department"""	REMOVE
sub-011/ses-01/func/sub-011_ses-01_task-movie_run-01_bold.json	InstitutionalDepartmentName	"""Department"""	REMOVE
sub-011/ses-01/func/sub-011_ses-01_task-movie_run-01_part-phase_sbref.json	InstitutionalDepartmentName	"""Department"""	REMOVE
sub-011/ses-01/func/sub-011_ses-01_task-movie_run-01_sbref.json	InstitutionalDepartmentName	"""Department"""	REMOVE
sub-011/ses-01/func/sub-011_ses-01_task-movie_run-02_part-phase_bold.json	InstitutionalDepartmentName	"""Department"""	REMOVE
sub-011/ses-01/func/sub-011_ses-01_task-movie_run-02_part-phase_sbref.json	InstitutionalDepartmentName	"""Department"""	REMOVE
sub-011/ses-01/func/sub-011_ses-01_task-movie_run-02_sbref.json	InstitutionalDepartmentName	"""Department"""	REMOVE
sub-011/ses-01/func/sub-011_ses-01_task-movie_run-03_bold.json	InstitutionalDepartmentName	"""Department"""	REMOVE
sub-011/ses-01/func/sub-011_ses-01_task-movie_run-03_part-phase_sbref.json	InstitutionalDepartmentName	"""Department"""	REMOVE
sub-011/ses-01/func/sub-011_ses-01_task-movie_run-03_sbref.json	InstitutionalDepartmentName	"""Department"""	REMOVE
sub-011/ses-01/func/sub-011_ses-01_task-movie_run-04_part-phase_bold.json	InstitutionalDepartmentName	"""Department"""	REMOVE
sub-011/ses-01/func/sub-011_ses-01_task-movie_run-04_part-phase_sbref.json	InstitutionalDepartmentName	"""Department"""	REMOVE
sub-011/ses-01/func/sub-011_ses-01_task-movie_run-04_sbref.json	InstitutionalDepartmentName	"""Department"""	REMOVE
sub-011/ses-01/func/sub-011_ses-01_task-movie_run-05_bold.json	InstitutionalDepartmentName	"""Department"""	REMOVE
sub-011/ses-01/func/sub-011_ses-01_task-movie_run-06_part-phase_bold.json	InstitutionalDepartmentName	"""Department"""	REMOVE
sub-011/ses-01/func/sub-011_ses-01_task-movie_run-07_bold.json	InstitutionalDepartmentName	"""Department"""	REMOVE
sub-011/ses-01/func/sub-011_ses-01_task-movie_run-08_part-phase_bold.json	InstitutionalDepartmentName	"""Department"""	REMOVE
sub-011/ses-01/func/sub-011_ses-01_task-rest_run-01_bold.json	InstitutionalDepartmentName	"""Department"""	REMOVE
sub-011/ses-01/func/sub-011_ses-01_task-rest_run-01_part-phase_sbref.json	InstitutionalDepartmentName	"""Department"""	REMOVE
sub-011/ses-01/func/sub-011_ses-01_task-rest_run-01_sbref.json	InstitutionalDepartmentName	"""Department"""	REMOVE
sub-011/ses-01/func/sub-011_ses-01_task-rest_run-02_part-phase_bold.json	InstitutionalDepartmentName	"""Department"""	REMOVE
sub-011/ses-02/anat/sub-011_ses-02_run-01_FLAIR.json	InstitutionalDepartmentName	"""Department"""	REMOVE
sub-011/ses-02/anat/sub-011_ses-02_run-01_T1w.json	InstitutionalDepartmentName	"""Department"""	REMOVE
sub-011/ses-02/anat/sub-011_ses-02_run-01_TB1TFL.json	InstitutionalDepartmentName	"""Department"""	REMOVE
sub-011/ses-02/anat/sub-011_ses-02_run-02_T1w.json	InstitutionalDepartmentName	"""Department"""	REMOVE
sub-011/ses-02/anat/sub-011_ses-02_run-02_TB1TFL.json	InstitutionalDepartmentName	"""Department"""	REMOVE
sub-011/ses-02/anat/sub-011_ses-02_run-03_T1w.json	InstitutionalDepartmentName	"""Department"""	REMOVE
sub-011/ses-02/dwi/sub-011_ses-02_run-01_dwi.json	InstitutionalDepartmentName	"""Department"""	REMOVE
sub-011/ses-02/dwi/sub-011_ses-02_run-02_dwi.json	InstitutionalDepartmentName	"""Department"""	REMOVE
sub-011/ses-02/dwi/sub-011_ses-02_run-05_dwi.json	InstitutionalDepartmentName	"""Department"""	REMOVE
sub-011/ses-02/fmap/sub-011_ses-02_dir-AP_run-01_epi.json	InstitutionalDepartmentName	"""Department"""	REMOVE
sub-011/ses-02/fmap/sub-011_ses-02_dir-AP_run-02_part-phase_epi.json	InstitutionalDepartmentName	"""Department"""	REMOVE
sub-011/ses-02/fmap/sub-011_ses-02_dir-AP_run-03_epi.json	InstitutionalDepartmentName	"""Department"""	REMOVE
sub-011/ses-02/fmap/sub-011_ses-02_dir-AP_run-04_part-phase_epi.json	InstitutionalDepartmentName	"""Department"""	REMOVE
sub-011/ses-02/fmap/sub-011_ses-02_dir-PA_run-01_epi.json	InstitutionalDepartmentName	"""Department"""	REMOVE
sub-011/ses-02/fmap/sub-011_ses-02_dir-PA_run-02_part-phase_epi.json	InstitutionalDepartmentName	"""Department"""	REMOVE
sub-011/ses-02/fmap/sub-011_ses-02_dir-PA_run-03_epi.json	InstitutionalDepartmentName	"""Department"""	REMOVE
sub-011/ses-02/fmap/sub-011_ses-02_dir-PA_run-04_part-phase_epi.json	InstitutionalDepartmentName	"""Department"""	REMOVE
sub-011/ses-02/func/sub-011_ses-02_task-control_run-01_bold.json	InstitutionalDepartmentName	"""Department"""	REMOVE
sub-011/ses-02/func/sub-011_ses-02_task-control_run-01_part-phase_sbref.json	InstitutionalDepartmentName	"""Department"""	REMOVE
sub-011/ses-02/func/sub-011_ses-02_task-control_run-01_sbref.json	InstitutionalDepartmentName	"""Department"""	REMOVE
sub-011/ses-02/func/sub-011_ses-02_task-control_run-02_part-phase_bold.json	InstitutionalDepartmentName	"""Department"""	REMOVE
sub-011/ses-02/func/sub-011_ses-02_task-control_run-02_part-phase_sbref.json	InstitutionalDepartmentName	"""Department"""	REMOVE
sub-011/ses-02/func/sub-011_ses-02_task-control_run-02_sbref.json	InstitutionalDepartmentName	"""Department"""	REMOVE
sub-011/ses-02/func/sub-011_ses-02_task-control_run-03_bold.json	InstitutionalDepartmentName	"""Department"""	REMOVE
sub-011/ses-02/func/sub-011_ses-02_task-control_run-03_part-phase_sbref.json	InstitutionalDepartmentName	"""Department"""	REMOVE
sub-011/ses-02/func/sub-011_ses-02_task-control_run-03_sbref.json	InstitutionalDepartmentName	"""Department"""	REMOVE
sub-011/ses-02/func/sub-011_ses-02_task-control_run-04_part-phase_bold.json	InstitutionalDepartmentName	"""Department"""	REMOVE
sub-011/ses-02/func/sub-011_ses-02_task-control_run-05_bold.json	InstitutionalDepartmentName	"""Department"""	REMOVE
sub-011/ses-02/func/sub-011_ses-02_task-control_run-06_part-phase_bold.json	InstitutionalDepartmentName	"""Department"""	REMOVE
sub-011/ses-02/func/sub-011_ses-02_task-fmri_run-01_part-phase_bold.json	InstitutionalDepartmentName	"""Department"""	REMOVE
sub-011/ses-02/func/sub-011_ses-02_task-fmri_run-01_part-phase_sbref.json	InstitutionalDepartmentName	"""Department"""	REMOVE
sub-011/ses-02/func/sub-011_ses-02_task-fmri_run-01_sbref.json	InstitutionalDepartmentName	"""Department"""	REMOVE
sub-011/ses-02/func/sub-011_ses-02_task-fmri_run-02_bold.json	InstitutionalDepartmentName	"""Department"""	REMOVE
sub-011/ses-02/func/sub-011_ses-02_task-fmri_run-02_part-phase_sbref.json	InstitutionalDepartmentName	"""Department"""	REMOVE
sub-011/ses-02/func/sub-011_ses-02_task-fmri_run-02_sbref.json	InstitutionalDepartmentName	"""Department"""	REMOVE
sub-011/ses-02/func/sub-011_ses-02_task-fmri_run-03_part-phase_bold.json	InstitutionalDepartmentName	"""Department"""	REMOVE
sub-011/ses-02/func/sub-011_ses-02_task-fmri_run-03_part-phase_sbref.json	InstitutionalDepartmentName	"""Department"""	REMOVE
sub-011/ses-02/func/sub-011_ses-02_task-fmri_run-03_sbref.json	InstitutionalDepartmentName	"""Department"""	REMOVE
sub-011/ses-02/func/sub-011_ses-02_task-fmri_run-04_bold.json	InstitutionalDepartmentName	"""Department"""	REMOVE
sub-011/ses-02/func/sub-011_ses-02_task-fmri_run-04_part-phase_sbref.json	InstitutionalDepartmentName	"""Department"""	REMOVE
sub-011/ses-02/func/sub-011_ses-02_task-fmri_run-04_sbref.json	InstitutionalDepartmentName	"""Department"""	REMOVE
sub-011/ses-02/func/sub-011_ses-02_task-fmri_run-05_part-phase_bold.json	InstitutionalDepartmentName	"""Department"""	REMOVE
sub-011/ses-02/func/sub-011_ses-02_task-fmri_run-05_part-phase_sbref.json	InstitutionalDepartmentName	"""Department"""	REMOVE
sub-011/ses-02/func/sub-011_ses-02_task-fmri_run-05_sbref.json	InstitutionalDepartmentName	"""Department"""	REMOVE
sub-011/ses-02/func/sub-011_ses-02_task-fmri_run-06_bold.json	InstitutionalDepartmentName	"""Department"""	REMOVE
sub-011/ses-02/func/sub-011_ses-02_task-fmri_run-07_part-phase_bold.json	InstitutionalDepartmentName	"""Department"""	REMOVE
sub-011/ses-02/func/sub-011_ses-02_task-fmri_run-08_bold.json	InstitutionalDepartmentName	"""Department"""	REMOVE
sub-011/ses-02/func/sub-011_ses-02_task-movie_run-01_bold.json	InstitutionalDepartmentName	"""Department"""	REMOVE
sub-011/ses-02/func/sub-011_ses-02_task-movie_run-01_part-phase_sbref.json	InstitutionalDepartmentName	"""Department"""	REMOVE
sub-011/ses-02/func/sub-011_ses-02_task-movie_run-01_sbref.json	InstitutionalDepartmentName	"""Department"""	REMOVE
sub-011/ses-02/func/sub-011_ses-02_task-movie_run-02_part-phase_bold.json	InstitutionalDepartmentName	"""Department"""	REMOVE
sub-011/ses-02/func/sub-011_ses-02_task-movie_run-02_part-phase_sbref.json	InstitutionalDepartmentName	"""Department"""	REMOVE
sub-011/ses-02/func/sub-011_ses-02_task-movie_run-02_sbref.json	InstitutionalDepartmentName	"""Department"""	REMOVE
sub-011/ses-02/func/sub-011_ses-02_task-movie_run-03_bold.json	InstitutionalDepartmentName	"""Department"""	REMOVE
sub-011/ses-02/func/sub-011_ses-02_task-movie_run-03_part-phase_sbref.json	InstitutionalDepartmentName	"""Department"""	REMOVE
sub-011/ses-02/func/sub-011_ses-02_task-movie_run-03_sbref.json	InstitutionalDepartmentName	"""Department"""	REMOVE
sub-011/ses-02/func/sub-011_ses-02_task-movie_run-04_part-phase_bold.json	InstitutionalDepartmentName	"""Department"""	REMOVE
sub-011/ses-02/func/sub-011_ses-02_task-movie_run-04_part-phase_sbref.json	InstitutionalDepartmentName	"""Department"""	REMOVE
sub-011/ses-02/func/sub-011_ses-02_task-movie_run-04_sbref.json	InstitutionalDepartmentName	"""Department"""	REMOVE
sub-011/ses-02/func/sub-011_ses-02_task-movie_run-05_bold.json	InstitutionalDepartmentName	"""Department"""	REMOVE
sub-011/ses-02/func/sub-011_ses-02_task-movie_run-06_part-phase_bold.json	InstitutionalDepartmentName	"""Department"""	REMOVE
sub-011/ses-02/func/sub-011_ses-02_task-movie_run-07_bold.json	InstitutionalDepartmentName	"""Department"""	REMOVE
sub-011/ses-02/func/sub-011_ses-02_task-movie_run-08_part-phase_bold.json	InstitutionalDepartmentName	"""Department"""	REMOVE
sub-011/ses-02/func/sub-011_ses-02_task-rest_run-01_bold.json	InstitutionalDepartmentName	"""Department"""	REMOVE
sub-011/ses-02/func/sub-011_ses-02_task-rest_run-01_part-phase_sbref.json	InstitutionalDepartmentName	"""Department"""	REMOVE
sub-011/ses-02/func/sub-011_ses-02_task-rest_run-01_sbref.json	InstitutionalDepartmentName	"""Department"""	REMOVE
sub-011/ses-02/func/sub-011_ses-02_task-rest_run-02_part-phase_bold.json	InstitutionalDepartmentName	"""Department"""	REMOVE
sub-012/ses-01/anat/sub-012_ses-01_run-01_FLAIR.json	InstitutionalDepartmentName	"""Department"""	REMOVE
sub-012/ses-01/anat/sub-012_ses-01_run-01_T1w.json	InstitutionalDepartmentName	"""Department"""	REMOVE
sub-012/ses-01/anat/sub-012_ses-01_run-01_TB1TFL.json	InstitutionalDepartmentName	"""Department"""	REMOVE
sub-012/ses-01/anat/sub-012_ses-01_run-02_T1w.json	InstitutionalDepartmentName	"""Department"""	REMOVE
sub-012/ses-01/anat/sub-012_ses-01_run-02_TB1TFL.json	InstitutionalDepartmentName	"""Department"""	REMOVE
sub-012/ses-01/anat/sub-012_ses-01_run-03_T1w.json	InstitutionalDepartmentName	"""Department"""	REMOVE
sub-012/ses-01/dwi/sub-012_ses-01_run-01_dwi.json	InstitutionalDepartmentName	"""Department"""	REMOVE
sub-012/ses-01/dwi/sub-012_ses-01_run-02_dwi.json	InstitutionalDepartmentName	"""Department"""	REMOVE
sub-012/ses-01/dwi/sub-012_ses-01_run-05_dwi.json	InstitutionalDepartmentName	"""Department"""	REMOVE
sub-012/ses-01/fmap/sub-012_ses-01_dir-AP_run-01_epi.json	InstitutionalDepartmentName	"""Department"""	REMOVE
sub-012/ses-01/fmap/sub-012_ses-01_dir-AP_run-02_part-phase_epi.json	InstitutionalDepartmentName	"""Department"""	REMOVE
sub-012/ses-01/fmap/sub-012_ses-01_dir-AP_run-03_epi.json	InstitutionalDepartmentName	"""Department"""	REMOVE
sub-012/ses-01/fmap/sub-012_ses-01_dir-AP_run-04_part-phase_epi.json	InstitutionalDepartmentName	"""Department"""	REMOVE
sub-012/ses-01/fmap/sub-012_ses-01_dir-PA_run-01_epi.json	InstitutionalDepartmentName	"""Department"""	REMOVE
sub-012/ses-01/fmap/sub-012_ses-01_dir-PA_run-02_part-phase_epi.json	InstitutionalDepartmentName	"""Department"""	REMOVE
sub-012/ses-01/fmap/sub-012_ses-01_dir-PA_run-03_epi.json	InstitutionalDepartmentName	"""Department"""	REMOVE
sub-012/ses-01/fmap/sub-012_ses-01_dir-PA_run-04_part-phase_epi.json	InstitutionalDepartmentName	"""Department"""	REMOVE
sub-012/ses-01/func/sub-012_ses-01_task-control_run-01_bold.json	InstitutionalDepartmentName	"""Department"""	REMOVE
sub-012/ses-01/func/sub-012_ses-01_task-control_run-01_part-phase_sbref.json	InstitutionalDepartmentName	"""Department"""	REMOVE
sub-012/ses-01/func/sub-012_ses-01_task-control_run-01_sbref.json	InstitutionalDepartmentName	"""Department"""	REMOVE
sub-012/ses-01/func/sub-012_ses-01_task-control_run-02_part-phase_bold.json	InstitutionalDepartmentName	"""Department"""	REMOVE
sub-012/ses-01/func/sub-012_ses-01_task-control_run-02_part-phase_sbref.json	InstitutionalDepartmentName	"""Department"""	REMOVE
sub-012/ses-01/func/sub-012_ses-01_task-control_run-02_sbref.json	InstitutionalDepartmentName	"""Department"""	REMOVE
sub-012/ses-01/func/sub-012_ses-01_task-control_run-03_bold.json	InstitutionalDepartmentName	"""Department"""	REMOVE
sub-012/ses-01/func/sub-012_ses-01_task-control_run-03_part-phase_sbref.json	InstitutionalDepartmentName	"""Department"""	REMOVE
sub-012/ses-01/func/sub-012_ses-01_task-control_run-03_sbref.json	InstitutionalDepartmentName	"""Department"""	REMOVE
sub-012/ses-01/func/sub-012_ses-01_task-control_run-04_part-phase_bold.json	InstitutionalDepartmentName	"""Department"""	REMOVE
sub-012/ses-01/func/sub-012_ses-01_task-control_run-05_bold.json	InstitutionalDepartmentName	"""Department"""	REMOVE
sub-012/ses-01/func/sub-012_ses-01_task-control_run-06_part-phase_bold.json	InstitutionalDepartmentName	"""Department"""	REMOVE
sub-012/ses-01/func/sub-012_ses-01_task-fmri_run-01_bold.json	InstitutionalDepartmentName	"""Department"""	REMOVE
sub-012/ses-01/func/sub-012_ses-01_task-fmri_run-01_part-phase_sbref.json	InstitutionalDepartmentName	"""Department"""	REMOVE
sub-012/ses-01/func/sub-012_ses-01_task-fmri_run-01_sbref.json	InstitutionalDepartmentName	"""Department"""	REMOVE
sub-012/ses-01/func/sub-012_ses-01_task-fmri_run-02_part-phase_bold.json	InstitutionalDepartmentName	"""Department"""	REMOVE
sub-012/ses-01/func/sub-012_ses-01_task-fmri_run-02_part-phase_sbref.json	InstitutionalDepartmentName	"""Department"""	REMOVE
sub-012/ses-01/func/sub-012_ses-01_task-fmri_run-02_sbref.json	InstitutionalDepartmentName	"""Department"""	REMOVE
sub-012/ses-01/func/sub-012_ses-01_task-fmri_run-03_bold.json	InstitutionalDepartmentName	"""Department"""	REMOVE
sub-012/ses-01/func/sub-012_ses-01_task-fmri_run-03_part-phase_sbref.json	InstitutionalDepartmentName	"""Department"""	REMOVE
sub-012/ses-01/func/sub-012_ses-01_task-fmri_run-03_sbref.json	InstitutionalDepartmentName	"""Department"""	REMOVE
sub-012/ses-01/func/sub-012_ses-01_task-fmri_run-04_part-phase_bold.json	InstitutionalDepartmentName	"""Department"""	REMOVE
sub-012/ses-01/func/sub-012_ses-01_task-fmri_run-04_part-phase_sbref.json	InstitutionalDepartmentName	"""Department"""	REMOVE
sub-012/ses-01/func/sub-012_ses-01_task-fmri_run-04_sbref.json	InstitutionalDepartmentName	"""Department"""	REMOVE
sub-012/ses-01/func/sub-012_ses-01_task-fmri_run-05_bold.json	InstitutionalDepartmentName	"""Department"""	REMOVE
sub-012/ses-01/func/sub-012_ses-01_task-fmri_run-05_part-phase_sbref.json	InstitutionalDepartmentName	"""Department"""	REMOVE
sub-012/ses-01/func/sub-012_ses-01_task-fmri_run-05_sbref.json	InstitutionalDepartmentName	"""Department"""	REMOVE
sub-012/ses-01/func/sub-012_ses-01_task-fmri_run-06_part-phase_bold.json	InstitutionalDepartmentName	"""Department"""	REMOVE
sub-012/ses-01/func/sub-012_ses-01_task-fmri_run-07_bold.json	InstitutionalDepartmentName	"""Department"""	REMOVE
sub-012/ses-01/func/sub-012_ses-01_task-fmri_run-08_part-phase_bold.json	InstitutionalDepartmentName	"""Department"""	REMOVE
sub-012/ses-01/func/sub-012_ses-01_task-fmri_run-09_bold.json	InstitutionalDepartmentName	"""Department"""	REMOVE
sub-012/ses-01/func/sub-012_ses-01_task-fmri_run-10_part-phase_bold.json	InstitutionalDepartmentName	"""Department"""	REMOVE
sub-012/ses-01/func/sub-012_ses-01_task-movie_run-01_bold.json	InstitutionalDepartmentName	"""Department"""	REMOVE
sub-012/ses-01/func/sub-012_ses-01_task-movie_run-01_part-phase_sbref.json	InstitutionalDepartmentName	"""Department"""	REMOVE
sub-012/ses-01/func/sub-012_ses-01_task-movie_run-01_sbref.json	InstitutionalDepartmentName	"""Department"""	REMOVE
sub-012/ses-01/func/sub-012_ses-01_task-movie_run-02_part-phase_bold.json	InstitutionalDepartmentName	"""Department"""	REMOVE
sub-012/ses-01/func/sub-012_ses-01_task-movie_run-02_part-phase_sbref.json	InstitutionalDepartmentName	"""Department"""	REMOVE
sub-012/ses-01/func/sub-012_ses-01_task-movie_run-02_sbref.json	InstitutionalDepartmentName	"""Department"""	REMOVE
sub-012/ses-01/func/sub-012_ses-01_task-movie_run-03_bold.json	InstitutionalDepartmentName	"""Department"""	REMOVE
sub-012/ses-01/func/sub-012_ses-01_task-movie_run-03_part-phase_sbref.json	InstitutionalDepartmentName	"""Department"""	REMOVE
sub-012/ses-01/func/sub-012_ses-01_task-movie_run-03_sbref.json	InstitutionalDepartmentName	"""Department"""	REMOVE
sub-012/ses-01/func/sub-012_ses-01_task-movie_run-04_part-phase_bold.json	InstitutionalDepartmentName	"""Department"""	REMOVE
sub-012/ses-01/func/sub-012_ses-01_task-movie_run-04_part-phase_sbref.json	InstitutionalDepartmentName	"""Department"""	REMOVE
sub-012/ses-01/func/sub-012_ses-01_task-movie_run-04_sbref.json	InstitutionalDepartmentName	"""Department"""	REMOVE
sub-012/ses-01/func/sub-012_ses-01_task-movie_run-05_bold.json	InstitutionalDepartmentName	"""Department"""	REMOVE
sub-012/ses-01/func/sub-012_ses-01_task-movie_run-06_part-phase_bold.json	InstitutionalDepartmentName	"""Department"""	REMOVE
sub-012/ses-01/func/sub-012_ses-01_task-movie_run-07_bold.json	InstitutionalDepartmentName	"""Department"""	REMOVE
sub-012/ses-01/func/sub-012_ses-01_task-movie_run-08_part-phase_bold.json	InstitutionalDepartmentName	"""Department"""	REMOVE
sub-012/ses-01/func/sub-012_ses-01_task-rest_run-01_bold.json	InstitutionalDepartmentName	"""Department"""	REMOVE
sub-012/ses-01/func/sub-012_ses-01_task-rest_run-01_part-phase_sbref.json	InstitutionalDepartmentName	"""Department"""	REMOVE
sub-012/ses-01/func/sub-012_ses-01_task-rest_run-01_sbref.json	InstitutionalDepartmentName	"""Department"""	REMOVE
sub-012/ses-01/func/sub-012_ses-01_task-rest_run-02_part-phase_bold.json	InstitutionalDepartmentName	"""Department"""	REMOVE
sub-012/ses-02/anat/sub-012_ses-02_run-01_FLAIR.json	InstitutionalDepartmentName	"""Department"""	REMOVE
sub-012/ses-02/anat/sub-012_ses-02_run-01_T1w.json	InstitutionalDepartmentName	"""Department"""	REMOVE
sub-012/ses-02/anat/sub-012_ses-02_run-01_TB1TFL.json	InstitutionalDepartmentName	"""Department"""	REMOVE
sub-012/ses-02/anat/sub-012_ses-02_run-02_T1w.json	InstitutionalDepartmentName	"""Department"""	REMOVE
sub-012/ses-02/anat/sub-012_ses-02_run-02_TB1TFL.json	InstitutionalDepartmentName	"""Department"""	REMOVE
sub-012/ses-02/anat/sub-012_ses-02_run-03_T1w.json	InstitutionalDepartmentName	"""Department"""	REMOVE
sub-012/ses-02/dwi/sub-012_ses-02_run-01_dwi.json	InstitutionalDepartmentName	"""Department"""	REMOVE
sub-012/ses-02/dwi/sub-012_ses-02_run-02_dwi.json	InstitutionalDepartmentName	"""Department"""	REMOVE
sub-012/ses-02/dwi/sub-012_ses-02_run-05_dwi.json	InstitutionalDepartmentName	"""Department"""	REMOVE
sub-012/ses-02/fmap/sub-012_ses-02_dir-AP_run-01_epi.json	InstitutionalDepartmentName	"""Department"""	REMOVE
sub-012/ses-02/fmap/sub-012_ses-02_dir-AP_run-02_part-phase_epi.json	InstitutionalDepartmentName	"""Department"""	REMOVE
sub-012/ses-02/fmap/sub-012_ses-02_dir-AP_run-03_epi.json	InstitutionalDepartmentName	"""Department"""	REMOVE
sub-012/ses-02/fmap/sub-012_ses-02_dir-AP_run-04_part-phase_epi.json	InstitutionalDepartmentName	"""Department"""	REMOVE
sub-012/ses-02/fmap/sub-012_ses-02_dir-PA_run-01_epi.json	InstitutionalDepartmentName	"""Department"""	REMOVE
sub-012/ses-02/fmap/sub-012_ses-02_dir-PA_run-02_part-phase_epi.json	InstitutionalDepartmentName	"""Department"""	REMOVE
sub-012/ses-02/fmap/sub-012_ses-02_dir-PA_run-03_epi.json	InstitutionalDepartmentName	"""Department"""	REMOVE
sub-012/ses-02/fmap/sub-012_ses-02_dir-PA_run-04_part-phase_epi.json	InstitutionalDepartmentName	"""Department"""	REMOVE
sub-012/ses-02/func/sub-012_ses-02_task-control_run-01_bold.json	InstitutionalDepartmentName	"""Department"""	REMOVE
sub-012/ses-02/func/sub-012_ses-02_task-control_run-01_part-phase_sbref.json	InstitutionalDepartmentName	"""Department"""	REMOVE
sub-012/ses-02/func/sub-012_ses-02_task-control_run-01_sbref.json	InstitutionalDepartmentName	"""Department"""	REMOVE
sub-012/ses-02/func/sub-012_ses-02_task-control_run-02_part-phase_bold.json	InstitutionalDepartmentName	"""Department"""	REMOVE
sub-012/ses-02/func/sub-012_ses-02_task-control_run-02_part-phase_sbref.json	InstitutionalDepartmentName	"""Department"""	REMOVE
sub-012/ses-02/func/sub-012_ses-02_task-control_run-02_sbref.json	InstitutionalDepartmentName	"""Department"""	REMOVE
sub-012/ses-02/func/sub-012_ses-02_task-control_run-03_bold.json	InstitutionalDepartmentName	"""Department"""	REMOVE
sub-012/ses-02/func/sub-012_ses-02_task-control_run-03_part-phase_sbref.json	InstitutionalDepartmentName	"""Department"""	REMOVE
sub-012/ses-02/func/sub-012_ses-02_task-control_run-03_sbref.json	InstitutionalDepartmentName	"""Department"""	REMOVE
sub-012/ses-02/func/sub-012_ses-02_task-control_run-04_part-phase_bold.json	InstitutionalDepartmentName	"""Department"""	REMOVE
sub-012/ses-02/func/sub-012_ses-02_task-control_run-05_bold.json	InstitutionalDepartmentName	"""Department"""	REMOVE
sub-012/ses-02/func/sub-012_ses-02_task-control_run-06_part-phase_bold.json	InstitutionalDepartmentName	"""Department"""	REMOVE
sub-012/ses-02/func/sub-012_ses-02_task-fmri_run-01_bold.json	InstitutionalDepartmentName	"""Department"""	REMOVE
sub-012/ses-02/func/sub-012_ses-02_task-fmri_run-01_part-phase_sbref.json	InstitutionalDepartmentName	"""Department"""	REMOVE
sub-012/ses-02/func/sub-012_ses-02_task-fmri_run-01_sbref.json	InstitutionalDepartmentName	"""Department"""	REMOVE
sub-012/ses-02/func/sub-012_ses-02_task-fmri_run-02_part-phase_bold.json	InstitutionalDepartmentName	"""Department"""	REMOVE
sub-012/ses-02/func/sub-012_ses-02_task-fmri_run-02_part-phase_sbref.json	InstitutionalDepartmentName	"""Department"""	REMOVE
sub-012/ses-02/func/sub-012_ses-02_task-fmri_run-02_sbref.json	InstitutionalDepartmentName	"""Department"""	REMOVE
sub-012/ses-02/func/sub-012_ses-02_task-fmri_run-03_bold.json	InstitutionalDepartmentName	"""Department"""	REMOVE
sub-012/ses-02/func/sub-012_ses-02_task-fmri_run-03_part-phase_sbref.json	InstitutionalDepartmentName	"""Department"""	REMOVE
sub-012/ses-02/func/sub-012_ses-02_task-fmri_run-03_sbref.json	InstitutionalDepartmentName	"""Department"""	REMOVE
sub-012/ses-02/func/sub-012_ses-02_task-fmri_run-04_part-phase_bold.json	InstitutionalDepartmentName	"""Department"""	REMOVE
sub-012/ses-02/func/sub-012_ses-02_task-fmri_run-04_part-phase_sbref.json	InstitutionalDepartmentName	"""Department"""	REMOVE
sub-012/ses-02/func/sub-012_ses-02_task-fmri_run-04_sbref.json	InstitutionalDepartmentName	"""Department"""	REMOVE
sub-012/ses-02/func/sub-012_ses-02_task-fmri_run-05_bold.json	InstitutionalDepartmentName	"""Department"""	REMOVE
sub-012/ses-02/func/sub-012_ses-02_task-fmri_run-06_part-phase_bold.json	InstitutionalDepartmentName	"""Department"""	REMOVE
sub-012/ses-02/func/sub-012_ses-02_task-fmri_run-07_bold.json	InstitutionalDepartmentName	"""Department"""	REMOVE
sub-012/ses-02/func/sub-012_ses-02_task-fmri_run-08_part-phase_bold.json	InstitutionalDepartmentName	"""Department"""	REMOVE
sub-012/ses-02/func/sub-012_ses-02_task-movie_run-01_bold.json	InstitutionalDepartmentName	"""Department"""	REMOVE
sub-012/ses-02/func/sub-012_ses-02_task-movie_run-01_part-phase_sbref.json	InstitutionalDepartmentName	"""Department"""	REMOVE
sub-012/ses-02/func/sub-012_ses-02_task-movie_run-01_sbref.json	InstitutionalDepartmentName	"""Department"""	REMOVE
sub-012/ses-02/func/sub-012_ses-02_task-movie_run-02_part-phase_bold.json	InstitutionalDepartmentName	"""Department"""	REMOVE
sub-012/ses-02/func/sub-012_ses-02_task-movie_run-02_part-phase_sbref.json	InstitutionalDepartmentName	"""Department"""	REMOVE
sub-012/ses-02/func/sub-012_ses-02_task-movie_run-02_sbref.json	InstitutionalDepartmentName	"""Department"""	REMOVE
sub-012/ses-02/func/sub-012_ses-02_task-movie_run-03_bold.json	InstitutionalDepartmentName	"""Department"""	REMOVE
sub-012/ses-02/func/sub-012_ses-02_task-movie_run-03_part-phase_sbref.json	InstitutionalDepartmentName	"""Department"""	REMOVE
sub-012/ses-02/func/sub-012_ses-02_task-movie_run-03_sbref.json	InstitutionalDepartmentName	"""Department"""	REMOVE
sub-012/ses-02/func/sub-012_ses-02_task-movie_run-04_part-phase_bold.json	InstitutionalDepartmentName	"""Department"""	REMOVE
sub-012/ses-02/func/sub-012_ses-02_task-movie_run-04_part-phase_sbref.json	InstitutionalDepartmentName	"""Department"""	REMOVE
sub-012/ses-02/func/sub-012_ses-02_task-movie_run-04_sbref.json	InstitutionalDepartmentName	"""Department"""	REMOVE
sub-012/ses-02/func/sub-012_ses-02_task-movie_run-05_bold.json	InstitutionalDepartmentName	"""Department"""	REMOVE
sub-012/ses-02/func/sub-012_ses-02_task-movie_run-06_part-phase_bold.json	InstitutionalDepartmentName	"""Department"""	REMOVE
sub-012/ses-02/func/sub-012_ses-02_task-movie_run-07_bold.json	InstitutionalDepartmentName	"""Department"""	REMOVE
sub-012/ses-02/func/sub-012_ses-02_task-movie_run-08_part-phase_bold.json	InstitutionalDepartmentName	"""Department"""	REMOVE
sub-012/ses-02/func/sub-012_ses-02_task-rest_run-01_bold.json	InstitutionalDepartmentName	"""Department"""	REMOVE
sub-012/ses-02/func/sub-012_ses-02_task-rest_run-01_part-phase_sbref.json	InstitutionalDepartmentName	"""Department"""	REMOVE
sub-012/ses-02/func/sub-012_ses-02_task-rest_run-01_sbref.json	InstitutionalDepartmentName	"""Department"""	REMOVE
sub-012/ses-02/func/sub-012_ses-02_task-rest_run-02_part-phase_bold.json	InstitutionalDepartmentName	"""Department"""	REMOVE
sub-013/ses-01/anat/sub-013_ses-01_run-01_FLAIR.json	InstitutionalDepartmentName	"""Department"""	REMOVE
sub-013/ses-01/anat/sub-013_ses-01_run-01_T1w.json	InstitutionalDepartmentName	"""Department"""	REMOVE
sub-013/ses-01/anat/sub-013_ses-01_run-01_TB1TFL.json	InstitutionalDepartmentName	"""Department"""	REMOVE
sub-013/ses-01/anat/sub-013_ses-01_run-02_T1w.json	InstitutionalDepartmentName	"""Department"""	REMOVE
sub-013/ses-01/anat/sub-013_ses-01_run-02_TB1TFL.json	InstitutionalDepartmentName	"""Department"""	REMOVE
sub-013/ses-01/anat/sub-013_ses-01_run-03_T1w.json	InstitutionalDepartmentName	"""Department"""	REMOVE
sub-013/ses-01/dwi/sub-013_ses-01_run-01_dwi.json	InstitutionalDepartmentName	"""Department"""	REMOVE
sub-013/ses-01/dwi/sub-013_ses-01_run-02_dwi.json	InstitutionalDepartmentName	"""Department"""	REMOVE
sub-013/ses-01/dwi/sub-013_ses-01_run-05_dwi.json	InstitutionalDepartmentName	"""Department"""	REMOVE
sub-013/ses-01/fmap/sub-013_ses-01_dir-AP_run-01_epi.json	InstitutionalDepartmentName	"""Department"""	REMOVE
sub-013/ses-01/fmap/sub-013_ses-01_dir-AP_run-02_part-phase_epi.json	InstitutionalDepartmentName	"""Department"""	REMOVE
sub-013/ses-01/fmap/sub-013_ses-01_dir-AP_run-03_epi.json	InstitutionalDepartmentName	"""Department"""	REMOVE
sub-013/ses-01/fmap/sub-013_ses-01_dir-AP_run-04_part-phase_epi.json	InstitutionalDepartmentName	"""Department"""	REMOVE
sub-013/ses-01/fmap/sub-013_ses-01_dir-PA_run-01_epi.json	InstitutionalDepartmentName	"""Department"""	REMOVE
sub-013/ses-01/fmap/sub-013_ses-01_dir-PA_run-02_part-phase_epi.json	InstitutionalDepartmentName	"""Department"""	REMOVE
sub-013/ses-01/fmap/sub-013_ses-01_dir-PA_run-03_epi.json	InstitutionalDepartmentName	"""Department"""	REMOVE
sub-013/ses-01/fmap/sub-013_ses-01_dir-PA_run-04_part-phase_epi.json	InstitutionalDepartmentName	"""Department"""	REMOVE
sub-013/ses-01/func/sub-013_ses-01_task-control_run-01_bold.json	InstitutionalDepartmentName	"""Department"""	REMOVE
sub-013/ses-01/func/sub-013_ses-01_task-control_run-01_part-phase_sbref.json	InstitutionalDepartmentName	"""Department"""	REMOVE
sub-013/ses-01/func/sub-013_ses-01_task-control_run-01_sbref.json	InstitutionalDepartmentName	"""Department"""	REMOVE
sub-013/ses-01/func/sub-013_ses-01_task-control_run-02_part-phase_bold.json	InstitutionalDepartmentName	"""Department"""	REMOVE
sub-013/ses-01/func/sub-013_ses-01_task-control_run-02_part-phase_sbref.json	InstitutionalDepartmentName	"""Department"""	REMOVE
sub-013/ses-01/func/sub-013_ses-01_task-control_run-02_sbref.json	InstitutionalDepartmentName	"""Department"""	REMOVE
sub-013/ses-01/func/sub-013_ses-01_task-control_run-03_bold.json	InstitutionalDepartmentName	"""Department"""	REMOVE
sub-013/ses-01/func/sub-013_ses-01_task-control_run-03_part-phase_sbref.json	InstitutionalDepartmentName	"""Department"""	REMOVE
sub-013/ses-01/func/sub-013_ses-01_task-control_run-03_sbref.json	InstitutionalDepartmentName	"""Department"""	REMOVE
sub-013/ses-01/func/sub-013_ses-01_task-control_run-04_part-phase_bold.json	InstitutionalDepartmentName	"""Department"""	REMOVE
sub-013/ses-01/func/sub-013_ses-01_task-control_run-05_bold.json	InstitutionalDepartmentName	"""Department"""	REMOVE
sub-013/ses-01/func/sub-013_ses-01_task-control_run-06_part-phase_bold.json	InstitutionalDepartmentName	"""Department"""	REMOVE
sub-013/ses-01/func/sub-013_ses-01_task-fmri_run-01_bold.json	InstitutionalDepartmentName	"""Department"""	REMOVE
sub-013/ses-01/func/sub-013_ses-01_task-fmri_run-01_part-phase_sbref.json	InstitutionalDepartmentName	"""Department"""	REMOVE
sub-013/ses-01/func/sub-013_ses-01_task-fmri_run-01_sbref.json	InstitutionalDepartmentName	"""Department"""	REMOVE
sub-013/ses-01/func/sub-013_ses-01_task-fmri_run-02_part-phase_bold.json	InstitutionalDepartmentName	"""Department"""	REMOVE
sub-013/ses-01/func/sub-013_ses-01_task-fmri_run-02_part-phase_sbref.json	InstitutionalDepartmentName	"""Department"""	REMOVE
sub-013/ses-01/func/sub-013_ses-01_task-fmri_run-02_sbref.json	InstitutionalDepartmentName	"""Department"""	REMOVE
sub-013/ses-01/func/sub-013_ses-01_task-fmri_run-03_bold.json	InstitutionalDepartmentName	"""Department"""	REMOVE
sub-013/ses-01/func/sub-013_ses-01_task-fmri_run-03_part-phase_sbref.json	InstitutionalDepartmentName	"""Department"""	REMOVE
sub-013/ses-01/func/sub-013_ses-01_task-fmri_run-03_sbref.json	InstitutionalDepartmentName	"""Department"""	REMOVE
sub-013/ses-01/func/sub-013_ses-01_task-fmri_run-04_part-phase_bold.json	InstitutionalDepartmentName	"""Department"""	REMOVE
sub-013/ses-01/func/sub-013_ses-01_task-fmri_run-04_part-phase_sbref.json	InstitutionalDepartmentName	"""Department"""	REMOVE
sub-013/ses-01/func/sub-013_ses-01_task-fmri_run-04_sbref.json	InstitutionalDepartmentName	"""Department"""	REMOVE
sub-013/ses-01/func/sub-013_ses-01_task-fmri_run-05_bold.json	InstitutionalDepartmentName	"""Department"""	REMOVE
sub-013/ses-01/func/sub-013_ses-01_task-fmri_run-06_part-phase_bold.json	InstitutionalDepartmentName	"""Department"""	REMOVE
sub-013/ses-01/func/sub-013_ses-01_task-fmri_run-07_bold.json	InstitutionalDepartmentName	"""Department"""	REMOVE
sub-013/ses-01/func/sub-013_ses-01_task-fmri_run-08_part-phase_bold.json	InstitutionalDepartmentName	"""Department"""	REMOVE
sub-013/ses-01/func/sub-013_ses-01_task-movie_run-01_bold.json	InstitutionalDepartmentName	"""Department"""	REMOVE
sub-013/ses-01/func/sub-013_ses-01_task-movie_run-01_part-phase_sbref.json	InstitutionalDepartmentName	"""Department"""	REMOVE
sub-013/ses-01/func/sub-013_ses-01_task-movie_run-01_sbref.json	InstitutionalDepartmentName	"""Department"""	REMOVE
sub-013/ses-01/func/sub-013_ses-01_task-movie_run-02_part-phase_bold.json	InstitutionalDepartmentName	"""Department"""	REMOVE
sub-013/ses-01/func/sub-013_ses-01_task-movie_run-02_part-phase_sbref.json	InstitutionalDepartmentName	"""Department"""	REMOVE
sub-013/ses-01/func/sub-013_ses-01_task-movie_run-02_sbref.json	InstitutionalDepartmentName	"""Department"""	REMOVE
sub-013/ses-01/func/sub-013_ses-01_task-movie_run-03_bold.json	InstitutionalDepartmentName	"""Department"""	REMOVE
sub-013/ses-01/func/sub-013_ses-01_task-movie_run-03_part-phase_sbref.json	InstitutionalDepartmentName	"""Department"""	REMOVE
sub-013/ses-01/func/sub-013_ses-01_task-movie_run-03_sbref.json	InstitutionalDepartmentName	"""Department"""	REMOVE
sub-013/ses-01/func/sub-013_ses-01_task-movie_run-04_part-phase_bold.json	InstitutionalDepartmentName	"""Department"""	REMOVE
sub-013/ses-01/func/sub-013_ses-01_task-movie_run-04_part-phase_sbref.json	InstitutionalDepartmentName	"""Department"""	REMOVE
sub-013/ses-01/func/sub-013_ses-01_task-movie_run-04_sbref.json	InstitutionalDepartmentName	"""Department"""	REMOVE
sub-013/ses-01/func/sub-013_ses-01_task-movie_run-05_bold.json	InstitutionalDepartmentName	"""Department"""	REMOVE
sub-013/ses-01/func/sub-013_ses-01_task-movie_run-06_part-phase_bold.json	InstitutionalDepartmentName	"""Department"""	REMOVE
sub-013/ses-01/func/sub-013_ses-01_task-movie_run-07_bold.json	InstitutionalDepartmentName	"""Department"""	REMOVE
sub-013/ses-01/func/sub-013_ses-01_task-movie_run-08_part-phase_bold.json	InstitutionalDepartmentName	"""Department"""	REMOVE
sub-013/ses-01/func/sub-013_ses-01_task-rest_run-01_bold.json	InstitutionalDepartmentName	"""Department"""	REMOVE
sub-013/ses-01/func/sub-013_ses-01_task-rest_run-01_part-phase_sbref.json	InstitutionalDepartmentName	"""Department"""	REMOVE
sub-013/ses-01/func/sub-013_ses-01_task-rest_run-01_sbref.json	InstitutionalDepartmentName	"""Department"""	REMOVE
sub-013/ses-01/func/sub-013_ses-01_task-rest_run-02_part-phase_bold.json	InstitutionalDepartmentName	"""Department"""	REMOVE
sub-014/ses-01/anat/sub-014_ses-01_run-01_FLAIR.json	InstitutionalDepartmentName	"""Department"""	REMOVE
sub-014/ses-01/anat/sub-014_ses-01_run-01_T1w.json	InstitutionalDepartmentName	"""Department"""	REMOVE
sub-014/ses-01/anat/sub-014_ses-01_run-01_TB1TFL.json	InstitutionalDepartmentName	"""Department"""	REMOVE
sub-014/ses-01/anat/sub-014_ses-01_run-02_T1w.json	InstitutionalDepartmentName	"""Department"""	REMOVE
sub-014/ses-01/anat/sub-014_ses-01_run-02_TB1TFL.json	InstitutionalDepartmentName	"""Department"""	REMOVE
sub-014/ses-01/anat/sub-014_ses-01_run-03_T1w.json	InstitutionalDepartmentName	"""Department"""	REMOVE
sub-014/ses-01/dwi/sub-014_ses-01_run-01_dwi.json	InstitutionalDepartmentName	"""Department"""	REMOVE
sub-014/ses-01/dwi/sub-014_ses-01_run-02_dwi.json	InstitutionalDepartmentName	"""Department"""	REMOVE
sub-014/ses-01/dwi/sub-014_ses-01_run-05_dwi.json	InstitutionalDepartmentName	"""Department"""	REMOVE
sub-014/ses-01/fmap/sub-014_ses-01_dir-AP_run-01_epi.json	InstitutionalDepartmentName	"""Department"""	REMOVE
sub-014/ses-01/fmap/sub-014_ses-01_dir-AP_run-02_part-phase_epi.json	InstitutionalDepartmentName	"""Department"""	REMOVE
sub-014/ses-01/fmap/sub-014_ses-01_dir-AP_run-03_epi.json	InstitutionalDepartmentName	"""Department"""	REMOVE
sub-014/ses-01/fmap/sub-014_ses-01_dir-AP_run-04_part-phase_epi.json	InstitutionalDepartmentName	"""Department"""	REMOVE
sub-014/ses-01/fmap/sub-014_ses-01_dir-PA_run-01_epi.json	InstitutionalDepartmentName	"""Department"""	REMOVE
sub-014/ses-01/fmap/sub-014_ses-01_dir-PA_run-02_part-phase_epi.json	InstitutionalDepartmentName	"""Department"""	REMOVE
sub-014/ses-01/fmap/sub-014_ses-01_dir-PA_run-03_epi.json	InstitutionalDepartmentName	"""Department"""	REMOVE
sub-014/ses-01/fmap/sub-014_ses-01_dir-PA_run-04_part-phase_epi.json	InstitutionalDepartmentName	"""Department"""	REMOVE
sub-014/ses-01/func/sub-014_ses-01_task-control_run-01_bold.json	InstitutionalDepartmentName	"""Department"""	REMOVE
sub-014/ses-01/func/sub-014_ses-01_task-control_run-01_part-phase_sbref.json	InstitutionalDepartmentName	"""Department"""	REMOVE
sub-014/ses-01/func/sub-014_ses-01_task-control_run-01_sbref.json	InstitutionalDepartmentName	"""Department"""	REMOVE
sub-014/ses-01/func/sub-014_ses-01_task-control_run-02_part-phase_bold.json	InstitutionalDepartmentName	"""Department"""	REMOVE
sub-014/ses-01/func/sub-014_ses-01_task-control_run-02_part-phase_sbref.json	InstitutionalDepartmentName	"""Department"""	REMOVE
sub-014/ses-01/func/sub-014_ses-01_task-control_run-02_sbref.json	InstitutionalDepartmentName	"""Department"""	REMOVE
sub-014/ses-01/func/sub-014_ses-01_task-control_run-03_bold.json	InstitutionalDepartmentName	"""Department"""	REMOVE
sub-014/ses-01/func/sub-014_ses-01_task-control_run-03_part-phase_sbref.json	InstitutionalDepartmentName	"""Department"""	REMOVE
sub-014/ses-01/func/sub-014_ses-01_task-control_run-03_sbref.json	InstitutionalDepartmentName	"""Department"""	REMOVE
sub-014/ses-01/func/sub-014_ses-01_task-control_run-04_part-phase_bold.json	InstitutionalDepartmentName	"""Department"""	REMOVE
sub-014/ses-01/func/sub-014_ses-01_task-control_run-05_bold.json	InstitutionalDepartmentName	"""Department"""	REMOVE
sub-014/ses-01/func/sub-014_ses-01_task-control_run-06_part-phase_bold.json	InstitutionalDepartmentName	"""Department"""	REMOVE
sub-014/ses-01/func/sub-014_ses-01_task-fmri_run-01_bold.json	InstitutionalDepartmentName	"""Department"""	REMOVE
sub-014/ses-01/func/sub-014_ses-01_task-fmri_run-01_part-phase_sbref.json	InstitutionalDepartmentName	"""Department"""	REMOVE
sub-014/ses-01/func/sub-014_ses-01_task-fmri_run-01_sbref.json	InstitutionalDepartmentName	"""Department"""	REMOVE
sub-014/ses-01/func/sub-014_ses-01_task-fmri_run-02_part-phase_bold.json	InstitutionalDepartmentName	"""Department"""	REMOVE
sub-014/ses-01/func/sub-014_ses-01_task-fmri_run-02_part-phase_sbref.json	InstitutionalDepartmentName	"""Department"""	REMOVE
sub-014/ses-01/func/sub-014_ses-01_task-fmri_run-02_sbref.json	InstitutionalDepartmentName	"""Department"""	REMOVE
sub-014/ses-01/func/sub-014_ses-01_task-fmri_run-03_bold.json	InstitutionalDepartmentName	"""Department"""	REMOVE
sub-014/ses-01/func/sub-014_ses-01_task-fmri_run-03_part-phase_sbref.json	InstitutionalDepartmentName	"""Department"""	REMOVE
sub-014/ses-01/func/sub-014_ses-01_task-fmri_run-03_sbref.json	InstitutionalDepartmentName	"""Department"""	REMOVE
sub-014/ses-01/func/sub-014_ses-01_task-fmri_run-04_part-phase_bold.json	InstitutionalDepartmentName	"""Department"""	REMOVE
sub-014/ses-01/func/sub-014_ses-01_task-fmri_run-04_part-phase_sbref.json	InstitutionalDepartmentName	"""Department"""	REMOVE
sub-014/ses-01/func/sub-014_ses-01_task-fmri_run-04_sbref.json	InstitutionalDepartmentName	"""Department"""	REMOVE
sub-014/ses-01/func/sub-014_ses-01_task-fmri_run-05_bold.json	InstitutionalDepartmentName	"""Department"""	REMOVE
sub-014/ses-01/func/sub-014_ses-01_task-fmri_run-06_part-phase_bold.json	InstitutionalDepartmentName	"""Department"""	REMOVE
sub-014/ses-01/func/sub-014_ses-01_task-fmri_run-07_bold.json	InstitutionalDepartmentName	"""Department"""	REMOVE
sub-014/ses-01/func/sub-014_ses-01_task-fmri_run-08_part-phase_bold.json	InstitutionalDepartmentName	"""Department"""	REMOVE
sub-014/ses-01/func/sub-014_ses-01_task-movie_run-01_bold.json	InstitutionalDepartmentName	"""Department"""	REMOVE
sub-014/ses-01/func/sub-014_ses-01_task-movie_run-01_part-phase_sbref.json	InstitutionalDepartmentName	"""Department"""	REMOVE
sub-014/ses-01/func/sub-014_ses-01_task-movie_run-01_sbref.json	InstitutionalDepartmentName	"""Department"""	REMOVE
sub-014/ses-01/func/sub-014_ses-01_task-movie_run-02_part-phase_bold.json	InstitutionalDepartmentName	"""Department"""	REMOVE
sub-014/ses-01/func/sub-014_ses-01_task-movie_run-02_part-phase_sbref.json	InstitutionalDepartmentName	"""Department"""	REMOVE
sub-014/ses-01/func/sub-014_ses-01_task-movie_run-02_sbref.json	InstitutionalDepartmentName	"""Department"""	REMOVE
sub-014/ses-01/func/sub-014_ses-01_task-movie_run-03_bold.json	InstitutionalDepartmentName	"""Department"""	REMOVE
sub-014/ses-01/func/sub-014_ses-01_task-movie_run-03_part-phase_sbref.json	InstitutionalDepartmentName	"""Department"""	REMOVE
sub-014/ses-01/func/sub-014_ses-01_task-movie_run-03_sbref.json	InstitutionalDepartmentName	"""Department"""	REMOVE
sub-014/ses-01/func/sub-014_ses-01_task-movie_run-04_part-phase_bold.json	InstitutionalDepartmentName	"""Department"""	REMOVE
sub-014/ses-01/func/sub-014_ses-01_task-movie_run-04_part-phase_sbref.json	InstitutionalDepartmentName	"""Department"""	REMOVE
sub-014/ses-01/func/sub-014_ses-01_task-movie_run-04_sbref.json	InstitutionalDepartmentName	"""Department"""	REMOVE
sub-014/ses-01/func/sub-014_ses-01_task-movie_run-05_bold.json	InstitutionalDepartmentName	"""Department"""	REMOVE
sub-014/ses-01/func/sub-014_ses-01_task-movie_run-06_part-phase_bold.json	InstitutionalDepartmentName	"""Department"""	REMOVE
sub-014/ses-01/func/sub-014_ses-01_task-movie_run-07_bold.json	InstitutionalDepartmentName	"""Department"""	REMOVE
sub-014/ses-01/func/sub-014_ses-01_task-movie_run-08_part-phase_bold.json	InstitutionalDepartmentName	"""Department"""	REMOVE
sub-014/ses-01/func/sub-014_ses-01_task-rest_run-01_bold.json	InstitutionalDepartmentName	"""Department"""	REMOVE
sub-014/ses-01/func/sub-014_ses-01_task-rest_run-01_part-phase_sbref.json	InstitutionalDepartmentName	"""Department"""	REMOVE
sub-014/ses-01/func/sub-014_ses-01_task-rest_run-01_sbref.json	InstitutionalDepartmentName	"""Department"""	REMOVE
sub-014/ses-01/func/sub-014_ses-01_task-rest_run-02_part-phase_bold.json	InstitutionalDepartmentName	"""Department"""	REMOVE
sub-015/ses-01/anat/sub-015_ses-01_run-01_FLAIR.json	InstitutionalDepartmentName	"""Department"""	REMOVE
sub-015/ses-01/anat/sub-015_ses-01_run-01_T1w.json	InstitutionalDepartmentName	"""Department"""	REMOVE
sub-015/ses-01/anat/sub-015_ses-01_run-01_TB1TFL.json	InstitutionalDepartmentName	"""Department"""	REMOVE
sub-015/ses-01/anat/sub-015_ses-01_run-02_T1w.json	InstitutionalDepartmentName	"""Department"""	REMOVE
sub-015/ses-01/anat/sub-015_ses-01_run-02_TB1TFL.json	InstitutionalDepartmentName	"""Department"""	REMOVE
sub-015/ses-01/anat/sub-015_ses-01_run-03_T1w.json	InstitutionalDepartmentName	"""Department"""	REMOVE
sub-015/ses-01/dwi/sub-015_ses-01_run-01_dwi.json	InstitutionalDepartmentName	"""Department"""	REMOVE
sub-015/ses-01/dwi/sub-015_ses-01_run-02_dwi.json	InstitutionalDepartmentName	"""Department"""	REMOVE
sub-015/ses-01/dwi/sub-015_ses-01_run-05_dwi.json	InstitutionalDepartmentName	"""Department"""	REMOVE
sub-015/ses-01/fmap/sub-015_ses-01_dir-AP_run-01_epi.json	InstitutionalDepartmentName	"""Department"""	REMOVE
sub-015/ses-01/fmap/sub-015_ses-01_dir-AP_run-02_part-phase_epi.json	InstitutionalDepartmentName	"""Department"""	REMOVE
sub-015/ses-01/fmap/sub-015_ses-01_dir-AP_run-03_epi.json	InstitutionalDepartmentName	"""Department"""	REMOVE
sub-015/ses-01/fmap/sub-015_ses-01_dir-AP_run-04_part-phase_epi.json	InstitutionalDepartmentName	"""Department"""	REMOVE
sub-015/ses-01/fmap/sub-015_ses-01_dir-PA_run-01_epi.json	InstitutionalDepartmentName	"""Department"""	REMOVE
sub-015/ses-01/fmap/sub-015_ses-01_dir-PA_run-02_part-phase_epi.json	InstitutionalDepartmentName	"""Department"""	REMOVE
sub-015/ses-01/fmap/sub-015_ses-01_dir-PA_run-03_epi.json	InstitutionalDepartmentName	"""Department"""	REMOVE
sub-015/ses-01/fmap/sub-015_ses-01_dir-PA_run-04_part-phase_epi.json	InstitutionalDepartmentName	"""Department"""	REMOVE
sub-015/ses-01/func/sub-015_ses-01_task-control_run-01_bold.json	InstitutionalDepartmentName	"""Department"""	REMOVE
sub-015/ses-01/func/sub-015_ses-01_task-control_run-01_part-phase_sbref.json	InstitutionalDepartmentName	"""Department"""	REMOVE
sub-015/ses-01/func/sub-015_ses-01_task-control_run-01_sbref.json	InstitutionalDepartmentName	"""Department"""	REMOVE
sub-015/ses-01/func/sub-015_ses-01_task-control_run-02_part-phase_bold.json	InstitutionalDepartmentName	"""Department"""	REMOVE
sub-015/ses-01/func/sub-015_ses-01_task-control_run-02_part-phase_sbref.json	InstitutionalDepartmentName	"""Department"""	REMOVE
sub-015/ses-01/func/sub-015_ses-01_task-control_run-02_sbref.json	InstitutionalDepartmentName	"""Department"""	REMOVE
sub-015/ses-01/func/sub-015_ses-01_task-control_run-03_bold.json	InstitutionalDepartmentName	"""Department"""	REMOVE
sub-015/ses-01/func/sub-015_ses-01_task-control_run-03_part-phase_sbref.json	InstitutionalDepartmentName	"""Department"""	REMOVE
sub-015/ses-01/func/sub-015_ses-01_task-control_run-03_sbref.json	InstitutionalDepartmentName	"""Department"""	REMOVE
sub-015/ses-01/func/sub-015_ses-01_task-control_run-04_part-phase_bold.json	InstitutionalDepartmentName	"""Department"""	REMOVE
sub-015/ses-01/func/sub-015_ses-01_task-control_run-04_part-phase_sbref.json	InstitutionalDepartmentName	"""Department"""	REMOVE
sub-015/ses-01/func/sub-015_ses-01_task-control_run-04_sbref.json	InstitutionalDepartmentName	"""Department"""	REMOVE
sub-015/ses-01/func/sub-015_ses-01_task-control_run-05_bold.json	InstitutionalDepartmentName	"""Department"""	REMOVE
sub-015/ses-01/func/sub-015_ses-01_task-control_run-06_part-phase_bold.json	InstitutionalDepartmentName	"""Department"""	REMOVE
sub-015/ses-01/func/sub-015_ses-01_task-control_run-07_bold.json	InstitutionalDepartmentName	"""Department"""	REMOVE
sub-015/ses-01/func/sub-015_ses-01_task-control_run-08_part-phase_bold.json	InstitutionalDepartmentName	"""Department"""	REMOVE
sub-015/ses-01/func/sub-015_ses-01_task-fmri_run-01_bold.json	InstitutionalDepartmentName	"""Department"""	REMOVE
sub-015/ses-01/func/sub-015_ses-01_task-fmri_run-01_part-phase_sbref.json	InstitutionalDepartmentName	"""Department"""	REMOVE
sub-015/ses-01/func/sub-015_ses-01_task-fmri_run-01_sbref.json	InstitutionalDepartmentName	"""Department"""	REMOVE
sub-015/ses-01/func/sub-015_ses-01_task-fmri_run-02_part-phase_bold.json	InstitutionalDepartmentName	"""Department"""	REMOVE
sub-015/ses-01/func/sub-015_ses-01_task-fmri_run-02_part-phase_sbref.json	InstitutionalDepartmentName	"""Department"""	REMOVE
sub-015/ses-01/func/sub-015_ses-01_task-fmri_run-02_sbref.json	InstitutionalDepartmentName	"""Department"""	REMOVE
sub-015/ses-01/func/sub-015_ses-01_task-fmri_run-03_bold.json	InstitutionalDepartmentName	"""Department"""	REMOVE
sub-015/ses-01/func/sub-015_ses-01_task-fmri_run-03_part-phase_sbref.json	InstitutionalDepartmentName	"""Department"""	REMOVE
sub-015/ses-01/func/sub-015_ses-01_task-fmri_run-03_sbref.json	InstitutionalDepartmentName	"""Department"""	REMOVE
sub-015/ses-01/func/sub-015_ses-01_task-fmri_run-04_part-phase_bold.json	InstitutionalDepartmentName	"""Department"""	REMOVE
sub-015/ses-01/func/sub-015_ses-01_task-fmri_run-04_part-phase_sbref.json	InstitutionalDepartmentName	"""Department"""	REMOVE
sub-015/ses-01/func/sub-015_ses-01_task-fmri_run-04_sbref.json	InstitutionalDepartmentName	"""Department"""	REMOVE
sub-015/ses-01/func/sub-015_ses-01_task-fmri_run-05_bold.json	InstitutionalDepartmentName	"""Department"""	REMOVE
sub-015/ses-01/func/sub-015_ses-01_task-fmri_run-06_part-phase_bold.json	InstitutionalDepartmentName	"""Department"""	REMOVE
sub-015/ses-01/func/sub-015_ses-01_task-fmri_run-07_bold.json	InstitutionalDepartmentName	"""Department"""	REMOVE
sub-015/ses-01/func/sub-015_ses-01_task-fmri_run-08_part-phase_bold.json	InstitutionalDepartmentName	"""Department"""	REMOVE
sub-015/ses-01/func/sub-015_ses-01_task-movie_run-01_bold.json	InstitutionalDepartmentName	"""Department"""	REMOVE
sub-015/ses-01/func/sub-015_ses-01_task-movie_run-01_part-phase_sbref.json	InstitutionalDepartmentName	"""Department"""	REMOVE
sub-015/ses-01/func/sub-015_ses-01_task-movie_run-01_sbref.json	InstitutionalDepartmentName	"""Department"""	REMOVE
sub-015/ses-01/func/sub-015_ses-01_task-movie_run-02_part-phase_bold.json	InstitutionalDepartmentName	"""Department"""	REMOVE
sub-015/ses-01/func/sub-015_ses-01_task-movie_run-02_part-phase_sbref.json	InstitutionalDepartmentName	"""Department"""	REMOVE
sub-015/ses-01/func/sub-015_ses-01_task-movie_run-02_sbref.json	InstitutionalDepartmentName	"""Department"""	REMOVE
sub-015/ses-01/func/sub-015_ses-01_task-movie_run-03_bold.json	InstitutionalDepartmentName	"""Department"""	REMOVE
sub-015/ses-01/func/sub-015_ses-01_task-movie_run-03_part-phase_sbref.json	InstitutionalDepartmentName	"""Department"""	REMOVE
sub-015/ses-01/func/sub-015_ses-01_task-movie_run-03_sbref.json	InstitutionalDepartmentName	"""Department"""	REMOVE
sub-015/ses-01/func/sub-015_ses-01_task-movie_run-04_part-phase_bold.json	InstitutionalDepartmentName	"""Department"""	REMOVE
sub-015/ses-01/func/sub-015_ses-01_task-movie_run-04_part-phase_sbref.json	InstitutionalDepartmentName	"""Department"""	REMOVE
sub-015/ses-01/func/sub-015_ses-01_task-movie_run-04_sbref.json	InstitutionalDepartmentName	"""Department"""	REMOVE
sub-015/ses-01/func/sub-015_ses-01_task-movie_run-05_bold.json	InstitutionalDepartmentName	"""Department"""	REMOVE
sub-015/ses-01/func/sub-015_ses-01_task-movie_run-06_part-phase_bold.json	InstitutionalDepartmentName	"""Department"""	REMOVE
sub-015/ses-01/func/sub-015_ses-01_task-movie_run-07_bold.json	InstitutionalDepartmentName	"""Department"""	REMOVE
sub-015/ses-01/func/sub-015_ses-01_task-movie_run-08_part-phase_bold.json	InstitutionalDepartmentName	"""Department"""	REMOVE
sub-015/ses-01/func/sub-015_ses-01_task-rest_run-01_bold.json	InstitutionalDepartmentName	"""Department"""	REMOVE
sub-015/ses-01/func/sub-015_ses-01_task-rest_run-01_part-phase_sbref.json	InstitutionalDepartmentName	"""Department"""	REMOVE
sub-015/ses-01/func/sub-015_ses-01_task-rest_run-01_sbref.json	InstitutionalDepartmentName	"""Department"""	REMOVE
sub-015/ses-01/func/sub-015_ses-01_task-rest_run-02_part-phase_bold.json	InstitutionalDepartmentName	"""Department"""	REMOVE
sub-015/ses-02/anat/sub-015_ses-02_run-01_FLAIR.json	InstitutionalDepartmentName	"""Department"""	REMOVE
sub-015/ses-02/anat/sub-015_ses-02_run-01_T1w.json	InstitutionalDepartmentName	"""Department"""	REMOVE
sub-015/ses-02/anat/sub-015_ses-02_run-01_TB1TFL.json	InstitutionalDepartmentName	"""Department"""	REMOVE
sub-015/ses-02/anat/sub-015_ses-02_run-02_T1w.json	InstitutionalDepartmentName	"""Department"""	REMOVE
sub-015/ses-02/anat/sub-015_ses-02_run-02_TB1TFL.json	InstitutionalDepartmentName	"""Department"""	REMOVE
sub-015/ses-02/anat/sub-015_ses-02_run-03_T1w.json	InstitutionalDepartmentName	"""Department"""	REMOVE
sub-015/ses-02/dwi/sub-015_ses-02_run-01_dwi.json	InstitutionalDepartmentName	"""Department"""	REMOVE
sub-015/ses-02/dwi/sub-015_ses-02_run-02_dwi.json	InstitutionalDepartmentName	"""Department"""	REMOVE
sub-015/ses-02/dwi/sub-015_ses-02_run-05_dwi.json	InstitutionalDepartmentName	"""Department"""	REMOVE
sub-015/ses-02/fmap/sub-015_ses-02_dir-AP_run-01_epi.json	InstitutionalDepartmentName	"""Department"""	REMOVE
sub-015/ses-02/fmap/sub-015_ses-02_dir-AP_run-02_part-phase_epi.json	InstitutionalDepartmentName	"""Department"""	REMOVE
sub-015/ses-02/fmap/sub-015_ses-02_dir-AP_run-03_epi.json	InstitutionalDepartmentName	"""Department"""	REMOVE
sub-015/ses-02/fmap/sub-015_ses-02_dir-AP_run-04_part-phase_epi.json	InstitutionalDepartmentName	"""Department"""	REMOVE
sub-015/ses-02/fmap/sub-015_ses-02_dir-PA_run-01_epi.json	InstitutionalDepartmentName	"""Department"""	REMOVE
sub-015/ses-02/fmap/sub-015_ses-02_dir-PA_run-02_part-phase_epi.json	InstitutionalDepartmentName	"""Department"""	REMOVE
sub-015/ses-02/fmap/sub-015_ses-02_dir-PA_run-03_epi.json	InstitutionalDepartmentName	"""Department"""	REMOVE
sub-015/ses-02/fmap/sub-015_ses-02_dir-PA_run-04_part-phase_epi.json	InstitutionalDepartmentName	"""Department"""	REMOVE
sub-015/ses-02/func/sub-015_ses-02_task-control_run-01_bold.json	InstitutionalDepartmentName	"""Department"""	REMOVE
sub-015/ses-02/func/sub-015_ses-02_task-control_run-01_part-phase_sbref.json	InstitutionalDepartmentName	"""Department"""	REMOVE
sub-015/ses-02/func/sub-015_ses-02_task-control_run-01_sbref.json	InstitutionalDepartmentName	"""Department"""	REMOVE
sub-015/ses-02/func/sub-015_ses-02_task-control_run-02_part-phase_bold.json	InstitutionalDepartmentName	"""Department"""	REMOVE
sub-015/ses-02/func/sub-015_ses-02_task-control_run-02_part-phase_sbref.json	InstitutionalDepartmentName	"""Department"""	REMOVE
sub-015/ses-02/func/sub-015_ses-02_task-control_run-02_sbref.json	InstitutionalDepartmentName	"""Department"""	REMOVE
sub-015/ses-02/func/sub-015_ses-02_task-control_run-03_bold.json	InstitutionalDepartmentName	"""Department"""	REMOVE
sub-015/ses-02/func/sub-015_ses-02_task-control_run-03_part-phase_sbref.json	InstitutionalDepartmentName	"""Department"""	REMOVE
sub-015/ses-02/func/sub-015_ses-02_task-control_run-03_sbref.json	InstitutionalDepartmentName	"""Department"""	REMOVE
sub-015/ses-02/func/sub-015_ses-02_task-control_run-04_part-phase_bold.json	InstitutionalDepartmentName	"""Department"""	REMOVE
sub-015/ses-02/func/sub-015_ses-02_task-control_run-05_bold.json	InstitutionalDepartmentName	"""Department"""	REMOVE
sub-015/ses-02/func/sub-015_ses-02_task-control_run-06_part-phase_bold.json	InstitutionalDepartmentName	"""Department"""	REMOVE
sub-015/ses-02/func/sub-015_ses-02_task-fmri_run-01_bold.json	InstitutionalDepartmentName	"""Department"""	REMOVE
sub-015/ses-02/func/sub-015_ses-02_task-fmri_run-01_part-phase_sbref.json	InstitutionalDepartmentName	"""Department"""	REMOVE
sub-015/ses-02/func/sub-015_ses-02_task-fmri_run-01_sbref.json	InstitutionalDepartmentName	"""Department"""	REMOVE
sub-015/ses-02/func/sub-015_ses-02_task-fmri_run-02_part-phase_bold.json	InstitutionalDepartmentName	"""Department"""	REMOVE
sub-015/ses-02/func/sub-015_ses-02_task-fmri_run-02_part-phase_sbref.json	InstitutionalDepartmentName	"""Department"""	REMOVE
sub-015/ses-02/func/sub-015_ses-02_task-fmri_run-02_sbref.json	InstitutionalDepartmentName	"""Department"""	REMOVE
sub-015/ses-02/func/sub-015_ses-02_task-fmri_run-03_bold.json	InstitutionalDepartmentName	"""Department"""	REMOVE
sub-015/ses-02/func/sub-015_ses-02_task-fmri_run-03_part-phase_sbref.json	InstitutionalDepartmentName	"""Department"""	REMOVE
sub-015/ses-02/func/sub-015_ses-02_task-fmri_run-03_sbref.json	InstitutionalDepartmentName	"""Department"""	REMOVE
sub-015/ses-02/func/sub-015_ses-02_task-fmri_run-04_part-phase_bold.json	InstitutionalDepartmentName	"""Department"""	REMOVE
sub-015/ses-02/func/sub-015_ses-02_task-fmri_run-04_part-phase_sbref.json	InstitutionalDepartmentName	"""Department"""	REMOVE
sub-015/ses-02/func/sub-015_ses-02_task-fmri_run-04_sbref.json	InstitutionalDepartmentName	"""Department"""	REMOVE
sub-015/ses-02/func/sub-015_ses-02_task-fmri_run-05_bold.json	InstitutionalDepartmentName	"""Department"""	REMOVE
sub-015/ses-02/func/sub-015_ses-02_task-fmri_run-06_part-phase_bold.json	InstitutionalDepartmentName	"""Department"""	REMOVE
sub-015/ses-02/func/sub-015_ses-02_task-fmri_run-07_bold.json	InstitutionalDepartmentName	"""Department"""	REMOVE
sub-015/ses-02/func/sub-015_ses-02_task-fmri_run-08_part-phase_bold.json	InstitutionalDepartmentName	"""Department"""	REMOVE
sub-015/ses-02/func/sub-015_ses-02_task-movie_run-01_bold.json	InstitutionalDepartmentName	"""Department"""	REMOVE
sub-015/ses-02/func/sub-015_ses-02_task-movie_run-01_part-phase_sbref.json	InstitutionalDepartmentName	"""Department"""	REMOVE
sub-015/ses-02/func/sub-015_ses-02_task-movie_run-01_sbref.json	InstitutionalDepartmentName	"""Department"""	REMOVE
sub-015/ses-02/func/sub-015_ses-02_task-movie_run-02_part-phase_bold.json	InstitutionalDepartmentName	"""Department"""	REMOVE
sub-015/ses-02/func/sub-015_ses-02_task-movie_run-02_part-phase_sbref.json	InstitutionalDepartmentName	"""Department"""	REMOVE
sub-015/ses-02/func/sub-015_ses-02_task-movie_run-02_sbref.json	InstitutionalDepartmentName	"""Department"""	REMOVE
sub-015/ses-02/func/sub-015_ses-02_task-movie_run-03_bold.json	InstitutionalDepartmentName	"""Department"""	REMOVE
sub-015/ses-02/func/sub-015_ses-02_task-movie_run-03_part-phase_sbref.json	InstitutionalDepartmentName	"""Department"""	REMOVE
sub-015/ses-02/func/sub-015_ses-02_task-movie_run-03_sbref.json	InstitutionalDepartmentName	"""Department"""	REMOVE
sub-015/ses-02/func/sub-015_ses-02_task-movie_run-04_part-phase_bold.json	InstitutionalDepartmentName	"""Department"""	REMOVE
sub-015/ses-02/func/sub-015_ses-02_task-movie_run-04_part-phase_sbref.json	InstitutionalDepartmentName	"""Department"""	REMOVE
sub-015/ses-02/func/sub-015_ses-02_task-movie_run-04_sbref.json	InstitutionalDepartmentName	"""Department"""	REMOVE
sub-015/ses-02/func/sub-015_ses-02_task-movie_run-05_bold.json	InstitutionalDepartmentName	"""Department"""	REMOVE
sub-015/ses-02/func/sub-015_ses-02_task-movie_run-06_part-phase_bold.json	InstitutionalDepartmentName	"""Department"""	REMOVE
sub-015/ses-02/func/sub-015_ses-02_task-movie_run-07_bold.json	InstitutionalDepartmentName	"""Department"""	REMOVE
sub-015/ses-02/func/sub-015_ses-02_task-movie_run-08_part-phase_bold.json	InstitutionalDepartmentName	"""Department"""	REMOVE
sub-015/ses-02/func/sub-015_ses-02_task-rest_run-01_bold.json	InstitutionalDepartmentName	"""Department"""	REMOVE
sub-015/ses-02/func/sub-015_ses-02_task-rest_run-01_part-phase_sbref.json	InstitutionalDepartmentName	"""Department"""	REMOVE
sub-015/ses-02/func/sub-015_ses-02_task-rest_run-01_sbref.json	InstitutionalDepartmentName	"""Department"""	REMOVE
sub-015/ses-02/func/sub-015_ses-02_task-rest_run-02_part-phase_bold.json	InstitutionalDepartmentName	"""Department"""	REMOVE
sub-016/ses-01/anat/sub-016_ses-01_run-01_FLAIR.json	InstitutionalDepartmentName	"""Department"""	REMOVE
sub-016/ses-01/anat/sub-016_ses-01_run-01_T1w.json	InstitutionalDepartmentName	"""Department"""	REMOVE
sub-016/ses-01/anat/sub-016_ses-01_run-01_TB1TFL.json	InstitutionalDepartmentName	"""Department"""	REMOVE
sub-016/ses-01/anat/sub-016_ses-01_run-02_T1w.json	InstitutionalDepartmentName	"""Department"""	REMOVE
sub-016/ses-01/anat/sub-016_ses-01_run-02_TB1TFL.json	InstitutionalDepartmentName	"""Department"""	REMOVE
sub-016/ses-01/anat/sub-016_ses-01_run-03_T1w.json	InstitutionalDepartmentName	"""Department"""	REMOVE
sub-016/ses-01/dwi/sub-016_ses-01_run-01_dwi.json	InstitutionalDepartmentName	"""Department"""	REMOVE
sub-016/ses-01/dwi/sub-016_ses-01_run-02_dwi.json	InstitutionalDepartmentName	"""Department"""	REMOVE
sub-016/ses-01/dwi/sub-016_ses-01_run-05_dwi.json	InstitutionalDepartmentName	"""Department"""	REMOVE
sub-016/ses-01/fmap/sub-016_ses-01_dir-AP_run-01_epi.json	InstitutionalDepartmentName	"""Department"""	REMOVE
sub-016/ses-01/fmap/sub-016_ses-01_dir-AP_run-02_part-phase_epi.json	InstitutionalDepartmentName	"""Department"""	REMOVE
sub-016/ses-01/fmap/sub-016_ses-01_dir-AP_run-03_epi.json	InstitutionalDepartmentName	"""Department"""	REMOVE
sub-016/ses-01/fmap/sub-016_ses-01_dir-AP_run-04_part-phase_epi.json	InstitutionalDepartmentName	"""Department"""	REMOVE
sub-016/ses-01/fmap/sub-016_ses-01_dir-PA_run-01_epi.json	InstitutionalDepartmentName	"""Department"""	REMOVE
sub-016/ses-01/fmap/sub-016_ses-01_dir-PA_run-02_part-phase_epi.json	InstitutionalDepartmentName	"""Department"""	REMOVE
sub-016/ses-01/fmap/sub-016_ses-01_dir-PA_run-03_epi.json	InstitutionalDepartmentName	"""Department"""	REMOVE
sub-016/ses-01/fmap/sub-016_ses-01_dir-PA_run-04_part-phase_epi.json	InstitutionalDepartmentName	"""Department"""	REMOVE
sub-016/ses-01/func/sub-016_ses-01_task-control_run-01_bold.json	InstitutionalDepartmentName	"""Department"""	REMOVE
sub-016/ses-01/func/sub-016_ses-01_task-control_run-01_part-phase_sbref.json	InstitutionalDepartmentName	"""Department"""	REMOVE
sub-016/ses-01/func/sub-016_ses-01_task-control_run-01_sbref.json	InstitutionalDepartmentName	"""Department"""	REMOVE
sub-016/ses-01/func/sub-016_ses-01_task-control_run-02_part-phase_bold.json	InstitutionalDepartmentName	"""Department"""	REMOVE
sub-016/ses-01/func/sub-016_ses-01_task-control_run-02_part-phase_sbref.json	InstitutionalDepartmentName	"""Department"""	REMOVE
sub-016/ses-01/func/sub-016_ses-01_task-control_run-02_sbref.json	InstitutionalDepartmentName	"""Department"""	REMOVE
sub-016/ses-01/func/sub-016_ses-01_task-control_run-03_bold.json	InstitutionalDepartmentName	"""Department"""	REMOVE
sub-016/ses-01/func/sub-016_ses-01_task-control_run-03_part-phase_sbref.json	InstitutionalDepartmentName	"""Department"""	REMOVE
sub-016/ses-01/func/sub-016_ses-01_task-control_run-03_sbref.json	InstitutionalDepartmentName	"""Department"""	REMOVE
sub-016/ses-01/func/sub-016_ses-01_task-control_run-04_part-phase_bold.json	InstitutionalDepartmentName	"""Department"""	REMOVE
sub-016/ses-01/func/sub-016_ses-01_task-control_run-05_bold.json	InstitutionalDepartmentName	"""Department"""	REMOVE
sub-016/ses-01/func/sub-016_ses-01_task-control_run-06_part-phase_bold.json	InstitutionalDepartmentName	"""Department"""	REMOVE
sub-016/ses-01/func/sub-016_ses-01_task-fmri_run-01_bold.json	InstitutionalDepartmentName	"""Department"""	REMOVE
sub-016/ses-01/func/sub-016_ses-01_task-fmri_run-01_part-phase_sbref.json	InstitutionalDepartmentName	"""Department"""	REMOVE
sub-016/ses-01/func/sub-016_ses-01_task-fmri_run-01_sbref.json	InstitutionalDepartmentName	"""Department"""	REMOVE
sub-016/ses-01/func/sub-016_ses-01_task-fmri_run-02_part-phase_bold.json	InstitutionalDepartmentName	"""Department"""	REMOVE
sub-016/ses-01/func/sub-016_ses-01_task-fmri_run-02_part-phase_sbref.json	InstitutionalDepartmentName	"""Department"""	REMOVE
sub-016/ses-01/func/sub-016_ses-01_task-fmri_run-02_sbref.json	InstitutionalDepartmentName	"""Department"""	REMOVE
sub-016/ses-01/func/sub-016_ses-01_task-fmri_run-03_bold.json	InstitutionalDepartmentName	"""Department"""	REMOVE
sub-016/ses-01/func/sub-016_ses-01_task-fmri_run-03_part-phase_sbref.json	InstitutionalDepartmentName	"""Department"""	REMOVE
sub-016/ses-01/func/sub-016_ses-01_task-fmri_run-03_sbref.json	InstitutionalDepartmentName	"""Department"""	REMOVE
sub-016/ses-01/func/sub-016_ses-01_task-fmri_run-04_part-phase_bold.json	InstitutionalDepartmentName	"""Department"""	REMOVE
sub-016/ses-01/func/sub-016_ses-01_task-fmri_run-04_part-phase_sbref.json	InstitutionalDepartmentName	"""Department"""	REMOVE
sub-016/ses-01/func/sub-016_ses-01_task-fmri_run-04_sbref.json	InstitutionalDepartmentName	"""Department"""	REMOVE
sub-016/ses-01/func/sub-016_ses-01_task-fmri_run-05_bold.json	InstitutionalDepartmentName	"""Department"""	REMOVE
sub-016/ses-01/func/sub-016_ses-01_task-fmri_run-06_part-phase_bold.json	InstitutionalDepartmentName	"""Department"""	REMOVE
sub-016/ses-01/func/sub-016_ses-01_task-fmri_run-07_bold.json	InstitutionalDepartmentName	"""Department"""	REMOVE
sub-016/ses-01/func/sub-016_ses-01_task-fmri_run-08_part-phase_bold.json	InstitutionalDepartmentName	"""Department"""	REMOVE
sub-016/ses-01/func/sub-016_ses-01_task-movie_run-01_bold.json	InstitutionalDepartmentName	"""Department"""	REMOVE
sub-016/ses-01/func/sub-016_ses-01_task-movie_run-01_part-phase_sbref.json	InstitutionalDepartmentName	"""Department"""	REMOVE
sub-016/ses-01/func/sub-016_ses-01_task-movie_run-01_sbref.json	InstitutionalDepartmentName	"""Department"""	REMOVE
sub-016/ses-01/func/sub-016_ses-01_task-movie_run-02_part-phase_bold.json	InstitutionalDepartmentName	"""Department"""	REMOVE
sub-016/ses-01/func/sub-016_ses-01_task-movie_run-02_part-phase_sbref.json	InstitutionalDepartmentName	"""Department"""	REMOVE
sub-016/ses-01/func/sub-016_ses-01_task-movie_run-02_sbref.json	InstitutionalDepartmentName	"""Department"""	REMOVE
sub-016/ses-01/func/sub-016_ses-01_task-movie_run-03_bold.json	InstitutionalDepartmentName	"""Department"""	REMOVE
sub-016/ses-01/func/sub-016_ses-01_task-movie_run-03_part-phase_sbref.json	InstitutionalDepartmentName	"""Department"""	REMOVE
sub-016/ses-01/func/sub-016_ses-01_task-movie_run-03_sbref.json	InstitutionalDepartmentName	"""Department"""	REMOVE
sub-016/ses-01/func/sub-016_ses-01_task-movie_run-04_part-phase_bold.json	InstitutionalDepartmentName	"""Department"""	REMOVE
sub-016/ses-01/func/sub-016_ses-01_task-movie_run-04_part-phase_sbref.json	InstitutionalDepartmentName	"""Department"""	REMOVE
sub-016/ses-01/func/sub-016_ses-01_task-movie_run-04_sbref.json	InstitutionalDepartmentName	"""Department"""	REMOVE
sub-016/ses-01/func/sub-016_ses-01_task-movie_run-05_bold.json	InstitutionalDepartmentName	"""Department"""	REMOVE
sub-016/ses-01/func/sub-016_ses-01_task-movie_run-06_part-phase_bold.json	InstitutionalDepartmentName	"""Department"""	REMOVE
sub-016/ses-01/func/sub-016_ses-01_task-movie_run-07_bold.json	InstitutionalDepartmentName	"""Department"""	REMOVE
sub-016/ses-01/func/sub-016_ses-01_task-movie_run-08_part-phase_bold.json	InstitutionalDepartmentName	"""Department"""	REMOVE
sub-016/ses-01/func/sub-016_ses-01_task-rest_run-01_bold.json	InstitutionalDepartmentName	"""Department"""	REMOVE
sub-016/ses-01/func/sub-016_ses-01_task-rest_run-01_part-phase_sbref.json	InstitutionalDepartmentName	"""Department"""	REMOVE
sub-016/ses-01/func/sub-016_ses-01_task-rest_run-01_sbref.json	InstitutionalDepartmentName	"""Department"""	REMOVE
sub-016/ses-01/func/sub-016_ses-01_task-rest_run-02_part-phase_bold.json	InstitutionalDepartmentName	"""Department"""	REMOVE
sub-016/ses-02/anat/sub-016_ses-02_run-01_FLAIR.json	InstitutionalDepartmentName	"""Department"""	REMOVE
sub-016/ses-02/anat/sub-016_ses-02_run-01_T1w.json	InstitutionalDepartmentName	"""Department"""	REMOVE
sub-016/ses-02/anat/sub-016_ses-02_run-01_TB1TFL.json	InstitutionalDepartmentName	"""Department"""	REMOVE
sub-016/ses-02/anat/sub-016_ses-02_run-02_T1w.json	InstitutionalDepartmentName	"""Department"""	REMOVE
sub-016/ses-02/anat/sub-016_ses-02_run-02_TB1TFL.json	InstitutionalDepartmentName	"""Department"""	REMOVE
sub-016/ses-02/anat/sub-016_ses-02_run-03_T1w.json	InstitutionalDepartmentName	"""Department"""	REMOVE
sub-016/ses-02/dwi/sub-016_ses-02_run-01_dwi.json	InstitutionalDepartmentName	"""Department"""	REMOVE
sub-016/ses-02/dwi/sub-016_ses-02_run-02_dwi.json	InstitutionalDepartmentName	"""Department"""	REMOVE
sub-016/ses-02/dwi/sub-016_ses-02_run-05_dwi.json	InstitutionalDepartmentName	"""Department"""	REMOVE
sub-016/ses-02/fmap/sub-016_ses-02_dir-AP_run-01_epi.json	InstitutionalDepartmentName	"""Department"""	REMOVE
sub-016/ses-02/fmap/sub-016_ses-02_dir-AP_run-02_part-phase_epi.json	InstitutionalDepartmentName	"""Department"""	REMOVE
sub-016/ses-02/fmap/sub-016_ses-02_dir-AP_run-03_epi.json	InstitutionalDepartmentName	"""Department"""	REMOVE
sub-016/ses-02/fmap/sub-016_ses-02_dir-AP_run-04_part-phase_epi.json	InstitutionalDepartmentName	"""Department"""	REMOVE
sub-016/ses-02/fmap/sub-016_ses-02_dir-PA_run-01_epi.json	InstitutionalDepartmentName	"""Department"""	REMOVE
sub-016/ses-02/fmap/sub-016_ses-02_dir-PA_run-02_part-phase_epi.json	InstitutionalDepartmentName	"""Department"""	REMOVE
sub-016/ses-02/fmap/sub-016_ses-02_dir-PA_run-03_epi.json	InstitutionalDepartmentName	"""Department"""	REMOVE
sub-016/ses-02/fmap/sub-016_ses-02_dir-PA_run-04_part-phase_epi.json	InstitutionalDepartmentName	"""Department"""	REMOVE
sub-016/ses-02/func/sub-016_ses-02_task-control_run-01_bold.json	InstitutionalDepartmentName	"""Department"""	REMOVE
sub-016/ses-02/func/sub-016_ses-02_task-control_run-01_part-phase_sbref.json	InstitutionalDepartmentName	"""Department"""	REMOVE
sub-016/ses-02/func/sub-016_ses-02_task-control_run-01_sbref.json	InstitutionalDepartmentName	"""Department"""	REMOVE
sub-016/ses-02/func/sub-016_ses-02_task-control_run-02_part-phase_bold.json	InstitutionalDepartmentName	"""Department"""	REMOVE
sub-016/ses-02/func/sub-016_ses-02_task-control_run-02_part-phase_sbref.json	InstitutionalDepartmentName	"""Department"""	REMOVE
sub-016/ses-02/func/sub-016_ses-02_task-control_run-02_sbref.json	InstitutionalDepartmentName	"""Department"""	REMOVE
sub-016/ses-02/func/sub-016_ses-02_task-control_run-03_bold.json	InstitutionalDepartmentName	"""Department"""	REMOVE
sub-016/ses-02/func/sub-016_ses-02_task-control_run-03_part-phase_sbref.json	InstitutionalDepartmentName	"""Department"""	REMOVE
sub-016/ses-02/func/sub-016_ses-02_task-control_run-03_sbref.json	InstitutionalDepartmentName	"""Department"""	REMOVE
sub-016/ses-02/func/sub-016_ses-02_task-control_run-04_part-phase_bold.json	InstitutionalDepartmentName	"""Department"""	REMOVE
sub-016/ses-02/func/sub-016_ses-02_task-control_run-05_bold.json	InstitutionalDepartmentName	"""Department"""	REMOVE
sub-016/ses-02/func/sub-016_ses-02_task-control_run-06_part-phase_bold.json	InstitutionalDepartmentName	"""Department"""	REMOVE
sub-016/ses-02/func/sub-016_ses-02_task-fmri_run-01_bold.json	InstitutionalDepartmentName	"""Department"""	REMOVE
sub-016/ses-02/func/sub-016_ses-02_task-fmri_run-01_part-phase_sbref.json	InstitutionalDepartmentName	"""Department"""	REMOVE
sub-016/ses-02/func/sub-016_ses-02_task-fmri_run-01_sbref.json	InstitutionalDepartmentName	"""Department"""	REMOVE
sub-016/ses-02/func/sub-016_ses-02_task-fmri_run-02_part-phase_bold.json	InstitutionalDepartmentName	"""Department"""	REMOVE
sub-016/ses-02/func/sub-016_ses-02_task-fmri_run-02_part-phase_sbref.json	InstitutionalDepartmentName	"""Department"""	REMOVE
sub-016/ses-02/func/sub-016_ses-02_task-fmri_run-02_sbref.json	InstitutionalDepartmentName	"""Department"""	REMOVE
sub-016/ses-02/func/sub-016_ses-02_task-fmri_run-03_bold.json	InstitutionalDepartmentName	"""Department"""	REMOVE
sub-016/ses-02/func/sub-016_ses-02_task-fmri_run-03_part-phase_sbref.json	InstitutionalDepartmentName	"""Department"""	REMOVE
sub-016/ses-02/func/sub-016_ses-02_task-fmri_run-03_sbref.json	InstitutionalDepartmentName	"""Department"""	REMOVE
sub-016/ses-02/func/sub-016_ses-02_task-fmri_run-04_part-phase_bold.json	InstitutionalDepartmentName	"""Department"""	REMOVE
sub-016/ses-02/func/sub-016_ses-02_task-fmri_run-04_part-phase_sbref.json	InstitutionalDepartmentName	"""Department"""	REMOVE
sub-016/ses-02/func/sub-016_ses-02_task-fmri_run-04_sbref.json	InstitutionalDepartmentName	"""Department"""	REMOVE
sub-016/ses-02/func/sub-016_ses-02_task-fmri_run-05_bold.json	InstitutionalDepartmentName	"""Department"""	REMOVE
sub-016/ses-02/func/sub-016_ses-02_task-fmri_run-05_part-phase_sbref.json	InstitutionalDepartmentName	"""Department"""	REMOVE
sub-016/ses-02/func/sub-016_ses-02_task-fmri_run-05_sbref.json	InstitutionalDepartmentName	"""Department"""	REMOVE
sub-016/ses-02/func/sub-016_ses-02_task-fmri_run-06_part-phase_bold.json	InstitutionalDepartmentName	"""Department"""	REMOVE
sub-016/ses-02/func/sub-016_ses-02_task-fmri_run-07_bold.json	InstitutionalDepartmentName	"""Department"""	REMOVE
sub-016/ses-02/func/sub-016_ses-02_task-fmri_run-08_part-phase_bold.json	InstitutionalDepartmentName	"""Department"""	REMOVE
sub-016/ses-02/func/sub-016_ses-02_task-fmri_run-09_bold.json	InstitutionalDepartmentName	"""Department"""	REMOVE
sub-016/ses-02/func/sub-016_ses-02_task-fmri_run-10_part-phase_bold.json	InstitutionalDepartmentName	"""Department"""	REMOVE
sub-016/ses-02/func/sub-016_ses-02_task-movie_run-01_bold.json	InstitutionalDepartmentName	"""Department"""	REMOVE
sub-016/ses-02/func/sub-016_ses-02_task-movie_run-01_part-phase_sbref.json	InstitutionalDepartmentName	"""Department"""	REMOVE
sub-016/ses-02/func/sub-016_ses-02_task-movie_run-01_sbref.json	InstitutionalDepartmentName	"""Department"""	REMOVE
sub-016/ses-02/func/sub-016_ses-02_task-movie_run-02_part-phase_bold.json	InstitutionalDepartmentName	"""Department"""	REMOVE
sub-016/ses-02/func/sub-016_ses-02_task-movie_run-02_part-phase_sbref.json	InstitutionalDepartmentName	"""Department"""	REMOVE
sub-016/ses-02/func/sub-016_ses-02_task-movie_run-02_sbref.json	InstitutionalDepartmentName	"""Department"""	REMOVE
sub-016/ses-02/func/sub-016_ses-02_task-movie_run-03_bold.json	InstitutionalDepartmentName	"""Department"""	REMOVE
sub-016/ses-02/func/sub-016_ses-02_task-movie_run-03_part-phase_sbref.json	InstitutionalDepartmentName	"""Department"""	REMOVE
sub-016/ses-02/func/sub-016_ses-02_task-movie_run-03_sbref.json	InstitutionalDepartmentName	"""Department"""	REMOVE
sub-016/ses-02/func/sub-016_ses-02_task-movie_run-04_part-phase_bold.json	InstitutionalDepartmentName	"""Department"""	REMOVE
sub-016/ses-02/func/sub-016_ses-02_task-movie_run-04_part-phase_sbref.json	InstitutionalDepartmentName	"""Department"""	REMOVE
sub-016/ses-02/func/sub-016_ses-02_task-movie_run-04_sbref.json	InstitutionalDepartmentName	"""Department"""	REMOVE
sub-016/ses-02/func/sub-016_ses-02_task-movie_run-05_bold.json	InstitutionalDepartmentName	"""Department"""	REMOVE
sub-016/ses-02/func/sub-016_ses-02_task-movie_run-06_part-phase_bold.json	InstitutionalDepartmentName	"""Department"""	REMOVE
sub-016/ses-02/func/sub-016_ses-02_task-movie_run-07_bold.json	InstitutionalDepartmentName	"""Department"""	REMOVE
sub-016/ses-02/func/sub-016_ses-02_task-movie_run-08_part-phase_bold.json	InstitutionalDepartmentName	"""Department"""	REMOVE
sub-016/ses-02/func/sub-016_ses-02_task-rest_run-01_bold.json	InstitutionalDepartmentName	"""Department"""	REMOVE
sub-016/ses-02/func/sub-016_ses-02_task-rest_run-01_part-phase_sbref.json	InstitutionalDepartmentName	"""Department"""	REMOVE
sub-016/ses-02/func/sub-016_ses-02_task-rest_run-01_sbref.json	InstitutionalDepartmentName	"""Department"""	REMOVE
sub-016/ses-02/func/sub-016_ses-02_task-rest_run-02_part-phase_bold.json	InstitutionalDepartmentName	"""Department"""	REMOVE
sub-017/ses-01/anat/sub-017_ses-01_run-01_FLAIR.json	InstitutionalDepartmentName	"""Department"""	REMOVE
sub-017/ses-01/anat/sub-017_ses-01_run-01_T1w.json	InstitutionalDepartmentName	"""Department"""	REMOVE
sub-017/ses-01/anat/sub-017_ses-01_run-01_TB1TFL.json	InstitutionalDepartmentName	"""Department"""	REMOVE
sub-017/ses-01/anat/sub-017_ses-01_run-02_T1w.json	InstitutionalDepartmentName	"""Department"""	REMOVE
sub-017/ses-01/anat/sub-017_ses-01_run-02_TB1TFL.json	InstitutionalDepartmentName	"""Department"""	REMOVE
sub-017/ses-01/anat/sub-017_ses-01_run-03_T1w.json	InstitutionalDepartmentName	"""Department"""	REMOVE
sub-017/ses-01/dwi/sub-017_ses-01_run-01_dwi.json	InstitutionalDepartmentName	"""Department"""	REMOVE
sub-017/ses-01/dwi/sub-017_ses-01_run-02_dwi.json	InstitutionalDepartmentName	"""Department"""	REMOVE
sub-017/ses-01/dwi/sub-017_ses-01_run-05_dwi.json	InstitutionalDepartmentName	"""Department"""	REMOVE
sub-017/ses-01/fmap/sub-017_ses-01_dir-AP_run-01_epi.json	InstitutionalDepartmentName	"""Department"""	REMOVE
sub-017/ses-01/fmap/sub-017_ses-01_dir-AP_run-02_part-phase_epi.json	InstitutionalDepartmentName	"""Department"""	REMOVE
sub-017/ses-01/fmap/sub-017_ses-01_dir-AP_run-03_epi.json	InstitutionalDepartmentName	"""Department"""	REMOVE
sub-017/ses-01/fmap/sub-017_ses-01_dir-AP_run-04_part-phase_epi.json	InstitutionalDepartmentName	"""Department"""	REMOVE
sub-017/ses-01/fmap/sub-017_ses-01_dir-PA_run-01_epi.json	InstitutionalDepartmentName	"""Department"""	REMOVE
sub-017/ses-01/fmap/sub-017_ses-01_dir-PA_run-02_part-phase_epi.json	InstitutionalDepartmentName	"""Department"""	REMOVE
sub-017/ses-01/fmap/sub-017_ses-01_dir-PA_run-03_epi.json	InstitutionalDepartmentName	"""Department"""	REMOVE
sub-017/ses-01/fmap/sub-017_ses-01_dir-PA_run-04_part-phase_epi.json	InstitutionalDepartmentName	"""Department"""	REMOVE
sub-017/ses-01/func/sub-017_ses-01_task-control_run-01_bold.json	InstitutionalDepartmentName	"""Department"""	REMOVE
sub-017/ses-01/func/sub-017_ses-01_task-control_run-01_part-phase_sbref.json	InstitutionalDepartmentName	"""Department"""	REMOVE
sub-017/ses-01/func/sub-017_ses-01_task-control_run-01_sbref.json	InstitutionalDepartmentName	"""Department"""	REMOVE
sub-017/ses-01/func/sub-017_ses-01_task-control_run-02_part-phase_bold.json	InstitutionalDepartmentName	"""Department"""	REMOVE
sub-017/ses-01/func/sub-017_ses-01_task-control_run-02_part-phase_sbref.json	InstitutionalDepartmentName	"""Department"""	REMOVE
sub-017/ses-01/func/sub-017_ses-01_task-control_run-02_sbref.json	InstitutionalDepartmentName	"""Department"""	REMOVE
sub-017/ses-01/func/sub-017_ses-01_task-control_run-03_bold.json	InstitutionalDepartmentName	"""Department"""	REMOVE
sub-017/ses-01/func/sub-017_ses-01_task-control_run-03_part-phase_sbref.json	InstitutionalDepartmentName	"""Department"""	REMOVE
sub-017/ses-01/func/sub-017_ses-01_task-control_run-03_sbref.json	InstitutionalDepartmentName	"""Department"""	REMOVE
sub-017/ses-01/func/sub-017_ses-01_task-control_run-04_part-phase_bold.json	InstitutionalDepartmentName	"""Department"""	REMOVE
sub-017/ses-01/func/sub-017_ses-01_task-control_run-05_bold.json	InstitutionalDepartmentName	"""Department"""	REMOVE
sub-017/ses-01/func/sub-017_ses-01_task-control_run-06_part-phase_bold.json	InstitutionalDepartmentName	"""Department"""	REMOVE
sub-017/ses-01/func/sub-017_ses-01_task-fmri_run-01_bold.json	InstitutionalDepartmentName	"""Department"""	REMOVE
sub-017/ses-01/func/sub-017_ses-01_task-fmri_run-01_part-phase_sbref.json	InstitutionalDepartmentName	"""Department"""	REMOVE
sub-017/ses-01/func/sub-017_ses-01_task-fmri_run-01_sbref.json	InstitutionalDepartmentName	"""Department"""	REMOVE
sub-017/ses-01/func/sub-017_ses-01_task-fmri_run-02_part-phase_bold.json	InstitutionalDepartmentName	"""Department"""	REMOVE
sub-017/ses-01/func/sub-017_ses-01_task-fmri_run-02_part-phase_sbref.json	InstitutionalDepartmentName	"""Department"""	REMOVE
sub-017/ses-01/func/sub-017_ses-01_task-fmri_run-02_sbref.json	InstitutionalDepartmentName	"""Department"""	REMOVE
sub-017/ses-01/func/sub-017_ses-01_task-fmri_run-03_bold.json	InstitutionalDepartmentName	"""Department"""	REMOVE
sub-017/ses-01/func/sub-017_ses-01_task-fmri_run-03_part-phase_sbref.json	InstitutionalDepartmentName	"""Department"""	REMOVE
sub-017/ses-01/func/sub-017_ses-01_task-fmri_run-03_sbref.json	InstitutionalDepartmentName	"""Department"""	REMOVE
sub-017/ses-01/func/sub-017_ses-01_task-fmri_run-04_part-phase_bold.json	InstitutionalDepartmentName	"""Department"""	REMOVE
sub-017/ses-01/func/sub-017_ses-01_task-fmri_run-04_part-phase_sbref.json	InstitutionalDepartmentName	"""Department"""	REMOVE
sub-017/ses-01/func/sub-017_ses-01_task-fmri_run-04_sbref.json	InstitutionalDepartmentName	"""Department"""	REMOVE
sub-017/ses-01/func/sub-017_ses-01_task-fmri_run-05_bold.json	InstitutionalDepartmentName	"""Department"""	REMOVE
sub-017/ses-01/func/sub-017_ses-01_task-fmri_run-06_part-phase_bold.json	InstitutionalDepartmentName	"""Department"""	REMOVE
sub-017/ses-01/func/sub-017_ses-01_task-fmri_run-07_bold.json	InstitutionalDepartmentName	"""Department"""	REMOVE
sub-017/ses-01/func/sub-017_ses-01_task-fmri_run-08_part-phase_bold.json	InstitutionalDepartmentName	"""Department"""	REMOVE
sub-017/ses-01/func/sub-017_ses-01_task-movie_run-01_bold.json	InstitutionalDepartmentName	"""Department"""	REMOVE
sub-017/ses-01/func/sub-017_ses-01_task-movie_run-01_part-phase_sbref.json	InstitutionalDepartmentName	"""Department"""	REMOVE
sub-017/ses-01/func/sub-017_ses-01_task-movie_run-01_sbref.json	InstitutionalDepartmentName	"""Department"""	REMOVE
sub-017/ses-01/func/sub-017_ses-01_task-movie_run-02_part-phase_bold.json	InstitutionalDepartmentName	"""Department"""	REMOVE
sub-017/ses-01/func/sub-017_ses-01_task-movie_run-02_part-phase_sbref.json	InstitutionalDepartmentName	"""Department"""	REMOVE
sub-017/ses-01/func/sub-017_ses-01_task-movie_run-02_sbref.json	InstitutionalDepartmentName	"""Department"""	REMOVE
sub-017/ses-01/func/sub-017_ses-01_task-movie_run-03_bold.json	InstitutionalDepartmentName	"""Department"""	REMOVE
sub-017/ses-01/func/sub-017_ses-01_task-movie_run-03_part-phase_sbref.json	InstitutionalDepartmentName	"""Department"""	REMOVE
sub-017/ses-01/func/sub-017_ses-01_task-movie_run-03_sbref.json	InstitutionalDepartmentName	"""Department"""	REMOVE
sub-017/ses-01/func/sub-017_ses-01_task-movie_run-04_part-phase_bold.json	InstitutionalDepartmentName	"""Department"""	REMOVE
sub-017/ses-01/func/sub-017_ses-01_task-movie_run-04_part-phase_sbref.json	InstitutionalDepartmentName	"""Department"""	REMOVE
sub-017/ses-01/func/sub-017_ses-01_task-movie_run-04_sbref.json	InstitutionalDepartmentName	"""Department"""	REMOVE
sub-017/ses-01/func/sub-017_ses-01_task-movie_run-05_bold.json	InstitutionalDepartmentName	"""Department"""	REMOVE
sub-017/ses-01/func/sub-017_ses-01_task-movie_run-06_part-phase_bold.json	InstitutionalDepartmentName	"""Department"""	REMOVE
sub-017/ses-01/func/sub-017_ses-01_task-movie_run-07_bold.json	InstitutionalDepartmentName	"""Department"""	REMOVE
sub-017/ses-01/func/sub-017_ses-01_task-movie_run-08_part-phase_bold.json	InstitutionalDepartmentName	"""Department"""	REMOVE
sub-017/ses-01/func/sub-017_ses-01_task-rest_run-01_bold.json	InstitutionalDepartmentName	"""Department"""	REMOVE
sub-017/ses-01/func/sub-017_ses-01_task-rest_run-01_part-phase_sbref.json	InstitutionalDepartmentName	"""Department"""	REMOVE
sub-017/ses-01/func/sub-017_ses-01_task-rest_run-01_sbref.json	InstitutionalDepartmentName	"""Department"""	REMOVE
sub-017/ses-01/func/sub-017_ses-01_task-rest_run-02_part-phase_bold.json	InstitutionalDepartmentName	"""Department"""	REMOVE
sub-017/ses-02/anat/sub-017_ses-02_run-01_FLAIR.json	InstitutionalDepartmentName	"""Department"""	REMOVE
sub-017/ses-02/anat/sub-017_ses-02_run-01_T1w.json	InstitutionalDepartmentName	"""Department"""	REMOVE
sub-017/ses-02/anat/sub-017_ses-02_run-01_TB1TFL.json	InstitutionalDepartmentName	"""Department"""	REMOVE
sub-017/ses-02/anat/sub-017_ses-02_run-02_T1w.json	InstitutionalDepartmentName	"""Department"""	REMOVE
sub-017/ses-02/anat/sub-017_ses-02_run-02_TB1TFL.json	InstitutionalDepartmentName	"""Department"""	REMOVE
sub-017/ses-02/anat/sub-017_ses-02_run-03_T1w.json	InstitutionalDepartmentName	"""Department"""	REMOVE
sub-017/ses-02/dwi/sub-017_ses-02_run-01_dwi.json	InstitutionalDepartmentName	"""Department"""	REMOVE
sub-017/ses-02/dwi/sub-017_ses-02_run-02_dwi.json	InstitutionalDepartmentName	"""Department"""	REMOVE
sub-017/ses-02/dwi/sub-017_ses-02_run-05_dwi.json	InstitutionalDepartmentName	"""Department"""	REMOVE
sub-017/ses-02/fmap/sub-017_ses-02_dir-AP_run-01_epi.json	InstitutionalDepartmentName	"""Department"""	REMOVE
sub-017/ses-02/fmap/sub-017_ses-02_dir-AP_run-02_part-phase_epi.json	InstitutionalDepartmentName	"""Department"""	REMOVE
sub-017/ses-02/fmap/sub-017_ses-02_dir-AP_run-03_epi.json	InstitutionalDepartmentName	"""Department"""	REMOVE
sub-017/ses-02/fmap/sub-017_ses-02_dir-AP_run-04_part-phase_epi.json	InstitutionalDepartmentName	"""Department"""	REMOVE
sub-017/ses-02/fmap/sub-017_ses-02_dir-PA_run-01_epi.json	InstitutionalDepartmentName	"""Department"""	REMOVE
sub-017/ses-02/fmap/sub-017_ses-02_dir-PA_run-02_part-phase_epi.json	InstitutionalDepartmentName	"""Department"""	REMOVE
sub-017/ses-02/fmap/sub-017_ses-02_dir-PA_run-03_epi.json	InstitutionalDepartmentName	"""Department"""	REMOVE
sub-017/ses-02/fmap/sub-017_ses-02_dir-PA_run-04_part-phase_epi.json	InstitutionalDepartmentName	"""Department"""	REMOVE
sub-017/ses-02/func/sub-017_ses-02_task-control_run-01_bold.json	InstitutionalDepartmentName	"""Department"""	REMOVE
sub-017/ses-02/func/sub-017_ses-02_task-control_run-01_part-phase_sbref.json	InstitutionalDepartmentName	"""Department"""	REMOVE
sub-017/ses-02/func/sub-017_ses-02_task-control_run-01_sbref.json	InstitutionalDepartmentName	"""Department"""	REMOVE
sub-017/ses-02/func/sub-017_ses-02_task-control_run-02_part-phase_bold.json	InstitutionalDepartmentName	"""Department"""	REMOVE
sub-017/ses-02/func/sub-017_ses-02_task-control_run-02_part-phase_sbref.json	InstitutionalDepartmentName	"""Department"""	REMOVE
sub-017/ses-02/func/sub-017_ses-02_task-control_run-02_sbref.json	InstitutionalDepartmentName	"""Department"""	REMOVE
sub-017/ses-02/func/sub-017_ses-02_task-control_run-03_bold.json	InstitutionalDepartmentName	"""Department"""	REMOVE
sub-017/ses-02/func/sub-017_ses-02_task-control_run-03_part-phase_sbref.json	InstitutionalDepartmentName	"""Department"""	REMOVE
sub-017/ses-02/func/sub-017_ses-02_task-control_run-03_sbref.json	InstitutionalDepartmentName	"""Department"""	REMOVE
sub-017/ses-02/func/sub-017_ses-02_task-control_run-04_part-phase_bold.json	InstitutionalDepartmentName	"""Department"""	REMOVE
sub-017/ses-02/func/sub-017_ses-02_task-control_run-05_bold.json	InstitutionalDepartmentName	"""Department"""	REMOVE
sub-017/ses-02/func/sub-017_ses-02_task-control_run-06_part-phase_bold.json	InstitutionalDepartmentName	"""Department"""	REMOVE
sub-017/ses-02/func/sub-017_ses-02_task-fmri_run-01_bold.json	InstitutionalDepartmentName	"""Department"""	REMOVE
sub-017/ses-02/func/sub-017_ses-02_task-fmri_run-01_part-phase_sbref.json	InstitutionalDepartmentName	"""Department"""	REMOVE
sub-017/ses-02/func/sub-017_ses-02_task-fmri_run-01_sbref.json	InstitutionalDepartmentName	"""Department"""	REMOVE
sub-017/ses-02/func/sub-017_ses-02_task-fmri_run-02_part-phase_bold.json	InstitutionalDepartmentName	"""Department"""	REMOVE
sub-017/ses-02/func/sub-017_ses-02_task-fmri_run-02_part-phase_sbref.json	InstitutionalDepartmentName	"""Department"""	REMOVE
sub-017/ses-02/func/sub-017_ses-02_task-fmri_run-02_sbref.json	InstitutionalDepartmentName	"""Department"""	REMOVE
sub-017/ses-02/func/sub-017_ses-02_task-fmri_run-03_bold.json	InstitutionalDepartmentName	"""Department"""	REMOVE
sub-017/ses-02/func/sub-017_ses-02_task-fmri_run-03_part-phase_sbref.json	InstitutionalDepartmentName	"""Department"""	REMOVE
sub-017/ses-02/func/sub-017_ses-02_task-fmri_run-03_sbref.json	InstitutionalDepartmentName	"""Department"""	REMOVE
sub-017/ses-02/func/sub-017_ses-02_task-fmri_run-04_part-phase_bold.json	InstitutionalDepartmentName	"""Department"""	REMOVE
sub-017/ses-02/func/sub-017_ses-02_task-fmri_run-04_part-phase_sbref.json	InstitutionalDepartmentName	"""Department"""	REMOVE
sub-017/ses-02/func/sub-017_ses-02_task-fmri_run-04_sbref.json	InstitutionalDepartmentName	"""Department"""	REMOVE
sub-017/ses-02/func/sub-017_ses-02_task-fmri_run-05_bold.json	InstitutionalDepartmentName	"""Department"""	REMOVE
sub-017/ses-02/func/sub-017_ses-02_task-fmri_run-06_part-phase_bold.json	InstitutionalDepartmentName	"""Department"""	REMOVE
sub-017/ses-02/func/sub-017_ses-02_task-fmri_run-07_bold.json	InstitutionalDepartmentName	"""Department"""	REMOVE
sub-017/ses-02/func/sub-017_ses-02_task-fmri_run-08_part-phase_bold.json	InstitutionalDepartmentName	"""Department"""	REMOVE
sub-017/ses-02/func/sub-017_ses-02_task-movie_run-01_bold.json	InstitutionalDepartmentName	"""Department"""	REMOVE
sub-017/ses-02/func/sub-017_ses-02_task-movie_run-01_part-phase_sbref.json	InstitutionalDepartmentName	"""Department"""	REMOVE
sub-017/ses-02/func/sub-017_ses-02_task-movie_run-01_sbref.json	InstitutionalDepartmentName	"""Department"""	REMOVE
sub-017/ses-02/func/sub-017_ses-02_task-movie_run-02_part-phase_bold.json	InstitutionalDepartmentName	"""Department"""	REMOVE
sub-017/ses-02/func/sub-017_ses-02_task-movie_run-02_part-phase_sbref.json	InstitutionalDepartmentName	"""Department"""	REMOVE
sub-017/ses-02/func/sub-017_ses-02_task-movie_run-02_sbref.json	InstitutionalDepartmentName	"""Department"""	REMOVE
sub-017/ses-02/func/sub-017_ses-02_task-movie_run-03_bold.json	InstitutionalDepartmentName	"""Department"""	REMOVE
sub-017/ses-02/func/sub-017_ses-02_task-movie_run-03_part-phase_sbref.json	InstitutionalDepartmentName	"""Department"""	REMOVE
sub-017/ses-02/func/sub-017_ses-02_task-movie_run-03_sbref.json	InstitutionalDepartmentName	"""Department"""	REMOVE
sub-017/ses-02/func/sub-017_ses-02_task-movie_run-04_part-phase_bold.json	InstitutionalDepartmentName	"""Department"""	REMOVE
sub-017/ses-02/func/sub-017_ses-02_task-movie_run-04_part-phase_sbref.json	InstitutionalDepartmentName	"""Department"""	REMOVE
sub-017/ses-02/func/sub-017_ses-02_task-movie_run-04_sbref.json	InstitutionalDepartmentName	"""Department"""	REMOVE
sub-017/ses-02/func/sub-017_ses-02_task-movie_run-05_bold.json	InstitutionalDepartmentName	"""Department"""	REMOVE
sub-017/ses-02/func/sub-017_ses-02_task-movie_run-06_part-phase_bold.json	InstitutionalDepartmentName	"""Department"""	REMOVE
sub-017/ses-02/func/sub-017_ses-02_task-movie_run-07_bold.json	InstitutionalDepartmentName	"""Department"""	REMOVE
sub-017/ses-02/func/sub-017_ses-02_task-movie_run-08_part-phase_bold.json	InstitutionalDepartmentName	"""Department"""	REMOVE
sub-017/ses-02/func/sub-017_ses-02_task-rest_run-01_bold.json	InstitutionalDepartmentName	"""Department"""	REMOVE
sub-017/ses-02/func/sub-017_ses-02_task-rest_run-01_part-phase_sbref.json	InstitutionalDepartmentName	"""Department"""	REMOVE
sub-017/ses-02/func/sub-017_ses-02_task-rest_run-01_sbref.json	InstitutionalDepartmentName	"""Department"""	REMOVE
sub-017/ses-02/func/sub-017_ses-02_task-rest_run-02_part-phase_bold.json	InstitutionalDepartmentName	"""Department"""	REMOVE
sub-018/ses-01/anat/sub-018_ses-01_run-01_T1w.json	InstitutionalDepartmentName	"""Department"""	REMOVE
sub-018/ses-01/anat/sub-018_ses-01_run-01_TB1TFL.json	InstitutionalDepartmentName	"""Department"""	REMOVE
sub-018/ses-01/anat/sub-018_ses-01_run-02_T1w.json	InstitutionalDepartmentName	"""Department"""	REMOVE
sub-018/ses-01/anat/sub-018_ses-01_run-02_TB1TFL.json	InstitutionalDepartmentName	"""Department"""	REMOVE
sub-018/ses-01/dwi/sub-018_ses-01_run-01_dwi.json	InstitutionalDepartmentName	"""Department"""	REMOVE
sub-018/ses-01/dwi/sub-018_ses-01_run-02_dwi.json	InstitutionalDepartmentName	"""Department"""	REMOVE
sub-018/ses-01/dwi/sub-018_ses-01_run-03_dwi.json	InstitutionalDepartmentName	"""Department"""	REMOVE
sub-018/ses-01/dwi/sub-018_ses-01_run-12_dwi.json	InstitutionalDepartmentName	"""Department"""	REMOVE
sub-018/ses-01/dwi/sub-018_ses-01_run-13_dwi.json	InstitutionalDepartmentName	"""Department"""	REMOVE
sub-018/ses-01/fmap/sub-018_ses-01_dir-AP_run-01_epi.json	InstitutionalDepartmentName	"""Department"""	REMOVE
sub-018/ses-01/fmap/sub-018_ses-01_dir-AP_run-02_part-phase_epi.json	InstitutionalDepartmentName	"""Department"""	REMOVE
sub-018/ses-01/fmap/sub-018_ses-01_dir-AP_run-03_epi.json	InstitutionalDepartmentName	"""Department"""	REMOVE
sub-018/ses-01/fmap/sub-018_ses-01_dir-AP_run-04_part-phase_epi.json	InstitutionalDepartmentName	"""Department"""	REMOVE
sub-018/ses-01/fmap/sub-018_ses-01_dir-PA_run-01_epi.json	InstitutionalDepartmentName	"""Department"""	REMOVE
sub-018/ses-01/fmap/sub-018_ses-01_dir-PA_run-02_part-phase_epi.json	InstitutionalDepartmentName	"""Department"""	REMOVE
sub-018/ses-01/fmap/sub-018_ses-01_dir-PA_run-03_epi.json	InstitutionalDepartmentName	"""Department"""	REMOVE
sub-018/ses-01/fmap/sub-018_ses-01_dir-PA_run-04_part-phase_epi.json	InstitutionalDepartmentName	"""Department"""	REMOVE
sub-018/ses-01/func/sub-018_ses-01_task-control_run-01_bold.json	InstitutionalDepartmentName	"""Department"""	REMOVE
sub-018/ses-01/func/sub-018_ses-01_task-control_run-01_part-phase_sbref.json	InstitutionalDepartmentName	"""Department"""	REMOVE
sub-018/ses-01/func/sub-018_ses-01_task-control_run-01_sbref.json	InstitutionalDepartmentName	"""Department"""	REMOVE
sub-018/ses-01/func/sub-018_ses-01_task-control_run-02_part-phase_bold.json	InstitutionalDepartmentName	"""Department"""	REMOVE
sub-018/ses-01/func/sub-018_ses-01_task-control_run-02_part-phase_sbref.json	InstitutionalDepartmentName	"""Department"""	REMOVE
sub-018/ses-01/func/sub-018_ses-01_task-control_run-02_sbref.json	InstitutionalDepartmentName	"""Department"""	REMOVE
sub-018/ses-01/func/sub-018_ses-01_task-control_run-03_bold.json	InstitutionalDepartmentName	"""Department"""	REMOVE
sub-018/ses-01/func/sub-018_ses-01_task-control_run-03_part-phase_sbref.json	InstitutionalDepartmentName	"""Department"""	REMOVE
sub-018/ses-01/func/sub-018_ses-01_task-control_run-03_sbref.json	InstitutionalDepartmentName	"""Department"""	REMOVE
sub-018/ses-01/func/sub-018_ses-01_task-control_run-04_part-phase_bold.json	InstitutionalDepartmentName	"""Department"""	REMOVE
sub-018/ses-01/func/sub-018_ses-01_task-control_run-05_bold.json	InstitutionalDepartmentName	"""Department"""	REMOVE
sub-018/ses-01/func/sub-018_ses-01_task-control_run-06_part-phase_bold.json	InstitutionalDepartmentName	"""Department"""	REMOVE
sub-018/ses-01/func/sub-018_ses-01_task-fmri_run-01_bold.json	InstitutionalDepartmentName	"""Department"""	REMOVE
sub-018/ses-01/func/sub-018_ses-01_task-fmri_run-01_part-phase_sbref.json	InstitutionalDepartmentName	"""Department"""	REMOVE
sub-018/ses-01/func/sub-018_ses-01_task-fmri_run-01_sbref.json	InstitutionalDepartmentName	"""Department"""	REMOVE
sub-018/ses-01/func/sub-018_ses-01_task-fmri_run-02_part-phase_bold.json	InstitutionalDepartmentName	"""Department"""	REMOVE
sub-018/ses-01/func/sub-018_ses-01_task-fmri_run-02_part-phase_sbref.json	InstitutionalDepartmentName	"""Department"""	REMOVE
sub-018/ses-01/func/sub-018_ses-01_task-fmri_run-02_sbref.json	InstitutionalDepartmentName	"""Department"""	REMOVE
sub-018/ses-01/func/sub-018_ses-01_task-fmri_run-03_bold.json	InstitutionalDepartmentName	"""Department"""	REMOVE
sub-018/ses-01/func/sub-018_ses-01_task-fmri_run-03_part-phase_sbref.json	InstitutionalDepartmentName	"""Department"""	REMOVE
sub-018/ses-01/func/sub-018_ses-01_task-fmri_run-03_sbref.json	InstitutionalDepartmentName	"""Department"""	REMOVE
sub-018/ses-01/func/sub-018_ses-01_task-fmri_run-04_part-phase_bold.json	InstitutionalDepartmentName	"""Department"""	REMOVE
sub-018/ses-01/func/sub-018_ses-01_task-fmri_run-04_part-phase_sbref.json	InstitutionalDepartmentName	"""Department"""	REMOVE
sub-018/ses-01/func/sub-018_ses-01_task-fmri_run-04_sbref.json	InstitutionalDepartmentName	"""Department"""	REMOVE
sub-018/ses-01/func/sub-018_ses-01_task-fmri_run-05_bold.json	InstitutionalDepartmentName	"""Department"""	REMOVE
sub-018/ses-01/func/sub-018_ses-01_task-fmri_run-06_part-phase_bold.json	InstitutionalDepartmentName	"""Department"""	REMOVE
sub-018/ses-01/func/sub-018_ses-01_task-fmri_run-07_bold.json	InstitutionalDepartmentName	"""Department"""	REMOVE
sub-018/ses-01/func/sub-018_ses-01_task-fmri_run-08_part-phase_bold.json	InstitutionalDepartmentName	"""Department"""	REMOVE
sub-018/ses-01/func/sub-018_ses-01_task-movie_run-01_bold.json	InstitutionalDepartmentName	"""Department"""	REMOVE
sub-018/ses-01/func/sub-018_ses-01_task-movie_run-01_part-phase_sbref.json	InstitutionalDepartmentName	"""Department"""	REMOVE
sub-018/ses-01/func/sub-018_ses-01_task-movie_run-01_sbref.json	InstitutionalDepartmentName	"""Department"""	REMOVE
sub-018/ses-01/func/sub-018_ses-01_task-movie_run-02_part-phase_bold.json	InstitutionalDepartmentName	"""Department"""	REMOVE
sub-018/ses-01/func/sub-018_ses-01_task-movie_run-02_part-phase_sbref.json	InstitutionalDepartmentName	"""Department"""	REMOVE
sub-018/ses-01/func/sub-018_ses-01_task-movie_run-02_sbref.json	InstitutionalDepartmentName	"""Department"""	REMOVE
sub-018/ses-01/func/sub-018_ses-01_task-movie_run-03_bold.json	InstitutionalDepartmentName	"""Department"""	REMOVE
sub-018/ses-01/func/sub-018_ses-01_task-movie_run-03_part-phase_sbref.json	InstitutionalDepartmentName	"""Department"""	REMOVE
sub-018/ses-01/func/sub-018_ses-01_task-movie_run-03_sbref.json	InstitutionalDepartmentName	"""Department"""	REMOVE
sub-018/ses-01/func/sub-018_ses-01_task-movie_run-04_part-phase_bold.json	InstitutionalDepartmentName	"""Department"""	REMOVE
sub-018/ses-01/func/sub-018_ses-01_task-movie_run-04_part-phase_sbref.json	InstitutionalDepartmentName	"""Department"""	REMOVE
sub-018/ses-01/func/sub-018_ses-01_task-movie_run-04_sbref.json	InstitutionalDepartmentName	"""Department"""	REMOVE
sub-018/ses-01/func/sub-018_ses-01_task-movie_run-05_bold.json	InstitutionalDepartmentName	"""Department"""	REMOVE
sub-018/ses-01/func/sub-018_ses-01_task-movie_run-06_part-phase_bold.json	InstitutionalDepartmentName	"""Department"""	REMOVE
sub-018/ses-01/func/sub-018_ses-01_task-movie_run-07_bold.json	InstitutionalDepartmentName	"""Department"""	REMOVE
sub-018/ses-01/func/sub-018_ses-01_task-movie_run-08_part-phase_bold.json	InstitutionalDepartmentName	"""Department"""	REMOVE
sub-018/ses-01/func/sub-018_ses-01_task-rest_run-01_bold.json	InstitutionalDepartmentName	"""Department"""	REMOVE
sub-018/ses-01/func/sub-018_ses-01_task-rest_run-01_part-phase_sbref.json	InstitutionalDepartmentName	"""Department"""	REMOVE
sub-018/ses-01/func/sub-018_ses-01_task-rest_run-01_sbref.json	InstitutionalDepartmentName	"""Department"""	REMOVE
sub-018/ses-01/func/sub-018_ses-01_task-rest_run-02_part-phase_bold.json	InstitutionalDepartmentName	"""Department"""	REMOVE
sub-019/ses-01/anat/sub-019_ses-01_run-01_FLAIR.json	InstitutionalDepartmentName	"""Department"""	REMOVE
sub-019/ses-01/anat/sub-019_ses-01_run-01_T1w.json	InstitutionalDepartmentName	"""Department"""	REMOVE
sub-019/ses-01/anat/sub-019_ses-01_run-01_TB1TFL.json	InstitutionalDepartmentName	"""Department"""	REMOVE
sub-019/ses-01/anat/sub-019_ses-01_run-02_T1w.json	InstitutionalDepartmentName	"""Department"""	REMOVE
sub-019/ses-01/anat/sub-019_ses-01_run-02_TB1TFL.json	InstitutionalDepartmentName	"""Department"""	REMOVE
sub-019/ses-01/anat/sub-019_ses-01_run-03_T1w.json	InstitutionalDepartmentName	"""Department"""	REMOVE
sub-019/ses-01/dwi/sub-019_ses-01_run-01_dwi.json	InstitutionalDepartmentName	"""Department"""	REMOVE
sub-019/ses-01/dwi/sub-019_ses-01_run-02_dwi.json	InstitutionalDepartmentName	"""Department"""	REMOVE
sub-019/ses-01/dwi/sub-019_ses-01_run-05_dwi.json	InstitutionalDepartmentName	"""Department"""	REMOVE
sub-019/ses-01/fmap/sub-019_ses-01_dir-AP_run-01_epi.json	InstitutionalDepartmentName	"""Department"""	REMOVE
sub-019/ses-01/fmap/sub-019_ses-01_dir-AP_run-02_part-phase_epi.json	InstitutionalDepartmentName	"""Department"""	REMOVE
sub-019/ses-01/fmap/sub-019_ses-01_dir-AP_run-03_epi.json	InstitutionalDepartmentName	"""Department"""	REMOVE
sub-019/ses-01/fmap/sub-019_ses-01_dir-AP_run-04_part-phase_epi.json	InstitutionalDepartmentName	"""Department"""	REMOVE
sub-019/ses-01/fmap/sub-019_ses-01_dir-PA_run-01_epi.json	InstitutionalDepartmentName	"""Department"""	REMOVE
sub-019/ses-01/fmap/sub-019_ses-01_dir-PA_run-02_part-phase_epi.json	InstitutionalDepartmentName	"""Department"""	REMOVE
sub-019/ses-01/fmap/sub-019_ses-01_dir-PA_run-03_epi.json	InstitutionalDepartmentName	"""Department"""	REMOVE
sub-019/ses-01/fmap/sub-019_ses-01_dir-PA_run-04_part-phase_epi.json	InstitutionalDepartmentName	"""Department"""	REMOVE
sub-019/ses-01/func/sub-019_ses-01_task-control_run-01_bold.json	InstitutionalDepartmentName	"""Department"""	REMOVE
sub-019/ses-01/func/sub-019_ses-01_task-control_run-01_part-phase_sbref.json	InstitutionalDepartmentName	"""Department"""	REMOVE
sub-019/ses-01/func/sub-019_ses-01_task-control_run-01_sbref.json	InstitutionalDepartmentName	"""Department"""	REMOVE
sub-019/ses-01/func/sub-019_ses-01_task-control_run-02_part-phase_bold.json	InstitutionalDepartmentName	"""Department"""	REMOVE
sub-019/ses-01/func/sub-019_ses-01_task-control_run-02_part-phase_sbref.json	InstitutionalDepartmentName	"""Department"""	REMOVE
sub-019/ses-01/func/sub-019_ses-01_task-control_run-02_sbref.json	InstitutionalDepartmentName	"""Department"""	REMOVE
sub-019/ses-01/func/sub-019_ses-01_task-control_run-03_bold.json	InstitutionalDepartmentName	"""Department"""	REMOVE
sub-019/ses-01/func/sub-019_ses-01_task-control_run-03_part-phase_sbref.json	InstitutionalDepartmentName	"""Department"""	REMOVE
sub-019/ses-01/func/sub-019_ses-01_task-control_run-03_sbref.json	InstitutionalDepartmentName	"""Department"""	REMOVE
sub-019/ses-01/func/sub-019_ses-01_task-control_run-04_part-phase_bold.json	InstitutionalDepartmentName	"""Department"""	REMOVE
sub-019/ses-01/func/sub-019_ses-01_task-control_run-05_bold.json	InstitutionalDepartmentName	"""Department"""	REMOVE
sub-019/ses-01/func/sub-019_ses-01_task-control_run-06_part-phase_bold.json	InstitutionalDepartmentName	"""Department"""	REMOVE
sub-019/ses-01/func/sub-019_ses-01_task-fmri_run-01_bold.json	InstitutionalDepartmentName	"""Department"""	REMOVE
sub-019/ses-01/func/sub-019_ses-01_task-fmri_run-01_part-phase_sbref.json	InstitutionalDepartmentName	"""Department"""	REMOVE
sub-019/ses-01/func/sub-019_ses-01_task-fmri_run-01_sbref.json	InstitutionalDepartmentName	"""Department"""	REMOVE
sub-019/ses-01/func/sub-019_ses-01_task-fmri_run-02_part-phase_bold.json	InstitutionalDepartmentName	"""Department"""	REMOVE
sub-019/ses-01/func/sub-019_ses-01_task-fmri_run-02_part-phase_sbref.json	InstitutionalDepartmentName	"""Department"""	REMOVE
sub-019/ses-01/func/sub-019_ses-01_task-fmri_run-02_sbref.json	InstitutionalDepartmentName	"""Department"""	REMOVE
sub-019/ses-01/func/sub-019_ses-01_task-fmri_run-03_bold.json	InstitutionalDepartmentName	"""Department"""	REMOVE
sub-019/ses-01/func/sub-019_ses-01_task-fmri_run-03_part-phase_sbref.json	InstitutionalDepartmentName	"""Department"""	REMOVE
sub-019/ses-01/func/sub-019_ses-01_task-fmri_run-03_sbref.json	InstitutionalDepartmentName	"""Department"""	REMOVE
sub-019/ses-01/func/sub-019_ses-01_task-fmri_run-04_part-phase_bold.json	InstitutionalDepartmentName	"""Department"""	REMOVE
sub-019/ses-01/func/sub-019_ses-01_task-fmri_run-04_part-phase_sbref.json	InstitutionalDepartmentName	"""Department"""	REMOVE
sub-019/ses-01/func/sub-019_ses-01_task-fmri_run-04_sbref.json	InstitutionalDepartmentName	"""Department"""	REMOVE
sub-019/ses-01/func/sub-019_ses-01_task-fmri_run-05_bold.json	InstitutionalDepartmentName	"""Department"""	REMOVE
sub-019/ses-01/func/sub-019_ses-01_task-fmri_run-06_part-phase_bold.json	InstitutionalDepartmentName	"""Department"""	REMOVE
sub-019/ses-01/func/sub-019_ses-01_task-fmri_run-07_bold.json	InstitutionalDepartmentName	"""Department"""	REMOVE
sub-019/ses-01/func/sub-019_ses-01_task-fmri_run-08_part-phase_bold.json	InstitutionalDepartmentName	"""Department"""	REMOVE
sub-019/ses-01/func/sub-019_ses-01_task-movie_run-01_bold.json	InstitutionalDepartmentName	"""Department"""	REMOVE
sub-019/ses-01/func/sub-019_ses-01_task-movie_run-01_part-phase_sbref.json	InstitutionalDepartmentName	"""Department"""	REMOVE
sub-019/ses-01/func/sub-019_ses-01_task-movie_run-01_sbref.json	InstitutionalDepartmentName	"""Department"""	REMOVE
sub-019/ses-01/func/sub-019_ses-01_task-movie_run-02_part-phase_bold.json	InstitutionalDepartmentName	"""Department"""	REMOVE
sub-019/ses-01/func/sub-019_ses-01_task-movie_run-02_part-phase_sbref.json	InstitutionalDepartmentName	"""Department"""	REMOVE
sub-019/ses-01/func/sub-019_ses-01_task-movie_run-02_sbref.json	InstitutionalDepartmentName	"""Department"""	REMOVE
sub-019/ses-01/func/sub-019_ses-01_task-movie_run-03_bold.json	InstitutionalDepartmentName	"""Department"""	REMOVE
sub-019/ses-01/func/sub-019_ses-01_task-movie_run-03_part-phase_sbref.json	InstitutionalDepartmentName	"""Department"""	REMOVE
sub-019/ses-01/func/sub-019_ses-01_task-movie_run-03_sbref.json	InstitutionalDepartmentName	"""Department"""	REMOVE
sub-019/ses-01/func/sub-019_ses-01_task-movie_run-04_part-phase_bold.json	InstitutionalDepartmentName	"""Department"""	REMOVE
sub-019/ses-01/func/sub-019_ses-01_task-movie_run-04_part-phase_sbref.json	InstitutionalDepartmentName	"""Department"""	REMOVE
sub-019/ses-01/func/sub-019_ses-01_task-movie_run-04_sbref.json	InstitutionalDepartmentName	"""Department"""	REMOVE
sub-019/ses-01/func/sub-019_ses-01_task-movie_run-05_bold.json	InstitutionalDepartmentName	"""Department"""	REMOVE
sub-019/ses-01/func/sub-019_ses-01_task-movie_run-06_part-phase_bold.json	InstitutionalDepartmentName	"""Department"""	REMOVE
sub-019/ses-01/func/sub-019_ses-01_task-movie_run-07_bold.json	InstitutionalDepartmentName	"""Department"""	REMOVE
sub-019/ses-01/func/sub-019_ses-01_task-movie_run-08_part-phase_bold.json	InstitutionalDepartmentName	"""Department"""	REMOVE
sub-019/ses-01/func/sub-019_ses-01_task-rest_run-01_bold.json	InstitutionalDepartmentName	"""Department"""	REMOVE
sub-019/ses-01/func/sub-019_ses-01_task-rest_run-01_part-phase_sbref.json	InstitutionalDepartmentName	"""Department"""	REMOVE
sub-019/ses-01/func/sub-019_ses-01_task-rest_run-01_sbref.json	InstitutionalDepartmentName	"""Department"""	REMOVE
sub-019/ses-01/func/sub-019_ses-01_task-rest_run-02_part-phase_bold.json	InstitutionalDepartmentName	"""Department"""	REMOVE
sub-019/ses-02/anat/sub-019_ses-02_run-01_FLAIR.json	InstitutionalDepartmentName	"""Department"""	REMOVE
sub-019/ses-02/anat/sub-019_ses-02_run-01_T1w.json	InstitutionalDepartmentName	"""Department"""	REMOVE
sub-019/ses-02/anat/sub-019_ses-02_run-01_TB1TFL.json	InstitutionalDepartmentName	"""Department"""	REMOVE
sub-019/ses-02/anat/sub-019_ses-02_run-02_T1w.json	InstitutionalDepartmentName	"""Department"""	REMOVE
sub-019/ses-02/anat/sub-019_ses-02_run-02_TB1TFL.json	InstitutionalDepartmentName	"""Department"""	REMOVE
sub-019/ses-02/anat/sub-019_ses-02_run-03_T1w.json	InstitutionalDepartmentName	"""Department"""	REMOVE
sub-019/ses-02/dwi/sub-019_ses-02_run-01_dwi.json	InstitutionalDepartmentName	"""Department"""	REMOVE
sub-019/ses-02/dwi/sub-019_ses-02_run-02_dwi.json	InstitutionalDepartmentName	"""Department"""	REMOVE
sub-019/ses-02/dwi/sub-019_ses-02_run-05_dwi.json	InstitutionalDepartmentName	"""Department"""	REMOVE
sub-019/ses-02/fmap/sub-019_ses-02_dir-AP_run-01_epi.json	InstitutionalDepartmentName	"""Department"""	REMOVE
sub-019/ses-02/fmap/sub-019_ses-02_dir-AP_run-02_part-phase_epi.json	InstitutionalDepartmentName	"""Department"""	REMOVE
sub-019/ses-02/fmap/sub-019_ses-02_dir-AP_run-03_epi.json	InstitutionalDepartmentName	"""Department"""	REMOVE
sub-019/ses-02/fmap/sub-019_ses-02_dir-AP_run-04_part-phase_epi.json	InstitutionalDepartmentName	"""Department"""	REMOVE
sub-019/ses-02/fmap/sub-019_ses-02_dir-PA_run-01_epi.json	InstitutionalDepartmentName	"""Department"""	REMOVE
sub-019/ses-02/fmap/sub-019_ses-02_dir-PA_run-02_part-phase_epi.json	InstitutionalDepartmentName	"""Department"""	REMOVE
sub-019/ses-02/fmap/sub-019_ses-02_dir-PA_run-03_epi.json	InstitutionalDepartmentName	"""Department"""	REMOVE
sub-019/ses-02/fmap/sub-019_ses-02_dir-PA_run-04_part-phase_epi.json	InstitutionalDepartmentName	"""Department"""	REMOVE
sub-019/ses-02/func/sub-019_ses-02_task-control_run-01_bold.json	InstitutionalDepartmentName	"""Department"""	REMOVE
sub-019/ses-02/func/sub-019_ses-02_task-control_run-01_part-phase_sbref.json	InstitutionalDepartmentName	"""Department"""	REMOVE
sub-019/ses-02/func/sub-019_ses-02_task-control_run-01_sbref.json	InstitutionalDepartmentName	"""Department"""	REMOVE
sub-019/ses-02/func/sub-019_ses-02_task-control_run-02_part-phase_bold.json	InstitutionalDepartmentName	"""Department"""	REMOVE
sub-019/ses-02/func/sub-019_ses-02_task-control_run-02_part-phase_sbref.json	InstitutionalDepartmentName	"""Department"""	REMOVE
sub-019/ses-02/func/sub-019_ses-02_task-control_run-02_sbref.json	InstitutionalDepartmentName	"""Department"""	REMOVE
sub-019/ses-02/func/sub-019_ses-02_task-control_run-03_bold.json	InstitutionalDepartmentName	"""Department"""	REMOVE
sub-019/ses-02/func/sub-019_ses-02_task-control_run-03_part-phase_sbref.json	InstitutionalDepartmentName	"""Department"""	REMOVE
sub-019/ses-02/func/sub-019_ses-02_task-control_run-03_sbref.json	InstitutionalDepartmentName	"""Department"""	REMOVE
sub-019/ses-02/func/sub-019_ses-02_task-control_run-04_part-phase_bold.json	InstitutionalDepartmentName	"""Department"""	REMOVE
sub-019/ses-02/func/sub-019_ses-02_task-control_run-05_bold.json	InstitutionalDepartmentName	"""Department"""	REMOVE
sub-019/ses-02/func/sub-019_ses-02_task-control_run-06_part-phase_bold.json	InstitutionalDepartmentName	"""Department"""	REMOVE
sub-019/ses-02/func/sub-019_ses-02_task-fmri_run-01_bold.json	InstitutionalDepartmentName	"""Department"""	REMOVE
sub-019/ses-02/func/sub-019_ses-02_task-fmri_run-01_part-phase_sbref.json	InstitutionalDepartmentName	"""Department"""	REMOVE
sub-019/ses-02/func/sub-019_ses-02_task-fmri_run-01_sbref.json	InstitutionalDepartmentName	"""Department"""	REMOVE
sub-019/ses-02/func/sub-019_ses-02_task-fmri_run-02_part-phase_bold.json	InstitutionalDepartmentName	"""Department"""	REMOVE
sub-019/ses-02/func/sub-019_ses-02_task-fmri_run-02_part-phase_sbref.json	InstitutionalDepartmentName	"""Department"""	REMOVE
sub-019/ses-02/func/sub-019_ses-02_task-fmri_run-02_sbref.json	InstitutionalDepartmentName	"""Department"""	REMOVE
sub-019/ses-02/func/sub-019_ses-02_task-fmri_run-03_bold.json	InstitutionalDepartmentName	"""Department"""	REMOVE
sub-019/ses-02/func/sub-019_ses-02_task-fmri_run-03_part-phase_sbref.json	InstitutionalDepartmentName	"""Department"""	REMOVE
sub-019/ses-02/func/sub-019_ses-02_task-fmri_run-03_sbref.json	InstitutionalDepartmentName	"""Department"""	REMOVE
sub-019/ses-02/func/sub-019_ses-02_task-fmri_run-04_part-phase_bold.json	InstitutionalDepartmentName	"""Department"""	REMOVE
sub-019/ses-02/func/sub-019_ses-02_task-fmri_run-04_part-phase_sbref.json	InstitutionalDepartmentName	"""Department"""	REMOVE
sub-019/ses-02/func/sub-019_ses-02_task-fmri_run-04_sbref.json	InstitutionalDepartmentName	"""Department"""	REMOVE
sub-019/ses-02/func/sub-019_ses-02_task-fmri_run-05_bold.json	InstitutionalDepartmentName	"""Department"""	REMOVE
sub-019/ses-02/func/sub-019_ses-02_task-fmri_run-06_part-phase_bold.json	InstitutionalDepartmentName	"""Department"""	REMOVE
sub-019/ses-02/func/sub-019_ses-02_task-fmri_run-07_bold.json	InstitutionalDepartmentName	"""Department"""	REMOVE
sub-019/ses-02/func/sub-019_ses-02_task-fmri_run-08_part-phase_bold.json	InstitutionalDepartmentName	"""Department"""	REMOVE
sub-019/ses-02/func/sub-019_ses-02_task-movie_run-01_bold.json	InstitutionalDepartmentName	"""Department"""	REMOVE
sub-019/ses-02/func/sub-019_ses-02_task-movie_run-01_part-phase_sbref.json	InstitutionalDepartmentName	"""Department"""	REMOVE
sub-019/ses-02/func/sub-019_ses-02_task-movie_run-01_sbref.json	InstitutionalDepartmentName	"""Department"""	REMOVE
sub-019/ses-02/func/sub-019_ses-02_task-movie_run-02_part-phase_bold.json	InstitutionalDepartmentName	"""Department"""	REMOVE
sub-019/ses-02/func/sub-019_ses-02_task-movie_run-02_part-phase_sbref.json	InstitutionalDepartmentName	"""Department"""	REMOVE
sub-019/ses-02/func/sub-019_ses-02_task-movie_run-02_sbref.json	InstitutionalDepartmentName	"""Department"""	REMOVE
sub-019/ses-02/func/sub-019_ses-02_task-movie_run-03_bold.json	InstitutionalDepartmentName	"""Department"""	REMOVE
sub-019/ses-02/func/sub-019_ses-02_task-movie_run-03_part-phase_sbref.json	InstitutionalDepartmentName	"""Department"""	REMOVE
sub-019/ses-02/func/sub-019_ses-02_task-movie_run-03_sbref.json	InstitutionalDepartmentName	"""Department"""	REMOVE
sub-019/ses-02/func/sub-019_ses-02_task-movie_run-04_part-phase_bold.json	InstitutionalDepartmentName	"""Department"""	REMOVE
sub-019/ses-02/func/sub-019_ses-02_task-movie_run-04_part-phase_sbref.json	InstitutionalDepartmentName	"""Department"""	REMOVE
sub-019/ses-02/func/sub-019_ses-02_task-movie_run-04_sbref.json	InstitutionalDepartmentName	"""Department"""	REMOVE
sub-019/ses-02/func/sub-019_ses-02_task-movie_run-05_bold.json	InstitutionalDepartmentName	"""Department"""	REMOVE
sub-019/ses-02/func/sub-019_ses-02_task-movie_run-06_part-phase_bold.json	InstitutionalDepartmentName	"""Department"""	REMOVE
sub-019/ses-02/func/sub-019_ses-02_task-movie_run-07_bold.json	InstitutionalDepartmentName	"""Department"""	REMOVE
sub-019/ses-02/func/sub-019_ses-02_task-movie_run-08_part-phase_bold.json	InstitutionalDepartmentName	"""Department"""	REMOVE
sub-019/ses-02/func/sub-019_ses-02_task-rest_run-01_bold.json	InstitutionalDepartmentName	"""Department"""	REMOVE
sub-019/ses-02/func/sub-019_ses-02_task-rest_run-01_part-phase_sbref.json	InstitutionalDepartmentName	"""Department"""	REMOVE
sub-019/ses-02/func/sub-019_ses-02_task-rest_run-01_sbref.json	InstitutionalDepartmentName	"""Department"""	REMOVE
sub-019/ses-02/func/sub-019_ses-02_task-rest_run-02_part-phase_bold.json	InstitutionalDepartmentName	"""Department"""	REMOVE
sub-020/ses-01/anat/sub-020_ses-01_run-01_FLAIR.json	InstitutionalDepartmentName	"""Department"""	REMOVE
sub-020/ses-01/anat/sub-020_ses-01_run-01_T1w.json	InstitutionalDepartmentName	"""Department"""	REMOVE
sub-020/ses-01/anat/sub-020_ses-01_run-01_TB1TFL.json	InstitutionalDepartmentName	"""Department"""	REMOVE
sub-020/ses-01/anat/sub-020_ses-01_run-02_T1w.json	InstitutionalDepartmentName	"""Department"""	REMOVE
sub-020/ses-01/anat/sub-020_ses-01_run-02_TB1TFL.json	InstitutionalDepartmentName	"""Department"""	REMOVE
sub-020/ses-01/anat/sub-020_ses-01_run-03_T1w.json	InstitutionalDepartmentName	"""Department"""	REMOVE
sub-020/ses-01/dwi/sub-020_ses-01_run-01_dwi.json	InstitutionalDepartmentName	"""Department"""	REMOVE
sub-020/ses-01/dwi/sub-020_ses-01_run-02_dwi.json	InstitutionalDepartmentName	"""Department"""	REMOVE
sub-020/ses-01/dwi/sub-020_ses-01_run-05_dwi.json	InstitutionalDepartmentName	"""Department"""	REMOVE
sub-020/ses-01/fmap/sub-020_ses-01_dir-AP_run-01_epi.json	InstitutionalDepartmentName	"""Department"""	REMOVE
sub-020/ses-01/fmap/sub-020_ses-01_dir-AP_run-02_part-phase_epi.json	InstitutionalDepartmentName	"""Department"""	REMOVE
sub-020/ses-01/fmap/sub-020_ses-01_dir-AP_run-03_epi.json	InstitutionalDepartmentName	"""Department"""	REMOVE
sub-020/ses-01/fmap/sub-020_ses-01_dir-AP_run-04_part-phase_epi.json	InstitutionalDepartmentName	"""Department"""	REMOVE
sub-020/ses-01/fmap/sub-020_ses-01_dir-PA_run-01_epi.json	InstitutionalDepartmentName	"""Department"""	REMOVE
sub-020/ses-01/fmap/sub-020_ses-01_dir-PA_run-02_part-phase_epi.json	InstitutionalDepartmentName	"""Department"""	REMOVE
sub-020/ses-01/fmap/sub-020_ses-01_dir-PA_run-03_epi.json	InstitutionalDepartmentName	"""Department"""	REMOVE
sub-020/ses-01/fmap/sub-020_ses-01_dir-PA_run-04_part-phase_epi.json	InstitutionalDepartmentName	"""Department"""	REMOVE
sub-020/ses-01/func/sub-020_ses-01_task-control_run-01_bold.json	InstitutionalDepartmentName	"""Department"""	REMOVE
sub-020/ses-01/func/sub-020_ses-01_task-control_run-01_part-phase_sbref.json	InstitutionalDepartmentName	"""Department"""	REMOVE
sub-020/ses-01/func/sub-020_ses-01_task-control_run-01_sbref.json	InstitutionalDepartmentName	"""Department"""	REMOVE
sub-020/ses-01/func/sub-020_ses-01_task-control_run-02_part-phase_bold.json	InstitutionalDepartmentName	"""Department"""	REMOVE
sub-020/ses-01/func/sub-020_ses-01_task-control_run-02_part-phase_sbref.json	InstitutionalDepartmentName	"""Department"""	REMOVE
sub-020/ses-01/func/sub-020_ses-01_task-control_run-02_sbref.json	InstitutionalDepartmentName	"""Department"""	REMOVE
sub-020/ses-01/func/sub-020_ses-01_task-control_run-03_bold.json	InstitutionalDepartmentName	"""Department"""	REMOVE
sub-020/ses-01/func/sub-020_ses-01_task-control_run-03_part-phase_sbref.json	InstitutionalDepartmentName	"""Department"""	REMOVE
sub-020/ses-01/func/sub-020_ses-01_task-control_run-03_sbref.json	InstitutionalDepartmentName	"""Department"""	REMOVE
sub-020/ses-01/func/sub-020_ses-01_task-control_run-04_part-phase_bold.json	InstitutionalDepartmentName	"""Department"""	REMOVE
sub-020/ses-01/func/sub-020_ses-01_task-control_run-05_bold.json	InstitutionalDepartmentName	"""Department"""	REMOVE
sub-020/ses-01/func/sub-020_ses-01_task-control_run-06_part-phase_bold.json	InstitutionalDepartmentName	"""Department"""	REMOVE
sub-020/ses-01/func/sub-020_ses-01_task-fmri_run-01_bold.json	InstitutionalDepartmentName	"""Department"""	REMOVE
sub-020/ses-01/func/sub-020_ses-01_task-fmri_run-01_part-phase_sbref.json	InstitutionalDepartmentName	"""Department"""	REMOVE
sub-020/ses-01/func/sub-020_ses-01_task-fmri_run-01_sbref.json	InstitutionalDepartmentName	"""Department"""	REMOVE
sub-020/ses-01/func/sub-020_ses-01_task-fmri_run-02_part-phase_bold.json	InstitutionalDepartmentName	"""Department"""	REMOVE
sub-020/ses-01/func/sub-020_ses-01_task-fmri_run-02_part-phase_sbref.json	InstitutionalDepartmentName	"""Department"""	REMOVE
sub-020/ses-01/func/sub-020_ses-01_task-fmri_run-02_sbref.json	InstitutionalDepartmentName	"""Department"""	REMOVE
sub-020/ses-01/func/sub-020_ses-01_task-fmri_run-03_bold.json	InstitutionalDepartmentName	"""Department"""	REMOVE
sub-020/ses-01/func/sub-020_ses-01_task-fmri_run-03_part-phase_sbref.json	InstitutionalDepartmentName	"""Department"""	REMOVE
sub-020/ses-01/func/sub-020_ses-01_task-fmri_run-03_sbref.json	InstitutionalDepartmentName	"""Department"""	REMOVE
sub-020/ses-01/func/sub-020_ses-01_task-fmri_run-04_part-phase_bold.json	InstitutionalDepartmentName	"""Department"""	REMOVE
sub-020/ses-01/func/sub-020_ses-01_task-fmri_run-04_part-phase_sbref.json	InstitutionalDepartmentName	"""Department"""	REMOVE
sub-020/ses-01/func/sub-020_ses-01_task-fmri_run-04_sbref.json	InstitutionalDepartmentName	"""Department"""	REMOVE
sub-020/ses-01/func/sub-020_ses-01_task-fmri_run-05_bold.json	InstitutionalDepartmentName	"""Department"""	REMOVE
sub-020/ses-01/func/sub-020_ses-01_task-fmri_run-06_part-phase_bold.json	InstitutionalDepartmentName	"""Department"""	REMOVE
sub-020/ses-01/func/sub-020_ses-01_task-fmri_run-07_bold.json	InstitutionalDepartmentName	"""Department"""	REMOVE
sub-020/ses-01/func/sub-020_ses-01_task-fmri_run-08_part-phase_bold.json	InstitutionalDepartmentName	"""Department"""	REMOVE
sub-020/ses-01/func/sub-020_ses-01_task-movie_run-01_bold.json	InstitutionalDepartmentName	"""Department"""	REMOVE
sub-020/ses-01/func/sub-020_ses-01_task-movie_run-01_part-phase_sbref.json	InstitutionalDepartmentName	"""Department"""	REMOVE
sub-020/ses-01/func/sub-020_ses-01_task-movie_run-01_sbref.json	InstitutionalDepartmentName	"""Department"""	REMOVE
sub-020/ses-01/func/sub-020_ses-01_task-movie_run-02_part-phase_bold.json	InstitutionalDepartmentName	"""Department"""	REMOVE
sub-020/ses-01/func/sub-020_ses-01_task-movie_run-02_part-phase_sbref.json	InstitutionalDepartmentName	"""Department"""	REMOVE
sub-020/ses-01/func/sub-020_ses-01_task-movie_run-02_sbref.json	InstitutionalDepartmentName	"""Department"""	REMOVE
sub-020/ses-01/func/sub-020_ses-01_task-movie_run-03_bold.json	InstitutionalDepartmentName	"""Department"""	REMOVE
sub-020/ses-01/func/sub-020_ses-01_task-movie_run-03_part-phase_sbref.json	InstitutionalDepartmentName	"""Department"""	REMOVE
sub-020/ses-01/func/sub-020_ses-01_task-movie_run-03_sbref.json	InstitutionalDepartmentName	"""Department"""	REMOVE
sub-020/ses-01/func/sub-020_ses-01_task-movie_run-04_part-phase_bold.json	InstitutionalDepartmentName	"""Department"""	REMOVE
sub-020/ses-01/func/sub-020_ses-01_task-movie_run-04_part-phase_sbref.json	InstitutionalDepartmentName	"""Department"""	REMOVE
sub-020/ses-01/func/sub-020_ses-01_task-movie_run-04_sbref.json	InstitutionalDepartmentName	"""Department"""	REMOVE
sub-020/ses-01/func/sub-020_ses-01_task-movie_run-05_bold.json	InstitutionalDepartmentName	"""Department"""	REMOVE
sub-020/ses-01/func/sub-020_ses-01_task-movie_run-06_part-phase_bold.json	InstitutionalDepartmentName	"""Department"""	REMOVE
sub-020/ses-01/func/sub-020_ses-01_task-movie_run-07_bold.json	InstitutionalDepartmentName	"""Department"""	REMOVE
sub-020/ses-01/func/sub-020_ses-01_task-movie_run-08_part-phase_bold.json	InstitutionalDepartmentName	"""Department"""	REMOVE
sub-020/ses-01/func/sub-020_ses-01_task-rest_run-01_bold.json	InstitutionalDepartmentName	"""Department"""	REMOVE
sub-020/ses-01/func/sub-020_ses-01_task-rest_run-01_part-phase_sbref.json	InstitutionalDepartmentName	"""Department"""	REMOVE
sub-020/ses-01/func/sub-020_ses-01_task-rest_run-01_sbref.json	InstitutionalDepartmentName	"""Department"""	REMOVE
sub-020/ses-01/func/sub-020_ses-01_task-rest_run-02_part-phase_bold.json	InstitutionalDepartmentName	"""Department"""	REMOVE
sub-021/ses-01/anat/sub-021_ses-01_run-01_FLAIR.json	InstitutionalDepartmentName	"""Department"""	REMOVE
sub-021/ses-01/anat/sub-021_ses-01_run-01_T1w.json	InstitutionalDepartmentName	"""Department"""	REMOVE
sub-021/ses-01/anat/sub-021_ses-01_run-01_TB1TFL.json	InstitutionalDepartmentName	"""Department"""	REMOVE
sub-021/ses-01/anat/sub-021_ses-01_run-02_T1w.json	InstitutionalDepartmentName	"""Department"""	REMOVE
sub-021/ses-01/anat/sub-021_ses-01_run-02_TB1TFL.json	InstitutionalDepartmentName	"""Department"""	REMOVE
sub-021/ses-01/anat/sub-021_ses-01_run-03_T1w.json	InstitutionalDepartmentName	"""Department"""	REMOVE
sub-021/ses-01/dwi/sub-021_ses-01_run-01_dwi.json	InstitutionalDepartmentName	"""Department"""	REMOVE
sub-021/ses-01/dwi/sub-021_ses-01_run-02_dwi.json	InstitutionalDepartmentName	"""Department"""	REMOVE
sub-021/ses-01/dwi/sub-021_ses-01_run-05_dwi.json	InstitutionalDepartmentName	"""Department"""	REMOVE
sub-021/ses-01/fmap/sub-021_ses-01_dir-AP_run-01_epi.json	InstitutionalDepartmentName	"""Department"""	REMOVE
sub-021/ses-01/fmap/sub-021_ses-01_dir-AP_run-02_part-phase_epi.json	InstitutionalDepartmentName	"""Department"""	REMOVE
sub-021/ses-01/fmap/sub-021_ses-01_dir-AP_run-03_epi.json	InstitutionalDepartmentName	"""Department"""	REMOVE
sub-021/ses-01/fmap/sub-021_ses-01_dir-AP_run-04_part-phase_epi.json	InstitutionalDepartmentName	"""Department"""	REMOVE
sub-021/ses-01/fmap/sub-021_ses-01_dir-PA_run-01_epi.json	InstitutionalDepartmentName	"""Department"""	REMOVE
sub-021/ses-01/fmap/sub-021_ses-01_dir-PA_run-02_part-phase_epi.json	InstitutionalDepartmentName	"""Department"""	REMOVE
sub-021/ses-01/fmap/sub-021_ses-01_dir-PA_run-03_epi.json	InstitutionalDepartmentName	"""Department"""	REMOVE
sub-021/ses-01/fmap/sub-021_ses-01_dir-PA_run-04_part-phase_epi.json	InstitutionalDepartmentName	"""Department"""	REMOVE
sub-021/ses-01/func/sub-021_ses-01_task-control_run-01_bold.json	InstitutionalDepartmentName	"""Department"""	REMOVE
sub-021/ses-01/func/sub-021_ses-01_task-control_run-01_part-phase_sbref.json	InstitutionalDepartmentName	"""Department"""	REMOVE
sub-021/ses-01/func/sub-021_ses-01_task-control_run-01_sbref.json	InstitutionalDepartmentName	"""Department"""	REMOVE
sub-021/ses-01/func/sub-021_ses-01_task-control_run-02_part-phase_bold.json	InstitutionalDepartmentName	"""Department"""	REMOVE
sub-021/ses-01/func/sub-021_ses-01_task-control_run-02_part-phase_sbref.json	InstitutionalDepartmentName	"""Department"""	REMOVE
sub-021/ses-01/func/sub-021_ses-01_task-control_run-02_sbref.json	InstitutionalDepartmentName	"""Department"""	REMOVE
sub-021/ses-01/func/sub-021_ses-01_task-control_run-03_bold.json	InstitutionalDepartmentName	"""Department"""	REMOVE
sub-021/ses-01/func/sub-021_ses-01_task-control_run-03_part-phase_sbref.json	InstitutionalDepartmentName	"""Department"""	REMOVE
sub-021/ses-01/func/sub-021_ses-01_task-control_run-03_sbref.json	InstitutionalDepartmentName	"""Department"""	REMOVE
sub-021/ses-01/func/sub-021_ses-01_task-control_run-04_part-phase_bold.json	InstitutionalDepartmentName	"""Department"""	REMOVE
sub-021/ses-01/func/sub-021_ses-01_task-control_run-05_bold.json	InstitutionalDepartmentName	"""Department"""	REMOVE
sub-021/ses-01/func/sub-021_ses-01_task-control_run-06_part-phase_bold.json	InstitutionalDepartmentName	"""Department"""	REMOVE
sub-021/ses-01/func/sub-021_ses-01_task-fmri_run-01_bold.json	InstitutionalDepartmentName	"""Department"""	REMOVE
sub-021/ses-01/func/sub-021_ses-01_task-fmri_run-01_part-phase_sbref.json	InstitutionalDepartmentName	"""Department"""	REMOVE
sub-021/ses-01/func/sub-021_ses-01_task-fmri_run-01_sbref.json	InstitutionalDepartmentName	"""Department"""	REMOVE
sub-021/ses-01/func/sub-021_ses-01_task-fmri_run-02_part-phase_bold.json	InstitutionalDepartmentName	"""Department"""	REMOVE
sub-021/ses-01/func/sub-021_ses-01_task-fmri_run-02_part-phase_sbref.json	InstitutionalDepartmentName	"""Department"""	REMOVE
sub-021/ses-01/func/sub-021_ses-01_task-fmri_run-02_sbref.json	InstitutionalDepartmentName	"""Department"""	REMOVE
sub-021/ses-01/func/sub-021_ses-01_task-fmri_run-03_bold.json	InstitutionalDepartmentName	"""Department"""	REMOVE
sub-021/ses-01/func/sub-021_ses-01_task-fmri_run-03_part-phase_sbref.json	InstitutionalDepartmentName	"""Department"""	REMOVE
sub-021/ses-01/func/sub-021_ses-01_task-fmri_run-03_sbref.json	InstitutionalDepartmentName	"""Department"""	REMOVE
sub-021/ses-01/func/sub-021_ses-01_task-fmri_run-04_part-phase_bold.json	InstitutionalDepartmentName	"""Department"""	REMOVE
sub-021/ses-01/func/sub-021_ses-01_task-fmri_run-04_part-phase_sbref.json	InstitutionalDepartmentName	"""Department"""	REMOVE
sub-021/ses-01/func/sub-021_ses-01_task-fmri_run-04_sbref.json	InstitutionalDepartmentName	"""Department"""	REMOVE
sub-021/ses-01/func/sub-021_ses-01_task-fmri_run-05_bold.json	InstitutionalDepartmentName	"""Department"""	REMOVE
sub-021/ses-01/func/sub-021_ses-01_task-fmri_run-06_part-phase_bold.json	InstitutionalDepartmentName	"""Department"""	REMOVE
sub-021/ses-01/func/sub-021_ses-01_task-fmri_run-07_bold.json	InstitutionalDepartmentName	"""Department"""	REMOVE
sub-021/ses-01/func/sub-021_ses-01_task-fmri_run-08_part-phase_bold.json	InstitutionalDepartmentName	"""Department"""	REMOVE
sub-021/ses-01/func/sub-021_ses-01_task-movie_run-01_bold.json	InstitutionalDepartmentName	"""Department"""	REMOVE
sub-021/ses-01/func/sub-021_ses-01_task-movie_run-01_part-phase_sbref.json	InstitutionalDepartmentName	"""Department"""	REMOVE
sub-021/ses-01/func/sub-021_ses-01_task-movie_run-01_sbref.json	InstitutionalDepartmentName	"""Department"""	REMOVE
sub-021/ses-01/func/sub-021_ses-01_task-movie_run-02_part-phase_bold.json	InstitutionalDepartmentName	"""Department"""	REMOVE
sub-021/ses-01/func/sub-021_ses-01_task-movie_run-02_part-phase_sbref.json	InstitutionalDepartmentName	"""Department"""	REMOVE
sub-021/ses-01/func/sub-021_ses-01_task-movie_run-02_sbref.json	InstitutionalDepartmentName	"""Department"""	REMOVE
sub-021/ses-01/func/sub-021_ses-01_task-movie_run-03_bold.json	InstitutionalDepartmentName	"""Department"""	REMOVE
sub-021/ses-01/func/sub-021_ses-01_task-movie_run-03_part-phase_sbref.json	InstitutionalDepartmentName	"""Department"""	REMOVE
sub-021/ses-01/func/sub-021_ses-01_task-movie_run-03_sbref.json	InstitutionalDepartmentName	"""Department"""	REMOVE
sub-021/ses-01/func/sub-021_ses-01_task-movie_run-04_part-phase_bold.json	InstitutionalDepartmentName	"""Department"""	REMOVE
sub-021/ses-01/func/sub-021_ses-01_task-movie_run-04_part-phase_sbref.json	InstitutionalDepartmentName	"""Department"""	REMOVE
sub-021/ses-01/func/sub-021_ses-01_task-movie_run-04_sbref.json	InstitutionalDepartmentName	"""Department"""	REMOVE
sub-021/ses-01/func/sub-021_ses-01_task-movie_run-05_bold.json	InstitutionalDepartmentName	"""Department"""	REMOVE
sub-021/ses-01/func/sub-021_ses-01_task-movie_run-06_part-phase_bold.json	InstitutionalDepartmentName	"""Department"""	REMOVE
sub-021/ses-01/func/sub-021_ses-01_task-movie_run-07_bold.json	InstitutionalDepartmentName	"""Department"""	REMOVE
sub-021/ses-01/func/sub-021_ses-01_task-movie_run-08_part-phase_bold.json	InstitutionalDepartmentName	"""Department"""	REMOVE
sub-021/ses-01/func/sub-021_ses-01_task-rest_run-01_bold.json	InstitutionalDepartmentName	"""Department"""	REMOVE
sub-021/ses-01/func/sub-021_ses-01_task-rest_run-01_part-phase_sbref.json	InstitutionalDepartmentName	"""Department"""	REMOVE
sub-021/ses-01/func/sub-021_ses-01_task-rest_run-01_sbref.json	InstitutionalDepartmentName	"""Department"""	REMOVE
sub-021/ses-01/func/sub-021_ses-01_task-rest_run-02_part-phase_bold.json	InstitutionalDepartmentName	"""Department"""	REMOVE
sub-021/ses-02/anat/sub-021_ses-02_run-01_FLAIR.json	InstitutionalDepartmentName	"""Department"""	REMOVE
sub-021/ses-02/anat/sub-021_ses-02_run-01_T1w.json	InstitutionalDepartmentName	"""Department"""	REMOVE
sub-021/ses-02/anat/sub-021_ses-02_run-01_TB1TFL.json	InstitutionalDepartmentName	"""Department"""	REMOVE
sub-021/ses-02/anat/sub-021_ses-02_run-02_T1w.json	InstitutionalDepartmentName	"""Department"""	REMOVE
sub-021/ses-02/anat/sub-021_ses-02_run-02_TB1TFL.json	InstitutionalDepartmentName	"""Department"""	REMOVE
sub-021/ses-02/anat/sub-021_ses-02_run-03_T1w.json	InstitutionalDepartmentName	"""Department"""	REMOVE
sub-021/ses-02/dwi/sub-021_ses-02_run-01_dwi.json	InstitutionalDepartmentName	"""Department"""	REMOVE
sub-021/ses-02/dwi/sub-021_ses-02_run-02_dwi.json	InstitutionalDepartmentName	"""Department"""	REMOVE
sub-021/ses-02/dwi/sub-021_ses-02_run-05_dwi.json	InstitutionalDepartmentName	"""Department"""	REMOVE
sub-021/ses-02/fmap/sub-021_ses-02_dir-AP_run-01_epi.json	InstitutionalDepartmentName	"""Department"""	REMOVE
sub-021/ses-02/fmap/sub-021_ses-02_dir-AP_run-02_part-phase_epi.json	InstitutionalDepartmentName	"""Department"""	REMOVE
sub-021/ses-02/fmap/sub-021_ses-02_dir-AP_run-03_epi.json	InstitutionalDepartmentName	"""Department"""	REMOVE
sub-021/ses-02/fmap/sub-021_ses-02_dir-AP_run-04_part-phase_epi.json	InstitutionalDepartmentName	"""Department"""	REMOVE
sub-021/ses-02/fmap/sub-021_ses-02_dir-PA_run-01_epi.json	InstitutionalDepartmentName	"""Department"""	REMOVE
sub-021/ses-02/fmap/sub-021_ses-02_dir-PA_run-02_part-phase_epi.json	InstitutionalDepartmentName	"""Department"""	REMOVE
sub-021/ses-02/fmap/sub-021_ses-02_dir-PA_run-03_epi.json	InstitutionalDepartmentName	"""Department"""	REMOVE
sub-021/ses-02/fmap/sub-021_ses-02_dir-PA_run-04_part-phase_epi.json	InstitutionalDepartmentName	"""Department"""	REMOVE
sub-021/ses-02/func/sub-021_ses-02_task-control_run-01_bold.json	InstitutionalDepartmentName	"""Department"""	REMOVE
sub-021/ses-02/func/sub-021_ses-02_task-control_run-01_part-phase_sbref.json	InstitutionalDepartmentName	"""Department"""	REMOVE
sub-021/ses-02/func/sub-021_ses-02_task-control_run-01_sbref.json	InstitutionalDepartmentName	"""Department"""	REMOVE
sub-021/ses-02/func/sub-021_ses-02_task-control_run-02_part-phase_bold.json	InstitutionalDepartmentName	"""Department"""	REMOVE
sub-021/ses-02/func/sub-021_ses-02_task-control_run-02_part-phase_sbref.json	InstitutionalDepartmentName	"""Department"""	REMOVE
sub-021/ses-02/func/sub-021_ses-02_task-control_run-02_sbref.json	InstitutionalDepartmentName	"""Department"""	REMOVE
sub-021/ses-02/func/sub-021_ses-02_task-control_run-03_bold.json	InstitutionalDepartmentName	"""Department"""	REMOVE
sub-021/ses-02/func/sub-021_ses-02_task-control_run-03_part-phase_sbref.json	InstitutionalDepartmentName	"""Department"""	REMOVE
sub-021/ses-02/func/sub-021_ses-02_task-control_run-03_sbref.json	InstitutionalDepartmentName	"""Department"""	REMOVE
sub-021/ses-02/func/sub-021_ses-02_task-control_run-04_part-phase_bold.json	InstitutionalDepartmentName	"""Department"""	REMOVE
sub-021/ses-02/func/sub-021_ses-02_task-control_run-05_bold.json	InstitutionalDepartmentName	"""Department"""	REMOVE
sub-021/ses-02/func/sub-021_ses-02_task-control_run-06_part-phase_bold.json	InstitutionalDepartmentName	"""Department"""	REMOVE
sub-021/ses-02/func/sub-021_ses-02_task-fmri_run-01_bold.json	InstitutionalDepartmentName	"""Department"""	REMOVE
sub-021/ses-02/func/sub-021_ses-02_task-fmri_run-01_part-phase_sbref.json	InstitutionalDepartmentName	"""Department"""	REMOVE
sub-021/ses-02/func/sub-021_ses-02_task-fmri_run-01_sbref.json	InstitutionalDepartmentName	"""Department"""	REMOVE
sub-021/ses-02/func/sub-021_ses-02_task-fmri_run-02_part-phase_bold.json	InstitutionalDepartmentName	"""Department"""	REMOVE
sub-021/ses-02/func/sub-021_ses-02_task-fmri_run-02_part-phase_sbref.json	InstitutionalDepartmentName	"""Department"""	REMOVE
sub-021/ses-02/func/sub-021_ses-02_task-fmri_run-02_sbref.json	InstitutionalDepartmentName	"""Department"""	REMOVE
sub-021/ses-02/func/sub-021_ses-02_task-fmri_run-03_bold.json	InstitutionalDepartmentName	"""Department"""	REMOVE
sub-021/ses-02/func/sub-021_ses-02_task-fmri_run-03_part-phase_sbref.json	InstitutionalDepartmentName	"""Department"""	REMOVE
sub-021/ses-02/func/sub-021_ses-02_task-fmri_run-03_sbref.json	InstitutionalDepartmentName	"""Department"""	REMOVE
sub-021/ses-02/func/sub-021_ses-02_task-fmri_run-04_part-phase_bold.json	InstitutionalDepartmentName	"""Department"""	REMOVE
sub-021/ses-02/func/sub-021_ses-02_task-fmri_run-04_part-phase_sbref.json	InstitutionalDepartmentName	"""Department"""	REMOVE
sub-021/ses-02/func/sub-021_ses-02_task-fmri_run-04_sbref.json	InstitutionalDepartmentName	"""Department"""	REMOVE
sub-021/ses-02/func/sub-021_ses-02_task-fmri_run-05_bold.json	InstitutionalDepartmentName	"""Department"""	REMOVE
sub-021/ses-02/func/sub-021_ses-02_task-fmri_run-06_part-phase_bold.json	InstitutionalDepartmentName	"""Department"""	REMOVE
sub-021/ses-02/func/sub-021_ses-02_task-fmri_run-07_bold.json	InstitutionalDepartmentName	"""Department"""	REMOVE
sub-021/ses-02/func/sub-021_ses-02_task-fmri_run-08_part-phase_bold.json	InstitutionalDepartmentName	"""Department"""	REMOVE
sub-021/ses-02/func/sub-021_ses-02_task-movie_run-01_bold.json	InstitutionalDepartmentName	"""Department"""	REMOVE
sub-021/ses-02/func/sub-021_ses-02_task-movie_run-01_part-phase_sbref.json	InstitutionalDepartmentName	"""Department"""	REMOVE
sub-021/ses-02/func/sub-021_ses-02_task-movie_run-01_sbref.json	InstitutionalDepartmentName	"""Department"""	REMOVE
sub-021/ses-02/func/sub-021_ses-02_task-movie_run-02_part-phase_bold.json	InstitutionalDepartmentName	"""Department"""	REMOVE
sub-021/ses-02/func/sub-021_ses-02_task-movie_run-02_part-phase_sbref.json	InstitutionalDepartmentName	"""Department"""	REMOVE
sub-021/ses-02/func/sub-021_ses-02_task-movie_run-02_sbref.json	InstitutionalDepartmentName	"""Department"""	REMOVE
sub-021/ses-02/func/sub-021_ses-02_task-movie_run-03_bold.json	InstitutionalDepartmentName	"""Department"""	REMOVE
sub-021/ses-02/func/sub-021_ses-02_task-movie_run-03_part-phase_sbref.json	InstitutionalDepartmentName	"""Department"""	REMOVE
sub-021/ses-02/func/sub-021_ses-02_task-movie_run-03_sbref.json	InstitutionalDepartmentName	"""Department"""	REMOVE
sub-021/ses-02/func/sub-021_ses-02_task-movie_run-04_part-phase_bold.json	InstitutionalDepartmentName	"""Department"""	REMOVE
sub-021/ses-02/func/sub-021_ses-02_task-movie_run-04_part-phase_sbref.json	InstitutionalDepartmentName	"""Department"""	REMOVE
sub-021/ses-02/func/sub-021_ses-02_task-movie_run-04_sbref.json	InstitutionalDepartmentName	"""Department"""	REMOVE
sub-021/ses-02/func/sub-021_ses-02_task-movie_run-05_bold.json	InstitutionalDepartmentName	"""Department"""	REMOVE
sub-021/ses-02/func/sub-021_ses-02_task-movie_run-06_part-phase_bold.json	InstitutionalDepartmentName	"""Department"""	REMOVE
sub-021/ses-02/func/sub-021_ses-02_task-movie_run-07_bold.json	InstitutionalDepartmentName	"""Department"""	REMOVE
sub-021/ses-02/func/sub-021_ses-02_task-movie_run-08_part-phase_bold.json	InstitutionalDepartmentName	"""Department"""	REMOVE
sub-021/ses-02/func/sub-021_ses-02_task-rest_run-01_bold.json	InstitutionalDepartmentName	"""Department"""	REMOVE
sub-021/ses-02/func/sub-021_ses-02_task-rest_run-01_part-phase_sbref.json	InstitutionalDepartmentName	"""Department"""	REMOVE
sub-021/ses-02/func/sub-021_ses-02_task-rest_run-01_sbref.json	InstitutionalDepartmentName	"""Department"""	REMOVE
sub-021/ses-02/func/sub-021_ses-02_task-rest_run-02_part-phase_bold.json	InstitutionalDepartmentName	"""Department"""	REMOVE
sub-021/ses-02/func/sub-021_ses-02_task-rest_run-02_part-phase_sbref.json	InstitutionalDepartmentName	"""Department"""	REMOVE
sub-021/ses-02/func/sub-021_ses-02_task-rest_run-02_sbref.json	InstitutionalDepartmentName	"""Department"""	REMOVE
sub-021/ses-02/func/sub-021_ses-02_task-rest_run-03_bold.json	InstitutionalDepartmentName	"""Department"""	REMOVE
sub-021/ses-02/func/sub-021_ses-02_task-rest_run-04_part-phase_bold.json	InstitutionalDepartmentName	"""Department"""	REMOVE
sub-022/ses-01/anat/sub-022_ses-01_run-01_FLAIR.json	InstitutionalDepartmentName	"""Department"""	REMOVE
sub-022/ses-01/anat/sub-022_ses-01_run-01_T1w.json	InstitutionalDepartmentName	"""Department"""	REMOVE
sub-022/ses-01/anat/sub-022_ses-01_run-01_TB1TFL.json	InstitutionalDepartmentName	"""Department"""	REMOVE
sub-022/ses-01/anat/sub-022_ses-01_run-02_T1w.json	InstitutionalDepartmentName	"""Department"""	REMOVE
sub-022/ses-01/anat/sub-022_ses-01_run-02_TB1TFL.json	InstitutionalDepartmentName	"""Department"""	REMOVE
sub-022/ses-01/dwi/sub-022_ses-01_run-01_dwi.json	InstitutionalDepartmentName	"""Department"""	REMOVE
sub-022/ses-01/dwi/sub-022_ses-01_run-02_dwi.json	InstitutionalDepartmentName	"""Department"""	REMOVE
sub-022/ses-01/dwi/sub-022_ses-01_run-05_dwi.json	InstitutionalDepartmentName	"""Department"""	REMOVE
sub-022/ses-01/fmap/sub-022_ses-01_dir-AP_run-01_epi.json	InstitutionalDepartmentName	"""Department"""	REMOVE
sub-022/ses-01/fmap/sub-022_ses-01_dir-AP_run-02_part-phase_epi.json	InstitutionalDepartmentName	"""Department"""	REMOVE
sub-022/ses-01/fmap/sub-022_ses-01_dir-AP_run-03_epi.json	InstitutionalDepartmentName	"""Department"""	REMOVE
sub-022/ses-01/fmap/sub-022_ses-01_dir-AP_run-04_part-phase_epi.json	InstitutionalDepartmentName	"""Department"""	REMOVE
sub-022/ses-01/fmap/sub-022_ses-01_dir-PA_run-01_epi.json	InstitutionalDepartmentName	"""Department"""	REMOVE
sub-022/ses-01/fmap/sub-022_ses-01_dir-PA_run-02_part-phase_epi.json	InstitutionalDepartmentName	"""Department"""	REMOVE
sub-022/ses-01/fmap/sub-022_ses-01_dir-PA_run-03_epi.json	InstitutionalDepartmentName	"""Department"""	REMOVE
sub-022/ses-01/fmap/sub-022_ses-01_dir-PA_run-04_part-phase_epi.json	InstitutionalDepartmentName	"""Department"""	REMOVE
sub-022/ses-01/func/sub-022_ses-01_task-control_run-01_bold.json	InstitutionalDepartmentName	"""Department"""	REMOVE
sub-022/ses-01/func/sub-022_ses-01_task-control_run-01_part-phase_sbref.json	InstitutionalDepartmentName	"""Department"""	REMOVE
sub-022/ses-01/func/sub-022_ses-01_task-control_run-01_sbref.json	InstitutionalDepartmentName	"""Department"""	REMOVE
sub-022/ses-01/func/sub-022_ses-01_task-control_run-02_part-phase_bold.json	InstitutionalDepartmentName	"""Department"""	REMOVE
sub-022/ses-01/func/sub-022_ses-01_task-control_run-02_part-phase_sbref.json	InstitutionalDepartmentName	"""Department"""	REMOVE
sub-022/ses-01/func/sub-022_ses-01_task-control_run-02_sbref.json	InstitutionalDepartmentName	"""Department"""	REMOVE
sub-022/ses-01/func/sub-022_ses-01_task-control_run-03_bold.json	InstitutionalDepartmentName	"""Department"""	REMOVE
sub-022/ses-01/func/sub-022_ses-01_task-control_run-03_part-phase_sbref.json	InstitutionalDepartmentName	"""Department"""	REMOVE
sub-022/ses-01/func/sub-022_ses-01_task-control_run-03_sbref.json	InstitutionalDepartmentName	"""Department"""	REMOVE
sub-022/ses-01/func/sub-022_ses-01_task-control_run-04_part-phase_bold.json	InstitutionalDepartmentName	"""Department"""	REMOVE
sub-022/ses-01/func/sub-022_ses-01_task-control_run-05_bold.json	InstitutionalDepartmentName	"""Department"""	REMOVE
sub-022/ses-01/func/sub-022_ses-01_task-control_run-06_part-phase_bold.json	InstitutionalDepartmentName	"""Department"""	REMOVE
sub-022/ses-01/func/sub-022_ses-01_task-fmri_run-01_bold.json	InstitutionalDepartmentName	"""Department"""	REMOVE
sub-022/ses-01/func/sub-022_ses-01_task-fmri_run-01_part-phase_sbref.json	InstitutionalDepartmentName	"""Department"""	REMOVE
sub-022/ses-01/func/sub-022_ses-01_task-fmri_run-01_sbref.json	InstitutionalDepartmentName	"""Department"""	REMOVE
sub-022/ses-01/func/sub-022_ses-01_task-fmri_run-02_part-phase_bold.json	InstitutionalDepartmentName	"""Department"""	REMOVE
sub-022/ses-01/func/sub-022_ses-01_task-fmri_run-02_part-phase_sbref.json	InstitutionalDepartmentName	"""Department"""	REMOVE
sub-022/ses-01/func/sub-022_ses-01_task-fmri_run-02_sbref.json	InstitutionalDepartmentName	"""Department"""	REMOVE
sub-022/ses-01/func/sub-022_ses-01_task-fmri_run-03_bold.json	InstitutionalDepartmentName	"""Department"""	REMOVE
sub-022/ses-01/func/sub-022_ses-01_task-fmri_run-03_part-phase_sbref.json	InstitutionalDepartmentName	"""Department"""	REMOVE
sub-022/ses-01/func/sub-022_ses-01_task-fmri_run-03_sbref.json	InstitutionalDepartmentName	"""Department"""	REMOVE
sub-022/ses-01/func/sub-022_ses-01_task-fmri_run-04_part-phase_bold.json	InstitutionalDepartmentName	"""Department"""	REMOVE
sub-022/ses-01/func/sub-022_ses-01_task-fmri_run-04_part-phase_sbref.json	InstitutionalDepartmentName	"""Department"""	REMOVE
sub-022/ses-01/func/sub-022_ses-01_task-fmri_run-04_sbref.json	InstitutionalDepartmentName	"""Department"""	REMOVE
sub-022/ses-01/func/sub-022_ses-01_task-fmri_run-05_bold.json	InstitutionalDepartmentName	"""Department"""	REMOVE
sub-022/ses-01/func/sub-022_ses-01_task-fmri_run-06_part-phase_bold.json	InstitutionalDepartmentName	"""Department"""	REMOVE
sub-022/ses-01/func/sub-022_ses-01_task-fmri_run-07_bold.json	InstitutionalDepartmentName	"""Department"""	REMOVE
sub-022/ses-01/func/sub-022_ses-01_task-fmri_run-08_part-phase_bold.json	InstitutionalDepartmentName	"""Department"""	REMOVE
sub-022/ses-01/func/sub-022_ses-01_task-movie_run-01_bold.json	InstitutionalDepartmentName	"""Department"""	REMOVE
sub-022/ses-01/func/sub-022_ses-01_task-movie_run-01_part-phase_sbref.json	InstitutionalDepartmentName	"""Department"""	REMOVE
sub-022/ses-01/func/sub-022_ses-01_task-movie_run-01_sbref.json	InstitutionalDepartmentName	"""Department"""	REMOVE
sub-022/ses-01/func/sub-022_ses-01_task-movie_run-02_part-phase_bold.json	InstitutionalDepartmentName	"""Department"""	REMOVE
sub-022/ses-01/func/sub-022_ses-01_task-movie_run-02_part-phase_sbref.json	InstitutionalDepartmentName	"""Department"""	REMOVE
sub-022/ses-01/func/sub-022_ses-01_task-movie_run-02_sbref.json	InstitutionalDepartmentName	"""Department"""	REMOVE
sub-022/ses-01/func/sub-022_ses-01_task-movie_run-03_bold.json	InstitutionalDepartmentName	"""Department"""	REMOVE
sub-022/ses-01/func/sub-022_ses-01_task-movie_run-03_part-phase_sbref.json	InstitutionalDepartmentName	"""Department"""	REMOVE
sub-022/ses-01/func/sub-022_ses-01_task-movie_run-03_sbref.json	InstitutionalDepartmentName	"""Department"""	REMOVE
sub-022/ses-01/func/sub-022_ses-01_task-movie_run-04_part-phase_bold.json	InstitutionalDepartmentName	"""Department"""	REMOVE
sub-022/ses-01/func/sub-022_ses-01_task-movie_run-04_part-phase_sbref.json	InstitutionalDepartmentName	"""Department"""	REMOVE
sub-022/ses-01/func/sub-022_ses-01_task-movie_run-04_sbref.json	InstitutionalDepartmentName	"""Department"""	REMOVE
sub-022/ses-01/func/sub-022_ses-01_task-movie_run-05_bold.json	InstitutionalDepartmentName	"""Department"""	REMOVE
sub-022/ses-01/func/sub-022_ses-01_task-movie_run-06_part-phase_bold.json	InstitutionalDepartmentName	"""Department"""	REMOVE
sub-022/ses-01/func/sub-022_ses-01_task-movie_run-07_bold.json	InstitutionalDepartmentName	"""Department"""	REMOVE
sub-022/ses-01/func/sub-022_ses-01_task-movie_run-08_part-phase_bold.json	InstitutionalDepartmentName	"""Department"""	REMOVE
sub-022/ses-01/func/sub-022_ses-01_task-rest_run-01_bold.json	InstitutionalDepartmentName	"""Department"""	REMOVE
sub-022/ses-01/func/sub-022_ses-01_task-rest_run-01_part-phase_sbref.json	InstitutionalDepartmentName	"""Department"""	REMOVE
sub-022/ses-01/func/sub-022_ses-01_task-rest_run-01_sbref.json	InstitutionalDepartmentName	"""Department"""	REMOVE
sub-022/ses-01/func/sub-022_ses-01_task-rest_run-02_part-phase_bold.json	InstitutionalDepartmentName	"""Department"""	REMOVE
sub-022/ses-02/anat/sub-022_ses-02_run-01_FLAIR.json	InstitutionalDepartmentName	"""Department"""	REMOVE
sub-022/ses-02/anat/sub-022_ses-02_run-01_T1w.json	InstitutionalDepartmentName	"""Department"""	REMOVE
sub-022/ses-02/anat/sub-022_ses-02_run-01_TB1TFL.json	InstitutionalDepartmentName	"""Department"""	REMOVE
sub-022/ses-02/anat/sub-022_ses-02_run-02_T1w.json	InstitutionalDepartmentName	"""Department"""	REMOVE
sub-022/ses-02/anat/sub-022_ses-02_run-02_TB1TFL.json	InstitutionalDepartmentName	"""Department"""	REMOVE
sub-022/ses-02/anat/sub-022_ses-02_run-03_T1w.json	InstitutionalDepartmentName	"""Department"""	REMOVE
sub-022/ses-02/dwi/sub-022_ses-02_run-01_dwi.json	InstitutionalDepartmentName	"""Department"""	REMOVE
sub-022/ses-02/dwi/sub-022_ses-02_run-02_dwi.json	InstitutionalDepartmentName	"""Department"""	REMOVE
sub-022/ses-02/dwi/sub-022_ses-02_run-05_dwi.json	InstitutionalDepartmentName	"""Department"""	REMOVE
sub-022/ses-02/fmap/sub-022_ses-02_dir-AP_run-01_epi.json	InstitutionalDepartmentName	"""Department"""	REMOVE
sub-022/ses-02/fmap/sub-022_ses-02_dir-AP_run-02_part-phase_epi.json	InstitutionalDepartmentName	"""Department"""	REMOVE
sub-022/ses-02/fmap/sub-022_ses-02_dir-AP_run-03_epi.json	InstitutionalDepartmentName	"""Department"""	REMOVE
sub-022/ses-02/fmap/sub-022_ses-02_dir-AP_run-04_part-phase_epi.json	InstitutionalDepartmentName	"""Department"""	REMOVE
sub-022/ses-02/fmap/sub-022_ses-02_dir-PA_run-01_epi.json	InstitutionalDepartmentName	"""Department"""	REMOVE
sub-022/ses-02/fmap/sub-022_ses-02_dir-PA_run-02_part-phase_epi.json	InstitutionalDepartmentName	"""Department"""	REMOVE
sub-022/ses-02/fmap/sub-022_ses-02_dir-PA_run-03_epi.json	InstitutionalDepartmentName	"""Department"""	REMOVE
sub-022/ses-02/fmap/sub-022_ses-02_dir-PA_run-04_part-phase_epi.json	InstitutionalDepartmentName	"""Department"""	REMOVE
sub-022/ses-02/func/sub-022_ses-02_task-control_run-01_bold.json	InstitutionalDepartmentName	"""Department"""	REMOVE
sub-022/ses-02/func/sub-022_ses-02_task-control_run-01_part-phase_sbref.json	InstitutionalDepartmentName	"""Department"""	REMOVE
sub-022/ses-02/func/sub-022_ses-02_task-control_run-01_sbref.json	InstitutionalDepartmentName	"""Department"""	REMOVE
sub-022/ses-02/func/sub-022_ses-02_task-control_run-02_part-phase_bold.json	InstitutionalDepartmentName	"""Department"""	REMOVE
sub-022/ses-02/func/sub-022_ses-02_task-control_run-02_part-phase_sbref.json	InstitutionalDepartmentName	"""Department"""	REMOVE
sub-022/ses-02/func/sub-022_ses-02_task-control_run-02_sbref.json	InstitutionalDepartmentName	"""Department"""	REMOVE
sub-022/ses-02/func/sub-022_ses-02_task-control_run-03_bold.json	InstitutionalDepartmentName	"""Department"""	REMOVE
sub-022/ses-02/func/sub-022_ses-02_task-control_run-03_part-phase_sbref.json	InstitutionalDepartmentName	"""Department"""	REMOVE
sub-022/ses-02/func/sub-022_ses-02_task-control_run-03_sbref.json	InstitutionalDepartmentName	"""Department"""	REMOVE
sub-022/ses-02/func/sub-022_ses-02_task-control_run-04_part-phase_bold.json	InstitutionalDepartmentName	"""Department"""	REMOVE
sub-022/ses-02/func/sub-022_ses-02_task-control_run-05_bold.json	InstitutionalDepartmentName	"""Department"""	REMOVE
sub-022/ses-02/func/sub-022_ses-02_task-control_run-06_part-phase_bold.json	InstitutionalDepartmentName	"""Department"""	REMOVE
sub-022/ses-02/func/sub-022_ses-02_task-fmri_run-01_bold.json	InstitutionalDepartmentName	"""Department"""	REMOVE
sub-022/ses-02/func/sub-022_ses-02_task-fmri_run-01_part-phase_sbref.json	InstitutionalDepartmentName	"""Department"""	REMOVE
sub-022/ses-02/func/sub-022_ses-02_task-fmri_run-01_sbref.json	InstitutionalDepartmentName	"""Department"""	REMOVE
sub-022/ses-02/func/sub-022_ses-02_task-fmri_run-02_part-phase_bold.json	InstitutionalDepartmentName	"""Department"""	REMOVE
sub-022/ses-02/func/sub-022_ses-02_task-fmri_run-02_part-phase_sbref.json	InstitutionalDepartmentName	"""Department"""	REMOVE
sub-022/ses-02/func/sub-022_ses-02_task-fmri_run-02_sbref.json	InstitutionalDepartmentName	"""Department"""	REMOVE
sub-022/ses-02/func/sub-022_ses-02_task-fmri_run-03_bold.json	InstitutionalDepartmentName	"""Department"""	REMOVE
sub-022/ses-02/func/sub-022_ses-02_task-fmri_run-03_part-phase_sbref.json	InstitutionalDepartmentName	"""Department"""	REMOVE
sub-022/ses-02/func/sub-022_ses-02_task-fmri_run-03_sbref.json	InstitutionalDepartmentName	"""Department"""	REMOVE
sub-022/ses-02/func/sub-022_ses-02_task-fmri_run-04_part-phase_bold.json	InstitutionalDepartmentName	"""Department"""	REMOVE
sub-022/ses-02/func/sub-022_ses-02_task-fmri_run-04_part-phase_sbref.json	InstitutionalDepartmentName	"""Department"""	REMOVE
sub-022/ses-02/func/sub-022_ses-02_task-fmri_run-04_sbref.json	InstitutionalDepartmentName	"""Department"""	REMOVE
sub-022/ses-02/func/sub-022_ses-02_task-fmri_run-05_bold.json	InstitutionalDepartmentName	"""Department"""	REMOVE
sub-022/ses-02/func/sub-022_ses-02_task-fmri_run-06_part-phase_bold.json	InstitutionalDepartmentName	"""Department"""	REMOVE
sub-022/ses-02/func/sub-022_ses-02_task-fmri_run-07_bold.json	InstitutionalDepartmentName	"""Department"""	REMOVE
sub-022/ses-02/func/sub-022_ses-02_task-fmri_run-08_part-phase_bold.json	InstitutionalDepartmentName	"""Department"""	REMOVE
sub-022/ses-02/func/sub-022_ses-02_task-movie_run-01_bold.json	InstitutionalDepartmentName	"""Department"""	REMOVE
sub-022/ses-02/func/sub-022_ses-02_task-movie_run-01_part-phase_sbref.json	InstitutionalDepartmentName	"""Department"""	REMOVE
sub-022/ses-02/func/sub-022_ses-02_task-movie_run-01_sbref.json	InstitutionalDepartmentName	"""Department"""	REMOVE
sub-022/ses-02/func/sub-022_ses-02_task-movie_run-02_part-phase_bold.json	InstitutionalDepartmentName	"""Department"""	REMOVE
sub-022/ses-02/func/sub-022_ses-02_task-movie_run-02_part-phase_sbref.json	InstitutionalDepartmentName	"""Department"""	REMOVE
sub-022/ses-02/func/sub-022_ses-02_task-movie_run-02_sbref.json	InstitutionalDepartmentName	"""Department"""	REMOVE
sub-022/ses-02/func/sub-022_ses-02_task-movie_run-03_bold.json	InstitutionalDepartmentName	"""Department"""	REMOVE
sub-022/ses-02/func/sub-022_ses-02_task-movie_run-03_part-phase_sbref.json	InstitutionalDepartmentName	"""Department"""	REMOVE
sub-022/ses-02/func/sub-022_ses-02_task-movie_run-03_sbref.json	InstitutionalDepartmentName	"""Department"""	REMOVE
sub-022/ses-02/func/sub-022_ses-02_task-movie_run-04_part-phase_bold.json	InstitutionalDepartmentName	"""Department"""	REMOVE
sub-022/ses-02/func/sub-022_ses-02_task-movie_run-04_part-phase_sbref.json	InstitutionalDepartmentName	"""Department"""	REMOVE
sub-022/ses-02/func/sub-022_ses-02_task-movie_run-04_sbref.json	InstitutionalDepartmentName	"""Department"""	REMOVE
sub-022/ses-02/func/sub-022_ses-02_task-movie_run-05_bold.json	InstitutionalDepartmentName	"""Department"""	REMOVE
sub-022/ses-02/func/sub-022_ses-02_task-movie_run-06_part-phase_bold.json	InstitutionalDepartmentName	"""Department"""	REMOVE
sub-022/ses-02/func/sub-022_ses-02_task-movie_run-07_bold.json	InstitutionalDepartmentName	"""Department"""	REMOVE
sub-022/ses-02/func/sub-022_ses-02_task-movie_run-08_part-phase_bold.json	InstitutionalDepartmentName	"""Department"""	REMOVE
sub-022/ses-02/func/sub-022_ses-02_task-rest_run-01_bold.json	InstitutionalDepartmentName	"""Department"""	REMOVE
sub-022/ses-02/func/sub-022_ses-02_task-rest_run-01_part-phase_sbref.json	InstitutionalDepartmentName	"""Department"""	REMOVE
sub-022/ses-02/func/sub-022_ses-02_task-rest_run-01_sbref.json	InstitutionalDepartmentName	"""Department"""	REMOVE
sub-022/ses-02/func/sub-022_ses-02_task-rest_run-02_part-phase_bold.json	InstitutionalDepartmentName	"""Department"""	REMOVE
sub-023/ses-01/anat/sub-023_ses-01_run-01_FLAIR.json	InstitutionalDepartmentName	"""Department"""	REMOVE
sub-023/ses-01/anat/sub-023_ses-01_run-01_T1w.json	InstitutionalDepartmentName	"""Department"""	REMOVE
sub-023/ses-01/anat/sub-023_ses-01_run-01_TB1TFL.json	InstitutionalDepartmentName	"""Department"""	REMOVE
sub-023/ses-01/anat/sub-023_ses-01_run-02_T1w.json	InstitutionalDepartmentName	"""Department"""	REMOVE
sub-023/ses-01/anat/sub-023_ses-01_run-02_TB1TFL.json	InstitutionalDepartmentName	"""Department"""	REMOVE
sub-023/ses-01/anat/sub-023_ses-01_run-03_T1w.json	InstitutionalDepartmentName	"""Department"""	REMOVE
sub-023/ses-01/dwi/sub-023_ses-01_run-01_dwi.json	InstitutionalDepartmentName	"""Department"""	REMOVE
sub-023/ses-01/dwi/sub-023_ses-01_run-02_dwi.json	InstitutionalDepartmentName	"""Department"""	REMOVE
sub-023/ses-01/dwi/sub-023_ses-01_run-05_dwi.json	InstitutionalDepartmentName	"""Department"""	REMOVE
sub-023/ses-01/fmap/sub-023_ses-01_dir-AP_run-01_epi.json	InstitutionalDepartmentName	"""Department"""	REMOVE
sub-023/ses-01/fmap/sub-023_ses-01_dir-AP_run-02_part-phase_epi.json	InstitutionalDepartmentName	"""Department"""	REMOVE
sub-023/ses-01/fmap/sub-023_ses-01_dir-AP_run-03_epi.json	InstitutionalDepartmentName	"""Department"""	REMOVE
sub-023/ses-01/fmap/sub-023_ses-01_dir-AP_run-04_part-phase_epi.json	InstitutionalDepartmentName	"""Department"""	REMOVE
sub-023/ses-01/fmap/sub-023_ses-01_dir-PA_run-01_epi.json	InstitutionalDepartmentName	"""Department"""	REMOVE
sub-023/ses-01/fmap/sub-023_ses-01_dir-PA_run-02_part-phase_epi.json	InstitutionalDepartmentName	"""Department"""	REMOVE
sub-023/ses-01/fmap/sub-023_ses-01_dir-PA_run-03_epi.json	InstitutionalDepartmentName	"""Department"""	REMOVE
sub-023/ses-01/fmap/sub-023_ses-01_dir-PA_run-04_part-phase_epi.json	InstitutionalDepartmentName	"""Department"""	REMOVE
sub-023/ses-01/func/sub-023_ses-01_task-control_run-01_bold.json	InstitutionalDepartmentName	"""Department"""	REMOVE
sub-023/ses-01/func/sub-023_ses-01_task-control_run-01_part-phase_sbref.json	InstitutionalDepartmentName	"""Department"""	REMOVE
sub-023/ses-01/func/sub-023_ses-01_task-control_run-01_sbref.json	InstitutionalDepartmentName	"""Department"""	REMOVE
sub-023/ses-01/func/sub-023_ses-01_task-control_run-02_part-phase_bold.json	InstitutionalDepartmentName	"""Department"""	REMOVE
sub-023/ses-01/func/sub-023_ses-01_task-control_run-02_part-phase_sbref.json	InstitutionalDepartmentName	"""Department"""	REMOVE
sub-023/ses-01/func/sub-023_ses-01_task-control_run-02_sbref.json	InstitutionalDepartmentName	"""Department"""	REMOVE
sub-023/ses-01/func/sub-023_ses-01_task-control_run-03_bold.json	InstitutionalDepartmentName	"""Department"""	REMOVE
sub-023/ses-01/func/sub-023_ses-01_task-control_run-03_part-phase_sbref.json	InstitutionalDepartmentName	"""Department"""	REMOVE
sub-023/ses-01/func/sub-023_ses-01_task-control_run-03_sbref.json	InstitutionalDepartmentName	"""Department"""	REMOVE
sub-023/ses-01/func/sub-023_ses-01_task-control_run-04_part-phase_bold.json	InstitutionalDepartmentName	"""Department"""	REMOVE
sub-023/ses-01/func/sub-023_ses-01_task-control_run-05_bold.json	InstitutionalDepartmentName	"""Department"""	REMOVE
sub-023/ses-01/func/sub-023_ses-01_task-control_run-06_part-phase_bold.json	InstitutionalDepartmentName	"""Department"""	REMOVE
sub-023/ses-01/func/sub-023_ses-01_task-fmri_run-01_bold.json	InstitutionalDepartmentName	"""Department"""	REMOVE
sub-023/ses-01/func/sub-023_ses-01_task-fmri_run-01_part-phase_sbref.json	InstitutionalDepartmentName	"""Department"""	REMOVE
sub-023/ses-01/func/sub-023_ses-01_task-fmri_run-01_sbref.json	InstitutionalDepartmentName	"""Department"""	REMOVE
sub-023/ses-01/func/sub-023_ses-01_task-fmri_run-02_part-phase_bold.json	InstitutionalDepartmentName	"""Department"""	REMOVE
sub-023/ses-01/func/sub-023_ses-01_task-fmri_run-02_part-phase_sbref.json	InstitutionalDepartmentName	"""Department"""	REMOVE
sub-023/ses-01/func/sub-023_ses-01_task-fmri_run-02_sbref.json	InstitutionalDepartmentName	"""Department"""	REMOVE
sub-023/ses-01/func/sub-023_ses-01_task-fmri_run-03_bold.json	InstitutionalDepartmentName	"""Department"""	REMOVE
sub-023/ses-01/func/sub-023_ses-01_task-fmri_run-03_part-phase_sbref.json	InstitutionalDepartmentName	"""Department"""	REMOVE
sub-023/ses-01/func/sub-023_ses-01_task-fmri_run-03_sbref.json	InstitutionalDepartmentName	"""Department"""	REMOVE
sub-023/ses-01/func/sub-023_ses-01_task-fmri_run-04_part-phase_bold.json	InstitutionalDepartmentName	"""Department"""	REMOVE
sub-023/ses-01/func/sub-023_ses-01_task-fmri_run-04_part-phase_sbref.json	InstitutionalDepartmentName	"""Department"""	REMOVE
sub-023/ses-01/func/sub-023_ses-01_task-fmri_run-04_sbref.json	InstitutionalDepartmentName	"""Department"""	REMOVE
sub-023/ses-01/func/sub-023_ses-01_task-fmri_run-05_bold.json	InstitutionalDepartmentName	"""Department"""	REMOVE
sub-023/ses-01/func/sub-023_ses-01_task-fmri_run-05_part-phase_sbref.json	InstitutionalDepartmentName	"""Department"""	REMOVE
sub-023/ses-01/func/sub-023_ses-01_task-fmri_run-05_sbref.json	InstitutionalDepartmentName	"""Department"""	REMOVE
sub-023/ses-01/func/sub-023_ses-01_task-fmri_run-06_part-phase_bold.json	InstitutionalDepartmentName	"""Department"""	REMOVE
sub-023/ses-01/func/sub-023_ses-01_task-fmri_run-07_bold.json	InstitutionalDepartmentName	"""Department"""	REMOVE
sub-023/ses-01/func/sub-023_ses-01_task-fmri_run-08_part-phase_bold.json	InstitutionalDepartmentName	"""Department"""	REMOVE
sub-023/ses-01/func/sub-023_ses-01_task-fmri_run-09_bold.json	InstitutionalDepartmentName	"""Department"""	REMOVE
sub-023/ses-01/func/sub-023_ses-01_task-fmri_run-10_part-phase_bold.json	InstitutionalDepartmentName	"""Department"""	REMOVE
sub-023/ses-01/func/sub-023_ses-01_task-movie_run-01_bold.json	InstitutionalDepartmentName	"""Department"""	REMOVE
sub-023/ses-01/func/sub-023_ses-01_task-movie_run-01_part-phase_sbref.json	InstitutionalDepartmentName	"""Department"""	REMOVE
sub-023/ses-01/func/sub-023_ses-01_task-movie_run-01_sbref.json	InstitutionalDepartmentName	"""Department"""	REMOVE
sub-023/ses-01/func/sub-023_ses-01_task-movie_run-02_part-phase_bold.json	InstitutionalDepartmentName	"""Department"""	REMOVE
sub-023/ses-01/func/sub-023_ses-01_task-movie_run-02_part-phase_sbref.json	InstitutionalDepartmentName	"""Department"""	REMOVE
sub-023/ses-01/func/sub-023_ses-01_task-movie_run-02_sbref.json	InstitutionalDepartmentName	"""Department"""	REMOVE
sub-023/ses-01/func/sub-023_ses-01_task-movie_run-03_bold.json	InstitutionalDepartmentName	"""Department"""	REMOVE
sub-023/ses-01/func/sub-023_ses-01_task-movie_run-03_part-phase_sbref.json	InstitutionalDepartmentName	"""Department"""	REMOVE
sub-023/ses-01/func/sub-023_ses-01_task-movie_run-03_sbref.json	InstitutionalDepartmentName	"""Department"""	REMOVE
sub-023/ses-01/func/sub-023_ses-01_task-movie_run-04_part-phase_bold.json	InstitutionalDepartmentName	"""Department"""	REMOVE
sub-023/ses-01/func/sub-023_ses-01_task-movie_run-04_part-phase_sbref.json	InstitutionalDepartmentName	"""Department"""	REMOVE
sub-023/ses-01/func/sub-023_ses-01_task-movie_run-04_sbref.json	InstitutionalDepartmentName	"""Department"""	REMOVE
sub-023/ses-01/func/sub-023_ses-01_task-movie_run-05_bold.json	InstitutionalDepartmentName	"""Department"""	REMOVE
sub-023/ses-01/func/sub-023_ses-01_task-movie_run-06_part-phase_bold.json	InstitutionalDepartmentName	"""Department"""	REMOVE
sub-023/ses-01/func/sub-023_ses-01_task-movie_run-07_bold.json	InstitutionalDepartmentName	"""Department"""	REMOVE
sub-023/ses-01/func/sub-023_ses-01_task-movie_run-08_part-phase_bold.json	InstitutionalDepartmentName	"""Department"""	REMOVE
sub-023/ses-01/func/sub-023_ses-01_task-rest_run-01_bold.json	InstitutionalDepartmentName	"""Department"""	REMOVE
sub-023/ses-01/func/sub-023_ses-01_task-rest_run-01_part-phase_sbref.json	InstitutionalDepartmentName	"""Department"""	REMOVE
sub-023/ses-01/func/sub-023_ses-01_task-rest_run-01_sbref.json	InstitutionalDepartmentName	"""Department"""	REMOVE
sub-023/ses-01/func/sub-023_ses-01_task-rest_run-02_part-phase_bold.json	InstitutionalDepartmentName	"""Department"""	REMOVE
sub-023/ses-02/anat/sub-023_ses-02_run-01_FLAIR.json	InstitutionalDepartmentName	"""Department"""	REMOVE
sub-023/ses-02/anat/sub-023_ses-02_run-01_T1w.json	InstitutionalDepartmentName	"""Department"""	REMOVE
sub-023/ses-02/anat/sub-023_ses-02_run-01_TB1TFL.json	InstitutionalDepartmentName	"""Department"""	REMOVE
sub-023/ses-02/anat/sub-023_ses-02_run-02_T1w.json	InstitutionalDepartmentName	"""Department"""	REMOVE
sub-023/ses-02/anat/sub-023_ses-02_run-02_TB1TFL.json	InstitutionalDepartmentName	"""Department"""	REMOVE
sub-023/ses-02/anat/sub-023_ses-02_run-03_T1w.json	InstitutionalDepartmentName	"""Department"""	REMOVE
sub-023/ses-02/dwi/sub-023_ses-02_run-01_dwi.json	InstitutionalDepartmentName	"""Department"""	REMOVE
sub-023/ses-02/dwi/sub-023_ses-02_run-02_dwi.json	InstitutionalDepartmentName	"""Department"""	REMOVE
sub-023/ses-02/dwi/sub-023_ses-02_run-05_dwi.json	InstitutionalDepartmentName	"""Department"""	REMOVE
sub-023/ses-02/fmap/sub-023_ses-02_dir-AP_run-01_epi.json	InstitutionalDepartmentName	"""Department"""	REMOVE
sub-023/ses-02/fmap/sub-023_ses-02_dir-AP_run-02_part-phase_epi.json	InstitutionalDepartmentName	"""Department"""	REMOVE
sub-023/ses-02/fmap/sub-023_ses-02_dir-AP_run-03_epi.json	InstitutionalDepartmentName	"""Department"""	REMOVE
sub-023/ses-02/fmap/sub-023_ses-02_dir-AP_run-04_part-phase_epi.json	InstitutionalDepartmentName	"""Department"""	REMOVE
sub-023/ses-02/fmap/sub-023_ses-02_dir-PA_run-01_epi.json	InstitutionalDepartmentName	"""Department"""	REMOVE
sub-023/ses-02/fmap/sub-023_ses-02_dir-PA_run-02_part-phase_epi.json	InstitutionalDepartmentName	"""Department"""	REMOVE
sub-023/ses-02/fmap/sub-023_ses-02_dir-PA_run-03_epi.json	InstitutionalDepartmentName	"""Department"""	REMOVE
sub-023/ses-02/fmap/sub-023_ses-02_dir-PA_run-04_part-phase_epi.json	InstitutionalDepartmentName	"""Department"""	REMOVE
sub-023/ses-02/func/sub-023_ses-02_task-control_run-01_bold.json	InstitutionalDepartmentName	"""Department"""	REMOVE
sub-023/ses-02/func/sub-023_ses-02_task-control_run-01_part-phase_sbref.json	InstitutionalDepartmentName	"""Department"""	REMOVE
sub-023/ses-02/func/sub-023_ses-02_task-control_run-01_sbref.json	InstitutionalDepartmentName	"""Department"""	REMOVE
sub-023/ses-02/func/sub-023_ses-02_task-control_run-02_part-phase_bold.json	InstitutionalDepartmentName	"""Department"""	REMOVE
sub-023/ses-02/func/sub-023_ses-02_task-control_run-02_part-phase_sbref.json	InstitutionalDepartmentName	"""Department"""	REMOVE
sub-023/ses-02/func/sub-023_ses-02_task-control_run-02_sbref.json	InstitutionalDepartmentName	"""Department"""	REMOVE
sub-023/ses-02/func/sub-023_ses-02_task-control_run-03_bold.json	InstitutionalDepartmentName	"""Department"""	REMOVE
sub-023/ses-02/func/sub-023_ses-02_task-control_run-03_part-phase_sbref.json	InstitutionalDepartmentName	"""Department"""	REMOVE
sub-023/ses-02/func/sub-023_ses-02_task-control_run-03_sbref.json	InstitutionalDepartmentName	"""Department"""	REMOVE
sub-023/ses-02/func/sub-023_ses-02_task-control_run-04_part-phase_bold.json	InstitutionalDepartmentName	"""Department"""	REMOVE
sub-023/ses-02/func/sub-023_ses-02_task-control_run-05_bold.json	InstitutionalDepartmentName	"""Department"""	REMOVE
sub-023/ses-02/func/sub-023_ses-02_task-control_run-06_part-phase_bold.json	InstitutionalDepartmentName	"""Department"""	REMOVE
sub-023/ses-02/func/sub-023_ses-02_task-fmri_run-01_bold.json	InstitutionalDepartmentName	"""Department"""	REMOVE
sub-023/ses-02/func/sub-023_ses-02_task-fmri_run-01_part-phase_sbref.json	InstitutionalDepartmentName	"""Department"""	REMOVE
sub-023/ses-02/func/sub-023_ses-02_task-fmri_run-01_sbref.json	InstitutionalDepartmentName	"""Department"""	REMOVE
sub-023/ses-02/func/sub-023_ses-02_task-fmri_run-02_part-phase_bold.json	InstitutionalDepartmentName	"""Department"""	REMOVE
sub-023/ses-02/func/sub-023_ses-02_task-fmri_run-02_part-phase_sbref.json	InstitutionalDepartmentName	"""Department"""	REMOVE
sub-023/ses-02/func/sub-023_ses-02_task-fmri_run-02_sbref.json	InstitutionalDepartmentName	"""Department"""	REMOVE
sub-023/ses-02/func/sub-023_ses-02_task-fmri_run-03_bold.json	InstitutionalDepartmentName	"""Department"""	REMOVE
sub-023/ses-02/func/sub-023_ses-02_task-fmri_run-03_part-phase_sbref.json	InstitutionalDepartmentName	"""Department"""	REMOVE
sub-023/ses-02/func/sub-023_ses-02_task-fmri_run-03_sbref.json	InstitutionalDepartmentName	"""Department"""	REMOVE
sub-023/ses-02/func/sub-023_ses-02_task-fmri_run-04_part-phase_bold.json	InstitutionalDepartmentName	"""Department"""	REMOVE
sub-023/ses-02/func/sub-023_ses-02_task-fmri_run-04_part-phase_sbref.json	InstitutionalDepartmentName	"""Department"""	REMOVE
sub-023/ses-02/func/sub-023_ses-02_task-fmri_run-04_sbref.json	InstitutionalDepartmentName	"""Department"""	REMOVE
sub-023/ses-02/func/sub-023_ses-02_task-fmri_run-05_bold.json	InstitutionalDepartmentName	"""Department"""	REMOVE
sub-023/ses-02/func/sub-023_ses-02_task-fmri_run-06_part-phase_bold.json	InstitutionalDepartmentName	"""Department"""	REMOVE
sub-023/ses-02/func/sub-023_ses-02_task-fmri_run-07_bold.json	InstitutionalDepartmentName	"""Department"""	REMOVE
sub-023/ses-02/func/sub-023_ses-02_task-fmri_run-08_part-phase_bold.json	InstitutionalDepartmentName	"""Department"""	REMOVE
sub-023/ses-02/func/sub-023_ses-02_task-movie_run-01_bold.json	InstitutionalDepartmentName	"""Department"""	REMOVE
sub-023/ses-02/func/sub-023_ses-02_task-movie_run-01_part-phase_sbref.json	InstitutionalDepartmentName	"""Department"""	REMOVE
sub-023/ses-02/func/sub-023_ses-02_task-movie_run-01_sbref.json	InstitutionalDepartmentName	"""Department"""	REMOVE
sub-023/ses-02/func/sub-023_ses-02_task-movie_run-02_part-phase_bold.json	InstitutionalDepartmentName	"""Department"""	REMOVE
sub-023/ses-02/func/sub-023_ses-02_task-movie_run-02_part-phase_sbref.json	InstitutionalDepartmentName	"""Department"""	REMOVE
sub-023/ses-02/func/sub-023_ses-02_task-movie_run-02_sbref.json	InstitutionalDepartmentName	"""Department"""	REMOVE
sub-023/ses-02/func/sub-023_ses-02_task-movie_run-03_bold.json	InstitutionalDepartmentName	"""Department"""	REMOVE
sub-023/ses-02/func/sub-023_ses-02_task-movie_run-03_part-phase_sbref.json	InstitutionalDepartmentName	"""Department"""	REMOVE
sub-023/ses-02/func/sub-023_ses-02_task-movie_run-03_sbref.json	InstitutionalDepartmentName	"""Department"""	REMOVE
sub-023/ses-02/func/sub-023_ses-02_task-movie_run-04_part-phase_bold.json	InstitutionalDepartmentName	"""Department"""	REMOVE
sub-023/ses-02/func/sub-023_ses-02_task-movie_run-04_part-phase_sbref.json	InstitutionalDepartmentName	"""Department"""	REMOVE
sub-023/ses-02/func/sub-023_ses-02_task-movie_run-04_sbref.json	InstitutionalDepartmentName	"""Department"""	REMOVE
sub-023/ses-02/func/sub-023_ses-02_task-movie_run-05_bold.json	InstitutionalDepartmentName	"""Department"""	REMOVE
sub-023/ses-02/func/sub-023_ses-02_task-movie_run-06_part-phase_bold.json	InstitutionalDepartmentName	"""Department"""	REMOVE
sub-023/ses-02/func/sub-023_ses-02_task-movie_run-07_bold.json	InstitutionalDepartmentName	"""Department"""	REMOVE
sub-023/ses-02/func/sub-023_ses-02_task-movie_run-08_part-phase_bold.json	InstitutionalDepartmentName	"""Department"""	REMOVE
sub-023/ses-02/func/sub-023_ses-02_task-rest_run-01_bold.json	InstitutionalDepartmentName	"""Department"""	REMOVE
sub-023/ses-02/func/sub-023_ses-02_task-rest_run-01_part-phase_sbref.json	InstitutionalDepartmentName	"""Department"""	REMOVE
sub-023/ses-02/func/sub-023_ses-02_task-rest_run-01_sbref.json	InstitutionalDepartmentName	"""Department"""	REMOVE
sub-023/ses-02/func/sub-023_ses-02_task-rest_run-02_part-phase_bold.json	InstitutionalDepartmentName	"""Department"""	REMOVE
sub-024/ses-01/anat/sub-024_ses-01_run-01_T1w.json	InstitutionalDepartmentName	"""Department"""	REMOVE
sub-024/ses-01/fmap/sub-024_ses-01_dir-AP_run-01_epi.json	InstitutionalDepartmentName	"""Department"""	REMOVE
sub-024/ses-01/fmap/sub-024_ses-01_dir-AP_run-02_part-phase_epi.json	InstitutionalDepartmentName	"""Department"""	REMOVE
sub-024/ses-01/fmap/sub-024_ses-01_dir-PA_run-01_epi.json	InstitutionalDepartmentName	"""Department"""	REMOVE
sub-024/ses-01/fmap/sub-024_ses-01_dir-PA_run-02_part-phase_epi.json	InstitutionalDepartmentName	"""Department"""	REMOVE
sub-024/ses-01/func/sub-024_ses-01_task-control_run-01_bold.json	InstitutionalDepartmentName	"""Department"""	REMOVE
sub-024/ses-01/func/sub-024_ses-01_task-control_run-01_part-phase_sbref.json	InstitutionalDepartmentName	"""Department"""	REMOVE
sub-024/ses-01/func/sub-024_ses-01_task-control_run-01_sbref.json	InstitutionalDepartmentName	"""Department"""	REMOVE
sub-024/ses-01/func/sub-024_ses-01_task-control_run-02_part-phase_bold.json	InstitutionalDepartmentName	"""Department"""	REMOVE
sub-024/ses-01/func/sub-024_ses-01_task-fmri_run-01_bold.json	InstitutionalDepartmentName	"""Department"""	REMOVE
sub-024/ses-01/func/sub-024_ses-01_task-fmri_run-01_part-phase_sbref.json	InstitutionalDepartmentName	"""Department"""	REMOVE
sub-024/ses-01/func/sub-024_ses-01_task-fmri_run-01_sbref.json	InstitutionalDepartmentName	"""Department"""	REMOVE
sub-024/ses-01/func/sub-024_ses-01_task-fmri_run-02_part-phase_bold.json	InstitutionalDepartmentName	"""Department"""	REMOVE
sub-024/ses-01/func/sub-024_ses-01_task-fmri_run-02_part-phase_sbref.json	InstitutionalDepartmentName	"""Department"""	REMOVE
sub-024/ses-01/func/sub-024_ses-01_task-fmri_run-02_sbref.json	InstitutionalDepartmentName	"""Department"""	REMOVE
sub-024/ses-01/func/sub-024_ses-01_task-fmri_run-03_bold.json	InstitutionalDepartmentName	"""Department"""	REMOVE
sub-024/ses-01/func/sub-024_ses-01_task-fmri_run-03_part-phase_sbref.json	InstitutionalDepartmentName	"""Department"""	REMOVE
sub-024/ses-01/func/sub-024_ses-01_task-fmri_run-03_sbref.json	InstitutionalDepartmentName	"""Department"""	REMOVE
sub-024/ses-01/func/sub-024_ses-01_task-fmri_run-04_part-phase_bold.json	InstitutionalDepartmentName	"""Department"""	REMOVE
sub-024/ses-01/func/sub-024_ses-01_task-fmri_run-05_bold.json	InstitutionalDepartmentName	"""Department"""	REMOVE
sub-024/ses-01/func/sub-024_ses-01_task-fmri_run-06_part-phase_bold.json	InstitutionalDepartmentName	"""Department"""	REMOVE
sub-024/ses-01/func/sub-024_ses-01_task-movie_run-01_bold.json	InstitutionalDepartmentName	"""Department"""	REMOVE
sub-024/ses-01/func/sub-024_ses-01_task-movie_run-01_part-phase_sbref.json	InstitutionalDepartmentName	"""Department"""	REMOVE
sub-024/ses-01/func/sub-024_ses-01_task-movie_run-01_sbref.json	InstitutionalDepartmentName	"""Department"""	REMOVE
sub-024/ses-01/func/sub-024_ses-01_task-movie_run-02_part-phase_bold.json	InstitutionalDepartmentName	"""Department"""	REMOVE
sub-024/ses-01/func/sub-024_ses-01_task-movie_run-02_part-phase_sbref.json	InstitutionalDepartmentName	"""Department"""	REMOVE
sub-024/ses-01/func/sub-024_ses-01_task-movie_run-02_sbref.json	InstitutionalDepartmentName	"""Department"""	REMOVE
sub-024/ses-01/func/sub-024_ses-01_task-movie_run-03_bold.json	InstitutionalDepartmentName	"""Department"""	REMOVE
sub-024/ses-01/func/sub-024_ses-01_task-movie_run-03_part-phase_sbref.json	InstitutionalDepartmentName	"""Department"""	REMOVE
sub-024/ses-01/func/sub-024_ses-01_task-movie_run-03_sbref.json	InstitutionalDepartmentName	"""Department"""	REMOVE
sub-024/ses-01/func/sub-024_ses-01_task-movie_run-04_part-phase_bold.json	InstitutionalDepartmentName	"""Department"""	REMOVE
sub-024/ses-01/func/sub-024_ses-01_task-movie_run-04_part-phase_sbref.json	InstitutionalDepartmentName	"""Department"""	REMOVE
sub-024/ses-01/func/sub-024_ses-01_task-movie_run-04_sbref.json	InstitutionalDepartmentName	"""Department"""	REMOVE
sub-024/ses-01/func/sub-024_ses-01_task-movie_run-05_bold.json	InstitutionalDepartmentName	"""Department"""	REMOVE
sub-024/ses-01/func/sub-024_ses-01_task-movie_run-06_part-phase_bold.json	InstitutionalDepartmentName	"""Department"""	REMOVE
sub-024/ses-01/func/sub-024_ses-01_task-movie_run-07_bold.json	InstitutionalDepartmentName	"""Department"""	REMOVE
sub-024/ses-01/func/sub-024_ses-01_task-movie_run-08_part-phase_bold.json	InstitutionalDepartmentName	"""Department"""	REMOVE
sub-024/ses-01/func/sub-024_ses-01_task-rest_run-01_bold.json	InstitutionalDepartmentName	"""Department"""	REMOVE
sub-024/ses-01/func/sub-024_ses-01_task-rest_run-01_part-phase_sbref.json	InstitutionalDepartmentName	"""Department"""	REMOVE
sub-024/ses-01/func/sub-024_ses-01_task-rest_run-01_sbref.json	InstitutionalDepartmentName	"""Department"""	REMOVE
sub-024/ses-01/func/sub-024_ses-01_task-rest_run-02_part-phase_bold.json	InstitutionalDepartmentName	"""Department"""	REMOVE
sub-024/ses-02/anat/sub-024_ses-02_run-01_FLAIR.json	InstitutionalDepartmentName	"""Department"""	REMOVE
sub-024/ses-02/anat/sub-024_ses-02_run-01_T1w.json	InstitutionalDepartmentName	"""Department"""	REMOVE
sub-024/ses-02/anat/sub-024_ses-02_run-01_TB1TFL.json	InstitutionalDepartmentName	"""Department"""	REMOVE
sub-024/ses-02/anat/sub-024_ses-02_run-02_T1w.json	InstitutionalDepartmentName	"""Department"""	REMOVE
sub-024/ses-02/anat/sub-024_ses-02_run-02_TB1TFL.json	InstitutionalDepartmentName	"""Department"""	REMOVE
sub-024/ses-02/anat/sub-024_ses-02_run-03_T1w.json	InstitutionalDepartmentName	"""Department"""	REMOVE
sub-024/ses-02/dwi/sub-024_ses-02_run-01_dwi.json	InstitutionalDepartmentName	"""Department"""	REMOVE
sub-024/ses-02/dwi/sub-024_ses-02_run-02_dwi.json	InstitutionalDepartmentName	"""Department"""	REMOVE
sub-024/ses-02/dwi/sub-024_ses-02_run-05_dwi.json	InstitutionalDepartmentName	"""Department"""	REMOVE
sub-024/ses-02/fmap/sub-024_ses-02_dir-AP_run-01_epi.json	InstitutionalDepartmentName	"""Department"""	REMOVE
sub-024/ses-02/fmap/sub-024_ses-02_dir-AP_run-02_part-phase_epi.json	InstitutionalDepartmentName	"""Department"""	REMOVE
sub-024/ses-02/fmap/sub-024_ses-02_dir-AP_run-03_epi.json	InstitutionalDepartmentName	"""Department"""	REMOVE
sub-024/ses-02/fmap/sub-024_ses-02_dir-AP_run-04_part-phase_epi.json	InstitutionalDepartmentName	"""Department"""	REMOVE
sub-024/ses-02/fmap/sub-024_ses-02_dir-PA_run-01_epi.json	InstitutionalDepartmentName	"""Department"""	REMOVE
sub-024/ses-02/fmap/sub-024_ses-02_dir-PA_run-02_part-phase_epi.json	InstitutionalDepartmentName	"""Department"""	REMOVE
sub-024/ses-02/fmap/sub-024_ses-02_dir-PA_run-03_epi.json	InstitutionalDepartmentName	"""Department"""	REMOVE
sub-024/ses-02/fmap/sub-024_ses-02_dir-PA_run-04_part-phase_epi.json	InstitutionalDepartmentName	"""Department"""	REMOVE
sub-024/ses-02/func/sub-024_ses-02_task-control_run-01_bold.json	InstitutionalDepartmentName	"""Department"""	REMOVE
sub-024/ses-02/func/sub-024_ses-02_task-control_run-01_part-phase_sbref.json	InstitutionalDepartmentName	"""Department"""	REMOVE
sub-024/ses-02/func/sub-024_ses-02_task-control_run-01_sbref.json	InstitutionalDepartmentName	"""Department"""	REMOVE
sub-024/ses-02/func/sub-024_ses-02_task-control_run-02_part-phase_bold.json	InstitutionalDepartmentName	"""Department"""	REMOVE
sub-024/ses-02/func/sub-024_ses-02_task-control_run-02_part-phase_sbref.json	InstitutionalDepartmentName	"""Department"""	REMOVE
sub-024/ses-02/func/sub-024_ses-02_task-control_run-02_sbref.json	InstitutionalDepartmentName	"""Department"""	REMOVE
sub-024/ses-02/func/sub-024_ses-02_task-control_run-03_bold.json	InstitutionalDepartmentName	"""Department"""	REMOVE
sub-024/ses-02/func/sub-024_ses-02_task-control_run-03_part-phase_sbref.json	InstitutionalDepartmentName	"""Department"""	REMOVE
sub-024/ses-02/func/sub-024_ses-02_task-control_run-03_sbref.json	InstitutionalDepartmentName	"""Department"""	REMOVE
sub-024/ses-02/func/sub-024_ses-02_task-control_run-04_part-phase_bold.json	InstitutionalDepartmentName	"""Department"""	REMOVE
sub-024/ses-02/func/sub-024_ses-02_task-control_run-05_bold.json	InstitutionalDepartmentName	"""Department"""	REMOVE
sub-024/ses-02/func/sub-024_ses-02_task-control_run-06_part-phase_bold.json	InstitutionalDepartmentName	"""Department"""	REMOVE
sub-024/ses-02/func/sub-024_ses-02_task-fmri_run-01_bold.json	InstitutionalDepartmentName	"""Department"""	REMOVE
sub-024/ses-02/func/sub-024_ses-02_task-fmri_run-01_part-phase_sbref.json	InstitutionalDepartmentName	"""Department"""	REMOVE
sub-024/ses-02/func/sub-024_ses-02_task-fmri_run-01_sbref.json	InstitutionalDepartmentName	"""Department"""	REMOVE
sub-024/ses-02/func/sub-024_ses-02_task-fmri_run-02_part-phase_bold.json	InstitutionalDepartmentName	"""Department"""	REMOVE
sub-024/ses-02/func/sub-024_ses-02_task-fmri_run-02_part-phase_sbref.json	InstitutionalDepartmentName	"""Department"""	REMOVE
sub-024/ses-02/func/sub-024_ses-02_task-fmri_run-02_sbref.json	InstitutionalDepartmentName	"""Department"""	REMOVE
sub-024/ses-02/func/sub-024_ses-02_task-fmri_run-03_bold.json	InstitutionalDepartmentName	"""Department"""	REMOVE
sub-024/ses-02/func/sub-024_ses-02_task-fmri_run-03_part-phase_sbref.json	InstitutionalDepartmentName	"""Department"""	REMOVE
sub-024/ses-02/func/sub-024_ses-02_task-fmri_run-03_sbref.json	InstitutionalDepartmentName	"""Department"""	REMOVE
sub-024/ses-02/func/sub-024_ses-02_task-fmri_run-04_part-phase_bold.json	InstitutionalDepartmentName	"""Department"""	REMOVE
sub-024/ses-02/func/sub-024_ses-02_task-fmri_run-04_part-phase_sbref.json	InstitutionalDepartmentName	"""Department"""	REMOVE
sub-024/ses-02/func/sub-024_ses-02_task-fmri_run-04_sbref.json	InstitutionalDepartmentName	"""Department"""	REMOVE
sub-024/ses-02/func/sub-024_ses-02_task-fmri_run-05_bold.json	InstitutionalDepartmentName	"""Department"""	REMOVE
sub-024/ses-02/func/sub-024_ses-02_task-fmri_run-05_part-phase_sbref.json	InstitutionalDepartmentName	"""Department"""	REMOVE
sub-024/ses-02/func/sub-024_ses-02_task-fmri_run-05_sbref.json	InstitutionalDepartmentName	"""Department"""	REMOVE
sub-024/ses-02/func/sub-024_ses-02_task-fmri_run-06_part-phase_bold.json	InstitutionalDepartmentName	"""Department"""	REMOVE
sub-024/ses-02/func/sub-024_ses-02_task-fmri_run-06_part-phase_sbref.json	InstitutionalDepartmentName	"""Department"""	REMOVE
sub-024/ses-02/func/sub-024_ses-02_task-fmri_run-06_sbref.json	InstitutionalDepartmentName	"""Department"""	REMOVE
sub-024/ses-02/func/sub-024_ses-02_task-fmri_run-07_bold.json	InstitutionalDepartmentName	"""Department"""	REMOVE
sub-024/ses-02/func/sub-024_ses-02_task-fmri_run-08_bold.json	InstitutionalDepartmentName	"""Department"""	REMOVE
sub-024/ses-02/func/sub-024_ses-02_task-fmri_run-09_part-phase_bold.json	InstitutionalDepartmentName	"""Department"""	REMOVE
sub-024/ses-02/func/sub-024_ses-02_task-fmri_run-10_part-phase_bold.json	InstitutionalDepartmentName	"""Department"""	REMOVE
sub-024/ses-02/func/sub-024_ses-02_task-fmri_run-11_bold.json	InstitutionalDepartmentName	"""Department"""	REMOVE
sub-024/ses-02/func/sub-024_ses-02_task-fmri_run-12_part-phase_bold.json	InstitutionalDepartmentName	"""Department"""	REMOVE
sub-024/ses-02/func/sub-024_ses-02_task-movie_run-01_bold.json	InstitutionalDepartmentName	"""Department"""	REMOVE
sub-024/ses-02/func/sub-024_ses-02_task-movie_run-01_part-phase_sbref.json	InstitutionalDepartmentName	"""Department"""	REMOVE
sub-024/ses-02/func/sub-024_ses-02_task-movie_run-01_sbref.json	InstitutionalDepartmentName	"""Department"""	REMOVE
sub-024/ses-02/func/sub-024_ses-02_task-movie_run-02_part-phase_bold.json	InstitutionalDepartmentName	"""Department"""	REMOVE
sub-024/ses-02/func/sub-024_ses-02_task-movie_run-02_part-phase_sbref.json	InstitutionalDepartmentName	"""Department"""	REMOVE
sub-024/ses-02/func/sub-024_ses-02_task-movie_run-02_sbref.json	InstitutionalDepartmentName	"""Department"""	REMOVE
sub-024/ses-02/func/sub-024_ses-02_task-movie_run-03_bold.json	InstitutionalDepartmentName	"""Department"""	REMOVE
sub-024/ses-02/func/sub-024_ses-02_task-movie_run-03_part-phase_sbref.json	InstitutionalDepartmentName	"""Department"""	REMOVE
sub-024/ses-02/func/sub-024_ses-02_task-movie_run-03_sbref.json	InstitutionalDepartmentName	"""Department"""	REMOVE
sub-024/ses-02/func/sub-024_ses-02_task-movie_run-04_part-phase_bold.json	InstitutionalDepartmentName	"""Department"""	REMOVE
sub-024/ses-02/func/sub-024_ses-02_task-movie_run-04_part-phase_sbref.json	InstitutionalDepartmentName	"""Department"""	REMOVE
sub-024/ses-02/func/sub-024_ses-02_task-movie_run-04_sbref.json	InstitutionalDepartmentName	"""Department"""	REMOVE
sub-024/ses-02/func/sub-024_ses-02_task-movie_run-05_bold.json	InstitutionalDepartmentName	"""Department"""	REMOVE
sub-024/ses-02/func/sub-024_ses-02_task-movie_run-06_part-phase_bold.json	InstitutionalDepartmentName	"""Department"""	REMOVE
sub-024/ses-02/func/sub-024_ses-02_task-movie_run-07_bold.json	InstitutionalDepartmentName	"""Department"""	REMOVE
sub-024/ses-02/func/sub-024_ses-02_task-movie_run-08_part-phase_bold.json	InstitutionalDepartmentName	"""Department"""	REMOVE
sub-024/ses-02/func/sub-024_ses-02_task-rest_run-01_bold.json	InstitutionalDepartmentName	"""Department"""	REMOVE
sub-024/ses-02/func/sub-024_ses-02_task-rest_run-01_part-phase_sbref.json	InstitutionalDepartmentName	"""Department"""	REMOVE
sub-024/ses-02/func/sub-024_ses-02_task-rest_run-01_sbref.json	InstitutionalDepartmentName	"""Department"""	REMOVE
sub-024/ses-02/func/sub-024_ses-02_task-rest_run-02_part-phase_bold.json	InstitutionalDepartmentName	"""Department"""	REMOVE
sub-025/ses-01/anat/sub-025_ses-01_run-01_FLAIR.json	InstitutionalDepartmentName	"""Department"""	REMOVE
sub-025/ses-01/anat/sub-025_ses-01_run-01_T1w.json	InstitutionalDepartmentName	"""Department"""	REMOVE
sub-025/ses-01/anat/sub-025_ses-01_run-01_TB1TFL.json	InstitutionalDepartmentName	"""Department"""	REMOVE
sub-025/ses-01/anat/sub-025_ses-01_run-02_T1w.json	InstitutionalDepartmentName	"""Department"""	REMOVE
sub-025/ses-01/anat/sub-025_ses-01_run-02_TB1TFL.json	InstitutionalDepartmentName	"""Department"""	REMOVE
sub-025/ses-01/anat/sub-025_ses-01_run-03_T1w.json	InstitutionalDepartmentName	"""Department"""	REMOVE
sub-025/ses-01/dwi/sub-025_ses-01_run-01_dwi.json	InstitutionalDepartmentName	"""Department"""	REMOVE
sub-025/ses-01/dwi/sub-025_ses-01_run-02_dwi.json	InstitutionalDepartmentName	"""Department"""	REMOVE
sub-025/ses-01/dwi/sub-025_ses-01_run-03_dwi.json	InstitutionalDepartmentName	"""Department"""	REMOVE
sub-025/ses-01/dwi/sub-025_ses-01_run-04_dwi.json	InstitutionalDepartmentName	"""Department"""	REMOVE
sub-025/ses-01/dwi/sub-025_ses-01_run-07_dwi.json	InstitutionalDepartmentName	"""Department"""	REMOVE
sub-025/ses-01/fmap/sub-025_ses-01_dir-AP_run-01_epi.json	InstitutionalDepartmentName	"""Department"""	REMOVE
sub-025/ses-01/fmap/sub-025_ses-01_dir-AP_run-02_part-phase_epi.json	InstitutionalDepartmentName	"""Department"""	REMOVE
sub-025/ses-01/fmap/sub-025_ses-01_dir-AP_run-03_epi.json	InstitutionalDepartmentName	"""Department"""	REMOVE
sub-025/ses-01/fmap/sub-025_ses-01_dir-AP_run-04_part-phase_epi.json	InstitutionalDepartmentName	"""Department"""	REMOVE
sub-025/ses-01/fmap/sub-025_ses-01_dir-PA_run-01_epi.json	InstitutionalDepartmentName	"""Department"""	REMOVE
sub-025/ses-01/fmap/sub-025_ses-01_dir-PA_run-02_part-phase_epi.json	InstitutionalDepartmentName	"""Department"""	REMOVE
sub-025/ses-01/fmap/sub-025_ses-01_dir-PA_run-03_epi.json	InstitutionalDepartmentName	"""Department"""	REMOVE
sub-025/ses-01/fmap/sub-025_ses-01_dir-PA_run-04_part-phase_epi.json	InstitutionalDepartmentName	"""Department"""	REMOVE
sub-025/ses-01/func/sub-025_ses-01_task-control_run-01_bold.json	InstitutionalDepartmentName	"""Department"""	REMOVE
sub-025/ses-01/func/sub-025_ses-01_task-control_run-01_part-phase_sbref.json	InstitutionalDepartmentName	"""Department"""	REMOVE
sub-025/ses-01/func/sub-025_ses-01_task-control_run-01_sbref.json	InstitutionalDepartmentName	"""Department"""	REMOVE
sub-025/ses-01/func/sub-025_ses-01_task-control_run-02_part-phase_bold.json	InstitutionalDepartmentName	"""Department"""	REMOVE
sub-025/ses-01/func/sub-025_ses-01_task-control_run-02_part-phase_sbref.json	InstitutionalDepartmentName	"""Department"""	REMOVE
sub-025/ses-01/func/sub-025_ses-01_task-control_run-02_sbref.json	InstitutionalDepartmentName	"""Department"""	REMOVE
sub-025/ses-01/func/sub-025_ses-01_task-control_run-03_bold.json	InstitutionalDepartmentName	"""Department"""	REMOVE
sub-025/ses-01/func/sub-025_ses-01_task-control_run-03_part-phase_sbref.json	InstitutionalDepartmentName	"""Department"""	REMOVE
sub-025/ses-01/func/sub-025_ses-01_task-control_run-03_sbref.json	InstitutionalDepartmentName	"""Department"""	REMOVE
sub-025/ses-01/func/sub-025_ses-01_task-control_run-04_part-phase_bold.json	InstitutionalDepartmentName	"""Department"""	REMOVE
sub-025/ses-01/func/sub-025_ses-01_task-control_run-05_bold.json	InstitutionalDepartmentName	"""Department"""	REMOVE
sub-025/ses-01/func/sub-025_ses-01_task-control_run-06_part-phase_bold.json	InstitutionalDepartmentName	"""Department"""	REMOVE
sub-025/ses-01/func/sub-025_ses-01_task-fmri_run-01_bold.json	InstitutionalDepartmentName	"""Department"""	REMOVE
sub-025/ses-01/func/sub-025_ses-01_task-fmri_run-01_part-phase_sbref.json	InstitutionalDepartmentName	"""Department"""	REMOVE
sub-025/ses-01/func/sub-025_ses-01_task-fmri_run-01_sbref.json	InstitutionalDepartmentName	"""Department"""	REMOVE
sub-025/ses-01/func/sub-025_ses-01_task-fmri_run-02_part-phase_bold.json	InstitutionalDepartmentName	"""Department"""	REMOVE
sub-025/ses-01/func/sub-025_ses-01_task-fmri_run-02_part-phase_sbref.json	InstitutionalDepartmentName	"""Department"""	REMOVE
sub-025/ses-01/func/sub-025_ses-01_task-fmri_run-02_sbref.json	InstitutionalDepartmentName	"""Department"""	REMOVE
sub-025/ses-01/func/sub-025_ses-01_task-fmri_run-03_bold.json	InstitutionalDepartmentName	"""Department"""	REMOVE
sub-025/ses-01/func/sub-025_ses-01_task-fmri_run-03_part-phase_sbref.json	InstitutionalDepartmentName	"""Department"""	REMOVE
sub-025/ses-01/func/sub-025_ses-01_task-fmri_run-03_sbref.json	InstitutionalDepartmentName	"""Department"""	REMOVE
sub-025/ses-01/func/sub-025_ses-01_task-fmri_run-04_part-phase_bold.json	InstitutionalDepartmentName	"""Department"""	REMOVE
sub-025/ses-01/func/sub-025_ses-01_task-fmri_run-04_part-phase_sbref.json	InstitutionalDepartmentName	"""Department"""	REMOVE
sub-025/ses-01/func/sub-025_ses-01_task-fmri_run-04_sbref.json	InstitutionalDepartmentName	"""Department"""	REMOVE
sub-025/ses-01/func/sub-025_ses-01_task-fmri_run-05_bold.json	InstitutionalDepartmentName	"""Department"""	REMOVE
sub-025/ses-01/func/sub-025_ses-01_task-fmri_run-05_part-phase_sbref.json	InstitutionalDepartmentName	"""Department"""	REMOVE
sub-025/ses-01/func/sub-025_ses-01_task-fmri_run-05_sbref.json	InstitutionalDepartmentName	"""Department"""	REMOVE
sub-025/ses-01/func/sub-025_ses-01_task-fmri_run-06_part-phase_bold.json	InstitutionalDepartmentName	"""Department"""	REMOVE
sub-025/ses-01/func/sub-025_ses-01_task-fmri_run-07_bold.json	InstitutionalDepartmentName	"""Department"""	REMOVE
sub-025/ses-01/func/sub-025_ses-01_task-fmri_run-08_part-phase_bold.json	InstitutionalDepartmentName	"""Department"""	REMOVE
sub-025/ses-01/func/sub-025_ses-01_task-fmri_run-09_bold.json	InstitutionalDepartmentName	"""Department"""	REMOVE
sub-025/ses-01/func/sub-025_ses-01_task-fmri_run-10_part-phase_bold.json	InstitutionalDepartmentName	"""Department"""	REMOVE
sub-025/ses-01/func/sub-025_ses-01_task-movie_run-01_bold.json	InstitutionalDepartmentName	"""Department"""	REMOVE
sub-025/ses-01/func/sub-025_ses-01_task-movie_run-01_part-phase_sbref.json	InstitutionalDepartmentName	"""Department"""	REMOVE
sub-025/ses-01/func/sub-025_ses-01_task-movie_run-01_sbref.json	InstitutionalDepartmentName	"""Department"""	REMOVE
sub-025/ses-01/func/sub-025_ses-01_task-movie_run-02_part-phase_bold.json	InstitutionalDepartmentName	"""Department"""	REMOVE
sub-025/ses-01/func/sub-025_ses-01_task-movie_run-02_part-phase_sbref.json	InstitutionalDepartmentName	"""Department"""	REMOVE
sub-025/ses-01/func/sub-025_ses-01_task-movie_run-02_sbref.json	InstitutionalDepartmentName	"""Department"""	REMOVE
sub-025/ses-01/func/sub-025_ses-01_task-movie_run-03_bold.json	InstitutionalDepartmentName	"""Department"""	REMOVE
sub-025/ses-01/func/sub-025_ses-01_task-movie_run-03_part-phase_sbref.json	InstitutionalDepartmentName	"""Department"""	REMOVE
sub-025/ses-01/func/sub-025_ses-01_task-movie_run-03_sbref.json	InstitutionalDepartmentName	"""Department"""	REMOVE
sub-025/ses-01/func/sub-025_ses-01_task-movie_run-04_part-phase_bold.json	InstitutionalDepartmentName	"""Department"""	REMOVE
sub-025/ses-01/func/sub-025_ses-01_task-movie_run-04_part-phase_sbref.json	InstitutionalDepartmentName	"""Department"""	REMOVE
sub-025/ses-01/func/sub-025_ses-01_task-movie_run-04_sbref.json	InstitutionalDepartmentName	"""Department"""	REMOVE
sub-025/ses-01/func/sub-025_ses-01_task-movie_run-05_bold.json	InstitutionalDepartmentName	"""Department"""	REMOVE
sub-025/ses-01/func/sub-025_ses-01_task-movie_run-06_part-phase_bold.json	InstitutionalDepartmentName	"""Department"""	REMOVE
sub-025/ses-01/func/sub-025_ses-01_task-movie_run-07_bold.json	InstitutionalDepartmentName	"""Department"""	REMOVE
sub-025/ses-01/func/sub-025_ses-01_task-movie_run-08_part-phase_bold.json	InstitutionalDepartmentName	"""Department"""	REMOVE
sub-025/ses-01/func/sub-025_ses-01_task-rest_run-01_bold.json	InstitutionalDepartmentName	"""Department"""	REMOVE
sub-025/ses-01/func/sub-025_ses-01_task-rest_run-01_part-phase_sbref.json	InstitutionalDepartmentName	"""Department"""	REMOVE
sub-025/ses-01/func/sub-025_ses-01_task-rest_run-01_sbref.json	InstitutionalDepartmentName	"""Department"""	REMOVE
sub-025/ses-01/func/sub-025_ses-01_task-rest_run-02_part-phase_bold.json	InstitutionalDepartmentName	"""Department"""	REMOVE
sub-025/ses-02/anat/sub-025_ses-02_run-01_FLAIR.json	InstitutionalDepartmentName	"""Department"""	REMOVE
sub-025/ses-02/anat/sub-025_ses-02_run-01_T1w.json	InstitutionalDepartmentName	"""Department"""	REMOVE
sub-025/ses-02/anat/sub-025_ses-02_run-01_TB1TFL.json	InstitutionalDepartmentName	"""Department"""	REMOVE
sub-025/ses-02/anat/sub-025_ses-02_run-02_T1w.json	InstitutionalDepartmentName	"""Department"""	REMOVE
sub-025/ses-02/anat/sub-025_ses-02_run-02_TB1TFL.json	InstitutionalDepartmentName	"""Department"""	REMOVE
sub-025/ses-02/anat/sub-025_ses-02_run-03_T1w.json	InstitutionalDepartmentName	"""Department"""	REMOVE
sub-025/ses-02/dwi/sub-025_ses-02_run-01_dwi.json	InstitutionalDepartmentName	"""Department"""	REMOVE
sub-025/ses-02/dwi/sub-025_ses-02_run-02_dwi.json	InstitutionalDepartmentName	"""Department"""	REMOVE
sub-025/ses-02/dwi/sub-025_ses-02_run-05_dwi.json	InstitutionalDepartmentName	"""Department"""	REMOVE
sub-025/ses-02/fmap/sub-025_ses-02_dir-AP_run-01_epi.json	InstitutionalDepartmentName	"""Department"""	REMOVE
sub-025/ses-02/fmap/sub-025_ses-02_dir-AP_run-02_part-phase_epi.json	InstitutionalDepartmentName	"""Department"""	REMOVE
sub-025/ses-02/fmap/sub-025_ses-02_dir-AP_run-03_epi.json	InstitutionalDepartmentName	"""Department"""	REMOVE
sub-025/ses-02/fmap/sub-025_ses-02_dir-AP_run-04_part-phase_epi.json	InstitutionalDepartmentName	"""Department"""	REMOVE
sub-025/ses-02/fmap/sub-025_ses-02_dir-PA_run-01_epi.json	InstitutionalDepartmentName	"""Department"""	REMOVE
sub-025/ses-02/fmap/sub-025_ses-02_dir-PA_run-02_part-phase_epi.json	InstitutionalDepartmentName	"""Department"""	REMOVE
sub-025/ses-02/fmap/sub-025_ses-02_dir-PA_run-03_epi.json	InstitutionalDepartmentName	"""Department"""	REMOVE
sub-025/ses-02/fmap/sub-025_ses-02_dir-PA_run-04_part-phase_epi.json	InstitutionalDepartmentName	"""Department"""	REMOVE
sub-025/ses-02/func/sub-025_ses-02_task-control_run-01_bold.json	InstitutionalDepartmentName	"""Department"""	REMOVE
sub-025/ses-02/func/sub-025_ses-02_task-control_run-01_part-phase_sbref.json	InstitutionalDepartmentName	"""Department"""	REMOVE
sub-025/ses-02/func/sub-025_ses-02_task-control_run-01_sbref.json	InstitutionalDepartmentName	"""Department"""	REMOVE
sub-025/ses-02/func/sub-025_ses-02_task-control_run-02_part-phase_bold.json	InstitutionalDepartmentName	"""Department"""	REMOVE
sub-025/ses-02/func/sub-025_ses-02_task-control_run-02_part-phase_sbref.json	InstitutionalDepartmentName	"""Department"""	REMOVE
sub-025/ses-02/func/sub-025_ses-02_task-control_run-02_sbref.json	InstitutionalDepartmentName	"""Department"""	REMOVE
sub-025/ses-02/func/sub-025_ses-02_task-control_run-03_bold.json	InstitutionalDepartmentName	"""Department"""	REMOVE
sub-025/ses-02/func/sub-025_ses-02_task-control_run-03_part-phase_sbref.json	InstitutionalDepartmentName	"""Department"""	REMOVE
sub-025/ses-02/func/sub-025_ses-02_task-control_run-03_sbref.json	InstitutionalDepartmentName	"""Department"""	REMOVE
sub-025/ses-02/func/sub-025_ses-02_task-control_run-04_part-phase_bold.json	InstitutionalDepartmentName	"""Department"""	REMOVE
sub-025/ses-02/func/sub-025_ses-02_task-control_run-05_bold.json	InstitutionalDepartmentName	"""Department"""	REMOVE
sub-025/ses-02/func/sub-025_ses-02_task-control_run-06_part-phase_bold.json	InstitutionalDepartmentName	"""Department"""	REMOVE
sub-025/ses-02/func/sub-025_ses-02_task-fmri_run-01_bold.json	InstitutionalDepartmentName	"""Department"""	REMOVE
sub-025/ses-02/func/sub-025_ses-02_task-fmri_run-01_part-phase_sbref.json	InstitutionalDepartmentName	"""Department"""	REMOVE
sub-025/ses-02/func/sub-025_ses-02_task-fmri_run-01_sbref.json	InstitutionalDepartmentName	"""Department"""	REMOVE
sub-025/ses-02/func/sub-025_ses-02_task-fmri_run-02_part-phase_bold.json	InstitutionalDepartmentName	"""Department"""	REMOVE
sub-025/ses-02/func/sub-025_ses-02_task-fmri_run-02_part-phase_sbref.json	InstitutionalDepartmentName	"""Department"""	REMOVE
sub-025/ses-02/func/sub-025_ses-02_task-fmri_run-02_sbref.json	InstitutionalDepartmentName	"""Department"""	REMOVE
sub-025/ses-02/func/sub-025_ses-02_task-fmri_run-03_bold.json	InstitutionalDepartmentName	"""Department"""	REMOVE
sub-025/ses-02/func/sub-025_ses-02_task-fmri_run-03_part-phase_sbref.json	InstitutionalDepartmentName	"""Department"""	REMOVE
sub-025/ses-02/func/sub-025_ses-02_task-fmri_run-03_sbref.json	InstitutionalDepartmentName	"""Department"""	REMOVE
sub-025/ses-02/func/sub-025_ses-02_task-fmri_run-04_part-phase_bold.json	InstitutionalDepartmentName	"""Department"""	REMOVE
sub-025/ses-02/func/sub-025_ses-02_task-fmri_run-04_part-phase_sbref.json	InstitutionalDepartmentName	"""Department"""	REMOVE
sub-025/ses-02/func/sub-025_ses-02_task-fmri_run-04_sbref.json	InstitutionalDepartmentName	"""Department"""	REMOVE
sub-025/ses-02/func/sub-025_ses-02_task-fmri_run-05_bold.json	InstitutionalDepartmentName	"""Department"""	REMOVE
sub-025/ses-02/func/sub-025_ses-02_task-fmri_run-06_part-phase_bold.json	InstitutionalDepartmentName	"""Department"""	REMOVE
sub-025/ses-02/func/sub-025_ses-02_task-fmri_run-07_bold.json	InstitutionalDepartmentName	"""Department"""	REMOVE
sub-025/ses-02/func/sub-025_ses-02_task-fmri_run-08_part-phase_bold.json	InstitutionalDepartmentName	"""Department"""	REMOVE
sub-025/ses-02/func/sub-025_ses-02_task-movie_run-01_bold.json	InstitutionalDepartmentName	"""Department"""	REMOVE
sub-025/ses-02/func/sub-025_ses-02_task-movie_run-01_part-phase_sbref.json	InstitutionalDepartmentName	"""Department"""	REMOVE
sub-025/ses-02/func/sub-025_ses-02_task-movie_run-01_sbref.json	InstitutionalDepartmentName	"""Department"""	REMOVE
sub-025/ses-02/func/sub-025_ses-02_task-movie_run-02_part-phase_bold.json	InstitutionalDepartmentName	"""Department"""	REMOVE
sub-025/ses-02/func/sub-025_ses-02_task-movie_run-02_part-phase_sbref.json	InstitutionalDepartmentName	"""Department"""	REMOVE
sub-025/ses-02/func/sub-025_ses-02_task-movie_run-02_sbref.json	InstitutionalDepartmentName	"""Department"""	REMOVE
sub-025/ses-02/func/sub-025_ses-02_task-movie_run-03_bold.json	InstitutionalDepartmentName	"""Department"""	REMOVE
sub-025/ses-02/func/sub-025_ses-02_task-movie_run-03_part-phase_sbref.json	InstitutionalDepartmentName	"""Department"""	REMOVE
sub-025/ses-02/func/sub-025_ses-02_task-movie_run-03_sbref.json	InstitutionalDepartmentName	"""Department"""	REMOVE
sub-025/ses-02/func/sub-025_ses-02_task-movie_run-04_part-phase_bold.json	InstitutionalDepartmentName	"""Department"""	REMOVE
sub-025/ses-02/func/sub-025_ses-02_task-movie_run-04_part-phase_sbref.json	InstitutionalDepartmentName	"""Department"""	REMOVE
sub-025/ses-02/func/sub-025_ses-02_task-movie_run-04_sbref.json	InstitutionalDepartmentName	"""Department"""	REMOVE
sub-025/ses-02/func/sub-025_ses-02_task-movie_run-05_bold.json	InstitutionalDepartmentName	"""Department"""	REMOVE
sub-025/ses-02/func/sub-025_ses-02_task-movie_run-06_part-phase_bold.json	InstitutionalDepartmentName	"""Department"""	REMOVE
sub-025/ses-02/func/sub-025_ses-02_task-movie_run-07_bold.json	InstitutionalDepartmentName	"""Department"""	REMOVE
sub-025/ses-02/func/sub-025_ses-02_task-movie_run-08_part-phase_bold.json	InstitutionalDepartmentName	"""Department"""	REMOVE
sub-025/ses-02/func/sub-025_ses-02_task-rest_run-01_bold.json	InstitutionalDepartmentName	"""Department"""	REMOVE
sub-025/ses-02/func/sub-025_ses-02_task-rest_run-01_part-phase_sbref.json	InstitutionalDepartmentName	"""Department"""	REMOVE
sub-025/ses-02/func/sub-025_ses-02_task-rest_run-01_sbref.json	InstitutionalDepartmentName	"""Department"""	REMOVE
sub-025/ses-02/func/sub-025_ses-02_task-rest_run-02_part-phase_bold.json	InstitutionalDepartmentName	"""Department"""	REMOVE
sub-026/ses-01/anat/sub-026_ses-01_run-01_FLAIR.json	InstitutionalDepartmentName	"""Department"""	REMOVE
sub-026/ses-01/anat/sub-026_ses-01_run-01_T1w.json	InstitutionalDepartmentName	"""Department"""	REMOVE
sub-026/ses-01/anat/sub-026_ses-01_run-01_TB1TFL.json	InstitutionalDepartmentName	"""Department"""	REMOVE
sub-026/ses-01/anat/sub-026_ses-01_run-02_T1w.json	InstitutionalDepartmentName	"""Department"""	REMOVE
sub-026/ses-01/anat/sub-026_ses-01_run-02_TB1TFL.json	InstitutionalDepartmentName	"""Department"""	REMOVE
sub-026/ses-01/anat/sub-026_ses-01_run-03_T1w.json	InstitutionalDepartmentName	"""Department"""	REMOVE
sub-026/ses-01/dwi/sub-026_ses-01_run-01_dwi.json	InstitutionalDepartmentName	"""Department"""	REMOVE
sub-026/ses-01/dwi/sub-026_ses-01_run-02_dwi.json	InstitutionalDepartmentName	"""Department"""	REMOVE
sub-026/ses-01/dwi/sub-026_ses-01_run-05_dwi.json	InstitutionalDepartmentName	"""Department"""	REMOVE
sub-026/ses-01/fmap/sub-026_ses-01_dir-AP_run-01_epi.json	InstitutionalDepartmentName	"""Department"""	REMOVE
sub-026/ses-01/fmap/sub-026_ses-01_dir-AP_run-02_part-phase_epi.json	InstitutionalDepartmentName	"""Department"""	REMOVE
sub-026/ses-01/fmap/sub-026_ses-01_dir-AP_run-03_epi.json	InstitutionalDepartmentName	"""Department"""	REMOVE
sub-026/ses-01/fmap/sub-026_ses-01_dir-AP_run-04_part-phase_epi.json	InstitutionalDepartmentName	"""Department"""	REMOVE
sub-026/ses-01/fmap/sub-026_ses-01_dir-PA_run-01_epi.json	InstitutionalDepartmentName	"""Department"""	REMOVE
sub-026/ses-01/fmap/sub-026_ses-01_dir-PA_run-02_part-phase_epi.json	InstitutionalDepartmentName	"""Department"""	REMOVE
sub-026/ses-01/fmap/sub-026_ses-01_dir-PA_run-03_epi.json	InstitutionalDepartmentName	"""Department"""	REMOVE
sub-026/ses-01/fmap/sub-026_ses-01_dir-PA_run-04_part-phase_epi.json	InstitutionalDepartmentName	"""Department"""	REMOVE
sub-026/ses-01/func/sub-026_ses-01_task-control_run-01_bold.json	InstitutionalDepartmentName	"""Department"""	REMOVE
sub-026/ses-01/func/sub-026_ses-01_task-control_run-01_part-phase_sbref.json	InstitutionalDepartmentName	"""Department"""	REMOVE
sub-026/ses-01/func/sub-026_ses-01_task-control_run-01_sbref.json	InstitutionalDepartmentName	"""Department"""	REMOVE
sub-026/ses-01/func/sub-026_ses-01_task-control_run-02_part-phase_bold.json	InstitutionalDepartmentName	"""Department"""	REMOVE
sub-026/ses-01/func/sub-026_ses-01_task-control_run-02_part-phase_sbref.json	InstitutionalDepartmentName	"""Department"""	REMOVE
sub-026/ses-01/func/sub-026_ses-01_task-control_run-02_sbref.json	InstitutionalDepartmentName	"""Department"""	REMOVE
sub-026/ses-01/func/sub-026_ses-01_task-control_run-03_bold.json	InstitutionalDepartmentName	"""Department"""	REMOVE
sub-026/ses-01/func/sub-026_ses-01_task-control_run-03_part-phase_sbref.json	InstitutionalDepartmentName	"""Department"""	REMOVE
sub-026/ses-01/func/sub-026_ses-01_task-control_run-03_sbref.json	InstitutionalDepartmentName	"""Department"""	REMOVE
sub-026/ses-01/func/sub-026_ses-01_task-control_run-04_part-phase_bold.json	InstitutionalDepartmentName	"""Department"""	REMOVE
sub-026/ses-01/func/sub-026_ses-01_task-control_run-05_bold.json	InstitutionalDepartmentName	"""Department"""	REMOVE
sub-026/ses-01/func/sub-026_ses-01_task-control_run-06_part-phase_bold.json	InstitutionalDepartmentName	"""Department"""	REMOVE
sub-026/ses-01/func/sub-026_ses-01_task-fmri_run-01_bold.json	InstitutionalDepartmentName	"""Department"""	REMOVE
sub-026/ses-01/func/sub-026_ses-01_task-fmri_run-01_part-phase_sbref.json	InstitutionalDepartmentName	"""Department"""	REMOVE
sub-026/ses-01/func/sub-026_ses-01_task-fmri_run-01_sbref.json	InstitutionalDepartmentName	"""Department"""	REMOVE
sub-026/ses-01/func/sub-026_ses-01_task-fmri_run-02_part-phase_bold.json	InstitutionalDepartmentName	"""Department"""	REMOVE
sub-026/ses-01/func/sub-026_ses-01_task-fmri_run-02_part-phase_sbref.json	InstitutionalDepartmentName	"""Department"""	REMOVE
sub-026/ses-01/func/sub-026_ses-01_task-fmri_run-02_sbref.json	InstitutionalDepartmentName	"""Department"""	REMOVE
sub-026/ses-01/func/sub-026_ses-01_task-fmri_run-03_bold.json	InstitutionalDepartmentName	"""Department"""	REMOVE
sub-026/ses-01/func/sub-026_ses-01_task-fmri_run-03_part-phase_sbref.json	InstitutionalDepartmentName	"""Department"""	REMOVE
sub-026/ses-01/func/sub-026_ses-01_task-fmri_run-03_sbref.json	InstitutionalDepartmentName	"""Department"""	REMOVE
sub-026/ses-01/func/sub-026_ses-01_task-fmri_run-04_part-phase_bold.json	InstitutionalDepartmentName	"""Department"""	REMOVE
sub-026/ses-01/func/sub-026_ses-01_task-fmri_run-04_part-phase_sbref.json	InstitutionalDepartmentName	"""Department"""	REMOVE
sub-026/ses-01/func/sub-026_ses-01_task-fmri_run-04_sbref.json	InstitutionalDepartmentName	"""Department"""	REMOVE
sub-026/ses-01/func/sub-026_ses-01_task-fmri_run-05_bold.json	InstitutionalDepartmentName	"""Department"""	REMOVE
sub-026/ses-01/func/sub-026_ses-01_task-fmri_run-06_part-phase_bold.json	InstitutionalDepartmentName	"""Department"""	REMOVE
sub-026/ses-01/func/sub-026_ses-01_task-fmri_run-07_bold.json	InstitutionalDepartmentName	"""Department"""	REMOVE
sub-026/ses-01/func/sub-026_ses-01_task-fmri_run-08_part-phase_bold.json	InstitutionalDepartmentName	"""Department"""	REMOVE
sub-026/ses-01/func/sub-026_ses-01_task-movie_run-01_bold.json	InstitutionalDepartmentName	"""Department"""	REMOVE
sub-026/ses-01/func/sub-026_ses-01_task-movie_run-01_part-phase_sbref.json	InstitutionalDepartmentName	"""Department"""	REMOVE
sub-026/ses-01/func/sub-026_ses-01_task-movie_run-01_sbref.json	InstitutionalDepartmentName	"""Department"""	REMOVE
sub-026/ses-01/func/sub-026_ses-01_task-movie_run-02_part-phase_bold.json	InstitutionalDepartmentName	"""Department"""	REMOVE
sub-026/ses-01/func/sub-026_ses-01_task-movie_run-02_part-phase_sbref.json	InstitutionalDepartmentName	"""Department"""	REMOVE
sub-026/ses-01/func/sub-026_ses-01_task-movie_run-02_sbref.json	InstitutionalDepartmentName	"""Department"""	REMOVE
sub-026/ses-01/func/sub-026_ses-01_task-movie_run-03_bold.json	InstitutionalDepartmentName	"""Department"""	REMOVE
sub-026/ses-01/func/sub-026_ses-01_task-movie_run-03_part-phase_sbref.json	InstitutionalDepartmentName	"""Department"""	REMOVE
sub-026/ses-01/func/sub-026_ses-01_task-movie_run-03_sbref.json	InstitutionalDepartmentName	"""Department"""	REMOVE
sub-026/ses-01/func/sub-026_ses-01_task-movie_run-04_part-phase_bold.json	InstitutionalDepartmentName	"""Department"""	REMOVE
sub-026/ses-01/func/sub-026_ses-01_task-movie_run-04_part-phase_sbref.json	InstitutionalDepartmentName	"""Department"""	REMOVE
sub-026/ses-01/func/sub-026_ses-01_task-movie_run-04_sbref.json	InstitutionalDepartmentName	"""Department"""	REMOVE
sub-026/ses-01/func/sub-026_ses-01_task-movie_run-05_bold.json	InstitutionalDepartmentName	"""Department"""	REMOVE
sub-026/ses-01/func/sub-026_ses-01_task-movie_run-06_part-phase_bold.json	InstitutionalDepartmentName	"""Department"""	REMOVE
sub-026/ses-01/func/sub-026_ses-01_task-movie_run-07_bold.json	InstitutionalDepartmentName	"""Department"""	REMOVE
sub-026/ses-01/func/sub-026_ses-01_task-movie_run-08_part-phase_bold.json	InstitutionalDepartmentName	"""Department"""	REMOVE
sub-026/ses-01/func/sub-026_ses-01_task-rest_run-01_bold.json	InstitutionalDepartmentName	"""Department"""	REMOVE
sub-026/ses-01/func/sub-026_ses-01_task-rest_run-01_part-phase_sbref.json	InstitutionalDepartmentName	"""Department"""	REMOVE
sub-026/ses-01/func/sub-026_ses-01_task-rest_run-01_sbref.json	InstitutionalDepartmentName	"""Department"""	REMOVE
sub-026/ses-01/func/sub-026_ses-01_task-rest_run-02_part-phase_bold.json	InstitutionalDepartmentName	"""Department"""	REMOVE
sub-026/ses-02/anat/sub-026_ses-02_run-01_FLAIR.json	InstitutionalDepartmentName	"""Department"""	REMOVE
sub-026/ses-02/anat/sub-026_ses-02_run-01_T1w.json	InstitutionalDepartmentName	"""Department"""	REMOVE
sub-026/ses-02/anat/sub-026_ses-02_run-01_TB1TFL.json	InstitutionalDepartmentName	"""Department"""	REMOVE
sub-026/ses-02/anat/sub-026_ses-02_run-02_T1w.json	InstitutionalDepartmentName	"""Department"""	REMOVE
sub-026/ses-02/anat/sub-026_ses-02_run-02_TB1TFL.json	InstitutionalDepartmentName	"""Department"""	REMOVE
sub-026/ses-02/anat/sub-026_ses-02_run-03_T1w.json	InstitutionalDepartmentName	"""Department"""	REMOVE
sub-026/ses-02/dwi/sub-026_ses-02_run-01_dwi.json	InstitutionalDepartmentName	"""Department"""	REMOVE
sub-026/ses-02/dwi/sub-026_ses-02_run-02_dwi.json	InstitutionalDepartmentName	"""Department"""	REMOVE
sub-026/ses-02/dwi/sub-026_ses-02_run-05_dwi.json	InstitutionalDepartmentName	"""Department"""	REMOVE
sub-026/ses-02/fmap/sub-026_ses-02_dir-AP_run-01_epi.json	InstitutionalDepartmentName	"""Department"""	REMOVE
sub-026/ses-02/fmap/sub-026_ses-02_dir-AP_run-02_part-phase_epi.json	InstitutionalDepartmentName	"""Department"""	REMOVE
sub-026/ses-02/fmap/sub-026_ses-02_dir-AP_run-03_epi.json	InstitutionalDepartmentName	"""Department"""	REMOVE
sub-026/ses-02/fmap/sub-026_ses-02_dir-AP_run-04_part-phase_epi.json	InstitutionalDepartmentName	"""Department"""	REMOVE
sub-026/ses-02/fmap/sub-026_ses-02_dir-PA_run-01_epi.json	InstitutionalDepartmentName	"""Department"""	REMOVE
sub-026/ses-02/fmap/sub-026_ses-02_dir-PA_run-02_part-phase_epi.json	InstitutionalDepartmentName	"""Department"""	REMOVE
sub-026/ses-02/fmap/sub-026_ses-02_dir-PA_run-03_epi.json	InstitutionalDepartmentName	"""Department"""	REMOVE
sub-026/ses-02/fmap/sub-026_ses-02_dir-PA_run-04_part-phase_epi.json	InstitutionalDepartmentName	"""Department"""	REMOVE
sub-026/ses-02/func/sub-026_ses-02_task-control_run-01_bold.json	InstitutionalDepartmentName	"""Department"""	REMOVE
sub-026/ses-02/func/sub-026_ses-02_task-control_run-01_part-phase_sbref.json	InstitutionalDepartmentName	"""Department"""	REMOVE
sub-026/ses-02/func/sub-026_ses-02_task-control_run-01_sbref.json	InstitutionalDepartmentName	"""Department"""	REMOVE
sub-026/ses-02/func/sub-026_ses-02_task-control_run-02_part-phase_bold.json	InstitutionalDepartmentName	"""Department"""	REMOVE
sub-026/ses-02/func/sub-026_ses-02_task-control_run-02_part-phase_sbref.json	InstitutionalDepartmentName	"""Department"""	REMOVE
sub-026/ses-02/func/sub-026_ses-02_task-control_run-02_sbref.json	InstitutionalDepartmentName	"""Department"""	REMOVE
sub-026/ses-02/func/sub-026_ses-02_task-control_run-03_bold.json	InstitutionalDepartmentName	"""Department"""	REMOVE
sub-026/ses-02/func/sub-026_ses-02_task-control_run-03_part-phase_sbref.json	InstitutionalDepartmentName	"""Department"""	REMOVE
sub-026/ses-02/func/sub-026_ses-02_task-control_run-03_sbref.json	InstitutionalDepartmentName	"""Department"""	REMOVE
sub-026/ses-02/func/sub-026_ses-02_task-control_run-04_part-phase_bold.json	InstitutionalDepartmentName	"""Department"""	REMOVE
sub-026/ses-02/func/sub-026_ses-02_task-control_run-05_bold.json	InstitutionalDepartmentName	"""Department"""	REMOVE
sub-026/ses-02/func/sub-026_ses-02_task-control_run-06_part-phase_bold.json	InstitutionalDepartmentName	"""Department"""	REMOVE
sub-026/ses-02/func/sub-026_ses-02_task-fmri_run-01_bold.json	InstitutionalDepartmentName	"""Department"""	REMOVE
sub-026/ses-02/func/sub-026_ses-02_task-fmri_run-01_part-phase_sbref.json	InstitutionalDepartmentName	"""Department"""	REMOVE
sub-026/ses-02/func/sub-026_ses-02_task-fmri_run-01_sbref.json	InstitutionalDepartmentName	"""Department"""	REMOVE
sub-026/ses-02/func/sub-026_ses-02_task-fmri_run-02_part-phase_bold.json	InstitutionalDepartmentName	"""Department"""	REMOVE
sub-026/ses-02/func/sub-026_ses-02_task-fmri_run-02_part-phase_sbref.json	InstitutionalDepartmentName	"""Department"""	REMOVE
sub-026/ses-02/func/sub-026_ses-02_task-fmri_run-02_sbref.json	InstitutionalDepartmentName	"""Department"""	REMOVE
sub-026/ses-02/func/sub-026_ses-02_task-fmri_run-03_bold.json	InstitutionalDepartmentName	"""Department"""	REMOVE
sub-026/ses-02/func/sub-026_ses-02_task-fmri_run-03_part-phase_sbref.json	InstitutionalDepartmentName	"""Department"""	REMOVE
sub-026/ses-02/func/sub-026_ses-02_task-fmri_run-03_sbref.json	InstitutionalDepartmentName	"""Department"""	REMOVE
sub-026/ses-02/func/sub-026_ses-02_task-fmri_run-04_part-phase_bold.json	InstitutionalDepartmentName	"""Department"""	REMOVE
sub-026/ses-02/func/sub-026_ses-02_task-fmri_run-04_part-phase_sbref.json	InstitutionalDepartmentName	"""Department"""	REMOVE
sub-026/ses-02/func/sub-026_ses-02_task-fmri_run-04_sbref.json	InstitutionalDepartmentName	"""Department"""	REMOVE
sub-026/ses-02/func/sub-026_ses-02_task-fmri_run-05_bold.json	InstitutionalDepartmentName	"""Department"""	REMOVE
sub-026/ses-02/func/sub-026_ses-02_task-fmri_run-06_part-phase_bold.json	InstitutionalDepartmentName	"""Department"""	REMOVE
sub-026/ses-02/func/sub-026_ses-02_task-fmri_run-07_bold.json	InstitutionalDepartmentName	"""Department"""	REMOVE
sub-026/ses-02/func/sub-026_ses-02_task-fmri_run-08_part-phase_bold.json	InstitutionalDepartmentName	"""Department"""	REMOVE
sub-026/ses-02/func/sub-026_ses-02_task-movie_run-01_bold.json	InstitutionalDepartmentName	"""Department"""	REMOVE
sub-026/ses-02/func/sub-026_ses-02_task-movie_run-01_part-phase_sbref.json	InstitutionalDepartmentName	"""Department"""	REMOVE
sub-026/ses-02/func/sub-026_ses-02_task-movie_run-01_sbref.json	InstitutionalDepartmentName	"""Department"""	REMOVE
sub-026/ses-02/func/sub-026_ses-02_task-movie_run-02_part-phase_bold.json	InstitutionalDepartmentName	"""Department"""	REMOVE
sub-026/ses-02/func/sub-026_ses-02_task-movie_run-02_part-phase_sbref.json	InstitutionalDepartmentName	"""Department"""	REMOVE
sub-026/ses-02/func/sub-026_ses-02_task-movie_run-02_sbref.json	InstitutionalDepartmentName	"""Department"""	REMOVE
sub-026/ses-02/func/sub-026_ses-02_task-movie_run-03_bold.json	InstitutionalDepartmentName	"""Department"""	REMOVE
sub-026/ses-02/func/sub-026_ses-02_task-movie_run-03_part-phase_sbref.json	InstitutionalDepartmentName	"""Department"""	REMOVE
sub-026/ses-02/func/sub-026_ses-02_task-movie_run-03_sbref.json	InstitutionalDepartmentName	"""Department"""	REMOVE
sub-026/ses-02/func/sub-026_ses-02_task-movie_run-04_part-phase_bold.json	InstitutionalDepartmentName	"""Department"""	REMOVE
sub-026/ses-02/func/sub-026_ses-02_task-movie_run-04_part-phase_sbref.json	InstitutionalDepartmentName	"""Department"""	REMOVE
sub-026/ses-02/func/sub-026_ses-02_task-movie_run-04_sbref.json	InstitutionalDepartmentName	"""Department"""	REMOVE
sub-026/ses-02/func/sub-026_ses-02_task-movie_run-05_bold.json	InstitutionalDepartmentName	"""Department"""	REMOVE
sub-026/ses-02/func/sub-026_ses-02_task-movie_run-06_part-phase_bold.json	InstitutionalDepartmentName	"""Department"""	REMOVE
sub-026/ses-02/func/sub-026_ses-02_task-movie_run-07_bold.json	InstitutionalDepartmentName	"""Department"""	REMOVE
sub-026/ses-02/func/sub-026_ses-02_task-movie_run-08_part-phase_bold.json	InstitutionalDepartmentName	"""Department"""	REMOVE
sub-026/ses-02/func/sub-026_ses-02_task-rest_run-01_bold.json	InstitutionalDepartmentName	"""Department"""	REMOVE
sub-026/ses-02/func/sub-026_ses-02_task-rest_run-01_part-phase_sbref.json	InstitutionalDepartmentName	"""Department"""	REMOVE
sub-026/ses-02/func/sub-026_ses-02_task-rest_run-01_sbref.json	InstitutionalDepartmentName	"""Department"""	REMOVE
sub-026/ses-02/func/sub-026_ses-02_task-rest_run-02_part-phase_bold.json	InstitutionalDepartmentName	"""Department"""	REMOVE
sub-027/ses-01/anat/sub-027_ses-01_run-01_FLAIR.json	InstitutionalDepartmentName	"""Department"""	REMOVE
sub-027/ses-01/anat/sub-027_ses-01_run-01_T1w.json	InstitutionalDepartmentName	"""Department"""	REMOVE
sub-027/ses-01/anat/sub-027_ses-01_run-01_TB1TFL.json	InstitutionalDepartmentName	"""Department"""	REMOVE
sub-027/ses-01/anat/sub-027_ses-01_run-02_T1w.json	InstitutionalDepartmentName	"""Department"""	REMOVE
sub-027/ses-01/anat/sub-027_ses-01_run-02_TB1TFL.json	InstitutionalDepartmentName	"""Department"""	REMOVE
sub-027/ses-01/anat/sub-027_ses-01_run-03_T1w.json	InstitutionalDepartmentName	"""Department"""	REMOVE
sub-027/ses-01/dwi/sub-027_ses-01_run-01_dwi.json	InstitutionalDepartmentName	"""Department"""	REMOVE
sub-027/ses-01/dwi/sub-027_ses-01_run-02_dwi.json	InstitutionalDepartmentName	"""Department"""	REMOVE
sub-027/ses-01/dwi/sub-027_ses-01_run-05_dwi.json	InstitutionalDepartmentName	"""Department"""	REMOVE
sub-027/ses-01/fmap/sub-027_ses-01_dir-AP_run-01_epi.json	InstitutionalDepartmentName	"""Department"""	REMOVE
sub-027/ses-01/fmap/sub-027_ses-01_dir-AP_run-02_part-phase_epi.json	InstitutionalDepartmentName	"""Department"""	REMOVE
sub-027/ses-01/fmap/sub-027_ses-01_dir-AP_run-03_epi.json	InstitutionalDepartmentName	"""Department"""	REMOVE
sub-027/ses-01/fmap/sub-027_ses-01_dir-AP_run-04_part-phase_epi.json	InstitutionalDepartmentName	"""Department"""	REMOVE
sub-027/ses-01/fmap/sub-027_ses-01_dir-PA_run-01_epi.json	InstitutionalDepartmentName	"""Department"""	REMOVE
sub-027/ses-01/fmap/sub-027_ses-01_dir-PA_run-02_part-phase_epi.json	InstitutionalDepartmentName	"""Department"""	REMOVE
sub-027/ses-01/fmap/sub-027_ses-01_dir-PA_run-03_epi.json	InstitutionalDepartmentName	"""Department"""	REMOVE
sub-027/ses-01/fmap/sub-027_ses-01_dir-PA_run-04_part-phase_epi.json	InstitutionalDepartmentName	"""Department"""	REMOVE
sub-027/ses-01/func/sub-027_ses-01_task-control_run-01_bold.json	InstitutionalDepartmentName	"""Department"""	REMOVE
sub-027/ses-01/func/sub-027_ses-01_task-control_run-01_part-phase_sbref.json	InstitutionalDepartmentName	"""Department"""	REMOVE
sub-027/ses-01/func/sub-027_ses-01_task-control_run-01_sbref.json	InstitutionalDepartmentName	"""Department"""	REMOVE
sub-027/ses-01/func/sub-027_ses-01_task-control_run-02_part-phase_bold.json	InstitutionalDepartmentName	"""Department"""	REMOVE
sub-027/ses-01/func/sub-027_ses-01_task-control_run-02_part-phase_sbref.json	InstitutionalDepartmentName	"""Department"""	REMOVE
sub-027/ses-01/func/sub-027_ses-01_task-control_run-02_sbref.json	InstitutionalDepartmentName	"""Department"""	REMOVE
sub-027/ses-01/func/sub-027_ses-01_task-control_run-03_bold.json	InstitutionalDepartmentName	"""Department"""	REMOVE
sub-027/ses-01/func/sub-027_ses-01_task-control_run-03_part-phase_sbref.json	InstitutionalDepartmentName	"""Department"""	REMOVE
sub-027/ses-01/func/sub-027_ses-01_task-control_run-03_sbref.json	InstitutionalDepartmentName	"""Department"""	REMOVE
sub-027/ses-01/func/sub-027_ses-01_task-control_run-04_part-phase_bold.json	InstitutionalDepartmentName	"""Department"""	REMOVE
sub-027/ses-01/func/sub-027_ses-01_task-control_run-05_bold.json	InstitutionalDepartmentName	"""Department"""	REMOVE
sub-027/ses-01/func/sub-027_ses-01_task-control_run-06_part-phase_bold.json	InstitutionalDepartmentName	"""Department"""	REMOVE
sub-027/ses-01/func/sub-027_ses-01_task-fmri_run-01_bold.json	InstitutionalDepartmentName	"""Department"""	REMOVE
sub-027/ses-01/func/sub-027_ses-01_task-fmri_run-01_part-phase_sbref.json	InstitutionalDepartmentName	"""Department"""	REMOVE
sub-027/ses-01/func/sub-027_ses-01_task-fmri_run-01_sbref.json	InstitutionalDepartmentName	"""Department"""	REMOVE
sub-027/ses-01/func/sub-027_ses-01_task-fmri_run-02_part-phase_bold.json	InstitutionalDepartmentName	"""Department"""	REMOVE
sub-027/ses-01/func/sub-027_ses-01_task-fmri_run-02_part-phase_sbref.json	InstitutionalDepartmentName	"""Department"""	REMOVE
sub-027/ses-01/func/sub-027_ses-01_task-fmri_run-02_sbref.json	InstitutionalDepartmentName	"""Department"""	REMOVE
sub-027/ses-01/func/sub-027_ses-01_task-fmri_run-03_bold.json	InstitutionalDepartmentName	"""Department"""	REMOVE
sub-027/ses-01/func/sub-027_ses-01_task-fmri_run-03_part-phase_sbref.json	InstitutionalDepartmentName	"""Department"""	REMOVE
sub-027/ses-01/func/sub-027_ses-01_task-fmri_run-03_sbref.json	InstitutionalDepartmentName	"""Department"""	REMOVE
sub-027/ses-01/func/sub-027_ses-01_task-fmri_run-04_part-phase_bold.json	InstitutionalDepartmentName	"""Department"""	REMOVE
sub-027/ses-01/func/sub-027_ses-01_task-fmri_run-04_part-phase_sbref.json	InstitutionalDepartmentName	"""Department"""	REMOVE
sub-027/ses-01/func/sub-027_ses-01_task-fmri_run-04_sbref.json	InstitutionalDepartmentName	"""Department"""	REMOVE
sub-027/ses-01/func/sub-027_ses-01_task-fmri_run-05_bold.json	InstitutionalDepartmentName	"""Department"""	REMOVE
sub-027/ses-01/func/sub-027_ses-01_task-fmri_run-06_part-phase_bold.json	InstitutionalDepartmentName	"""Department"""	REMOVE
sub-027/ses-01/func/sub-027_ses-01_task-fmri_run-07_bold.json	InstitutionalDepartmentName	"""Department"""	REMOVE
sub-027/ses-01/func/sub-027_ses-01_task-fmri_run-08_part-phase_bold.json	InstitutionalDepartmentName	"""Department"""	REMOVE
sub-027/ses-01/func/sub-027_ses-01_task-movie_run-01_bold.json	InstitutionalDepartmentName	"""Department"""	REMOVE
sub-027/ses-01/func/sub-027_ses-01_task-movie_run-01_part-phase_sbref.json	InstitutionalDepartmentName	"""Department"""	REMOVE
sub-027/ses-01/func/sub-027_ses-01_task-movie_run-01_sbref.json	InstitutionalDepartmentName	"""Department"""	REMOVE
sub-027/ses-01/func/sub-027_ses-01_task-movie_run-02_part-phase_bold.json	InstitutionalDepartmentName	"""Department"""	REMOVE
sub-027/ses-01/func/sub-027_ses-01_task-movie_run-02_part-phase_sbref.json	InstitutionalDepartmentName	"""Department"""	REMOVE
sub-027/ses-01/func/sub-027_ses-01_task-movie_run-02_sbref.json	InstitutionalDepartmentName	"""Department"""	REMOVE
sub-027/ses-01/func/sub-027_ses-01_task-movie_run-03_bold.json	InstitutionalDepartmentName	"""Department"""	REMOVE
sub-027/ses-01/func/sub-027_ses-01_task-movie_run-03_part-phase_sbref.json	InstitutionalDepartmentName	"""Department"""	REMOVE
sub-027/ses-01/func/sub-027_ses-01_task-movie_run-03_sbref.json	InstitutionalDepartmentName	"""Department"""	REMOVE
sub-027/ses-01/func/sub-027_ses-01_task-movie_run-04_part-phase_bold.json	InstitutionalDepartmentName	"""Department"""	REMOVE
sub-027/ses-01/func/sub-027_ses-01_task-movie_run-04_part-phase_sbref.json	InstitutionalDepartmentName	"""Department"""	REMOVE
sub-027/ses-01/func/sub-027_ses-01_task-movie_run-04_sbref.json	InstitutionalDepartmentName	"""Department"""	REMOVE
sub-027/ses-01/func/sub-027_ses-01_task-movie_run-05_bold.json	InstitutionalDepartmentName	"""Department"""	REMOVE
sub-027/ses-01/func/sub-027_ses-01_task-movie_run-06_part-phase_bold.json	InstitutionalDepartmentName	"""Department"""	REMOVE
sub-027/ses-01/func/sub-027_ses-01_task-movie_run-07_bold.json	InstitutionalDepartmentName	"""Department"""	REMOVE
sub-027/ses-01/func/sub-027_ses-01_task-movie_run-08_part-phase_bold.json	InstitutionalDepartmentName	"""Department"""	REMOVE
sub-027/ses-01/func/sub-027_ses-01_task-rest_run-01_bold.json	InstitutionalDepartmentName	"""Department"""	REMOVE
sub-027/ses-01/func/sub-027_ses-01_task-rest_run-01_part-phase_sbref.json	InstitutionalDepartmentName	"""Department"""	REMOVE
sub-027/ses-01/func/sub-027_ses-01_task-rest_run-01_sbref.json	InstitutionalDepartmentName	"""Department"""	REMOVE
sub-027/ses-01/func/sub-027_ses-01_task-rest_run-02_part-phase_bold.json	InstitutionalDepartmentName	"""Department"""	REMOVE
sub-027/ses-02/anat/sub-027_ses-02_run-01_FLAIR.json	InstitutionalDepartmentName	"""Department"""	REMOVE
sub-027/ses-02/anat/sub-027_ses-02_run-01_T1w.json	InstitutionalDepartmentName	"""Department"""	REMOVE
sub-027/ses-02/anat/sub-027_ses-02_run-01_TB1TFL.json	InstitutionalDepartmentName	"""Department"""	REMOVE
sub-027/ses-02/anat/sub-027_ses-02_run-02_T1w.json	InstitutionalDepartmentName	"""Department"""	REMOVE
sub-027/ses-02/anat/sub-027_ses-02_run-02_TB1TFL.json	InstitutionalDepartmentName	"""Department"""	REMOVE
sub-027/ses-02/anat/sub-027_ses-02_run-03_T1w.json	InstitutionalDepartmentName	"""Department"""	REMOVE
sub-027/ses-02/dwi/sub-027_ses-02_run-01_dwi.json	InstitutionalDepartmentName	"""Department"""	REMOVE
sub-027/ses-02/dwi/sub-027_ses-02_run-02_dwi.json	InstitutionalDepartmentName	"""Department"""	REMOVE
sub-027/ses-02/dwi/sub-027_ses-02_run-05_dwi.json	InstitutionalDepartmentName	"""Department"""	REMOVE
sub-027/ses-02/fmap/sub-027_ses-02_dir-AP_run-01_epi.json	InstitutionalDepartmentName	"""Department"""	REMOVE
sub-027/ses-02/fmap/sub-027_ses-02_dir-AP_run-02_part-phase_epi.json	InstitutionalDepartmentName	"""Department"""	REMOVE
sub-027/ses-02/fmap/sub-027_ses-02_dir-AP_run-03_epi.json	InstitutionalDepartmentName	"""Department"""	REMOVE
sub-027/ses-02/fmap/sub-027_ses-02_dir-AP_run-04_part-phase_epi.json	InstitutionalDepartmentName	"""Department"""	REMOVE
sub-027/ses-02/fmap/sub-027_ses-02_dir-PA_run-01_epi.json	InstitutionalDepartmentName	"""Department"""	REMOVE
sub-027/ses-02/fmap/sub-027_ses-02_dir-PA_run-02_part-phase_epi.json	InstitutionalDepartmentName	"""Department"""	REMOVE
sub-027/ses-02/fmap/sub-027_ses-02_dir-PA_run-03_epi.json	InstitutionalDepartmentName	"""Department"""	REMOVE
sub-027/ses-02/fmap/sub-027_ses-02_dir-PA_run-04_part-phase_epi.json	InstitutionalDepartmentName	"""Department"""	REMOVE
sub-027/ses-02/func/sub-027_ses-02_task-control_run-01_bold.json	InstitutionalDepartmentName	"""Department"""	REMOVE
sub-027/ses-02/func/sub-027_ses-02_task-control_run-01_part-phase_sbref.json	InstitutionalDepartmentName	"""Department"""	REMOVE
sub-027/ses-02/func/sub-027_ses-02_task-control_run-01_sbref.json	InstitutionalDepartmentName	"""Department"""	REMOVE
sub-027/ses-02/func/sub-027_ses-02_task-control_run-02_part-phase_bold.json	InstitutionalDepartmentName	"""Department"""	REMOVE
sub-027/ses-02/func/sub-027_ses-02_task-control_run-02_part-phase_sbref.json	InstitutionalDepartmentName	"""Department"""	REMOVE
sub-027/ses-02/func/sub-027_ses-02_task-control_run-02_sbref.json	InstitutionalDepartmentName	"""Department"""	REMOVE
sub-027/ses-02/func/sub-027_ses-02_task-control_run-03_bold.json	InstitutionalDepartmentName	"""Department"""	REMOVE
sub-027/ses-02/func/sub-027_ses-02_task-control_run-03_part-phase_sbref.json	InstitutionalDepartmentName	"""Department"""	REMOVE
sub-027/ses-02/func/sub-027_ses-02_task-control_run-03_sbref.json	InstitutionalDepartmentName	"""Department"""	REMOVE
sub-027/ses-02/func/sub-027_ses-02_task-control_run-04_part-phase_bold.json	InstitutionalDepartmentName	"""Department"""	REMOVE
sub-027/ses-02/func/sub-027_ses-02_task-control_run-05_bold.json	InstitutionalDepartmentName	"""Department"""	REMOVE
sub-027/ses-02/func/sub-027_ses-02_task-control_run-06_part-phase_bold.json	InstitutionalDepartmentName	"""Department"""	REMOVE
sub-027/ses-02/func/sub-027_ses-02_task-fmri_run-01_bold.json	InstitutionalDepartmentName	"""Department"""	REMOVE
sub-027/ses-02/func/sub-027_ses-02_task-fmri_run-01_part-phase_sbref.json	InstitutionalDepartmentName	"""Department"""	REMOVE
sub-027/ses-02/func/sub-027_ses-02_task-fmri_run-01_sbref.json	InstitutionalDepartmentName	"""Department"""	REMOVE
sub-027/ses-02/func/sub-027_ses-02_task-fmri_run-02_part-phase_bold.json	InstitutionalDepartmentName	"""Department"""	REMOVE
sub-027/ses-02/func/sub-027_ses-02_task-fmri_run-02_part-phase_sbref.json	InstitutionalDepartmentName	"""Department"""	REMOVE
sub-027/ses-02/func/sub-027_ses-02_task-fmri_run-02_sbref.json	InstitutionalDepartmentName	"""Department"""	REMOVE
sub-027/ses-02/func/sub-027_ses-02_task-fmri_run-03_bold.json	InstitutionalDepartmentName	"""Department"""	REMOVE
sub-027/ses-02/func/sub-027_ses-02_task-fmri_run-03_part-phase_sbref.json	InstitutionalDepartmentName	"""Department"""	REMOVE
sub-027/ses-02/func/sub-027_ses-02_task-fmri_run-03_sbref.json	InstitutionalDepartmentName	"""Department"""	REMOVE
sub-027/ses-02/func/sub-027_ses-02_task-fmri_run-04_part-phase_bold.json	InstitutionalDepartmentName	"""Department"""	REMOVE
sub-027/ses-02/func/sub-027_ses-02_task-fmri_run-04_part-phase_sbref.json	InstitutionalDepartmentName	"""Department"""	REMOVE
sub-027/ses-02/func/sub-027_ses-02_task-fmri_run-04_sbref.json	InstitutionalDepartmentName	"""Department"""	REMOVE
sub-027/ses-02/func/sub-027_ses-02_task-fmri_run-05_bold.json	InstitutionalDepartmentName	"""Department"""	REMOVE
sub-027/ses-02/func/sub-027_ses-02_task-fmri_run-06_part-phase_bold.json	InstitutionalDepartmentName	"""Department"""	REMOVE
sub-027/ses-02/func/sub-027_ses-02_task-fmri_run-07_bold.json	InstitutionalDepartmentName	"""Department"""	REMOVE
sub-027/ses-02/func/sub-027_ses-02_task-fmri_run-08_part-phase_bold.json	InstitutionalDepartmentName	"""Department"""	REMOVE
sub-027/ses-02/func/sub-027_ses-02_task-movie_run-01_bold.json	InstitutionalDepartmentName	"""Department"""	REMOVE
sub-027/ses-02/func/sub-027_ses-02_task-movie_run-01_part-phase_sbref.json	InstitutionalDepartmentName	"""Department"""	REMOVE
sub-027/ses-02/func/sub-027_ses-02_task-movie_run-01_sbref.json	InstitutionalDepartmentName	"""Department"""	REMOVE
sub-027/ses-02/func/sub-027_ses-02_task-movie_run-02_part-phase_bold.json	InstitutionalDepartmentName	"""Department"""	REMOVE
sub-027/ses-02/func/sub-027_ses-02_task-movie_run-02_part-phase_sbref.json	InstitutionalDepartmentName	"""Department"""	REMOVE
sub-027/ses-02/func/sub-027_ses-02_task-movie_run-02_sbref.json	InstitutionalDepartmentName	"""Department"""	REMOVE
sub-027/ses-02/func/sub-027_ses-02_task-movie_run-03_bold.json	InstitutionalDepartmentName	"""Department"""	REMOVE
sub-027/ses-02/func/sub-027_ses-02_task-movie_run-03_part-phase_sbref.json	InstitutionalDepartmentName	"""Department"""	REMOVE
sub-027/ses-02/func/sub-027_ses-02_task-movie_run-03_sbref.json	InstitutionalDepartmentName	"""Department"""	REMOVE
sub-027/ses-02/func/sub-027_ses-02_task-movie_run-04_part-phase_bold.json	InstitutionalDepartmentName	"""Department"""	REMOVE
sub-027/ses-02/func/sub-027_ses-02_task-movie_run-04_part-phase_sbref.json	InstitutionalDepartmentName	"""Department"""	REMOVE
sub-027/ses-02/func/sub-027_ses-02_task-movie_run-04_sbref.json	InstitutionalDepartmentName	"""Department"""	REMOVE
sub-027/ses-02/func/sub-027_ses-02_task-movie_run-05_bold.json	InstitutionalDepartmentName	"""Department"""	REMOVE
sub-027/ses-02/func/sub-027_ses-02_task-movie_run-06_part-phase_bold.json	InstitutionalDepartmentName	"""Department"""	REMOVE
sub-027/ses-02/func/sub-027_ses-02_task-movie_run-07_bold.json	InstitutionalDepartmentName	"""Department"""	REMOVE
sub-027/ses-02/func/sub-027_ses-02_task-movie_run-08_part-phase_bold.json	InstitutionalDepartmentName	"""Department"""	REMOVE
sub-027/ses-02/func/sub-027_ses-02_task-rest_run-01_bold.json	InstitutionalDepartmentName	"""Department"""	REMOVE
sub-027/ses-02/func/sub-027_ses-02_task-rest_run-01_part-phase_sbref.json	InstitutionalDepartmentName	"""Department"""	REMOVE
sub-027/ses-02/func/sub-027_ses-02_task-rest_run-01_sbref.json	InstitutionalDepartmentName	"""Department"""	REMOVE
sub-027/ses-02/func/sub-027_ses-02_task-rest_run-02_part-phase_bold.json	InstitutionalDepartmentName	"""Department"""	REMOVE
sub-028/ses-01/anat/sub-028_ses-01_run-01_FLAIR.json	InstitutionalDepartmentName	"""Department"""	REMOVE
sub-028/ses-01/anat/sub-028_ses-01_run-01_T1w.json	InstitutionalDepartmentName	"""Department"""	REMOVE
sub-028/ses-01/anat/sub-028_ses-01_run-01_TB1TFL.json	InstitutionalDepartmentName	"""Department"""	REMOVE
sub-028/ses-01/anat/sub-028_ses-01_run-02_T1w.json	InstitutionalDepartmentName	"""Department"""	REMOVE
sub-028/ses-01/anat/sub-028_ses-01_run-02_TB1TFL.json	InstitutionalDepartmentName	"""Department"""	REMOVE
sub-028/ses-01/anat/sub-028_ses-01_run-03_T1w.json	InstitutionalDepartmentName	"""Department"""	REMOVE
sub-028/ses-01/dwi/sub-028_ses-01_run-01_dwi.json	InstitutionalDepartmentName	"""Department"""	REMOVE
sub-028/ses-01/dwi/sub-028_ses-01_run-02_dwi.json	InstitutionalDepartmentName	"""Department"""	REMOVE
sub-028/ses-01/dwi/sub-028_ses-01_run-05_dwi.json	InstitutionalDepartmentName	"""Department"""	REMOVE
sub-028/ses-01/fmap/sub-028_ses-01_dir-AP_run-01_epi.json	InstitutionalDepartmentName	"""Department"""	REMOVE
sub-028/ses-01/fmap/sub-028_ses-01_dir-AP_run-02_part-phase_epi.json	InstitutionalDepartmentName	"""Department"""	REMOVE
sub-028/ses-01/fmap/sub-028_ses-01_dir-AP_run-03_epi.json	InstitutionalDepartmentName	"""Department"""	REMOVE
sub-028/ses-01/fmap/sub-028_ses-01_dir-AP_run-04_part-phase_epi.json	InstitutionalDepartmentName	"""Department"""	REMOVE
sub-028/ses-01/fmap/sub-028_ses-01_dir-PA_run-01_epi.json	InstitutionalDepartmentName	"""Department"""	REMOVE
sub-028/ses-01/fmap/sub-028_ses-01_dir-PA_run-02_part-phase_epi.json	InstitutionalDepartmentName	"""Department"""	REMOVE
sub-028/ses-01/fmap/sub-028_ses-01_dir-PA_run-03_epi.json	InstitutionalDepartmentName	"""Department"""	REMOVE
sub-028/ses-01/fmap/sub-028_ses-01_dir-PA_run-04_part-phase_epi.json	InstitutionalDepartmentName	"""Department"""	REMOVE
sub-028/ses-01/func/sub-028_ses-01_task-control_run-01_bold.json	InstitutionalDepartmentName	"""Department"""	REMOVE
sub-028/ses-01/func/sub-028_ses-01_task-control_run-01_part-phase_sbref.json	InstitutionalDepartmentName	"""Department"""	REMOVE
sub-028/ses-01/func/sub-028_ses-01_task-control_run-01_sbref.json	InstitutionalDepartmentName	"""Department"""	REMOVE
sub-028/ses-01/func/sub-028_ses-01_task-control_run-02_part-phase_bold.json	InstitutionalDepartmentName	"""Department"""	REMOVE
sub-028/ses-01/func/sub-028_ses-01_task-control_run-02_part-phase_sbref.json	InstitutionalDepartmentName	"""Department"""	REMOVE
sub-028/ses-01/func/sub-028_ses-01_task-control_run-02_sbref.json	InstitutionalDepartmentName	"""Department"""	REMOVE
sub-028/ses-01/func/sub-028_ses-01_task-control_run-03_bold.json	InstitutionalDepartmentName	"""Department"""	REMOVE
sub-028/ses-01/func/sub-028_ses-01_task-control_run-03_part-phase_sbref.json	InstitutionalDepartmentName	"""Department"""	REMOVE
sub-028/ses-01/func/sub-028_ses-01_task-control_run-03_sbref.json	InstitutionalDepartmentName	"""Department"""	REMOVE
sub-028/ses-01/func/sub-028_ses-01_task-control_run-04_part-phase_bold.json	InstitutionalDepartmentName	"""Department"""	REMOVE
sub-028/ses-01/func/sub-028_ses-01_task-control_run-05_bold.json	InstitutionalDepartmentName	"""Department"""	REMOVE
sub-028/ses-01/func/sub-028_ses-01_task-control_run-06_part-phase_bold.json	InstitutionalDepartmentName	"""Department"""	REMOVE
sub-028/ses-01/func/sub-028_ses-01_task-fmri_run-01_bold.json	InstitutionalDepartmentName	"""Department"""	REMOVE
sub-028/ses-01/func/sub-028_ses-01_task-fmri_run-01_part-phase_sbref.json	InstitutionalDepartmentName	"""Department"""	REMOVE
sub-028/ses-01/func/sub-028_ses-01_task-fmri_run-01_sbref.json	InstitutionalDepartmentName	"""Department"""	REMOVE
sub-028/ses-01/func/sub-028_ses-01_task-fmri_run-02_part-phase_bold.json	InstitutionalDepartmentName	"""Department"""	REMOVE
sub-028/ses-01/func/sub-028_ses-01_task-fmri_run-02_part-phase_sbref.json	InstitutionalDepartmentName	"""Department"""	REMOVE
sub-028/ses-01/func/sub-028_ses-01_task-fmri_run-02_sbref.json	InstitutionalDepartmentName	"""Department"""	REMOVE
sub-028/ses-01/func/sub-028_ses-01_task-fmri_run-03_bold.json	InstitutionalDepartmentName	"""Department"""	REMOVE
sub-028/ses-01/func/sub-028_ses-01_task-fmri_run-03_part-phase_sbref.json	InstitutionalDepartmentName	"""Department"""	REMOVE
sub-028/ses-01/func/sub-028_ses-01_task-fmri_run-03_sbref.json	InstitutionalDepartmentName	"""Department"""	REMOVE
sub-028/ses-01/func/sub-028_ses-01_task-fmri_run-04_part-phase_bold.json	InstitutionalDepartmentName	"""Department"""	REMOVE
sub-028/ses-01/func/sub-028_ses-01_task-fmri_run-04_part-phase_sbref.json	InstitutionalDepartmentName	"""Department"""	REMOVE
sub-028/ses-01/func/sub-028_ses-01_task-fmri_run-04_sbref.json	InstitutionalDepartmentName	"""Department"""	REMOVE
sub-028/ses-01/func/sub-028_ses-01_task-fmri_run-05_bold.json	InstitutionalDepartmentName	"""Department"""	REMOVE
sub-028/ses-01/func/sub-028_ses-01_task-fmri_run-06_part-phase_bold.json	InstitutionalDepartmentName	"""Department"""	REMOVE
sub-028/ses-01/func/sub-028_ses-01_task-fmri_run-07_bold.json	InstitutionalDepartmentName	"""Department"""	REMOVE
sub-028/ses-01/func/sub-028_ses-01_task-fmri_run-08_part-phase_bold.json	InstitutionalDepartmentName	"""Department"""	REMOVE
sub-028/ses-01/func/sub-028_ses-01_task-movie_run-01_bold.json	InstitutionalDepartmentName	"""Department"""	REMOVE
sub-028/ses-01/func/sub-028_ses-01_task-movie_run-01_part-phase_sbref.json	InstitutionalDepartmentName	"""Department"""	REMOVE
sub-028/ses-01/func/sub-028_ses-01_task-movie_run-01_sbref.json	InstitutionalDepartmentName	"""Department"""	REMOVE
sub-028/ses-01/func/sub-028_ses-01_task-movie_run-02_part-phase_bold.json	InstitutionalDepartmentName	"""Department"""	REMOVE
sub-028/ses-01/func/sub-028_ses-01_task-movie_run-02_part-phase_sbref.json	InstitutionalDepartmentName	"""Department"""	REMOVE
sub-028/ses-01/func/sub-028_ses-01_task-movie_run-02_sbref.json	InstitutionalDepartmentName	"""Department"""	REMOVE
sub-028/ses-01/func/sub-028_ses-01_task-movie_run-03_bold.json	InstitutionalDepartmentName	"""Department"""	REMOVE
sub-028/ses-01/func/sub-028_ses-01_task-movie_run-03_part-phase_sbref.json	InstitutionalDepartmentName	"""Department"""	REMOVE
sub-028/ses-01/func/sub-028_ses-01_task-movie_run-03_sbref.json	InstitutionalDepartmentName	"""Department"""	REMOVE
sub-028/ses-01/func/sub-028_ses-01_task-movie_run-04_part-phase_bold.json	InstitutionalDepartmentName	"""Department"""	REMOVE
sub-028/ses-01/func/sub-028_ses-01_task-movie_run-04_part-phase_sbref.json	InstitutionalDepartmentName	"""Department"""	REMOVE
sub-028/ses-01/func/sub-028_ses-01_task-movie_run-04_sbref.json	InstitutionalDepartmentName	"""Department"""	REMOVE
sub-028/ses-01/func/sub-028_ses-01_task-movie_run-05_bold.json	InstitutionalDepartmentName	"""Department"""	REMOVE
sub-028/ses-01/func/sub-028_ses-01_task-movie_run-06_part-phase_bold.json	InstitutionalDepartmentName	"""Department"""	REMOVE
sub-028/ses-01/func/sub-028_ses-01_task-movie_run-07_bold.json	InstitutionalDepartmentName	"""Department"""	REMOVE
sub-028/ses-01/func/sub-028_ses-01_task-movie_run-08_part-phase_bold.json	InstitutionalDepartmentName	"""Department"""	REMOVE
sub-028/ses-01/func/sub-028_ses-01_task-rest_run-01_bold.json	InstitutionalDepartmentName	"""Department"""	REMOVE
sub-028/ses-01/func/sub-028_ses-01_task-rest_run-01_part-phase_sbref.json	InstitutionalDepartmentName	"""Department"""	REMOVE
sub-028/ses-01/func/sub-028_ses-01_task-rest_run-01_sbref.json	InstitutionalDepartmentName	"""Department"""	REMOVE
sub-028/ses-01/func/sub-028_ses-01_task-rest_run-02_part-phase_bold.json	InstitutionalDepartmentName	"""Department"""	REMOVE
sub-028/ses-02/anat/sub-028_ses-02_run-01_FLAIR.json	InstitutionalDepartmentName	"""Department"""	REMOVE
sub-028/ses-02/anat/sub-028_ses-02_run-01_T1w.json	InstitutionalDepartmentName	"""Department"""	REMOVE
sub-028/ses-02/anat/sub-028_ses-02_run-01_TB1TFL.json	InstitutionalDepartmentName	"""Department"""	REMOVE
sub-028/ses-02/anat/sub-028_ses-02_run-02_T1w.json	InstitutionalDepartmentName	"""Department"""	REMOVE
sub-028/ses-02/anat/sub-028_ses-02_run-02_TB1TFL.json	InstitutionalDepartmentName	"""Department"""	REMOVE
sub-028/ses-02/anat/sub-028_ses-02_run-03_T1w.json	InstitutionalDepartmentName	"""Department"""	REMOVE
sub-028/ses-02/dwi/sub-028_ses-02_run-01_dwi.json	InstitutionalDepartmentName	"""Department"""	REMOVE
sub-028/ses-02/dwi/sub-028_ses-02_run-02_dwi.json	InstitutionalDepartmentName	"""Department"""	REMOVE
sub-028/ses-02/dwi/sub-028_ses-02_run-05_dwi.json	InstitutionalDepartmentName	"""Department"""	REMOVE
sub-028/ses-02/fmap/sub-028_ses-02_dir-AP_run-01_epi.json	InstitutionalDepartmentName	"""Department"""	REMOVE
sub-028/ses-02/fmap/sub-028_ses-02_dir-AP_run-02_part-phase_epi.json	InstitutionalDepartmentName	"""Department"""	REMOVE
sub-028/ses-02/fmap/sub-028_ses-02_dir-AP_run-03_epi.json	InstitutionalDepartmentName	"""Department"""	REMOVE
sub-028/ses-02/fmap/sub-028_ses-02_dir-AP_run-04_part-phase_epi.json	InstitutionalDepartmentName	"""Department"""	REMOVE
sub-028/ses-02/fmap/sub-028_ses-02_dir-PA_run-01_epi.json	InstitutionalDepartmentName	"""Department"""	REMOVE
sub-028/ses-02/fmap/sub-028_ses-02_dir-PA_run-02_part-phase_epi.json	InstitutionalDepartmentName	"""Department"""	REMOVE
sub-028/ses-02/fmap/sub-028_ses-02_dir-PA_run-03_epi.json	InstitutionalDepartmentName	"""Department"""	REMOVE
sub-028/ses-02/fmap/sub-028_ses-02_dir-PA_run-04_part-phase_epi.json	InstitutionalDepartmentName	"""Department"""	REMOVE
sub-028/ses-02/func/sub-028_ses-02_task-control_run-01_bold.json	InstitutionalDepartmentName	"""Department"""	REMOVE
sub-028/ses-02/func/sub-028_ses-02_task-control_run-01_part-phase_sbref.json	InstitutionalDepartmentName	"""Department"""	REMOVE
sub-028/ses-02/func/sub-028_ses-02_task-control_run-01_sbref.json	InstitutionalDepartmentName	"""Department"""	REMOVE
sub-028/ses-02/func/sub-028_ses-02_task-control_run-02_part-phase_bold.json	InstitutionalDepartmentName	"""Department"""	REMOVE
sub-028/ses-02/func/sub-028_ses-02_task-control_run-02_part-phase_sbref.json	InstitutionalDepartmentName	"""Department"""	REMOVE
sub-028/ses-02/func/sub-028_ses-02_task-control_run-02_sbref.json	InstitutionalDepartmentName	"""Department"""	REMOVE
sub-028/ses-02/func/sub-028_ses-02_task-control_run-03_bold.json	InstitutionalDepartmentName	"""Department"""	REMOVE
sub-028/ses-02/func/sub-028_ses-02_task-control_run-03_part-phase_sbref.json	InstitutionalDepartmentName	"""Department"""	REMOVE
sub-028/ses-02/func/sub-028_ses-02_task-control_run-03_sbref.json	InstitutionalDepartmentName	"""Department"""	REMOVE
sub-028/ses-02/func/sub-028_ses-02_task-control_run-04_part-phase_bold.json	InstitutionalDepartmentName	"""Department"""	REMOVE
sub-028/ses-02/func/sub-028_ses-02_task-control_run-05_bold.json	InstitutionalDepartmentName	"""Department"""	REMOVE
sub-028/ses-02/func/sub-028_ses-02_task-control_run-06_part-phase_bold.json	InstitutionalDepartmentName	"""Department"""	REMOVE
sub-028/ses-02/func/sub-028_ses-02_task-fmri_run-01_part-phase_bold.json	InstitutionalDepartmentName	"""Department"""	REMOVE
sub-028/ses-02/func/sub-028_ses-02_task-fmri_run-01_part-phase_sbref.json	InstitutionalDepartmentName	"""Department"""	REMOVE
sub-028/ses-02/func/sub-028_ses-02_task-fmri_run-01_sbref.json	InstitutionalDepartmentName	"""Department"""	REMOVE
sub-028/ses-02/func/sub-028_ses-02_task-fmri_run-02_bold.json	InstitutionalDepartmentName	"""Department"""	REMOVE
sub-028/ses-02/func/sub-028_ses-02_task-fmri_run-02_part-phase_sbref.json	InstitutionalDepartmentName	"""Department"""	REMOVE
sub-028/ses-02/func/sub-028_ses-02_task-fmri_run-02_sbref.json	InstitutionalDepartmentName	"""Department"""	REMOVE
sub-028/ses-02/func/sub-028_ses-02_task-fmri_run-03_part-phase_bold.json	InstitutionalDepartmentName	"""Department"""	REMOVE
sub-028/ses-02/func/sub-028_ses-02_task-fmri_run-03_part-phase_sbref.json	InstitutionalDepartmentName	"""Department"""	REMOVE
sub-028/ses-02/func/sub-028_ses-02_task-fmri_run-03_sbref.json	InstitutionalDepartmentName	"""Department"""	REMOVE
sub-028/ses-02/func/sub-028_ses-02_task-fmri_run-04_bold.json	InstitutionalDepartmentName	"""Department"""	REMOVE
sub-028/ses-02/func/sub-028_ses-02_task-fmri_run-04_part-phase_sbref.json	InstitutionalDepartmentName	"""Department"""	REMOVE
sub-028/ses-02/func/sub-028_ses-02_task-fmri_run-04_sbref.json	InstitutionalDepartmentName	"""Department"""	REMOVE
sub-028/ses-02/func/sub-028_ses-02_task-fmri_run-05_part-phase_bold.json	InstitutionalDepartmentName	"""Department"""	REMOVE
sub-028/ses-02/func/sub-028_ses-02_task-fmri_run-06_bold.json	InstitutionalDepartmentName	"""Department"""	REMOVE
sub-028/ses-02/func/sub-028_ses-02_task-fmri_run-07_part-phase_bold.json	InstitutionalDepartmentName	"""Department"""	REMOVE
sub-028/ses-02/func/sub-028_ses-02_task-fmri_run-08_bold.json	InstitutionalDepartmentName	"""Department"""	REMOVE
sub-028/ses-02/func/sub-028_ses-02_task-movie_run-01_bold.json	InstitutionalDepartmentName	"""Department"""	REMOVE
sub-028/ses-02/func/sub-028_ses-02_task-movie_run-01_part-phase_sbref.json	InstitutionalDepartmentName	"""Department"""	REMOVE
sub-028/ses-02/func/sub-028_ses-02_task-movie_run-01_sbref.json	InstitutionalDepartmentName	"""Department"""	REMOVE
sub-028/ses-02/func/sub-028_ses-02_task-movie_run-02_part-phase_bold.json	InstitutionalDepartmentName	"""Department"""	REMOVE
sub-028/ses-02/func/sub-028_ses-02_task-movie_run-02_part-phase_sbref.json	InstitutionalDepartmentName	"""Department"""	REMOVE
sub-028/ses-02/func/sub-028_ses-02_task-movie_run-02_sbref.json	InstitutionalDepartmentName	"""Department"""	REMOVE
sub-028/ses-02/func/sub-028_ses-02_task-movie_run-03_bold.json	InstitutionalDepartmentName	"""Department"""	REMOVE
sub-028/ses-02/func/sub-028_ses-02_task-movie_run-03_part-phase_sbref.json	InstitutionalDepartmentName	"""Department"""	REMOVE
sub-028/ses-02/func/sub-028_ses-02_task-movie_run-03_sbref.json	InstitutionalDepartmentName	"""Department"""	REMOVE
sub-028/ses-02/func/sub-028_ses-02_task-movie_run-04_part-phase_bold.json	InstitutionalDepartmentName	"""Department"""	REMOVE
sub-028/ses-02/func/sub-028_ses-02_task-movie_run-04_part-phase_sbref.json	InstitutionalDepartmentName	"""Department"""	REMOVE
sub-028/ses-02/func/sub-028_ses-02_task-movie_run-04_sbref.json	InstitutionalDepartmentName	"""Department"""	REMOVE
sub-028/ses-02/func/sub-028_ses-02_task-movie_run-05_bold.json	InstitutionalDepartmentName	"""Department"""	REMOVE
sub-028/ses-02/func/sub-028_ses-02_task-movie_run-06_part-phase_bold.json	InstitutionalDepartmentName	"""Department"""	REMOVE
sub-028/ses-02/func/sub-028_ses-02_task-movie_run-07_bold.json	InstitutionalDepartmentName	"""Department"""	REMOVE
sub-028/ses-02/func/sub-028_ses-02_task-movie_run-08_part-phase_bold.json	InstitutionalDepartmentName	"""Department"""	REMOVE
sub-028/ses-02/func/sub-028_ses-02_task-rest_run-01_bold.json	InstitutionalDepartmentName	"""Department"""	REMOVE
sub-028/ses-02/func/sub-028_ses-02_task-rest_run-01_part-phase_sbref.json	InstitutionalDepartmentName	"""Department"""	REMOVE
sub-028/ses-02/func/sub-028_ses-02_task-rest_run-01_sbref.json	InstitutionalDepartmentName	"""Department"""	REMOVE
sub-028/ses-02/func/sub-028_ses-02_task-rest_run-02_part-phase_bold.json	InstitutionalDepartmentName	"""Department"""	REMOVE
sub-029/ses-01/anat/sub-029_ses-01_run-01_FLAIR.json	InstitutionalDepartmentName	"""Department"""	REMOVE
sub-029/ses-01/anat/sub-029_ses-01_run-01_T1w.json	InstitutionalDepartmentName	"""Department"""	REMOVE
sub-029/ses-01/anat/sub-029_ses-01_run-01_TB1TFL.json	InstitutionalDepartmentName	"""Department"""	REMOVE
sub-029/ses-01/anat/sub-029_ses-01_run-02_T1w.json	InstitutionalDepartmentName	"""Department"""	REMOVE
sub-029/ses-01/anat/sub-029_ses-01_run-02_TB1TFL.json	InstitutionalDepartmentName	"""Department"""	REMOVE
sub-029/ses-01/anat/sub-029_ses-01_run-03_T1w.json	InstitutionalDepartmentName	"""Department"""	REMOVE
sub-029/ses-01/dwi/sub-029_ses-01_run-01_dwi.json	InstitutionalDepartmentName	"""Department"""	REMOVE
sub-029/ses-01/dwi/sub-029_ses-01_run-02_dwi.json	InstitutionalDepartmentName	"""Department"""	REMOVE
sub-029/ses-01/dwi/sub-029_ses-01_run-05_dwi.json	InstitutionalDepartmentName	"""Department"""	REMOVE
sub-029/ses-01/fmap/sub-029_ses-01_dir-AP_run-01_epi.json	InstitutionalDepartmentName	"""Department"""	REMOVE
sub-029/ses-01/fmap/sub-029_ses-01_dir-AP_run-02_part-phase_epi.json	InstitutionalDepartmentName	"""Department"""	REMOVE
sub-029/ses-01/fmap/sub-029_ses-01_dir-AP_run-03_epi.json	InstitutionalDepartmentName	"""Department"""	REMOVE
sub-029/ses-01/fmap/sub-029_ses-01_dir-AP_run-04_part-phase_epi.json	InstitutionalDepartmentName	"""Department"""	REMOVE
sub-029/ses-01/fmap/sub-029_ses-01_dir-PA_run-01_epi.json	InstitutionalDepartmentName	"""Department"""	REMOVE
sub-029/ses-01/fmap/sub-029_ses-01_dir-PA_run-02_part-phase_epi.json	InstitutionalDepartmentName	"""Department"""	REMOVE
sub-029/ses-01/fmap/sub-029_ses-01_dir-PA_run-03_epi.json	InstitutionalDepartmentName	"""Department"""	REMOVE
sub-029/ses-01/fmap/sub-029_ses-01_dir-PA_run-04_part-phase_epi.json	InstitutionalDepartmentName	"""Department"""	REMOVE
sub-029/ses-01/func/sub-029_ses-01_task-control_run-01_bold.json	InstitutionalDepartmentName	"""Department"""	REMOVE
sub-029/ses-01/func/sub-029_ses-01_task-control_run-01_part-phase_sbref.json	InstitutionalDepartmentName	"""Department"""	REMOVE
sub-029/ses-01/func/sub-029_ses-01_task-control_run-01_sbref.json	InstitutionalDepartmentName	"""Department"""	REMOVE
sub-029/ses-01/func/sub-029_ses-01_task-control_run-02_part-phase_bold.json	InstitutionalDepartmentName	"""Department"""	REMOVE
sub-029/ses-01/func/sub-029_ses-01_task-control_run-02_part-phase_sbref.json	InstitutionalDepartmentName	"""Department"""	REMOVE
sub-029/ses-01/func/sub-029_ses-01_task-control_run-02_sbref.json	InstitutionalDepartmentName	"""Department"""	REMOVE
sub-029/ses-01/func/sub-029_ses-01_task-control_run-03_bold.json	InstitutionalDepartmentName	"""Department"""	REMOVE
sub-029/ses-01/func/sub-029_ses-01_task-control_run-03_part-phase_sbref.json	InstitutionalDepartmentName	"""Department"""	REMOVE
sub-029/ses-01/func/sub-029_ses-01_task-control_run-03_sbref.json	InstitutionalDepartmentName	"""Department"""	REMOVE
sub-029/ses-01/func/sub-029_ses-01_task-control_run-04_part-phase_bold.json	InstitutionalDepartmentName	"""Department"""	REMOVE
sub-029/ses-01/func/sub-029_ses-01_task-control_run-05_bold.json	InstitutionalDepartmentName	"""Department"""	REMOVE
sub-029/ses-01/func/sub-029_ses-01_task-control_run-06_part-phase_bold.json	InstitutionalDepartmentName	"""Department"""	REMOVE
sub-029/ses-01/func/sub-029_ses-01_task-fmri_run-01_bold.json	InstitutionalDepartmentName	"""Department"""	REMOVE
sub-029/ses-01/func/sub-029_ses-01_task-fmri_run-01_part-phase_sbref.json	InstitutionalDepartmentName	"""Department"""	REMOVE
sub-029/ses-01/func/sub-029_ses-01_task-fmri_run-01_sbref.json	InstitutionalDepartmentName	"""Department"""	REMOVE
sub-029/ses-01/func/sub-029_ses-01_task-fmri_run-02_part-phase_bold.json	InstitutionalDepartmentName	"""Department"""	REMOVE
sub-029/ses-01/func/sub-029_ses-01_task-fmri_run-02_part-phase_sbref.json	InstitutionalDepartmentName	"""Department"""	REMOVE
sub-029/ses-01/func/sub-029_ses-01_task-fmri_run-02_sbref.json	InstitutionalDepartmentName	"""Department"""	REMOVE
sub-029/ses-01/func/sub-029_ses-01_task-fmri_run-03_bold.json	InstitutionalDepartmentName	"""Department"""	REMOVE
sub-029/ses-01/func/sub-029_ses-01_task-fmri_run-03_part-phase_sbref.json	InstitutionalDepartmentName	"""Department"""	REMOVE
sub-029/ses-01/func/sub-029_ses-01_task-fmri_run-03_sbref.json	InstitutionalDepartmentName	"""Department"""	REMOVE
sub-029/ses-01/func/sub-029_ses-01_task-fmri_run-04_part-phase_bold.json	InstitutionalDepartmentName	"""Department"""	REMOVE
sub-029/ses-01/func/sub-029_ses-01_task-fmri_run-04_part-phase_sbref.json	InstitutionalDepartmentName	"""Department"""	REMOVE
sub-029/ses-01/func/sub-029_ses-01_task-fmri_run-04_sbref.json	InstitutionalDepartmentName	"""Department"""	REMOVE
sub-029/ses-01/func/sub-029_ses-01_task-fmri_run-05_bold.json	InstitutionalDepartmentName	"""Department"""	REMOVE
sub-029/ses-01/func/sub-029_ses-01_task-fmri_run-06_part-phase_bold.json	InstitutionalDepartmentName	"""Department"""	REMOVE
sub-029/ses-01/func/sub-029_ses-01_task-fmri_run-07_bold.json	InstitutionalDepartmentName	"""Department"""	REMOVE
sub-029/ses-01/func/sub-029_ses-01_task-fmri_run-08_part-phase_bold.json	InstitutionalDepartmentName	"""Department"""	REMOVE
sub-029/ses-01/func/sub-029_ses-01_task-movie_run-01_bold.json	InstitutionalDepartmentName	"""Department"""	REMOVE
sub-029/ses-01/func/sub-029_ses-01_task-movie_run-01_part-phase_sbref.json	InstitutionalDepartmentName	"""Department"""	REMOVE
sub-029/ses-01/func/sub-029_ses-01_task-movie_run-01_sbref.json	InstitutionalDepartmentName	"""Department"""	REMOVE
sub-029/ses-01/func/sub-029_ses-01_task-movie_run-02_part-phase_bold.json	InstitutionalDepartmentName	"""Department"""	REMOVE
sub-029/ses-01/func/sub-029_ses-01_task-movie_run-02_part-phase_sbref.json	InstitutionalDepartmentName	"""Department"""	REMOVE
sub-029/ses-01/func/sub-029_ses-01_task-movie_run-02_sbref.json	InstitutionalDepartmentName	"""Department"""	REMOVE
sub-029/ses-01/func/sub-029_ses-01_task-movie_run-03_bold.json	InstitutionalDepartmentName	"""Department"""	REMOVE
sub-029/ses-01/func/sub-029_ses-01_task-movie_run-03_part-phase_sbref.json	InstitutionalDepartmentName	"""Department"""	REMOVE
sub-029/ses-01/func/sub-029_ses-01_task-movie_run-03_sbref.json	InstitutionalDepartmentName	"""Department"""	REMOVE
sub-029/ses-01/func/sub-029_ses-01_task-movie_run-04_part-phase_bold.json	InstitutionalDepartmentName	"""Department"""	REMOVE
sub-029/ses-01/func/sub-029_ses-01_task-movie_run-04_part-phase_sbref.json	InstitutionalDepartmentName	"""Department"""	REMOVE
sub-029/ses-01/func/sub-029_ses-01_task-movie_run-04_sbref.json	InstitutionalDepartmentName	"""Department"""	REMOVE
sub-029/ses-01/func/sub-029_ses-01_task-movie_run-05_bold.json	InstitutionalDepartmentName	"""Department"""	REMOVE
sub-029/ses-01/func/sub-029_ses-01_task-movie_run-06_part-phase_bold.json	InstitutionalDepartmentName	"""Department"""	REMOVE
sub-029/ses-01/func/sub-029_ses-01_task-movie_run-07_bold.json	InstitutionalDepartmentName	"""Department"""	REMOVE
sub-029/ses-01/func/sub-029_ses-01_task-movie_run-08_part-phase_bold.json	InstitutionalDepartmentName	"""Department"""	REMOVE
sub-029/ses-01/func/sub-029_ses-01_task-rest_run-01_bold.json	InstitutionalDepartmentName	"""Department"""	REMOVE
sub-029/ses-01/func/sub-029_ses-01_task-rest_run-01_part-phase_sbref.json	InstitutionalDepartmentName	"""Department"""	REMOVE
sub-029/ses-01/func/sub-029_ses-01_task-rest_run-01_sbref.json	InstitutionalDepartmentName	"""Department"""	REMOVE
sub-029/ses-01/func/sub-029_ses-01_task-rest_run-02_part-phase_bold.json	InstitutionalDepartmentName	"""Department"""	REMOVE
sub-029/ses-02/anat/sub-029_ses-02_run-01_FLAIR.json	InstitutionalDepartmentName	"""Department"""	REMOVE
sub-029/ses-02/anat/sub-029_ses-02_run-01_T1w.json	InstitutionalDepartmentName	"""Department"""	REMOVE
sub-029/ses-02/anat/sub-029_ses-02_run-01_TB1TFL.json	InstitutionalDepartmentName	"""Department"""	REMOVE
sub-029/ses-02/anat/sub-029_ses-02_run-02_T1w.json	InstitutionalDepartmentName	"""Department"""	REMOVE
sub-029/ses-02/anat/sub-029_ses-02_run-02_TB1TFL.json	InstitutionalDepartmentName	"""Department"""	REMOVE
sub-029/ses-02/anat/sub-029_ses-02_run-03_T1w.json	InstitutionalDepartmentName	"""Department"""	REMOVE
sub-029/ses-02/dwi/sub-029_ses-02_run-01_dwi.json	InstitutionalDepartmentName	"""Department"""	REMOVE
sub-029/ses-02/dwi/sub-029_ses-02_run-02_dwi.json	InstitutionalDepartmentName	"""Department"""	REMOVE
sub-029/ses-02/dwi/sub-029_ses-02_run-05_dwi.json	InstitutionalDepartmentName	"""Department"""	REMOVE
sub-029/ses-02/fmap/sub-029_ses-02_dir-AP_run-01_epi.json	InstitutionalDepartmentName	"""Department"""	REMOVE
sub-029/ses-02/fmap/sub-029_ses-02_dir-AP_run-02_part-phase_epi.json	InstitutionalDepartmentName	"""Department"""	REMOVE
sub-029/ses-02/fmap/sub-029_ses-02_dir-AP_run-03_epi.json	InstitutionalDepartmentName	"""Department"""	REMOVE
sub-029/ses-02/fmap/sub-029_ses-02_dir-AP_run-04_part-phase_epi.json	InstitutionalDepartmentName	"""Department"""	REMOVE
sub-029/ses-02/fmap/sub-029_ses-02_dir-PA_run-01_epi.json	InstitutionalDepartmentName	"""Department"""	REMOVE
sub-029/ses-02/fmap/sub-029_ses-02_dir-PA_run-02_part-phase_epi.json	InstitutionalDepartmentName	"""Department"""	REMOVE
sub-029/ses-02/fmap/sub-029_ses-02_dir-PA_run-03_epi.json	InstitutionalDepartmentName	"""Department"""	REMOVE
sub-029/ses-02/fmap/sub-029_ses-02_dir-PA_run-04_part-phase_epi.json	InstitutionalDepartmentName	"""Department"""	REMOVE
sub-029/ses-02/func/sub-029_ses-02_task-control_run-01_bold.json	InstitutionalDepartmentName	"""Department"""	REMOVE
sub-029/ses-02/func/sub-029_ses-02_task-control_run-01_part-phase_sbref.json	InstitutionalDepartmentName	"""Department"""	REMOVE
sub-029/ses-02/func/sub-029_ses-02_task-control_run-01_sbref.json	InstitutionalDepartmentName	"""Department"""	REMOVE
sub-029/ses-02/func/sub-029_ses-02_task-control_run-02_part-phase_bold.json	InstitutionalDepartmentName	"""Department"""	REMOVE
sub-029/ses-02/func/sub-029_ses-02_task-control_run-02_part-phase_sbref.json	InstitutionalDepartmentName	"""Department"""	REMOVE
sub-029/ses-02/func/sub-029_ses-02_task-control_run-02_sbref.json	InstitutionalDepartmentName	"""Department"""	REMOVE
sub-029/ses-02/func/sub-029_ses-02_task-control_run-03_bold.json	InstitutionalDepartmentName	"""Department"""	REMOVE
sub-029/ses-02/func/sub-029_ses-02_task-control_run-03_part-phase_sbref.json	InstitutionalDepartmentName	"""Department"""	REMOVE
sub-029/ses-02/func/sub-029_ses-02_task-control_run-03_sbref.json	InstitutionalDepartmentName	"""Department"""	REMOVE
sub-029/ses-02/func/sub-029_ses-02_task-control_run-04_part-phase_bold.json	InstitutionalDepartmentName	"""Department"""	REMOVE
sub-029/ses-02/func/sub-029_ses-02_task-control_run-05_bold.json	InstitutionalDepartmentName	"""Department"""	REMOVE
sub-029/ses-02/func/sub-029_ses-02_task-control_run-06_part-phase_bold.json	InstitutionalDepartmentName	"""Department"""	REMOVE
sub-029/ses-02/func/sub-029_ses-02_task-fmri_run-01_bold.json	InstitutionalDepartmentName	"""Department"""	REMOVE
sub-029/ses-02/func/sub-029_ses-02_task-fmri_run-01_part-phase_sbref.json	InstitutionalDepartmentName	"""Department"""	REMOVE
sub-029/ses-02/func/sub-029_ses-02_task-fmri_run-01_sbref.json	InstitutionalDepartmentName	"""Department"""	REMOVE
sub-029/ses-02/func/sub-029_ses-02_task-fmri_run-02_part-phase_bold.json	InstitutionalDepartmentName	"""Department"""	REMOVE
sub-029/ses-02/func/sub-029_ses-02_task-fmri_run-02_part-phase_sbref.json	InstitutionalDepartmentName	"""Department"""	REMOVE
sub-029/ses-02/func/sub-029_ses-02_task-fmri_run-02_sbref.json	InstitutionalDepartmentName	"""Department"""	REMOVE
sub-029/ses-02/func/sub-029_ses-02_task-fmri_run-03_bold.json	InstitutionalDepartmentName	"""Department"""	REMOVE
sub-029/ses-02/func/sub-029_ses-02_task-fmri_run-03_part-phase_sbref.json	InstitutionalDepartmentName	"""Department"""	REMOVE
sub-029/ses-02/func/sub-029_ses-02_task-fmri_run-03_sbref.json	InstitutionalDepartmentName	"""Department"""	REMOVE
sub-029/ses-02/func/sub-029_ses-02_task-fmri_run-04_part-phase_bold.json	InstitutionalDepartmentName	"""Department"""	REMOVE
sub-029/ses-02/func/sub-029_ses-02_task-fmri_run-04_part-phase_sbref.json	InstitutionalDepartmentName	"""Department"""	REMOVE
sub-029/ses-02/func/sub-029_ses-02_task-fmri_run-04_sbref.json	InstitutionalDepartmentName	"""Department"""	REMOVE
sub-029/ses-02/func/sub-029_ses-02_task-fmri_run-05_bold.json	InstitutionalDepartmentName	"""Department"""	REMOVE
sub-029/ses-02/func/sub-029_ses-02_task-fmri_run-06_part-phase_bold.json	InstitutionalDepartmentName	"""Department"""	REMOVE
sub-029/ses-02/func/sub-029_ses-02_task-fmri_run-07_bold.json	InstitutionalDepartmentName	"""Department"""	REMOVE
sub-029/ses-02/func/sub-029_ses-02_task-fmri_run-08_part-phase_bold.json	InstitutionalDepartmentName	"""Department"""	REMOVE
sub-029/ses-02/func/sub-029_ses-02_task-movie_run-01_bold.json	InstitutionalDepartmentName	"""Department"""	REMOVE
sub-029/ses-02/func/sub-029_ses-02_task-movie_run-01_part-phase_sbref.json	InstitutionalDepartmentName	"""Department"""	REMOVE
sub-029/ses-02/func/sub-029_ses-02_task-movie_run-01_sbref.json	InstitutionalDepartmentName	"""Department"""	REMOVE
sub-029/ses-02/func/sub-029_ses-02_task-movie_run-02_part-phase_bold.json	InstitutionalDepartmentName	"""Department"""	REMOVE
sub-029/ses-02/func/sub-029_ses-02_task-movie_run-02_part-phase_sbref.json	InstitutionalDepartmentName	"""Department"""	REMOVE
sub-029/ses-02/func/sub-029_ses-02_task-movie_run-02_sbref.json	InstitutionalDepartmentName	"""Department"""	REMOVE
sub-029/ses-02/func/sub-029_ses-02_task-movie_run-03_bold.json	InstitutionalDepartmentName	"""Department"""	REMOVE
sub-029/ses-02/func/sub-029_ses-02_task-movie_run-03_part-phase_sbref.json	InstitutionalDepartmentName	"""Department"""	REMOVE
sub-029/ses-02/func/sub-029_ses-02_task-movie_run-03_sbref.json	InstitutionalDepartmentName	"""Department"""	REMOVE
sub-029/ses-02/func/sub-029_ses-02_task-movie_run-04_part-phase_bold.json	InstitutionalDepartmentName	"""Department"""	REMOVE
sub-029/ses-02/func/sub-029_ses-02_task-movie_run-04_part-phase_sbref.json	InstitutionalDepartmentName	"""Department"""	REMOVE
sub-029/ses-02/func/sub-029_ses-02_task-movie_run-04_sbref.json	InstitutionalDepartmentName	"""Department"""	REMOVE
sub-029/ses-02/func/sub-029_ses-02_task-movie_run-05_bold.json	InstitutionalDepartmentName	"""Department"""	REMOVE
sub-029/ses-02/func/sub-029_ses-02_task-movie_run-06_part-phase_bold.json	InstitutionalDepartmentName	"""Department"""	REMOVE
sub-029/ses-02/func/sub-029_ses-02_task-movie_run-07_bold.json	InstitutionalDepartmentName	"""Department"""	REMOVE
sub-029/ses-02/func/sub-029_ses-02_task-movie_run-08_part-phase_bold.json	InstitutionalDepartmentName	"""Department"""	REMOVE
sub-029/ses-02/func/sub-029_ses-02_task-rest_run-01_bold.json	InstitutionalDepartmentName	"""Department"""	REMOVE
sub-029/ses-02/func/sub-029_ses-02_task-rest_run-01_part-phase_sbref.json	InstitutionalDepartmentName	"""Department"""	REMOVE
sub-029/ses-02/func/sub-029_ses-02_task-rest_run-01_sbref.json	InstitutionalDepartmentName	"""Department"""	REMOVE
sub-029/ses-02/func/sub-029_ses-02_task-rest_run-02_part-phase_bold.json	InstitutionalDepartmentName	"""Department"""	REMOVE
sub-030/ses-01/anat/sub-030_ses-01_run-01_FLAIR.json	InstitutionalDepartmentName	"""Department"""	REMOVE
sub-030/ses-01/anat/sub-030_ses-01_run-01_T1w.json	InstitutionalDepartmentName	"""Department"""	REMOVE
sub-030/ses-01/anat/sub-030_ses-01_run-01_TB1TFL.json	InstitutionalDepartmentName	"""Department"""	REMOVE
sub-030/ses-01/anat/sub-030_ses-01_run-02_T1w.json	InstitutionalDepartmentName	"""Department"""	REMOVE
sub-030/ses-01/anat/sub-030_ses-01_run-02_TB1TFL.json	InstitutionalDepartmentName	"""Department"""	REMOVE
sub-030/ses-01/anat/sub-030_ses-01_run-03_T1w.json	InstitutionalDepartmentName	"""Department"""	REMOVE
sub-030/ses-01/dwi/sub-030_ses-01_run-01_dwi.json	InstitutionalDepartmentName	"""Department"""	REMOVE
sub-030/ses-01/dwi/sub-030_ses-01_run-02_dwi.json	InstitutionalDepartmentName	"""Department"""	REMOVE
sub-030/ses-01/dwi/sub-030_ses-01_run-05_dwi.json	InstitutionalDepartmentName	"""Department"""	REMOVE
sub-030/ses-01/fmap/sub-030_ses-01_dir-AP_run-01_epi.json	InstitutionalDepartmentName	"""Department"""	REMOVE
sub-030/ses-01/fmap/sub-030_ses-01_dir-AP_run-02_part-phase_epi.json	InstitutionalDepartmentName	"""Department"""	REMOVE
sub-030/ses-01/fmap/sub-030_ses-01_dir-AP_run-03_epi.json	InstitutionalDepartmentName	"""Department"""	REMOVE
sub-030/ses-01/fmap/sub-030_ses-01_dir-AP_run-04_part-phase_epi.json	InstitutionalDepartmentName	"""Department"""	REMOVE
sub-030/ses-01/fmap/sub-030_ses-01_dir-PA_run-01_epi.json	InstitutionalDepartmentName	"""Department"""	REMOVE
sub-030/ses-01/fmap/sub-030_ses-01_dir-PA_run-02_part-phase_epi.json	InstitutionalDepartmentName	"""Department"""	REMOVE
sub-030/ses-01/fmap/sub-030_ses-01_dir-PA_run-03_epi.json	InstitutionalDepartmentName	"""Department"""	REMOVE
sub-030/ses-01/fmap/sub-030_ses-01_dir-PA_run-04_part-phase_epi.json	InstitutionalDepartmentName	"""Department"""	REMOVE
sub-030/ses-01/func/sub-030_ses-01_task-control_run-01_bold.json	InstitutionalDepartmentName	"""Department"""	REMOVE
sub-030/ses-01/func/sub-030_ses-01_task-control_run-01_part-phase_sbref.json	InstitutionalDepartmentName	"""Department"""	REMOVE
sub-030/ses-01/func/sub-030_ses-01_task-control_run-01_sbref.json	InstitutionalDepartmentName	"""Department"""	REMOVE
sub-030/ses-01/func/sub-030_ses-01_task-control_run-02_part-phase_bold.json	InstitutionalDepartmentName	"""Department"""	REMOVE
sub-030/ses-01/func/sub-030_ses-01_task-control_run-02_part-phase_sbref.json	InstitutionalDepartmentName	"""Department"""	REMOVE
sub-030/ses-01/func/sub-030_ses-01_task-control_run-02_sbref.json	InstitutionalDepartmentName	"""Department"""	REMOVE
sub-030/ses-01/func/sub-030_ses-01_task-control_run-03_bold.json	InstitutionalDepartmentName	"""Department"""	REMOVE
sub-030/ses-01/func/sub-030_ses-01_task-control_run-03_part-phase_sbref.json	InstitutionalDepartmentName	"""Department"""	REMOVE
sub-030/ses-01/func/sub-030_ses-01_task-control_run-03_sbref.json	InstitutionalDepartmentName	"""Department"""	REMOVE
sub-030/ses-01/func/sub-030_ses-01_task-control_run-04_part-phase_bold.json	InstitutionalDepartmentName	"""Department"""	REMOVE
sub-030/ses-01/func/sub-030_ses-01_task-control_run-05_bold.json	InstitutionalDepartmentName	"""Department"""	REMOVE
sub-030/ses-01/func/sub-030_ses-01_task-control_run-06_part-phase_bold.json	InstitutionalDepartmentName	"""Department"""	REMOVE
sub-030/ses-01/func/sub-030_ses-01_task-fmri_run-01_bold.json	InstitutionalDepartmentName	"""Department"""	REMOVE
sub-030/ses-01/func/sub-030_ses-01_task-fmri_run-01_part-phase_sbref.json	InstitutionalDepartmentName	"""Department"""	REMOVE
sub-030/ses-01/func/sub-030_ses-01_task-fmri_run-01_sbref.json	InstitutionalDepartmentName	"""Department"""	REMOVE
sub-030/ses-01/func/sub-030_ses-01_task-fmri_run-02_part-phase_bold.json	InstitutionalDepartmentName	"""Department"""	REMOVE
sub-030/ses-01/func/sub-030_ses-01_task-fmri_run-02_part-phase_sbref.json	InstitutionalDepartmentName	"""Department"""	REMOVE
sub-030/ses-01/func/sub-030_ses-01_task-fmri_run-02_sbref.json	InstitutionalDepartmentName	"""Department"""	REMOVE
sub-030/ses-01/func/sub-030_ses-01_task-fmri_run-03_bold.json	InstitutionalDepartmentName	"""Department"""	REMOVE
sub-030/ses-01/func/sub-030_ses-01_task-fmri_run-03_part-phase_sbref.json	InstitutionalDepartmentName	"""Department"""	REMOVE
sub-030/ses-01/func/sub-030_ses-01_task-fmri_run-03_sbref.json	InstitutionalDepartmentName	"""Department"""	REMOVE
sub-030/ses-01/func/sub-030_ses-01_task-fmri_run-04_part-phase_bold.json	InstitutionalDepartmentName	"""Department"""	REMOVE
sub-030/ses-01/func/sub-030_ses-01_task-fmri_run-04_part-phase_sbref.json	InstitutionalDepartmentName	"""Department"""	REMOVE
sub-030/ses-01/func/sub-030_ses-01_task-fmri_run-04_sbref.json	InstitutionalDepartmentName	"""Department"""	REMOVE
sub-030/ses-01/func/sub-030_ses-01_task-fmri_run-05_bold.json	InstitutionalDepartmentName	"""Department"""	REMOVE
sub-030/ses-01/func/sub-030_ses-01_task-fmri_run-06_part-phase_bold.json	InstitutionalDepartmentName	"""Department"""	REMOVE
sub-030/ses-01/func/sub-030_ses-01_task-fmri_run-07_bold.json	InstitutionalDepartmentName	"""Department"""	REMOVE
sub-030/ses-01/func/sub-030_ses-01_task-fmri_run-08_part-phase_bold.json	InstitutionalDepartmentName	"""Department"""	REMOVE
sub-030/ses-01/func/sub-030_ses-01_task-movie_run-01_bold.json	InstitutionalDepartmentName	"""Department"""	REMOVE
sub-030/ses-01/func/sub-030_ses-01_task-movie_run-01_part-phase_sbref.json	InstitutionalDepartmentName	"""Department"""	REMOVE
sub-030/ses-01/func/sub-030_ses-01_task-movie_run-01_sbref.json	InstitutionalDepartmentName	"""Department"""	REMOVE
sub-030/ses-01/func/sub-030_ses-01_task-movie_run-02_part-phase_bold.json	InstitutionalDepartmentName	"""Department"""	REMOVE
sub-030/ses-01/func/sub-030_ses-01_task-movie_run-02_part-phase_sbref.json	InstitutionalDepartmentName	"""Department"""	REMOVE
sub-030/ses-01/func/sub-030_ses-01_task-movie_run-02_sbref.json	InstitutionalDepartmentName	"""Department"""	REMOVE
sub-030/ses-01/func/sub-030_ses-01_task-movie_run-03_bold.json	InstitutionalDepartmentName	"""Department"""	REMOVE
sub-030/ses-01/func/sub-030_ses-01_task-movie_run-03_part-phase_sbref.json	InstitutionalDepartmentName	"""Department"""	REMOVE
sub-030/ses-01/func/sub-030_ses-01_task-movie_run-03_sbref.json	InstitutionalDepartmentName	"""Department"""	REMOVE
sub-030/ses-01/func/sub-030_ses-01_task-movie_run-04_part-phase_bold.json	InstitutionalDepartmentName	"""Department"""	REMOVE
sub-030/ses-01/func/sub-030_ses-01_task-movie_run-04_part-phase_sbref.json	InstitutionalDepartmentName	"""Department"""	REMOVE
sub-030/ses-01/func/sub-030_ses-01_task-movie_run-04_sbref.json	InstitutionalDepartmentName	"""Department"""	REMOVE
sub-030/ses-01/func/sub-030_ses-01_task-movie_run-05_bold.json	InstitutionalDepartmentName	"""Department"""	REMOVE
sub-030/ses-01/func/sub-030_ses-01_task-movie_run-06_part-phase_bold.json	InstitutionalDepartmentName	"""Department"""	REMOVE
sub-030/ses-01/func/sub-030_ses-01_task-movie_run-07_bold.json	InstitutionalDepartmentName	"""Department"""	REMOVE
sub-030/ses-01/func/sub-030_ses-01_task-movie_run-08_part-phase_bold.json	InstitutionalDepartmentName	"""Department"""	REMOVE
sub-030/ses-01/func/sub-030_ses-01_task-rest_run-01_bold.json	InstitutionalDepartmentName	"""Department"""	REMOVE
sub-030/ses-01/func/sub-030_ses-01_task-rest_run-01_part-phase_sbref.json	InstitutionalDepartmentName	"""Department"""	REMOVE
sub-030/ses-01/func/sub-030_ses-01_task-rest_run-01_sbref.json	InstitutionalDepartmentName	"""Department"""	REMOVE
sub-030/ses-01/func/sub-030_ses-01_task-rest_run-02_part-phase_bold.json	InstitutionalDepartmentName	"""Department"""	REMOVE
sub-030/ses-02/anat/sub-030_ses-02_run-01_FLAIR.json	InstitutionalDepartmentName	"""Department"""	REMOVE
sub-030/ses-02/anat/sub-030_ses-02_run-01_T1w.json	InstitutionalDepartmentName	"""Department"""	REMOVE
sub-030/ses-02/anat/sub-030_ses-02_run-01_TB1TFL.json	InstitutionalDepartmentName	"""Department"""	REMOVE
sub-030/ses-02/anat/sub-030_ses-02_run-02_T1w.json	InstitutionalDepartmentName	"""Department"""	REMOVE
sub-030/ses-02/anat/sub-030_ses-02_run-02_TB1TFL.json	InstitutionalDepartmentName	"""Department"""	REMOVE
sub-030/ses-02/anat/sub-030_ses-02_run-03_T1w.json	InstitutionalDepartmentName	"""Department"""	REMOVE
sub-030/ses-02/dwi/sub-030_ses-02_run-01_dwi.json	InstitutionalDepartmentName	"""Department"""	REMOVE
sub-030/ses-02/dwi/sub-030_ses-02_run-02_dwi.json	InstitutionalDepartmentName	"""Department"""	REMOVE
sub-030/ses-02/dwi/sub-030_ses-02_run-05_dwi.json	InstitutionalDepartmentName	"""Department"""	REMOVE
sub-030/ses-02/fmap/sub-030_ses-02_dir-AP_run-01_epi.json	InstitutionalDepartmentName	"""Department"""	REMOVE
sub-030/ses-02/fmap/sub-030_ses-02_dir-AP_run-02_part-phase_epi.json	InstitutionalDepartmentName	"""Department"""	REMOVE
sub-030/ses-02/fmap/sub-030_ses-02_dir-AP_run-03_epi.json	InstitutionalDepartmentName	"""Department"""	REMOVE
sub-030/ses-02/fmap/sub-030_ses-02_dir-AP_run-04_part-phase_epi.json	InstitutionalDepartmentName	"""Department"""	REMOVE
sub-030/ses-02/fmap/sub-030_ses-02_dir-PA_run-01_epi.json	InstitutionalDepartmentName	"""Department"""	REMOVE
sub-030/ses-02/fmap/sub-030_ses-02_dir-PA_run-02_part-phase_epi.json	InstitutionalDepartmentName	"""Department"""	REMOVE
sub-030/ses-02/fmap/sub-030_ses-02_dir-PA_run-03_epi.json	InstitutionalDepartmentName	"""Department"""	REMOVE
sub-030/ses-02/fmap/sub-030_ses-02_dir-PA_run-04_part-phase_epi.json	InstitutionalDepartmentName	"""Department"""	REMOVE
sub-030/ses-02/func/sub-030_ses-02_task-control_run-01_bold.json	InstitutionalDepartmentName	"""Department"""	REMOVE
sub-030/ses-02/func/sub-030_ses-02_task-control_run-01_part-phase_sbref.json	InstitutionalDepartmentName	"""Department"""	REMOVE
sub-030/ses-02/func/sub-030_ses-02_task-control_run-01_sbref.json	InstitutionalDepartmentName	"""Department"""	REMOVE
sub-030/ses-02/func/sub-030_ses-02_task-control_run-02_part-phase_bold.json	InstitutionalDepartmentName	"""Department"""	REMOVE
sub-030/ses-02/func/sub-030_ses-02_task-control_run-02_part-phase_sbref.json	InstitutionalDepartmentName	"""Department"""	REMOVE
sub-030/ses-02/func/sub-030_ses-02_task-control_run-02_sbref.json	InstitutionalDepartmentName	"""Department"""	REMOVE
sub-030/ses-02/func/sub-030_ses-02_task-control_run-03_bold.json	InstitutionalDepartmentName	"""Department"""	REMOVE
sub-030/ses-02/func/sub-030_ses-02_task-control_run-03_part-phase_sbref.json	InstitutionalDepartmentName	"""Department"""	REMOVE
sub-030/ses-02/func/sub-030_ses-02_task-control_run-03_sbref.json	InstitutionalDepartmentName	"""Department"""	REMOVE
sub-030/ses-02/func/sub-030_ses-02_task-control_run-04_part-phase_bold.json	InstitutionalDepartmentName	"""Department"""	REMOVE
sub-030/ses-02/func/sub-030_ses-02_task-control_run-05_bold.json	InstitutionalDepartmentName	"""Department"""	REMOVE
sub-030/ses-02/func/sub-030_ses-02_task-control_run-06_part-phase_bold.json	InstitutionalDepartmentName	"""Department"""	REMOVE
sub-030/ses-02/func/sub-030_ses-02_task-fmri_run-01_bold.json	InstitutionalDepartmentName	"""Department"""	REMOVE
sub-030/ses-02/func/sub-030_ses-02_task-fmri_run-01_part-phase_sbref.json	InstitutionalDepartmentName	"""Department"""	REMOVE
sub-030/ses-02/func/sub-030_ses-02_task-fmri_run-01_sbref.json	InstitutionalDepartmentName	"""Department"""	REMOVE
sub-030/ses-02/func/sub-030_ses-02_task-fmri_run-02_part-phase_bold.json	InstitutionalDepartmentName	"""Department"""	REMOVE
sub-030/ses-02/func/sub-030_ses-02_task-fmri_run-02_part-phase_sbref.json	InstitutionalDepartmentName	"""Department"""	REMOVE
sub-030/ses-02/func/sub-030_ses-02_task-fmri_run-02_sbref.json	InstitutionalDepartmentName	"""Department"""	REMOVE
sub-030/ses-02/func/sub-030_ses-02_task-fmri_run-03_bold.json	InstitutionalDepartmentName	"""Department"""	REMOVE
sub-030/ses-02/func/sub-030_ses-02_task-fmri_run-03_part-phase_sbref.json	InstitutionalDepartmentName	"""Department"""	REMOVE
sub-030/ses-02/func/sub-030_ses-02_task-fmri_run-03_sbref.json	InstitutionalDepartmentName	"""Department"""	REMOVE
sub-030/ses-02/func/sub-030_ses-02_task-fmri_run-04_part-phase_bold.json	InstitutionalDepartmentName	"""Department"""	REMOVE
sub-030/ses-02/func/sub-030_ses-02_task-fmri_run-04_part-phase_sbref.json	InstitutionalDepartmentName	"""Department"""	REMOVE
sub-030/ses-02/func/sub-030_ses-02_task-fmri_run-04_sbref.json	InstitutionalDepartmentName	"""Department"""	REMOVE
sub-030/ses-02/func/sub-030_ses-02_task-fmri_run-05_bold.json	InstitutionalDepartmentName	"""Department"""	REMOVE
sub-030/ses-02/func/sub-030_ses-02_task-fmri_run-06_part-phase_bold.json	InstitutionalDepartmentName	"""Department"""	REMOVE
sub-030/ses-02/func/sub-030_ses-02_task-fmri_run-07_bold.json	InstitutionalDepartmentName	"""Department"""	REMOVE
sub-030/ses-02/func/sub-030_ses-02_task-fmri_run-08_part-phase_bold.json	InstitutionalDepartmentName	"""Department"""	REMOVE
sub-030/ses-02/func/sub-030_ses-02_task-movie_run-01_bold.json	InstitutionalDepartmentName	"""Department"""	REMOVE
sub-030/ses-02/func/sub-030_ses-02_task-movie_run-01_part-phase_sbref.json	InstitutionalDepartmentName	"""Department"""	REMOVE
sub-030/ses-02/func/sub-030_ses-02_task-movie_run-01_sbref.json	InstitutionalDepartmentName	"""Department"""	REMOVE
sub-030/ses-02/func/sub-030_ses-02_task-movie_run-02_part-phase_bold.json	InstitutionalDepartmentName	"""Department"""	REMOVE
sub-030/ses-02/func/sub-030_ses-02_task-movie_run-02_part-phase_sbref.json	InstitutionalDepartmentName	"""Department"""	REMOVE
sub-030/ses-02/func/sub-030_ses-02_task-movie_run-02_sbref.json	InstitutionalDepartmentName	"""Department"""	REMOVE
sub-030/ses-02/func/sub-030_ses-02_task-movie_run-03_bold.json	InstitutionalDepartmentName	"""Department"""	REMOVE
sub-030/ses-02/func/sub-030_ses-02_task-movie_run-03_part-phase_sbref.json	InstitutionalDepartmentName	"""Department"""	REMOVE
sub-030/ses-02/func/sub-030_ses-02_task-movie_run-03_sbref.json	InstitutionalDepartmentName	"""Department"""	REMOVE
sub-030/ses-02/func/sub-030_ses-02_task-movie_run-04_part-phase_bold.json	InstitutionalDepartmentName	"""Department"""	REMOVE
sub-030/ses-02/func/sub-030_ses-02_task-movie_run-04_part-phase_sbref.json	InstitutionalDepartmentName	"""Department"""	REMOVE
sub-030/ses-02/func/sub-030_ses-02_task-movie_run-04_sbref.json	InstitutionalDepartmentName	"""Department"""	REMOVE
sub-030/ses-02/func/sub-030_ses-02_task-movie_run-05_bold.json	InstitutionalDepartmentName	"""Department"""	REMOVE
sub-030/ses-02/func/sub-030_ses-02_task-movie_run-06_part-phase_bold.json	InstitutionalDepartmentName	"""Department"""	REMOVE
sub-030/ses-02/func/sub-030_ses-02_task-movie_run-07_bold.json	InstitutionalDepartmentName	"""Department"""	REMOVE
sub-030/ses-02/func/sub-030_ses-02_task-movie_run-08_part-phase_bold.json	InstitutionalDepartmentName	"""Department"""	REMOVE
sub-030/ses-02/func/sub-030_ses-02_task-rest_run-01_bold.json	InstitutionalDepartmentName	"""Department"""	REMOVE
sub-030/ses-02/func/sub-030_ses-02_task-rest_run-01_part-phase_sbref.json	InstitutionalDepartmentName	"""Department"""	REMOVE
sub-030/ses-02/func/sub-030_ses-02_task-rest_run-01_sbref.json	InstitutionalDepartmentName	"""Department"""	REMOVE
sub-030/ses-02/func/sub-030_ses-02_task-rest_run-02_part-phase_bold.json	InstitutionalDepartmentName	"""Department"""	REMOVE
sub-031/ses-01/anat/sub-031_ses-01_run-01_FLAIR.json	InstitutionalDepartmentName	"""Department"""	REMOVE
sub-031/ses-01/anat/sub-031_ses-01_run-01_T1w.json	InstitutionalDepartmentName	"""Department"""	REMOVE
sub-031/ses-01/anat/sub-031_ses-01_run-01_TB1TFL.json	InstitutionalDepartmentName	"""Department"""	REMOVE
sub-031/ses-01/anat/sub-031_ses-01_run-02_T1w.json	InstitutionalDepartmentName	"""Department"""	REMOVE
sub-031/ses-01/anat/sub-031_ses-01_run-02_TB1TFL.json	InstitutionalDepartmentName	"""Department"""	REMOVE
sub-031/ses-01/anat/sub-031_ses-01_run-03_T1w.json	InstitutionalDepartmentName	"""Department"""	REMOVE
sub-031/ses-01/dwi/sub-031_ses-01_run-01_dwi.json	InstitutionalDepartmentName	"""Department"""	REMOVE
sub-031/ses-01/dwi/sub-031_ses-01_run-02_dwi.json	InstitutionalDepartmentName	"""Department"""	REMOVE
sub-031/ses-01/dwi/sub-031_ses-01_run-05_dwi.json	InstitutionalDepartmentName	"""Department"""	REMOVE
sub-031/ses-01/fmap/sub-031_ses-01_dir-AP_run-01_epi.json	InstitutionalDepartmentName	"""Department"""	REMOVE
sub-031/ses-01/fmap/sub-031_ses-01_dir-AP_run-02_part-phase_epi.json	InstitutionalDepartmentName	"""Department"""	REMOVE
sub-031/ses-01/fmap/sub-031_ses-01_dir-AP_run-03_epi.json	InstitutionalDepartmentName	"""Department"""	REMOVE
sub-031/ses-01/fmap/sub-031_ses-01_dir-AP_run-04_part-phase_epi.json	InstitutionalDepartmentName	"""Department"""	REMOVE
sub-031/ses-01/fmap/sub-031_ses-01_dir-PA_run-01_epi.json	InstitutionalDepartmentName	"""Department"""	REMOVE
sub-031/ses-01/fmap/sub-031_ses-01_dir-PA_run-02_part-phase_epi.json	InstitutionalDepartmentName	"""Department"""	REMOVE
sub-031/ses-01/fmap/sub-031_ses-01_dir-PA_run-03_epi.json	InstitutionalDepartmentName	"""Department"""	REMOVE
sub-031/ses-01/fmap/sub-031_ses-01_dir-PA_run-04_part-phase_epi.json	InstitutionalDepartmentName	"""Department"""	REMOVE
sub-031/ses-01/func/sub-031_ses-01_task-control_run-01_bold.json	InstitutionalDepartmentName	"""Department"""	REMOVE
sub-031/ses-01/func/sub-031_ses-01_task-control_run-01_part-phase_sbref.json	InstitutionalDepartmentName	"""Department"""	REMOVE
sub-031/ses-01/func/sub-031_ses-01_task-control_run-01_sbref.json	InstitutionalDepartmentName	"""Department"""	REMOVE
sub-031/ses-01/func/sub-031_ses-01_task-control_run-02_part-phase_bold.json	InstitutionalDepartmentName	"""Department"""	REMOVE
sub-031/ses-01/func/sub-031_ses-01_task-control_run-02_part-phase_sbref.json	InstitutionalDepartmentName	"""Department"""	REMOVE
sub-031/ses-01/func/sub-031_ses-01_task-control_run-02_sbref.json	InstitutionalDepartmentName	"""Department"""	REMOVE
sub-031/ses-01/func/sub-031_ses-01_task-control_run-03_bold.json	InstitutionalDepartmentName	"""Department"""	REMOVE
sub-031/ses-01/func/sub-031_ses-01_task-control_run-03_part-phase_sbref.json	InstitutionalDepartmentName	"""Department"""	REMOVE
sub-031/ses-01/func/sub-031_ses-01_task-control_run-03_sbref.json	InstitutionalDepartmentName	"""Department"""	REMOVE
sub-031/ses-01/func/sub-031_ses-01_task-control_run-04_part-phase_bold.json	InstitutionalDepartmentName	"""Department"""	REMOVE
sub-031/ses-01/func/sub-031_ses-01_task-control_run-05_bold.json	InstitutionalDepartmentName	"""Department"""	REMOVE
sub-031/ses-01/func/sub-031_ses-01_task-control_run-06_part-phase_bold.json	InstitutionalDepartmentName	"""Department"""	REMOVE
sub-031/ses-01/func/sub-031_ses-01_task-fmri_run-01_bold.json	InstitutionalDepartmentName	"""Department"""	REMOVE
sub-031/ses-01/func/sub-031_ses-01_task-fmri_run-01_part-phase_sbref.json	InstitutionalDepartmentName	"""Department"""	REMOVE
sub-031/ses-01/func/sub-031_ses-01_task-fmri_run-01_sbref.json	InstitutionalDepartmentName	"""Department"""	REMOVE
sub-031/ses-01/func/sub-031_ses-01_task-fmri_run-02_part-phase_bold.json	InstitutionalDepartmentName	"""Department"""	REMOVE
sub-031/ses-01/func/sub-031_ses-01_task-fmri_run-02_part-phase_sbref.json	InstitutionalDepartmentName	"""Department"""	REMOVE
sub-031/ses-01/func/sub-031_ses-01_task-fmri_run-02_sbref.json	InstitutionalDepartmentName	"""Department"""	REMOVE
sub-031/ses-01/func/sub-031_ses-01_task-fmri_run-03_bold.json	InstitutionalDepartmentName	"""Department"""	REMOVE
sub-031/ses-01/func/sub-031_ses-01_task-fmri_run-03_part-phase_sbref.json	InstitutionalDepartmentName	"""Department"""	REMOVE
sub-031/ses-01/func/sub-031_ses-01_task-fmri_run-03_sbref.json	InstitutionalDepartmentName	"""Department"""	REMOVE
sub-031/ses-01/func/sub-031_ses-01_task-fmri_run-04_part-phase_bold.json	InstitutionalDepartmentName	"""Department"""	REMOVE
sub-031/ses-01/func/sub-031_ses-01_task-fmri_run-04_part-phase_sbref.json	InstitutionalDepartmentName	"""Department"""	REMOVE
sub-031/ses-01/func/sub-031_ses-01_task-fmri_run-04_sbref.json	InstitutionalDepartmentName	"""Department"""	REMOVE
sub-031/ses-01/func/sub-031_ses-01_task-fmri_run-05_bold.json	InstitutionalDepartmentName	"""Department"""	REMOVE
sub-031/ses-01/func/sub-031_ses-01_task-fmri_run-06_part-phase_bold.json	InstitutionalDepartmentName	"""Department"""	REMOVE
sub-031/ses-01/func/sub-031_ses-01_task-fmri_run-07_bold.json	InstitutionalDepartmentName	"""Department"""	REMOVE
sub-031/ses-01/func/sub-031_ses-01_task-fmri_run-08_part-phase_bold.json	InstitutionalDepartmentName	"""Department"""	REMOVE
sub-031/ses-01/func/sub-031_ses-01_task-movie_run-01_bold.json	InstitutionalDepartmentName	"""Department"""	REMOVE
sub-031/ses-01/func/sub-031_ses-01_task-movie_run-01_part-phase_sbref.json	InstitutionalDepartmentName	"""Department"""	REMOVE
sub-031/ses-01/func/sub-031_ses-01_task-movie_run-01_sbref.json	InstitutionalDepartmentName	"""Department"""	REMOVE
sub-031/ses-01/func/sub-031_ses-01_task-movie_run-02_part-phase_bold.json	InstitutionalDepartmentName	"""Department"""	REMOVE
sub-031/ses-01/func/sub-031_ses-01_task-movie_run-02_part-phase_sbref.json	InstitutionalDepartmentName	"""Department"""	REMOVE
sub-031/ses-01/func/sub-031_ses-01_task-movie_run-02_sbref.json	InstitutionalDepartmentName	"""Department"""	REMOVE
sub-031/ses-01/func/sub-031_ses-01_task-movie_run-03_bold.json	InstitutionalDepartmentName	"""Department"""	REMOVE
sub-031/ses-01/func/sub-031_ses-01_task-movie_run-03_part-phase_sbref.json	InstitutionalDepartmentName	"""Department"""	REMOVE
sub-031/ses-01/func/sub-031_ses-01_task-movie_run-03_sbref.json	InstitutionalDepartmentName	"""Department"""	REMOVE
sub-031/ses-01/func/sub-031_ses-01_task-movie_run-04_part-phase_bold.json	InstitutionalDepartmentName	"""Department"""	REMOVE
sub-031/ses-01/func/sub-031_ses-01_task-movie_run-04_part-phase_sbref.json	InstitutionalDepartmentName	"""Department"""	REMOVE
sub-031/ses-01/func/sub-031_ses-01_task-movie_run-04_sbref.json	InstitutionalDepartmentName	"""Department"""	REMOVE
sub-031/ses-01/func/sub-031_ses-01_task-movie_run-05_bold.json	InstitutionalDepartmentName	"""Department"""	REMOVE
sub-031/ses-01/func/sub-031_ses-01_task-movie_run-06_part-phase_bold.json	InstitutionalDepartmentName	"""Department"""	REMOVE
sub-031/ses-01/func/sub-031_ses-01_task-movie_run-07_bold.json	InstitutionalDepartmentName	"""Department"""	REMOVE
sub-031/ses-01/func/sub-031_ses-01_task-movie_run-08_part-phase_bold.json	InstitutionalDepartmentName	"""Department"""	REMOVE
sub-031/ses-01/func/sub-031_ses-01_task-rest_run-01_bold.json	InstitutionalDepartmentName	"""Department"""	REMOVE
sub-031/ses-01/func/sub-031_ses-01_task-rest_run-01_part-phase_sbref.json	InstitutionalDepartmentName	"""Department"""	REMOVE
sub-031/ses-01/func/sub-031_ses-01_task-rest_run-01_sbref.json	InstitutionalDepartmentName	"""Department"""	REMOVE
sub-031/ses-01/func/sub-031_ses-01_task-rest_run-02_part-phase_bold.json	InstitutionalDepartmentName	"""Department"""	REMOVE
sub-031/ses-02/anat/sub-031_ses-02_run-01_FLAIR.json	InstitutionalDepartmentName	"""Department"""	REMOVE
sub-031/ses-02/anat/sub-031_ses-02_run-01_T1w.json	InstitutionalDepartmentName	"""Department"""	REMOVE
sub-031/ses-02/anat/sub-031_ses-02_run-01_TB1TFL.json	InstitutionalDepartmentName	"""Department"""	REMOVE
sub-031/ses-02/anat/sub-031_ses-02_run-02_T1w.json	InstitutionalDepartmentName	"""Department"""	REMOVE
sub-031/ses-02/anat/sub-031_ses-02_run-02_TB1TFL.json	InstitutionalDepartmentName	"""Department"""	REMOVE
sub-031/ses-02/anat/sub-031_ses-02_run-03_T1w.json	InstitutionalDepartmentName	"""Department"""	REMOVE
sub-031/ses-02/dwi/sub-031_ses-02_run-01_dwi.json	InstitutionalDepartmentName	"""Department"""	REMOVE
sub-031/ses-02/dwi/sub-031_ses-02_run-02_dwi.json	InstitutionalDepartmentName	"""Department"""	REMOVE
sub-031/ses-02/dwi/sub-031_ses-02_run-05_dwi.json	InstitutionalDepartmentName	"""Department"""	REMOVE
sub-031/ses-02/fmap/sub-031_ses-02_dir-AP_run-01_epi.json	InstitutionalDepartmentName	"""Department"""	REMOVE
sub-031/ses-02/fmap/sub-031_ses-02_dir-AP_run-02_part-phase_epi.json	InstitutionalDepartmentName	"""Department"""	REMOVE
sub-031/ses-02/fmap/sub-031_ses-02_dir-AP_run-03_epi.json	InstitutionalDepartmentName	"""Department"""	REMOVE
sub-031/ses-02/fmap/sub-031_ses-02_dir-AP_run-04_part-phase_epi.json	InstitutionalDepartmentName	"""Department"""	REMOVE
sub-031/ses-02/fmap/sub-031_ses-02_dir-PA_run-01_epi.json	InstitutionalDepartmentName	"""Department"""	REMOVE
sub-031/ses-02/fmap/sub-031_ses-02_dir-PA_run-02_part-phase_epi.json	InstitutionalDepartmentName	"""Department"""	REMOVE
sub-031/ses-02/fmap/sub-031_ses-02_dir-PA_run-03_epi.json	InstitutionalDepartmentName	"""Department"""	REMOVE
sub-031/ses-02/fmap/sub-031_ses-02_dir-PA_run-04_part-phase_epi.json	InstitutionalDepartmentName	"""Department"""	REMOVE
sub-031/ses-02/func/sub-031_ses-02_task-control_run-01_bold.json	InstitutionalDepartmentName	"""Department"""	REMOVE
sub-031/ses-02/func/sub-031_ses-02_task-control_run-01_part-phase_sbref.json	InstitutionalDepartmentName	"""Department"""	REMOVE
sub-031/ses-02/func/sub-031_ses-02_task-control_run-01_sbref.json	InstitutionalDepartmentName	"""Department"""	REMOVE
sub-031/ses-02/func/sub-031_ses-02_task-control_run-02_part-phase_bold.json	InstitutionalDepartmentName	"""Department"""	REMOVE
sub-031/ses-02/func/sub-031_ses-02_task-control_run-02_part-phase_sbref.json	InstitutionalDepartmentName	"""Department"""	REMOVE
sub-031/ses-02/func/sub-031_ses-02_task-control_run-02_sbref.json	InstitutionalDepartmentName	"""Department"""	REMOVE
sub-031/ses-02/func/sub-031_ses-02_task-control_run-03_bold.json	InstitutionalDepartmentName	"""Department"""	REMOVE
sub-031/ses-02/func/sub-031_ses-02_task-control_run-03_part-phase_sbref.json	InstitutionalDepartmentName	"""Department"""	REMOVE
sub-031/ses-02/func/sub-031_ses-02_task-control_run-03_sbref.json	InstitutionalDepartmentName	"""Department"""	REMOVE
sub-031/ses-02/func/sub-031_ses-02_task-control_run-04_part-phase_bold.json	InstitutionalDepartmentName	"""Department"""	REMOVE
sub-031/ses-02/func/sub-031_ses-02_task-control_run-05_bold.json	InstitutionalDepartmentName	"""Department"""	REMOVE
sub-031/ses-02/func/sub-031_ses-02_task-control_run-06_part-phase_bold.json	InstitutionalDepartmentName	"""Department"""	REMOVE
sub-031/ses-02/func/sub-031_ses-02_task-fmri_run-01_bold.json	InstitutionalDepartmentName	"""Department"""	REMOVE
sub-031/ses-02/func/sub-031_ses-02_task-fmri_run-01_part-phase_sbref.json	InstitutionalDepartmentName	"""Department"""	REMOVE
sub-031/ses-02/func/sub-031_ses-02_task-fmri_run-01_sbref.json	InstitutionalDepartmentName	"""Department"""	REMOVE
sub-031/ses-02/func/sub-031_ses-02_task-fmri_run-02_part-phase_bold.json	InstitutionalDepartmentName	"""Department"""	REMOVE
sub-031/ses-02/func/sub-031_ses-02_task-fmri_run-02_part-phase_sbref.json	InstitutionalDepartmentName	"""Department"""	REMOVE
sub-031/ses-02/func/sub-031_ses-02_task-fmri_run-02_sbref.json	InstitutionalDepartmentName	"""Department"""	REMOVE
sub-031/ses-02/func/sub-031_ses-02_task-fmri_run-03_bold.json	InstitutionalDepartmentName	"""Department"""	REMOVE
sub-031/ses-02/func/sub-031_ses-02_task-fmri_run-03_part-phase_sbref.json	InstitutionalDepartmentName	"""Department"""	REMOVE
sub-031/ses-02/func/sub-031_ses-02_task-fmri_run-03_sbref.json	InstitutionalDepartmentName	"""Department"""	REMOVE
sub-031/ses-02/func/sub-031_ses-02_task-fmri_run-04_part-phase_bold.json	InstitutionalDepartmentName	"""Department"""	REMOVE
sub-031/ses-02/func/sub-031_ses-02_task-fmri_run-04_part-phase_sbref.json	InstitutionalDepartmentName	"""Department"""	REMOVE
sub-031/ses-02/func/sub-031_ses-02_task-fmri_run-04_sbref.json	InstitutionalDepartmentName	"""Department"""	REMOVE
sub-031/ses-02/func/sub-031_ses-02_task-fmri_run-05_bold.json	InstitutionalDepartmentName	"""Department"""	REMOVE
sub-031/ses-02/func/sub-031_ses-02_task-fmri_run-06_part-phase_bold.json	InstitutionalDepartmentName	"""Department"""	REMOVE
sub-031/ses-02/func/sub-031_ses-02_task-fmri_run-07_bold.json	InstitutionalDepartmentName	"""Department"""	REMOVE
sub-031/ses-02/func/sub-031_ses-02_task-fmri_run-08_part-phase_bold.json	InstitutionalDepartmentName	"""Department"""	REMOVE
sub-031/ses-02/func/sub-031_ses-02_task-movie_run-01_bold.json	InstitutionalDepartmentName	"""Department"""	REMOVE
sub-031/ses-02/func/sub-031_ses-02_task-movie_run-01_part-phase_sbref.json	InstitutionalDepartmentName	"""Department"""	REMOVE
sub-031/ses-02/func/sub-031_ses-02_task-movie_run-01_sbref.json	InstitutionalDepartmentName	"""Department"""	REMOVE
sub-031/ses-02/func/sub-031_ses-02_task-movie_run-02_part-phase_bold.json	InstitutionalDepartmentName	"""Department"""	REMOVE
sub-031/ses-02/func/sub-031_ses-02_task-movie_run-02_part-phase_sbref.json	InstitutionalDepartmentName	"""Department"""	REMOVE
sub-031/ses-02/func/sub-031_ses-02_task-movie_run-02_sbref.json	InstitutionalDepartmentName	"""Department"""	REMOVE
sub-031/ses-02/func/sub-031_ses-02_task-movie_run-03_bold.json	InstitutionalDepartmentName	"""Department"""	REMOVE
sub-031/ses-02/func/sub-031_ses-02_task-movie_run-03_part-phase_sbref.json	InstitutionalDepartmentName	"""Department"""	REMOVE
sub-031/ses-02/func/sub-031_ses-02_task-movie_run-03_sbref.json	InstitutionalDepartmentName	"""Department"""	REMOVE
sub-031/ses-02/func/sub-031_ses-02_task-movie_run-04_part-phase_bold.json	InstitutionalDepartmentName	"""Department"""	REMOVE
sub-031/ses-02/func/sub-031_ses-02_task-movie_run-04_part-phase_sbref.json	InstitutionalDepartmentName	"""Department"""	REMOVE
sub-031/ses-02/func/sub-031_ses-02_task-movie_run-04_sbref.json	InstitutionalDepartmentName	"""Department"""	REMOVE
sub-031/ses-02/func/sub-031_ses-02_task-movie_run-05_bold.json	InstitutionalDepartmentName	"""Department"""	REMOVE
sub-031/ses-02/func/sub-031_ses-02_task-movie_run-06_part-phase_bold.json	InstitutionalDepartmentName	"""Department"""	REMOVE
sub-031/ses-02/func/sub-031_ses-02_task-movie_run-07_bold.json	InstitutionalDepartmentName	"""Department"""	REMOVE
sub-031/ses-02/func/sub-031_ses-02_task-movie_run-08_part-phase_bold.json	InstitutionalDepartmentName	"""Department"""	REMOVE
sub-031/ses-02/func/sub-031_ses-02_task-rest_run-01_bold.json	InstitutionalDepartmentName	"""Department"""	REMOVE
sub-031/ses-02/func/sub-031_ses-02_task-rest_run-01_part-phase_sbref.json	InstitutionalDepartmentName	"""Department"""	REMOVE
sub-031/ses-02/func/sub-031_ses-02_task-rest_run-01_sbref.json	InstitutionalDepartmentName	"""Department"""	REMOVE
sub-031/ses-02/func/sub-031_ses-02_task-rest_run-02_part-phase_bold.json	InstitutionalDepartmentName	"""Department"""	REMOVE
sub-032/ses-01/anat/sub-032_ses-01_run-01_FLAIR.json	InstitutionalDepartmentName	"""Department"""	REMOVE
sub-032/ses-01/anat/sub-032_ses-01_run-01_T1w.json	InstitutionalDepartmentName	"""Department"""	REMOVE
sub-032/ses-01/anat/sub-032_ses-01_run-01_TB1TFL.json	InstitutionalDepartmentName	"""Department"""	REMOVE
sub-032/ses-01/anat/sub-032_ses-01_run-02_T1w.json	InstitutionalDepartmentName	"""Department"""	REMOVE
sub-032/ses-01/anat/sub-032_ses-01_run-02_TB1TFL.json	InstitutionalDepartmentName	"""Department"""	REMOVE
sub-032/ses-01/anat/sub-032_ses-01_run-03_T1w.json	InstitutionalDepartmentName	"""Department"""	REMOVE
sub-032/ses-01/dwi/sub-032_ses-01_run-01_dwi.json	InstitutionalDepartmentName	"""Department"""	REMOVE
sub-032/ses-01/dwi/sub-032_ses-01_run-02_dwi.json	InstitutionalDepartmentName	"""Department"""	REMOVE
sub-032/ses-01/dwi/sub-032_ses-01_run-05_dwi.json	InstitutionalDepartmentName	"""Department"""	REMOVE
sub-032/ses-01/fmap/sub-032_ses-01_dir-AP_run-01_epi.json	InstitutionalDepartmentName	"""Department"""	REMOVE
sub-032/ses-01/fmap/sub-032_ses-01_dir-AP_run-02_part-phase_epi.json	InstitutionalDepartmentName	"""Department"""	REMOVE
sub-032/ses-01/fmap/sub-032_ses-01_dir-AP_run-03_epi.json	InstitutionalDepartmentName	"""Department"""	REMOVE
sub-032/ses-01/fmap/sub-032_ses-01_dir-AP_run-04_part-phase_epi.json	InstitutionalDepartmentName	"""Department"""	REMOVE
sub-032/ses-01/fmap/sub-032_ses-01_dir-PA_run-01_epi.json	InstitutionalDepartmentName	"""Department"""	REMOVE
sub-032/ses-01/fmap/sub-032_ses-01_dir-PA_run-02_part-phase_epi.json	InstitutionalDepartmentName	"""Department"""	REMOVE
sub-032/ses-01/fmap/sub-032_ses-01_dir-PA_run-03_epi.json	InstitutionalDepartmentName	"""Department"""	REMOVE
sub-032/ses-01/fmap/sub-032_ses-01_dir-PA_run-04_part-phase_epi.json	InstitutionalDepartmentName	"""Department"""	REMOVE
sub-032/ses-01/func/sub-032_ses-01_task-control_run-01_bold.json	InstitutionalDepartmentName	"""Department"""	REMOVE
sub-032/ses-01/func/sub-032_ses-01_task-control_run-01_part-phase_sbref.json	InstitutionalDepartmentName	"""Department"""	REMOVE
sub-032/ses-01/func/sub-032_ses-01_task-control_run-01_sbref.json	InstitutionalDepartmentName	"""Department"""	REMOVE
sub-032/ses-01/func/sub-032_ses-01_task-control_run-02_part-phase_bold.json	InstitutionalDepartmentName	"""Department"""	REMOVE
sub-032/ses-01/func/sub-032_ses-01_task-control_run-02_part-phase_sbref.json	InstitutionalDepartmentName	"""Department"""	REMOVE
sub-032/ses-01/func/sub-032_ses-01_task-control_run-02_sbref.json	InstitutionalDepartmentName	"""Department"""	REMOVE
sub-032/ses-01/func/sub-032_ses-01_task-control_run-03_bold.json	InstitutionalDepartmentName	"""Department"""	REMOVE
sub-032/ses-01/func/sub-032_ses-01_task-control_run-03_part-phase_sbref.json	InstitutionalDepartmentName	"""Department"""	REMOVE
sub-032/ses-01/func/sub-032_ses-01_task-control_run-03_sbref.json	InstitutionalDepartmentName	"""Department"""	REMOVE
sub-032/ses-01/func/sub-032_ses-01_task-control_run-04_part-phase_bold.json	InstitutionalDepartmentName	"""Department"""	REMOVE
sub-032/ses-01/func/sub-032_ses-01_task-control_run-05_bold.json	InstitutionalDepartmentName	"""Department"""	REMOVE
sub-032/ses-01/func/sub-032_ses-01_task-control_run-06_part-phase_bold.json	InstitutionalDepartmentName	"""Department"""	REMOVE
sub-032/ses-01/func/sub-032_ses-01_task-fmri_run-01_bold.json	InstitutionalDepartmentName	"""Department"""	REMOVE
sub-032/ses-01/func/sub-032_ses-01_task-fmri_run-01_part-phase_sbref.json	InstitutionalDepartmentName	"""Department"""	REMOVE
sub-032/ses-01/func/sub-032_ses-01_task-fmri_run-01_sbref.json	InstitutionalDepartmentName	"""Department"""	REMOVE
sub-032/ses-01/func/sub-032_ses-01_task-fmri_run-02_part-phase_bold.json	InstitutionalDepartmentName	"""Department"""	REMOVE
sub-032/ses-01/func/sub-032_ses-01_task-fmri_run-02_part-phase_sbref.json	InstitutionalDepartmentName	"""Department"""	REMOVE
sub-032/ses-01/func/sub-032_ses-01_task-fmri_run-02_sbref.json	InstitutionalDepartmentName	"""Department"""	REMOVE
sub-032/ses-01/func/sub-032_ses-01_task-fmri_run-03_bold.json	InstitutionalDepartmentName	"""Department"""	REMOVE
sub-032/ses-01/func/sub-032_ses-01_task-fmri_run-03_part-phase_sbref.json	InstitutionalDepartmentName	"""Department"""	REMOVE
sub-032/ses-01/func/sub-032_ses-01_task-fmri_run-03_sbref.json	InstitutionalDepartmentName	"""Department"""	REMOVE
sub-032/ses-01/func/sub-032_ses-01_task-fmri_run-04_part-phase_bold.json	InstitutionalDepartmentName	"""Department"""	REMOVE
sub-032/ses-01/func/sub-032_ses-01_task-fmri_run-04_part-phase_sbref.json	InstitutionalDepartmentName	"""Department"""	REMOVE
sub-032/ses-01/func/sub-032_ses-01_task-fmri_run-04_sbref.json	InstitutionalDepartmentName	"""Department"""	REMOVE
sub-032/ses-01/func/sub-032_ses-01_task-fmri_run-05_bold.json	InstitutionalDepartmentName	"""Department"""	REMOVE
sub-032/ses-01/func/sub-032_ses-01_task-fmri_run-06_part-phase_bold.json	InstitutionalDepartmentName	"""Department"""	REMOVE
sub-032/ses-01/func/sub-032_ses-01_task-fmri_run-07_bold.json	InstitutionalDepartmentName	"""Department"""	REMOVE
sub-032/ses-01/func/sub-032_ses-01_task-fmri_run-08_part-phase_bold.json	InstitutionalDepartmentName	"""Department"""	REMOVE
sub-032/ses-01/func/sub-032_ses-01_task-movie_run-01_bold.json	InstitutionalDepartmentName	"""Department"""	REMOVE
sub-032/ses-01/func/sub-032_ses-01_task-movie_run-01_part-phase_sbref.json	InstitutionalDepartmentName	"""Department"""	REMOVE
sub-032/ses-01/func/sub-032_ses-01_task-movie_run-01_sbref.json	InstitutionalDepartmentName	"""Department"""	REMOVE
sub-032/ses-01/func/sub-032_ses-01_task-movie_run-02_part-phase_bold.json	InstitutionalDepartmentName	"""Department"""	REMOVE
sub-032/ses-01/func/sub-032_ses-01_task-movie_run-02_part-phase_sbref.json	InstitutionalDepartmentName	"""Department"""	REMOVE
sub-032/ses-01/func/sub-032_ses-01_task-movie_run-02_sbref.json	InstitutionalDepartmentName	"""Department"""	REMOVE
sub-032/ses-01/func/sub-032_ses-01_task-movie_run-03_bold.json	InstitutionalDepartmentName	"""Department"""	REMOVE
sub-032/ses-01/func/sub-032_ses-01_task-movie_run-03_part-phase_sbref.json	InstitutionalDepartmentName	"""Department"""	REMOVE
sub-032/ses-01/func/sub-032_ses-01_task-movie_run-03_sbref.json	InstitutionalDepartmentName	"""Department"""	REMOVE
sub-032/ses-01/func/sub-032_ses-01_task-movie_run-04_part-phase_bold.json	InstitutionalDepartmentName	"""Department"""	REMOVE
sub-032/ses-01/func/sub-032_ses-01_task-movie_run-04_part-phase_sbref.json	InstitutionalDepartmentName	"""Department"""	REMOVE
sub-032/ses-01/func/sub-032_ses-01_task-movie_run-04_sbref.json	InstitutionalDepartmentName	"""Department"""	REMOVE
sub-032/ses-01/func/sub-032_ses-01_task-movie_run-05_bold.json	InstitutionalDepartmentName	"""Department"""	REMOVE
sub-032/ses-01/func/sub-032_ses-01_task-movie_run-06_part-phase_bold.json	InstitutionalDepartmentName	"""Department"""	REMOVE
sub-032/ses-01/func/sub-032_ses-01_task-movie_run-07_bold.json	InstitutionalDepartmentName	"""Department"""	REMOVE
sub-032/ses-01/func/sub-032_ses-01_task-movie_run-08_part-phase_bold.json	InstitutionalDepartmentName	"""Department"""	REMOVE
sub-032/ses-01/func/sub-032_ses-01_task-rest_run-01_bold.json	InstitutionalDepartmentName	"""Department"""	REMOVE
sub-032/ses-01/func/sub-032_ses-01_task-rest_run-01_part-phase_sbref.json	InstitutionalDepartmentName	"""Department"""	REMOVE
sub-032/ses-01/func/sub-032_ses-01_task-rest_run-01_sbref.json	InstitutionalDepartmentName	"""Department"""	REMOVE
sub-032/ses-01/func/sub-032_ses-01_task-rest_run-02_part-phase_bold.json	InstitutionalDepartmentName	"""Department"""	REMOVE
sub-033/ses-01/anat/sub-033_ses-01_run-01_T1w.json	InstitutionalDepartmentName	"""Department"""	REMOVE
sub-033/ses-01/anat/sub-033_ses-01_run-02_T1w.json	InstitutionalDepartmentName	"""Department"""	REMOVE
sub-033/ses-01/dwi/sub-033_ses-01_run-01_dwi.json	InstitutionalDepartmentName	"""Department"""	REMOVE
sub-033/ses-01/dwi/sub-033_ses-01_run-02_dwi.json	InstitutionalDepartmentName	"""Department"""	REMOVE
sub-033/ses-01/fmap/sub-033_ses-01_dir-AP_run-01_epi.json	InstitutionalDepartmentName	"""Department"""	REMOVE
sub-033/ses-01/fmap/sub-033_ses-01_dir-AP_run-02_part-phase_epi.json	InstitutionalDepartmentName	"""Department"""	REMOVE
sub-033/ses-01/fmap/sub-033_ses-01_dir-AP_run-03_epi.json	InstitutionalDepartmentName	"""Department"""	REMOVE
sub-033/ses-01/fmap/sub-033_ses-01_dir-AP_run-04_part-phase_epi.json	InstitutionalDepartmentName	"""Department"""	REMOVE
sub-033/ses-01/fmap/sub-033_ses-01_dir-PA_run-01_epi.json	InstitutionalDepartmentName	"""Department"""	REMOVE
sub-033/ses-01/fmap/sub-033_ses-01_dir-PA_run-02_part-phase_epi.json	InstitutionalDepartmentName	"""Department"""	REMOVE
sub-033/ses-01/fmap/sub-033_ses-01_dir-PA_run-03_epi.json	InstitutionalDepartmentName	"""Department"""	REMOVE
sub-033/ses-01/fmap/sub-033_ses-01_dir-PA_run-04_part-phase_epi.json	InstitutionalDepartmentName	"""Department"""	REMOVE
sub-033/ses-01/func/sub-033_ses-01_task-control_run-01_bold.json	InstitutionalDepartmentName	"""Department"""	REMOVE
sub-033/ses-01/func/sub-033_ses-01_task-control_run-01_part-phase_sbref.json	InstitutionalDepartmentName	"""Department"""	REMOVE
sub-033/ses-01/func/sub-033_ses-01_task-control_run-01_sbref.json	InstitutionalDepartmentName	"""Department"""	REMOVE
sub-033/ses-01/func/sub-033_ses-01_task-control_run-02_part-phase_bold.json	InstitutionalDepartmentName	"""Department"""	REMOVE
sub-033/ses-01/func/sub-033_ses-01_task-control_run-02_part-phase_sbref.json	InstitutionalDepartmentName	"""Department"""	REMOVE
sub-033/ses-01/func/sub-033_ses-01_task-control_run-02_sbref.json	InstitutionalDepartmentName	"""Department"""	REMOVE
sub-033/ses-01/func/sub-033_ses-01_task-control_run-03_bold.json	InstitutionalDepartmentName	"""Department"""	REMOVE
sub-033/ses-01/func/sub-033_ses-01_task-control_run-03_part-phase_sbref.json	InstitutionalDepartmentName	"""Department"""	REMOVE
sub-033/ses-01/func/sub-033_ses-01_task-control_run-03_sbref.json	InstitutionalDepartmentName	"""Department"""	REMOVE
sub-033/ses-01/func/sub-033_ses-01_task-control_run-04_part-phase_bold.json	InstitutionalDepartmentName	"""Department"""	REMOVE
sub-033/ses-01/func/sub-033_ses-01_task-control_run-05_bold.json	InstitutionalDepartmentName	"""Department"""	REMOVE
sub-033/ses-01/func/sub-033_ses-01_task-control_run-06_part-phase_bold.json	InstitutionalDepartmentName	"""Department"""	REMOVE
sub-033/ses-01/func/sub-033_ses-01_task-fmri_run-01_bold.json	InstitutionalDepartmentName	"""Department"""	REMOVE
sub-033/ses-01/func/sub-033_ses-01_task-fmri_run-01_part-phase_sbref.json	InstitutionalDepartmentName	"""Department"""	REMOVE
sub-033/ses-01/func/sub-033_ses-01_task-fmri_run-01_sbref.json	InstitutionalDepartmentName	"""Department"""	REMOVE
sub-033/ses-01/func/sub-033_ses-01_task-fmri_run-02_part-phase_bold.json	InstitutionalDepartmentName	"""Department"""	REMOVE
sub-033/ses-01/func/sub-033_ses-01_task-fmri_run-02_part-phase_sbref.json	InstitutionalDepartmentName	"""Department"""	REMOVE
sub-033/ses-01/func/sub-033_ses-01_task-fmri_run-02_sbref.json	InstitutionalDepartmentName	"""Department"""	REMOVE
sub-033/ses-01/func/sub-033_ses-01_task-fmri_run-03_bold.json	InstitutionalDepartmentName	"""Department"""	REMOVE
sub-033/ses-01/func/sub-033_ses-01_task-fmri_run-03_part-phase_sbref.json	InstitutionalDepartmentName	"""Department"""	REMOVE
sub-033/ses-01/func/sub-033_ses-01_task-fmri_run-03_sbref.json	InstitutionalDepartmentName	"""Department"""	REMOVE
sub-033/ses-01/func/sub-033_ses-01_task-fmri_run-04_part-phase_bold.json	InstitutionalDepartmentName	"""Department"""	REMOVE
sub-033/ses-01/func/sub-033_ses-01_task-fmri_run-04_part-phase_sbref.json	InstitutionalDepartmentName	"""Department"""	REMOVE
sub-033/ses-01/func/sub-033_ses-01_task-fmri_run-04_sbref.json	InstitutionalDepartmentName	"""Department"""	REMOVE
sub-033/ses-01/func/sub-033_ses-01_task-fmri_run-05_bold.json	InstitutionalDepartmentName	"""Department"""	REMOVE
sub-033/ses-01/func/sub-033_ses-01_task-fmri_run-06_part-phase_bold.json	InstitutionalDepartmentName	"""Department"""	REMOVE
sub-033/ses-01/func/sub-033_ses-01_task-fmri_run-07_bold.json	InstitutionalDepartmentName	"""Department"""	REMOVE
sub-033/ses-01/func/sub-033_ses-01_task-fmri_run-08_part-phase_bold.json	InstitutionalDepartmentName	"""Department"""	REMOVE
sub-033/ses-01/func/sub-033_ses-01_task-movie_run-01_bold.json	InstitutionalDepartmentName	"""Department"""	REMOVE
sub-033/ses-01/func/sub-033_ses-01_task-movie_run-01_part-phase_sbref.json	InstitutionalDepartmentName	"""Department"""	REMOVE
sub-033/ses-01/func/sub-033_ses-01_task-movie_run-01_sbref.json	InstitutionalDepartmentName	"""Department"""	REMOVE
sub-033/ses-01/func/sub-033_ses-01_task-movie_run-02_part-phase_bold.json	InstitutionalDepartmentName	"""Department"""	REMOVE
sub-033/ses-01/func/sub-033_ses-01_task-movie_run-02_part-phase_sbref.json	InstitutionalDepartmentName	"""Department"""	REMOVE
sub-033/ses-01/func/sub-033_ses-01_task-movie_run-02_sbref.json	InstitutionalDepartmentName	"""Department"""	REMOVE
sub-033/ses-01/func/sub-033_ses-01_task-movie_run-03_bold.json	InstitutionalDepartmentName	"""Department"""	REMOVE
sub-033/ses-01/func/sub-033_ses-01_task-movie_run-03_part-phase_sbref.json	InstitutionalDepartmentName	"""Department"""	REMOVE
sub-033/ses-01/func/sub-033_ses-01_task-movie_run-03_sbref.json	InstitutionalDepartmentName	"""Department"""	REMOVE
sub-033/ses-01/func/sub-033_ses-01_task-movie_run-04_part-phase_bold.json	InstitutionalDepartmentName	"""Department"""	REMOVE
sub-033/ses-01/func/sub-033_ses-01_task-movie_run-04_part-phase_sbref.json	InstitutionalDepartmentName	"""Department"""	REMOVE
sub-033/ses-01/func/sub-033_ses-01_task-movie_run-04_sbref.json	InstitutionalDepartmentName	"""Department"""	REMOVE
sub-033/ses-01/func/sub-033_ses-01_task-movie_run-05_bold.json	InstitutionalDepartmentName	"""Department"""	REMOVE
sub-033/ses-01/func/sub-033_ses-01_task-movie_run-06_part-phase_bold.json	InstitutionalDepartmentName	"""Department"""	REMOVE
sub-033/ses-01/func/sub-033_ses-01_task-movie_run-07_bold.json	InstitutionalDepartmentName	"""Department"""	REMOVE
sub-033/ses-01/func/sub-033_ses-01_task-movie_run-08_part-phase_bold.json	InstitutionalDepartmentName	"""Department"""	REMOVE
sub-033/ses-01/func/sub-033_ses-01_task-rest_run-01_bold.json	InstitutionalDepartmentName	"""Department"""	REMOVE
sub-033/ses-01/func/sub-033_ses-01_task-rest_run-01_part-phase_sbref.json	InstitutionalDepartmentName	"""Department"""	REMOVE
sub-033/ses-01/func/sub-033_ses-01_task-rest_run-01_sbref.json	InstitutionalDepartmentName	"""Department"""	REMOVE
sub-033/ses-01/func/sub-033_ses-01_task-rest_run-02_part-phase_bold.json	InstitutionalDepartmentName	"""Department"""	REMOVE
sub-034/ses-01/anat/sub-034_ses-01_run-01_FLAIR.json	InstitutionalDepartmentName	"""Department"""	REMOVE
sub-034/ses-01/anat/sub-034_ses-01_run-01_T1w.json	InstitutionalDepartmentName	"""Department"""	REMOVE
sub-034/ses-01/anat/sub-034_ses-01_run-01_TB1TFL.json	InstitutionalDepartmentName	"""Department"""	REMOVE
sub-034/ses-01/anat/sub-034_ses-01_run-02_T1w.json	InstitutionalDepartmentName	"""Department"""	REMOVE
sub-034/ses-01/anat/sub-034_ses-01_run-02_TB1TFL.json	InstitutionalDepartmentName	"""Department"""	REMOVE
sub-034/ses-01/anat/sub-034_ses-01_run-03_T1w.json	InstitutionalDepartmentName	"""Department"""	REMOVE
sub-034/ses-01/dwi/sub-034_ses-01_run-01_dwi.json	InstitutionalDepartmentName	"""Department"""	REMOVE
sub-034/ses-01/dwi/sub-034_ses-01_run-02_dwi.json	InstitutionalDepartmentName	"""Department"""	REMOVE
sub-034/ses-01/dwi/sub-034_ses-01_run-05_dwi.json	InstitutionalDepartmentName	"""Department"""	REMOVE
sub-034/ses-01/fmap/sub-034_ses-01_dir-AP_run-01_epi.json	InstitutionalDepartmentName	"""Department"""	REMOVE
sub-034/ses-01/fmap/sub-034_ses-01_dir-AP_run-02_part-phase_epi.json	InstitutionalDepartmentName	"""Department"""	REMOVE
sub-034/ses-01/fmap/sub-034_ses-01_dir-AP_run-03_epi.json	InstitutionalDepartmentName	"""Department"""	REMOVE
sub-034/ses-01/fmap/sub-034_ses-01_dir-AP_run-04_part-phase_epi.json	InstitutionalDepartmentName	"""Department"""	REMOVE
sub-034/ses-01/fmap/sub-034_ses-01_dir-PA_run-01_epi.json	InstitutionalDepartmentName	"""Department"""	REMOVE
sub-034/ses-01/fmap/sub-034_ses-01_dir-PA_run-02_part-phase_epi.json	InstitutionalDepartmentName	"""Department"""	REMOVE
sub-034/ses-01/fmap/sub-034_ses-01_dir-PA_run-03_epi.json	InstitutionalDepartmentName	"""Department"""	REMOVE
sub-034/ses-01/fmap/sub-034_ses-01_dir-PA_run-04_part-phase_epi.json	InstitutionalDepartmentName	"""Department"""	REMOVE
sub-034/ses-01/func/sub-034_ses-01_task-control_run-01_bold.json	InstitutionalDepartmentName	"""Department"""	REMOVE
sub-034/ses-01/func/sub-034_ses-01_task-control_run-01_part-phase_sbref.json	InstitutionalDepartmentName	"""Department"""	REMOVE
sub-034/ses-01/func/sub-034_ses-01_task-control_run-01_sbref.json	InstitutionalDepartmentName	"""Department"""	REMOVE
sub-034/ses-01/func/sub-034_ses-01_task-control_run-02_part-phase_bold.json	InstitutionalDepartmentName	"""Department"""	REMOVE
sub-034/ses-01/func/sub-034_ses-01_task-control_run-02_part-phase_sbref.json	InstitutionalDepartmentName	"""Department"""	REMOVE
sub-034/ses-01/func/sub-034_ses-01_task-control_run-02_sbref.json	InstitutionalDepartmentName	"""Department"""	REMOVE
sub-034/ses-01/func/sub-034_ses-01_task-control_run-03_bold.json	InstitutionalDepartmentName	"""Department"""	REMOVE
sub-034/ses-01/func/sub-034_ses-01_task-control_run-03_part-phase_sbref.json	InstitutionalDepartmentName	"""Department"""	REMOVE
sub-034/ses-01/func/sub-034_ses-01_task-control_run-03_sbref.json	InstitutionalDepartmentName	"""Department"""	REMOVE
sub-034/ses-01/func/sub-034_ses-01_task-control_run-04_part-phase_bold.json	InstitutionalDepartmentName	"""Department"""	REMOVE
sub-034/ses-01/func/sub-034_ses-01_task-control_run-05_bold.json	InstitutionalDepartmentName	"""Department"""	REMOVE
sub-034/ses-01/func/sub-034_ses-01_task-control_run-06_part-phase_bold.json	InstitutionalDepartmentName	"""Department"""	REMOVE
sub-034/ses-01/func/sub-034_ses-01_task-fmri_run-01_bold.json	InstitutionalDepartmentName	"""Department"""	REMOVE
sub-034/ses-01/func/sub-034_ses-01_task-fmri_run-01_part-phase_sbref.json	InstitutionalDepartmentName	"""Department"""	REMOVE
sub-034/ses-01/func/sub-034_ses-01_task-fmri_run-01_sbref.json	InstitutionalDepartmentName	"""Department"""	REMOVE
sub-034/ses-01/func/sub-034_ses-01_task-fmri_run-02_part-phase_bold.json	InstitutionalDepartmentName	"""Department"""	REMOVE
sub-034/ses-01/func/sub-034_ses-01_task-fmri_run-02_part-phase_sbref.json	InstitutionalDepartmentName	"""Department"""	REMOVE
sub-034/ses-01/func/sub-034_ses-01_task-fmri_run-02_sbref.json	InstitutionalDepartmentName	"""Department"""	REMOVE
sub-034/ses-01/func/sub-034_ses-01_task-fmri_run-03_bold.json	InstitutionalDepartmentName	"""Department"""	REMOVE
sub-034/ses-01/func/sub-034_ses-01_task-fmri_run-03_part-phase_sbref.json	InstitutionalDepartmentName	"""Department"""	REMOVE
sub-034/ses-01/func/sub-034_ses-01_task-fmri_run-03_sbref.json	InstitutionalDepartmentName	"""Department"""	REMOVE
sub-034/ses-01/func/sub-034_ses-01_task-fmri_run-04_part-phase_bold.json	InstitutionalDepartmentName	"""Department"""	REMOVE
sub-034/ses-01/func/sub-034_ses-01_task-fmri_run-04_part-phase_sbref.json	InstitutionalDepartmentName	"""Department"""	REMOVE
sub-034/ses-01/func/sub-034_ses-01_task-fmri_run-04_sbref.json	InstitutionalDepartmentName	"""Department"""	REMOVE
sub-034/ses-01/func/sub-034_ses-01_task-fmri_run-05_bold.json	InstitutionalDepartmentName	"""Department"""	REMOVE
sub-034/ses-01/func/sub-034_ses-01_task-fmri_run-06_part-phase_bold.json	InstitutionalDepartmentName	"""Department"""	REMOVE
sub-034/ses-01/func/sub-034_ses-01_task-fmri_run-07_bold.json	InstitutionalDepartmentName	"""Department"""	REMOVE
sub-034/ses-01/func/sub-034_ses-01_task-fmri_run-08_part-phase_bold.json	InstitutionalDepartmentName	"""Department"""	REMOVE
sub-034/ses-01/func/sub-034_ses-01_task-movie_run-01_bold.json	InstitutionalDepartmentName	"""Department"""	REMOVE
sub-034/ses-01/func/sub-034_ses-01_task-movie_run-01_part-phase_sbref.json	InstitutionalDepartmentName	"""Department"""	REMOVE
sub-034/ses-01/func/sub-034_ses-01_task-movie_run-01_sbref.json	InstitutionalDepartmentName	"""Department"""	REMOVE
sub-034/ses-01/func/sub-034_ses-01_task-movie_run-02_part-phase_bold.json	InstitutionalDepartmentName	"""Department"""	REMOVE
sub-034/ses-01/func/sub-034_ses-01_task-movie_run-02_part-phase_sbref.json	InstitutionalDepartmentName	"""Department"""	REMOVE
sub-034/ses-01/func/sub-034_ses-01_task-movie_run-02_sbref.json	InstitutionalDepartmentName	"""Department"""	REMOVE
sub-034/ses-01/func/sub-034_ses-01_task-movie_run-03_bold.json	InstitutionalDepartmentName	"""Department"""	REMOVE
sub-034/ses-01/func/sub-034_ses-01_task-movie_run-03_part-phase_sbref.json	InstitutionalDepartmentName	"""Department"""	REMOVE
sub-034/ses-01/func/sub-034_ses-01_task-movie_run-03_sbref.json	InstitutionalDepartmentName	"""Department"""	REMOVE
sub-034/ses-01/func/sub-034_ses-01_task-movie_run-04_part-phase_bold.json	InstitutionalDepartmentName	"""Department"""	REMOVE
sub-034/ses-01/func/sub-034_ses-01_task-movie_run-04_part-phase_sbref.json	InstitutionalDepartmentName	"""Department"""	REMOVE
sub-034/ses-01/func/sub-034_ses-01_task-movie_run-04_sbref.json	InstitutionalDepartmentName	"""Department"""	REMOVE
sub-034/ses-01/func/sub-034_ses-01_task-movie_run-05_bold.json	InstitutionalDepartmentName	"""Department"""	REMOVE
sub-034/ses-01/func/sub-034_ses-01_task-movie_run-06_part-phase_bold.json	InstitutionalDepartmentName	"""Department"""	REMOVE
sub-034/ses-01/func/sub-034_ses-01_task-movie_run-07_bold.json	InstitutionalDepartmentName	"""Department"""	REMOVE
sub-034/ses-01/func/sub-034_ses-01_task-movie_run-08_part-phase_bold.json	InstitutionalDepartmentName	"""Department"""	REMOVE
sub-034/ses-01/func/sub-034_ses-01_task-rest_run-01_bold.json	InstitutionalDepartmentName	"""Department"""	REMOVE
sub-034/ses-01/func/sub-034_ses-01_task-rest_run-01_part-phase_sbref.json	InstitutionalDepartmentName	"""Department"""	REMOVE
sub-034/ses-01/func/sub-034_ses-01_task-rest_run-01_sbref.json	InstitutionalDepartmentName	"""Department"""	REMOVE
sub-034/ses-01/func/sub-034_ses-01_task-rest_run-02_part-phase_bold.json	InstitutionalDepartmentName	"""Department"""	REMOVE
sub-034/ses-02/anat/sub-034_ses-02_run-01_FLAIR.json	InstitutionalDepartmentName	"""Department"""	REMOVE
sub-034/ses-02/anat/sub-034_ses-02_run-01_T1w.json	InstitutionalDepartmentName	"""Department"""	REMOVE
sub-034/ses-02/anat/sub-034_ses-02_run-01_TB1TFL.json	InstitutionalDepartmentName	"""Department"""	REMOVE
sub-034/ses-02/anat/sub-034_ses-02_run-02_T1w.json	InstitutionalDepartmentName	"""Department"""	REMOVE
sub-034/ses-02/anat/sub-034_ses-02_run-02_TB1TFL.json	InstitutionalDepartmentName	"""Department"""	REMOVE
sub-034/ses-02/anat/sub-034_ses-02_run-03_T1w.json	InstitutionalDepartmentName	"""Department"""	REMOVE
sub-034/ses-02/dwi/sub-034_ses-02_run-01_dwi.json	InstitutionalDepartmentName	"""Department"""	REMOVE
sub-034/ses-02/dwi/sub-034_ses-02_run-02_dwi.json	InstitutionalDepartmentName	"""Department"""	REMOVE
sub-034/ses-02/dwi/sub-034_ses-02_run-05_dwi.json	InstitutionalDepartmentName	"""Department"""	REMOVE
sub-034/ses-02/fmap/sub-034_ses-02_dir-AP_run-01_epi.json	InstitutionalDepartmentName	"""Department"""	REMOVE
sub-034/ses-02/fmap/sub-034_ses-02_dir-AP_run-02_part-phase_epi.json	InstitutionalDepartmentName	"""Department"""	REMOVE
sub-034/ses-02/fmap/sub-034_ses-02_dir-AP_run-03_epi.json	InstitutionalDepartmentName	"""Department"""	REMOVE
sub-034/ses-02/fmap/sub-034_ses-02_dir-AP_run-04_part-phase_epi.json	InstitutionalDepartmentName	"""Department"""	REMOVE
sub-034/ses-02/fmap/sub-034_ses-02_dir-PA_run-01_epi.json	InstitutionalDepartmentName	"""Department"""	REMOVE
sub-034/ses-02/fmap/sub-034_ses-02_dir-PA_run-02_part-phase_epi.json	InstitutionalDepartmentName	"""Department"""	REMOVE
sub-034/ses-02/fmap/sub-034_ses-02_dir-PA_run-03_epi.json	InstitutionalDepartmentName	"""Department"""	REMOVE
sub-034/ses-02/fmap/sub-034_ses-02_dir-PA_run-04_part-phase_epi.json	InstitutionalDepartmentName	"""Department"""	REMOVE
sub-034/ses-02/func/sub-034_ses-02_task-control_run-01_bold.json	InstitutionalDepartmentName	"""Department"""	REMOVE
sub-034/ses-02/func/sub-034_ses-02_task-control_run-01_part-phase_sbref.json	InstitutionalDepartmentName	"""Department"""	REMOVE
sub-034/ses-02/func/sub-034_ses-02_task-control_run-01_sbref.json	InstitutionalDepartmentName	"""Department"""	REMOVE
sub-034/ses-02/func/sub-034_ses-02_task-control_run-02_part-phase_bold.json	InstitutionalDepartmentName	"""Department"""	REMOVE
sub-034/ses-02/func/sub-034_ses-02_task-control_run-02_part-phase_sbref.json	InstitutionalDepartmentName	"""Department"""	REMOVE
sub-034/ses-02/func/sub-034_ses-02_task-control_run-02_sbref.json	InstitutionalDepartmentName	"""Department"""	REMOVE
sub-034/ses-02/func/sub-034_ses-02_task-control_run-03_bold.json	InstitutionalDepartmentName	"""Department"""	REMOVE
sub-034/ses-02/func/sub-034_ses-02_task-control_run-03_part-phase_sbref.json	InstitutionalDepartmentName	"""Department"""	REMOVE
sub-034/ses-02/func/sub-034_ses-02_task-control_run-03_sbref.json	InstitutionalDepartmentName	"""Department"""	REMOVE
sub-034/ses-02/func/sub-034_ses-02_task-control_run-04_part-phase_bold.json	InstitutionalDepartmentName	"""Department"""	REMOVE
sub-034/ses-02/func/sub-034_ses-02_task-control_run-05_bold.json	InstitutionalDepartmentName	"""Department"""	REMOVE
sub-034/ses-02/func/sub-034_ses-02_task-control_run-06_part-phase_bold.json	InstitutionalDepartmentName	"""Department"""	REMOVE
sub-034/ses-02/func/sub-034_ses-02_task-fmri_run-01_bold.json	InstitutionalDepartmentName	"""Department"""	REMOVE
sub-034/ses-02/func/sub-034_ses-02_task-fmri_run-01_part-phase_sbref.json	InstitutionalDepartmentName	"""Department"""	REMOVE
sub-034/ses-02/func/sub-034_ses-02_task-fmri_run-01_sbref.json	InstitutionalDepartmentName	"""Department"""	REMOVE
sub-034/ses-02/func/sub-034_ses-02_task-fmri_run-02_part-phase_bold.json	InstitutionalDepartmentName	"""Department"""	REMOVE
sub-034/ses-02/func/sub-034_ses-02_task-fmri_run-02_part-phase_sbref.json	InstitutionalDepartmentName	"""Department"""	REMOVE
sub-034/ses-02/func/sub-034_ses-02_task-fmri_run-02_sbref.json	InstitutionalDepartmentName	"""Department"""	REMOVE
sub-034/ses-02/func/sub-034_ses-02_task-fmri_run-03_bold.json	InstitutionalDepartmentName	"""Department"""	REMOVE
sub-034/ses-02/func/sub-034_ses-02_task-fmri_run-03_part-phase_sbref.json	InstitutionalDepartmentName	"""Department"""	REMOVE
sub-034/ses-02/func/sub-034_ses-02_task-fmri_run-03_sbref.json	InstitutionalDepartmentName	"""Department"""	REMOVE
sub-034/ses-02/func/sub-034_ses-02_task-fmri_run-04_part-phase_bold.json	InstitutionalDepartmentName	"""Department"""	REMOVE
sub-034/ses-02/func/sub-034_ses-02_task-fmri_run-04_part-phase_sbref.json	InstitutionalDepartmentName	"""Department"""	REMOVE
sub-034/ses-02/func/sub-034_ses-02_task-fmri_run-04_sbref.json	InstitutionalDepartmentName	"""Department"""	REMOVE
sub-034/ses-02/func/sub-034_ses-02_task-fmri_run-05_bold.json	InstitutionalDepartmentName	"""Department"""	REMOVE
sub-034/ses-02/func/sub-034_ses-02_task-fmri_run-06_part-phase_bold.json	InstitutionalDepartmentName	"""Department"""	REMOVE
sub-034/ses-02/func/sub-034_ses-02_task-fmri_run-07_bold.json	InstitutionalDepartmentName	"""Department"""	REMOVE
sub-034/ses-02/func/sub-034_ses-02_task-fmri_run-08_part-phase_bold.json	InstitutionalDepartmentName	"""Department"""	REMOVE
sub-034/ses-02/func/sub-034_ses-02_task-movie_run-01_bold.json	InstitutionalDepartmentName	"""Department"""	REMOVE
sub-034/ses-02/func/sub-034_ses-02_task-movie_run-01_part-phase_sbref.json	InstitutionalDepartmentName	"""Department"""	REMOVE
sub-034/ses-02/func/sub-034_ses-02_task-movie_run-01_sbref.json	InstitutionalDepartmentName	"""Department"""	REMOVE
sub-034/ses-02/func/sub-034_ses-02_task-movie_run-02_part-phase_bold.json	InstitutionalDepartmentName	"""Department"""	REMOVE
sub-034/ses-02/func/sub-034_ses-02_task-movie_run-02_part-phase_sbref.json	InstitutionalDepartmentName	"""Department"""	REMOVE
sub-034/ses-02/func/sub-034_ses-02_task-movie_run-02_sbref.json	InstitutionalDepartmentName	"""Department"""	REMOVE
sub-034/ses-02/func/sub-034_ses-02_task-movie_run-03_bold.json	InstitutionalDepartmentName	"""Department"""	REMOVE
sub-034/ses-02/func/sub-034_ses-02_task-movie_run-03_part-phase_sbref.json	InstitutionalDepartmentName	"""Department"""	REMOVE
sub-034/ses-02/func/sub-034_ses-02_task-movie_run-03_sbref.json	InstitutionalDepartmentName	"""Department"""	REMOVE
sub-034/ses-02/func/sub-034_ses-02_task-movie_run-04_part-phase_bold.json	InstitutionalDepartmentName	"""Department"""	REMOVE
sub-034/ses-02/func/sub-034_ses-02_task-movie_run-04_part-phase_sbref.json	InstitutionalDepartmentName	"""Department"""	REMOVE
sub-034/ses-02/func/sub-034_ses-02_task-movie_run-04_sbref.json	InstitutionalDepartmentName	"""Department"""	REMOVE
sub-034/ses-02/func/sub-034_ses-02_task-movie_run-05_bold.json	InstitutionalDepartmentName	"""Department"""	REMOVE
sub-034/ses-02/func/sub-034_ses-02_task-movie_run-06_part-phase_bold.json	InstitutionalDepartmentName	"""Department"""	REMOVE
sub-034/ses-02/func/sub-034_ses-02_task-movie_run-07_bold.json	InstitutionalDepartmentName	"""Department"""	REMOVE
sub-034/ses-02/func/sub-034_ses-02_task-movie_run-08_part-phase_bold.json	InstitutionalDepartmentName	"""Department"""	REMOVE
sub-034/ses-02/func/sub-034_ses-02_task-rest_run-01_bold.json	InstitutionalDepartmentName	"""Department"""	REMOVE
sub-034/ses-02/func/sub-034_ses-02_task-rest_run-01_part-phase_sbref.json	InstitutionalDepartmentName	"""Department"""	REMOVE
sub-034/ses-02/func/sub-034_ses-02_task-rest_run-01_sbref.json	InstitutionalDepartmentName	"""Department"""	REMOVE
sub-034/ses-02/func/sub-034_ses-02_task-rest_run-02_part-phase_bold.json	InstitutionalDepartmentName	"""Department"""	REMOVE
sub-035/ses-01/anat/sub-035_ses-01_run-01_FLAIR.json	InstitutionalDepartmentName	"""Department"""	REMOVE
sub-035/ses-01/anat/sub-035_ses-01_run-01_T1w.json	InstitutionalDepartmentName	"""Department"""	REMOVE
sub-035/ses-01/anat/sub-035_ses-01_run-01_TB1TFL.json	InstitutionalDepartmentName	"""Department"""	REMOVE
sub-035/ses-01/anat/sub-035_ses-01_run-02_T1w.json	InstitutionalDepartmentName	"""Department"""	REMOVE
sub-035/ses-01/anat/sub-035_ses-01_run-02_TB1TFL.json	InstitutionalDepartmentName	"""Department"""	REMOVE
sub-035/ses-01/anat/sub-035_ses-01_run-03_T1w.json	InstitutionalDepartmentName	"""Department"""	REMOVE
sub-035/ses-01/dwi/sub-035_ses-01_run-01_dwi.json	InstitutionalDepartmentName	"""Department"""	REMOVE
sub-035/ses-01/dwi/sub-035_ses-01_run-02_dwi.json	InstitutionalDepartmentName	"""Department"""	REMOVE
sub-035/ses-01/dwi/sub-035_ses-01_run-05_dwi.json	InstitutionalDepartmentName	"""Department"""	REMOVE
sub-035/ses-01/fmap/sub-035_ses-01_dir-AP_run-01_epi.json	InstitutionalDepartmentName	"""Department"""	REMOVE
sub-035/ses-01/fmap/sub-035_ses-01_dir-AP_run-02_part-phase_epi.json	InstitutionalDepartmentName	"""Department"""	REMOVE
sub-035/ses-01/fmap/sub-035_ses-01_dir-AP_run-03_epi.json	InstitutionalDepartmentName	"""Department"""	REMOVE
sub-035/ses-01/fmap/sub-035_ses-01_dir-AP_run-04_part-phase_epi.json	InstitutionalDepartmentName	"""Department"""	REMOVE
sub-035/ses-01/fmap/sub-035_ses-01_dir-PA_run-01_epi.json	InstitutionalDepartmentName	"""Department"""	REMOVE
sub-035/ses-01/fmap/sub-035_ses-01_dir-PA_run-02_part-phase_epi.json	InstitutionalDepartmentName	"""Department"""	REMOVE
sub-035/ses-01/fmap/sub-035_ses-01_dir-PA_run-03_epi.json	InstitutionalDepartmentName	"""Department"""	REMOVE
sub-035/ses-01/fmap/sub-035_ses-01_dir-PA_run-04_part-phase_epi.json	InstitutionalDepartmentName	"""Department"""	REMOVE
sub-035/ses-01/func/sub-035_ses-01_task-control_run-01_bold.json	InstitutionalDepartmentName	"""Department"""	REMOVE
sub-035/ses-01/func/sub-035_ses-01_task-control_run-01_part-phase_sbref.json	InstitutionalDepartmentName	"""Department"""	REMOVE
sub-035/ses-01/func/sub-035_ses-01_task-control_run-01_sbref.json	InstitutionalDepartmentName	"""Department"""	REMOVE
sub-035/ses-01/func/sub-035_ses-01_task-control_run-02_part-phase_bold.json	InstitutionalDepartmentName	"""Department"""	REMOVE
sub-035/ses-01/func/sub-035_ses-01_task-control_run-02_part-phase_sbref.json	InstitutionalDepartmentName	"""Department"""	REMOVE
sub-035/ses-01/func/sub-035_ses-01_task-control_run-02_sbref.json	InstitutionalDepartmentName	"""Department"""	REMOVE
sub-035/ses-01/func/sub-035_ses-01_task-control_run-03_bold.json	InstitutionalDepartmentName	"""Department"""	REMOVE
sub-035/ses-01/func/sub-035_ses-01_task-control_run-03_part-phase_sbref.json	InstitutionalDepartmentName	"""Department"""	REMOVE
sub-035/ses-01/func/sub-035_ses-01_task-control_run-03_sbref.json	InstitutionalDepartmentName	"""Department"""	REMOVE
sub-035/ses-01/func/sub-035_ses-01_task-control_run-04_part-phase_bold.json	InstitutionalDepartmentName	"""Department"""	REMOVE
sub-035/ses-01/func/sub-035_ses-01_task-control_run-05_bold.json	InstitutionalDepartmentName	"""Department"""	REMOVE
sub-035/ses-01/func/sub-035_ses-01_task-control_run-06_part-phase_bold.json	InstitutionalDepartmentName	"""Department"""	REMOVE
sub-035/ses-01/func/sub-035_ses-01_task-fmri_run-01_bold.json	InstitutionalDepartmentName	"""Department"""	REMOVE
sub-035/ses-01/func/sub-035_ses-01_task-fmri_run-01_part-phase_sbref.json	InstitutionalDepartmentName	"""Department"""	REMOVE
sub-035/ses-01/func/sub-035_ses-01_task-fmri_run-01_sbref.json	InstitutionalDepartmentName	"""Department"""	REMOVE
sub-035/ses-01/func/sub-035_ses-01_task-fmri_run-02_part-phase_bold.json	InstitutionalDepartmentName	"""Department"""	REMOVE
sub-035/ses-01/func/sub-035_ses-01_task-fmri_run-02_part-phase_sbref.json	InstitutionalDepartmentName	"""Department"""	REMOVE
sub-035/ses-01/func/sub-035_ses-01_task-fmri_run-02_sbref.json	InstitutionalDepartmentName	"""Department"""	REMOVE
sub-035/ses-01/func/sub-035_ses-01_task-fmri_run-03_bold.json	InstitutionalDepartmentName	"""Department"""	REMOVE
sub-035/ses-01/func/sub-035_ses-01_task-fmri_run-03_part-phase_sbref.json	InstitutionalDepartmentName	"""Department"""	REMOVE
sub-035/ses-01/func/sub-035_ses-01_task-fmri_run-03_sbref.json	InstitutionalDepartmentName	"""Department"""	REMOVE
sub-035/ses-01/func/sub-035_ses-01_task-fmri_run-04_part-phase_bold.json	InstitutionalDepartmentName	"""Department"""	REMOVE
sub-035/ses-01/func/sub-035_ses-01_task-fmri_run-04_part-phase_sbref.json	InstitutionalDepartmentName	"""Department"""	REMOVE
sub-035/ses-01/func/sub-035_ses-01_task-fmri_run-04_sbref.json	InstitutionalDepartmentName	"""Department"""	REMOVE
sub-035/ses-01/func/sub-035_ses-01_task-fmri_run-05_bold.json	InstitutionalDepartmentName	"""Department"""	REMOVE
sub-035/ses-01/func/sub-035_ses-01_task-fmri_run-06_part-phase_bold.json	InstitutionalDepartmentName	"""Department"""	REMOVE
sub-035/ses-01/func/sub-035_ses-01_task-fmri_run-07_bold.json	InstitutionalDepartmentName	"""Department"""	REMOVE
sub-035/ses-01/func/sub-035_ses-01_task-fmri_run-08_part-phase_bold.json	InstitutionalDepartmentName	"""Department"""	REMOVE
sub-035/ses-01/func/sub-035_ses-01_task-movie_run-01_bold.json	InstitutionalDepartmentName	"""Department"""	REMOVE
sub-035/ses-01/func/sub-035_ses-01_task-movie_run-01_part-phase_sbref.json	InstitutionalDepartmentName	"""Department"""	REMOVE
sub-035/ses-01/func/sub-035_ses-01_task-movie_run-01_sbref.json	InstitutionalDepartmentName	"""Department"""	REMOVE
sub-035/ses-01/func/sub-035_ses-01_task-movie_run-02_part-phase_bold.json	InstitutionalDepartmentName	"""Department"""	REMOVE
sub-035/ses-01/func/sub-035_ses-01_task-movie_run-02_part-phase_sbref.json	InstitutionalDepartmentName	"""Department"""	REMOVE
sub-035/ses-01/func/sub-035_ses-01_task-movie_run-02_sbref.json	InstitutionalDepartmentName	"""Department"""	REMOVE
sub-035/ses-01/func/sub-035_ses-01_task-movie_run-03_bold.json	InstitutionalDepartmentName	"""Department"""	REMOVE
sub-035/ses-01/func/sub-035_ses-01_task-movie_run-03_part-phase_sbref.json	InstitutionalDepartmentName	"""Department"""	REMOVE
sub-035/ses-01/func/sub-035_ses-01_task-movie_run-03_sbref.json	InstitutionalDepartmentName	"""Department"""	REMOVE
sub-035/ses-01/func/sub-035_ses-01_task-movie_run-04_part-phase_bold.json	InstitutionalDepartmentName	"""Department"""	REMOVE
sub-035/ses-01/func/sub-035_ses-01_task-movie_run-04_part-phase_sbref.json	InstitutionalDepartmentName	"""Department"""	REMOVE
sub-035/ses-01/func/sub-035_ses-01_task-movie_run-04_sbref.json	InstitutionalDepartmentName	"""Department"""	REMOVE
sub-035/ses-01/func/sub-035_ses-01_task-movie_run-05_bold.json	InstitutionalDepartmentName	"""Department"""	REMOVE
sub-035/ses-01/func/sub-035_ses-01_task-movie_run-06_part-phase_bold.json	InstitutionalDepartmentName	"""Department"""	REMOVE
sub-035/ses-01/func/sub-035_ses-01_task-movie_run-07_bold.json	InstitutionalDepartmentName	"""Department"""	REMOVE
sub-035/ses-01/func/sub-035_ses-01_task-movie_run-08_part-phase_bold.json	InstitutionalDepartmentName	"""Department"""	REMOVE
sub-035/ses-01/func/sub-035_ses-01_task-rest_run-01_bold.json	InstitutionalDepartmentName	"""Department"""	REMOVE
sub-035/ses-01/func/sub-035_ses-01_task-rest_run-01_part-phase_sbref.json	InstitutionalDepartmentName	"""Department"""	REMOVE
sub-035/ses-01/func/sub-035_ses-01_task-rest_run-01_sbref.json	InstitutionalDepartmentName	"""Department"""	REMOVE
sub-035/ses-01/func/sub-035_ses-01_task-rest_run-02_part-phase_bold.json	InstitutionalDepartmentName	"""Department"""	REMOVE
sub-035/ses-02/anat/sub-035_ses-02_run-01_FLAIR.json	InstitutionalDepartmentName	"""Department"""	REMOVE
sub-035/ses-02/anat/sub-035_ses-02_run-01_T1w.json	InstitutionalDepartmentName	"""Department"""	REMOVE
sub-035/ses-02/anat/sub-035_ses-02_run-01_TB1TFL.json	InstitutionalDepartmentName	"""Department"""	REMOVE
sub-035/ses-02/anat/sub-035_ses-02_run-02_T1w.json	InstitutionalDepartmentName	"""Department"""	REMOVE
sub-035/ses-02/anat/sub-035_ses-02_run-02_TB1TFL.json	InstitutionalDepartmentName	"""Department"""	REMOVE
sub-035/ses-02/anat/sub-035_ses-02_run-03_T1w.json	InstitutionalDepartmentName	"""Department"""	REMOVE
sub-035/ses-02/dwi/sub-035_ses-02_run-01_dwi.json	InstitutionalDepartmentName	"""Department"""	REMOVE
sub-035/ses-02/dwi/sub-035_ses-02_run-02_dwi.json	InstitutionalDepartmentName	"""Department"""	REMOVE
sub-035/ses-02/dwi/sub-035_ses-02_run-05_dwi.json	InstitutionalDepartmentName	"""Department"""	REMOVE
sub-035/ses-02/fmap/sub-035_ses-02_dir-AP_run-01_epi.json	InstitutionalDepartmentName	"""Department"""	REMOVE
sub-035/ses-02/fmap/sub-035_ses-02_dir-AP_run-02_part-phase_epi.json	InstitutionalDepartmentName	"""Department"""	REMOVE
sub-035/ses-02/fmap/sub-035_ses-02_dir-AP_run-03_epi.json	InstitutionalDepartmentName	"""Department"""	REMOVE
sub-035/ses-02/fmap/sub-035_ses-02_dir-AP_run-04_part-phase_epi.json	InstitutionalDepartmentName	"""Department"""	REMOVE
sub-035/ses-02/fmap/sub-035_ses-02_dir-PA_run-01_epi.json	InstitutionalDepartmentName	"""Department"""	REMOVE
sub-035/ses-02/fmap/sub-035_ses-02_dir-PA_run-02_part-phase_epi.json	InstitutionalDepartmentName	"""Department"""	REMOVE
sub-035/ses-02/fmap/sub-035_ses-02_dir-PA_run-03_epi.json	InstitutionalDepartmentName	"""Department"""	REMOVE
sub-035/ses-02/fmap/sub-035_ses-02_dir-PA_run-04_part-phase_epi.json	InstitutionalDepartmentName	"""Department"""	REMOVE
sub-035/ses-02/func/sub-035_ses-02_task-control_run-01_bold.json	InstitutionalDepartmentName	"""Department"""	REMOVE
sub-035/ses-02/func/sub-035_ses-02_task-control_run-01_part-phase_sbref.json	InstitutionalDepartmentName	"""Department"""	REMOVE
sub-035/ses-02/func/sub-035_ses-02_task-control_run-01_sbref.json	InstitutionalDepartmentName	"""Department"""	REMOVE
sub-035/ses-02/func/sub-035_ses-02_task-control_run-02_part-phase_bold.json	InstitutionalDepartmentName	"""Department"""	REMOVE
sub-035/ses-02/func/sub-035_ses-02_task-control_run-02_part-phase_sbref.json	InstitutionalDepartmentName	"""Department"""	REMOVE
sub-035/ses-02/func/sub-035_ses-02_task-control_run-02_sbref.json	InstitutionalDepartmentName	"""Department"""	REMOVE
sub-035/ses-02/func/sub-035_ses-02_task-control_run-03_bold.json	InstitutionalDepartmentName	"""Department"""	REMOVE
sub-035/ses-02/func/sub-035_ses-02_task-control_run-03_part-phase_sbref.json	InstitutionalDepartmentName	"""Department"""	REMOVE
sub-035/ses-02/func/sub-035_ses-02_task-control_run-03_sbref.json	InstitutionalDepartmentName	"""Department"""	REMOVE
sub-035/ses-02/func/sub-035_ses-02_task-control_run-04_part-phase_bold.json	InstitutionalDepartmentName	"""Department"""	REMOVE
sub-035/ses-02/func/sub-035_ses-02_task-control_run-05_bold.json	InstitutionalDepartmentName	"""Department"""	REMOVE
sub-035/ses-02/func/sub-035_ses-02_task-control_run-06_part-phase_bold.json	InstitutionalDepartmentName	"""Department"""	REMOVE
sub-035/ses-02/func/sub-035_ses-02_task-fmri_run-01_bold.json	InstitutionalDepartmentName	"""Department"""	REMOVE
sub-035/ses-02/func/sub-035_ses-02_task-fmri_run-01_part-phase_sbref.json	InstitutionalDepartmentName	"""Department"""	REMOVE
sub-035/ses-02/func/sub-035_ses-02_task-fmri_run-01_sbref.json	InstitutionalDepartmentName	"""Department"""	REMOVE
sub-035/ses-02/func/sub-035_ses-02_task-fmri_run-02_part-phase_bold.json	InstitutionalDepartmentName	"""Department"""	REMOVE
sub-035/ses-02/func/sub-035_ses-02_task-fmri_run-02_part-phase_sbref.json	InstitutionalDepartmentName	"""Department"""	REMOVE
sub-035/ses-02/func/sub-035_ses-02_task-fmri_run-02_sbref.json	InstitutionalDepartmentName	"""Department"""	REMOVE
sub-035/ses-02/func/sub-035_ses-02_task-fmri_run-03_bold.json	InstitutionalDepartmentName	"""Department"""	REMOVE
sub-035/ses-02/func/sub-035_ses-02_task-fmri_run-03_part-phase_sbref.json	InstitutionalDepartmentName	"""Department"""	REMOVE
sub-035/ses-02/func/sub-035_ses-02_task-fmri_run-03_sbref.json	InstitutionalDepartmentName	"""Department"""	REMOVE
sub-035/ses-02/func/sub-035_ses-02_task-fmri_run-04_part-phase_bold.json	InstitutionalDepartmentName	"""Department"""	REMOVE
sub-035/ses-02/func/sub-035_ses-02_task-fmri_run-04_part-phase_sbref.json	InstitutionalDepartmentName	"""Department"""	REMOVE
sub-035/ses-02/func/sub-035_ses-02_task-fmri_run-04_sbref.json	InstitutionalDepartmentName	"""Department"""	REMOVE
sub-035/ses-02/func/sub-035_ses-02_task-fmri_run-05_bold.json	InstitutionalDepartmentName	"""Department"""	REMOVE
sub-035/ses-02/func/sub-035_ses-02_task-fmri_run-06_part-phase_bold.json	InstitutionalDepartmentName	"""Department"""	REMOVE
sub-035/ses-02/func/sub-035_ses-02_task-fmri_run-07_bold.json	InstitutionalDepartmentName	"""Department"""	REMOVE
sub-035/ses-02/func/sub-035_ses-02_task-fmri_run-08_part-phase_bold.json	InstitutionalDepartmentName	"""Department"""	REMOVE
sub-035/ses-02/func/sub-035_ses-02_task-movie_run-01_bold.json	InstitutionalDepartmentName	"""Department"""	REMOVE
sub-035/ses-02/func/sub-035_ses-02_task-movie_run-01_part-phase_sbref.json	InstitutionalDepartmentName	"""Department"""	REMOVE
sub-035/ses-02/func/sub-035_ses-02_task-movie_run-01_sbref.json	InstitutionalDepartmentName	"""Department"""	REMOVE
sub-035/ses-02/func/sub-035_ses-02_task-movie_run-02_part-phase_bold.json	InstitutionalDepartmentName	"""Department"""	REMOVE
sub-035/ses-02/func/sub-035_ses-02_task-movie_run-02_part-phase_sbref.json	InstitutionalDepartmentName	"""Department"""	REMOVE
sub-035/ses-02/func/sub-035_ses-02_task-movie_run-02_sbref.json	InstitutionalDepartmentName	"""Department"""	REMOVE
sub-035/ses-02/func/sub-035_ses-02_task-movie_run-03_bold.json	InstitutionalDepartmentName	"""Department"""	REMOVE
sub-035/ses-02/func/sub-035_ses-02_task-movie_run-03_part-phase_sbref.json	InstitutionalDepartmentName	"""Department"""	REMOVE
sub-035/ses-02/func/sub-035_ses-02_task-movie_run-03_sbref.json	InstitutionalDepartmentName	"""Department"""	REMOVE
sub-035/ses-02/func/sub-035_ses-02_task-movie_run-04_part-phase_bold.json	InstitutionalDepartmentName	"""Department"""	REMOVE
sub-035/ses-02/func/sub-035_ses-02_task-movie_run-04_part-phase_sbref.json	InstitutionalDepartmentName	"""Department"""	REMOVE
sub-035/ses-02/func/sub-035_ses-02_task-movie_run-04_sbref.json	InstitutionalDepartmentName	"""Department"""	REMOVE
sub-035/ses-02/func/sub-035_ses-02_task-movie_run-05_bold.json	InstitutionalDepartmentName	"""Department"""	REMOVE
sub-035/ses-02/func/sub-035_ses-02_task-movie_run-06_part-phase_bold.json	InstitutionalDepartmentName	"""Department"""	REMOVE
sub-035/ses-02/func/sub-035_ses-02_task-movie_run-07_bold.json	InstitutionalDepartmentName	"""Department"""	REMOVE
sub-035/ses-02/func/sub-035_ses-02_task-movie_run-08_part-phase_bold.json	InstitutionalDepartmentName	"""Department"""	REMOVE
sub-035/ses-02/func/sub-035_ses-02_task-rest_run-01_bold.json	InstitutionalDepartmentName	"""Department"""	REMOVE
sub-035/ses-02/func/sub-035_ses-02_task-rest_run-01_part-phase_sbref.json	InstitutionalDepartmentName	"""Department"""	REMOVE
sub-035/ses-02/func/sub-035_ses-02_task-rest_run-01_sbref.json	InstitutionalDepartmentName	"""Department"""	REMOVE
sub-035/ses-02/func/sub-035_ses-02_task-rest_run-02_part-phase_bold.json	InstitutionalDepartmentName	"""Department"""	REMOVE
sub-035/ses-02/func/sub-035_ses-02_task-rest_run-02_part-phase_sbref.json	InstitutionalDepartmentName	"""Department"""	REMOVE
sub-035/ses-02/func/sub-035_ses-02_task-rest_run-02_sbref.json	InstitutionalDepartmentName	"""Department"""	REMOVE
sub-035/ses-02/func/sub-035_ses-02_task-rest_run-03_bold.json	InstitutionalDepartmentName	"""Department"""	REMOVE
sub-035/ses-02/func/sub-035_ses-02_task-rest_run-04_part-phase_bold.json	InstitutionalDepartmentName	"""Department"""	REMOVE
sub-036/ses-01/anat/sub-036_ses-01_run-01_FLAIR.json	InstitutionalDepartmentName	"""Department"""	REMOVE
sub-036/ses-01/anat/sub-036_ses-01_run-01_T1w.json	InstitutionalDepartmentName	"""Department"""	REMOVE
sub-036/ses-01/anat/sub-036_ses-01_run-01_TB1TFL.json	InstitutionalDepartmentName	"""Department"""	REMOVE
sub-036/ses-01/anat/sub-036_ses-01_run-02_T1w.json	InstitutionalDepartmentName	"""Department"""	REMOVE
sub-036/ses-01/anat/sub-036_ses-01_run-02_TB1TFL.json	InstitutionalDepartmentName	"""Department"""	REMOVE
sub-036/ses-01/anat/sub-036_ses-01_run-03_T1w.json	InstitutionalDepartmentName	"""Department"""	REMOVE
sub-036/ses-01/dwi/sub-036_ses-01_run-01_dwi.json	InstitutionalDepartmentName	"""Department"""	REMOVE
sub-036/ses-01/dwi/sub-036_ses-01_run-02_dwi.json	InstitutionalDepartmentName	"""Department"""	REMOVE
sub-036/ses-01/dwi/sub-036_ses-01_run-05_dwi.json	InstitutionalDepartmentName	"""Department"""	REMOVE
sub-036/ses-01/fmap/sub-036_ses-01_dir-AP_run-01_epi.json	InstitutionalDepartmentName	"""Department"""	REMOVE
sub-036/ses-01/fmap/sub-036_ses-01_dir-AP_run-02_part-phase_epi.json	InstitutionalDepartmentName	"""Department"""	REMOVE
sub-036/ses-01/fmap/sub-036_ses-01_dir-AP_run-03_epi.json	InstitutionalDepartmentName	"""Department"""	REMOVE
sub-036/ses-01/fmap/sub-036_ses-01_dir-AP_run-04_part-phase_epi.json	InstitutionalDepartmentName	"""Department"""	REMOVE
sub-036/ses-01/fmap/sub-036_ses-01_dir-PA_run-01_epi.json	InstitutionalDepartmentName	"""Department"""	REMOVE
sub-036/ses-01/fmap/sub-036_ses-01_dir-PA_run-02_part-phase_epi.json	InstitutionalDepartmentName	"""Department"""	REMOVE
sub-036/ses-01/fmap/sub-036_ses-01_dir-PA_run-03_epi.json	InstitutionalDepartmentName	"""Department"""	REMOVE
sub-036/ses-01/fmap/sub-036_ses-01_dir-PA_run-04_part-phase_epi.json	InstitutionalDepartmentName	"""Department"""	REMOVE
sub-036/ses-01/func/sub-036_ses-01_task-control_run-01_bold.json	InstitutionalDepartmentName	"""Department"""	REMOVE
sub-036/ses-01/func/sub-036_ses-01_task-control_run-01_part-phase_sbref.json	InstitutionalDepartmentName	"""Department"""	REMOVE
sub-036/ses-01/func/sub-036_ses-01_task-control_run-01_sbref.json	InstitutionalDepartmentName	"""Department"""	REMOVE
sub-036/ses-01/func/sub-036_ses-01_task-control_run-02_part-phase_bold.json	InstitutionalDepartmentName	"""Department"""	REMOVE
sub-036/ses-01/func/sub-036_ses-01_task-control_run-02_part-phase_sbref.json	InstitutionalDepartmentName	"""Department"""	REMOVE
sub-036/ses-01/func/sub-036_ses-01_task-control_run-02_sbref.json	InstitutionalDepartmentName	"""Department"""	REMOVE
sub-036/ses-01/func/sub-036_ses-01_task-control_run-03_bold.json	InstitutionalDepartmentName	"""Department"""	REMOVE
sub-036/ses-01/func/sub-036_ses-01_task-control_run-03_part-phase_sbref.json	InstitutionalDepartmentName	"""Department"""	REMOVE
sub-036/ses-01/func/sub-036_ses-01_task-control_run-03_sbref.json	InstitutionalDepartmentName	"""Department"""	REMOVE
sub-036/ses-01/func/sub-036_ses-01_task-control_run-04_part-phase_bold.json	InstitutionalDepartmentName	"""Department"""	REMOVE
sub-036/ses-01/func/sub-036_ses-01_task-control_run-05_bold.json	InstitutionalDepartmentName	"""Department"""	REMOVE
sub-036/ses-01/func/sub-036_ses-01_task-control_run-06_part-phase_bold.json	InstitutionalDepartmentName	"""Department"""	REMOVE
sub-036/ses-01/func/sub-036_ses-01_task-fmri_run-01_bold.json	InstitutionalDepartmentName	"""Department"""	REMOVE
sub-036/ses-01/func/sub-036_ses-01_task-fmri_run-01_part-phase_sbref.json	InstitutionalDepartmentName	"""Department"""	REMOVE
sub-036/ses-01/func/sub-036_ses-01_task-fmri_run-01_sbref.json	InstitutionalDepartmentName	"""Department"""	REMOVE
sub-036/ses-01/func/sub-036_ses-01_task-fmri_run-02_part-phase_bold.json	InstitutionalDepartmentName	"""Department"""	REMOVE
sub-036/ses-01/func/sub-036_ses-01_task-fmri_run-02_part-phase_sbref.json	InstitutionalDepartmentName	"""Department"""	REMOVE
sub-036/ses-01/func/sub-036_ses-01_task-fmri_run-02_sbref.json	InstitutionalDepartmentName	"""Department"""	REMOVE
sub-036/ses-01/func/sub-036_ses-01_task-fmri_run-03_bold.json	InstitutionalDepartmentName	"""Department"""	REMOVE
sub-036/ses-01/func/sub-036_ses-01_task-fmri_run-03_part-phase_sbref.json	InstitutionalDepartmentName	"""Department"""	REMOVE
sub-036/ses-01/func/sub-036_ses-01_task-fmri_run-03_sbref.json	InstitutionalDepartmentName	"""Department"""	REMOVE
sub-036/ses-01/func/sub-036_ses-01_task-fmri_run-04_part-phase_bold.json	InstitutionalDepartmentName	"""Department"""	REMOVE
sub-036/ses-01/func/sub-036_ses-01_task-fmri_run-04_part-phase_sbref.json	InstitutionalDepartmentName	"""Department"""	REMOVE
sub-036/ses-01/func/sub-036_ses-01_task-fmri_run-04_sbref.json	InstitutionalDepartmentName	"""Department"""	REMOVE
sub-036/ses-01/func/sub-036_ses-01_task-fmri_run-05_bold.json	InstitutionalDepartmentName	"""Department"""	REMOVE
sub-036/ses-01/func/sub-036_ses-01_task-fmri_run-06_part-phase_bold.json	InstitutionalDepartmentName	"""Department"""	REMOVE
sub-036/ses-01/func/sub-036_ses-01_task-fmri_run-07_bold.json	InstitutionalDepartmentName	"""Department"""	REMOVE
sub-036/ses-01/func/sub-036_ses-01_task-fmri_run-08_part-phase_bold.json	InstitutionalDepartmentName	"""Department"""	REMOVE
sub-036/ses-01/func/sub-036_ses-01_task-movie_run-01_bold.json	InstitutionalDepartmentName	"""Department"""	REMOVE
sub-036/ses-01/func/sub-036_ses-01_task-movie_run-01_part-phase_sbref.json	InstitutionalDepartmentName	"""Department"""	REMOVE
sub-036/ses-01/func/sub-036_ses-01_task-movie_run-01_sbref.json	InstitutionalDepartmentName	"""Department"""	REMOVE
sub-036/ses-01/func/sub-036_ses-01_task-movie_run-02_part-phase_bold.json	InstitutionalDepartmentName	"""Department"""	REMOVE
sub-036/ses-01/func/sub-036_ses-01_task-movie_run-02_part-phase_sbref.json	InstitutionalDepartmentName	"""Department"""	REMOVE
sub-036/ses-01/func/sub-036_ses-01_task-movie_run-02_sbref.json	InstitutionalDepartmentName	"""Department"""	REMOVE
sub-036/ses-01/func/sub-036_ses-01_task-movie_run-03_bold.json	InstitutionalDepartmentName	"""Department"""	REMOVE
sub-036/ses-01/func/sub-036_ses-01_task-movie_run-03_part-phase_sbref.json	InstitutionalDepartmentName	"""Department"""	REMOVE
sub-036/ses-01/func/sub-036_ses-01_task-movie_run-03_sbref.json	InstitutionalDepartmentName	"""Department"""	REMOVE
sub-036/ses-01/func/sub-036_ses-01_task-movie_run-04_part-phase_bold.json	InstitutionalDepartmentName	"""Department"""	REMOVE
sub-036/ses-01/func/sub-036_ses-01_task-movie_run-04_part-phase_sbref.json	InstitutionalDepartmentName	"""Department"""	REMOVE
sub-036/ses-01/func/sub-036_ses-01_task-movie_run-04_sbref.json	InstitutionalDepartmentName	"""Department"""	REMOVE
sub-036/ses-01/func/sub-036_ses-01_task-movie_run-05_bold.json	InstitutionalDepartmentName	"""Department"""	REMOVE
sub-036/ses-01/func/sub-036_ses-01_task-movie_run-06_part-phase_bold.json	InstitutionalDepartmentName	"""Department"""	REMOVE
sub-036/ses-01/func/sub-036_ses-01_task-movie_run-07_bold.json	InstitutionalDepartmentName	"""Department"""	REMOVE
sub-036/ses-01/func/sub-036_ses-01_task-movie_run-08_part-phase_bold.json	InstitutionalDepartmentName	"""Department"""	REMOVE
sub-036/ses-01/func/sub-036_ses-01_task-rest_run-01_bold.json	InstitutionalDepartmentName	"""Department"""	REMOVE
sub-036/ses-01/func/sub-036_ses-01_task-rest_run-01_part-phase_sbref.json	InstitutionalDepartmentName	"""Department"""	REMOVE
sub-036/ses-01/func/sub-036_ses-01_task-rest_run-01_sbref.json	InstitutionalDepartmentName	"""Department"""	REMOVE
sub-036/ses-01/func/sub-036_ses-01_task-rest_run-02_part-phase_bold.json	InstitutionalDepartmentName	"""Department"""	REMOVE
sub-036/ses-02/anat/sub-036_ses-02_run-01_FLAIR.json	InstitutionalDepartmentName	"""Department"""	REMOVE
sub-036/ses-02/anat/sub-036_ses-02_run-01_T1w.json	InstitutionalDepartmentName	"""Department"""	REMOVE
sub-036/ses-02/anat/sub-036_ses-02_run-01_TB1TFL.json	InstitutionalDepartmentName	"""Department"""	REMOVE
sub-036/ses-02/anat/sub-036_ses-02_run-02_T1w.json	InstitutionalDepartmentName	"""Department"""	REMOVE
sub-036/ses-02/anat/sub-036_ses-02_run-02_TB1TFL.json	InstitutionalDepartmentName	"""Department"""	REMOVE
sub-036/ses-02/anat/sub-036_ses-02_run-03_T1w.json	InstitutionalDepartmentName	"""Department"""	REMOVE
sub-036/ses-02/dwi/sub-036_ses-02_run-01_dwi.json	InstitutionalDepartmentName	"""Department"""	REMOVE
sub-036/ses-02/dwi/sub-036_ses-02_run-02_dwi.json	InstitutionalDepartmentName	"""Department"""	REMOVE
sub-036/ses-02/dwi/sub-036_ses-02_run-05_dwi.json	InstitutionalDepartmentName	"""Department"""	REMOVE
sub-036/ses-02/fmap/sub-036_ses-02_dir-AP_run-01_epi.json	InstitutionalDepartmentName	"""Department"""	REMOVE
sub-036/ses-02/fmap/sub-036_ses-02_dir-AP_run-02_part-phase_epi.json	InstitutionalDepartmentName	"""Department"""	REMOVE
sub-036/ses-02/fmap/sub-036_ses-02_dir-AP_run-03_epi.json	InstitutionalDepartmentName	"""Department"""	REMOVE
sub-036/ses-02/fmap/sub-036_ses-02_dir-AP_run-04_part-phase_epi.json	InstitutionalDepartmentName	"""Department"""	REMOVE
sub-036/ses-02/fmap/sub-036_ses-02_dir-PA_run-01_epi.json	InstitutionalDepartmentName	"""Department"""	REMOVE
sub-036/ses-02/fmap/sub-036_ses-02_dir-PA_run-02_part-phase_epi.json	InstitutionalDepartmentName	"""Department"""	REMOVE
sub-036/ses-02/fmap/sub-036_ses-02_dir-PA_run-03_epi.json	InstitutionalDepartmentName	"""Department"""	REMOVE
sub-036/ses-02/fmap/sub-036_ses-02_dir-PA_run-04_part-phase_epi.json	InstitutionalDepartmentName	"""Department"""	REMOVE
sub-036/ses-02/func/sub-036_ses-02_task-control_run-01_bold.json	InstitutionalDepartmentName	"""Department"""	REMOVE
sub-036/ses-02/func/sub-036_ses-02_task-control_run-01_part-phase_sbref.json	InstitutionalDepartmentName	"""Department"""	REMOVE
sub-036/ses-02/func/sub-036_ses-02_task-control_run-01_sbref.json	InstitutionalDepartmentName	"""Department"""	REMOVE
sub-036/ses-02/func/sub-036_ses-02_task-control_run-02_part-phase_bold.json	InstitutionalDepartmentName	"""Department"""	REMOVE
sub-036/ses-02/func/sub-036_ses-02_task-control_run-02_part-phase_sbref.json	InstitutionalDepartmentName	"""Department"""	REMOVE
sub-036/ses-02/func/sub-036_ses-02_task-control_run-02_sbref.json	InstitutionalDepartmentName	"""Department"""	REMOVE
sub-036/ses-02/func/sub-036_ses-02_task-control_run-03_bold.json	InstitutionalDepartmentName	"""Department"""	REMOVE
sub-036/ses-02/func/sub-036_ses-02_task-control_run-03_part-phase_sbref.json	InstitutionalDepartmentName	"""Department"""	REMOVE
sub-036/ses-02/func/sub-036_ses-02_task-control_run-03_sbref.json	InstitutionalDepartmentName	"""Department"""	REMOVE
sub-036/ses-02/func/sub-036_ses-02_task-control_run-04_part-phase_bold.json	InstitutionalDepartmentName	"""Department"""	REMOVE
sub-036/ses-02/func/sub-036_ses-02_task-control_run-05_bold.json	InstitutionalDepartmentName	"""Department"""	REMOVE
sub-036/ses-02/func/sub-036_ses-02_task-control_run-06_part-phase_bold.json	InstitutionalDepartmentName	"""Department"""	REMOVE
sub-036/ses-02/func/sub-036_ses-02_task-fmri_run-01_bold.json	InstitutionalDepartmentName	"""Department"""	REMOVE
sub-036/ses-02/func/sub-036_ses-02_task-fmri_run-01_part-phase_sbref.json	InstitutionalDepartmentName	"""Department"""	REMOVE
sub-036/ses-02/func/sub-036_ses-02_task-fmri_run-01_sbref.json	InstitutionalDepartmentName	"""Department"""	REMOVE
sub-036/ses-02/func/sub-036_ses-02_task-fmri_run-02_part-phase_bold.json	InstitutionalDepartmentName	"""Department"""	REMOVE
sub-036/ses-02/func/sub-036_ses-02_task-fmri_run-02_part-phase_sbref.json	InstitutionalDepartmentName	"""Department"""	REMOVE
sub-036/ses-02/func/sub-036_ses-02_task-fmri_run-02_sbref.json	InstitutionalDepartmentName	"""Department"""	REMOVE
sub-036/ses-02/func/sub-036_ses-02_task-fmri_run-03_bold.json	InstitutionalDepartmentName	"""Department"""	REMOVE
sub-036/ses-02/func/sub-036_ses-02_task-fmri_run-03_part-phase_sbref.json	InstitutionalDepartmentName	"""Department"""	REMOVE
sub-036/ses-02/func/sub-036_ses-02_task-fmri_run-03_sbref.json	InstitutionalDepartmentName	"""Department"""	REMOVE
sub-036/ses-02/func/sub-036_ses-02_task-fmri_run-04_part-phase_bold.json	InstitutionalDepartmentName	"""Department"""	REMOVE
sub-036/ses-02/func/sub-036_ses-02_task-fmri_run-04_part-phase_sbref.json	InstitutionalDepartmentName	"""Department"""	REMOVE
sub-036/ses-02/func/sub-036_ses-02_task-fmri_run-04_sbref.json	InstitutionalDepartmentName	"""Department"""	REMOVE
sub-036/ses-02/func/sub-036_ses-02_task-fmri_run-05_bold.json	InstitutionalDepartmentName	"""Department"""	REMOVE
sub-036/ses-02/func/sub-036_ses-02_task-fmri_run-06_part-phase_bold.json	InstitutionalDepartmentName	"""Department"""	REMOVE
sub-036/ses-02/func/sub-036_ses-02_task-fmri_run-07_bold.json	InstitutionalDepartmentName	"""Department"""	REMOVE
sub-036/ses-02/func/sub-036_ses-02_task-fmri_run-08_part-phase_bold.json	InstitutionalDepartmentName	"""Department"""	REMOVE
sub-036/ses-02/func/sub-036_ses-02_task-movie_run-01_bold.json	InstitutionalDepartmentName	"""Department"""	REMOVE
sub-036/ses-02/func/sub-036_ses-02_task-movie_run-01_part-phase_sbref.json	InstitutionalDepartmentName	"""Department"""	REMOVE
sub-036/ses-02/func/sub-036_ses-02_task-movie_run-01_sbref.json	InstitutionalDepartmentName	"""Department"""	REMOVE
sub-036/ses-02/func/sub-036_ses-02_task-movie_run-02_part-phase_bold.json	InstitutionalDepartmentName	"""Department"""	REMOVE
sub-036/ses-02/func/sub-036_ses-02_task-movie_run-02_part-phase_sbref.json	InstitutionalDepartmentName	"""Department"""	REMOVE
sub-036/ses-02/func/sub-036_ses-02_task-movie_run-02_sbref.json	InstitutionalDepartmentName	"""Department"""	REMOVE
sub-036/ses-02/func/sub-036_ses-02_task-movie_run-03_bold.json	InstitutionalDepartmentName	"""Department"""	REMOVE
sub-036/ses-02/func/sub-036_ses-02_task-movie_run-03_part-phase_sbref.json	InstitutionalDepartmentName	"""Department"""	REMOVE
sub-036/ses-02/func/sub-036_ses-02_task-movie_run-03_sbref.json	InstitutionalDepartmentName	"""Department"""	REMOVE
sub-036/ses-02/func/sub-036_ses-02_task-movie_run-04_part-phase_bold.json	InstitutionalDepartmentName	"""Department"""	REMOVE
sub-036/ses-02/func/sub-036_ses-02_task-movie_run-04_part-phase_sbref.json	InstitutionalDepartmentName	"""Department"""	REMOVE
sub-036/ses-02/func/sub-036_ses-02_task-movie_run-04_sbref.json	InstitutionalDepartmentName	"""Department"""	REMOVE
sub-036/ses-02/func/sub-036_ses-02_task-movie_run-05_bold.json	InstitutionalDepartmentName	"""Department"""	REMOVE
sub-036/ses-02/func/sub-036_ses-02_task-movie_run-06_part-phase_bold.json	InstitutionalDepartmentName	"""Department"""	REMOVE
sub-036/ses-02/func/sub-036_ses-02_task-movie_run-07_bold.json	InstitutionalDepartmentName	"""Department"""	REMOVE
sub-036/ses-02/func/sub-036_ses-02_task-movie_run-08_part-phase_bold.json	InstitutionalDepartmentName	"""Department"""	REMOVE
sub-036/ses-02/func/sub-036_ses-02_task-rest_run-01_bold.json	InstitutionalDepartmentName	"""Department"""	REMOVE
sub-036/ses-02/func/sub-036_ses-02_task-rest_run-01_part-phase_sbref.json	InstitutionalDepartmentName	"""Department"""	REMOVE
sub-036/ses-02/func/sub-036_ses-02_task-rest_run-01_sbref.json	InstitutionalDepartmentName	"""Department"""	REMOVE
sub-036/ses-02/func/sub-036_ses-02_task-rest_run-02_part-phase_bold.json	InstitutionalDepartmentName	"""Department"""	REMOVE
sub-037/ses-01/anat/sub-037_ses-01_run-01_FLAIR.json	InstitutionalDepartmentName	"""Department"""	REMOVE
sub-037/ses-01/anat/sub-037_ses-01_run-01_T1w.json	InstitutionalDepartmentName	"""Department"""	REMOVE
sub-037/ses-01/anat/sub-037_ses-01_run-01_TB1TFL.json	InstitutionalDepartmentName	"""Department"""	REMOVE
sub-037/ses-01/anat/sub-037_ses-01_run-02_T1w.json	InstitutionalDepartmentName	"""Department"""	REMOVE
sub-037/ses-01/anat/sub-037_ses-01_run-02_TB1TFL.json	InstitutionalDepartmentName	"""Department"""	REMOVE
sub-037/ses-01/anat/sub-037_ses-01_run-03_T1w.json	InstitutionalDepartmentName	"""Department"""	REMOVE
sub-037/ses-01/dwi/sub-037_ses-01_run-01_dwi.json	InstitutionalDepartmentName	"""Department"""	REMOVE
sub-037/ses-01/dwi/sub-037_ses-01_run-02_dwi.json	InstitutionalDepartmentName	"""Department"""	REMOVE
sub-037/ses-01/dwi/sub-037_ses-01_run-05_dwi.json	InstitutionalDepartmentName	"""Department"""	REMOVE
sub-037/ses-01/fmap/sub-037_ses-01_dir-AP_run-01_epi.json	InstitutionalDepartmentName	"""Department"""	REMOVE
sub-037/ses-01/fmap/sub-037_ses-01_dir-AP_run-02_part-phase_epi.json	InstitutionalDepartmentName	"""Department"""	REMOVE
sub-037/ses-01/fmap/sub-037_ses-01_dir-AP_run-03_epi.json	InstitutionalDepartmentName	"""Department"""	REMOVE
sub-037/ses-01/fmap/sub-037_ses-01_dir-AP_run-04_part-phase_epi.json	InstitutionalDepartmentName	"""Department"""	REMOVE
sub-037/ses-01/fmap/sub-037_ses-01_dir-PA_run-01_epi.json	InstitutionalDepartmentName	"""Department"""	REMOVE
sub-037/ses-01/fmap/sub-037_ses-01_dir-PA_run-02_part-phase_epi.json	InstitutionalDepartmentName	"""Department"""	REMOVE
sub-037/ses-01/fmap/sub-037_ses-01_dir-PA_run-03_epi.json	InstitutionalDepartmentName	"""Department"""	REMOVE
sub-037/ses-01/fmap/sub-037_ses-01_dir-PA_run-04_part-phase_epi.json	InstitutionalDepartmentName	"""Department"""	REMOVE
sub-037/ses-01/func/sub-037_ses-01_task-control_run-01_bold.json	InstitutionalDepartmentName	"""Department"""	REMOVE
sub-037/ses-01/func/sub-037_ses-01_task-control_run-01_part-phase_sbref.json	InstitutionalDepartmentName	"""Department"""	REMOVE
sub-037/ses-01/func/sub-037_ses-01_task-control_run-01_sbref.json	InstitutionalDepartmentName	"""Department"""	REMOVE
sub-037/ses-01/func/sub-037_ses-01_task-control_run-02_part-phase_bold.json	InstitutionalDepartmentName	"""Department"""	REMOVE
sub-037/ses-01/func/sub-037_ses-01_task-control_run-02_part-phase_sbref.json	InstitutionalDepartmentName	"""Department"""	REMOVE
sub-037/ses-01/func/sub-037_ses-01_task-control_run-02_sbref.json	InstitutionalDepartmentName	"""Department"""	REMOVE
sub-037/ses-01/func/sub-037_ses-01_task-control_run-03_bold.json	InstitutionalDepartmentName	"""Department"""	REMOVE
sub-037/ses-01/func/sub-037_ses-01_task-control_run-03_part-phase_sbref.json	InstitutionalDepartmentName	"""Department"""	REMOVE
sub-037/ses-01/func/sub-037_ses-01_task-control_run-03_sbref.json	InstitutionalDepartmentName	"""Department"""	REMOVE
sub-037/ses-01/func/sub-037_ses-01_task-control_run-04_part-phase_bold.json	InstitutionalDepartmentName	"""Department"""	REMOVE
sub-037/ses-01/func/sub-037_ses-01_task-control_run-05_bold.json	InstitutionalDepartmentName	"""Department"""	REMOVE
sub-037/ses-01/func/sub-037_ses-01_task-control_run-06_part-phase_bold.json	InstitutionalDepartmentName	"""Department"""	REMOVE
sub-037/ses-01/func/sub-037_ses-01_task-fmri_run-01_bold.json	InstitutionalDepartmentName	"""Department"""	REMOVE
sub-037/ses-01/func/sub-037_ses-01_task-fmri_run-01_part-phase_sbref.json	InstitutionalDepartmentName	"""Department"""	REMOVE
sub-037/ses-01/func/sub-037_ses-01_task-fmri_run-01_sbref.json	InstitutionalDepartmentName	"""Department"""	REMOVE
sub-037/ses-01/func/sub-037_ses-01_task-fmri_run-02_part-phase_bold.json	InstitutionalDepartmentName	"""Department"""	REMOVE
sub-037/ses-01/func/sub-037_ses-01_task-fmri_run-02_part-phase_sbref.json	InstitutionalDepartmentName	"""Department"""	REMOVE
sub-037/ses-01/func/sub-037_ses-01_task-fmri_run-02_sbref.json	InstitutionalDepartmentName	"""Department"""	REMOVE
sub-037/ses-01/func/sub-037_ses-01_task-fmri_run-03_bold.json	InstitutionalDepartmentName	"""Department"""	REMOVE
sub-037/ses-01/func/sub-037_ses-01_task-fmri_run-03_part-phase_sbref.json	InstitutionalDepartmentName	"""Department"""	REMOVE
sub-037/ses-01/func/sub-037_ses-01_task-fmri_run-03_sbref.json	InstitutionalDepartmentName	"""Department"""	REMOVE
sub-037/ses-01/func/sub-037_ses-01_task-fmri_run-04_part-phase_bold.json	InstitutionalDepartmentName	"""Department"""	REMOVE
sub-037/ses-01/func/sub-037_ses-01_task-fmri_run-04_part-phase_sbref.json	InstitutionalDepartmentName	"""Department"""	REMOVE
sub-037/ses-01/func/sub-037_ses-01_task-fmri_run-04_sbref.json	InstitutionalDepartmentName	"""Department"""	REMOVE
sub-037/ses-01/func/sub-037_ses-01_task-fmri_run-05_bold.json	InstitutionalDepartmentName	"""Department"""	REMOVE
sub-037/ses-01/func/sub-037_ses-01_task-fmri_run-06_part-phase_bold.json	InstitutionalDepartmentName	"""Department"""	REMOVE
sub-037/ses-01/func/sub-037_ses-01_task-fmri_run-07_bold.json	InstitutionalDepartmentName	"""Department"""	REMOVE
sub-037/ses-01/func/sub-037_ses-01_task-fmri_run-08_part-phase_bold.json	InstitutionalDepartmentName	"""Department"""	REMOVE
sub-037/ses-01/func/sub-037_ses-01_task-movie_run-01_bold.json	InstitutionalDepartmentName	"""Department"""	REMOVE
sub-037/ses-01/func/sub-037_ses-01_task-movie_run-01_part-phase_sbref.json	InstitutionalDepartmentName	"""Department"""	REMOVE
sub-037/ses-01/func/sub-037_ses-01_task-movie_run-01_sbref.json	InstitutionalDepartmentName	"""Department"""	REMOVE
sub-037/ses-01/func/sub-037_ses-01_task-movie_run-02_part-phase_bold.json	InstitutionalDepartmentName	"""Department"""	REMOVE
sub-037/ses-01/func/sub-037_ses-01_task-movie_run-02_part-phase_sbref.json	InstitutionalDepartmentName	"""Department"""	REMOVE
sub-037/ses-01/func/sub-037_ses-01_task-movie_run-02_sbref.json	InstitutionalDepartmentName	"""Department"""	REMOVE
sub-037/ses-01/func/sub-037_ses-01_task-movie_run-03_bold.json	InstitutionalDepartmentName	"""Department"""	REMOVE
sub-037/ses-01/func/sub-037_ses-01_task-movie_run-03_part-phase_sbref.json	InstitutionalDepartmentName	"""Department"""	REMOVE
sub-037/ses-01/func/sub-037_ses-01_task-movie_run-03_sbref.json	InstitutionalDepartmentName	"""Department"""	REMOVE
sub-037/ses-01/func/sub-037_ses-01_task-movie_run-04_part-phase_bold.json	InstitutionalDepartmentName	"""Department"""	REMOVE
sub-037/ses-01/func/sub-037_ses-01_task-movie_run-04_part-phase_sbref.json	InstitutionalDepartmentName	"""Department"""	REMOVE
sub-037/ses-01/func/sub-037_ses-01_task-movie_run-04_sbref.json	InstitutionalDepartmentName	"""Department"""	REMOVE
sub-037/ses-01/func/sub-037_ses-01_task-movie_run-05_bold.json	InstitutionalDepartmentName	"""Department"""	REMOVE
sub-037/ses-01/func/sub-037_ses-01_task-movie_run-06_part-phase_bold.json	InstitutionalDepartmentName	"""Department"""	REMOVE
sub-037/ses-01/func/sub-037_ses-01_task-movie_run-07_bold.json	InstitutionalDepartmentName	"""Department"""	REMOVE
sub-037/ses-01/func/sub-037_ses-01_task-movie_run-08_part-phase_bold.json	InstitutionalDepartmentName	"""Department"""	REMOVE
sub-037/ses-01/func/sub-037_ses-01_task-rest_run-01_bold.json	InstitutionalDepartmentName	"""Department"""	REMOVE
sub-037/ses-01/func/sub-037_ses-01_task-rest_run-01_part-phase_sbref.json	InstitutionalDepartmentName	"""Department"""	REMOVE
sub-037/ses-01/func/sub-037_ses-01_task-rest_run-01_sbref.json	InstitutionalDepartmentName	"""Department"""	REMOVE
sub-037/ses-01/func/sub-037_ses-01_task-rest_run-02_part-phase_bold.json	InstitutionalDepartmentName	"""Department"""	REMOVE
sub-038/ses-01/anat/sub-038_ses-01_run-01_FLAIR.json	InstitutionalDepartmentName	"""Department"""	REMOVE
sub-038/ses-01/anat/sub-038_ses-01_run-01_T1w.json	InstitutionalDepartmentName	"""Department"""	REMOVE
sub-038/ses-01/anat/sub-038_ses-01_run-01_TB1TFL.json	InstitutionalDepartmentName	"""Department"""	REMOVE
sub-038/ses-01/anat/sub-038_ses-01_run-02_T1w.json	InstitutionalDepartmentName	"""Department"""	REMOVE
sub-038/ses-01/anat/sub-038_ses-01_run-02_TB1TFL.json	InstitutionalDepartmentName	"""Department"""	REMOVE
sub-038/ses-01/anat/sub-038_ses-01_run-03_T1w.json	InstitutionalDepartmentName	"""Department"""	REMOVE
sub-038/ses-01/dwi/sub-038_ses-01_run-01_dwi.json	InstitutionalDepartmentName	"""Department"""	REMOVE
sub-038/ses-01/dwi/sub-038_ses-01_run-02_dwi.json	InstitutionalDepartmentName	"""Department"""	REMOVE
sub-038/ses-01/dwi/sub-038_ses-01_run-05_dwi.json	InstitutionalDepartmentName	"""Department"""	REMOVE
sub-038/ses-01/fmap/sub-038_ses-01_dir-AP_run-01_epi.json	InstitutionalDepartmentName	"""Department"""	REMOVE
sub-038/ses-01/fmap/sub-038_ses-01_dir-AP_run-02_part-phase_epi.json	InstitutionalDepartmentName	"""Department"""	REMOVE
sub-038/ses-01/fmap/sub-038_ses-01_dir-AP_run-03_epi.json	InstitutionalDepartmentName	"""Department"""	REMOVE
sub-038/ses-01/fmap/sub-038_ses-01_dir-AP_run-04_part-phase_epi.json	InstitutionalDepartmentName	"""Department"""	REMOVE
sub-038/ses-01/fmap/sub-038_ses-01_dir-PA_run-01_epi.json	InstitutionalDepartmentName	"""Department"""	REMOVE
sub-038/ses-01/fmap/sub-038_ses-01_dir-PA_run-02_part-phase_epi.json	InstitutionalDepartmentName	"""Department"""	REMOVE
sub-038/ses-01/fmap/sub-038_ses-01_dir-PA_run-03_epi.json	InstitutionalDepartmentName	"""Department"""	REMOVE
sub-038/ses-01/fmap/sub-038_ses-01_dir-PA_run-04_part-phase_epi.json	InstitutionalDepartmentName	"""Department"""	REMOVE
sub-038/ses-01/func/sub-038_ses-01_task-control_run-01_bold.json	InstitutionalDepartmentName	"""Department"""	REMOVE
sub-038/ses-01/func/sub-038_ses-01_task-control_run-01_part-phase_sbref.json	InstitutionalDepartmentName	"""Department"""	REMOVE
sub-038/ses-01/func/sub-038_ses-01_task-control_run-01_sbref.json	InstitutionalDepartmentName	"""Department"""	REMOVE
sub-038/ses-01/func/sub-038_ses-01_task-control_run-02_part-phase_bold.json	InstitutionalDepartmentName	"""Department"""	REMOVE
sub-038/ses-01/func/sub-038_ses-01_task-control_run-02_part-phase_sbref.json	InstitutionalDepartmentName	"""Department"""	REMOVE
sub-038/ses-01/func/sub-038_ses-01_task-control_run-02_sbref.json	InstitutionalDepartmentName	"""Department"""	REMOVE
sub-038/ses-01/func/sub-038_ses-01_task-control_run-03_bold.json	InstitutionalDepartmentName	"""Department"""	REMOVE
sub-038/ses-01/func/sub-038_ses-01_task-control_run-03_part-phase_sbref.json	InstitutionalDepartmentName	"""Department"""	REMOVE
sub-038/ses-01/func/sub-038_ses-01_task-control_run-03_sbref.json	InstitutionalDepartmentName	"""Department"""	REMOVE
sub-038/ses-01/func/sub-038_ses-01_task-control_run-04_part-phase_bold.json	InstitutionalDepartmentName	"""Department"""	REMOVE
sub-038/ses-01/func/sub-038_ses-01_task-control_run-05_bold.json	InstitutionalDepartmentName	"""Department"""	REMOVE
sub-038/ses-01/func/sub-038_ses-01_task-control_run-06_part-phase_bold.json	InstitutionalDepartmentName	"""Department"""	REMOVE
sub-038/ses-01/func/sub-038_ses-01_task-fmri_run-01_bold.json	InstitutionalDepartmentName	"""Department"""	REMOVE
sub-038/ses-01/func/sub-038_ses-01_task-fmri_run-01_part-phase_sbref.json	InstitutionalDepartmentName	"""Department"""	REMOVE
sub-038/ses-01/func/sub-038_ses-01_task-fmri_run-01_sbref.json	InstitutionalDepartmentName	"""Department"""	REMOVE
sub-038/ses-01/func/sub-038_ses-01_task-fmri_run-02_part-phase_bold.json	InstitutionalDepartmentName	"""Department"""	REMOVE
sub-038/ses-01/func/sub-038_ses-01_task-fmri_run-02_part-phase_sbref.json	InstitutionalDepartmentName	"""Department"""	REMOVE
sub-038/ses-01/func/sub-038_ses-01_task-fmri_run-02_sbref.json	InstitutionalDepartmentName	"""Department"""	REMOVE
sub-038/ses-01/func/sub-038_ses-01_task-fmri_run-03_bold.json	InstitutionalDepartmentName	"""Department"""	REMOVE
sub-038/ses-01/func/sub-038_ses-01_task-fmri_run-03_part-phase_sbref.json	InstitutionalDepartmentName	"""Department"""	REMOVE
sub-038/ses-01/func/sub-038_ses-01_task-fmri_run-03_sbref.json	InstitutionalDepartmentName	"""Department"""	REMOVE
sub-038/ses-01/func/sub-038_ses-01_task-fmri_run-04_part-phase_bold.json	InstitutionalDepartmentName	"""Department"""	REMOVE
sub-038/ses-01/func/sub-038_ses-01_task-fmri_run-04_part-phase_sbref.json	InstitutionalDepartmentName	"""Department"""	REMOVE
sub-038/ses-01/func/sub-038_ses-01_task-fmri_run-04_sbref.json	InstitutionalDepartmentName	"""Department"""	REMOVE
sub-038/ses-01/func/sub-038_ses-01_task-fmri_run-05_bold.json	InstitutionalDepartmentName	"""Department"""	REMOVE
sub-038/ses-01/func/sub-038_ses-01_task-fmri_run-06_part-phase_bold.json	InstitutionalDepartmentName	"""Department"""	REMOVE
sub-038/ses-01/func/sub-038_ses-01_task-fmri_run-07_bold.json	InstitutionalDepartmentName	"""Department"""	REMOVE
sub-038/ses-01/func/sub-038_ses-01_task-fmri_run-08_part-phase_bold.json	InstitutionalDepartmentName	"""Department"""	REMOVE
sub-038/ses-01/func/sub-038_ses-01_task-movie_run-01_bold.json	InstitutionalDepartmentName	"""Department"""	REMOVE
sub-038/ses-01/func/sub-038_ses-01_task-movie_run-01_part-phase_sbref.json	InstitutionalDepartmentName	"""Department"""	REMOVE
sub-038/ses-01/func/sub-038_ses-01_task-movie_run-01_sbref.json	InstitutionalDepartmentName	"""Department"""	REMOVE
sub-038/ses-01/func/sub-038_ses-01_task-movie_run-02_part-phase_bold.json	InstitutionalDepartmentName	"""Department"""	REMOVE
sub-038/ses-01/func/sub-038_ses-01_task-movie_run-02_part-phase_sbref.json	InstitutionalDepartmentName	"""Department"""	REMOVE
sub-038/ses-01/func/sub-038_ses-01_task-movie_run-02_sbref.json	InstitutionalDepartmentName	"""Department"""	REMOVE
sub-038/ses-01/func/sub-038_ses-01_task-movie_run-03_bold.json	InstitutionalDepartmentName	"""Department"""	REMOVE
sub-038/ses-01/func/sub-038_ses-01_task-movie_run-03_part-phase_sbref.json	InstitutionalDepartmentName	"""Department"""	REMOVE
sub-038/ses-01/func/sub-038_ses-01_task-movie_run-03_sbref.json	InstitutionalDepartmentName	"""Department"""	REMOVE
sub-038/ses-01/func/sub-038_ses-01_task-movie_run-04_part-phase_bold.json	InstitutionalDepartmentName	"""Department"""	REMOVE
sub-038/ses-01/func/sub-038_ses-01_task-movie_run-04_part-phase_sbref.json	InstitutionalDepartmentName	"""Department"""	REMOVE
sub-038/ses-01/func/sub-038_ses-01_task-movie_run-04_sbref.json	InstitutionalDepartmentName	"""Department"""	REMOVE
sub-038/ses-01/func/sub-038_ses-01_task-movie_run-05_bold.json	InstitutionalDepartmentName	"""Department"""	REMOVE
sub-038/ses-01/func/sub-038_ses-01_task-movie_run-06_part-phase_bold.json	InstitutionalDepartmentName	"""Department"""	REMOVE
sub-038/ses-01/func/sub-038_ses-01_task-movie_run-07_bold.json	InstitutionalDepartmentName	"""Department"""	REMOVE
sub-038/ses-01/func/sub-038_ses-01_task-movie_run-08_part-phase_bold.json	InstitutionalDepartmentName	"""Department"""	REMOVE
sub-038/ses-01/func/sub-038_ses-01_task-rest_run-01_bold.json	InstitutionalDepartmentName	"""Department"""	REMOVE
sub-038/ses-01/func/sub-038_ses-01_task-rest_run-01_part-phase_sbref.json	InstitutionalDepartmentName	"""Department"""	REMOVE
sub-038/ses-01/func/sub-038_ses-01_task-rest_run-01_sbref.json	InstitutionalDepartmentName	"""Department"""	REMOVE
sub-038/ses-01/func/sub-038_ses-01_task-rest_run-02_part-phase_bold.json	InstitutionalDepartmentName	"""Department"""	REMOVE
sub-038/ses-02/anat/sub-038_ses-02_run-01_FLAIR.json	InstitutionalDepartmentName	"""Department"""	REMOVE
sub-038/ses-02/anat/sub-038_ses-02_run-01_T1w.json	InstitutionalDepartmentName	"""Department"""	REMOVE
sub-038/ses-02/anat/sub-038_ses-02_run-01_TB1TFL.json	InstitutionalDepartmentName	"""Department"""	REMOVE
sub-038/ses-02/anat/sub-038_ses-02_run-02_T1w.json	InstitutionalDepartmentName	"""Department"""	REMOVE
sub-038/ses-02/anat/sub-038_ses-02_run-02_TB1TFL.json	InstitutionalDepartmentName	"""Department"""	REMOVE
sub-038/ses-02/anat/sub-038_ses-02_run-03_T1w.json	InstitutionalDepartmentName	"""Department"""	REMOVE
sub-038/ses-02/dwi/sub-038_ses-02_run-01_dwi.json	InstitutionalDepartmentName	"""Department"""	REMOVE
sub-038/ses-02/dwi/sub-038_ses-02_run-02_dwi.json	InstitutionalDepartmentName	"""Department"""	REMOVE
sub-038/ses-02/dwi/sub-038_ses-02_run-05_dwi.json	InstitutionalDepartmentName	"""Department"""	REMOVE
sub-038/ses-02/fmap/sub-038_ses-02_dir-AP_run-01_epi.json	InstitutionalDepartmentName	"""Department"""	REMOVE
sub-038/ses-02/fmap/sub-038_ses-02_dir-AP_run-02_part-phase_epi.json	InstitutionalDepartmentName	"""Department"""	REMOVE
sub-038/ses-02/fmap/sub-038_ses-02_dir-AP_run-03_epi.json	InstitutionalDepartmentName	"""Department"""	REMOVE
sub-038/ses-02/fmap/sub-038_ses-02_dir-AP_run-04_part-phase_epi.json	InstitutionalDepartmentName	"""Department"""	REMOVE
sub-038/ses-02/fmap/sub-038_ses-02_dir-PA_run-01_epi.json	InstitutionalDepartmentName	"""Department"""	REMOVE
sub-038/ses-02/fmap/sub-038_ses-02_dir-PA_run-02_part-phase_epi.json	InstitutionalDepartmentName	"""Department"""	REMOVE
sub-038/ses-02/fmap/sub-038_ses-02_dir-PA_run-03_epi.json	InstitutionalDepartmentName	"""Department"""	REMOVE
sub-038/ses-02/fmap/sub-038_ses-02_dir-PA_run-04_part-phase_epi.json	InstitutionalDepartmentName	"""Department"""	REMOVE
sub-038/ses-02/func/sub-038_ses-02_task-control_run-01_bold.json	InstitutionalDepartmentName	"""Department"""	REMOVE
sub-038/ses-02/func/sub-038_ses-02_task-control_run-01_part-phase_sbref.json	InstitutionalDepartmentName	"""Department"""	REMOVE
sub-038/ses-02/func/sub-038_ses-02_task-control_run-01_sbref.json	InstitutionalDepartmentName	"""Department"""	REMOVE
sub-038/ses-02/func/sub-038_ses-02_task-control_run-02_part-phase_bold.json	InstitutionalDepartmentName	"""Department"""	REMOVE
sub-038/ses-02/func/sub-038_ses-02_task-control_run-02_part-phase_sbref.json	InstitutionalDepartmentName	"""Department"""	REMOVE
sub-038/ses-02/func/sub-038_ses-02_task-control_run-02_sbref.json	InstitutionalDepartmentName	"""Department"""	REMOVE
sub-038/ses-02/func/sub-038_ses-02_task-control_run-03_bold.json	InstitutionalDepartmentName	"""Department"""	REMOVE
sub-038/ses-02/func/sub-038_ses-02_task-control_run-03_part-phase_sbref.json	InstitutionalDepartmentName	"""Department"""	REMOVE
sub-038/ses-02/func/sub-038_ses-02_task-control_run-03_sbref.json	InstitutionalDepartmentName	"""Department"""	REMOVE
sub-038/ses-02/func/sub-038_ses-02_task-control_run-04_part-phase_bold.json	InstitutionalDepartmentName	"""Department"""	REMOVE
sub-038/ses-02/func/sub-038_ses-02_task-control_run-05_bold.json	InstitutionalDepartmentName	"""Department"""	REMOVE
sub-038/ses-02/func/sub-038_ses-02_task-control_run-06_part-phase_bold.json	InstitutionalDepartmentName	"""Department"""	REMOVE
sub-038/ses-02/func/sub-038_ses-02_task-fmri_run-01_part-phase_bold.json	InstitutionalDepartmentName	"""Department"""	REMOVE
sub-038/ses-02/func/sub-038_ses-02_task-fmri_run-01_part-phase_sbref.json	InstitutionalDepartmentName	"""Department"""	REMOVE
sub-038/ses-02/func/sub-038_ses-02_task-fmri_run-01_sbref.json	InstitutionalDepartmentName	"""Department"""	REMOVE
sub-038/ses-02/func/sub-038_ses-02_task-fmri_run-02_bold.json	InstitutionalDepartmentName	"""Department"""	REMOVE
sub-038/ses-02/func/sub-038_ses-02_task-fmri_run-02_part-phase_sbref.json	InstitutionalDepartmentName	"""Department"""	REMOVE
sub-038/ses-02/func/sub-038_ses-02_task-fmri_run-02_sbref.json	InstitutionalDepartmentName	"""Department"""	REMOVE
sub-038/ses-02/func/sub-038_ses-02_task-fmri_run-03_part-phase_bold.json	InstitutionalDepartmentName	"""Department"""	REMOVE
sub-038/ses-02/func/sub-038_ses-02_task-fmri_run-03_part-phase_sbref.json	InstitutionalDepartmentName	"""Department"""	REMOVE
sub-038/ses-02/func/sub-038_ses-02_task-fmri_run-03_sbref.json	InstitutionalDepartmentName	"""Department"""	REMOVE
sub-038/ses-02/func/sub-038_ses-02_task-fmri_run-04_bold.json	InstitutionalDepartmentName	"""Department"""	REMOVE
sub-038/ses-02/func/sub-038_ses-02_task-fmri_run-04_part-phase_sbref.json	InstitutionalDepartmentName	"""Department"""	REMOVE
sub-038/ses-02/func/sub-038_ses-02_task-fmri_run-04_sbref.json	InstitutionalDepartmentName	"""Department"""	REMOVE
sub-038/ses-02/func/sub-038_ses-02_task-fmri_run-05_part-phase_bold.json	InstitutionalDepartmentName	"""Department"""	REMOVE
sub-038/ses-02/func/sub-038_ses-02_task-fmri_run-05_part-phase_sbref.json	InstitutionalDepartmentName	"""Department"""	REMOVE
sub-038/ses-02/func/sub-038_ses-02_task-fmri_run-05_sbref.json	InstitutionalDepartmentName	"""Department"""	REMOVE
sub-038/ses-02/func/sub-038_ses-02_task-fmri_run-06_bold.json	InstitutionalDepartmentName	"""Department"""	REMOVE
sub-038/ses-02/func/sub-038_ses-02_task-fmri_run-06_part-phase_sbref.json	InstitutionalDepartmentName	"""Department"""	REMOVE
sub-038/ses-02/func/sub-038_ses-02_task-fmri_run-06_sbref.json	InstitutionalDepartmentName	"""Department"""	REMOVE
sub-038/ses-02/func/sub-038_ses-02_task-fmri_run-07_part-phase_bold.json	InstitutionalDepartmentName	"""Department"""	REMOVE
sub-038/ses-02/func/sub-038_ses-02_task-fmri_run-08_bold.json	InstitutionalDepartmentName	"""Department"""	REMOVE
sub-038/ses-02/func/sub-038_ses-02_task-fmri_run-09_part-phase_bold.json	InstitutionalDepartmentName	"""Department"""	REMOVE
sub-038/ses-02/func/sub-038_ses-02_task-fmri_run-10_bold.json	InstitutionalDepartmentName	"""Department"""	REMOVE
sub-038/ses-02/func/sub-038_ses-02_task-movie_run-01_bold.json	InstitutionalDepartmentName	"""Department"""	REMOVE
sub-038/ses-02/func/sub-038_ses-02_task-movie_run-01_part-phase_sbref.json	InstitutionalDepartmentName	"""Department"""	REMOVE
sub-038/ses-02/func/sub-038_ses-02_task-movie_run-01_sbref.json	InstitutionalDepartmentName	"""Department"""	REMOVE
sub-038/ses-02/func/sub-038_ses-02_task-movie_run-02_part-phase_bold.json	InstitutionalDepartmentName	"""Department"""	REMOVE
sub-038/ses-02/func/sub-038_ses-02_task-movie_run-02_part-phase_sbref.json	InstitutionalDepartmentName	"""Department"""	REMOVE
sub-038/ses-02/func/sub-038_ses-02_task-movie_run-02_sbref.json	InstitutionalDepartmentName	"""Department"""	REMOVE
sub-038/ses-02/func/sub-038_ses-02_task-movie_run-03_bold.json	InstitutionalDepartmentName	"""Department"""	REMOVE
sub-038/ses-02/func/sub-038_ses-02_task-movie_run-03_part-phase_sbref.json	InstitutionalDepartmentName	"""Department"""	REMOVE
sub-038/ses-02/func/sub-038_ses-02_task-movie_run-03_sbref.json	InstitutionalDepartmentName	"""Department"""	REMOVE
sub-038/ses-02/func/sub-038_ses-02_task-movie_run-04_part-phase_bold.json	InstitutionalDepartmentName	"""Department"""	REMOVE
sub-038/ses-02/func/sub-038_ses-02_task-movie_run-04_part-phase_sbref.json	InstitutionalDepartmentName	"""Department"""	REMOVE
sub-038/ses-02/func/sub-038_ses-02_task-movie_run-04_sbref.json	InstitutionalDepartmentName	"""Department"""	REMOVE
sub-038/ses-02/func/sub-038_ses-02_task-movie_run-05_bold.json	InstitutionalDepartmentName	"""Department"""	REMOVE
sub-038/ses-02/func/sub-038_ses-02_task-movie_run-06_part-phase_bold.json	InstitutionalDepartmentName	"""Department"""	REMOVE
sub-038/ses-02/func/sub-038_ses-02_task-movie_run-07_bold.json	InstitutionalDepartmentName	"""Department"""	REMOVE
sub-038/ses-02/func/sub-038_ses-02_task-movie_run-08_part-phase_bold.json	InstitutionalDepartmentName	"""Department"""	REMOVE
sub-038/ses-02/func/sub-038_ses-02_task-rest_run-01_bold.json	InstitutionalDepartmentName	"""Department"""	REMOVE
sub-038/ses-02/func/sub-038_ses-02_task-rest_run-01_part-phase_sbref.json	InstitutionalDepartmentName	"""Department"""	REMOVE
sub-038/ses-02/func/sub-038_ses-02_task-rest_run-01_sbref.json	InstitutionalDepartmentName	"""Department"""	REMOVE
sub-038/ses-02/func/sub-038_ses-02_task-rest_run-02_part-phase_bold.json	InstitutionalDepartmentName	"""Department"""	REMOVE
sub-039/ses-01/anat/sub-039_ses-01_run-01_FLAIR.json	InstitutionalDepartmentName	"""Department"""	REMOVE
sub-039/ses-01/anat/sub-039_ses-01_run-01_T1w.json	InstitutionalDepartmentName	"""Department"""	REMOVE
sub-039/ses-01/anat/sub-039_ses-01_run-01_TB1TFL.json	InstitutionalDepartmentName	"""Department"""	REMOVE
sub-039/ses-01/anat/sub-039_ses-01_run-02_T1w.json	InstitutionalDepartmentName	"""Department"""	REMOVE
sub-039/ses-01/anat/sub-039_ses-01_run-02_TB1TFL.json	InstitutionalDepartmentName	"""Department"""	REMOVE
sub-039/ses-01/anat/sub-039_ses-01_run-03_T1w.json	InstitutionalDepartmentName	"""Department"""	REMOVE
sub-039/ses-01/dwi/sub-039_ses-01_run-01_dwi.json	InstitutionalDepartmentName	"""Department"""	REMOVE
sub-039/ses-01/dwi/sub-039_ses-01_run-02_dwi.json	InstitutionalDepartmentName	"""Department"""	REMOVE
sub-039/ses-01/dwi/sub-039_ses-01_run-05_dwi.json	InstitutionalDepartmentName	"""Department"""	REMOVE
sub-039/ses-01/fmap/sub-039_ses-01_dir-AP_run-01_epi.json	InstitutionalDepartmentName	"""Department"""	REMOVE
sub-039/ses-01/fmap/sub-039_ses-01_dir-AP_run-02_part-phase_epi.json	InstitutionalDepartmentName	"""Department"""	REMOVE
sub-039/ses-01/fmap/sub-039_ses-01_dir-AP_run-03_epi.json	InstitutionalDepartmentName	"""Department"""	REMOVE
sub-039/ses-01/fmap/sub-039_ses-01_dir-AP_run-04_part-phase_epi.json	InstitutionalDepartmentName	"""Department"""	REMOVE
sub-039/ses-01/fmap/sub-039_ses-01_dir-PA_run-01_epi.json	InstitutionalDepartmentName	"""Department"""	REMOVE
sub-039/ses-01/fmap/sub-039_ses-01_dir-PA_run-02_part-phase_epi.json	InstitutionalDepartmentName	"""Department"""	REMOVE
sub-039/ses-01/fmap/sub-039_ses-01_dir-PA_run-03_epi.json	InstitutionalDepartmentName	"""Department"""	REMOVE
sub-039/ses-01/fmap/sub-039_ses-01_dir-PA_run-04_part-phase_epi.json	InstitutionalDepartmentName	"""Department"""	REMOVE
sub-039/ses-01/func/sub-039_ses-01_task-control_run-01_bold.json	InstitutionalDepartmentName	"""Department"""	REMOVE
sub-039/ses-01/func/sub-039_ses-01_task-control_run-01_part-phase_sbref.json	InstitutionalDepartmentName	"""Department"""	REMOVE
sub-039/ses-01/func/sub-039_ses-01_task-control_run-01_sbref.json	InstitutionalDepartmentName	"""Department"""	REMOVE
sub-039/ses-01/func/sub-039_ses-01_task-control_run-02_part-phase_bold.json	InstitutionalDepartmentName	"""Department"""	REMOVE
sub-039/ses-01/func/sub-039_ses-01_task-control_run-02_part-phase_sbref.json	InstitutionalDepartmentName	"""Department"""	REMOVE
sub-039/ses-01/func/sub-039_ses-01_task-control_run-02_sbref.json	InstitutionalDepartmentName	"""Department"""	REMOVE
sub-039/ses-01/func/sub-039_ses-01_task-control_run-03_bold.json	InstitutionalDepartmentName	"""Department"""	REMOVE
sub-039/ses-01/func/sub-039_ses-01_task-control_run-03_part-phase_sbref.json	InstitutionalDepartmentName	"""Department"""	REMOVE
sub-039/ses-01/func/sub-039_ses-01_task-control_run-03_sbref.json	InstitutionalDepartmentName	"""Department"""	REMOVE
sub-039/ses-01/func/sub-039_ses-01_task-control_run-04_part-phase_bold.json	InstitutionalDepartmentName	"""Department"""	REMOVE
sub-039/ses-01/func/sub-039_ses-01_task-control_run-05_bold.json	InstitutionalDepartmentName	"""Department"""	REMOVE
sub-039/ses-01/func/sub-039_ses-01_task-control_run-06_part-phase_bold.json	InstitutionalDepartmentName	"""Department"""	REMOVE
sub-039/ses-01/func/sub-039_ses-01_task-fmri_run-01_bold.json	InstitutionalDepartmentName	"""Department"""	REMOVE
sub-039/ses-01/func/sub-039_ses-01_task-fmri_run-01_part-phase_sbref.json	InstitutionalDepartmentName	"""Department"""	REMOVE
sub-039/ses-01/func/sub-039_ses-01_task-fmri_run-01_sbref.json	InstitutionalDepartmentName	"""Department"""	REMOVE
sub-039/ses-01/func/sub-039_ses-01_task-fmri_run-02_part-phase_bold.json	InstitutionalDepartmentName	"""Department"""	REMOVE
sub-039/ses-01/func/sub-039_ses-01_task-fmri_run-02_part-phase_sbref.json	InstitutionalDepartmentName	"""Department"""	REMOVE
sub-039/ses-01/func/sub-039_ses-01_task-fmri_run-02_sbref.json	InstitutionalDepartmentName	"""Department"""	REMOVE
sub-039/ses-01/func/sub-039_ses-01_task-fmri_run-03_bold.json	InstitutionalDepartmentName	"""Department"""	REMOVE
sub-039/ses-01/func/sub-039_ses-01_task-fmri_run-03_part-phase_sbref.json	InstitutionalDepartmentName	"""Department"""	REMOVE
sub-039/ses-01/func/sub-039_ses-01_task-fmri_run-03_sbref.json	InstitutionalDepartmentName	"""Department"""	REMOVE
sub-039/ses-01/func/sub-039_ses-01_task-fmri_run-04_part-phase_bold.json	InstitutionalDepartmentName	"""Department"""	REMOVE
sub-039/ses-01/func/sub-039_ses-01_task-fmri_run-04_part-phase_sbref.json	InstitutionalDepartmentName	"""Department"""	REMOVE
sub-039/ses-01/func/sub-039_ses-01_task-fmri_run-04_sbref.json	InstitutionalDepartmentName	"""Department"""	REMOVE
sub-039/ses-01/func/sub-039_ses-01_task-fmri_run-05_bold.json	InstitutionalDepartmentName	"""Department"""	REMOVE
sub-039/ses-01/func/sub-039_ses-01_task-fmri_run-06_part-phase_bold.json	InstitutionalDepartmentName	"""Department"""	REMOVE
sub-039/ses-01/func/sub-039_ses-01_task-fmri_run-07_bold.json	InstitutionalDepartmentName	"""Department"""	REMOVE
sub-039/ses-01/func/sub-039_ses-01_task-fmri_run-08_part-phase_bold.json	InstitutionalDepartmentName	"""Department"""	REMOVE
sub-039/ses-01/func/sub-039_ses-01_task-movie_run-01_bold.json	InstitutionalDepartmentName	"""Department"""	REMOVE
sub-039/ses-01/func/sub-039_ses-01_task-movie_run-01_part-phase_sbref.json	InstitutionalDepartmentName	"""Department"""	REMOVE
sub-039/ses-01/func/sub-039_ses-01_task-movie_run-01_sbref.json	InstitutionalDepartmentName	"""Department"""	REMOVE
sub-039/ses-01/func/sub-039_ses-01_task-movie_run-02_part-phase_bold.json	InstitutionalDepartmentName	"""Department"""	REMOVE
sub-039/ses-01/func/sub-039_ses-01_task-movie_run-02_part-phase_sbref.json	InstitutionalDepartmentName	"""Department"""	REMOVE
sub-039/ses-01/func/sub-039_ses-01_task-movie_run-02_sbref.json	InstitutionalDepartmentName	"""Department"""	REMOVE
sub-039/ses-01/func/sub-039_ses-01_task-movie_run-03_bold.json	InstitutionalDepartmentName	"""Department"""	REMOVE
sub-039/ses-01/func/sub-039_ses-01_task-movie_run-03_part-phase_sbref.json	InstitutionalDepartmentName	"""Department"""	REMOVE
sub-039/ses-01/func/sub-039_ses-01_task-movie_run-03_sbref.json	InstitutionalDepartmentName	"""Department"""	REMOVE
sub-039/ses-01/func/sub-039_ses-01_task-movie_run-04_part-phase_bold.json	InstitutionalDepartmentName	"""Department"""	REMOVE
sub-039/ses-01/func/sub-039_ses-01_task-movie_run-04_part-phase_sbref.json	InstitutionalDepartmentName	"""Department"""	REMOVE
sub-039/ses-01/func/sub-039_ses-01_task-movie_run-04_sbref.json	InstitutionalDepartmentName	"""Department"""	REMOVE
sub-039/ses-01/func/sub-039_ses-01_task-movie_run-05_bold.json	InstitutionalDepartmentName	"""Department"""	REMOVE
sub-039/ses-01/func/sub-039_ses-01_task-movie_run-06_part-phase_bold.json	InstitutionalDepartmentName	"""Department"""	REMOVE
sub-039/ses-01/func/sub-039_ses-01_task-movie_run-07_bold.json	InstitutionalDepartmentName	"""Department"""	REMOVE
sub-039/ses-01/func/sub-039_ses-01_task-movie_run-08_part-phase_bold.json	InstitutionalDepartmentName	"""Department"""	REMOVE
sub-039/ses-01/func/sub-039_ses-01_task-rest_run-01_bold.json	InstitutionalDepartmentName	"""Department"""	REMOVE
sub-039/ses-01/func/sub-039_ses-01_task-rest_run-01_part-phase_sbref.json	InstitutionalDepartmentName	"""Department"""	REMOVE
sub-039/ses-01/func/sub-039_ses-01_task-rest_run-01_sbref.json	InstitutionalDepartmentName	"""Department"""	REMOVE
sub-039/ses-01/func/sub-039_ses-01_task-rest_run-02_part-phase_bold.json	InstitutionalDepartmentName	"""Department"""	REMOVE
sub-039/ses-02/anat/sub-039_ses-02_run-01_FLAIR.json	InstitutionalDepartmentName	"""Department"""	REMOVE
sub-039/ses-02/anat/sub-039_ses-02_run-01_T1w.json	InstitutionalDepartmentName	"""Department"""	REMOVE
sub-039/ses-02/anat/sub-039_ses-02_run-01_TB1TFL.json	InstitutionalDepartmentName	"""Department"""	REMOVE
sub-039/ses-02/anat/sub-039_ses-02_run-02_T1w.json	InstitutionalDepartmentName	"""Department"""	REMOVE
sub-039/ses-02/anat/sub-039_ses-02_run-02_TB1TFL.json	InstitutionalDepartmentName	"""Department"""	REMOVE
sub-039/ses-02/anat/sub-039_ses-02_run-03_T1w.json	InstitutionalDepartmentName	"""Department"""	REMOVE
sub-039/ses-02/dwi/sub-039_ses-02_run-01_dwi.json	InstitutionalDepartmentName	"""Department"""	REMOVE
sub-039/ses-02/dwi/sub-039_ses-02_run-02_dwi.json	InstitutionalDepartmentName	"""Department"""	REMOVE
sub-039/ses-02/dwi/sub-039_ses-02_run-05_dwi.json	InstitutionalDepartmentName	"""Department"""	REMOVE
sub-039/ses-02/fmap/sub-039_ses-02_dir-AP_run-01_epi.json	InstitutionalDepartmentName	"""Department"""	REMOVE
sub-039/ses-02/fmap/sub-039_ses-02_dir-AP_run-02_part-phase_epi.json	InstitutionalDepartmentName	"""Department"""	REMOVE
sub-039/ses-02/fmap/sub-039_ses-02_dir-AP_run-03_epi.json	InstitutionalDepartmentName	"""Department"""	REMOVE
sub-039/ses-02/fmap/sub-039_ses-02_dir-AP_run-04_part-phase_epi.json	InstitutionalDepartmentName	"""Department"""	REMOVE
sub-039/ses-02/fmap/sub-039_ses-02_dir-PA_run-01_epi.json	InstitutionalDepartmentName	"""Department"""	REMOVE
sub-039/ses-02/fmap/sub-039_ses-02_dir-PA_run-02_part-phase_epi.json	InstitutionalDepartmentName	"""Department"""	REMOVE
sub-039/ses-02/fmap/sub-039_ses-02_dir-PA_run-03_epi.json	InstitutionalDepartmentName	"""Department"""	REMOVE
sub-039/ses-02/fmap/sub-039_ses-02_dir-PA_run-04_part-phase_epi.json	InstitutionalDepartmentName	"""Department"""	REMOVE
sub-039/ses-02/func/sub-039_ses-02_task-control_run-01_bold.json	InstitutionalDepartmentName	"""Department"""	REMOVE
sub-039/ses-02/func/sub-039_ses-02_task-control_run-01_part-phase_sbref.json	InstitutionalDepartmentName	"""Department"""	REMOVE
sub-039/ses-02/func/sub-039_ses-02_task-control_run-01_sbref.json	InstitutionalDepartmentName	"""Department"""	REMOVE
sub-039/ses-02/func/sub-039_ses-02_task-control_run-02_part-phase_bold.json	InstitutionalDepartmentName	"""Department"""	REMOVE
sub-039/ses-02/func/sub-039_ses-02_task-control_run-02_part-phase_sbref.json	InstitutionalDepartmentName	"""Department"""	REMOVE
sub-039/ses-02/func/sub-039_ses-02_task-control_run-02_sbref.json	InstitutionalDepartmentName	"""Department"""	REMOVE
sub-039/ses-02/func/sub-039_ses-02_task-control_run-03_bold.json	InstitutionalDepartmentName	"""Department"""	REMOVE
sub-039/ses-02/func/sub-039_ses-02_task-control_run-03_part-phase_sbref.json	InstitutionalDepartmentName	"""Department"""	REMOVE
sub-039/ses-02/func/sub-039_ses-02_task-control_run-03_sbref.json	InstitutionalDepartmentName	"""Department"""	REMOVE
sub-039/ses-02/func/sub-039_ses-02_task-control_run-04_part-phase_bold.json	InstitutionalDepartmentName	"""Department"""	REMOVE
sub-039/ses-02/func/sub-039_ses-02_task-control_run-05_bold.json	InstitutionalDepartmentName	"""Department"""	REMOVE
sub-039/ses-02/func/sub-039_ses-02_task-control_run-06_part-phase_bold.json	InstitutionalDepartmentName	"""Department"""	REMOVE
sub-039/ses-02/func/sub-039_ses-02_task-fmri_run-01_bold.json	InstitutionalDepartmentName	"""Department"""	REMOVE
sub-039/ses-02/func/sub-039_ses-02_task-fmri_run-01_part-phase_sbref.json	InstitutionalDepartmentName	"""Department"""	REMOVE
sub-039/ses-02/func/sub-039_ses-02_task-fmri_run-01_sbref.json	InstitutionalDepartmentName	"""Department"""	REMOVE
sub-039/ses-02/func/sub-039_ses-02_task-fmri_run-02_part-phase_bold.json	InstitutionalDepartmentName	"""Department"""	REMOVE
sub-039/ses-02/func/sub-039_ses-02_task-fmri_run-02_part-phase_sbref.json	InstitutionalDepartmentName	"""Department"""	REMOVE
sub-039/ses-02/func/sub-039_ses-02_task-fmri_run-02_sbref.json	InstitutionalDepartmentName	"""Department"""	REMOVE
sub-039/ses-02/func/sub-039_ses-02_task-fmri_run-03_bold.json	InstitutionalDepartmentName	"""Department"""	REMOVE
sub-039/ses-02/func/sub-039_ses-02_task-fmri_run-03_part-phase_sbref.json	InstitutionalDepartmentName	"""Department"""	REMOVE
sub-039/ses-02/func/sub-039_ses-02_task-fmri_run-03_sbref.json	InstitutionalDepartmentName	"""Department"""	REMOVE
sub-039/ses-02/func/sub-039_ses-02_task-fmri_run-04_part-phase_bold.json	InstitutionalDepartmentName	"""Department"""	REMOVE
sub-039/ses-02/func/sub-039_ses-02_task-fmri_run-04_part-phase_sbref.json	InstitutionalDepartmentName	"""Department"""	REMOVE
sub-039/ses-02/func/sub-039_ses-02_task-fmri_run-04_sbref.json	InstitutionalDepartmentName	"""Department"""	REMOVE
sub-039/ses-02/func/sub-039_ses-02_task-fmri_run-05_bold.json	InstitutionalDepartmentName	"""Department"""	REMOVE
sub-039/ses-02/func/sub-039_ses-02_task-fmri_run-06_part-phase_bold.json	InstitutionalDepartmentName	"""Department"""	REMOVE
sub-039/ses-02/func/sub-039_ses-02_task-fmri_run-07_bold.json	InstitutionalDepartmentName	"""Department"""	REMOVE
sub-039/ses-02/func/sub-039_ses-02_task-fmri_run-08_part-phase_bold.json	InstitutionalDepartmentName	"""Department"""	REMOVE
sub-039/ses-02/func/sub-039_ses-02_task-movie_run-01_bold.json	InstitutionalDepartmentName	"""Department"""	REMOVE
sub-039/ses-02/func/sub-039_ses-02_task-movie_run-01_part-phase_sbref.json	InstitutionalDepartmentName	"""Department"""	REMOVE
sub-039/ses-02/func/sub-039_ses-02_task-movie_run-01_sbref.json	InstitutionalDepartmentName	"""Department"""	REMOVE
sub-039/ses-02/func/sub-039_ses-02_task-movie_run-02_part-phase_bold.json	InstitutionalDepartmentName	"""Department"""	REMOVE
sub-039/ses-02/func/sub-039_ses-02_task-movie_run-02_part-phase_sbref.json	InstitutionalDepartmentName	"""Department"""	REMOVE
sub-039/ses-02/func/sub-039_ses-02_task-movie_run-02_sbref.json	InstitutionalDepartmentName	"""Department"""	REMOVE
sub-039/ses-02/func/sub-039_ses-02_task-movie_run-03_bold.json	InstitutionalDepartmentName	"""Department"""	REMOVE
sub-039/ses-02/func/sub-039_ses-02_task-movie_run-03_part-phase_sbref.json	InstitutionalDepartmentName	"""Department"""	REMOVE
sub-039/ses-02/func/sub-039_ses-02_task-movie_run-03_sbref.json	InstitutionalDepartmentName	"""Department"""	REMOVE
sub-039/ses-02/func/sub-039_ses-02_task-movie_run-04_part-phase_bold.json	InstitutionalDepartmentName	"""Department"""	REMOVE
sub-039/ses-02/func/sub-039_ses-02_task-movie_run-04_part-phase_sbref.json	InstitutionalDepartmentName	"""Department"""	REMOVE
sub-039/ses-02/func/sub-039_ses-02_task-movie_run-04_sbref.json	InstitutionalDepartmentName	"""Department"""	REMOVE
sub-039/ses-02/func/sub-039_ses-02_task-movie_run-05_bold.json	InstitutionalDepartmentName	"""Department"""	REMOVE
sub-039/ses-02/func/sub-039_ses-02_task-movie_run-06_part-phase_bold.json	InstitutionalDepartmentName	"""Department"""	REMOVE
sub-039/ses-02/func/sub-039_ses-02_task-movie_run-07_bold.json	InstitutionalDepartmentName	"""Department"""	REMOVE
sub-039/ses-02/func/sub-039_ses-02_task-movie_run-08_part-phase_bold.json	InstitutionalDepartmentName	"""Department"""	REMOVE
sub-039/ses-02/func/sub-039_ses-02_task-rest_run-01_bold.json	InstitutionalDepartmentName	"""Department"""	REMOVE
sub-039/ses-02/func/sub-039_ses-02_task-rest_run-01_part-phase_sbref.json	InstitutionalDepartmentName	"""Department"""	REMOVE
sub-039/ses-02/func/sub-039_ses-02_task-rest_run-01_sbref.json	InstitutionalDepartmentName	"""Department"""	REMOVE
sub-039/ses-02/func/sub-039_ses-02_task-rest_run-02_part-phase_bold.json	InstitutionalDepartmentName	"""Department"""	REMOVE
sub-040/ses-01/anat/sub-040_ses-01_run-01_FLAIR.json	InstitutionalDepartmentName	"""Department"""	REMOVE
sub-040/ses-01/anat/sub-040_ses-01_run-01_T1w.json	InstitutionalDepartmentName	"""Department"""	REMOVE
sub-040/ses-01/anat/sub-040_ses-01_run-01_TB1TFL.json	InstitutionalDepartmentName	"""Department"""	REMOVE
sub-040/ses-01/anat/sub-040_ses-01_run-02_T1w.json	InstitutionalDepartmentName	"""Department"""	REMOVE
sub-040/ses-01/anat/sub-040_ses-01_run-02_TB1TFL.json	InstitutionalDepartmentName	"""Department"""	REMOVE
sub-040/ses-01/anat/sub-040_ses-01_run-03_T1w.json	InstitutionalDepartmentName	"""Department"""	REMOVE
sub-040/ses-01/dwi/sub-040_ses-01_run-01_dwi.json	InstitutionalDepartmentName	"""Department"""	REMOVE
sub-040/ses-01/dwi/sub-040_ses-01_run-02_dwi.json	InstitutionalDepartmentName	"""Department"""	REMOVE
sub-040/ses-01/dwi/sub-040_ses-01_run-05_dwi.json	InstitutionalDepartmentName	"""Department"""	REMOVE
sub-040/ses-01/fmap/sub-040_ses-01_dir-AP_run-01_epi.json	InstitutionalDepartmentName	"""Department"""	REMOVE
sub-040/ses-01/fmap/sub-040_ses-01_dir-AP_run-02_part-phase_epi.json	InstitutionalDepartmentName	"""Department"""	REMOVE
sub-040/ses-01/fmap/sub-040_ses-01_dir-AP_run-03_epi.json	InstitutionalDepartmentName	"""Department"""	REMOVE
sub-040/ses-01/fmap/sub-040_ses-01_dir-AP_run-04_part-phase_epi.json	InstitutionalDepartmentName	"""Department"""	REMOVE
sub-040/ses-01/fmap/sub-040_ses-01_dir-PA_run-01_epi.json	InstitutionalDepartmentName	"""Department"""	REMOVE
sub-040/ses-01/fmap/sub-040_ses-01_dir-PA_run-02_part-phase_epi.json	InstitutionalDepartmentName	"""Department"""	REMOVE
sub-040/ses-01/fmap/sub-040_ses-01_dir-PA_run-03_epi.json	InstitutionalDepartmentName	"""Department"""	REMOVE
sub-040/ses-01/fmap/sub-040_ses-01_dir-PA_run-04_part-phase_epi.json	InstitutionalDepartmentName	"""Department"""	REMOVE
sub-040/ses-01/func/sub-040_ses-01_task-control_run-01_bold.json	InstitutionalDepartmentName	"""Department"""	REMOVE
sub-040/ses-01/func/sub-040_ses-01_task-control_run-01_part-phase_sbref.json	InstitutionalDepartmentName	"""Department"""	REMOVE
sub-040/ses-01/func/sub-040_ses-01_task-control_run-01_sbref.json	InstitutionalDepartmentName	"""Department"""	REMOVE
sub-040/ses-01/func/sub-040_ses-01_task-control_run-02_part-phase_bold.json	InstitutionalDepartmentName	"""Department"""	REMOVE
sub-040/ses-01/func/sub-040_ses-01_task-control_run-02_part-phase_sbref.json	InstitutionalDepartmentName	"""Department"""	REMOVE
sub-040/ses-01/func/sub-040_ses-01_task-control_run-02_sbref.json	InstitutionalDepartmentName	"""Department"""	REMOVE
sub-040/ses-01/func/sub-040_ses-01_task-control_run-03_bold.json	InstitutionalDepartmentName	"""Department"""	REMOVE
sub-040/ses-01/func/sub-040_ses-01_task-control_run-03_part-phase_sbref.json	InstitutionalDepartmentName	"""Department"""	REMOVE
sub-040/ses-01/func/sub-040_ses-01_task-control_run-03_sbref.json	InstitutionalDepartmentName	"""Department"""	REMOVE
sub-040/ses-01/func/sub-040_ses-01_task-control_run-04_part-phase_bold.json	InstitutionalDepartmentName	"""Department"""	REMOVE
sub-040/ses-01/func/sub-040_ses-01_task-control_run-05_bold.json	InstitutionalDepartmentName	"""Department"""	REMOVE
sub-040/ses-01/func/sub-040_ses-01_task-control_run-06_part-phase_bold.json	InstitutionalDepartmentName	"""Department"""	REMOVE
sub-040/ses-01/func/sub-040_ses-01_task-fmri_run-01_bold.json	InstitutionalDepartmentName	"""Department"""	REMOVE
sub-040/ses-01/func/sub-040_ses-01_task-fmri_run-01_part-phase_sbref.json	InstitutionalDepartmentName	"""Department"""	REMOVE
sub-040/ses-01/func/sub-040_ses-01_task-fmri_run-01_sbref.json	InstitutionalDepartmentName	"""Department"""	REMOVE
sub-040/ses-01/func/sub-040_ses-01_task-fmri_run-02_part-phase_bold.json	InstitutionalDepartmentName	"""Department"""	REMOVE
sub-040/ses-01/func/sub-040_ses-01_task-fmri_run-02_part-phase_sbref.json	InstitutionalDepartmentName	"""Department"""	REMOVE
sub-040/ses-01/func/sub-040_ses-01_task-fmri_run-02_sbref.json	InstitutionalDepartmentName	"""Department"""	REMOVE
sub-040/ses-01/func/sub-040_ses-01_task-fmri_run-03_bold.json	InstitutionalDepartmentName	"""Department"""	REMOVE
sub-040/ses-01/func/sub-040_ses-01_task-fmri_run-03_part-phase_sbref.json	InstitutionalDepartmentName	"""Department"""	REMOVE
sub-040/ses-01/func/sub-040_ses-01_task-fmri_run-03_sbref.json	InstitutionalDepartmentName	"""Department"""	REMOVE
sub-040/ses-01/func/sub-040_ses-01_task-fmri_run-04_part-phase_bold.json	InstitutionalDepartmentName	"""Department"""	REMOVE
sub-040/ses-01/func/sub-040_ses-01_task-fmri_run-04_part-phase_sbref.json	InstitutionalDepartmentName	"""Department"""	REMOVE
sub-040/ses-01/func/sub-040_ses-01_task-fmri_run-04_sbref.json	InstitutionalDepartmentName	"""Department"""	REMOVE
sub-040/ses-01/func/sub-040_ses-01_task-fmri_run-05_bold.json	InstitutionalDepartmentName	"""Department"""	REMOVE
sub-040/ses-01/func/sub-040_ses-01_task-fmri_run-05_part-phase_sbref.json	InstitutionalDepartmentName	"""Department"""	REMOVE
sub-040/ses-01/func/sub-040_ses-01_task-fmri_run-05_sbref.json	InstitutionalDepartmentName	"""Department"""	REMOVE
sub-040/ses-01/func/sub-040_ses-01_task-fmri_run-06_part-phase_bold.json	InstitutionalDepartmentName	"""Department"""	REMOVE
sub-040/ses-01/func/sub-040_ses-01_task-fmri_run-07_bold.json	InstitutionalDepartmentName	"""Department"""	REMOVE
sub-040/ses-01/func/sub-040_ses-01_task-fmri_run-08_part-phase_bold.json	InstitutionalDepartmentName	"""Department"""	REMOVE
sub-040/ses-01/func/sub-040_ses-01_task-fmri_run-09_bold.json	InstitutionalDepartmentName	"""Department"""	REMOVE
sub-040/ses-01/func/sub-040_ses-01_task-fmri_run-10_part-phase_bold.json	InstitutionalDepartmentName	"""Department"""	REMOVE
sub-040/ses-01/func/sub-040_ses-01_task-movie_run-01_bold.json	InstitutionalDepartmentName	"""Department"""	REMOVE
sub-040/ses-01/func/sub-040_ses-01_task-movie_run-01_part-phase_sbref.json	InstitutionalDepartmentName	"""Department"""	REMOVE
sub-040/ses-01/func/sub-040_ses-01_task-movie_run-01_sbref.json	InstitutionalDepartmentName	"""Department"""	REMOVE
sub-040/ses-01/func/sub-040_ses-01_task-movie_run-02_part-phase_bold.json	InstitutionalDepartmentName	"""Department"""	REMOVE
sub-040/ses-01/func/sub-040_ses-01_task-movie_run-02_part-phase_sbref.json	InstitutionalDepartmentName	"""Department"""	REMOVE
sub-040/ses-01/func/sub-040_ses-01_task-movie_run-02_sbref.json	InstitutionalDepartmentName	"""Department"""	REMOVE
sub-040/ses-01/func/sub-040_ses-01_task-movie_run-03_bold.json	InstitutionalDepartmentName	"""Department"""	REMOVE
sub-040/ses-01/func/sub-040_ses-01_task-movie_run-03_part-phase_sbref.json	InstitutionalDepartmentName	"""Department"""	REMOVE
sub-040/ses-01/func/sub-040_ses-01_task-movie_run-03_sbref.json	InstitutionalDepartmentName	"""Department"""	REMOVE
sub-040/ses-01/func/sub-040_ses-01_task-movie_run-04_part-phase_bold.json	InstitutionalDepartmentName	"""Department"""	REMOVE
sub-040/ses-01/func/sub-040_ses-01_task-movie_run-04_part-phase_sbref.json	InstitutionalDepartmentName	"""Department"""	REMOVE
sub-040/ses-01/func/sub-040_ses-01_task-movie_run-04_sbref.json	InstitutionalDepartmentName	"""Department"""	REMOVE
sub-040/ses-01/func/sub-040_ses-01_task-movie_run-05_bold.json	InstitutionalDepartmentName	"""Department"""	REMOVE
sub-040/ses-01/func/sub-040_ses-01_task-movie_run-06_part-phase_bold.json	InstitutionalDepartmentName	"""Department"""	REMOVE
sub-040/ses-01/func/sub-040_ses-01_task-movie_run-07_bold.json	InstitutionalDepartmentName	"""Department"""	REMOVE
sub-040/ses-01/func/sub-040_ses-01_task-movie_run-08_part-phase_bold.json	InstitutionalDepartmentName	"""Department"""	REMOVE
sub-040/ses-01/func/sub-040_ses-01_task-rest_run-01_bold.json	InstitutionalDepartmentName	"""Department"""	REMOVE
sub-040/ses-01/func/sub-040_ses-01_task-rest_run-01_part-phase_sbref.json	InstitutionalDepartmentName	"""Department"""	REMOVE
sub-040/ses-01/func/sub-040_ses-01_task-rest_run-01_sbref.json	InstitutionalDepartmentName	"""Department"""	REMOVE
sub-040/ses-01/func/sub-040_ses-01_task-rest_run-02_part-phase_bold.json	InstitutionalDepartmentName	"""Department"""	REMOVE
sub-040/ses-02/anat/sub-040_ses-02_run-01_FLAIR.json	InstitutionalDepartmentName	"""Department"""	REMOVE
sub-040/ses-02/anat/sub-040_ses-02_run-01_T1w.json	InstitutionalDepartmentName	"""Department"""	REMOVE
sub-040/ses-02/anat/sub-040_ses-02_run-01_TB1TFL.json	InstitutionalDepartmentName	"""Department"""	REMOVE
sub-040/ses-02/anat/sub-040_ses-02_run-02_T1w.json	InstitutionalDepartmentName	"""Department"""	REMOVE
sub-040/ses-02/anat/sub-040_ses-02_run-02_TB1TFL.json	InstitutionalDepartmentName	"""Department"""	REMOVE
sub-040/ses-02/anat/sub-040_ses-02_run-03_T1w.json	InstitutionalDepartmentName	"""Department"""	REMOVE
sub-040/ses-02/dwi/sub-040_ses-02_run-01_dwi.json	InstitutionalDepartmentName	"""Department"""	REMOVE
sub-040/ses-02/dwi/sub-040_ses-02_run-02_dwi.json	InstitutionalDepartmentName	"""Department"""	REMOVE
sub-040/ses-02/dwi/sub-040_ses-02_run-05_dwi.json	InstitutionalDepartmentName	"""Department"""	REMOVE
sub-040/ses-02/fmap/sub-040_ses-02_dir-AP_run-01_epi.json	InstitutionalDepartmentName	"""Department"""	REMOVE
sub-040/ses-02/fmap/sub-040_ses-02_dir-AP_run-02_part-phase_epi.json	InstitutionalDepartmentName	"""Department"""	REMOVE
sub-040/ses-02/fmap/sub-040_ses-02_dir-AP_run-03_epi.json	InstitutionalDepartmentName	"""Department"""	REMOVE
sub-040/ses-02/fmap/sub-040_ses-02_dir-AP_run-04_part-phase_epi.json	InstitutionalDepartmentName	"""Department"""	REMOVE
sub-040/ses-02/fmap/sub-040_ses-02_dir-PA_run-01_epi.json	InstitutionalDepartmentName	"""Department"""	REMOVE
sub-040/ses-02/fmap/sub-040_ses-02_dir-PA_run-02_part-phase_epi.json	InstitutionalDepartmentName	"""Department"""	REMOVE
sub-040/ses-02/fmap/sub-040_ses-02_dir-PA_run-03_epi.json	InstitutionalDepartmentName	"""Department"""	REMOVE
sub-040/ses-02/fmap/sub-040_ses-02_dir-PA_run-04_part-phase_epi.json	InstitutionalDepartmentName	"""Department"""	REMOVE
sub-040/ses-02/func/sub-040_ses-02_task-control_run-01_bold.json	InstitutionalDepartmentName	"""Department"""	REMOVE
sub-040/ses-02/func/sub-040_ses-02_task-control_run-01_part-phase_sbref.json	InstitutionalDepartmentName	"""Department"""	REMOVE
sub-040/ses-02/func/sub-040_ses-02_task-control_run-01_sbref.json	InstitutionalDepartmentName	"""Department"""	REMOVE
sub-040/ses-02/func/sub-040_ses-02_task-control_run-02_part-phase_bold.json	InstitutionalDepartmentName	"""Department"""	REMOVE
sub-040/ses-02/func/sub-040_ses-02_task-control_run-02_part-phase_sbref.json	InstitutionalDepartmentName	"""Department"""	REMOVE
sub-040/ses-02/func/sub-040_ses-02_task-control_run-02_sbref.json	InstitutionalDepartmentName	"""Department"""	REMOVE
sub-040/ses-02/func/sub-040_ses-02_task-control_run-03_bold.json	InstitutionalDepartmentName	"""Department"""	REMOVE
sub-040/ses-02/func/sub-040_ses-02_task-control_run-03_part-phase_sbref.json	InstitutionalDepartmentName	"""Department"""	REMOVE
sub-040/ses-02/func/sub-040_ses-02_task-control_run-03_sbref.json	InstitutionalDepartmentName	"""Department"""	REMOVE
sub-040/ses-02/func/sub-040_ses-02_task-control_run-04_part-phase_bold.json	InstitutionalDepartmentName	"""Department"""	REMOVE
sub-040/ses-02/func/sub-040_ses-02_task-control_run-05_bold.json	InstitutionalDepartmentName	"""Department"""	REMOVE
sub-040/ses-02/func/sub-040_ses-02_task-control_run-06_part-phase_bold.json	InstitutionalDepartmentName	"""Department"""	REMOVE
sub-040/ses-02/func/sub-040_ses-02_task-fmri_run-01_bold.json	InstitutionalDepartmentName	"""Department"""	REMOVE
sub-040/ses-02/func/sub-040_ses-02_task-fmri_run-01_part-phase_sbref.json	InstitutionalDepartmentName	"""Department"""	REMOVE
sub-040/ses-02/func/sub-040_ses-02_task-fmri_run-01_sbref.json	InstitutionalDepartmentName	"""Department"""	REMOVE
sub-040/ses-02/func/sub-040_ses-02_task-fmri_run-02_part-phase_bold.json	InstitutionalDepartmentName	"""Department"""	REMOVE
sub-040/ses-02/func/sub-040_ses-02_task-fmri_run-02_part-phase_sbref.json	InstitutionalDepartmentName	"""Department"""	REMOVE
sub-040/ses-02/func/sub-040_ses-02_task-fmri_run-02_sbref.json	InstitutionalDepartmentName	"""Department"""	REMOVE
sub-040/ses-02/func/sub-040_ses-02_task-fmri_run-03_bold.json	InstitutionalDepartmentName	"""Department"""	REMOVE
sub-040/ses-02/func/sub-040_ses-02_task-fmri_run-03_part-phase_sbref.json	InstitutionalDepartmentName	"""Department"""	REMOVE
sub-040/ses-02/func/sub-040_ses-02_task-fmri_run-03_sbref.json	InstitutionalDepartmentName	"""Department"""	REMOVE
sub-040/ses-02/func/sub-040_ses-02_task-fmri_run-04_part-phase_bold.json	InstitutionalDepartmentName	"""Department"""	REMOVE
sub-040/ses-02/func/sub-040_ses-02_task-fmri_run-04_part-phase_sbref.json	InstitutionalDepartmentName	"""Department"""	REMOVE
sub-040/ses-02/func/sub-040_ses-02_task-fmri_run-04_sbref.json	InstitutionalDepartmentName	"""Department"""	REMOVE
sub-040/ses-02/func/sub-040_ses-02_task-fmri_run-05_bold.json	InstitutionalDepartmentName	"""Department"""	REMOVE
sub-040/ses-02/func/sub-040_ses-02_task-fmri_run-06_part-phase_bold.json	InstitutionalDepartmentName	"""Department"""	REMOVE
sub-040/ses-02/func/sub-040_ses-02_task-fmri_run-07_bold.json	InstitutionalDepartmentName	"""Department"""	REMOVE
sub-040/ses-02/func/sub-040_ses-02_task-fmri_run-08_part-phase_bold.json	InstitutionalDepartmentName	"""Department"""	REMOVE
sub-040/ses-02/func/sub-040_ses-02_task-movie_run-01_bold.json	InstitutionalDepartmentName	"""Department"""	REMOVE
sub-040/ses-02/func/sub-040_ses-02_task-movie_run-01_part-phase_sbref.json	InstitutionalDepartmentName	"""Department"""	REMOVE
sub-040/ses-02/func/sub-040_ses-02_task-movie_run-01_sbref.json	InstitutionalDepartmentName	"""Department"""	REMOVE
sub-040/ses-02/func/sub-040_ses-02_task-movie_run-02_part-phase_bold.json	InstitutionalDepartmentName	"""Department"""	REMOVE
sub-040/ses-02/func/sub-040_ses-02_task-movie_run-02_part-phase_sbref.json	InstitutionalDepartmentName	"""Department"""	REMOVE
sub-040/ses-02/func/sub-040_ses-02_task-movie_run-02_sbref.json	InstitutionalDepartmentName	"""Department"""	REMOVE
sub-040/ses-02/func/sub-040_ses-02_task-movie_run-03_bold.json	InstitutionalDepartmentName	"""Department"""	REMOVE
sub-040/ses-02/func/sub-040_ses-02_task-movie_run-03_part-phase_sbref.json	InstitutionalDepartmentName	"""Department"""	REMOVE
sub-040/ses-02/func/sub-040_ses-02_task-movie_run-03_sbref.json	InstitutionalDepartmentName	"""Department"""	REMOVE
sub-040/ses-02/func/sub-040_ses-02_task-movie_run-04_part-phase_bold.json	InstitutionalDepartmentName	"""Department"""	REMOVE
sub-040/ses-02/func/sub-040_ses-02_task-movie_run-04_part-phase_sbref.json	InstitutionalDepartmentName	"""Department"""	REMOVE
sub-040/ses-02/func/sub-040_ses-02_task-movie_run-04_sbref.json	InstitutionalDepartmentName	"""Department"""	REMOVE
sub-040/ses-02/func/sub-040_ses-02_task-movie_run-05_bold.json	InstitutionalDepartmentName	"""Department"""	REMOVE
sub-040/ses-02/func/sub-040_ses-02_task-movie_run-06_part-phase_bold.json	InstitutionalDepartmentName	"""Department"""	REMOVE
sub-040/ses-02/func/sub-040_ses-02_task-movie_run-07_bold.json	InstitutionalDepartmentName	"""Department"""	REMOVE
sub-040/ses-02/func/sub-040_ses-02_task-movie_run-08_part-phase_bold.json	InstitutionalDepartmentName	"""Department"""	REMOVE
sub-040/ses-02/func/sub-040_ses-02_task-rest_run-01_bold.json	InstitutionalDepartmentName	"""Department"""	REMOVE
sub-040/ses-02/func/sub-040_ses-02_task-rest_run-01_part-phase_sbref.json	InstitutionalDepartmentName	"""Department"""	REMOVE
sub-040/ses-02/func/sub-040_ses-02_task-rest_run-01_sbref.json	InstitutionalDepartmentName	"""Department"""	REMOVE
sub-040/ses-02/func/sub-040_ses-02_task-rest_run-02_part-phase_bold.json	InstitutionalDepartmentName	"""Department"""	REMOVE
sub-041/ses-01/anat/sub-041_ses-01_run-01_FLAIR.json	InstitutionalDepartmentName	"""Department"""	REMOVE
sub-041/ses-01/anat/sub-041_ses-01_run-01_T1w.json	InstitutionalDepartmentName	"""Department"""	REMOVE
sub-041/ses-01/anat/sub-041_ses-01_run-01_TB1TFL.json	InstitutionalDepartmentName	"""Department"""	REMOVE
sub-041/ses-01/anat/sub-041_ses-01_run-02_T1w.json	InstitutionalDepartmentName	"""Department"""	REMOVE
sub-041/ses-01/anat/sub-041_ses-01_run-02_TB1TFL.json	InstitutionalDepartmentName	"""Department"""	REMOVE
sub-041/ses-01/anat/sub-041_ses-01_run-03_T1w.json	InstitutionalDepartmentName	"""Department"""	REMOVE
sub-041/ses-01/dwi/sub-041_ses-01_run-01_dwi.json	InstitutionalDepartmentName	"""Department"""	REMOVE
sub-041/ses-01/dwi/sub-041_ses-01_run-02_dwi.json	InstitutionalDepartmentName	"""Department"""	REMOVE
sub-041/ses-01/dwi/sub-041_ses-01_run-05_dwi.json	InstitutionalDepartmentName	"""Department"""	REMOVE
sub-041/ses-01/fmap/sub-041_ses-01_dir-AP_run-01_epi.json	InstitutionalDepartmentName	"""Department"""	REMOVE
sub-041/ses-01/fmap/sub-041_ses-01_dir-AP_run-02_part-phase_epi.json	InstitutionalDepartmentName	"""Department"""	REMOVE
sub-041/ses-01/fmap/sub-041_ses-01_dir-AP_run-03_epi.json	InstitutionalDepartmentName	"""Department"""	REMOVE
sub-041/ses-01/fmap/sub-041_ses-01_dir-AP_run-04_part-phase_epi.json	InstitutionalDepartmentName	"""Department"""	REMOVE
sub-041/ses-01/fmap/sub-041_ses-01_dir-PA_run-01_epi.json	InstitutionalDepartmentName	"""Department"""	REMOVE
sub-041/ses-01/fmap/sub-041_ses-01_dir-PA_run-02_part-phase_epi.json	InstitutionalDepartmentName	"""Department"""	REMOVE
sub-041/ses-01/fmap/sub-041_ses-01_dir-PA_run-03_epi.json	InstitutionalDepartmentName	"""Department"""	REMOVE
sub-041/ses-01/fmap/sub-041_ses-01_dir-PA_run-04_part-phase_epi.json	InstitutionalDepartmentName	"""Department"""	REMOVE
sub-041/ses-01/func/sub-041_ses-01_task-control_run-01_bold.json	InstitutionalDepartmentName	"""Department"""	REMOVE
sub-041/ses-01/func/sub-041_ses-01_task-control_run-01_part-phase_sbref.json	InstitutionalDepartmentName	"""Department"""	REMOVE
sub-041/ses-01/func/sub-041_ses-01_task-control_run-01_sbref.json	InstitutionalDepartmentName	"""Department"""	REMOVE
sub-041/ses-01/func/sub-041_ses-01_task-control_run-02_part-phase_bold.json	InstitutionalDepartmentName	"""Department"""	REMOVE
sub-041/ses-01/func/sub-041_ses-01_task-control_run-02_part-phase_sbref.json	InstitutionalDepartmentName	"""Department"""	REMOVE
sub-041/ses-01/func/sub-041_ses-01_task-control_run-02_sbref.json	InstitutionalDepartmentName	"""Department"""	REMOVE
sub-041/ses-01/func/sub-041_ses-01_task-control_run-03_bold.json	InstitutionalDepartmentName	"""Department"""	REMOVE
sub-041/ses-01/func/sub-041_ses-01_task-control_run-03_part-phase_sbref.json	InstitutionalDepartmentName	"""Department"""	REMOVE
sub-041/ses-01/func/sub-041_ses-01_task-control_run-03_sbref.json	InstitutionalDepartmentName	"""Department"""	REMOVE
sub-041/ses-01/func/sub-041_ses-01_task-control_run-04_part-phase_bold.json	InstitutionalDepartmentName	"""Department"""	REMOVE
sub-041/ses-01/func/sub-041_ses-01_task-control_run-05_bold.json	InstitutionalDepartmentName	"""Department"""	REMOVE
sub-041/ses-01/func/sub-041_ses-01_task-control_run-06_part-phase_bold.json	InstitutionalDepartmentName	"""Department"""	REMOVE
sub-041/ses-01/func/sub-041_ses-01_task-fmri_run-01_bold.json	InstitutionalDepartmentName	"""Department"""	REMOVE
sub-041/ses-01/func/sub-041_ses-01_task-fmri_run-01_part-phase_sbref.json	InstitutionalDepartmentName	"""Department"""	REMOVE
sub-041/ses-01/func/sub-041_ses-01_task-fmri_run-01_sbref.json	InstitutionalDepartmentName	"""Department"""	REMOVE
sub-041/ses-01/func/sub-041_ses-01_task-fmri_run-02_part-phase_bold.json	InstitutionalDepartmentName	"""Department"""	REMOVE
sub-041/ses-01/func/sub-041_ses-01_task-fmri_run-02_part-phase_sbref.json	InstitutionalDepartmentName	"""Department"""	REMOVE
sub-041/ses-01/func/sub-041_ses-01_task-fmri_run-02_sbref.json	InstitutionalDepartmentName	"""Department"""	REMOVE
sub-041/ses-01/func/sub-041_ses-01_task-fmri_run-03_bold.json	InstitutionalDepartmentName	"""Department"""	REMOVE
sub-041/ses-01/func/sub-041_ses-01_task-fmri_run-03_part-phase_sbref.json	InstitutionalDepartmentName	"""Department"""	REMOVE
sub-041/ses-01/func/sub-041_ses-01_task-fmri_run-03_sbref.json	InstitutionalDepartmentName	"""Department"""	REMOVE
sub-041/ses-01/func/sub-041_ses-01_task-fmri_run-04_part-phase_bold.json	InstitutionalDepartmentName	"""Department"""	REMOVE
sub-041/ses-01/func/sub-041_ses-01_task-fmri_run-04_part-phase_sbref.json	InstitutionalDepartmentName	"""Department"""	REMOVE
sub-041/ses-01/func/sub-041_ses-01_task-fmri_run-04_sbref.json	InstitutionalDepartmentName	"""Department"""	REMOVE
sub-041/ses-01/func/sub-041_ses-01_task-fmri_run-05_bold.json	InstitutionalDepartmentName	"""Department"""	REMOVE
sub-041/ses-01/func/sub-041_ses-01_task-fmri_run-05_part-phase_sbref.json	InstitutionalDepartmentName	"""Department"""	REMOVE
sub-041/ses-01/func/sub-041_ses-01_task-fmri_run-05_sbref.json	InstitutionalDepartmentName	"""Department"""	REMOVE
sub-041/ses-01/func/sub-041_ses-01_task-fmri_run-06_part-phase_bold.json	InstitutionalDepartmentName	"""Department"""	REMOVE
sub-041/ses-01/func/sub-041_ses-01_task-fmri_run-07_bold.json	InstitutionalDepartmentName	"""Department"""	REMOVE
sub-041/ses-01/func/sub-041_ses-01_task-fmri_run-08_part-phase_bold.json	InstitutionalDepartmentName	"""Department"""	REMOVE
sub-041/ses-01/func/sub-041_ses-01_task-fmri_run-09_bold.json	InstitutionalDepartmentName	"""Department"""	REMOVE
sub-041/ses-01/func/sub-041_ses-01_task-fmri_run-10_part-phase_bold.json	InstitutionalDepartmentName	"""Department"""	REMOVE
sub-041/ses-01/func/sub-041_ses-01_task-movie_run-01_bold.json	InstitutionalDepartmentName	"""Department"""	REMOVE
sub-041/ses-01/func/sub-041_ses-01_task-movie_run-01_part-phase_sbref.json	InstitutionalDepartmentName	"""Department"""	REMOVE
sub-041/ses-01/func/sub-041_ses-01_task-movie_run-01_sbref.json	InstitutionalDepartmentName	"""Department"""	REMOVE
sub-041/ses-01/func/sub-041_ses-01_task-movie_run-02_part-phase_bold.json	InstitutionalDepartmentName	"""Department"""	REMOVE
sub-041/ses-01/func/sub-041_ses-01_task-movie_run-02_part-phase_sbref.json	InstitutionalDepartmentName	"""Department"""	REMOVE
sub-041/ses-01/func/sub-041_ses-01_task-movie_run-02_sbref.json	InstitutionalDepartmentName	"""Department"""	REMOVE
sub-041/ses-01/func/sub-041_ses-01_task-movie_run-03_bold.json	InstitutionalDepartmentName	"""Department"""	REMOVE
sub-041/ses-01/func/sub-041_ses-01_task-movie_run-03_part-phase_sbref.json	InstitutionalDepartmentName	"""Department"""	REMOVE
sub-041/ses-01/func/sub-041_ses-01_task-movie_run-03_sbref.json	InstitutionalDepartmentName	"""Department"""	REMOVE
sub-041/ses-01/func/sub-041_ses-01_task-movie_run-04_part-phase_bold.json	InstitutionalDepartmentName	"""Department"""	REMOVE
sub-041/ses-01/func/sub-041_ses-01_task-movie_run-04_part-phase_sbref.json	InstitutionalDepartmentName	"""Department"""	REMOVE
sub-041/ses-01/func/sub-041_ses-01_task-movie_run-04_sbref.json	InstitutionalDepartmentName	"""Department"""	REMOVE
sub-041/ses-01/func/sub-041_ses-01_task-movie_run-05_bold.json	InstitutionalDepartmentName	"""Department"""	REMOVE
sub-041/ses-01/func/sub-041_ses-01_task-movie_run-06_part-phase_bold.json	InstitutionalDepartmentName	"""Department"""	REMOVE
sub-041/ses-01/func/sub-041_ses-01_task-movie_run-07_bold.json	InstitutionalDepartmentName	"""Department"""	REMOVE
sub-041/ses-01/func/sub-041_ses-01_task-movie_run-08_part-phase_bold.json	InstitutionalDepartmentName	"""Department"""	REMOVE
sub-041/ses-01/func/sub-041_ses-01_task-rest_run-01_bold.json	InstitutionalDepartmentName	"""Department"""	REMOVE
sub-041/ses-01/func/sub-041_ses-01_task-rest_run-01_part-phase_sbref.json	InstitutionalDepartmentName	"""Department"""	REMOVE
sub-041/ses-01/func/sub-041_ses-01_task-rest_run-01_sbref.json	InstitutionalDepartmentName	"""Department"""	REMOVE
sub-041/ses-01/func/sub-041_ses-01_task-rest_run-02_part-phase_bold.json	InstitutionalDepartmentName	"""Department"""	REMOVE
sub-041/ses-02/anat/sub-041_ses-02_run-01_FLAIR.json	InstitutionalDepartmentName	"""Department"""	REMOVE
sub-041/ses-02/anat/sub-041_ses-02_run-01_T1w.json	InstitutionalDepartmentName	"""Department"""	REMOVE
sub-041/ses-02/anat/sub-041_ses-02_run-01_TB1TFL.json	InstitutionalDepartmentName	"""Department"""	REMOVE
sub-041/ses-02/anat/sub-041_ses-02_run-02_T1w.json	InstitutionalDepartmentName	"""Department"""	REMOVE
sub-041/ses-02/anat/sub-041_ses-02_run-02_TB1TFL.json	InstitutionalDepartmentName	"""Department"""	REMOVE
sub-041/ses-02/anat/sub-041_ses-02_run-03_T1w.json	InstitutionalDepartmentName	"""Department"""	REMOVE
sub-041/ses-02/dwi/sub-041_ses-02_run-01_dwi.json	InstitutionalDepartmentName	"""Department"""	REMOVE
sub-041/ses-02/dwi/sub-041_ses-02_run-02_dwi.json	InstitutionalDepartmentName	"""Department"""	REMOVE
sub-041/ses-02/dwi/sub-041_ses-02_run-05_dwi.json	InstitutionalDepartmentName	"""Department"""	REMOVE
sub-041/ses-02/fmap/sub-041_ses-02_dir-AP_run-01_epi.json	InstitutionalDepartmentName	"""Department"""	REMOVE
sub-041/ses-02/fmap/sub-041_ses-02_dir-AP_run-02_part-phase_epi.json	InstitutionalDepartmentName	"""Department"""	REMOVE
sub-041/ses-02/fmap/sub-041_ses-02_dir-AP_run-03_epi.json	InstitutionalDepartmentName	"""Department"""	REMOVE
sub-041/ses-02/fmap/sub-041_ses-02_dir-AP_run-04_part-phase_epi.json	InstitutionalDepartmentName	"""Department"""	REMOVE
sub-041/ses-02/fmap/sub-041_ses-02_dir-PA_run-01_epi.json	InstitutionalDepartmentName	"""Department"""	REMOVE
sub-041/ses-02/fmap/sub-041_ses-02_dir-PA_run-02_part-phase_epi.json	InstitutionalDepartmentName	"""Department"""	REMOVE
sub-041/ses-02/fmap/sub-041_ses-02_dir-PA_run-03_epi.json	InstitutionalDepartmentName	"""Department"""	REMOVE
sub-041/ses-02/fmap/sub-041_ses-02_dir-PA_run-04_part-phase_epi.json	InstitutionalDepartmentName	"""Department"""	REMOVE
sub-041/ses-02/func/sub-041_ses-02_task-control_run-01_bold.json	InstitutionalDepartmentName	"""Department"""	REMOVE
sub-041/ses-02/func/sub-041_ses-02_task-control_run-01_part-phase_sbref.json	InstitutionalDepartmentName	"""Department"""	REMOVE
sub-041/ses-02/func/sub-041_ses-02_task-control_run-01_sbref.json	InstitutionalDepartmentName	"""Department"""	REMOVE
sub-041/ses-02/func/sub-041_ses-02_task-control_run-02_part-phase_bold.json	InstitutionalDepartmentName	"""Department"""	REMOVE
sub-041/ses-02/func/sub-041_ses-02_task-control_run-02_part-phase_sbref.json	InstitutionalDepartmentName	"""Department"""	REMOVE
sub-041/ses-02/func/sub-041_ses-02_task-control_run-02_sbref.json	InstitutionalDepartmentName	"""Department"""	REMOVE
sub-041/ses-02/func/sub-041_ses-02_task-control_run-03_bold.json	InstitutionalDepartmentName	"""Department"""	REMOVE
sub-041/ses-02/func/sub-041_ses-02_task-control_run-03_part-phase_sbref.json	InstitutionalDepartmentName	"""Department"""	REMOVE
sub-041/ses-02/func/sub-041_ses-02_task-control_run-03_sbref.json	InstitutionalDepartmentName	"""Department"""	REMOVE
sub-041/ses-02/func/sub-041_ses-02_task-control_run-04_part-phase_bold.json	InstitutionalDepartmentName	"""Department"""	REMOVE
sub-041/ses-02/func/sub-041_ses-02_task-control_run-05_bold.json	InstitutionalDepartmentName	"""Department"""	REMOVE
sub-041/ses-02/func/sub-041_ses-02_task-control_run-06_part-phase_bold.json	InstitutionalDepartmentName	"""Department"""	REMOVE
sub-041/ses-02/func/sub-041_ses-02_task-fmri_run-01_bold.json	InstitutionalDepartmentName	"""Department"""	REMOVE
sub-041/ses-02/func/sub-041_ses-02_task-fmri_run-01_part-phase_sbref.json	InstitutionalDepartmentName	"""Department"""	REMOVE
sub-041/ses-02/func/sub-041_ses-02_task-fmri_run-01_sbref.json	InstitutionalDepartmentName	"""Department"""	REMOVE
sub-041/ses-02/func/sub-041_ses-02_task-fmri_run-02_part-phase_bold.json	InstitutionalDepartmentName	"""Department"""	REMOVE
sub-041/ses-02/func/sub-041_ses-02_task-fmri_run-02_part-phase_sbref.json	InstitutionalDepartmentName	"""Department"""	REMOVE
sub-041/ses-02/func/sub-041_ses-02_task-fmri_run-02_sbref.json	InstitutionalDepartmentName	"""Department"""	REMOVE
sub-041/ses-02/func/sub-041_ses-02_task-fmri_run-03_bold.json	InstitutionalDepartmentName	"""Department"""	REMOVE
sub-041/ses-02/func/sub-041_ses-02_task-fmri_run-03_part-phase_sbref.json	InstitutionalDepartmentName	"""Department"""	REMOVE
sub-041/ses-02/func/sub-041_ses-02_task-fmri_run-03_sbref.json	InstitutionalDepartmentName	"""Department"""	REMOVE
sub-041/ses-02/func/sub-041_ses-02_task-fmri_run-04_part-phase_bold.json	InstitutionalDepartmentName	"""Department"""	REMOVE
sub-041/ses-02/func/sub-041_ses-02_task-fmri_run-04_part-phase_sbref.json	InstitutionalDepartmentName	"""Department"""	REMOVE
sub-041/ses-02/func/sub-041_ses-02_task-fmri_run-04_sbref.json	InstitutionalDepartmentName	"""Department"""	REMOVE
sub-041/ses-02/func/sub-041_ses-02_task-fmri_run-05_bold.json	InstitutionalDepartmentName	"""Department"""	REMOVE
sub-041/ses-02/func/sub-041_ses-02_task-fmri_run-06_part-phase_bold.json	InstitutionalDepartmentName	"""Department"""	REMOVE
sub-041/ses-02/func/sub-041_ses-02_task-fmri_run-07_bold.json	InstitutionalDepartmentName	"""Department"""	REMOVE
sub-041/ses-02/func/sub-041_ses-02_task-fmri_run-08_part-phase_bold.json	InstitutionalDepartmentName	"""Department"""	REMOVE
sub-041/ses-02/func/sub-041_ses-02_task-movie_run-01_bold.json	InstitutionalDepartmentName	"""Department"""	REMOVE
sub-041/ses-02/func/sub-041_ses-02_task-movie_run-01_part-phase_sbref.json	InstitutionalDepartmentName	"""Department"""	REMOVE
sub-041/ses-02/func/sub-041_ses-02_task-movie_run-01_sbref.json	InstitutionalDepartmentName	"""Department"""	REMOVE
sub-041/ses-02/func/sub-041_ses-02_task-movie_run-02_part-phase_bold.json	InstitutionalDepartmentName	"""Department"""	REMOVE
sub-041/ses-02/func/sub-041_ses-02_task-movie_run-02_part-phase_sbref.json	InstitutionalDepartmentName	"""Department"""	REMOVE
sub-041/ses-02/func/sub-041_ses-02_task-movie_run-02_sbref.json	InstitutionalDepartmentName	"""Department"""	REMOVE
sub-041/ses-02/func/sub-041_ses-02_task-movie_run-03_bold.json	InstitutionalDepartmentName	"""Department"""	REMOVE
sub-041/ses-02/func/sub-041_ses-02_task-movie_run-03_part-phase_sbref.json	InstitutionalDepartmentName	"""Department"""	REMOVE
sub-041/ses-02/func/sub-041_ses-02_task-movie_run-03_sbref.json	InstitutionalDepartmentName	"""Department"""	REMOVE
sub-041/ses-02/func/sub-041_ses-02_task-movie_run-04_part-phase_bold.json	InstitutionalDepartmentName	"""Department"""	REMOVE
sub-041/ses-02/func/sub-041_ses-02_task-movie_run-04_part-phase_sbref.json	InstitutionalDepartmentName	"""Department"""	REMOVE
sub-041/ses-02/func/sub-041_ses-02_task-movie_run-04_sbref.json	InstitutionalDepartmentName	"""Department"""	REMOVE
sub-041/ses-02/func/sub-041_ses-02_task-movie_run-05_bold.json	InstitutionalDepartmentName	"""Department"""	REMOVE
sub-041/ses-02/func/sub-041_ses-02_task-movie_run-06_part-phase_bold.json	InstitutionalDepartmentName	"""Department"""	REMOVE
sub-041/ses-02/func/sub-041_ses-02_task-movie_run-07_bold.json	InstitutionalDepartmentName	"""Department"""	REMOVE
sub-041/ses-02/func/sub-041_ses-02_task-movie_run-08_part-phase_bold.json	InstitutionalDepartmentName	"""Department"""	REMOVE
sub-041/ses-02/func/sub-041_ses-02_task-rest_run-01_bold.json	InstitutionalDepartmentName	"""Department"""	REMOVE
sub-041/ses-02/func/sub-041_ses-02_task-rest_run-01_part-phase_sbref.json	InstitutionalDepartmentName	"""Department"""	REMOVE
sub-041/ses-02/func/sub-041_ses-02_task-rest_run-01_sbref.json	InstitutionalDepartmentName	"""Department"""	REMOVE
sub-041/ses-02/func/sub-041_ses-02_task-rest_run-02_part-phase_bold.json	InstitutionalDepartmentName	"""Department"""	REMOVE
sub-042/ses-01/anat/sub-042_ses-01_run-01_FLAIR.json	InstitutionalDepartmentName	"""Department"""	REMOVE
sub-042/ses-01/anat/sub-042_ses-01_run-01_T1w.json	InstitutionalDepartmentName	"""Department"""	REMOVE
sub-042/ses-01/anat/sub-042_ses-01_run-01_TB1TFL.json	InstitutionalDepartmentName	"""Department"""	REMOVE
sub-042/ses-01/anat/sub-042_ses-01_run-02_T1w.json	InstitutionalDepartmentName	"""Department"""	REMOVE
sub-042/ses-01/anat/sub-042_ses-01_run-02_TB1TFL.json	InstitutionalDepartmentName	"""Department"""	REMOVE
sub-042/ses-01/anat/sub-042_ses-01_run-03_T1w.json	InstitutionalDepartmentName	"""Department"""	REMOVE
sub-042/ses-01/dwi/sub-042_ses-01_run-01_dwi.json	InstitutionalDepartmentName	"""Department"""	REMOVE
sub-042/ses-01/dwi/sub-042_ses-01_run-02_dwi.json	InstitutionalDepartmentName	"""Department"""	REMOVE
sub-042/ses-01/dwi/sub-042_ses-01_run-05_dwi.json	InstitutionalDepartmentName	"""Department"""	REMOVE
sub-042/ses-01/fmap/sub-042_ses-01_dir-AP_run-01_epi.json	InstitutionalDepartmentName	"""Department"""	REMOVE
sub-042/ses-01/fmap/sub-042_ses-01_dir-AP_run-02_part-phase_epi.json	InstitutionalDepartmentName	"""Department"""	REMOVE
sub-042/ses-01/fmap/sub-042_ses-01_dir-AP_run-03_epi.json	InstitutionalDepartmentName	"""Department"""	REMOVE
sub-042/ses-01/fmap/sub-042_ses-01_dir-AP_run-04_part-phase_epi.json	InstitutionalDepartmentName	"""Department"""	REMOVE
sub-042/ses-01/fmap/sub-042_ses-01_dir-PA_run-01_epi.json	InstitutionalDepartmentName	"""Department"""	REMOVE
sub-042/ses-01/fmap/sub-042_ses-01_dir-PA_run-02_part-phase_epi.json	InstitutionalDepartmentName	"""Department"""	REMOVE
sub-042/ses-01/fmap/sub-042_ses-01_dir-PA_run-03_epi.json	InstitutionalDepartmentName	"""Department"""	REMOVE
sub-042/ses-01/fmap/sub-042_ses-01_dir-PA_run-04_part-phase_epi.json	InstitutionalDepartmentName	"""Department"""	REMOVE
sub-042/ses-01/func/sub-042_ses-01_task-control_run-01_bold.json	InstitutionalDepartmentName	"""Department"""	REMOVE
sub-042/ses-01/func/sub-042_ses-01_task-control_run-01_part-phase_sbref.json	InstitutionalDepartmentName	"""Department"""	REMOVE
sub-042/ses-01/func/sub-042_ses-01_task-control_run-01_sbref.json	InstitutionalDepartmentName	"""Department"""	REMOVE
sub-042/ses-01/func/sub-042_ses-01_task-control_run-02_part-phase_bold.json	InstitutionalDepartmentName	"""Department"""	REMOVE
sub-042/ses-01/func/sub-042_ses-01_task-control_run-02_part-phase_sbref.json	InstitutionalDepartmentName	"""Department"""	REMOVE
sub-042/ses-01/func/sub-042_ses-01_task-control_run-02_sbref.json	InstitutionalDepartmentName	"""Department"""	REMOVE
sub-042/ses-01/func/sub-042_ses-01_task-control_run-03_bold.json	InstitutionalDepartmentName	"""Department"""	REMOVE
sub-042/ses-01/func/sub-042_ses-01_task-control_run-03_part-phase_sbref.json	InstitutionalDepartmentName	"""Department"""	REMOVE
sub-042/ses-01/func/sub-042_ses-01_task-control_run-03_sbref.json	InstitutionalDepartmentName	"""Department"""	REMOVE
sub-042/ses-01/func/sub-042_ses-01_task-control_run-04_part-phase_bold.json	InstitutionalDepartmentName	"""Department"""	REMOVE
sub-042/ses-01/func/sub-042_ses-01_task-control_run-05_bold.json	InstitutionalDepartmentName	"""Department"""	REMOVE
sub-042/ses-01/func/sub-042_ses-01_task-control_run-06_part-phase_bold.json	InstitutionalDepartmentName	"""Department"""	REMOVE
sub-042/ses-01/func/sub-042_ses-01_task-fmri_run-01_bold.json	InstitutionalDepartmentName	"""Department"""	REMOVE
sub-042/ses-01/func/sub-042_ses-01_task-fmri_run-01_part-phase_sbref.json	InstitutionalDepartmentName	"""Department"""	REMOVE
sub-042/ses-01/func/sub-042_ses-01_task-fmri_run-01_sbref.json	InstitutionalDepartmentName	"""Department"""	REMOVE
sub-042/ses-01/func/sub-042_ses-01_task-fmri_run-02_part-phase_bold.json	InstitutionalDepartmentName	"""Department"""	REMOVE
sub-042/ses-01/func/sub-042_ses-01_task-fmri_run-02_part-phase_sbref.json	InstitutionalDepartmentName	"""Department"""	REMOVE
sub-042/ses-01/func/sub-042_ses-01_task-fmri_run-02_sbref.json	InstitutionalDepartmentName	"""Department"""	REMOVE
sub-042/ses-01/func/sub-042_ses-01_task-fmri_run-03_bold.json	InstitutionalDepartmentName	"""Department"""	REMOVE
sub-042/ses-01/func/sub-042_ses-01_task-fmri_run-03_part-phase_sbref.json	InstitutionalDepartmentName	"""Department"""	REMOVE
sub-042/ses-01/func/sub-042_ses-01_task-fmri_run-03_sbref.json	InstitutionalDepartmentName	"""Department"""	REMOVE
sub-042/ses-01/func/sub-042_ses-01_task-fmri_run-04_part-phase_bold.json	InstitutionalDepartmentName	"""Department"""	REMOVE
sub-042/ses-01/func/sub-042_ses-01_task-fmri_run-04_part-phase_sbref.json	InstitutionalDepartmentName	"""Department"""	REMOVE
sub-042/ses-01/func/sub-042_ses-01_task-fmri_run-04_sbref.json	InstitutionalDepartmentName	"""Department"""	REMOVE
sub-042/ses-01/func/sub-042_ses-01_task-fmri_run-05_bold.json	InstitutionalDepartmentName	"""Department"""	REMOVE
sub-042/ses-01/func/sub-042_ses-01_task-fmri_run-06_part-phase_bold.json	InstitutionalDepartmentName	"""Department"""	REMOVE
sub-042/ses-01/func/sub-042_ses-01_task-fmri_run-07_bold.json	InstitutionalDepartmentName	"""Department"""	REMOVE
sub-042/ses-01/func/sub-042_ses-01_task-fmri_run-08_part-phase_bold.json	InstitutionalDepartmentName	"""Department"""	REMOVE
sub-042/ses-01/func/sub-042_ses-01_task-movie_run-01_bold.json	InstitutionalDepartmentName	"""Department"""	REMOVE
sub-042/ses-01/func/sub-042_ses-01_task-movie_run-01_part-phase_sbref.json	InstitutionalDepartmentName	"""Department"""	REMOVE
sub-042/ses-01/func/sub-042_ses-01_task-movie_run-01_sbref.json	InstitutionalDepartmentName	"""Department"""	REMOVE
sub-042/ses-01/func/sub-042_ses-01_task-movie_run-02_part-phase_bold.json	InstitutionalDepartmentName	"""Department"""	REMOVE
sub-042/ses-01/func/sub-042_ses-01_task-movie_run-02_part-phase_sbref.json	InstitutionalDepartmentName	"""Department"""	REMOVE
sub-042/ses-01/func/sub-042_ses-01_task-movie_run-02_sbref.json	InstitutionalDepartmentName	"""Department"""	REMOVE
sub-042/ses-01/func/sub-042_ses-01_task-movie_run-03_bold.json	InstitutionalDepartmentName	"""Department"""	REMOVE
sub-042/ses-01/func/sub-042_ses-01_task-movie_run-03_part-phase_sbref.json	InstitutionalDepartmentName	"""Department"""	REMOVE
sub-042/ses-01/func/sub-042_ses-01_task-movie_run-03_sbref.json	InstitutionalDepartmentName	"""Department"""	REMOVE
sub-042/ses-01/func/sub-042_ses-01_task-movie_run-04_part-phase_bold.json	InstitutionalDepartmentName	"""Department"""	REMOVE
sub-042/ses-01/func/sub-042_ses-01_task-movie_run-04_part-phase_sbref.json	InstitutionalDepartmentName	"""Department"""	REMOVE
sub-042/ses-01/func/sub-042_ses-01_task-movie_run-04_sbref.json	InstitutionalDepartmentName	"""Department"""	REMOVE
sub-042/ses-01/func/sub-042_ses-01_task-movie_run-05_bold.json	InstitutionalDepartmentName	"""Department"""	REMOVE
sub-042/ses-01/func/sub-042_ses-01_task-movie_run-06_part-phase_bold.json	InstitutionalDepartmentName	"""Department"""	REMOVE
sub-042/ses-01/func/sub-042_ses-01_task-movie_run-07_bold.json	InstitutionalDepartmentName	"""Department"""	REMOVE
sub-042/ses-01/func/sub-042_ses-01_task-movie_run-08_part-phase_bold.json	InstitutionalDepartmentName	"""Department"""	REMOVE
sub-042/ses-01/func/sub-042_ses-01_task-rest_run-01_bold.json	InstitutionalDepartmentName	"""Department"""	REMOVE
sub-042/ses-01/func/sub-042_ses-01_task-rest_run-01_part-phase_sbref.json	InstitutionalDepartmentName	"""Department"""	REMOVE
sub-042/ses-01/func/sub-042_ses-01_task-rest_run-01_sbref.json	InstitutionalDepartmentName	"""Department"""	REMOVE
sub-042/ses-01/func/sub-042_ses-01_task-rest_run-02_part-phase_bold.json	InstitutionalDepartmentName	"""Department"""	REMOVE
sub-043/ses-02/anat/sub-043_ses-02_run-01_FLAIR.json	InstitutionalDepartmentName	"""Department"""	REMOVE
sub-043/ses-02/anat/sub-043_ses-02_run-01_T1w.json	InstitutionalDepartmentName	"""Department"""	REMOVE
sub-043/ses-02/anat/sub-043_ses-02_run-01_TB1TFL.json	InstitutionalDepartmentName	"""Department"""	REMOVE
sub-043/ses-02/anat/sub-043_ses-02_run-02_FLAIR.json	InstitutionalDepartmentName	"""Department"""	REMOVE
sub-043/ses-02/anat/sub-043_ses-02_run-02_T1w.json	InstitutionalDepartmentName	"""Department"""	REMOVE
sub-043/ses-02/anat/sub-043_ses-02_run-02_TB1TFL.json	InstitutionalDepartmentName	"""Department"""	REMOVE
sub-043/ses-02/anat/sub-043_ses-02_run-03_T1w.json	InstitutionalDepartmentName	"""Department"""	REMOVE
sub-043/ses-02/anat/sub-043_ses-02_run-03_TB1TFL.json	InstitutionalDepartmentName	"""Department"""	REMOVE
sub-043/ses-02/anat/sub-043_ses-02_run-04_T1w.json	InstitutionalDepartmentName	"""Department"""	REMOVE
sub-043/ses-02/anat/sub-043_ses-02_run-04_TB1TFL.json	InstitutionalDepartmentName	"""Department"""	REMOVE
sub-043/ses-02/anat/sub-043_ses-02_run-05_T1w.json	InstitutionalDepartmentName	"""Department"""	REMOVE
sub-043/ses-02/anat/sub-043_ses-02_run-06_T1w.json	InstitutionalDepartmentName	"""Department"""	REMOVE
sub-043/ses-02/dwi/sub-043_ses-02_run-01_dwi.json	InstitutionalDepartmentName	"""Department"""	REMOVE
sub-043/ses-02/dwi/sub-043_ses-02_run-02_dwi.json	InstitutionalDepartmentName	"""Department"""	REMOVE
sub-043/ses-02/dwi/sub-043_ses-02_run-03_dwi.json	InstitutionalDepartmentName	"""Department"""	REMOVE
sub-043/ses-02/dwi/sub-043_ses-02_run-04_dwi.json	InstitutionalDepartmentName	"""Department"""	REMOVE
sub-043/ses-02/dwi/sub-043_ses-02_run-09_dwi.json	InstitutionalDepartmentName	"""Department"""	REMOVE
sub-043/ses-02/dwi/sub-043_ses-02_run-10_dwi.json	InstitutionalDepartmentName	"""Department"""	REMOVE
sub-043/ses-02/fmap/sub-043_ses-02_dir-AP_run-01_epi.json	InstitutionalDepartmentName	"""Department"""	REMOVE
sub-043/ses-02/fmap/sub-043_ses-02_dir-AP_run-02_epi.json	InstitutionalDepartmentName	"""Department"""	REMOVE
sub-043/ses-02/fmap/sub-043_ses-02_dir-AP_run-03_part-phase_epi.json	InstitutionalDepartmentName	"""Department"""	REMOVE
sub-043/ses-02/fmap/sub-043_ses-02_dir-AP_run-04_part-phase_epi.json	InstitutionalDepartmentName	"""Department"""	REMOVE
sub-043/ses-02/fmap/sub-043_ses-02_dir-AP_run-05_epi.json	InstitutionalDepartmentName	"""Department"""	REMOVE
sub-043/ses-02/fmap/sub-043_ses-02_dir-AP_run-06_epi.json	InstitutionalDepartmentName	"""Department"""	REMOVE
sub-043/ses-02/fmap/sub-043_ses-02_dir-AP_run-07_part-phase_epi.json	InstitutionalDepartmentName	"""Department"""	REMOVE
sub-043/ses-02/fmap/sub-043_ses-02_dir-AP_run-08_part-phase_epi.json	InstitutionalDepartmentName	"""Department"""	REMOVE
sub-043/ses-02/fmap/sub-043_ses-02_dir-PA_run-01_epi.json	InstitutionalDepartmentName	"""Department"""	REMOVE
sub-043/ses-02/fmap/sub-043_ses-02_dir-PA_run-02_epi.json	InstitutionalDepartmentName	"""Department"""	REMOVE
sub-043/ses-02/fmap/sub-043_ses-02_dir-PA_run-03_part-phase_epi.json	InstitutionalDepartmentName	"""Department"""	REMOVE
sub-043/ses-02/fmap/sub-043_ses-02_dir-PA_run-04_part-phase_epi.json	InstitutionalDepartmentName	"""Department"""	REMOVE
sub-043/ses-02/fmap/sub-043_ses-02_dir-PA_run-05_epi.json	InstitutionalDepartmentName	"""Department"""	REMOVE
sub-043/ses-02/fmap/sub-043_ses-02_dir-PA_run-06_epi.json	InstitutionalDepartmentName	"""Department"""	REMOVE
sub-043/ses-02/fmap/sub-043_ses-02_dir-PA_run-07_part-phase_epi.json	InstitutionalDepartmentName	"""Department"""	REMOVE
sub-043/ses-02/fmap/sub-043_ses-02_dir-PA_run-08_part-phase_epi.json	InstitutionalDepartmentName	"""Department"""	REMOVE
sub-043/ses-02/func/sub-043_ses-02_task-control_run-01_bold.json	InstitutionalDepartmentName	"""Department"""	REMOVE
sub-043/ses-02/func/sub-043_ses-02_task-control_run-01_part-phase_sbref.json	InstitutionalDepartmentName	"""Department"""	REMOVE
sub-043/ses-02/func/sub-043_ses-02_task-control_run-01_sbref.json	InstitutionalDepartmentName	"""Department"""	REMOVE
sub-043/ses-02/func/sub-043_ses-02_task-control_run-02_bold.json	InstitutionalDepartmentName	"""Department"""	REMOVE
sub-043/ses-02/func/sub-043_ses-02_task-control_run-02_part-phase_sbref.json	InstitutionalDepartmentName	"""Department"""	REMOVE
sub-043/ses-02/func/sub-043_ses-02_task-control_run-02_sbref.json	InstitutionalDepartmentName	"""Department"""	REMOVE
sub-043/ses-02/func/sub-043_ses-02_task-control_run-03_part-phase_bold.json	InstitutionalDepartmentName	"""Department"""	REMOVE
sub-043/ses-02/func/sub-043_ses-02_task-control_run-03_part-phase_sbref.json	InstitutionalDepartmentName	"""Department"""	REMOVE
sub-043/ses-02/func/sub-043_ses-02_task-control_run-03_sbref.json	InstitutionalDepartmentName	"""Department"""	REMOVE
sub-043/ses-02/func/sub-043_ses-02_task-control_run-04_part-phase_bold.json	InstitutionalDepartmentName	"""Department"""	REMOVE
sub-043/ses-02/func/sub-043_ses-02_task-control_run-04_part-phase_sbref.json	InstitutionalDepartmentName	"""Department"""	REMOVE
sub-043/ses-02/func/sub-043_ses-02_task-control_run-04_sbref.json	InstitutionalDepartmentName	"""Department"""	REMOVE
sub-043/ses-02/func/sub-043_ses-02_task-control_run-05_bold.json	InstitutionalDepartmentName	"""Department"""	REMOVE
sub-043/ses-02/func/sub-043_ses-02_task-control_run-05_part-phase_sbref.json	InstitutionalDepartmentName	"""Department"""	REMOVE
sub-043/ses-02/func/sub-043_ses-02_task-control_run-05_sbref.json	InstitutionalDepartmentName	"""Department"""	REMOVE
sub-043/ses-02/func/sub-043_ses-02_task-control_run-06_bold.json	InstitutionalDepartmentName	"""Department"""	REMOVE
sub-043/ses-02/func/sub-043_ses-02_task-control_run-06_part-phase_sbref.json	InstitutionalDepartmentName	"""Department"""	REMOVE
sub-043/ses-02/func/sub-043_ses-02_task-control_run-06_sbref.json	InstitutionalDepartmentName	"""Department"""	REMOVE
sub-043/ses-02/func/sub-043_ses-02_task-control_run-07_part-phase_bold.json	InstitutionalDepartmentName	"""Department"""	REMOVE
sub-043/ses-02/func/sub-043_ses-02_task-control_run-08_part-phase_bold.json	InstitutionalDepartmentName	"""Department"""	REMOVE
sub-043/ses-02/func/sub-043_ses-02_task-control_run-09_bold.json	InstitutionalDepartmentName	"""Department"""	REMOVE
sub-043/ses-02/func/sub-043_ses-02_task-control_run-10_bold.json	InstitutionalDepartmentName	"""Department"""	REMOVE
sub-043/ses-02/func/sub-043_ses-02_task-control_run-11_part-phase_bold.json	InstitutionalDepartmentName	"""Department"""	REMOVE
sub-043/ses-02/func/sub-043_ses-02_task-control_run-12_part-phase_bold.json	InstitutionalDepartmentName	"""Department"""	REMOVE
sub-043/ses-02/func/sub-043_ses-02_task-fmri_run-01_bold.json	InstitutionalDepartmentName	"""Department"""	REMOVE
sub-043/ses-02/func/sub-043_ses-02_task-fmri_run-01_part-phase_sbref.json	InstitutionalDepartmentName	"""Department"""	REMOVE
sub-043/ses-02/func/sub-043_ses-02_task-fmri_run-01_sbref.json	InstitutionalDepartmentName	"""Department"""	REMOVE
sub-043/ses-02/func/sub-043_ses-02_task-fmri_run-02_bold.json	InstitutionalDepartmentName	"""Department"""	REMOVE
sub-043/ses-02/func/sub-043_ses-02_task-fmri_run-02_part-phase_sbref.json	InstitutionalDepartmentName	"""Department"""	REMOVE
sub-043/ses-02/func/sub-043_ses-02_task-fmri_run-02_sbref.json	InstitutionalDepartmentName	"""Department"""	REMOVE
sub-043/ses-02/func/sub-043_ses-02_task-fmri_run-03_part-phase_bold.json	InstitutionalDepartmentName	"""Department"""	REMOVE
sub-043/ses-02/func/sub-043_ses-02_task-fmri_run-03_part-phase_sbref.json	InstitutionalDepartmentName	"""Department"""	REMOVE
sub-043/ses-02/func/sub-043_ses-02_task-fmri_run-03_sbref.json	InstitutionalDepartmentName	"""Department"""	REMOVE
sub-043/ses-02/func/sub-043_ses-02_task-fmri_run-04_part-phase_bold.json	InstitutionalDepartmentName	"""Department"""	REMOVE
sub-043/ses-02/func/sub-043_ses-02_task-fmri_run-04_part-phase_sbref.json	InstitutionalDepartmentName	"""Department"""	REMOVE
sub-043/ses-02/func/sub-043_ses-02_task-fmri_run-04_sbref.json	InstitutionalDepartmentName	"""Department"""	REMOVE
sub-043/ses-02/func/sub-043_ses-02_task-fmri_run-05_bold.json	InstitutionalDepartmentName	"""Department"""	REMOVE
sub-043/ses-02/func/sub-043_ses-02_task-fmri_run-05_part-phase_sbref.json	InstitutionalDepartmentName	"""Department"""	REMOVE
sub-043/ses-02/func/sub-043_ses-02_task-fmri_run-05_sbref.json	InstitutionalDepartmentName	"""Department"""	REMOVE
sub-043/ses-02/func/sub-043_ses-02_task-fmri_run-06_bold.json	InstitutionalDepartmentName	"""Department"""	REMOVE
sub-043/ses-02/func/sub-043_ses-02_task-fmri_run-06_part-phase_sbref.json	InstitutionalDepartmentName	"""Department"""	REMOVE
sub-043/ses-02/func/sub-043_ses-02_task-fmri_run-06_sbref.json	InstitutionalDepartmentName	"""Department"""	REMOVE
sub-043/ses-02/func/sub-043_ses-02_task-fmri_run-07_part-phase_bold.json	InstitutionalDepartmentName	"""Department"""	REMOVE
sub-043/ses-02/func/sub-043_ses-02_task-fmri_run-08_part-phase_bold.json	InstitutionalDepartmentName	"""Department"""	REMOVE
sub-043/ses-02/func/sub-043_ses-02_task-fmri_run-09_bold.json	InstitutionalDepartmentName	"""Department"""	REMOVE
sub-043/ses-02/func/sub-043_ses-02_task-fmri_run-10_part-phase_bold.json	InstitutionalDepartmentName	"""Department"""	REMOVE
sub-043/ses-02/func/sub-043_ses-02_task-fmri_run-11_bold.json	InstitutionalDepartmentName	"""Department"""	REMOVE
sub-043/ses-02/func/sub-043_ses-02_task-fmri_run-12_bold.json	InstitutionalDepartmentName	"""Department"""	REMOVE
sub-043/ses-02/func/sub-043_ses-02_task-fmri_run-13_part-phase_bold.json	InstitutionalDepartmentName	"""Department"""	REMOVE
sub-043/ses-02/func/sub-043_ses-02_task-fmri_run-14_part-phase_bold.json	InstitutionalDepartmentName	"""Department"""	REMOVE
sub-043/ses-02/func/sub-043_ses-02_task-movie_run-01_bold.json	InstitutionalDepartmentName	"""Department"""	REMOVE
sub-043/ses-02/func/sub-043_ses-02_task-movie_run-01_part-phase_sbref.json	InstitutionalDepartmentName	"""Department"""	REMOVE
sub-043/ses-02/func/sub-043_ses-02_task-movie_run-01_sbref.json	InstitutionalDepartmentName	"""Department"""	REMOVE
sub-043/ses-02/func/sub-043_ses-02_task-movie_run-02_bold.json	InstitutionalDepartmentName	"""Department"""	REMOVE
sub-043/ses-02/func/sub-043_ses-02_task-movie_run-02_part-phase_sbref.json	InstitutionalDepartmentName	"""Department"""	REMOVE
sub-043/ses-02/func/sub-043_ses-02_task-movie_run-02_sbref.json	InstitutionalDepartmentName	"""Department"""	REMOVE
sub-043/ses-02/func/sub-043_ses-02_task-movie_run-03_part-phase_bold.json	InstitutionalDepartmentName	"""Department"""	REMOVE
sub-043/ses-02/func/sub-043_ses-02_task-movie_run-03_part-phase_sbref.json	InstitutionalDepartmentName	"""Department"""	REMOVE
sub-043/ses-02/func/sub-043_ses-02_task-movie_run-03_sbref.json	InstitutionalDepartmentName	"""Department"""	REMOVE
sub-043/ses-02/func/sub-043_ses-02_task-movie_run-04_part-phase_bold.json	InstitutionalDepartmentName	"""Department"""	REMOVE
sub-043/ses-02/func/sub-043_ses-02_task-movie_run-04_part-phase_sbref.json	InstitutionalDepartmentName	"""Department"""	REMOVE
sub-043/ses-02/func/sub-043_ses-02_task-movie_run-04_sbref.json	InstitutionalDepartmentName	"""Department"""	REMOVE
sub-043/ses-02/func/sub-043_ses-02_task-movie_run-05_bold.json	InstitutionalDepartmentName	"""Department"""	REMOVE
sub-043/ses-02/func/sub-043_ses-02_task-movie_run-05_part-phase_sbref.json	InstitutionalDepartmentName	"""Department"""	REMOVE
sub-043/ses-02/func/sub-043_ses-02_task-movie_run-05_sbref.json	InstitutionalDepartmentName	"""Department"""	REMOVE
sub-043/ses-02/func/sub-043_ses-02_task-movie_run-06_bold.json	InstitutionalDepartmentName	"""Department"""	REMOVE
sub-043/ses-02/func/sub-043_ses-02_task-movie_run-06_part-phase_sbref.json	InstitutionalDepartmentName	"""Department"""	REMOVE
sub-043/ses-02/func/sub-043_ses-02_task-movie_run-06_sbref.json	InstitutionalDepartmentName	"""Department"""	REMOVE
sub-043/ses-02/func/sub-043_ses-02_task-movie_run-07_part-phase_bold.json	InstitutionalDepartmentName	"""Department"""	REMOVE
sub-043/ses-02/func/sub-043_ses-02_task-movie_run-07_part-phase_sbref.json	InstitutionalDepartmentName	"""Department"""	REMOVE
sub-043/ses-02/func/sub-043_ses-02_task-movie_run-07_sbref.json	InstitutionalDepartmentName	"""Department"""	REMOVE
sub-043/ses-02/func/sub-043_ses-02_task-movie_run-08_part-phase_bold.json	InstitutionalDepartmentName	"""Department"""	REMOVE
sub-043/ses-02/func/sub-043_ses-02_task-movie_run-08_part-phase_sbref.json	InstitutionalDepartmentName	"""Department"""	REMOVE
sub-043/ses-02/func/sub-043_ses-02_task-movie_run-08_sbref.json	InstitutionalDepartmentName	"""Department"""	REMOVE
sub-043/ses-02/func/sub-043_ses-02_task-movie_run-09_bold.json	InstitutionalDepartmentName	"""Department"""	REMOVE
sub-043/ses-02/func/sub-043_ses-02_task-movie_run-10_bold.json	InstitutionalDepartmentName	"""Department"""	REMOVE
sub-043/ses-02/func/sub-043_ses-02_task-movie_run-11_part-phase_bold.json	InstitutionalDepartmentName	"""Department"""	REMOVE
sub-043/ses-02/func/sub-043_ses-02_task-movie_run-12_part-phase_bold.json	InstitutionalDepartmentName	"""Department"""	REMOVE
sub-043/ses-02/func/sub-043_ses-02_task-movie_run-13_bold.json	InstitutionalDepartmentName	"""Department"""	REMOVE
sub-043/ses-02/func/sub-043_ses-02_task-movie_run-14_bold.json	InstitutionalDepartmentName	"""Department"""	REMOVE
sub-043/ses-02/func/sub-043_ses-02_task-movie_run-15_part-phase_bold.json	InstitutionalDepartmentName	"""Department"""	REMOVE
sub-043/ses-02/func/sub-043_ses-02_task-movie_run-16_part-phase_bold.json	InstitutionalDepartmentName	"""Department"""	REMOVE
sub-043/ses-02/func/sub-043_ses-02_task-rest_run-01_bold.json	InstitutionalDepartmentName	"""Department"""	REMOVE
sub-043/ses-02/func/sub-043_ses-02_task-rest_run-01_part-phase_sbref.json	InstitutionalDepartmentName	"""Department"""	REMOVE
sub-043/ses-02/func/sub-043_ses-02_task-rest_run-01_sbref.json	InstitutionalDepartmentName	"""Department"""	REMOVE
sub-043/ses-02/func/sub-043_ses-02_task-rest_run-02_bold.json	InstitutionalDepartmentName	"""Department"""	REMOVE
sub-043/ses-02/func/sub-043_ses-02_task-rest_run-02_part-phase_sbref.json	InstitutionalDepartmentName	"""Department"""	REMOVE
sub-043/ses-02/func/sub-043_ses-02_task-rest_run-02_sbref.json	InstitutionalDepartmentName	"""Department"""	REMOVE
sub-043/ses-02/func/sub-043_ses-02_task-rest_run-03_part-phase_bold.json	InstitutionalDepartmentName	"""Department"""	REMOVE
sub-043/ses-02/func/sub-043_ses-02_task-rest_run-04_part-phase_bold.json	InstitutionalDepartmentName	"""Department"""	REMOVE
sub-044/ses-01/anat/sub-044_ses-01_run-01_FLAIR.json	InstitutionalDepartmentName	"""Department"""	REMOVE
sub-044/ses-01/anat/sub-044_ses-01_run-01_T1w.json	InstitutionalDepartmentName	"""Department"""	REMOVE
sub-044/ses-01/anat/sub-044_ses-01_run-01_TB1TFL.json	InstitutionalDepartmentName	"""Department"""	REMOVE
sub-044/ses-01/anat/sub-044_ses-01_run-02_T1w.json	InstitutionalDepartmentName	"""Department"""	REMOVE
sub-044/ses-01/anat/sub-044_ses-01_run-02_TB1TFL.json	InstitutionalDepartmentName	"""Department"""	REMOVE
sub-044/ses-01/anat/sub-044_ses-01_run-03_T1w.json	InstitutionalDepartmentName	"""Department"""	REMOVE
sub-044/ses-01/dwi/sub-044_ses-01_run-01_dwi.json	InstitutionalDepartmentName	"""Department"""	REMOVE
sub-044/ses-01/dwi/sub-044_ses-01_run-02_dwi.json	InstitutionalDepartmentName	"""Department"""	REMOVE
sub-044/ses-01/dwi/sub-044_ses-01_run-05_dwi.json	InstitutionalDepartmentName	"""Department"""	REMOVE
sub-044/ses-01/fmap/sub-044_ses-01_dir-AP_run-01_epi.json	InstitutionalDepartmentName	"""Department"""	REMOVE
sub-044/ses-01/fmap/sub-044_ses-01_dir-AP_run-02_part-phase_epi.json	InstitutionalDepartmentName	"""Department"""	REMOVE
sub-044/ses-01/fmap/sub-044_ses-01_dir-AP_run-03_epi.json	InstitutionalDepartmentName	"""Department"""	REMOVE
sub-044/ses-01/fmap/sub-044_ses-01_dir-AP_run-04_part-phase_epi.json	InstitutionalDepartmentName	"""Department"""	REMOVE
sub-044/ses-01/fmap/sub-044_ses-01_dir-PA_run-01_epi.json	InstitutionalDepartmentName	"""Department"""	REMOVE
sub-044/ses-01/fmap/sub-044_ses-01_dir-PA_run-02_part-phase_epi.json	InstitutionalDepartmentName	"""Department"""	REMOVE
sub-044/ses-01/fmap/sub-044_ses-01_dir-PA_run-03_epi.json	InstitutionalDepartmentName	"""Department"""	REMOVE
sub-044/ses-01/fmap/sub-044_ses-01_dir-PA_run-04_part-phase_epi.json	InstitutionalDepartmentName	"""Department"""	REMOVE
sub-044/ses-01/func/sub-044_ses-01_task-control_run-01_bold.json	InstitutionalDepartmentName	"""Department"""	REMOVE
sub-044/ses-01/func/sub-044_ses-01_task-control_run-01_part-phase_sbref.json	InstitutionalDepartmentName	"""Department"""	REMOVE
sub-044/ses-01/func/sub-044_ses-01_task-control_run-01_sbref.json	InstitutionalDepartmentName	"""Department"""	REMOVE
sub-044/ses-01/func/sub-044_ses-01_task-control_run-02_part-phase_bold.json	InstitutionalDepartmentName	"""Department"""	REMOVE
sub-044/ses-01/func/sub-044_ses-01_task-control_run-02_part-phase_sbref.json	InstitutionalDepartmentName	"""Department"""	REMOVE
sub-044/ses-01/func/sub-044_ses-01_task-control_run-02_sbref.json	InstitutionalDepartmentName	"""Department"""	REMOVE
sub-044/ses-01/func/sub-044_ses-01_task-control_run-03_bold.json	InstitutionalDepartmentName	"""Department"""	REMOVE
sub-044/ses-01/func/sub-044_ses-01_task-control_run-03_part-phase_sbref.json	InstitutionalDepartmentName	"""Department"""	REMOVE
sub-044/ses-01/func/sub-044_ses-01_task-control_run-03_sbref.json	InstitutionalDepartmentName	"""Department"""	REMOVE
sub-044/ses-01/func/sub-044_ses-01_task-control_run-04_part-phase_bold.json	InstitutionalDepartmentName	"""Department"""	REMOVE
sub-044/ses-01/func/sub-044_ses-01_task-control_run-05_bold.json	InstitutionalDepartmentName	"""Department"""	REMOVE
sub-044/ses-01/func/sub-044_ses-01_task-control_run-06_part-phase_bold.json	InstitutionalDepartmentName	"""Department"""	REMOVE
sub-044/ses-01/func/sub-044_ses-01_task-fmri_run-01_bold.json	InstitutionalDepartmentName	"""Department"""	REMOVE
sub-044/ses-01/func/sub-044_ses-01_task-fmri_run-01_part-phase_sbref.json	InstitutionalDepartmentName	"""Department"""	REMOVE
sub-044/ses-01/func/sub-044_ses-01_task-fmri_run-01_sbref.json	InstitutionalDepartmentName	"""Department"""	REMOVE
sub-044/ses-01/func/sub-044_ses-01_task-fmri_run-02_part-phase_bold.json	InstitutionalDepartmentName	"""Department"""	REMOVE
sub-044/ses-01/func/sub-044_ses-01_task-fmri_run-02_part-phase_sbref.json	InstitutionalDepartmentName	"""Department"""	REMOVE
sub-044/ses-01/func/sub-044_ses-01_task-fmri_run-02_sbref.json	InstitutionalDepartmentName	"""Department"""	REMOVE
sub-044/ses-01/func/sub-044_ses-01_task-fmri_run-03_bold.json	InstitutionalDepartmentName	"""Department"""	REMOVE
sub-044/ses-01/func/sub-044_ses-01_task-fmri_run-03_part-phase_sbref.json	InstitutionalDepartmentName	"""Department"""	REMOVE
sub-044/ses-01/func/sub-044_ses-01_task-fmri_run-03_sbref.json	InstitutionalDepartmentName	"""Department"""	REMOVE
sub-044/ses-01/func/sub-044_ses-01_task-fmri_run-04_part-phase_bold.json	InstitutionalDepartmentName	"""Department"""	REMOVE
sub-044/ses-01/func/sub-044_ses-01_task-fmri_run-04_part-phase_sbref.json	InstitutionalDepartmentName	"""Department"""	REMOVE
sub-044/ses-01/func/sub-044_ses-01_task-fmri_run-04_sbref.json	InstitutionalDepartmentName	"""Department"""	REMOVE
sub-044/ses-01/func/sub-044_ses-01_task-fmri_run-05_bold.json	InstitutionalDepartmentName	"""Department"""	REMOVE
sub-044/ses-01/func/sub-044_ses-01_task-fmri_run-06_part-phase_bold.json	InstitutionalDepartmentName	"""Department"""	REMOVE
sub-044/ses-01/func/sub-044_ses-01_task-fmri_run-07_bold.json	InstitutionalDepartmentName	"""Department"""	REMOVE
sub-044/ses-01/func/sub-044_ses-01_task-fmri_run-08_part-phase_bold.json	InstitutionalDepartmentName	"""Department"""	REMOVE
sub-044/ses-01/func/sub-044_ses-01_task-movie_run-01_bold.json	InstitutionalDepartmentName	"""Department"""	REMOVE
sub-044/ses-01/func/sub-044_ses-01_task-movie_run-01_part-phase_sbref.json	InstitutionalDepartmentName	"""Department"""	REMOVE
sub-044/ses-01/func/sub-044_ses-01_task-movie_run-01_sbref.json	InstitutionalDepartmentName	"""Department"""	REMOVE
sub-044/ses-01/func/sub-044_ses-01_task-movie_run-02_part-phase_bold.json	InstitutionalDepartmentName	"""Department"""	REMOVE
sub-044/ses-01/func/sub-044_ses-01_task-movie_run-02_part-phase_sbref.json	InstitutionalDepartmentName	"""Department"""	REMOVE
sub-044/ses-01/func/sub-044_ses-01_task-movie_run-02_sbref.json	InstitutionalDepartmentName	"""Department"""	REMOVE
sub-044/ses-01/func/sub-044_ses-01_task-movie_run-03_bold.json	InstitutionalDepartmentName	"""Department"""	REMOVE
sub-044/ses-01/func/sub-044_ses-01_task-movie_run-03_part-phase_sbref.json	InstitutionalDepartmentName	"""Department"""	REMOVE
sub-044/ses-01/func/sub-044_ses-01_task-movie_run-03_sbref.json	InstitutionalDepartmentName	"""Department"""	REMOVE
sub-044/ses-01/func/sub-044_ses-01_task-movie_run-04_part-phase_bold.json	InstitutionalDepartmentName	"""Department"""	REMOVE
sub-044/ses-01/func/sub-044_ses-01_task-movie_run-04_part-phase_sbref.json	InstitutionalDepartmentName	"""Department"""	REMOVE
sub-044/ses-01/func/sub-044_ses-01_task-movie_run-04_sbref.json	InstitutionalDepartmentName	"""Department"""	REMOVE
sub-044/ses-01/func/sub-044_ses-01_task-movie_run-05_bold.json	InstitutionalDepartmentName	"""Department"""	REMOVE
sub-044/ses-01/func/sub-044_ses-01_task-movie_run-06_part-phase_bold.json	InstitutionalDepartmentName	"""Department"""	REMOVE
sub-044/ses-01/func/sub-044_ses-01_task-movie_run-07_bold.json	InstitutionalDepartmentName	"""Department"""	REMOVE
sub-044/ses-01/func/sub-044_ses-01_task-movie_run-08_part-phase_bold.json	InstitutionalDepartmentName	"""Department"""	REMOVE
sub-044/ses-01/func/sub-044_ses-01_task-rest_run-01_bold.json	InstitutionalDepartmentName	"""Department"""	REMOVE
sub-044/ses-01/func/sub-044_ses-01_task-rest_run-01_part-phase_sbref.json	InstitutionalDepartmentName	"""Department"""	REMOVE
sub-044/ses-01/func/sub-044_ses-01_task-rest_run-01_sbref.json	InstitutionalDepartmentName	"""Department"""	REMOVE
sub-044/ses-01/func/sub-044_ses-01_task-rest_run-02_part-phase_bold.json	InstitutionalDepartmentName	"""Department"""	REMOVE
sub-044/ses-02/anat/sub-044_ses-02_run-01_FLAIR.json	InstitutionalDepartmentName	"""Department"""	REMOVE
sub-044/ses-02/anat/sub-044_ses-02_run-01_T1w.json	InstitutionalDepartmentName	"""Department"""	REMOVE
sub-044/ses-02/anat/sub-044_ses-02_run-01_TB1TFL.json	InstitutionalDepartmentName	"""Department"""	REMOVE
sub-044/ses-02/anat/sub-044_ses-02_run-02_T1w.json	InstitutionalDepartmentName	"""Department"""	REMOVE
sub-044/ses-02/anat/sub-044_ses-02_run-02_TB1TFL.json	InstitutionalDepartmentName	"""Department"""	REMOVE
sub-044/ses-02/anat/sub-044_ses-02_run-03_T1w.json	InstitutionalDepartmentName	"""Department"""	REMOVE
sub-044/ses-02/dwi/sub-044_ses-02_run-01_dwi.json	InstitutionalDepartmentName	"""Department"""	REMOVE
sub-044/ses-02/dwi/sub-044_ses-02_run-02_dwi.json	InstitutionalDepartmentName	"""Department"""	REMOVE
sub-044/ses-02/dwi/sub-044_ses-02_run-05_dwi.json	InstitutionalDepartmentName	"""Department"""	REMOVE
sub-044/ses-02/fmap/sub-044_ses-02_dir-AP_run-01_epi.json	InstitutionalDepartmentName	"""Department"""	REMOVE
sub-044/ses-02/fmap/sub-044_ses-02_dir-AP_run-02_part-phase_epi.json	InstitutionalDepartmentName	"""Department"""	REMOVE
sub-044/ses-02/fmap/sub-044_ses-02_dir-AP_run-03_epi.json	InstitutionalDepartmentName	"""Department"""	REMOVE
sub-044/ses-02/fmap/sub-044_ses-02_dir-AP_run-04_part-phase_epi.json	InstitutionalDepartmentName	"""Department"""	REMOVE
sub-044/ses-02/fmap/sub-044_ses-02_dir-PA_run-01_epi.json	InstitutionalDepartmentName	"""Department"""	REMOVE
sub-044/ses-02/fmap/sub-044_ses-02_dir-PA_run-02_part-phase_epi.json	InstitutionalDepartmentName	"""Department"""	REMOVE
sub-044/ses-02/fmap/sub-044_ses-02_dir-PA_run-03_epi.json	InstitutionalDepartmentName	"""Department"""	REMOVE
sub-044/ses-02/fmap/sub-044_ses-02_dir-PA_run-04_part-phase_epi.json	InstitutionalDepartmentName	"""Department"""	REMOVE
sub-044/ses-02/func/sub-044_ses-02_task-control_run-01_bold.json	InstitutionalDepartmentName	"""Department"""	REMOVE
sub-044/ses-02/func/sub-044_ses-02_task-control_run-01_part-phase_sbref.json	InstitutionalDepartmentName	"""Department"""	REMOVE
sub-044/ses-02/func/sub-044_ses-02_task-control_run-01_sbref.json	InstitutionalDepartmentName	"""Department"""	REMOVE
sub-044/ses-02/func/sub-044_ses-02_task-control_run-02_part-phase_bold.json	InstitutionalDepartmentName	"""Department"""	REMOVE
sub-044/ses-02/func/sub-044_ses-02_task-control_run-02_part-phase_sbref.json	InstitutionalDepartmentName	"""Department"""	REMOVE
sub-044/ses-02/func/sub-044_ses-02_task-control_run-02_sbref.json	InstitutionalDepartmentName	"""Department"""	REMOVE
sub-044/ses-02/func/sub-044_ses-02_task-control_run-03_bold.json	InstitutionalDepartmentName	"""Department"""	REMOVE
sub-044/ses-02/func/sub-044_ses-02_task-control_run-03_part-phase_sbref.json	InstitutionalDepartmentName	"""Department"""	REMOVE
sub-044/ses-02/func/sub-044_ses-02_task-control_run-03_sbref.json	InstitutionalDepartmentName	"""Department"""	REMOVE
sub-044/ses-02/func/sub-044_ses-02_task-control_run-04_part-phase_bold.json	InstitutionalDepartmentName	"""Department"""	REMOVE
sub-044/ses-02/func/sub-044_ses-02_task-control_run-05_bold.json	InstitutionalDepartmentName	"""Department"""	REMOVE
sub-044/ses-02/func/sub-044_ses-02_task-control_run-06_part-phase_bold.json	InstitutionalDepartmentName	"""Department"""	REMOVE
sub-044/ses-02/func/sub-044_ses-02_task-fmri_run-01_bold.json	InstitutionalDepartmentName	"""Department"""	REMOVE
sub-044/ses-02/func/sub-044_ses-02_task-fmri_run-01_part-phase_sbref.json	InstitutionalDepartmentName	"""Department"""	REMOVE
sub-044/ses-02/func/sub-044_ses-02_task-fmri_run-01_sbref.json	InstitutionalDepartmentName	"""Department"""	REMOVE
sub-044/ses-02/func/sub-044_ses-02_task-fmri_run-02_part-phase_bold.json	InstitutionalDepartmentName	"""Department"""	REMOVE
sub-044/ses-02/func/sub-044_ses-02_task-fmri_run-02_part-phase_sbref.json	InstitutionalDepartmentName	"""Department"""	REMOVE
sub-044/ses-02/func/sub-044_ses-02_task-fmri_run-02_sbref.json	InstitutionalDepartmentName	"""Department"""	REMOVE
sub-044/ses-02/func/sub-044_ses-02_task-fmri_run-03_bold.json	InstitutionalDepartmentName	"""Department"""	REMOVE
sub-044/ses-02/func/sub-044_ses-02_task-fmri_run-03_part-phase_sbref.json	InstitutionalDepartmentName	"""Department"""	REMOVE
sub-044/ses-02/func/sub-044_ses-02_task-fmri_run-03_sbref.json	InstitutionalDepartmentName	"""Department"""	REMOVE
sub-044/ses-02/func/sub-044_ses-02_task-fmri_run-04_part-phase_bold.json	InstitutionalDepartmentName	"""Department"""	REMOVE
sub-044/ses-02/func/sub-044_ses-02_task-fmri_run-04_part-phase_sbref.json	InstitutionalDepartmentName	"""Department"""	REMOVE
sub-044/ses-02/func/sub-044_ses-02_task-fmri_run-04_sbref.json	InstitutionalDepartmentName	"""Department"""	REMOVE
sub-044/ses-02/func/sub-044_ses-02_task-fmri_run-05_bold.json	InstitutionalDepartmentName	"""Department"""	REMOVE
sub-044/ses-02/func/sub-044_ses-02_task-fmri_run-06_part-phase_bold.json	InstitutionalDepartmentName	"""Department"""	REMOVE
sub-044/ses-02/func/sub-044_ses-02_task-fmri_run-07_bold.json	InstitutionalDepartmentName	"""Department"""	REMOVE
sub-044/ses-02/func/sub-044_ses-02_task-fmri_run-08_part-phase_bold.json	InstitutionalDepartmentName	"""Department"""	REMOVE
sub-044/ses-02/func/sub-044_ses-02_task-movie_run-01_bold.json	InstitutionalDepartmentName	"""Department"""	REMOVE
sub-044/ses-02/func/sub-044_ses-02_task-movie_run-01_part-phase_sbref.json	InstitutionalDepartmentName	"""Department"""	REMOVE
sub-044/ses-02/func/sub-044_ses-02_task-movie_run-01_sbref.json	InstitutionalDepartmentName	"""Department"""	REMOVE
sub-044/ses-02/func/sub-044_ses-02_task-movie_run-02_part-phase_bold.json	InstitutionalDepartmentName	"""Department"""	REMOVE
sub-044/ses-02/func/sub-044_ses-02_task-movie_run-02_part-phase_sbref.json	InstitutionalDepartmentName	"""Department"""	REMOVE
sub-044/ses-02/func/sub-044_ses-02_task-movie_run-02_sbref.json	InstitutionalDepartmentName	"""Department"""	REMOVE
sub-044/ses-02/func/sub-044_ses-02_task-movie_run-03_bold.json	InstitutionalDepartmentName	"""Department"""	REMOVE
sub-044/ses-02/func/sub-044_ses-02_task-movie_run-03_part-phase_sbref.json	InstitutionalDepartmentName	"""Department"""	REMOVE
sub-044/ses-02/func/sub-044_ses-02_task-movie_run-03_sbref.json	InstitutionalDepartmentName	"""Department"""	REMOVE
sub-044/ses-02/func/sub-044_ses-02_task-movie_run-04_part-phase_bold.json	InstitutionalDepartmentName	"""Department"""	REMOVE
sub-044/ses-02/func/sub-044_ses-02_task-movie_run-04_part-phase_sbref.json	InstitutionalDepartmentName	"""Department"""	REMOVE
sub-044/ses-02/func/sub-044_ses-02_task-movie_run-04_sbref.json	InstitutionalDepartmentName	"""Department"""	REMOVE
sub-044/ses-02/func/sub-044_ses-02_task-movie_run-05_bold.json	InstitutionalDepartmentName	"""Department"""	REMOVE
sub-044/ses-02/func/sub-044_ses-02_task-movie_run-06_part-phase_bold.json	InstitutionalDepartmentName	"""Department"""	REMOVE
sub-044/ses-02/func/sub-044_ses-02_task-movie_run-07_bold.json	InstitutionalDepartmentName	"""Department"""	REMOVE
sub-044/ses-02/func/sub-044_ses-02_task-movie_run-08_part-phase_bold.json	InstitutionalDepartmentName	"""Department"""	REMOVE
sub-044/ses-02/func/sub-044_ses-02_task-rest_run-01_bold.json	InstitutionalDepartmentName	"""Department"""	REMOVE
sub-044/ses-02/func/sub-044_ses-02_task-rest_run-01_part-phase_sbref.json	InstitutionalDepartmentName	"""Department"""	REMOVE
sub-044/ses-02/func/sub-044_ses-02_task-rest_run-01_sbref.json	InstitutionalDepartmentName	"""Department"""	REMOVE
sub-044/ses-02/func/sub-044_ses-02_task-rest_run-02_part-phase_bold.json	InstitutionalDepartmentName	"""Department"""	REMOVE
sub-045/ses-01/anat/sub-045_ses-01_run-01_FLAIR.json	InstitutionalDepartmentName	"""Department"""	REMOVE
sub-045/ses-01/anat/sub-045_ses-01_run-01_T1w.json	InstitutionalDepartmentName	"""Department"""	REMOVE
sub-045/ses-01/anat/sub-045_ses-01_run-01_TB1TFL.json	InstitutionalDepartmentName	"""Department"""	REMOVE
sub-045/ses-01/anat/sub-045_ses-01_run-02_T1w.json	InstitutionalDepartmentName	"""Department"""	REMOVE
sub-045/ses-01/anat/sub-045_ses-01_run-02_TB1TFL.json	InstitutionalDepartmentName	"""Department"""	REMOVE
sub-045/ses-01/dwi/sub-045_ses-01_run-01_dwi.json	InstitutionalDepartmentName	"""Department"""	REMOVE
sub-045/ses-01/dwi/sub-045_ses-01_run-02_dwi.json	InstitutionalDepartmentName	"""Department"""	REMOVE
sub-045/ses-01/dwi/sub-045_ses-01_run-05_dwi.json	InstitutionalDepartmentName	"""Department"""	REMOVE
sub-045/ses-01/fmap/sub-045_ses-01_dir-AP_run-01_epi.json	InstitutionalDepartmentName	"""Department"""	REMOVE
sub-045/ses-01/fmap/sub-045_ses-01_dir-AP_run-02_part-phase_epi.json	InstitutionalDepartmentName	"""Department"""	REMOVE
sub-045/ses-01/fmap/sub-045_ses-01_dir-AP_run-03_epi.json	InstitutionalDepartmentName	"""Department"""	REMOVE
sub-045/ses-01/fmap/sub-045_ses-01_dir-AP_run-04_part-phase_epi.json	InstitutionalDepartmentName	"""Department"""	REMOVE
sub-045/ses-01/fmap/sub-045_ses-01_dir-PA_run-01_epi.json	InstitutionalDepartmentName	"""Department"""	REMOVE
sub-045/ses-01/fmap/sub-045_ses-01_dir-PA_run-02_part-phase_epi.json	InstitutionalDepartmentName	"""Department"""	REMOVE
sub-045/ses-01/fmap/sub-045_ses-01_dir-PA_run-03_epi.json	InstitutionalDepartmentName	"""Department"""	REMOVE
sub-045/ses-01/fmap/sub-045_ses-01_dir-PA_run-04_part-phase_epi.json	InstitutionalDepartmentName	"""Department"""	REMOVE
sub-045/ses-01/func/sub-045_ses-01_task-control_run-01_bold.json	InstitutionalDepartmentName	"""Department"""	REMOVE
sub-045/ses-01/func/sub-045_ses-01_task-control_run-01_part-phase_sbref.json	InstitutionalDepartmentName	"""Department"""	REMOVE
sub-045/ses-01/func/sub-045_ses-01_task-control_run-01_sbref.json	InstitutionalDepartmentName	"""Department"""	REMOVE
sub-045/ses-01/func/sub-045_ses-01_task-control_run-02_part-phase_bold.json	InstitutionalDepartmentName	"""Department"""	REMOVE
sub-045/ses-01/func/sub-045_ses-01_task-control_run-02_part-phase_sbref.json	InstitutionalDepartmentName	"""Department"""	REMOVE
sub-045/ses-01/func/sub-045_ses-01_task-control_run-02_sbref.json	InstitutionalDepartmentName	"""Department"""	REMOVE
sub-045/ses-01/func/sub-045_ses-01_task-control_run-03_bold.json	InstitutionalDepartmentName	"""Department"""	REMOVE
sub-045/ses-01/func/sub-045_ses-01_task-control_run-03_part-phase_sbref.json	InstitutionalDepartmentName	"""Department"""	REMOVE
sub-045/ses-01/func/sub-045_ses-01_task-control_run-03_sbref.json	InstitutionalDepartmentName	"""Department"""	REMOVE
sub-045/ses-01/func/sub-045_ses-01_task-control_run-04_part-phase_bold.json	InstitutionalDepartmentName	"""Department"""	REMOVE
sub-045/ses-01/func/sub-045_ses-01_task-control_run-05_bold.json	InstitutionalDepartmentName	"""Department"""	REMOVE
sub-045/ses-01/func/sub-045_ses-01_task-control_run-06_part-phase_bold.json	InstitutionalDepartmentName	"""Department"""	REMOVE
sub-045/ses-01/func/sub-045_ses-01_task-fmri_run-01_bold.json	InstitutionalDepartmentName	"""Department"""	REMOVE
sub-045/ses-01/func/sub-045_ses-01_task-fmri_run-01_part-phase_sbref.json	InstitutionalDepartmentName	"""Department"""	REMOVE
sub-045/ses-01/func/sub-045_ses-01_task-fmri_run-01_sbref.json	InstitutionalDepartmentName	"""Department"""	REMOVE
sub-045/ses-01/func/sub-045_ses-01_task-fmri_run-02_part-phase_bold.json	InstitutionalDepartmentName	"""Department"""	REMOVE
sub-045/ses-01/func/sub-045_ses-01_task-fmri_run-02_part-phase_sbref.json	InstitutionalDepartmentName	"""Department"""	REMOVE
sub-045/ses-01/func/sub-045_ses-01_task-fmri_run-02_sbref.json	InstitutionalDepartmentName	"""Department"""	REMOVE
sub-045/ses-01/func/sub-045_ses-01_task-fmri_run-03_bold.json	InstitutionalDepartmentName	"""Department"""	REMOVE
sub-045/ses-01/func/sub-045_ses-01_task-fmri_run-03_part-phase_sbref.json	InstitutionalDepartmentName	"""Department"""	REMOVE
sub-045/ses-01/func/sub-045_ses-01_task-fmri_run-03_sbref.json	InstitutionalDepartmentName	"""Department"""	REMOVE
sub-045/ses-01/func/sub-045_ses-01_task-fmri_run-04_part-phase_bold.json	InstitutionalDepartmentName	"""Department"""	REMOVE
sub-045/ses-01/func/sub-045_ses-01_task-fmri_run-04_part-phase_sbref.json	InstitutionalDepartmentName	"""Department"""	REMOVE
sub-045/ses-01/func/sub-045_ses-01_task-fmri_run-04_sbref.json	InstitutionalDepartmentName	"""Department"""	REMOVE
sub-045/ses-01/func/sub-045_ses-01_task-fmri_run-05_bold.json	InstitutionalDepartmentName	"""Department"""	REMOVE
sub-045/ses-01/func/sub-045_ses-01_task-fmri_run-06_part-phase_bold.json	InstitutionalDepartmentName	"""Department"""	REMOVE
sub-045/ses-01/func/sub-045_ses-01_task-fmri_run-07_bold.json	InstitutionalDepartmentName	"""Department"""	REMOVE
sub-045/ses-01/func/sub-045_ses-01_task-fmri_run-08_part-phase_bold.json	InstitutionalDepartmentName	"""Department"""	REMOVE
sub-045/ses-01/func/sub-045_ses-01_task-movie_run-01_bold.json	InstitutionalDepartmentName	"""Department"""	REMOVE
sub-045/ses-01/func/sub-045_ses-01_task-movie_run-01_part-phase_sbref.json	InstitutionalDepartmentName	"""Department"""	REMOVE
sub-045/ses-01/func/sub-045_ses-01_task-movie_run-01_sbref.json	InstitutionalDepartmentName	"""Department"""	REMOVE
sub-045/ses-01/func/sub-045_ses-01_task-movie_run-02_part-phase_bold.json	InstitutionalDepartmentName	"""Department"""	REMOVE
sub-045/ses-01/func/sub-045_ses-01_task-movie_run-02_part-phase_sbref.json	InstitutionalDepartmentName	"""Department"""	REMOVE
sub-045/ses-01/func/sub-045_ses-01_task-movie_run-02_sbref.json	InstitutionalDepartmentName	"""Department"""	REMOVE
sub-045/ses-01/func/sub-045_ses-01_task-movie_run-03_bold.json	InstitutionalDepartmentName	"""Department"""	REMOVE
sub-045/ses-01/func/sub-045_ses-01_task-movie_run-03_part-phase_sbref.json	InstitutionalDepartmentName	"""Department"""	REMOVE
sub-045/ses-01/func/sub-045_ses-01_task-movie_run-03_sbref.json	InstitutionalDepartmentName	"""Department"""	REMOVE
sub-045/ses-01/func/sub-045_ses-01_task-movie_run-04_part-phase_bold.json	InstitutionalDepartmentName	"""Department"""	REMOVE
sub-045/ses-01/func/sub-045_ses-01_task-movie_run-04_part-phase_sbref.json	InstitutionalDepartmentName	"""Department"""	REMOVE
sub-045/ses-01/func/sub-045_ses-01_task-movie_run-04_sbref.json	InstitutionalDepartmentName	"""Department"""	REMOVE
sub-045/ses-01/func/sub-045_ses-01_task-movie_run-05_bold.json	InstitutionalDepartmentName	"""Department"""	REMOVE
sub-045/ses-01/func/sub-045_ses-01_task-movie_run-06_part-phase_bold.json	InstitutionalDepartmentName	"""Department"""	REMOVE
sub-045/ses-01/func/sub-045_ses-01_task-movie_run-07_bold.json	InstitutionalDepartmentName	"""Department"""	REMOVE
sub-045/ses-01/func/sub-045_ses-01_task-movie_run-08_part-phase_bold.json	InstitutionalDepartmentName	"""Department"""	REMOVE
sub-045/ses-01/func/sub-045_ses-01_task-rest_run-01_bold.json	InstitutionalDepartmentName	"""Department"""	REMOVE
sub-045/ses-01/func/sub-045_ses-01_task-rest_run-01_part-phase_sbref.json	InstitutionalDepartmentName	"""Department"""	REMOVE
sub-045/ses-01/func/sub-045_ses-01_task-rest_run-01_sbref.json	InstitutionalDepartmentName	"""Department"""	REMOVE
sub-045/ses-01/func/sub-045_ses-01_task-rest_run-02_part-phase_bold.json	InstitutionalDepartmentName	"""Department"""	REMOVE
sub-046/ses-01/anat/sub-046_ses-01_run-01_FLAIR.json	InstitutionalDepartmentName	"""Department"""	REMOVE
sub-046/ses-01/anat/sub-046_ses-01_run-01_T1w.json	InstitutionalDepartmentName	"""Department"""	REMOVE
sub-046/ses-01/anat/sub-046_ses-01_run-01_TB1TFL.json	InstitutionalDepartmentName	"""Department"""	REMOVE
sub-046/ses-01/anat/sub-046_ses-01_run-02_T1w.json	InstitutionalDepartmentName	"""Department"""	REMOVE
sub-046/ses-01/anat/sub-046_ses-01_run-02_TB1TFL.json	InstitutionalDepartmentName	"""Department"""	REMOVE
sub-046/ses-01/anat/sub-046_ses-01_run-03_T1w.json	InstitutionalDepartmentName	"""Department"""	REMOVE
sub-046/ses-01/dwi/sub-046_ses-01_run-01_dwi.json	InstitutionalDepartmentName	"""Department"""	REMOVE
sub-046/ses-01/dwi/sub-046_ses-01_run-02_dwi.json	InstitutionalDepartmentName	"""Department"""	REMOVE
sub-046/ses-01/dwi/sub-046_ses-01_run-05_dwi.json	InstitutionalDepartmentName	"""Department"""	REMOVE
sub-046/ses-01/fmap/sub-046_ses-01_dir-AP_run-01_epi.json	InstitutionalDepartmentName	"""Department"""	REMOVE
sub-046/ses-01/fmap/sub-046_ses-01_dir-AP_run-02_part-phase_epi.json	InstitutionalDepartmentName	"""Department"""	REMOVE
sub-046/ses-01/fmap/sub-046_ses-01_dir-AP_run-03_epi.json	InstitutionalDepartmentName	"""Department"""	REMOVE
sub-046/ses-01/fmap/sub-046_ses-01_dir-AP_run-04_part-phase_epi.json	InstitutionalDepartmentName	"""Department"""	REMOVE
sub-046/ses-01/fmap/sub-046_ses-01_dir-PA_run-01_epi.json	InstitutionalDepartmentName	"""Department"""	REMOVE
sub-046/ses-01/fmap/sub-046_ses-01_dir-PA_run-02_part-phase_epi.json	InstitutionalDepartmentName	"""Department"""	REMOVE
sub-046/ses-01/fmap/sub-046_ses-01_dir-PA_run-03_epi.json	InstitutionalDepartmentName	"""Department"""	REMOVE
sub-046/ses-01/fmap/sub-046_ses-01_dir-PA_run-04_part-phase_epi.json	InstitutionalDepartmentName	"""Department"""	REMOVE
sub-046/ses-01/func/sub-046_ses-01_task-control_run-01_bold.json	InstitutionalDepartmentName	"""Department"""	REMOVE
sub-046/ses-01/func/sub-046_ses-01_task-control_run-01_part-phase_sbref.json	InstitutionalDepartmentName	"""Department"""	REMOVE
sub-046/ses-01/func/sub-046_ses-01_task-control_run-01_sbref.json	InstitutionalDepartmentName	"""Department"""	REMOVE
sub-046/ses-01/func/sub-046_ses-01_task-control_run-02_part-phase_bold.json	InstitutionalDepartmentName	"""Department"""	REMOVE
sub-046/ses-01/func/sub-046_ses-01_task-control_run-02_part-phase_sbref.json	InstitutionalDepartmentName	"""Department"""	REMOVE
sub-046/ses-01/func/sub-046_ses-01_task-control_run-02_sbref.json	InstitutionalDepartmentName	"""Department"""	REMOVE
sub-046/ses-01/func/sub-046_ses-01_task-control_run-03_bold.json	InstitutionalDepartmentName	"""Department"""	REMOVE
sub-046/ses-01/func/sub-046_ses-01_task-control_run-03_part-phase_sbref.json	InstitutionalDepartmentName	"""Department"""	REMOVE
sub-046/ses-01/func/sub-046_ses-01_task-control_run-03_sbref.json	InstitutionalDepartmentName	"""Department"""	REMOVE
sub-046/ses-01/func/sub-046_ses-01_task-control_run-04_part-phase_bold.json	InstitutionalDepartmentName	"""Department"""	REMOVE
sub-046/ses-01/func/sub-046_ses-01_task-control_run-05_bold.json	InstitutionalDepartmentName	"""Department"""	REMOVE
sub-046/ses-01/func/sub-046_ses-01_task-control_run-06_part-phase_bold.json	InstitutionalDepartmentName	"""Department"""	REMOVE
sub-046/ses-01/func/sub-046_ses-01_task-fmri_run-01_bold.json	InstitutionalDepartmentName	"""Department"""	REMOVE
sub-046/ses-01/func/sub-046_ses-01_task-fmri_run-01_part-phase_sbref.json	InstitutionalDepartmentName	"""Department"""	REMOVE
sub-046/ses-01/func/sub-046_ses-01_task-fmri_run-01_sbref.json	InstitutionalDepartmentName	"""Department"""	REMOVE
sub-046/ses-01/func/sub-046_ses-01_task-fmri_run-02_part-phase_bold.json	InstitutionalDepartmentName	"""Department"""	REMOVE
sub-046/ses-01/func/sub-046_ses-01_task-fmri_run-02_part-phase_sbref.json	InstitutionalDepartmentName	"""Department"""	REMOVE
sub-046/ses-01/func/sub-046_ses-01_task-fmri_run-02_sbref.json	InstitutionalDepartmentName	"""Department"""	REMOVE
sub-046/ses-01/func/sub-046_ses-01_task-fmri_run-03_bold.json	InstitutionalDepartmentName	"""Department"""	REMOVE
sub-046/ses-01/func/sub-046_ses-01_task-fmri_run-03_part-phase_sbref.json	InstitutionalDepartmentName	"""Department"""	REMOVE
sub-046/ses-01/func/sub-046_ses-01_task-fmri_run-03_sbref.json	InstitutionalDepartmentName	"""Department"""	REMOVE
sub-046/ses-01/func/sub-046_ses-01_task-fmri_run-04_part-phase_bold.json	InstitutionalDepartmentName	"""Department"""	REMOVE
sub-046/ses-01/func/sub-046_ses-01_task-fmri_run-04_part-phase_sbref.json	InstitutionalDepartmentName	"""Department"""	REMOVE
sub-046/ses-01/func/sub-046_ses-01_task-fmri_run-04_sbref.json	InstitutionalDepartmentName	"""Department"""	REMOVE
sub-046/ses-01/func/sub-046_ses-01_task-fmri_run-05_bold.json	InstitutionalDepartmentName	"""Department"""	REMOVE
sub-046/ses-01/func/sub-046_ses-01_task-fmri_run-05_part-phase_sbref.json	InstitutionalDepartmentName	"""Department"""	REMOVE
sub-046/ses-01/func/sub-046_ses-01_task-fmri_run-05_sbref.json	InstitutionalDepartmentName	"""Department"""	REMOVE
sub-046/ses-01/func/sub-046_ses-01_task-fmri_run-06_part-phase_bold.json	InstitutionalDepartmentName	"""Department"""	REMOVE
sub-046/ses-01/func/sub-046_ses-01_task-fmri_run-07_bold.json	InstitutionalDepartmentName	"""Department"""	REMOVE
sub-046/ses-01/func/sub-046_ses-01_task-fmri_run-08_part-phase_bold.json	InstitutionalDepartmentName	"""Department"""	REMOVE
sub-046/ses-01/func/sub-046_ses-01_task-fmri_run-09_bold.json	InstitutionalDepartmentName	"""Department"""	REMOVE
sub-046/ses-01/func/sub-046_ses-01_task-fmri_run-10_part-phase_bold.json	InstitutionalDepartmentName	"""Department"""	REMOVE
sub-046/ses-01/func/sub-046_ses-01_task-movie_run-01_bold.json	InstitutionalDepartmentName	"""Department"""	REMOVE
sub-046/ses-01/func/sub-046_ses-01_task-movie_run-01_part-phase_sbref.json	InstitutionalDepartmentName	"""Department"""	REMOVE
sub-046/ses-01/func/sub-046_ses-01_task-movie_run-01_sbref.json	InstitutionalDepartmentName	"""Department"""	REMOVE
sub-046/ses-01/func/sub-046_ses-01_task-movie_run-02_part-phase_bold.json	InstitutionalDepartmentName	"""Department"""	REMOVE
sub-046/ses-01/func/sub-046_ses-01_task-movie_run-02_part-phase_sbref.json	InstitutionalDepartmentName	"""Department"""	REMOVE
sub-046/ses-01/func/sub-046_ses-01_task-movie_run-02_sbref.json	InstitutionalDepartmentName	"""Department"""	REMOVE
sub-046/ses-01/func/sub-046_ses-01_task-movie_run-03_bold.json	InstitutionalDepartmentName	"""Department"""	REMOVE
sub-046/ses-01/func/sub-046_ses-01_task-movie_run-03_part-phase_sbref.json	InstitutionalDepartmentName	"""Department"""	REMOVE
sub-046/ses-01/func/sub-046_ses-01_task-movie_run-03_sbref.json	InstitutionalDepartmentName	"""Department"""	REMOVE
sub-046/ses-01/func/sub-046_ses-01_task-movie_run-04_part-phase_bold.json	InstitutionalDepartmentName	"""Department"""	REMOVE
sub-046/ses-01/func/sub-046_ses-01_task-movie_run-04_part-phase_sbref.json	InstitutionalDepartmentName	"""Department"""	REMOVE
sub-046/ses-01/func/sub-046_ses-01_task-movie_run-04_sbref.json	InstitutionalDepartmentName	"""Department"""	REMOVE
sub-046/ses-01/func/sub-046_ses-01_task-movie_run-05_bold.json	InstitutionalDepartmentName	"""Department"""	REMOVE
sub-046/ses-01/func/sub-046_ses-01_task-movie_run-06_part-phase_bold.json	InstitutionalDepartmentName	"""Department"""	REMOVE
sub-046/ses-01/func/sub-046_ses-01_task-movie_run-07_bold.json	InstitutionalDepartmentName	"""Department"""	REMOVE
sub-046/ses-01/func/sub-046_ses-01_task-movie_run-08_part-phase_bold.json	InstitutionalDepartmentName	"""Department"""	REMOVE
sub-046/ses-01/func/sub-046_ses-01_task-rest_run-01_bold.json	InstitutionalDepartmentName	"""Department"""	REMOVE
sub-046/ses-01/func/sub-046_ses-01_task-rest_run-01_part-phase_sbref.json	InstitutionalDepartmentName	"""Department"""	REMOVE
sub-046/ses-01/func/sub-046_ses-01_task-rest_run-01_sbref.json	InstitutionalDepartmentName	"""Department"""	REMOVE
sub-046/ses-01/func/sub-046_ses-01_task-rest_run-02_part-phase_bold.json	InstitutionalDepartmentName	"""Department"""	REMOVE
sub-046/ses-02/anat/sub-046_ses-02_run-01_FLAIR.json	InstitutionalDepartmentName	"""Department"""	REMOVE
sub-046/ses-02/anat/sub-046_ses-02_run-01_T1w.json	InstitutionalDepartmentName	"""Department"""	REMOVE
sub-046/ses-02/anat/sub-046_ses-02_run-01_TB1TFL.json	InstitutionalDepartmentName	"""Department"""	REMOVE
sub-046/ses-02/anat/sub-046_ses-02_run-02_T1w.json	InstitutionalDepartmentName	"""Department"""	REMOVE
sub-046/ses-02/anat/sub-046_ses-02_run-02_TB1TFL.json	InstitutionalDepartmentName	"""Department"""	REMOVE
sub-046/ses-02/anat/sub-046_ses-02_run-03_T1w.json	InstitutionalDepartmentName	"""Department"""	REMOVE
sub-046/ses-02/dwi/sub-046_ses-02_run-01_dwi.json	InstitutionalDepartmentName	"""Department"""	REMOVE
sub-046/ses-02/dwi/sub-046_ses-02_run-02_dwi.json	InstitutionalDepartmentName	"""Department"""	REMOVE
sub-046/ses-02/dwi/sub-046_ses-02_run-05_dwi.json	InstitutionalDepartmentName	"""Department"""	REMOVE
sub-046/ses-02/fmap/sub-046_ses-02_dir-AP_run-01_epi.json	InstitutionalDepartmentName	"""Department"""	REMOVE
sub-046/ses-02/fmap/sub-046_ses-02_dir-AP_run-02_part-phase_epi.json	InstitutionalDepartmentName	"""Department"""	REMOVE
sub-046/ses-02/fmap/sub-046_ses-02_dir-AP_run-03_epi.json	InstitutionalDepartmentName	"""Department"""	REMOVE
sub-046/ses-02/fmap/sub-046_ses-02_dir-AP_run-04_part-phase_epi.json	InstitutionalDepartmentName	"""Department"""	REMOVE
sub-046/ses-02/fmap/sub-046_ses-02_dir-PA_run-01_epi.json	InstitutionalDepartmentName	"""Department"""	REMOVE
sub-046/ses-02/fmap/sub-046_ses-02_dir-PA_run-02_part-phase_epi.json	InstitutionalDepartmentName	"""Department"""	REMOVE
sub-046/ses-02/fmap/sub-046_ses-02_dir-PA_run-03_epi.json	InstitutionalDepartmentName	"""Department"""	REMOVE
sub-046/ses-02/fmap/sub-046_ses-02_dir-PA_run-04_part-phase_epi.json	InstitutionalDepartmentName	"""Department"""	REMOVE
sub-046/ses-02/func/sub-046_ses-02_task-control_run-01_bold.json	InstitutionalDepartmentName	"""Department"""	REMOVE
sub-046/ses-02/func/sub-046_ses-02_task-control_run-01_part-phase_sbref.json	InstitutionalDepartmentName	"""Department"""	REMOVE
sub-046/ses-02/func/sub-046_ses-02_task-control_run-01_sbref.json	InstitutionalDepartmentName	"""Department"""	REMOVE
sub-046/ses-02/func/sub-046_ses-02_task-control_run-02_part-phase_bold.json	InstitutionalDepartmentName	"""Department"""	REMOVE
sub-046/ses-02/func/sub-046_ses-02_task-control_run-02_part-phase_sbref.json	InstitutionalDepartmentName	"""Department"""	REMOVE
sub-046/ses-02/func/sub-046_ses-02_task-control_run-02_sbref.json	InstitutionalDepartmentName	"""Department"""	REMOVE
sub-046/ses-02/func/sub-046_ses-02_task-control_run-03_bold.json	InstitutionalDepartmentName	"""Department"""	REMOVE
sub-046/ses-02/func/sub-046_ses-02_task-control_run-03_part-phase_sbref.json	InstitutionalDepartmentName	"""Department"""	REMOVE
sub-046/ses-02/func/sub-046_ses-02_task-control_run-03_sbref.json	InstitutionalDepartmentName	"""Department"""	REMOVE
sub-046/ses-02/func/sub-046_ses-02_task-control_run-04_part-phase_bold.json	InstitutionalDepartmentName	"""Department"""	REMOVE
sub-046/ses-02/func/sub-046_ses-02_task-control_run-05_bold.json	InstitutionalDepartmentName	"""Department"""	REMOVE
sub-046/ses-02/func/sub-046_ses-02_task-control_run-06_part-phase_bold.json	InstitutionalDepartmentName	"""Department"""	REMOVE
sub-046/ses-02/func/sub-046_ses-02_task-fmri_run-01_bold.json	InstitutionalDepartmentName	"""Department"""	REMOVE
sub-046/ses-02/func/sub-046_ses-02_task-fmri_run-01_part-phase_sbref.json	InstitutionalDepartmentName	"""Department"""	REMOVE
sub-046/ses-02/func/sub-046_ses-02_task-fmri_run-01_sbref.json	InstitutionalDepartmentName	"""Department"""	REMOVE
sub-046/ses-02/func/sub-046_ses-02_task-fmri_run-02_part-phase_bold.json	InstitutionalDepartmentName	"""Department"""	REMOVE
sub-046/ses-02/func/sub-046_ses-02_task-fmri_run-02_part-phase_sbref.json	InstitutionalDepartmentName	"""Department"""	REMOVE
sub-046/ses-02/func/sub-046_ses-02_task-fmri_run-02_sbref.json	InstitutionalDepartmentName	"""Department"""	REMOVE
sub-046/ses-02/func/sub-046_ses-02_task-fmri_run-03_bold.json	InstitutionalDepartmentName	"""Department"""	REMOVE
sub-046/ses-02/func/sub-046_ses-02_task-fmri_run-03_part-phase_sbref.json	InstitutionalDepartmentName	"""Department"""	REMOVE
sub-046/ses-02/func/sub-046_ses-02_task-fmri_run-03_sbref.json	InstitutionalDepartmentName	"""Department"""	REMOVE
sub-046/ses-02/func/sub-046_ses-02_task-fmri_run-04_part-phase_bold.json	InstitutionalDepartmentName	"""Department"""	REMOVE
sub-046/ses-02/func/sub-046_ses-02_task-fmri_run-04_part-phase_sbref.json	InstitutionalDepartmentName	"""Department"""	REMOVE
sub-046/ses-02/func/sub-046_ses-02_task-fmri_run-04_sbref.json	InstitutionalDepartmentName	"""Department"""	REMOVE
sub-046/ses-02/func/sub-046_ses-02_task-fmri_run-05_bold.json	InstitutionalDepartmentName	"""Department"""	REMOVE
sub-046/ses-02/func/sub-046_ses-02_task-fmri_run-06_part-phase_bold.json	InstitutionalDepartmentName	"""Department"""	REMOVE
sub-046/ses-02/func/sub-046_ses-02_task-fmri_run-07_bold.json	InstitutionalDepartmentName	"""Department"""	REMOVE
sub-046/ses-02/func/sub-046_ses-02_task-fmri_run-08_part-phase_bold.json	InstitutionalDepartmentName	"""Department"""	REMOVE
sub-046/ses-02/func/sub-046_ses-02_task-movie_run-01_bold.json	InstitutionalDepartmentName	"""Department"""	REMOVE
sub-046/ses-02/func/sub-046_ses-02_task-movie_run-01_part-phase_sbref.json	InstitutionalDepartmentName	"""Department"""	REMOVE
sub-046/ses-02/func/sub-046_ses-02_task-movie_run-01_sbref.json	InstitutionalDepartmentName	"""Department"""	REMOVE
sub-046/ses-02/func/sub-046_ses-02_task-movie_run-02_part-phase_bold.json	InstitutionalDepartmentName	"""Department"""	REMOVE
sub-046/ses-02/func/sub-046_ses-02_task-movie_run-02_part-phase_sbref.json	InstitutionalDepartmentName	"""Department"""	REMOVE
sub-046/ses-02/func/sub-046_ses-02_task-movie_run-02_sbref.json	InstitutionalDepartmentName	"""Department"""	REMOVE
sub-046/ses-02/func/sub-046_ses-02_task-movie_run-03_bold.json	InstitutionalDepartmentName	"""Department"""	REMOVE
sub-046/ses-02/func/sub-046_ses-02_task-movie_run-03_part-phase_sbref.json	InstitutionalDepartmentName	"""Department"""	REMOVE
sub-046/ses-02/func/sub-046_ses-02_task-movie_run-03_sbref.json	InstitutionalDepartmentName	"""Department"""	REMOVE
sub-046/ses-02/func/sub-046_ses-02_task-movie_run-04_part-phase_bold.json	InstitutionalDepartmentName	"""Department"""	REMOVE
sub-046/ses-02/func/sub-046_ses-02_task-movie_run-04_part-phase_sbref.json	InstitutionalDepartmentName	"""Department"""	REMOVE
sub-046/ses-02/func/sub-046_ses-02_task-movie_run-04_sbref.json	InstitutionalDepartmentName	"""Department"""	REMOVE
sub-046/ses-02/func/sub-046_ses-02_task-movie_run-05_bold.json	InstitutionalDepartmentName	"""Department"""	REMOVE
sub-046/ses-02/func/sub-046_ses-02_task-movie_run-06_part-phase_bold.json	InstitutionalDepartmentName	"""Department"""	REMOVE
sub-046/ses-02/func/sub-046_ses-02_task-movie_run-07_bold.json	InstitutionalDepartmentName	"""Department"""	REMOVE
sub-046/ses-02/func/sub-046_ses-02_task-movie_run-08_part-phase_bold.json	InstitutionalDepartmentName	"""Department"""	REMOVE
sub-046/ses-02/func/sub-046_ses-02_task-rest_run-01_bold.json	InstitutionalDepartmentName	"""Department"""	REMOVE
sub-046/ses-02/func/sub-046_ses-02_task-rest_run-01_part-phase_sbref.json	InstitutionalDepartmentName	"""Department"""	REMOVE
sub-046/ses-02/func/sub-046_ses-02_task-rest_run-01_sbref.json	InstitutionalDepartmentName	"""Department"""	REMOVE
sub-046/ses-02/func/sub-046_ses-02_task-rest_run-02_part-phase_bold.json	InstitutionalDepartmentName	"""Department"""	REMOVE
sub-047/ses-01/anat/sub-047_ses-01_run-01_FLAIR.json	InstitutionalDepartmentName	"""Department"""	REMOVE
sub-047/ses-01/anat/sub-047_ses-01_run-01_T1w.json	InstitutionalDepartmentName	"""Department"""	REMOVE
sub-047/ses-01/anat/sub-047_ses-01_run-01_TB1TFL.json	InstitutionalDepartmentName	"""Department"""	REMOVE
sub-047/ses-01/anat/sub-047_ses-01_run-02_T1w.json	InstitutionalDepartmentName	"""Department"""	REMOVE
sub-047/ses-01/anat/sub-047_ses-01_run-02_TB1TFL.json	InstitutionalDepartmentName	"""Department"""	REMOVE
sub-047/ses-01/anat/sub-047_ses-01_run-03_T1w.json	InstitutionalDepartmentName	"""Department"""	REMOVE
sub-047/ses-01/dwi/sub-047_ses-01_run-01_dwi.json	InstitutionalDepartmentName	"""Department"""	REMOVE
sub-047/ses-01/dwi/sub-047_ses-01_run-02_dwi.json	InstitutionalDepartmentName	"""Department"""	REMOVE
sub-047/ses-01/dwi/sub-047_ses-01_run-03_dwi.json	InstitutionalDepartmentName	"""Department"""	REMOVE
sub-047/ses-01/dwi/sub-047_ses-01_run-04_dwi.json	InstitutionalDepartmentName	"""Department"""	REMOVE
sub-047/ses-01/dwi/sub-047_ses-01_run-07_dwi.json	InstitutionalDepartmentName	"""Department"""	REMOVE
sub-047/ses-01/fmap/sub-047_ses-01_dir-AP_run-01_epi.json	InstitutionalDepartmentName	"""Department"""	REMOVE
sub-047/ses-01/fmap/sub-047_ses-01_dir-AP_run-02_part-phase_epi.json	InstitutionalDepartmentName	"""Department"""	REMOVE
sub-047/ses-01/fmap/sub-047_ses-01_dir-AP_run-03_epi.json	InstitutionalDepartmentName	"""Department"""	REMOVE
sub-047/ses-01/fmap/sub-047_ses-01_dir-AP_run-04_part-phase_epi.json	InstitutionalDepartmentName	"""Department"""	REMOVE
sub-047/ses-01/fmap/sub-047_ses-01_dir-PA_run-01_epi.json	InstitutionalDepartmentName	"""Department"""	REMOVE
sub-047/ses-01/fmap/sub-047_ses-01_dir-PA_run-02_part-phase_epi.json	InstitutionalDepartmentName	"""Department"""	REMOVE
sub-047/ses-01/fmap/sub-047_ses-01_dir-PA_run-03_epi.json	InstitutionalDepartmentName	"""Department"""	REMOVE
sub-047/ses-01/fmap/sub-047_ses-01_dir-PA_run-04_part-phase_epi.json	InstitutionalDepartmentName	"""Department"""	REMOVE
sub-047/ses-01/func/sub-047_ses-01_task-control_run-01_bold.json	InstitutionalDepartmentName	"""Department"""	REMOVE
sub-047/ses-01/func/sub-047_ses-01_task-control_run-01_part-phase_sbref.json	InstitutionalDepartmentName	"""Department"""	REMOVE
sub-047/ses-01/func/sub-047_ses-01_task-control_run-01_sbref.json	InstitutionalDepartmentName	"""Department"""	REMOVE
sub-047/ses-01/func/sub-047_ses-01_task-control_run-02_part-phase_bold.json	InstitutionalDepartmentName	"""Department"""	REMOVE
sub-047/ses-01/func/sub-047_ses-01_task-control_run-02_part-phase_sbref.json	InstitutionalDepartmentName	"""Department"""	REMOVE
sub-047/ses-01/func/sub-047_ses-01_task-control_run-02_sbref.json	InstitutionalDepartmentName	"""Department"""	REMOVE
sub-047/ses-01/func/sub-047_ses-01_task-control_run-03_bold.json	InstitutionalDepartmentName	"""Department"""	REMOVE
sub-047/ses-01/func/sub-047_ses-01_task-control_run-03_part-phase_sbref.json	InstitutionalDepartmentName	"""Department"""	REMOVE
sub-047/ses-01/func/sub-047_ses-01_task-control_run-03_sbref.json	InstitutionalDepartmentName	"""Department"""	REMOVE
sub-047/ses-01/func/sub-047_ses-01_task-control_run-04_part-phase_bold.json	InstitutionalDepartmentName	"""Department"""	REMOVE
sub-047/ses-01/func/sub-047_ses-01_task-control_run-05_bold.json	InstitutionalDepartmentName	"""Department"""	REMOVE
sub-047/ses-01/func/sub-047_ses-01_task-control_run-06_part-phase_bold.json	InstitutionalDepartmentName	"""Department"""	REMOVE
sub-047/ses-01/func/sub-047_ses-01_task-fmri_run-01_bold.json	InstitutionalDepartmentName	"""Department"""	REMOVE
sub-047/ses-01/func/sub-047_ses-01_task-fmri_run-01_part-phase_sbref.json	InstitutionalDepartmentName	"""Department"""	REMOVE
sub-047/ses-01/func/sub-047_ses-01_task-fmri_run-01_sbref.json	InstitutionalDepartmentName	"""Department"""	REMOVE
sub-047/ses-01/func/sub-047_ses-01_task-fmri_run-02_part-phase_bold.json	InstitutionalDepartmentName	"""Department"""	REMOVE
sub-047/ses-01/func/sub-047_ses-01_task-fmri_run-02_part-phase_sbref.json	InstitutionalDepartmentName	"""Department"""	REMOVE
sub-047/ses-01/func/sub-047_ses-01_task-fmri_run-02_sbref.json	InstitutionalDepartmentName	"""Department"""	REMOVE
sub-047/ses-01/func/sub-047_ses-01_task-fmri_run-03_part-phase_sbref.json	InstitutionalDepartmentName	"""Department"""	REMOVE
sub-047/ses-01/func/sub-047_ses-01_task-fmri_run-03_sbref.json	InstitutionalDepartmentName	"""Department"""	REMOVE
sub-047/ses-01/func/sub-047_ses-01_task-fmri_run-04_part-phase_bold.json	InstitutionalDepartmentName	"""Department"""	REMOVE
sub-047/ses-01/func/sub-047_ses-01_task-fmri_run-04_part-phase_sbref.json	InstitutionalDepartmentName	"""Department"""	REMOVE
sub-047/ses-01/func/sub-047_ses-01_task-fmri_run-04_sbref.json	InstitutionalDepartmentName	"""Department"""	REMOVE
sub-047/ses-01/func/sub-047_ses-01_task-fmri_run-05_bold.json	InstitutionalDepartmentName	"""Department"""	REMOVE
sub-047/ses-01/func/sub-047_ses-01_task-fmri_run-06_part-phase_bold.json	InstitutionalDepartmentName	"""Department"""	REMOVE
sub-047/ses-01/func/sub-047_ses-01_task-fmri_run-07_bold.json	InstitutionalDepartmentName	"""Department"""	REMOVE
sub-047/ses-01/func/sub-047_ses-01_task-fmri_run-08_part-phase_bold.json	InstitutionalDepartmentName	"""Department"""	REMOVE
sub-047/ses-01/func/sub-047_ses-01_task-movie_run-01_bold.json	InstitutionalDepartmentName	"""Department"""	REMOVE
sub-047/ses-01/func/sub-047_ses-01_task-movie_run-01_part-phase_sbref.json	InstitutionalDepartmentName	"""Department"""	REMOVE
sub-047/ses-01/func/sub-047_ses-01_task-movie_run-01_sbref.json	InstitutionalDepartmentName	"""Department"""	REMOVE
sub-047/ses-01/func/sub-047_ses-01_task-movie_run-02_part-phase_bold.json	InstitutionalDepartmentName	"""Department"""	REMOVE
sub-047/ses-01/func/sub-047_ses-01_task-movie_run-02_part-phase_sbref.json	InstitutionalDepartmentName	"""Department"""	REMOVE
sub-047/ses-01/func/sub-047_ses-01_task-movie_run-02_sbref.json	InstitutionalDepartmentName	"""Department"""	REMOVE
sub-047/ses-01/func/sub-047_ses-01_task-movie_run-03_bold.json	InstitutionalDepartmentName	"""Department"""	REMOVE
sub-047/ses-01/func/sub-047_ses-01_task-movie_run-03_part-phase_sbref.json	InstitutionalDepartmentName	"""Department"""	REMOVE
sub-047/ses-01/func/sub-047_ses-01_task-movie_run-03_sbref.json	InstitutionalDepartmentName	"""Department"""	REMOVE
sub-047/ses-01/func/sub-047_ses-01_task-movie_run-04_part-phase_bold.json	InstitutionalDepartmentName	"""Department"""	REMOVE
sub-047/ses-01/func/sub-047_ses-01_task-movie_run-04_part-phase_sbref.json	InstitutionalDepartmentName	"""Department"""	REMOVE
sub-047/ses-01/func/sub-047_ses-01_task-movie_run-04_sbref.json	InstitutionalDepartmentName	"""Department"""	REMOVE
sub-047/ses-01/func/sub-047_ses-01_task-movie_run-05_bold.json	InstitutionalDepartmentName	"""Department"""	REMOVE
sub-047/ses-01/func/sub-047_ses-01_task-movie_run-06_part-phase_bold.json	InstitutionalDepartmentName	"""Department"""	REMOVE
sub-047/ses-01/func/sub-047_ses-01_task-movie_run-07_bold.json	InstitutionalDepartmentName	"""Department"""	REMOVE
sub-047/ses-01/func/sub-047_ses-01_task-movie_run-08_part-phase_bold.json	InstitutionalDepartmentName	"""Department"""	REMOVE
sub-047/ses-01/func/sub-047_ses-01_task-rest_run-01_bold.json	InstitutionalDepartmentName	"""Department"""	REMOVE
sub-047/ses-01/func/sub-047_ses-01_task-rest_run-01_part-phase_sbref.json	InstitutionalDepartmentName	"""Department"""	REMOVE
sub-047/ses-01/func/sub-047_ses-01_task-rest_run-01_sbref.json	InstitutionalDepartmentName	"""Department"""	REMOVE
sub-047/ses-01/func/sub-047_ses-01_task-rest_run-02_part-phase_bold.json	InstitutionalDepartmentName	"""Department"""	REMOVE
sub-047/ses-02/anat/sub-047_ses-02_run-01_FLAIR.json	InstitutionalDepartmentName	"""Department"""	REMOVE
sub-047/ses-02/anat/sub-047_ses-02_run-01_T1w.json	InstitutionalDepartmentName	"""Department"""	REMOVE
sub-047/ses-02/anat/sub-047_ses-02_run-01_TB1TFL.json	InstitutionalDepartmentName	"""Department"""	REMOVE
sub-047/ses-02/anat/sub-047_ses-02_run-02_T1w.json	InstitutionalDepartmentName	"""Department"""	REMOVE
sub-047/ses-02/anat/sub-047_ses-02_run-02_TB1TFL.json	InstitutionalDepartmentName	"""Department"""	REMOVE
sub-047/ses-02/anat/sub-047_ses-02_run-03_T1w.json	InstitutionalDepartmentName	"""Department"""	REMOVE
sub-047/ses-02/dwi/sub-047_ses-02_run-01_dwi.json	InstitutionalDepartmentName	"""Department"""	REMOVE
sub-047/ses-02/dwi/sub-047_ses-02_run-02_dwi.json	InstitutionalDepartmentName	"""Department"""	REMOVE
sub-047/ses-02/dwi/sub-047_ses-02_run-05_dwi.json	InstitutionalDepartmentName	"""Department"""	REMOVE
sub-047/ses-02/fmap/sub-047_ses-02_dir-AP_run-01_epi.json	InstitutionalDepartmentName	"""Department"""	REMOVE
sub-047/ses-02/fmap/sub-047_ses-02_dir-AP_run-02_part-phase_epi.json	InstitutionalDepartmentName	"""Department"""	REMOVE
sub-047/ses-02/fmap/sub-047_ses-02_dir-AP_run-03_epi.json	InstitutionalDepartmentName	"""Department"""	REMOVE
sub-047/ses-02/fmap/sub-047_ses-02_dir-AP_run-04_part-phase_epi.json	InstitutionalDepartmentName	"""Department"""	REMOVE
sub-047/ses-02/fmap/sub-047_ses-02_dir-PA_run-01_epi.json	InstitutionalDepartmentName	"""Department"""	REMOVE
sub-047/ses-02/fmap/sub-047_ses-02_dir-PA_run-02_part-phase_epi.json	InstitutionalDepartmentName	"""Department"""	REMOVE
sub-047/ses-02/fmap/sub-047_ses-02_dir-PA_run-03_epi.json	InstitutionalDepartmentName	"""Department"""	REMOVE
sub-047/ses-02/fmap/sub-047_ses-02_dir-PA_run-04_part-phase_epi.json	InstitutionalDepartmentName	"""Department"""	REMOVE
sub-047/ses-02/func/sub-047_ses-02_task-control_run-01_bold.json	InstitutionalDepartmentName	"""Department"""	REMOVE
sub-047/ses-02/func/sub-047_ses-02_task-control_run-01_part-phase_sbref.json	InstitutionalDepartmentName	"""Department"""	REMOVE
sub-047/ses-02/func/sub-047_ses-02_task-control_run-01_sbref.json	InstitutionalDepartmentName	"""Department"""	REMOVE
sub-047/ses-02/func/sub-047_ses-02_task-control_run-02_part-phase_bold.json	InstitutionalDepartmentName	"""Department"""	REMOVE
sub-047/ses-02/func/sub-047_ses-02_task-control_run-02_part-phase_sbref.json	InstitutionalDepartmentName	"""Department"""	REMOVE
sub-047/ses-02/func/sub-047_ses-02_task-control_run-02_sbref.json	InstitutionalDepartmentName	"""Department"""	REMOVE
sub-047/ses-02/func/sub-047_ses-02_task-control_run-03_bold.json	InstitutionalDepartmentName	"""Department"""	REMOVE
sub-047/ses-02/func/sub-047_ses-02_task-control_run-03_part-phase_sbref.json	InstitutionalDepartmentName	"""Department"""	REMOVE
sub-047/ses-02/func/sub-047_ses-02_task-control_run-03_sbref.json	InstitutionalDepartmentName	"""Department"""	REMOVE
sub-047/ses-02/func/sub-047_ses-02_task-control_run-04_part-phase_bold.json	InstitutionalDepartmentName	"""Department"""	REMOVE
sub-047/ses-02/func/sub-047_ses-02_task-control_run-05_bold.json	InstitutionalDepartmentName	"""Department"""	REMOVE
sub-047/ses-02/func/sub-047_ses-02_task-control_run-06_part-phase_bold.json	InstitutionalDepartmentName	"""Department"""	REMOVE
sub-047/ses-02/func/sub-047_ses-02_task-fmri_run-01_bold.json	InstitutionalDepartmentName	"""Department"""	REMOVE
sub-047/ses-02/func/sub-047_ses-02_task-fmri_run-01_part-phase_sbref.json	InstitutionalDepartmentName	"""Department"""	REMOVE
sub-047/ses-02/func/sub-047_ses-02_task-fmri_run-01_sbref.json	InstitutionalDepartmentName	"""Department"""	REMOVE
sub-047/ses-02/func/sub-047_ses-02_task-fmri_run-02_part-phase_bold.json	InstitutionalDepartmentName	"""Department"""	REMOVE
sub-047/ses-02/func/sub-047_ses-02_task-fmri_run-02_part-phase_sbref.json	InstitutionalDepartmentName	"""Department"""	REMOVE
sub-047/ses-02/func/sub-047_ses-02_task-fmri_run-02_sbref.json	InstitutionalDepartmentName	"""Department"""	REMOVE
sub-047/ses-02/func/sub-047_ses-02_task-fmri_run-03_bold.json	InstitutionalDepartmentName	"""Department"""	REMOVE
sub-047/ses-02/func/sub-047_ses-02_task-fmri_run-03_part-phase_sbref.json	InstitutionalDepartmentName	"""Department"""	REMOVE
sub-047/ses-02/func/sub-047_ses-02_task-fmri_run-03_sbref.json	InstitutionalDepartmentName	"""Department"""	REMOVE
sub-047/ses-02/func/sub-047_ses-02_task-fmri_run-04_part-phase_bold.json	InstitutionalDepartmentName	"""Department"""	REMOVE
sub-047/ses-02/func/sub-047_ses-02_task-fmri_run-04_part-phase_sbref.json	InstitutionalDepartmentName	"""Department"""	REMOVE
sub-047/ses-02/func/sub-047_ses-02_task-fmri_run-04_sbref.json	InstitutionalDepartmentName	"""Department"""	REMOVE
sub-047/ses-02/func/sub-047_ses-02_task-fmri_run-05_bold.json	InstitutionalDepartmentName	"""Department"""	REMOVE
sub-047/ses-02/func/sub-047_ses-02_task-fmri_run-06_part-phase_bold.json	InstitutionalDepartmentName	"""Department"""	REMOVE
sub-047/ses-02/func/sub-047_ses-02_task-fmri_run-07_bold.json	InstitutionalDepartmentName	"""Department"""	REMOVE
sub-047/ses-02/func/sub-047_ses-02_task-fmri_run-08_part-phase_bold.json	InstitutionalDepartmentName	"""Department"""	REMOVE
sub-047/ses-02/func/sub-047_ses-02_task-movie_run-01_bold.json	InstitutionalDepartmentName	"""Department"""	REMOVE
sub-047/ses-02/func/sub-047_ses-02_task-movie_run-01_part-phase_sbref.json	InstitutionalDepartmentName	"""Department"""	REMOVE
sub-047/ses-02/func/sub-047_ses-02_task-movie_run-01_sbref.json	InstitutionalDepartmentName	"""Department"""	REMOVE
sub-047/ses-02/func/sub-047_ses-02_task-movie_run-02_part-phase_bold.json	InstitutionalDepartmentName	"""Department"""	REMOVE
sub-047/ses-02/func/sub-047_ses-02_task-movie_run-02_part-phase_sbref.json	InstitutionalDepartmentName	"""Department"""	REMOVE
sub-047/ses-02/func/sub-047_ses-02_task-movie_run-02_sbref.json	InstitutionalDepartmentName	"""Department"""	REMOVE
sub-047/ses-02/func/sub-047_ses-02_task-movie_run-03_bold.json	InstitutionalDepartmentName	"""Department"""	REMOVE
sub-047/ses-02/func/sub-047_ses-02_task-movie_run-03_part-phase_sbref.json	InstitutionalDepartmentName	"""Department"""	REMOVE
sub-047/ses-02/func/sub-047_ses-02_task-movie_run-03_sbref.json	InstitutionalDepartmentName	"""Department"""	REMOVE
sub-047/ses-02/func/sub-047_ses-02_task-movie_run-04_part-phase_bold.json	InstitutionalDepartmentName	"""Department"""	REMOVE
sub-047/ses-02/func/sub-047_ses-02_task-movie_run-04_part-phase_sbref.json	InstitutionalDepartmentName	"""Department"""	REMOVE
sub-047/ses-02/func/sub-047_ses-02_task-movie_run-04_sbref.json	InstitutionalDepartmentName	"""Department"""	REMOVE
sub-047/ses-02/func/sub-047_ses-02_task-movie_run-05_bold.json	InstitutionalDepartmentName	"""Department"""	REMOVE
sub-047/ses-02/func/sub-047_ses-02_task-movie_run-06_part-phase_bold.json	InstitutionalDepartmentName	"""Department"""	REMOVE
sub-047/ses-02/func/sub-047_ses-02_task-movie_run-07_bold.json	InstitutionalDepartmentName	"""Department"""	REMOVE
sub-047/ses-02/func/sub-047_ses-02_task-movie_run-08_part-phase_bold.json	InstitutionalDepartmentName	"""Department"""	REMOVE
sub-047/ses-02/func/sub-047_ses-02_task-rest_run-01_bold.json	InstitutionalDepartmentName	"""Department"""	REMOVE
sub-047/ses-02/func/sub-047_ses-02_task-rest_run-01_part-phase_sbref.json	InstitutionalDepartmentName	"""Department"""	REMOVE
sub-047/ses-02/func/sub-047_ses-02_task-rest_run-01_sbref.json	InstitutionalDepartmentName	"""Department"""	REMOVE
sub-047/ses-02/func/sub-047_ses-02_task-rest_run-02_part-phase_bold.json	InstitutionalDepartmentName	"""Department"""	REMOVE
sub-048/ses-01/anat/sub-048_ses-01_run-01_FLAIR.json	InstitutionalDepartmentName	"""Department"""	REMOVE
sub-048/ses-01/anat/sub-048_ses-01_run-01_T1w.json	InstitutionalDepartmentName	"""Department"""	REMOVE
sub-048/ses-01/anat/sub-048_ses-01_run-01_TB1TFL.json	InstitutionalDepartmentName	"""Department"""	REMOVE
sub-048/ses-01/anat/sub-048_ses-01_run-02_T1w.json	InstitutionalDepartmentName	"""Department"""	REMOVE
sub-048/ses-01/anat/sub-048_ses-01_run-02_TB1TFL.json	InstitutionalDepartmentName	"""Department"""	REMOVE
sub-048/ses-01/anat/sub-048_ses-01_run-03_T1w.json	InstitutionalDepartmentName	"""Department"""	REMOVE
sub-048/ses-01/dwi/sub-048_ses-01_run-01_dwi.json	InstitutionalDepartmentName	"""Department"""	REMOVE
sub-048/ses-01/dwi/sub-048_ses-01_run-02_dwi.json	InstitutionalDepartmentName	"""Department"""	REMOVE
sub-048/ses-01/dwi/sub-048_ses-01_run-05_dwi.json	InstitutionalDepartmentName	"""Department"""	REMOVE
sub-048/ses-01/fmap/sub-048_ses-01_dir-AP_run-01_epi.json	InstitutionalDepartmentName	"""Department"""	REMOVE
sub-048/ses-01/fmap/sub-048_ses-01_dir-AP_run-02_part-phase_epi.json	InstitutionalDepartmentName	"""Department"""	REMOVE
sub-048/ses-01/fmap/sub-048_ses-01_dir-AP_run-03_epi.json	InstitutionalDepartmentName	"""Department"""	REMOVE
sub-048/ses-01/fmap/sub-048_ses-01_dir-AP_run-04_part-phase_epi.json	InstitutionalDepartmentName	"""Department"""	REMOVE
sub-048/ses-01/fmap/sub-048_ses-01_dir-PA_run-01_epi.json	InstitutionalDepartmentName	"""Department"""	REMOVE
sub-048/ses-01/fmap/sub-048_ses-01_dir-PA_run-02_part-phase_epi.json	InstitutionalDepartmentName	"""Department"""	REMOVE
sub-048/ses-01/fmap/sub-048_ses-01_dir-PA_run-03_epi.json	InstitutionalDepartmentName	"""Department"""	REMOVE
sub-048/ses-01/fmap/sub-048_ses-01_dir-PA_run-04_part-phase_epi.json	InstitutionalDepartmentName	"""Department"""	REMOVE
sub-048/ses-01/func/sub-048_ses-01_task-control_run-01_bold.json	InstitutionalDepartmentName	"""Department"""	REMOVE
sub-048/ses-01/func/sub-048_ses-01_task-control_run-01_part-phase_sbref.json	InstitutionalDepartmentName	"""Department"""	REMOVE
sub-048/ses-01/func/sub-048_ses-01_task-control_run-01_sbref.json	InstitutionalDepartmentName	"""Department"""	REMOVE
sub-048/ses-01/func/sub-048_ses-01_task-control_run-02_part-phase_bold.json	InstitutionalDepartmentName	"""Department"""	REMOVE
sub-048/ses-01/func/sub-048_ses-01_task-control_run-02_part-phase_sbref.json	InstitutionalDepartmentName	"""Department"""	REMOVE
sub-048/ses-01/func/sub-048_ses-01_task-control_run-02_sbref.json	InstitutionalDepartmentName	"""Department"""	REMOVE
sub-048/ses-01/func/sub-048_ses-01_task-control_run-03_bold.json	InstitutionalDepartmentName	"""Department"""	REMOVE
sub-048/ses-01/func/sub-048_ses-01_task-control_run-03_part-phase_sbref.json	InstitutionalDepartmentName	"""Department"""	REMOVE
sub-048/ses-01/func/sub-048_ses-01_task-control_run-03_sbref.json	InstitutionalDepartmentName	"""Department"""	REMOVE
sub-048/ses-01/func/sub-048_ses-01_task-control_run-04_part-phase_bold.json	InstitutionalDepartmentName	"""Department"""	REMOVE
sub-048/ses-01/func/sub-048_ses-01_task-control_run-05_bold.json	InstitutionalDepartmentName	"""Department"""	REMOVE
sub-048/ses-01/func/sub-048_ses-01_task-control_run-06_part-phase_bold.json	InstitutionalDepartmentName	"""Department"""	REMOVE
sub-048/ses-01/func/sub-048_ses-01_task-fmri_run-01_bold.json	InstitutionalDepartmentName	"""Department"""	REMOVE
sub-048/ses-01/func/sub-048_ses-01_task-fmri_run-01_part-phase_sbref.json	InstitutionalDepartmentName	"""Department"""	REMOVE
sub-048/ses-01/func/sub-048_ses-01_task-fmri_run-01_sbref.json	InstitutionalDepartmentName	"""Department"""	REMOVE
sub-048/ses-01/func/sub-048_ses-01_task-fmri_run-02_part-phase_bold.json	InstitutionalDepartmentName	"""Department"""	REMOVE
sub-048/ses-01/func/sub-048_ses-01_task-fmri_run-02_part-phase_sbref.json	InstitutionalDepartmentName	"""Department"""	REMOVE
sub-048/ses-01/func/sub-048_ses-01_task-fmri_run-02_sbref.json	InstitutionalDepartmentName	"""Department"""	REMOVE
sub-048/ses-01/func/sub-048_ses-01_task-fmri_run-03_bold.json	InstitutionalDepartmentName	"""Department"""	REMOVE
sub-048/ses-01/func/sub-048_ses-01_task-fmri_run-03_part-phase_sbref.json	InstitutionalDepartmentName	"""Department"""	REMOVE
sub-048/ses-01/func/sub-048_ses-01_task-fmri_run-03_sbref.json	InstitutionalDepartmentName	"""Department"""	REMOVE
sub-048/ses-01/func/sub-048_ses-01_task-fmri_run-04_part-phase_bold.json	InstitutionalDepartmentName	"""Department"""	REMOVE
sub-048/ses-01/func/sub-048_ses-01_task-fmri_run-04_part-phase_sbref.json	InstitutionalDepartmentName	"""Department"""	REMOVE
sub-048/ses-01/func/sub-048_ses-01_task-fmri_run-04_sbref.json	InstitutionalDepartmentName	"""Department"""	REMOVE
sub-048/ses-01/func/sub-048_ses-01_task-fmri_run-05_bold.json	InstitutionalDepartmentName	"""Department"""	REMOVE
sub-048/ses-01/func/sub-048_ses-01_task-fmri_run-06_part-phase_bold.json	InstitutionalDepartmentName	"""Department"""	REMOVE
sub-048/ses-01/func/sub-048_ses-01_task-fmri_run-07_bold.json	InstitutionalDepartmentName	"""Department"""	REMOVE
sub-048/ses-01/func/sub-048_ses-01_task-fmri_run-08_part-phase_bold.json	InstitutionalDepartmentName	"""Department"""	REMOVE
sub-048/ses-01/func/sub-048_ses-01_task-movie_run-01_bold.json	InstitutionalDepartmentName	"""Department"""	REMOVE
sub-048/ses-01/func/sub-048_ses-01_task-movie_run-01_part-phase_sbref.json	InstitutionalDepartmentName	"""Department"""	REMOVE
sub-048/ses-01/func/sub-048_ses-01_task-movie_run-01_sbref.json	InstitutionalDepartmentName	"""Department"""	REMOVE
sub-048/ses-01/func/sub-048_ses-01_task-movie_run-02_part-phase_bold.json	InstitutionalDepartmentName	"""Department"""	REMOVE
sub-048/ses-01/func/sub-048_ses-01_task-movie_run-02_part-phase_sbref.json	InstitutionalDepartmentName	"""Department"""	REMOVE
sub-048/ses-01/func/sub-048_ses-01_task-movie_run-02_sbref.json	InstitutionalDepartmentName	"""Department"""	REMOVE
sub-048/ses-01/func/sub-048_ses-01_task-movie_run-03_bold.json	InstitutionalDepartmentName	"""Department"""	REMOVE
sub-048/ses-01/func/sub-048_ses-01_task-movie_run-03_part-phase_sbref.json	InstitutionalDepartmentName	"""Department"""	REMOVE
sub-048/ses-01/func/sub-048_ses-01_task-movie_run-03_sbref.json	InstitutionalDepartmentName	"""Department"""	REMOVE
sub-048/ses-01/func/sub-048_ses-01_task-movie_run-04_part-phase_bold.json	InstitutionalDepartmentName	"""Department"""	REMOVE
sub-048/ses-01/func/sub-048_ses-01_task-movie_run-04_part-phase_sbref.json	InstitutionalDepartmentName	"""Department"""	REMOVE
sub-048/ses-01/func/sub-048_ses-01_task-movie_run-04_sbref.json	InstitutionalDepartmentName	"""Department"""	REMOVE
sub-048/ses-01/func/sub-048_ses-01_task-movie_run-05_bold.json	InstitutionalDepartmentName	"""Department"""	REMOVE
sub-048/ses-01/func/sub-048_ses-01_task-movie_run-06_part-phase_bold.json	InstitutionalDepartmentName	"""Department"""	REMOVE
sub-048/ses-01/func/sub-048_ses-01_task-movie_run-07_bold.json	InstitutionalDepartmentName	"""Department"""	REMOVE
sub-048/ses-01/func/sub-048_ses-01_task-movie_run-08_part-phase_bold.json	InstitutionalDepartmentName	"""Department"""	REMOVE
sub-048/ses-01/func/sub-048_ses-01_task-rest_run-01_bold.json	InstitutionalDepartmentName	"""Department"""	REMOVE
sub-048/ses-01/func/sub-048_ses-01_task-rest_run-01_part-phase_sbref.json	InstitutionalDepartmentName	"""Department"""	REMOVE
sub-048/ses-01/func/sub-048_ses-01_task-rest_run-01_sbref.json	InstitutionalDepartmentName	"""Department"""	REMOVE
sub-048/ses-01/func/sub-048_ses-01_task-rest_run-02_part-phase_bold.json	InstitutionalDepartmentName	"""Department"""	REMOVE
sub-048/ses-02/anat/sub-048_ses-02_run-01_FLAIR.json	InstitutionalDepartmentName	"""Department"""	REMOVE
sub-048/ses-02/anat/sub-048_ses-02_run-01_T1w.json	InstitutionalDepartmentName	"""Department"""	REMOVE
sub-048/ses-02/anat/sub-048_ses-02_run-01_TB1TFL.json	InstitutionalDepartmentName	"""Department"""	REMOVE
sub-048/ses-02/anat/sub-048_ses-02_run-02_T1w.json	InstitutionalDepartmentName	"""Department"""	REMOVE
sub-048/ses-02/anat/sub-048_ses-02_run-02_TB1TFL.json	InstitutionalDepartmentName	"""Department"""	REMOVE
sub-048/ses-02/anat/sub-048_ses-02_run-03_T1w.json	InstitutionalDepartmentName	"""Department"""	REMOVE
sub-048/ses-02/dwi/sub-048_ses-02_run-01_dwi.json	InstitutionalDepartmentName	"""Department"""	REMOVE
sub-048/ses-02/dwi/sub-048_ses-02_run-02_dwi.json	InstitutionalDepartmentName	"""Department"""	REMOVE
sub-048/ses-02/dwi/sub-048_ses-02_run-05_dwi.json	InstitutionalDepartmentName	"""Department"""	REMOVE
sub-048/ses-02/fmap/sub-048_ses-02_dir-AP_run-01_epi.json	InstitutionalDepartmentName	"""Department"""	REMOVE
sub-048/ses-02/fmap/sub-048_ses-02_dir-AP_run-02_part-phase_epi.json	InstitutionalDepartmentName	"""Department"""	REMOVE
sub-048/ses-02/fmap/sub-048_ses-02_dir-AP_run-03_epi.json	InstitutionalDepartmentName	"""Department"""	REMOVE
sub-048/ses-02/fmap/sub-048_ses-02_dir-AP_run-04_part-phase_epi.json	InstitutionalDepartmentName	"""Department"""	REMOVE
sub-048/ses-02/fmap/sub-048_ses-02_dir-PA_run-01_epi.json	InstitutionalDepartmentName	"""Department"""	REMOVE
sub-048/ses-02/fmap/sub-048_ses-02_dir-PA_run-02_part-phase_epi.json	InstitutionalDepartmentName	"""Department"""	REMOVE
sub-048/ses-02/fmap/sub-048_ses-02_dir-PA_run-03_epi.json	InstitutionalDepartmentName	"""Department"""	REMOVE
sub-048/ses-02/fmap/sub-048_ses-02_dir-PA_run-04_part-phase_epi.json	InstitutionalDepartmentName	"""Department"""	REMOVE
sub-048/ses-02/func/sub-048_ses-02_task-control_run-01_bold.json	InstitutionalDepartmentName	"""Department"""	REMOVE
sub-048/ses-02/func/sub-048_ses-02_task-control_run-01_part-phase_sbref.json	InstitutionalDepartmentName	"""Department"""	REMOVE
sub-048/ses-02/func/sub-048_ses-02_task-control_run-01_sbref.json	InstitutionalDepartmentName	"""Department"""	REMOVE
sub-048/ses-02/func/sub-048_ses-02_task-control_run-02_part-phase_bold.json	InstitutionalDepartmentName	"""Department"""	REMOVE
sub-048/ses-02/func/sub-048_ses-02_task-control_run-02_part-phase_sbref.json	InstitutionalDepartmentName	"""Department"""	REMOVE
sub-048/ses-02/func/sub-048_ses-02_task-control_run-02_sbref.json	InstitutionalDepartmentName	"""Department"""	REMOVE
sub-048/ses-02/func/sub-048_ses-02_task-control_run-03_bold.json	InstitutionalDepartmentName	"""Department"""	REMOVE
sub-048/ses-02/func/sub-048_ses-02_task-control_run-03_part-phase_sbref.json	InstitutionalDepartmentName	"""Department"""	REMOVE
sub-048/ses-02/func/sub-048_ses-02_task-control_run-03_sbref.json	InstitutionalDepartmentName	"""Department"""	REMOVE
sub-048/ses-02/func/sub-048_ses-02_task-control_run-04_part-phase_bold.json	InstitutionalDepartmentName	"""Department"""	REMOVE
sub-048/ses-02/func/sub-048_ses-02_task-control_run-05_bold.json	InstitutionalDepartmentName	"""Department"""	REMOVE
sub-048/ses-02/func/sub-048_ses-02_task-control_run-06_part-phase_bold.json	InstitutionalDepartmentName	"""Department"""	REMOVE
sub-048/ses-02/func/sub-048_ses-02_task-fmri_run-01_bold.json	InstitutionalDepartmentName	"""Department"""	REMOVE
sub-048/ses-02/func/sub-048_ses-02_task-fmri_run-01_part-phase_sbref.json	InstitutionalDepartmentName	"""Department"""	REMOVE
sub-048/ses-02/func/sub-048_ses-02_task-fmri_run-01_sbref.json	InstitutionalDepartmentName	"""Department"""	REMOVE
sub-048/ses-02/func/sub-048_ses-02_task-fmri_run-02_part-phase_bold.json	InstitutionalDepartmentName	"""Department"""	REMOVE
sub-048/ses-02/func/sub-048_ses-02_task-fmri_run-02_part-phase_sbref.json	InstitutionalDepartmentName	"""Department"""	REMOVE
sub-048/ses-02/func/sub-048_ses-02_task-fmri_run-02_sbref.json	InstitutionalDepartmentName	"""Department"""	REMOVE
sub-048/ses-02/func/sub-048_ses-02_task-fmri_run-03_bold.json	InstitutionalDepartmentName	"""Department"""	REMOVE
sub-048/ses-02/func/sub-048_ses-02_task-fmri_run-03_part-phase_sbref.json	InstitutionalDepartmentName	"""Department"""	REMOVE
sub-048/ses-02/func/sub-048_ses-02_task-fmri_run-03_sbref.json	InstitutionalDepartmentName	"""Department"""	REMOVE
sub-048/ses-02/func/sub-048_ses-02_task-fmri_run-04_part-phase_bold.json	InstitutionalDepartmentName	"""Department"""	REMOVE
sub-048/ses-02/func/sub-048_ses-02_task-fmri_run-04_part-phase_sbref.json	InstitutionalDepartmentName	"""Department"""	REMOVE
sub-048/ses-02/func/sub-048_ses-02_task-fmri_run-04_sbref.json	InstitutionalDepartmentName	"""Department"""	REMOVE
sub-048/ses-02/func/sub-048_ses-02_task-fmri_run-05_bold.json	InstitutionalDepartmentName	"""Department"""	REMOVE
sub-048/ses-02/func/sub-048_ses-02_task-fmri_run-06_part-phase_bold.json	InstitutionalDepartmentName	"""Department"""	REMOVE
sub-048/ses-02/func/sub-048_ses-02_task-fmri_run-07_bold.json	InstitutionalDepartmentName	"""Department"""	REMOVE
sub-048/ses-02/func/sub-048_ses-02_task-fmri_run-08_part-phase_bold.json	InstitutionalDepartmentName	"""Department"""	REMOVE
sub-048/ses-02/func/sub-048_ses-02_task-movie_run-01_bold.json	InstitutionalDepartmentName	"""Department"""	REMOVE
sub-048/ses-02/func/sub-048_ses-02_task-movie_run-01_part-phase_sbref.json	InstitutionalDepartmentName	"""Department"""	REMOVE
sub-048/ses-02/func/sub-048_ses-02_task-movie_run-01_sbref.json	InstitutionalDepartmentName	"""Department"""	REMOVE
sub-048/ses-02/func/sub-048_ses-02_task-movie_run-02_part-phase_bold.json	InstitutionalDepartmentName	"""Department"""	REMOVE
sub-048/ses-02/func/sub-048_ses-02_task-movie_run-02_part-phase_sbref.json	InstitutionalDepartmentName	"""Department"""	REMOVE
sub-048/ses-02/func/sub-048_ses-02_task-movie_run-02_sbref.json	InstitutionalDepartmentName	"""Department"""	REMOVE
sub-048/ses-02/func/sub-048_ses-02_task-movie_run-03_bold.json	InstitutionalDepartmentName	"""Department"""	REMOVE
sub-048/ses-02/func/sub-048_ses-02_task-movie_run-03_part-phase_sbref.json	InstitutionalDepartmentName	"""Department"""	REMOVE
sub-048/ses-02/func/sub-048_ses-02_task-movie_run-03_sbref.json	InstitutionalDepartmentName	"""Department"""	REMOVE
sub-048/ses-02/func/sub-048_ses-02_task-movie_run-04_part-phase_bold.json	InstitutionalDepartmentName	"""Department"""	REMOVE
sub-048/ses-02/func/sub-048_ses-02_task-movie_run-04_part-phase_sbref.json	InstitutionalDepartmentName	"""Department"""	REMOVE
sub-048/ses-02/func/sub-048_ses-02_task-movie_run-04_sbref.json	InstitutionalDepartmentName	"""Department"""	REMOVE
sub-048/ses-02/func/sub-048_ses-02_task-movie_run-05_bold.json	InstitutionalDepartmentName	"""Department"""	REMOVE
sub-048/ses-02/func/sub-048_ses-02_task-movie_run-06_part-phase_bold.json	InstitutionalDepartmentName	"""Department"""	REMOVE
sub-048/ses-02/func/sub-048_ses-02_task-movie_run-07_bold.json	InstitutionalDepartmentName	"""Department"""	REMOVE
sub-048/ses-02/func/sub-048_ses-02_task-movie_run-08_part-phase_bold.json	InstitutionalDepartmentName	"""Department"""	REMOVE
sub-048/ses-02/func/sub-048_ses-02_task-rest_run-01_bold.json	InstitutionalDepartmentName	"""Department"""	REMOVE
sub-048/ses-02/func/sub-048_ses-02_task-rest_run-01_part-phase_sbref.json	InstitutionalDepartmentName	"""Department"""	REMOVE
sub-048/ses-02/func/sub-048_ses-02_task-rest_run-01_sbref.json	InstitutionalDepartmentName	"""Department"""	REMOVE
sub-048/ses-02/func/sub-048_ses-02_task-rest_run-02_part-phase_bold.json	InstitutionalDepartmentName	"""Department"""	REMOVE
sub-049/ses-01/anat/sub-049_ses-01_run-01_FLAIR.json	InstitutionalDepartmentName	"""Department"""	REMOVE
sub-049/ses-01/anat/sub-049_ses-01_run-01_T1w.json	InstitutionalDepartmentName	"""Department"""	REMOVE
sub-049/ses-01/anat/sub-049_ses-01_run-01_TB1TFL.json	InstitutionalDepartmentName	"""Department"""	REMOVE
sub-049/ses-01/anat/sub-049_ses-01_run-02_T1w.json	InstitutionalDepartmentName	"""Department"""	REMOVE
sub-049/ses-01/anat/sub-049_ses-01_run-02_TB1TFL.json	InstitutionalDepartmentName	"""Department"""	REMOVE
sub-049/ses-01/anat/sub-049_ses-01_run-03_T1w.json	InstitutionalDepartmentName	"""Department"""	REMOVE
sub-049/ses-01/dwi/sub-049_ses-01_run-01_dwi.json	InstitutionalDepartmentName	"""Department"""	REMOVE
sub-049/ses-01/dwi/sub-049_ses-01_run-02_dwi.json	InstitutionalDepartmentName	"""Department"""	REMOVE
sub-049/ses-01/dwi/sub-049_ses-01_run-05_dwi.json	InstitutionalDepartmentName	"""Department"""	REMOVE
sub-049/ses-01/fmap/sub-049_ses-01_dir-AP_run-01_epi.json	InstitutionalDepartmentName	"""Department"""	REMOVE
sub-049/ses-01/fmap/sub-049_ses-01_dir-AP_run-02_part-phase_epi.json	InstitutionalDepartmentName	"""Department"""	REMOVE
sub-049/ses-01/fmap/sub-049_ses-01_dir-AP_run-03_epi.json	InstitutionalDepartmentName	"""Department"""	REMOVE
sub-049/ses-01/fmap/sub-049_ses-01_dir-AP_run-04_part-phase_epi.json	InstitutionalDepartmentName	"""Department"""	REMOVE
sub-049/ses-01/fmap/sub-049_ses-01_dir-PA_run-01_epi.json	InstitutionalDepartmentName	"""Department"""	REMOVE
sub-049/ses-01/fmap/sub-049_ses-01_dir-PA_run-02_part-phase_epi.json	InstitutionalDepartmentName	"""Department"""	REMOVE
sub-049/ses-01/fmap/sub-049_ses-01_dir-PA_run-03_epi.json	InstitutionalDepartmentName	"""Department"""	REMOVE
sub-049/ses-01/fmap/sub-049_ses-01_dir-PA_run-04_part-phase_epi.json	InstitutionalDepartmentName	"""Department"""	REMOVE
sub-049/ses-01/func/sub-049_ses-01_task-control_run-01_bold.json	InstitutionalDepartmentName	"""Department"""	REMOVE
sub-049/ses-01/func/sub-049_ses-01_task-control_run-01_part-phase_sbref.json	InstitutionalDepartmentName	"""Department"""	REMOVE
sub-049/ses-01/func/sub-049_ses-01_task-control_run-01_sbref.json	InstitutionalDepartmentName	"""Department"""	REMOVE
sub-049/ses-01/func/sub-049_ses-01_task-control_run-02_part-phase_bold.json	InstitutionalDepartmentName	"""Department"""	REMOVE
sub-049/ses-01/func/sub-049_ses-01_task-control_run-02_part-phase_sbref.json	InstitutionalDepartmentName	"""Department"""	REMOVE
sub-049/ses-01/func/sub-049_ses-01_task-control_run-02_sbref.json	InstitutionalDepartmentName	"""Department"""	REMOVE
sub-049/ses-01/func/sub-049_ses-01_task-control_run-03_bold.json	InstitutionalDepartmentName	"""Department"""	REMOVE
sub-049/ses-01/func/sub-049_ses-01_task-control_run-03_part-phase_sbref.json	InstitutionalDepartmentName	"""Department"""	REMOVE
sub-049/ses-01/func/sub-049_ses-01_task-control_run-03_sbref.json	InstitutionalDepartmentName	"""Department"""	REMOVE
sub-049/ses-01/func/sub-049_ses-01_task-control_run-04_part-phase_bold.json	InstitutionalDepartmentName	"""Department"""	REMOVE
sub-049/ses-01/func/sub-049_ses-01_task-control_run-05_bold.json	InstitutionalDepartmentName	"""Department"""	REMOVE
sub-049/ses-01/func/sub-049_ses-01_task-control_run-06_part-phase_bold.json	InstitutionalDepartmentName	"""Department"""	REMOVE
sub-049/ses-01/func/sub-049_ses-01_task-fmri_run-01_bold.json	InstitutionalDepartmentName	"""Department"""	REMOVE
sub-049/ses-01/func/sub-049_ses-01_task-fmri_run-01_part-phase_sbref.json	InstitutionalDepartmentName	"""Department"""	REMOVE
sub-049/ses-01/func/sub-049_ses-01_task-fmri_run-01_sbref.json	InstitutionalDepartmentName	"""Department"""	REMOVE
sub-049/ses-01/func/sub-049_ses-01_task-fmri_run-02_part-phase_bold.json	InstitutionalDepartmentName	"""Department"""	REMOVE
sub-049/ses-01/func/sub-049_ses-01_task-fmri_run-02_part-phase_sbref.json	InstitutionalDepartmentName	"""Department"""	REMOVE
sub-049/ses-01/func/sub-049_ses-01_task-fmri_run-02_sbref.json	InstitutionalDepartmentName	"""Department"""	REMOVE
sub-049/ses-01/func/sub-049_ses-01_task-fmri_run-03_bold.json	InstitutionalDepartmentName	"""Department"""	REMOVE
sub-049/ses-01/func/sub-049_ses-01_task-fmri_run-03_part-phase_sbref.json	InstitutionalDepartmentName	"""Department"""	REMOVE
sub-049/ses-01/func/sub-049_ses-01_task-fmri_run-03_sbref.json	InstitutionalDepartmentName	"""Department"""	REMOVE
sub-049/ses-01/func/sub-049_ses-01_task-fmri_run-04_part-phase_bold.json	InstitutionalDepartmentName	"""Department"""	REMOVE
sub-049/ses-01/func/sub-049_ses-01_task-fmri_run-04_part-phase_sbref.json	InstitutionalDepartmentName	"""Department"""	REMOVE
sub-049/ses-01/func/sub-049_ses-01_task-fmri_run-04_sbref.json	InstitutionalDepartmentName	"""Department"""	REMOVE
sub-049/ses-01/func/sub-049_ses-01_task-fmri_run-05_bold.json	InstitutionalDepartmentName	"""Department"""	REMOVE
sub-049/ses-01/func/sub-049_ses-01_task-fmri_run-06_part-phase_bold.json	InstitutionalDepartmentName	"""Department"""	REMOVE
sub-049/ses-01/func/sub-049_ses-01_task-fmri_run-07_bold.json	InstitutionalDepartmentName	"""Department"""	REMOVE
sub-049/ses-01/func/sub-049_ses-01_task-fmri_run-08_part-phase_bold.json	InstitutionalDepartmentName	"""Department"""	REMOVE
sub-049/ses-01/func/sub-049_ses-01_task-movie_run-01_bold.json	InstitutionalDepartmentName	"""Department"""	REMOVE
sub-049/ses-01/func/sub-049_ses-01_task-movie_run-01_part-phase_sbref.json	InstitutionalDepartmentName	"""Department"""	REMOVE
sub-049/ses-01/func/sub-049_ses-01_task-movie_run-01_sbref.json	InstitutionalDepartmentName	"""Department"""	REMOVE
sub-049/ses-01/func/sub-049_ses-01_task-movie_run-02_part-phase_bold.json	InstitutionalDepartmentName	"""Department"""	REMOVE
sub-049/ses-01/func/sub-049_ses-01_task-movie_run-02_part-phase_sbref.json	InstitutionalDepartmentName	"""Department"""	REMOVE
sub-049/ses-01/func/sub-049_ses-01_task-movie_run-02_sbref.json	InstitutionalDepartmentName	"""Department"""	REMOVE
sub-049/ses-01/func/sub-049_ses-01_task-movie_run-03_bold.json	InstitutionalDepartmentName	"""Department"""	REMOVE
sub-049/ses-01/func/sub-049_ses-01_task-movie_run-03_part-phase_sbref.json	InstitutionalDepartmentName	"""Department"""	REMOVE
sub-049/ses-01/func/sub-049_ses-01_task-movie_run-03_sbref.json	InstitutionalDepartmentName	"""Department"""	REMOVE
sub-049/ses-01/func/sub-049_ses-01_task-movie_run-04_part-phase_bold.json	InstitutionalDepartmentName	"""Department"""	REMOVE
sub-049/ses-01/func/sub-049_ses-01_task-movie_run-04_part-phase_sbref.json	InstitutionalDepartmentName	"""Department"""	REMOVE
sub-049/ses-01/func/sub-049_ses-01_task-movie_run-04_sbref.json	InstitutionalDepartmentName	"""Department"""	REMOVE
sub-049/ses-01/func/sub-049_ses-01_task-movie_run-05_bold.json	InstitutionalDepartmentName	"""Department"""	REMOVE
sub-049/ses-01/func/sub-049_ses-01_task-movie_run-06_part-phase_bold.json	InstitutionalDepartmentName	"""Department"""	REMOVE
sub-049/ses-01/func/sub-049_ses-01_task-movie_run-07_bold.json	InstitutionalDepartmentName	"""Department"""	REMOVE
sub-049/ses-01/func/sub-049_ses-01_task-movie_run-08_part-phase_bold.json	InstitutionalDepartmentName	"""Department"""	REMOVE
sub-049/ses-01/func/sub-049_ses-01_task-rest_run-01_bold.json	InstitutionalDepartmentName	"""Department"""	REMOVE
sub-049/ses-01/func/sub-049_ses-01_task-rest_run-01_part-phase_sbref.json	InstitutionalDepartmentName	"""Department"""	REMOVE
sub-049/ses-01/func/sub-049_ses-01_task-rest_run-01_sbref.json	InstitutionalDepartmentName	"""Department"""	REMOVE
sub-049/ses-01/func/sub-049_ses-01_task-rest_run-02_part-phase_bold.json	InstitutionalDepartmentName	"""Department"""	REMOVE
sub-049/ses-02/fmap/sub-049_ses-02_dir-AP_run-01_epi.json	InstitutionalDepartmentName	"""Department"""	REMOVE
sub-049/ses-02/fmap/sub-049_ses-02_dir-AP_run-02_part-phase_epi.json	InstitutionalDepartmentName	"""Department"""	REMOVE
sub-049/ses-02/fmap/sub-049_ses-02_dir-PA_run-01_epi.json	InstitutionalDepartmentName	"""Department"""	REMOVE
sub-049/ses-02/fmap/sub-049_ses-02_dir-PA_run-02_part-phase_epi.json	InstitutionalDepartmentName	"""Department"""	REMOVE
sub-049/ses-02/func/sub-049_ses-02_task-control_run-01_bold.json	InstitutionalDepartmentName	"""Department"""	REMOVE
sub-049/ses-02/func/sub-049_ses-02_task-control_run-01_part-phase_sbref.json	InstitutionalDepartmentName	"""Department"""	REMOVE
sub-049/ses-02/func/sub-049_ses-02_task-control_run-01_sbref.json	InstitutionalDepartmentName	"""Department"""	REMOVE
sub-049/ses-02/func/sub-049_ses-02_task-control_run-02_part-phase_bold.json	InstitutionalDepartmentName	"""Department"""	REMOVE
sub-049/ses-02/func/sub-049_ses-02_task-fmri_run-01_bold.json	InstitutionalDepartmentName	"""Department"""	REMOVE
sub-049/ses-02/func/sub-049_ses-02_task-fmri_run-01_part-phase_sbref.json	InstitutionalDepartmentName	"""Department"""	REMOVE
sub-049/ses-02/func/sub-049_ses-02_task-fmri_run-01_sbref.json	InstitutionalDepartmentName	"""Department"""	REMOVE
sub-049/ses-02/func/sub-049_ses-02_task-fmri_run-02_part-phase_bold.json	InstitutionalDepartmentName	"""Department"""	REMOVE
sub-049/ses-02/func/sub-049_ses-02_task-fmri_run-02_part-phase_sbref.json	InstitutionalDepartmentName	"""Department"""	REMOVE
sub-049/ses-02/func/sub-049_ses-02_task-fmri_run-02_sbref.json	InstitutionalDepartmentName	"""Department"""	REMOVE
sub-049/ses-02/func/sub-049_ses-02_task-fmri_run-03_bold.json	InstitutionalDepartmentName	"""Department"""	REMOVE
sub-049/ses-02/func/sub-049_ses-02_task-fmri_run-03_part-phase_sbref.json	InstitutionalDepartmentName	"""Department"""	REMOVE
sub-049/ses-02/func/sub-049_ses-02_task-fmri_run-03_sbref.json	InstitutionalDepartmentName	"""Department"""	REMOVE
sub-049/ses-02/func/sub-049_ses-02_task-fmri_run-04_part-phase_bold.json	InstitutionalDepartmentName	"""Department"""	REMOVE
sub-049/ses-02/func/sub-049_ses-02_task-fmri_run-04_part-phase_sbref.json	InstitutionalDepartmentName	"""Department"""	REMOVE
sub-049/ses-02/func/sub-049_ses-02_task-fmri_run-04_sbref.json	InstitutionalDepartmentName	"""Department"""	REMOVE
sub-049/ses-02/func/sub-049_ses-02_task-fmri_run-05_bold.json	InstitutionalDepartmentName	"""Department"""	REMOVE
sub-049/ses-02/func/sub-049_ses-02_task-fmri_run-06_part-phase_bold.json	InstitutionalDepartmentName	"""Department"""	REMOVE
sub-049/ses-02/func/sub-049_ses-02_task-fmri_run-07_bold.json	InstitutionalDepartmentName	"""Department"""	REMOVE
sub-049/ses-02/func/sub-049_ses-02_task-fmri_run-08_part-phase_bold.json	InstitutionalDepartmentName	"""Department"""	REMOVE
sub-049/ses-02/func/sub-049_ses-02_task-movie_run-01_bold.json	InstitutionalDepartmentName	"""Department"""	REMOVE
sub-049/ses-02/func/sub-049_ses-02_task-movie_run-01_part-phase_sbref.json	InstitutionalDepartmentName	"""Department"""	REMOVE
sub-049/ses-02/func/sub-049_ses-02_task-movie_run-01_sbref.json	InstitutionalDepartmentName	"""Department"""	REMOVE
sub-049/ses-02/func/sub-049_ses-02_task-movie_run-02_part-phase_bold.json	InstitutionalDepartmentName	"""Department"""	REMOVE
sub-049/ses-02/func/sub-049_ses-02_task-movie_run-02_part-phase_sbref.json	InstitutionalDepartmentName	"""Department"""	REMOVE
sub-049/ses-02/func/sub-049_ses-02_task-movie_run-02_sbref.json	InstitutionalDepartmentName	"""Department"""	REMOVE
sub-049/ses-02/func/sub-049_ses-02_task-movie_run-03_bold.json	InstitutionalDepartmentName	"""Department"""	REMOVE
sub-049/ses-02/func/sub-049_ses-02_task-movie_run-03_part-phase_sbref.json	InstitutionalDepartmentName	"""Department"""	REMOVE
sub-049/ses-02/func/sub-049_ses-02_task-movie_run-03_sbref.json	InstitutionalDepartmentName	"""Department"""	REMOVE
sub-049/ses-02/func/sub-049_ses-02_task-movie_run-04_part-phase_bold.json	InstitutionalDepartmentName	"""Department"""	REMOVE
sub-049/ses-02/func/sub-049_ses-02_task-movie_run-05_bold.json	InstitutionalDepartmentName	"""Department"""	REMOVE
sub-049/ses-02/func/sub-049_ses-02_task-movie_run-06_part-phase_bold.json	InstitutionalDepartmentName	"""Department"""	REMOVE
sub-050/ses-01/anat/sub-050_ses-01_run-01_FLAIR.json	InstitutionalDepartmentName	"""Department"""	REMOVE
sub-050/ses-01/anat/sub-050_ses-01_run-01_T1w.json	InstitutionalDepartmentName	"""Department"""	REMOVE
sub-050/ses-01/anat/sub-050_ses-01_run-01_TB1TFL.json	InstitutionalDepartmentName	"""Department"""	REMOVE
sub-050/ses-01/anat/sub-050_ses-01_run-02_T1w.json	InstitutionalDepartmentName	"""Department"""	REMOVE
sub-050/ses-01/anat/sub-050_ses-01_run-02_TB1TFL.json	InstitutionalDepartmentName	"""Department"""	REMOVE
sub-050/ses-01/anat/sub-050_ses-01_run-03_T1w.json	InstitutionalDepartmentName	"""Department"""	REMOVE
sub-050/ses-01/dwi/sub-050_ses-01_run-01_dwi.json	InstitutionalDepartmentName	"""Department"""	REMOVE
sub-050/ses-01/dwi/sub-050_ses-01_run-02_dwi.json	InstitutionalDepartmentName	"""Department"""	REMOVE
sub-050/ses-01/dwi/sub-050_ses-01_run-05_dwi.json	InstitutionalDepartmentName	"""Department"""	REMOVE
sub-050/ses-01/fmap/sub-050_ses-01_dir-AP_run-01_epi.json	InstitutionalDepartmentName	"""Department"""	REMOVE
sub-050/ses-01/fmap/sub-050_ses-01_dir-AP_run-02_part-phase_epi.json	InstitutionalDepartmentName	"""Department"""	REMOVE
sub-050/ses-01/fmap/sub-050_ses-01_dir-AP_run-03_epi.json	InstitutionalDepartmentName	"""Department"""	REMOVE
sub-050/ses-01/fmap/sub-050_ses-01_dir-AP_run-04_part-phase_epi.json	InstitutionalDepartmentName	"""Department"""	REMOVE
sub-050/ses-01/fmap/sub-050_ses-01_dir-PA_run-01_epi.json	InstitutionalDepartmentName	"""Department"""	REMOVE
sub-050/ses-01/fmap/sub-050_ses-01_dir-PA_run-02_part-phase_epi.json	InstitutionalDepartmentName	"""Department"""	REMOVE
sub-050/ses-01/fmap/sub-050_ses-01_dir-PA_run-03_epi.json	InstitutionalDepartmentName	"""Department"""	REMOVE
sub-050/ses-01/fmap/sub-050_ses-01_dir-PA_run-04_part-phase_epi.json	InstitutionalDepartmentName	"""Department"""	REMOVE
sub-050/ses-01/func/sub-050_ses-01_task-control_run-01_bold.json	InstitutionalDepartmentName	"""Department"""	REMOVE
sub-050/ses-01/func/sub-050_ses-01_task-control_run-01_part-phase_sbref.json	InstitutionalDepartmentName	"""Department"""	REMOVE
sub-050/ses-01/func/sub-050_ses-01_task-control_run-01_sbref.json	InstitutionalDepartmentName	"""Department"""	REMOVE
sub-050/ses-01/func/sub-050_ses-01_task-control_run-02_part-phase_bold.json	InstitutionalDepartmentName	"""Department"""	REMOVE
sub-050/ses-01/func/sub-050_ses-01_task-control_run-02_part-phase_sbref.json	InstitutionalDepartmentName	"""Department"""	REMOVE
sub-050/ses-01/func/sub-050_ses-01_task-control_run-02_sbref.json	InstitutionalDepartmentName	"""Department"""	REMOVE
sub-050/ses-01/func/sub-050_ses-01_task-control_run-03_bold.json	InstitutionalDepartmentName	"""Department"""	REMOVE
sub-050/ses-01/func/sub-050_ses-01_task-control_run-03_part-phase_sbref.json	InstitutionalDepartmentName	"""Department"""	REMOVE
sub-050/ses-01/func/sub-050_ses-01_task-control_run-03_sbref.json	InstitutionalDepartmentName	"""Department"""	REMOVE
sub-050/ses-01/func/sub-050_ses-01_task-control_run-04_part-phase_bold.json	InstitutionalDepartmentName	"""Department"""	REMOVE
sub-050/ses-01/func/sub-050_ses-01_task-control_run-05_bold.json	InstitutionalDepartmentName	"""Department"""	REMOVE
sub-050/ses-01/func/sub-050_ses-01_task-control_run-06_part-phase_bold.json	InstitutionalDepartmentName	"""Department"""	REMOVE
sub-050/ses-01/func/sub-050_ses-01_task-fmri_run-01_bold.json	InstitutionalDepartmentName	"""Department"""	REMOVE
sub-050/ses-01/func/sub-050_ses-01_task-fmri_run-01_part-phase_sbref.json	InstitutionalDepartmentName	"""Department"""	REMOVE
sub-050/ses-01/func/sub-050_ses-01_task-fmri_run-01_sbref.json	InstitutionalDepartmentName	"""Department"""	REMOVE
sub-050/ses-01/func/sub-050_ses-01_task-fmri_run-02_part-phase_bold.json	InstitutionalDepartmentName	"""Department"""	REMOVE
sub-050/ses-01/func/sub-050_ses-01_task-fmri_run-02_part-phase_sbref.json	InstitutionalDepartmentName	"""Department"""	REMOVE
sub-050/ses-01/func/sub-050_ses-01_task-fmri_run-02_sbref.json	InstitutionalDepartmentName	"""Department"""	REMOVE
sub-050/ses-01/func/sub-050_ses-01_task-fmri_run-03_bold.json	InstitutionalDepartmentName	"""Department"""	REMOVE
sub-050/ses-01/func/sub-050_ses-01_task-fmri_run-03_part-phase_sbref.json	InstitutionalDepartmentName	"""Department"""	REMOVE
sub-050/ses-01/func/sub-050_ses-01_task-fmri_run-03_sbref.json	InstitutionalDepartmentName	"""Department"""	REMOVE
sub-050/ses-01/func/sub-050_ses-01_task-fmri_run-04_part-phase_bold.json	InstitutionalDepartmentName	"""Department"""	REMOVE
sub-050/ses-01/func/sub-050_ses-01_task-fmri_run-04_part-phase_sbref.json	InstitutionalDepartmentName	"""Department"""	REMOVE
sub-050/ses-01/func/sub-050_ses-01_task-fmri_run-04_sbref.json	InstitutionalDepartmentName	"""Department"""	REMOVE
sub-050/ses-01/func/sub-050_ses-01_task-fmri_run-05_bold.json	InstitutionalDepartmentName	"""Department"""	REMOVE
sub-050/ses-01/func/sub-050_ses-01_task-fmri_run-06_part-phase_bold.json	InstitutionalDepartmentName	"""Department"""	REMOVE
sub-050/ses-01/func/sub-050_ses-01_task-fmri_run-07_bold.json	InstitutionalDepartmentName	"""Department"""	REMOVE
sub-050/ses-01/func/sub-050_ses-01_task-fmri_run-08_part-phase_bold.json	InstitutionalDepartmentName	"""Department"""	REMOVE
sub-050/ses-01/func/sub-050_ses-01_task-movie_run-01_bold.json	InstitutionalDepartmentName	"""Department"""	REMOVE
sub-050/ses-01/func/sub-050_ses-01_task-movie_run-01_part-phase_sbref.json	InstitutionalDepartmentName	"""Department"""	REMOVE
sub-050/ses-01/func/sub-050_ses-01_task-movie_run-01_sbref.json	InstitutionalDepartmentName	"""Department"""	REMOVE
sub-050/ses-01/func/sub-050_ses-01_task-movie_run-02_part-phase_bold.json	InstitutionalDepartmentName	"""Department"""	REMOVE
sub-050/ses-01/func/sub-050_ses-01_task-movie_run-02_part-phase_sbref.json	InstitutionalDepartmentName	"""Department"""	REMOVE
sub-050/ses-01/func/sub-050_ses-01_task-movie_run-02_sbref.json	InstitutionalDepartmentName	"""Department"""	REMOVE
sub-050/ses-01/func/sub-050_ses-01_task-movie_run-03_bold.json	InstitutionalDepartmentName	"""Department"""	REMOVE
sub-050/ses-01/func/sub-050_ses-01_task-movie_run-03_part-phase_sbref.json	InstitutionalDepartmentName	"""Department"""	REMOVE
sub-050/ses-01/func/sub-050_ses-01_task-movie_run-03_sbref.json	InstitutionalDepartmentName	"""Department"""	REMOVE
sub-050/ses-01/func/sub-050_ses-01_task-movie_run-04_part-phase_bold.json	InstitutionalDepartmentName	"""Department"""	REMOVE
sub-050/ses-01/func/sub-050_ses-01_task-movie_run-04_part-phase_sbref.json	InstitutionalDepartmentName	"""Department"""	REMOVE
sub-050/ses-01/func/sub-050_ses-01_task-movie_run-04_sbref.json	InstitutionalDepartmentName	"""Department"""	REMOVE
sub-050/ses-01/func/sub-050_ses-01_task-movie_run-05_bold.json	InstitutionalDepartmentName	"""Department"""	REMOVE
sub-050/ses-01/func/sub-050_ses-01_task-movie_run-06_part-phase_bold.json	InstitutionalDepartmentName	"""Department"""	REMOVE
sub-050/ses-01/func/sub-050_ses-01_task-movie_run-07_bold.json	InstitutionalDepartmentName	"""Department"""	REMOVE
sub-050/ses-01/func/sub-050_ses-01_task-movie_run-08_part-phase_bold.json	InstitutionalDepartmentName	"""Department"""	REMOVE
sub-050/ses-01/func/sub-050_ses-01_task-rest_run-01_bold.json	InstitutionalDepartmentName	"""Department"""	REMOVE
sub-050/ses-01/func/sub-050_ses-01_task-rest_run-01_part-phase_sbref.json	InstitutionalDepartmentName	"""Department"""	REMOVE
sub-050/ses-01/func/sub-050_ses-01_task-rest_run-01_sbref.json	InstitutionalDepartmentName	"""Department"""	REMOVE
sub-050/ses-01/func/sub-050_ses-01_task-rest_run-02_part-phase_bold.json	InstitutionalDepartmentName	"""Department"""	REMOVE
sub-051/ses-01/anat/sub-051_ses-01_run-01_FLAIR.json	InstitutionalDepartmentName	"""Department"""	REMOVE
sub-051/ses-01/anat/sub-051_ses-01_run-01_T1w.json	InstitutionalDepartmentName	"""Department"""	REMOVE
sub-051/ses-01/anat/sub-051_ses-01_run-01_TB1TFL.json	InstitutionalDepartmentName	"""Department"""	REMOVE
sub-051/ses-01/anat/sub-051_ses-01_run-02_T1w.json	InstitutionalDepartmentName	"""Department"""	REMOVE
sub-051/ses-01/anat/sub-051_ses-01_run-02_TB1TFL.json	InstitutionalDepartmentName	"""Department"""	REMOVE
sub-051/ses-01/anat/sub-051_ses-01_run-03_T1w.json	InstitutionalDepartmentName	"""Department"""	REMOVE
sub-051/ses-01/dwi/sub-051_ses-01_run-01_dwi.json	InstitutionalDepartmentName	"""Department"""	REMOVE
sub-051/ses-01/dwi/sub-051_ses-01_run-02_dwi.json	InstitutionalDepartmentName	"""Department"""	REMOVE
sub-051/ses-01/dwi/sub-051_ses-01_run-05_dwi.json	InstitutionalDepartmentName	"""Department"""	REMOVE
sub-051/ses-01/fmap/sub-051_ses-01_dir-AP_run-01_epi.json	InstitutionalDepartmentName	"""Department"""	REMOVE
sub-051/ses-01/fmap/sub-051_ses-01_dir-AP_run-02_part-phase_epi.json	InstitutionalDepartmentName	"""Department"""	REMOVE
sub-051/ses-01/fmap/sub-051_ses-01_dir-AP_run-03_epi.json	InstitutionalDepartmentName	"""Department"""	REMOVE
sub-051/ses-01/fmap/sub-051_ses-01_dir-AP_run-04_part-phase_epi.json	InstitutionalDepartmentName	"""Department"""	REMOVE
sub-051/ses-01/fmap/sub-051_ses-01_dir-PA_run-01_epi.json	InstitutionalDepartmentName	"""Department"""	REMOVE
sub-051/ses-01/fmap/sub-051_ses-01_dir-PA_run-02_part-phase_epi.json	InstitutionalDepartmentName	"""Department"""	REMOVE
sub-051/ses-01/fmap/sub-051_ses-01_dir-PA_run-03_epi.json	InstitutionalDepartmentName	"""Department"""	REMOVE
sub-051/ses-01/fmap/sub-051_ses-01_dir-PA_run-04_part-phase_epi.json	InstitutionalDepartmentName	"""Department"""	REMOVE
sub-051/ses-01/func/sub-051_ses-01_task-control_run-01_bold.json	InstitutionalDepartmentName	"""Department"""	REMOVE
sub-051/ses-01/func/sub-051_ses-01_task-control_run-01_part-phase_sbref.json	InstitutionalDepartmentName	"""Department"""	REMOVE
sub-051/ses-01/func/sub-051_ses-01_task-control_run-01_sbref.json	InstitutionalDepartmentName	"""Department"""	REMOVE
sub-051/ses-01/func/sub-051_ses-01_task-control_run-02_part-phase_bold.json	InstitutionalDepartmentName	"""Department"""	REMOVE
sub-051/ses-01/func/sub-051_ses-01_task-control_run-02_part-phase_sbref.json	InstitutionalDepartmentName	"""Department"""	REMOVE
sub-051/ses-01/func/sub-051_ses-01_task-control_run-02_sbref.json	InstitutionalDepartmentName	"""Department"""	REMOVE
sub-051/ses-01/func/sub-051_ses-01_task-control_run-03_bold.json	InstitutionalDepartmentName	"""Department"""	REMOVE
sub-051/ses-01/func/sub-051_ses-01_task-control_run-03_part-phase_sbref.json	InstitutionalDepartmentName	"""Department"""	REMOVE
sub-051/ses-01/func/sub-051_ses-01_task-control_run-03_sbref.json	InstitutionalDepartmentName	"""Department"""	REMOVE
sub-051/ses-01/func/sub-051_ses-01_task-control_run-04_part-phase_bold.json	InstitutionalDepartmentName	"""Department"""	REMOVE
sub-051/ses-01/func/sub-051_ses-01_task-control_run-05_bold.json	InstitutionalDepartmentName	"""Department"""	REMOVE
sub-051/ses-01/func/sub-051_ses-01_task-control_run-06_part-phase_bold.json	InstitutionalDepartmentName	"""Department"""	REMOVE
sub-051/ses-01/func/sub-051_ses-01_task-fmri_run-01_bold.json	InstitutionalDepartmentName	"""Department"""	REMOVE
sub-051/ses-01/func/sub-051_ses-01_task-fmri_run-01_part-phase_sbref.json	InstitutionalDepartmentName	"""Department"""	REMOVE
sub-051/ses-01/func/sub-051_ses-01_task-fmri_run-01_sbref.json	InstitutionalDepartmentName	"""Department"""	REMOVE
sub-051/ses-01/func/sub-051_ses-01_task-fmri_run-02_part-phase_bold.json	InstitutionalDepartmentName	"""Department"""	REMOVE
sub-051/ses-01/func/sub-051_ses-01_task-fmri_run-02_part-phase_sbref.json	InstitutionalDepartmentName	"""Department"""	REMOVE
sub-051/ses-01/func/sub-051_ses-01_task-fmri_run-02_sbref.json	InstitutionalDepartmentName	"""Department"""	REMOVE
sub-051/ses-01/func/sub-051_ses-01_task-fmri_run-03_bold.json	InstitutionalDepartmentName	"""Department"""	REMOVE
sub-051/ses-01/func/sub-051_ses-01_task-fmri_run-03_part-phase_sbref.json	InstitutionalDepartmentName	"""Department"""	REMOVE
sub-051/ses-01/func/sub-051_ses-01_task-fmri_run-03_sbref.json	InstitutionalDepartmentName	"""Department"""	REMOVE
sub-051/ses-01/func/sub-051_ses-01_task-fmri_run-04_part-phase_bold.json	InstitutionalDepartmentName	"""Department"""	REMOVE
sub-051/ses-01/func/sub-051_ses-01_task-fmri_run-04_part-phase_sbref.json	InstitutionalDepartmentName	"""Department"""	REMOVE
sub-051/ses-01/func/sub-051_ses-01_task-fmri_run-04_sbref.json	InstitutionalDepartmentName	"""Department"""	REMOVE
sub-051/ses-01/func/sub-051_ses-01_task-fmri_run-05_bold.json	InstitutionalDepartmentName	"""Department"""	REMOVE
sub-051/ses-01/func/sub-051_ses-01_task-fmri_run-06_part-phase_bold.json	InstitutionalDepartmentName	"""Department"""	REMOVE
sub-051/ses-01/func/sub-051_ses-01_task-fmri_run-07_bold.json	InstitutionalDepartmentName	"""Department"""	REMOVE
sub-051/ses-01/func/sub-051_ses-01_task-fmri_run-08_part-phase_bold.json	InstitutionalDepartmentName	"""Department"""	REMOVE
sub-051/ses-01/func/sub-051_ses-01_task-movie_run-01_bold.json	InstitutionalDepartmentName	"""Department"""	REMOVE
sub-051/ses-01/func/sub-051_ses-01_task-movie_run-01_part-phase_sbref.json	InstitutionalDepartmentName	"""Department"""	REMOVE
sub-051/ses-01/func/sub-051_ses-01_task-movie_run-01_sbref.json	InstitutionalDepartmentName	"""Department"""	REMOVE
sub-051/ses-01/func/sub-051_ses-01_task-movie_run-02_part-phase_bold.json	InstitutionalDepartmentName	"""Department"""	REMOVE
sub-051/ses-01/func/sub-051_ses-01_task-movie_run-02_part-phase_sbref.json	InstitutionalDepartmentName	"""Department"""	REMOVE
sub-051/ses-01/func/sub-051_ses-01_task-movie_run-02_sbref.json	InstitutionalDepartmentName	"""Department"""	REMOVE
sub-051/ses-01/func/sub-051_ses-01_task-movie_run-03_bold.json	InstitutionalDepartmentName	"""Department"""	REMOVE
sub-051/ses-01/func/sub-051_ses-01_task-movie_run-03_part-phase_sbref.json	InstitutionalDepartmentName	"""Department"""	REMOVE
sub-051/ses-01/func/sub-051_ses-01_task-movie_run-03_sbref.json	InstitutionalDepartmentName	"""Department"""	REMOVE
sub-051/ses-01/func/sub-051_ses-01_task-movie_run-04_part-phase_bold.json	InstitutionalDepartmentName	"""Department"""	REMOVE
sub-051/ses-01/func/sub-051_ses-01_task-movie_run-04_part-phase_sbref.json	InstitutionalDepartmentName	"""Department"""	REMOVE
sub-051/ses-01/func/sub-051_ses-01_task-movie_run-04_sbref.json	InstitutionalDepartmentName	"""Department"""	REMOVE
sub-051/ses-01/func/sub-051_ses-01_task-movie_run-05_bold.json	InstitutionalDepartmentName	"""Department"""	REMOVE
sub-051/ses-01/func/sub-051_ses-01_task-movie_run-06_part-phase_bold.json	InstitutionalDepartmentName	"""Department"""	REMOVE
sub-051/ses-01/func/sub-051_ses-01_task-movie_run-07_bold.json	InstitutionalDepartmentName	"""Department"""	REMOVE
sub-051/ses-01/func/sub-051_ses-01_task-movie_run-08_part-phase_bold.json	InstitutionalDepartmentName	"""Department"""	REMOVE
sub-051/ses-01/func/sub-051_ses-01_task-rest_run-01_bold.json	InstitutionalDepartmentName	"""Department"""	REMOVE
sub-051/ses-01/func/sub-051_ses-01_task-rest_run-01_part-phase_sbref.json	InstitutionalDepartmentName	"""Department"""	REMOVE
sub-051/ses-01/func/sub-051_ses-01_task-rest_run-01_sbref.json	InstitutionalDepartmentName	"""Department"""	REMOVE
sub-051/ses-01/func/sub-051_ses-01_task-rest_run-02_part-phase_bold.json	InstitutionalDepartmentName	"""Department"""	REMOVE
sub-052/ses-01/anat/sub-052_ses-01_run-01_FLAIR.json	InstitutionalDepartmentName	"""Department"""	REMOVE
sub-052/ses-01/anat/sub-052_ses-01_run-01_T1w.json	InstitutionalDepartmentName	"""Department"""	REMOVE
sub-052/ses-01/anat/sub-052_ses-01_run-01_TB1TFL.json	InstitutionalDepartmentName	"""Department"""	REMOVE
sub-052/ses-01/anat/sub-052_ses-01_run-02_T1w.json	InstitutionalDepartmentName	"""Department"""	REMOVE
sub-052/ses-01/anat/sub-052_ses-01_run-02_TB1TFL.json	InstitutionalDepartmentName	"""Department"""	REMOVE
sub-052/ses-01/dwi/sub-052_ses-01_run-01_dwi.json	InstitutionalDepartmentName	"""Department"""	REMOVE
sub-052/ses-01/dwi/sub-052_ses-01_run-02_dwi.json	InstitutionalDepartmentName	"""Department"""	REMOVE
sub-052/ses-01/dwi/sub-052_ses-01_run-05_dwi.json	InstitutionalDepartmentName	"""Department"""	REMOVE
sub-052/ses-01/fmap/sub-052_ses-01_dir-AP_run-01_epi.json	InstitutionalDepartmentName	"""Department"""	REMOVE
sub-052/ses-01/fmap/sub-052_ses-01_dir-AP_run-02_part-phase_epi.json	InstitutionalDepartmentName	"""Department"""	REMOVE
sub-052/ses-01/fmap/sub-052_ses-01_dir-AP_run-03_epi.json	InstitutionalDepartmentName	"""Department"""	REMOVE
sub-052/ses-01/fmap/sub-052_ses-01_dir-AP_run-04_part-phase_epi.json	InstitutionalDepartmentName	"""Department"""	REMOVE
sub-052/ses-01/fmap/sub-052_ses-01_dir-PA_run-01_epi.json	InstitutionalDepartmentName	"""Department"""	REMOVE
sub-052/ses-01/fmap/sub-052_ses-01_dir-PA_run-02_part-phase_epi.json	InstitutionalDepartmentName	"""Department"""	REMOVE
sub-052/ses-01/fmap/sub-052_ses-01_dir-PA_run-03_epi.json	InstitutionalDepartmentName	"""Department"""	REMOVE
sub-052/ses-01/fmap/sub-052_ses-01_dir-PA_run-04_part-phase_epi.json	InstitutionalDepartmentName	"""Department"""	REMOVE
sub-052/ses-01/func/sub-052_ses-01_task-control_run-01_bold.json	InstitutionalDepartmentName	"""Department"""	REMOVE
sub-052/ses-01/func/sub-052_ses-01_task-control_run-01_part-phase_sbref.json	InstitutionalDepartmentName	"""Department"""	REMOVE
sub-052/ses-01/func/sub-052_ses-01_task-control_run-01_sbref.json	InstitutionalDepartmentName	"""Department"""	REMOVE
sub-052/ses-01/func/sub-052_ses-01_task-control_run-02_part-phase_bold.json	InstitutionalDepartmentName	"""Department"""	REMOVE
sub-052/ses-01/func/sub-052_ses-01_task-control_run-02_part-phase_sbref.json	InstitutionalDepartmentName	"""Department"""	REMOVE
sub-052/ses-01/func/sub-052_ses-01_task-control_run-02_sbref.json	InstitutionalDepartmentName	"""Department"""	REMOVE
sub-052/ses-01/func/sub-052_ses-01_task-control_run-03_bold.json	InstitutionalDepartmentName	"""Department"""	REMOVE
sub-052/ses-01/func/sub-052_ses-01_task-control_run-03_part-phase_sbref.json	InstitutionalDepartmentName	"""Department"""	REMOVE
sub-052/ses-01/func/sub-052_ses-01_task-control_run-03_sbref.json	InstitutionalDepartmentName	"""Department"""	REMOVE
sub-052/ses-01/func/sub-052_ses-01_task-control_run-04_part-phase_bold.json	InstitutionalDepartmentName	"""Department"""	REMOVE
sub-052/ses-01/func/sub-052_ses-01_task-control_run-05_bold.json	InstitutionalDepartmentName	"""Department"""	REMOVE
sub-052/ses-01/func/sub-052_ses-01_task-control_run-06_part-phase_bold.json	InstitutionalDepartmentName	"""Department"""	REMOVE
sub-052/ses-01/func/sub-052_ses-01_task-fmri_run-01_bold.json	InstitutionalDepartmentName	"""Department"""	REMOVE
sub-052/ses-01/func/sub-052_ses-01_task-fmri_run-01_part-phase_sbref.json	InstitutionalDepartmentName	"""Department"""	REMOVE
sub-052/ses-01/func/sub-052_ses-01_task-fmri_run-01_sbref.json	InstitutionalDepartmentName	"""Department"""	REMOVE
sub-052/ses-01/func/sub-052_ses-01_task-fmri_run-02_part-phase_bold.json	InstitutionalDepartmentName	"""Department"""	REMOVE
sub-052/ses-01/func/sub-052_ses-01_task-fmri_run-02_part-phase_sbref.json	InstitutionalDepartmentName	"""Department"""	REMOVE
sub-052/ses-01/func/sub-052_ses-01_task-fmri_run-02_sbref.json	InstitutionalDepartmentName	"""Department"""	REMOVE
sub-052/ses-01/func/sub-052_ses-01_task-fmri_run-03_bold.json	InstitutionalDepartmentName	"""Department"""	REMOVE
sub-052/ses-01/func/sub-052_ses-01_task-fmri_run-03_part-phase_sbref.json	InstitutionalDepartmentName	"""Department"""	REMOVE
sub-052/ses-01/func/sub-052_ses-01_task-fmri_run-03_sbref.json	InstitutionalDepartmentName	"""Department"""	REMOVE
sub-052/ses-01/func/sub-052_ses-01_task-fmri_run-04_part-phase_bold.json	InstitutionalDepartmentName	"""Department"""	REMOVE
sub-052/ses-01/func/sub-052_ses-01_task-fmri_run-04_part-phase_sbref.json	InstitutionalDepartmentName	"""Department"""	REMOVE
sub-052/ses-01/func/sub-052_ses-01_task-fmri_run-04_sbref.json	InstitutionalDepartmentName	"""Department"""	REMOVE
sub-052/ses-01/func/sub-052_ses-01_task-fmri_run-05_bold.json	InstitutionalDepartmentName	"""Department"""	REMOVE
sub-052/ses-01/func/sub-052_ses-01_task-fmri_run-06_part-phase_bold.json	InstitutionalDepartmentName	"""Department"""	REMOVE
sub-052/ses-01/func/sub-052_ses-01_task-fmri_run-07_bold.json	InstitutionalDepartmentName	"""Department"""	REMOVE
sub-052/ses-01/func/sub-052_ses-01_task-fmri_run-08_part-phase_bold.json	InstitutionalDepartmentName	"""Department"""	REMOVE
sub-052/ses-01/func/sub-052_ses-01_task-movie_run-01_bold.json	InstitutionalDepartmentName	"""Department"""	REMOVE
sub-052/ses-01/func/sub-052_ses-01_task-movie_run-01_part-phase_sbref.json	InstitutionalDepartmentName	"""Department"""	REMOVE
sub-052/ses-01/func/sub-052_ses-01_task-movie_run-01_sbref.json	InstitutionalDepartmentName	"""Department"""	REMOVE
sub-052/ses-01/func/sub-052_ses-01_task-movie_run-02_part-phase_bold.json	InstitutionalDepartmentName	"""Department"""	REMOVE
sub-052/ses-01/func/sub-052_ses-01_task-movie_run-02_part-phase_sbref.json	InstitutionalDepartmentName	"""Department"""	REMOVE
sub-052/ses-01/func/sub-052_ses-01_task-movie_run-02_sbref.json	InstitutionalDepartmentName	"""Department"""	REMOVE
sub-052/ses-01/func/sub-052_ses-01_task-movie_run-03_bold.json	InstitutionalDepartmentName	"""Department"""	REMOVE
sub-052/ses-01/func/sub-052_ses-01_task-movie_run-03_part-phase_sbref.json	InstitutionalDepartmentName	"""Department"""	REMOVE
sub-052/ses-01/func/sub-052_ses-01_task-movie_run-03_sbref.json	InstitutionalDepartmentName	"""Department"""	REMOVE
sub-052/ses-01/func/sub-052_ses-01_task-movie_run-04_part-phase_bold.json	InstitutionalDepartmentName	"""Department"""	REMOVE
sub-052/ses-01/func/sub-052_ses-01_task-movie_run-04_part-phase_sbref.json	InstitutionalDepartmentName	"""Department"""	REMOVE
sub-052/ses-01/func/sub-052_ses-01_task-movie_run-04_sbref.json	InstitutionalDepartmentName	"""Department"""	REMOVE
sub-052/ses-01/func/sub-052_ses-01_task-movie_run-05_bold.json	InstitutionalDepartmentName	"""Department"""	REMOVE
sub-052/ses-01/func/sub-052_ses-01_task-movie_run-06_part-phase_bold.json	InstitutionalDepartmentName	"""Department"""	REMOVE
sub-052/ses-01/func/sub-052_ses-01_task-movie_run-07_bold.json	InstitutionalDepartmentName	"""Department"""	REMOVE
sub-052/ses-01/func/sub-052_ses-01_task-movie_run-08_part-phase_bold.json	InstitutionalDepartmentName	"""Department"""	REMOVE
sub-052/ses-01/func/sub-052_ses-01_task-rest_run-01_bold.json	InstitutionalDepartmentName	"""Department"""	REMOVE
sub-052/ses-01/func/sub-052_ses-01_task-rest_run-01_part-phase_sbref.json	InstitutionalDepartmentName	"""Department"""	REMOVE
sub-052/ses-01/func/sub-052_ses-01_task-rest_run-01_sbref.json	InstitutionalDepartmentName	"""Department"""	REMOVE
sub-052/ses-01/func/sub-052_ses-01_task-rest_run-02_part-phase_bold.json	InstitutionalDepartmentName	"""Department"""	REMOVE
sub-052/ses-02/anat/sub-052_ses-02_run-01_FLAIR.json	InstitutionalDepartmentName	"""Department"""	REMOVE
sub-052/ses-02/anat/sub-052_ses-02_run-01_T1w.json	InstitutionalDepartmentName	"""Department"""	REMOVE
sub-052/ses-02/anat/sub-052_ses-02_run-01_TB1TFL.json	InstitutionalDepartmentName	"""Department"""	REMOVE
sub-052/ses-02/anat/sub-052_ses-02_run-02_T1w.json	InstitutionalDepartmentName	"""Department"""	REMOVE
sub-052/ses-02/anat/sub-052_ses-02_run-02_TB1TFL.json	InstitutionalDepartmentName	"""Department"""	REMOVE
sub-052/ses-02/anat/sub-052_ses-02_run-03_T1w.json	InstitutionalDepartmentName	"""Department"""	REMOVE
sub-052/ses-02/dwi/sub-052_ses-02_run-01_dwi.json	InstitutionalDepartmentName	"""Department"""	REMOVE
sub-052/ses-02/dwi/sub-052_ses-02_run-02_dwi.json	InstitutionalDepartmentName	"""Department"""	REMOVE
sub-052/ses-02/dwi/sub-052_ses-02_run-05_dwi.json	InstitutionalDepartmentName	"""Department"""	REMOVE
sub-052/ses-02/fmap/sub-052_ses-02_dir-AP_run-01_epi.json	InstitutionalDepartmentName	"""Department"""	REMOVE
sub-052/ses-02/fmap/sub-052_ses-02_dir-AP_run-02_part-phase_epi.json	InstitutionalDepartmentName	"""Department"""	REMOVE
sub-052/ses-02/fmap/sub-052_ses-02_dir-AP_run-03_epi.json	InstitutionalDepartmentName	"""Department"""	REMOVE
sub-052/ses-02/fmap/sub-052_ses-02_dir-AP_run-04_part-phase_epi.json	InstitutionalDepartmentName	"""Department"""	REMOVE
sub-052/ses-02/fmap/sub-052_ses-02_dir-PA_run-01_epi.json	InstitutionalDepartmentName	"""Department"""	REMOVE
sub-052/ses-02/fmap/sub-052_ses-02_dir-PA_run-02_part-phase_epi.json	InstitutionalDepartmentName	"""Department"""	REMOVE
sub-052/ses-02/fmap/sub-052_ses-02_dir-PA_run-03_epi.json	InstitutionalDepartmentName	"""Department"""	REMOVE
sub-052/ses-02/fmap/sub-052_ses-02_dir-PA_run-04_part-phase_epi.json	InstitutionalDepartmentName	"""Department"""	REMOVE
sub-052/ses-02/func/sub-052_ses-02_task-control_run-01_bold.json	InstitutionalDepartmentName	"""Department"""	REMOVE
sub-052/ses-02/func/sub-052_ses-02_task-control_run-01_part-phase_sbref.json	InstitutionalDepartmentName	"""Department"""	REMOVE
sub-052/ses-02/func/sub-052_ses-02_task-control_run-01_sbref.json	InstitutionalDepartmentName	"""Department"""	REMOVE
sub-052/ses-02/func/sub-052_ses-02_task-control_run-02_part-phase_bold.json	InstitutionalDepartmentName	"""Department"""	REMOVE
sub-052/ses-02/func/sub-052_ses-02_task-control_run-02_part-phase_sbref.json	InstitutionalDepartmentName	"""Department"""	REMOVE
sub-052/ses-02/func/sub-052_ses-02_task-control_run-02_sbref.json	InstitutionalDepartmentName	"""Department"""	REMOVE
sub-052/ses-02/func/sub-052_ses-02_task-control_run-03_bold.json	InstitutionalDepartmentName	"""Department"""	REMOVE
sub-052/ses-02/func/sub-052_ses-02_task-control_run-03_part-phase_sbref.json	InstitutionalDepartmentName	"""Department"""	REMOVE
sub-052/ses-02/func/sub-052_ses-02_task-control_run-03_sbref.json	InstitutionalDepartmentName	"""Department"""	REMOVE
sub-052/ses-02/func/sub-052_ses-02_task-control_run-04_part-phase_bold.json	InstitutionalDepartmentName	"""Department"""	REMOVE
sub-052/ses-02/func/sub-052_ses-02_task-control_run-05_bold.json	InstitutionalDepartmentName	"""Department"""	REMOVE
sub-052/ses-02/func/sub-052_ses-02_task-control_run-06_part-phase_bold.json	InstitutionalDepartmentName	"""Department"""	REMOVE
sub-052/ses-02/func/sub-052_ses-02_task-fmri_run-01_bold.json	InstitutionalDepartmentName	"""Department"""	REMOVE
sub-052/ses-02/func/sub-052_ses-02_task-fmri_run-01_part-phase_sbref.json	InstitutionalDepartmentName	"""Department"""	REMOVE
sub-052/ses-02/func/sub-052_ses-02_task-fmri_run-01_sbref.json	InstitutionalDepartmentName	"""Department"""	REMOVE
sub-052/ses-02/func/sub-052_ses-02_task-fmri_run-02_part-phase_bold.json	InstitutionalDepartmentName	"""Department"""	REMOVE
sub-052/ses-02/func/sub-052_ses-02_task-fmri_run-02_part-phase_sbref.json	InstitutionalDepartmentName	"""Department"""	REMOVE
sub-052/ses-02/func/sub-052_ses-02_task-fmri_run-02_sbref.json	InstitutionalDepartmentName	"""Department"""	REMOVE
sub-052/ses-02/func/sub-052_ses-02_task-fmri_run-03_bold.json	InstitutionalDepartmentName	"""Department"""	REMOVE
sub-052/ses-02/func/sub-052_ses-02_task-fmri_run-03_part-phase_sbref.json	InstitutionalDepartmentName	"""Department"""	REMOVE
sub-052/ses-02/func/sub-052_ses-02_task-fmri_run-03_sbref.json	InstitutionalDepartmentName	"""Department"""	REMOVE
sub-052/ses-02/func/sub-052_ses-02_task-fmri_run-04_part-phase_bold.json	InstitutionalDepartmentName	"""Department"""	REMOVE
sub-052/ses-02/func/sub-052_ses-02_task-fmri_run-04_part-phase_sbref.json	InstitutionalDepartmentName	"""Department"""	REMOVE
sub-052/ses-02/func/sub-052_ses-02_task-fmri_run-04_sbref.json	InstitutionalDepartmentName	"""Department"""	REMOVE
sub-052/ses-02/func/sub-052_ses-02_task-fmri_run-05_bold.json	InstitutionalDepartmentName	"""Department"""	REMOVE
sub-052/ses-02/func/sub-052_ses-02_task-fmri_run-06_part-phase_bold.json	InstitutionalDepartmentName	"""Department"""	REMOVE
sub-052/ses-02/func/sub-052_ses-02_task-fmri_run-07_bold.json	InstitutionalDepartmentName	"""Department"""	REMOVE
sub-052/ses-02/func/sub-052_ses-02_task-fmri_run-08_part-phase_bold.json	InstitutionalDepartmentName	"""Department"""	REMOVE
sub-052/ses-02/func/sub-052_ses-02_task-movie_run-01_bold.json	InstitutionalDepartmentName	"""Department"""	REMOVE
sub-052/ses-02/func/sub-052_ses-02_task-movie_run-01_part-phase_sbref.json	InstitutionalDepartmentName	"""Department"""	REMOVE
sub-052/ses-02/func/sub-052_ses-02_task-movie_run-01_sbref.json	InstitutionalDepartmentName	"""Department"""	REMOVE
sub-052/ses-02/func/sub-052_ses-02_task-movie_run-02_part-phase_bold.json	InstitutionalDepartmentName	"""Department"""	REMOVE
sub-052/ses-02/func/sub-052_ses-02_task-movie_run-02_part-phase_sbref.json	InstitutionalDepartmentName	"""Department"""	REMOVE
sub-052/ses-02/func/sub-052_ses-02_task-movie_run-02_sbref.json	InstitutionalDepartmentName	"""Department"""	REMOVE
sub-052/ses-02/func/sub-052_ses-02_task-movie_run-03_bold.json	InstitutionalDepartmentName	"""Department"""	REMOVE
sub-052/ses-02/func/sub-052_ses-02_task-movie_run-03_part-phase_sbref.json	InstitutionalDepartmentName	"""Department"""	REMOVE
sub-052/ses-02/func/sub-052_ses-02_task-movie_run-03_sbref.json	InstitutionalDepartmentName	"""Department"""	REMOVE
sub-052/ses-02/func/sub-052_ses-02_task-movie_run-04_part-phase_bold.json	InstitutionalDepartmentName	"""Department"""	REMOVE
sub-052/ses-02/func/sub-052_ses-02_task-movie_run-04_part-phase_sbref.json	InstitutionalDepartmentName	"""Department"""	REMOVE
sub-052/ses-02/func/sub-052_ses-02_task-movie_run-04_sbref.json	InstitutionalDepartmentName	"""Department"""	REMOVE
sub-052/ses-02/func/sub-052_ses-02_task-movie_run-05_bold.json	InstitutionalDepartmentName	"""Department"""	REMOVE
sub-052/ses-02/func/sub-052_ses-02_task-movie_run-06_part-phase_bold.json	InstitutionalDepartmentName	"""Department"""	REMOVE
sub-052/ses-02/func/sub-052_ses-02_task-movie_run-07_bold.json	InstitutionalDepartmentName	"""Department"""	REMOVE
sub-052/ses-02/func/sub-052_ses-02_task-movie_run-08_part-phase_bold.json	InstitutionalDepartmentName	"""Department"""	REMOVE
sub-052/ses-02/func/sub-052_ses-02_task-rest_run-01_bold.json	InstitutionalDepartmentName	"""Department"""	REMOVE
sub-052/ses-02/func/sub-052_ses-02_task-rest_run-01_part-phase_sbref.json	InstitutionalDepartmentName	"""Department"""	REMOVE
sub-052/ses-02/func/sub-052_ses-02_task-rest_run-01_sbref.json	InstitutionalDepartmentName	"""Department"""	REMOVE
sub-052/ses-02/func/sub-052_ses-02_task-rest_run-02_part-phase_bold.json	InstitutionalDepartmentName	"""Department"""	REMOVE
sub-053/ses-01/anat/sub-053_ses-01_run-01_FLAIR.json	InstitutionalDepartmentName	"""Department"""	REMOVE
sub-053/ses-01/anat/sub-053_ses-01_run-01_T1w.json	InstitutionalDepartmentName	"""Department"""	REMOVE
sub-053/ses-01/anat/sub-053_ses-01_run-01_TB1TFL.json	InstitutionalDepartmentName	"""Department"""	REMOVE
sub-053/ses-01/anat/sub-053_ses-01_run-02_T1w.json	InstitutionalDepartmentName	"""Department"""	REMOVE
sub-053/ses-01/anat/sub-053_ses-01_run-02_TB1TFL.json	InstitutionalDepartmentName	"""Department"""	REMOVE
sub-053/ses-01/anat/sub-053_ses-01_run-03_T1w.json	InstitutionalDepartmentName	"""Department"""	REMOVE
sub-053/ses-01/dwi/sub-053_ses-01_run-01_dwi.json	InstitutionalDepartmentName	"""Department"""	REMOVE
sub-053/ses-01/dwi/sub-053_ses-01_run-02_dwi.json	InstitutionalDepartmentName	"""Department"""	REMOVE
sub-053/ses-01/dwi/sub-053_ses-01_run-05_dwi.json	InstitutionalDepartmentName	"""Department"""	REMOVE
sub-053/ses-01/fmap/sub-053_ses-01_dir-AP_run-01_epi.json	InstitutionalDepartmentName	"""Department"""	REMOVE
sub-053/ses-01/fmap/sub-053_ses-01_dir-AP_run-02_part-phase_epi.json	InstitutionalDepartmentName	"""Department"""	REMOVE
sub-053/ses-01/fmap/sub-053_ses-01_dir-AP_run-03_epi.json	InstitutionalDepartmentName	"""Department"""	REMOVE
sub-053/ses-01/fmap/sub-053_ses-01_dir-AP_run-04_part-phase_epi.json	InstitutionalDepartmentName	"""Department"""	REMOVE
sub-053/ses-01/fmap/sub-053_ses-01_dir-PA_run-01_epi.json	InstitutionalDepartmentName	"""Department"""	REMOVE
sub-053/ses-01/fmap/sub-053_ses-01_dir-PA_run-02_part-phase_epi.json	InstitutionalDepartmentName	"""Department"""	REMOVE
sub-053/ses-01/fmap/sub-053_ses-01_dir-PA_run-03_epi.json	InstitutionalDepartmentName	"""Department"""	REMOVE
sub-053/ses-01/fmap/sub-053_ses-01_dir-PA_run-04_part-phase_epi.json	InstitutionalDepartmentName	"""Department"""	REMOVE
sub-053/ses-01/func/sub-053_ses-01_task-control_run-01_bold.json	InstitutionalDepartmentName	"""Department"""	REMOVE
sub-053/ses-01/func/sub-053_ses-01_task-control_run-01_part-phase_sbref.json	InstitutionalDepartmentName	"""Department"""	REMOVE
sub-053/ses-01/func/sub-053_ses-01_task-control_run-01_sbref.json	InstitutionalDepartmentName	"""Department"""	REMOVE
sub-053/ses-01/func/sub-053_ses-01_task-control_run-02_part-phase_bold.json	InstitutionalDepartmentName	"""Department"""	REMOVE
sub-053/ses-01/func/sub-053_ses-01_task-control_run-02_part-phase_sbref.json	InstitutionalDepartmentName	"""Department"""	REMOVE
sub-053/ses-01/func/sub-053_ses-01_task-control_run-02_sbref.json	InstitutionalDepartmentName	"""Department"""	REMOVE
sub-053/ses-01/func/sub-053_ses-01_task-control_run-03_bold.json	InstitutionalDepartmentName	"""Department"""	REMOVE
sub-053/ses-01/func/sub-053_ses-01_task-control_run-04_part-phase_bold.json	InstitutionalDepartmentName	"""Department"""	REMOVE
sub-053/ses-01/func/sub-053_ses-01_task-fmri_run-01_bold.json	InstitutionalDepartmentName	"""Department"""	REMOVE
sub-053/ses-01/func/sub-053_ses-01_task-fmri_run-01_part-phase_sbref.json	InstitutionalDepartmentName	"""Department"""	REMOVE
sub-053/ses-01/func/sub-053_ses-01_task-fmri_run-01_sbref.json	InstitutionalDepartmentName	"""Department"""	REMOVE
sub-053/ses-01/func/sub-053_ses-01_task-fmri_run-02_part-phase_bold.json	InstitutionalDepartmentName	"""Department"""	REMOVE
sub-053/ses-01/func/sub-053_ses-01_task-fmri_run-02_part-phase_sbref.json	InstitutionalDepartmentName	"""Department"""	REMOVE
sub-053/ses-01/func/sub-053_ses-01_task-fmri_run-02_sbref.json	InstitutionalDepartmentName	"""Department"""	REMOVE
sub-053/ses-01/func/sub-053_ses-01_task-fmri_run-03_bold.json	InstitutionalDepartmentName	"""Department"""	REMOVE
sub-053/ses-01/func/sub-053_ses-01_task-fmri_run-03_part-phase_sbref.json	InstitutionalDepartmentName	"""Department"""	REMOVE
sub-053/ses-01/func/sub-053_ses-01_task-fmri_run-03_sbref.json	InstitutionalDepartmentName	"""Department"""	REMOVE
sub-053/ses-01/func/sub-053_ses-01_task-fmri_run-04_part-phase_bold.json	InstitutionalDepartmentName	"""Department"""	REMOVE
sub-053/ses-01/func/sub-053_ses-01_task-fmri_run-04_part-phase_sbref.json	InstitutionalDepartmentName	"""Department"""	REMOVE
sub-053/ses-01/func/sub-053_ses-01_task-fmri_run-04_sbref.json	InstitutionalDepartmentName	"""Department"""	REMOVE
sub-053/ses-01/func/sub-053_ses-01_task-fmri_run-05_bold.json	InstitutionalDepartmentName	"""Department"""	REMOVE
sub-053/ses-01/func/sub-053_ses-01_task-fmri_run-06_part-phase_bold.json	InstitutionalDepartmentName	"""Department"""	REMOVE
sub-053/ses-01/func/sub-053_ses-01_task-fmri_run-07_bold.json	InstitutionalDepartmentName	"""Department"""	REMOVE
sub-053/ses-01/func/sub-053_ses-01_task-fmri_run-08_part-phase_bold.json	InstitutionalDepartmentName	"""Department"""	REMOVE
sub-053/ses-01/func/sub-053_ses-01_task-movie_run-01_bold.json	InstitutionalDepartmentName	"""Department"""	REMOVE
sub-053/ses-01/func/sub-053_ses-01_task-movie_run-01_part-phase_sbref.json	InstitutionalDepartmentName	"""Department"""	REMOVE
sub-053/ses-01/func/sub-053_ses-01_task-movie_run-01_sbref.json	InstitutionalDepartmentName	"""Department"""	REMOVE
sub-053/ses-01/func/sub-053_ses-01_task-movie_run-02_part-phase_bold.json	InstitutionalDepartmentName	"""Department"""	REMOVE
sub-053/ses-01/func/sub-053_ses-01_task-movie_run-02_part-phase_sbref.json	InstitutionalDepartmentName	"""Department"""	REMOVE
sub-053/ses-01/func/sub-053_ses-01_task-movie_run-02_sbref.json	InstitutionalDepartmentName	"""Department"""	REMOVE
sub-053/ses-01/func/sub-053_ses-01_task-movie_run-03_bold.json	InstitutionalDepartmentName	"""Department"""	REMOVE
sub-053/ses-01/func/sub-053_ses-01_task-movie_run-03_part-phase_sbref.json	InstitutionalDepartmentName	"""Department"""	REMOVE
sub-053/ses-01/func/sub-053_ses-01_task-movie_run-03_sbref.json	InstitutionalDepartmentName	"""Department"""	REMOVE
sub-053/ses-01/func/sub-053_ses-01_task-movie_run-04_part-phase_bold.json	InstitutionalDepartmentName	"""Department"""	REMOVE
sub-053/ses-01/func/sub-053_ses-01_task-movie_run-04_part-phase_sbref.json	InstitutionalDepartmentName	"""Department"""	REMOVE
sub-053/ses-01/func/sub-053_ses-01_task-movie_run-04_sbref.json	InstitutionalDepartmentName	"""Department"""	REMOVE
sub-053/ses-01/func/sub-053_ses-01_task-movie_run-05_bold.json	InstitutionalDepartmentName	"""Department"""	REMOVE
sub-053/ses-01/func/sub-053_ses-01_task-movie_run-06_part-phase_bold.json	InstitutionalDepartmentName	"""Department"""	REMOVE
sub-053/ses-01/func/sub-053_ses-01_task-movie_run-07_bold.json	InstitutionalDepartmentName	"""Department"""	REMOVE
sub-053/ses-01/func/sub-053_ses-01_task-movie_run-08_part-phase_bold.json	InstitutionalDepartmentName	"""Department"""	REMOVE
sub-053/ses-01/func/sub-053_ses-01_task-rest_run-01_bold.json	InstitutionalDepartmentName	"""Department"""	REMOVE
sub-053/ses-01/func/sub-053_ses-01_task-rest_run-01_part-phase_sbref.json	InstitutionalDepartmentName	"""Department"""	REMOVE
sub-053/ses-01/func/sub-053_ses-01_task-rest_run-01_sbref.json	InstitutionalDepartmentName	"""Department"""	REMOVE
sub-053/ses-01/func/sub-053_ses-01_task-rest_run-02_part-phase_bold.json	InstitutionalDepartmentName	"""Department"""	REMOVE
sub-054/ses-01/anat/sub-054_ses-01_run-01_FLAIR.json	InstitutionalDepartmentName	"""Department"""	REMOVE
sub-054/ses-01/anat/sub-054_ses-01_run-01_T1w.json	InstitutionalDepartmentName	"""Department"""	REMOVE
sub-054/ses-01/anat/sub-054_ses-01_run-01_TB1TFL.json	InstitutionalDepartmentName	"""Department"""	REMOVE
sub-054/ses-01/anat/sub-054_ses-01_run-02_T1w.json	InstitutionalDepartmentName	"""Department"""	REMOVE
sub-054/ses-01/anat/sub-054_ses-01_run-02_TB1TFL.json	InstitutionalDepartmentName	"""Department"""	REMOVE
sub-054/ses-01/dwi/sub-054_ses-01_run-01_dwi.json	InstitutionalDepartmentName	"""Department"""	REMOVE
sub-054/ses-01/dwi/sub-054_ses-01_run-02_dwi.json	InstitutionalDepartmentName	"""Department"""	REMOVE
sub-054/ses-01/dwi/sub-054_ses-01_run-05_dwi.json	InstitutionalDepartmentName	"""Department"""	REMOVE
sub-054/ses-01/fmap/sub-054_ses-01_dir-AP_run-01_epi.json	InstitutionalDepartmentName	"""Department"""	REMOVE
sub-054/ses-01/fmap/sub-054_ses-01_dir-AP_run-02_part-phase_epi.json	InstitutionalDepartmentName	"""Department"""	REMOVE
sub-054/ses-01/fmap/sub-054_ses-01_dir-AP_run-03_epi.json	InstitutionalDepartmentName	"""Department"""	REMOVE
sub-054/ses-01/fmap/sub-054_ses-01_dir-AP_run-04_part-phase_epi.json	InstitutionalDepartmentName	"""Department"""	REMOVE
sub-054/ses-01/fmap/sub-054_ses-01_dir-PA_run-01_epi.json	InstitutionalDepartmentName	"""Department"""	REMOVE
sub-054/ses-01/fmap/sub-054_ses-01_dir-PA_run-02_part-phase_epi.json	InstitutionalDepartmentName	"""Department"""	REMOVE
sub-054/ses-01/fmap/sub-054_ses-01_dir-PA_run-03_epi.json	InstitutionalDepartmentName	"""Department"""	REMOVE
sub-054/ses-01/fmap/sub-054_ses-01_dir-PA_run-04_part-phase_epi.json	InstitutionalDepartmentName	"""Department"""	REMOVE
sub-054/ses-01/func/sub-054_ses-01_task-control_run-01_bold.json	InstitutionalDepartmentName	"""Department"""	REMOVE
sub-054/ses-01/func/sub-054_ses-01_task-control_run-01_part-phase_sbref.json	InstitutionalDepartmentName	"""Department"""	REMOVE
sub-054/ses-01/func/sub-054_ses-01_task-control_run-01_sbref.json	InstitutionalDepartmentName	"""Department"""	REMOVE
sub-054/ses-01/func/sub-054_ses-01_task-control_run-02_part-phase_bold.json	InstitutionalDepartmentName	"""Department"""	REMOVE
sub-054/ses-01/func/sub-054_ses-01_task-control_run-02_part-phase_sbref.json	InstitutionalDepartmentName	"""Department"""	REMOVE
sub-054/ses-01/func/sub-054_ses-01_task-control_run-02_sbref.json	InstitutionalDepartmentName	"""Department"""	REMOVE
sub-054/ses-01/func/sub-054_ses-01_task-control_run-03_bold.json	InstitutionalDepartmentName	"""Department"""	REMOVE
sub-054/ses-01/func/sub-054_ses-01_task-control_run-03_part-phase_sbref.json	InstitutionalDepartmentName	"""Department"""	REMOVE
sub-054/ses-01/func/sub-054_ses-01_task-control_run-03_sbref.json	InstitutionalDepartmentName	"""Department"""	REMOVE
sub-054/ses-01/func/sub-054_ses-01_task-control_run-04_part-phase_bold.json	InstitutionalDepartmentName	"""Department"""	REMOVE
sub-054/ses-01/func/sub-054_ses-01_task-control_run-05_bold.json	InstitutionalDepartmentName	"""Department"""	REMOVE
sub-054/ses-01/func/sub-054_ses-01_task-control_run-06_part-phase_bold.json	InstitutionalDepartmentName	"""Department"""	REMOVE
sub-054/ses-01/func/sub-054_ses-01_task-fmri_run-01_bold.json	InstitutionalDepartmentName	"""Department"""	REMOVE
sub-054/ses-01/func/sub-054_ses-01_task-fmri_run-01_part-phase_sbref.json	InstitutionalDepartmentName	"""Department"""	REMOVE
sub-054/ses-01/func/sub-054_ses-01_task-fmri_run-01_sbref.json	InstitutionalDepartmentName	"""Department"""	REMOVE
sub-054/ses-01/func/sub-054_ses-01_task-fmri_run-02_part-phase_bold.json	InstitutionalDepartmentName	"""Department"""	REMOVE
sub-054/ses-01/func/sub-054_ses-01_task-fmri_run-02_part-phase_sbref.json	InstitutionalDepartmentName	"""Department"""	REMOVE
sub-054/ses-01/func/sub-054_ses-01_task-fmri_run-02_sbref.json	InstitutionalDepartmentName	"""Department"""	REMOVE
sub-054/ses-01/func/sub-054_ses-01_task-fmri_run-03_bold.json	InstitutionalDepartmentName	"""Department"""	REMOVE
sub-054/ses-01/func/sub-054_ses-01_task-fmri_run-03_part-phase_sbref.json	InstitutionalDepartmentName	"""Department"""	REMOVE
sub-054/ses-01/func/sub-054_ses-01_task-fmri_run-03_sbref.json	InstitutionalDepartmentName	"""Department"""	REMOVE
sub-054/ses-01/func/sub-054_ses-01_task-fmri_run-04_part-phase_bold.json	InstitutionalDepartmentName	"""Department"""	REMOVE
sub-054/ses-01/func/sub-054_ses-01_task-fmri_run-04_part-phase_sbref.json	InstitutionalDepartmentName	"""Department"""	REMOVE
sub-054/ses-01/func/sub-054_ses-01_task-fmri_run-04_sbref.json	InstitutionalDepartmentName	"""Department"""	REMOVE
sub-054/ses-01/func/sub-054_ses-01_task-fmri_run-05_bold.json	InstitutionalDepartmentName	"""Department"""	REMOVE
sub-054/ses-01/func/sub-054_ses-01_task-fmri_run-06_part-phase_bold.json	InstitutionalDepartmentName	"""Department"""	REMOVE
sub-054/ses-01/func/sub-054_ses-01_task-fmri_run-07_bold.json	InstitutionalDepartmentName	"""Department"""	REMOVE
sub-054/ses-01/func/sub-054_ses-01_task-fmri_run-08_part-phase_bold.json	InstitutionalDepartmentName	"""Department"""	REMOVE
sub-054/ses-01/func/sub-054_ses-01_task-movie_run-01_bold.json	InstitutionalDepartmentName	"""Department"""	REMOVE
sub-054/ses-01/func/sub-054_ses-01_task-movie_run-01_part-phase_sbref.json	InstitutionalDepartmentName	"""Department"""	REMOVE
sub-054/ses-01/func/sub-054_ses-01_task-movie_run-01_sbref.json	InstitutionalDepartmentName	"""Department"""	REMOVE
sub-054/ses-01/func/sub-054_ses-01_task-movie_run-02_part-phase_bold.json	InstitutionalDepartmentName	"""Department"""	REMOVE
sub-054/ses-01/func/sub-054_ses-01_task-movie_run-02_part-phase_sbref.json	InstitutionalDepartmentName	"""Department"""	REMOVE
sub-054/ses-01/func/sub-054_ses-01_task-movie_run-02_sbref.json	InstitutionalDepartmentName	"""Department"""	REMOVE
sub-054/ses-01/func/sub-054_ses-01_task-movie_run-03_bold.json	InstitutionalDepartmentName	"""Department"""	REMOVE
sub-054/ses-01/func/sub-054_ses-01_task-movie_run-03_part-phase_sbref.json	InstitutionalDepartmentName	"""Department"""	REMOVE
sub-054/ses-01/func/sub-054_ses-01_task-movie_run-03_sbref.json	InstitutionalDepartmentName	"""Department"""	REMOVE
sub-054/ses-01/func/sub-054_ses-01_task-movie_run-04_part-phase_bold.json	InstitutionalDepartmentName	"""Department"""	REMOVE
sub-054/ses-01/func/sub-054_ses-01_task-movie_run-04_part-phase_sbref.json	InstitutionalDepartmentName	"""Department"""	REMOVE
sub-054/ses-01/func/sub-054_ses-01_task-movie_run-04_sbref.json	InstitutionalDepartmentName	"""Department"""	REMOVE
sub-054/ses-01/func/sub-054_ses-01_task-movie_run-05_bold.json	InstitutionalDepartmentName	"""Department"""	REMOVE
sub-054/ses-01/func/sub-054_ses-01_task-movie_run-06_part-phase_bold.json	InstitutionalDepartmentName	"""Department"""	REMOVE
sub-054/ses-01/func/sub-054_ses-01_task-movie_run-07_bold.json	InstitutionalDepartmentName	"""Department"""	REMOVE
sub-054/ses-01/func/sub-054_ses-01_task-movie_run-08_part-phase_bold.json	InstitutionalDepartmentName	"""Department"""	REMOVE
sub-054/ses-01/func/sub-054_ses-01_task-rest_run-01_bold.json	InstitutionalDepartmentName	"""Department"""	REMOVE
sub-054/ses-01/func/sub-054_ses-01_task-rest_run-01_part-phase_sbref.json	InstitutionalDepartmentName	"""Department"""	REMOVE
sub-054/ses-01/func/sub-054_ses-01_task-rest_run-01_sbref.json	InstitutionalDepartmentName	"""Department"""	REMOVE
sub-054/ses-01/func/sub-054_ses-01_task-rest_run-02_part-phase_bold.json	InstitutionalDepartmentName	"""Department"""	REMOVE
sub-054/ses-02/anat/sub-054_ses-02_run-01_FLAIR.json	InstitutionalDepartmentName	"""Centre de Recherche"""	REMOVE
sub-054/ses-02/anat/sub-054_ses-02_run-01_T1w.json	InstitutionalDepartmentName	"""Centre de Recherche"""	REMOVE
sub-054/ses-02/anat/sub-054_ses-02_run-01_TB1TFL.json	InstitutionalDepartmentName	"""Centre de Recherche"""	REMOVE
sub-054/ses-02/anat/sub-054_ses-02_run-02_FLAIR.json	InstitutionalDepartmentName	"""Centre de Recherche"""	REMOVE
sub-054/ses-02/anat/sub-054_ses-02_run-02_T1w.json	InstitutionalDepartmentName	"""Centre de Recherche"""	REMOVE
sub-054/ses-02/anat/sub-054_ses-02_run-02_TB1TFL.json	InstitutionalDepartmentName	"""Centre de Recherche"""	REMOVE
sub-054/ses-02/anat/sub-054_ses-02_run-03_T1w.json	InstitutionalDepartmentName	"""Centre de Recherche"""	REMOVE
sub-054/ses-02/anat/sub-054_ses-02_run-03_TB1TFL.json	InstitutionalDepartmentName	"""Centre de Recherche"""	REMOVE
sub-054/ses-02/anat/sub-054_ses-02_run-04_TB1TFL.json	InstitutionalDepartmentName	"""Centre de Recherche"""	REMOVE
sub-054/ses-02/dwi/sub-054_ses-02_run-01_dwi.json	InstitutionalDepartmentName	"""Centre de Recherche"""	REMOVE
sub-054/ses-02/dwi/sub-054_ses-02_run-05_dwi.json	InstitutionalDepartmentName	"""Centre de Recherche"""	REMOVE
sub-054/ses-02/fmap/sub-054_ses-02_dir-AP_run-01_epi.json	InstitutionalDepartmentName	"""Centre de Recherche"""	REMOVE
sub-054/ses-02/fmap/sub-054_ses-02_dir-AP_run-01_part-phase_epi.json	InstitutionalDepartmentName	"""Centre de Recherche"""	REMOVE
sub-054/ses-02/fmap/sub-054_ses-02_dir-AP_run-02_epi.json	InstitutionalDepartmentName	"""Centre de Recherche"""	REMOVE
sub-054/ses-02/fmap/sub-054_ses-02_dir-AP_run-03_part-phase_epi.json	InstitutionalDepartmentName	"""Centre de Recherche"""	REMOVE
sub-054/ses-02/fmap/sub-054_ses-02_dir-PA_run-01_epi.json	InstitutionalDepartmentName	"""Centre de Recherche"""	REMOVE
sub-054/ses-02/fmap/sub-054_ses-02_dir-PA_run-02_epi.json	InstitutionalDepartmentName	"""Centre de Recherche"""	REMOVE
sub-054/ses-02/fmap/sub-054_ses-02_dir-PA_run-02_part-phase_epi.json	InstitutionalDepartmentName	"""Centre de Recherche"""	REMOVE
sub-054/ses-02/fmap/sub-054_ses-02_dir-PA_run-04_part-phase_epi.json	InstitutionalDepartmentName	"""Centre de Recherche"""	REMOVE
sub-054/ses-02/func/sub-054_ses-02_task-control_run-01_bold.json	InstitutionalDepartmentName	"""Centre de Recherche"""	REMOVE
sub-054/ses-02/func/sub-054_ses-02_task-control_run-02_part-phase_bold.json	InstitutionalDepartmentName	"""Centre de Recherche"""	REMOVE
sub-054/ses-02/func/sub-054_ses-02_task-control_run-03_bold.json	InstitutionalDepartmentName	"""Centre de Recherche"""	REMOVE
sub-054/ses-02/func/sub-054_ses-02_task-control_run-04_part-phase_bold.json	InstitutionalDepartmentName	"""Centre de Recherche"""	REMOVE
sub-054/ses-02/func/sub-054_ses-02_task-control_run-05_bold.json	InstitutionalDepartmentName	"""Centre de Recherche"""	REMOVE
sub-054/ses-02/func/sub-054_ses-02_task-control_run-06_part-phase_bold.json	InstitutionalDepartmentName	"""Centre de Recherche"""	REMOVE
sub-054/ses-02/func/sub-054_ses-02_task-fmri_run-01_bold.json	InstitutionalDepartmentName	"""Centre de Recherche"""	REMOVE
sub-054/ses-02/func/sub-054_ses-02_task-fmri_run-02_part-phase_bold.json	InstitutionalDepartmentName	"""Centre de Recherche"""	REMOVE
sub-054/ses-02/func/sub-054_ses-02_task-fmri_run-03_bold.json	InstitutionalDepartmentName	"""Centre de Recherche"""	REMOVE
sub-054/ses-02/func/sub-054_ses-02_task-fmri_run-04_part-phase_bold.json	InstitutionalDepartmentName	"""Centre de Recherche"""	REMOVE
sub-054/ses-02/func/sub-054_ses-02_task-fmri_run-05_bold.json	InstitutionalDepartmentName	"""Centre de Recherche"""	REMOVE
sub-054/ses-02/func/sub-054_ses-02_task-fmri_run-06_part-phase_bold.json	InstitutionalDepartmentName	"""Centre de Recherche"""	REMOVE
sub-054/ses-02/func/sub-054_ses-02_task-fmri_run-07_bold.json	InstitutionalDepartmentName	"""Centre de Recherche"""	REMOVE
sub-054/ses-02/func/sub-054_ses-02_task-fmri_run-08_part-phase_bold.json	InstitutionalDepartmentName	"""Centre de Recherche"""	REMOVE
sub-054/ses-02/func/sub-054_ses-02_task-movie_run-01_bold.json	InstitutionalDepartmentName	"""Centre de Recherche"""	REMOVE
sub-054/ses-02/func/sub-054_ses-02_task-movie_run-02_part-phase_bold.json	InstitutionalDepartmentName	"""Centre de Recherche"""	REMOVE
sub-054/ses-02/func/sub-054_ses-02_task-movie_run-03_bold.json	InstitutionalDepartmentName	"""Centre de Recherche"""	REMOVE
sub-054/ses-02/func/sub-054_ses-02_task-movie_run-04_part-phase_bold.json	InstitutionalDepartmentName	"""Centre de Recherche"""	REMOVE
sub-054/ses-02/func/sub-054_ses-02_task-movie_run-05_bold.json	InstitutionalDepartmentName	"""Centre de Recherche"""	REMOVE
sub-054/ses-02/func/sub-054_ses-02_task-movie_run-06_part-phase_bold.json	InstitutionalDepartmentName	"""Centre de Recherche"""	REMOVE
sub-054/ses-02/func/sub-054_ses-02_task-movie_run-07_bold.json	InstitutionalDepartmentName	"""Centre de Recherche"""	REMOVE
sub-054/ses-02/func/sub-054_ses-02_task-movie_run-08_part-phase_bold.json	InstitutionalDepartmentName	"""Centre de Recherche"""	REMOVE
sub-054/ses-02/func/sub-054_ses-02_task-rest_run-01_bold.json	InstitutionalDepartmentName	"""Centre de Recherche"""	REMOVE
sub-054/ses-02/func/sub-054_ses-02_task-rest_run-02_part-phase_bold.json	InstitutionalDepartmentName	"""Centre de Recherche"""	REMOVE
sub-055/ses-01/fmap/sub-055_ses-01_dir-AP_run-01_epi.json	InstitutionalDepartmentName	"""Department"""	REMOVE
sub-055/ses-01/fmap/sub-055_ses-01_dir-AP_run-02_part-phase_epi.json	InstitutionalDepartmentName	"""Department"""	REMOVE
sub-055/ses-01/fmap/sub-055_ses-01_dir-PA_run-01_epi.json	InstitutionalDepartmentName	"""Department"""	REMOVE
sub-055/ses-01/fmap/sub-055_ses-01_dir-PA_run-02_part-phase_epi.json	InstitutionalDepartmentName	"""Department"""	REMOVE
sub-055/ses-01/func/sub-055_ses-01_task-control_run-01_bold.json	InstitutionalDepartmentName	"""Department"""	REMOVE
sub-055/ses-01/func/sub-055_ses-01_task-control_run-01_part-phase_sbref.json	InstitutionalDepartmentName	"""Department"""	REMOVE
sub-055/ses-01/func/sub-055_ses-01_task-control_run-01_sbref.json	InstitutionalDepartmentName	"""Department"""	REMOVE
sub-055/ses-01/func/sub-055_ses-01_task-control_run-02_part-phase_bold.json	InstitutionalDepartmentName	"""Department"""	REMOVE
sub-055/ses-01/func/sub-055_ses-01_task-fmri_run-01_bold.json	InstitutionalDepartmentName	"""Department"""	REMOVE
sub-055/ses-01/func/sub-055_ses-01_task-fmri_run-01_part-phase_sbref.json	InstitutionalDepartmentName	"""Department"""	REMOVE
sub-055/ses-01/func/sub-055_ses-01_task-fmri_run-01_sbref.json	InstitutionalDepartmentName	"""Department"""	REMOVE
sub-055/ses-01/func/sub-055_ses-01_task-fmri_run-02_part-phase_bold.json	InstitutionalDepartmentName	"""Department"""	REMOVE
sub-055/ses-01/func/sub-055_ses-01_task-fmri_run-02_part-phase_sbref.json	InstitutionalDepartmentName	"""Department"""	REMOVE
sub-055/ses-01/func/sub-055_ses-01_task-fmri_run-02_sbref.json	InstitutionalDepartmentName	"""Department"""	REMOVE
sub-055/ses-01/func/sub-055_ses-01_task-fmri_run-03_bold.json	InstitutionalDepartmentName	"""Department"""	REMOVE
sub-055/ses-01/func/sub-055_ses-01_task-fmri_run-03_part-phase_sbref.json	InstitutionalDepartmentName	"""Department"""	REMOVE
sub-055/ses-01/func/sub-055_ses-01_task-fmri_run-03_sbref.json	InstitutionalDepartmentName	"""Department"""	REMOVE
sub-055/ses-01/func/sub-055_ses-01_task-fmri_run-04_part-phase_bold.json	InstitutionalDepartmentName	"""Department"""	REMOVE
sub-055/ses-01/func/sub-055_ses-01_task-fmri_run-04_part-phase_sbref.json	InstitutionalDepartmentName	"""Department"""	REMOVE
sub-055/ses-01/func/sub-055_ses-01_task-fmri_run-04_sbref.json	InstitutionalDepartmentName	"""Department"""	REMOVE
sub-055/ses-01/func/sub-055_ses-01_task-fmri_run-05_bold.json	InstitutionalDepartmentName	"""Department"""	REMOVE
sub-055/ses-01/func/sub-055_ses-01_task-fmri_run-06_part-phase_bold.json	InstitutionalDepartmentName	"""Department"""	REMOVE
sub-055/ses-01/func/sub-055_ses-01_task-fmri_run-07_bold.json	InstitutionalDepartmentName	"""Department"""	REMOVE
sub-055/ses-01/func/sub-055_ses-01_task-fmri_run-08_part-phase_bold.json	InstitutionalDepartmentName	"""Department"""	REMOVE
sub-055/ses-01/func/sub-055_ses-01_task-movie_run-01_bold.json	InstitutionalDepartmentName	"""Department"""	REMOVE
sub-055/ses-01/func/sub-055_ses-01_task-movie_run-01_part-phase_sbref.json	InstitutionalDepartmentName	"""Department"""	REMOVE
sub-055/ses-01/func/sub-055_ses-01_task-movie_run-01_sbref.json	InstitutionalDepartmentName	"""Department"""	REMOVE
sub-055/ses-01/func/sub-055_ses-01_task-movie_run-02_part-phase_bold.json	InstitutionalDepartmentName	"""Department"""	REMOVE
sub-055/ses-01/func/sub-055_ses-01_task-movie_run-02_part-phase_sbref.json	InstitutionalDepartmentName	"""Department"""	REMOVE
sub-055/ses-01/func/sub-055_ses-01_task-movie_run-02_sbref.json	InstitutionalDepartmentName	"""Department"""	REMOVE
sub-055/ses-01/func/sub-055_ses-01_task-movie_run-03_bold.json	InstitutionalDepartmentName	"""Department"""	REMOVE
sub-055/ses-01/func/sub-055_ses-01_task-movie_run-03_part-phase_sbref.json	InstitutionalDepartmentName	"""Department"""	REMOVE
sub-055/ses-01/func/sub-055_ses-01_task-movie_run-03_sbref.json	InstitutionalDepartmentName	"""Department"""	REMOVE
sub-055/ses-01/func/sub-055_ses-01_task-movie_run-04_part-phase_bold.json	InstitutionalDepartmentName	"""Department"""	REMOVE
sub-055/ses-01/func/sub-055_ses-01_task-movie_run-05_bold.json	InstitutionalDepartmentName	"""Department"""	REMOVE
sub-056/ses-01/anat/sub-056_ses-01_run-01_FLAIR.json	InstitutionalDepartmentName	"""Centre de Recherche"""	REMOVE
sub-056/ses-01/anat/sub-056_ses-01_run-01_T1w.json	InstitutionalDepartmentName	"""Centre de Recherche"""	REMOVE
sub-056/ses-01/anat/sub-056_ses-01_run-01_TB1TFL.json	InstitutionalDepartmentName	"""Centre de Recherche"""	REMOVE
sub-056/ses-01/anat/sub-056_ses-01_run-02_FLAIR.json	InstitutionalDepartmentName	"""Centre de Recherche"""	REMOVE
sub-056/ses-01/anat/sub-056_ses-01_run-02_T1w.json	InstitutionalDepartmentName	"""Centre de Recherche"""	REMOVE
sub-056/ses-01/anat/sub-056_ses-01_run-02_TB1TFL.json	InstitutionalDepartmentName	"""Centre de Recherche"""	REMOVE
sub-056/ses-01/anat/sub-056_ses-01_run-03_TB1TFL.json	InstitutionalDepartmentName	"""Centre de Recherche"""	REMOVE
sub-056/ses-01/anat/sub-056_ses-01_run-04_TB1TFL.json	InstitutionalDepartmentName	"""Centre de Recherche"""	REMOVE
sub-056/ses-01/dwi/sub-056_ses-01_run-01_dwi.json	InstitutionalDepartmentName	"""Centre de Recherche"""	REMOVE
sub-056/ses-01/dwi/sub-056_ses-01_run-05_dwi.json	InstitutionalDepartmentName	"""Centre de Recherche"""	REMOVE
sub-056/ses-01/fmap/sub-056_ses-01_dir-AP_run-01_epi.json	InstitutionalDepartmentName	"""Centre de Recherche"""	REMOVE
sub-056/ses-01/fmap/sub-056_ses-01_dir-AP_run-02_epi.json	InstitutionalDepartmentName	"""Centre de Recherche"""	REMOVE
sub-056/ses-01/fmap/sub-056_ses-01_dir-AP_run-02_part-phase_epi.json	InstitutionalDepartmentName	"""Centre de Recherche"""	REMOVE
sub-056/ses-01/fmap/sub-056_ses-01_dir-AP_run-04_part-phase_epi.json	InstitutionalDepartmentName	"""Centre de Recherche"""	REMOVE
sub-056/ses-01/fmap/sub-056_ses-01_dir-PA_run-01_epi.json	InstitutionalDepartmentName	"""Centre de Recherche"""	REMOVE
sub-056/ses-01/fmap/sub-056_ses-01_dir-PA_run-01_part-phase_epi.json	InstitutionalDepartmentName	"""Centre de Recherche"""	REMOVE
sub-056/ses-01/fmap/sub-056_ses-01_dir-PA_run-02_epi.json	InstitutionalDepartmentName	"""Centre de Recherche"""	REMOVE
sub-056/ses-01/fmap/sub-056_ses-01_dir-PA_run-03_part-phase_epi.json	InstitutionalDepartmentName	"""Centre de Recherche"""	REMOVE
sub-056/ses-01/func/sub-056_ses-01_task-control_run-01_bold.json	InstitutionalDepartmentName	"""Centre de Recherche"""	REMOVE
sub-056/ses-01/func/sub-056_ses-01_task-control_run-02_bold.json	InstitutionalDepartmentName	"""Centre de Recherche"""	REMOVE
sub-056/ses-01/func/sub-056_ses-01_task-control_run-03_part-phase_bold.json	InstitutionalDepartmentName	"""Centre de Recherche"""	REMOVE
sub-056/ses-01/func/sub-056_ses-01_task-control_run-04_part-phase_bold.json	InstitutionalDepartmentName	"""Centre de Recherche"""	REMOVE
sub-056/ses-01/func/sub-056_ses-01_task-control_run-05_bold.json	InstitutionalDepartmentName	"""Centre de Recherche"""	REMOVE
sub-056/ses-01/func/sub-056_ses-01_task-control_run-06_part-phase_bold.json	InstitutionalDepartmentName	"""Centre de Recherche"""	REMOVE
sub-056/ses-01/func/sub-056_ses-01_task-fmri_run-01_bold.json	InstitutionalDepartmentName	"""Centre de Recherche"""	REMOVE
sub-056/ses-01/func/sub-056_ses-01_task-fmri_run-02_part-phase_bold.json	InstitutionalDepartmentName	"""Centre de Recherche"""	REMOVE
sub-056/ses-01/func/sub-056_ses-01_task-fmri_run-03_bold.json	InstitutionalDepartmentName	"""Centre de Recherche"""	REMOVE
sub-056/ses-01/func/sub-056_ses-01_task-fmri_run-04_part-phase_bold.json	InstitutionalDepartmentName	"""Centre de Recherche"""	REMOVE
sub-056/ses-01/func/sub-056_ses-01_task-fmri_run-05_bold.json	InstitutionalDepartmentName	"""Centre de Recherche"""	REMOVE
sub-056/ses-01/func/sub-056_ses-01_task-fmri_run-06_part-phase_bold.json	InstitutionalDepartmentName	"""Centre de Recherche"""	REMOVE
sub-056/ses-01/func/sub-056_ses-01_task-fmri_run-07_bold.json	InstitutionalDepartmentName	"""Centre de Recherche"""	REMOVE
sub-056/ses-01/func/sub-056_ses-01_task-fmri_run-08_part-phase_bold.json	InstitutionalDepartmentName	"""Centre de Recherche"""	REMOVE
sub-056/ses-01/func/sub-056_ses-01_task-movie_run-01_bold.json	InstitutionalDepartmentName	"""Centre de Recherche"""	REMOVE
sub-056/ses-01/func/sub-056_ses-01_task-movie_run-02_part-phase_bold.json	InstitutionalDepartmentName	"""Centre de Recherche"""	REMOVE
sub-056/ses-01/func/sub-056_ses-01_task-movie_run-03_bold.json	InstitutionalDepartmentName	"""Centre de Recherche"""	REMOVE
sub-056/ses-01/func/sub-056_ses-01_task-movie_run-04_part-phase_bold.json	InstitutionalDepartmentName	"""Centre de Recherche"""	REMOVE
sub-056/ses-01/func/sub-056_ses-01_task-movie_run-05_bold.json	InstitutionalDepartmentName	"""Centre de Recherche"""	REMOVE
sub-056/ses-01/func/sub-056_ses-01_task-movie_run-06_part-phase_bold.json	InstitutionalDepartmentName	"""Centre de Recherche"""	REMOVE
sub-056/ses-01/func/sub-056_ses-01_task-movie_run-07_bold.json	InstitutionalDepartmentName	"""Centre de Recherche"""	REMOVE
sub-056/ses-01/func/sub-056_ses-01_task-movie_run-08_part-phase_bold.json	InstitutionalDepartmentName	"""Centre de Recherche"""	REMOVE
sub-056/ses-01/func/sub-056_ses-01_task-rest_run-01_bold.json	InstitutionalDepartmentName	"""Centre de Recherche"""	REMOVE
sub-056/ses-01/func/sub-056_ses-01_task-rest_run-02_part-phase_bold.json	InstitutionalDepartmentName	"""Centre de Recherche"""	REMOVE
sub-057/ses-01/anat/sub-057_ses-01_run-01_FLAIR.json	InstitutionalDepartmentName	"""Department"""	REMOVE
sub-057/ses-01/anat/sub-057_ses-01_run-01_T1w.json	InstitutionalDepartmentName	"""Department"""	REMOVE
sub-057/ses-01/anat/sub-057_ses-01_run-01_TB1TFL.json	InstitutionalDepartmentName	"""Department"""	REMOVE
sub-057/ses-01/anat/sub-057_ses-01_run-02_T1w.json	InstitutionalDepartmentName	"""Department"""	REMOVE
sub-057/ses-01/anat/sub-057_ses-01_run-02_TB1TFL.json	InstitutionalDepartmentName	"""Department"""	REMOVE
sub-057/ses-01/anat/sub-057_ses-01_run-03_T1w.json	InstitutionalDepartmentName	"""Department"""	REMOVE
sub-057/ses-01/dwi/sub-057_ses-01_run-01_dwi.json	InstitutionalDepartmentName	"""Department"""	REMOVE
sub-057/ses-01/dwi/sub-057_ses-01_run-02_dwi.json	InstitutionalDepartmentName	"""Department"""	REMOVE
sub-057/ses-01/dwi/sub-057_ses-01_run-05_dwi.json	InstitutionalDepartmentName	"""Department"""	REMOVE
sub-057/ses-01/fmap/sub-057_ses-01_dir-AP_run-01_epi.json	InstitutionalDepartmentName	"""Department"""	REMOVE
sub-057/ses-01/fmap/sub-057_ses-01_dir-AP_run-02_part-phase_epi.json	InstitutionalDepartmentName	"""Department"""	REMOVE
sub-057/ses-01/fmap/sub-057_ses-01_dir-AP_run-03_epi.json	InstitutionalDepartmentName	"""Department"""	REMOVE
sub-057/ses-01/fmap/sub-057_ses-01_dir-AP_run-04_part-phase_epi.json	InstitutionalDepartmentName	"""Department"""	REMOVE
sub-057/ses-01/fmap/sub-057_ses-01_dir-PA_run-01_epi.json	InstitutionalDepartmentName	"""Department"""	REMOVE
sub-057/ses-01/fmap/sub-057_ses-01_dir-PA_run-02_part-phase_epi.json	InstitutionalDepartmentName	"""Department"""	REMOVE
sub-057/ses-01/fmap/sub-057_ses-01_dir-PA_run-03_epi.json	InstitutionalDepartmentName	"""Department"""	REMOVE
sub-057/ses-01/fmap/sub-057_ses-01_dir-PA_run-04_part-phase_epi.json	InstitutionalDepartmentName	"""Department"""	REMOVE
sub-057/ses-01/func/sub-057_ses-01_task-control_run-01_bold.json	InstitutionalDepartmentName	"""Department"""	REMOVE
sub-057/ses-01/func/sub-057_ses-01_task-control_run-01_part-phase_sbref.json	InstitutionalDepartmentName	"""Department"""	REMOVE
sub-057/ses-01/func/sub-057_ses-01_task-control_run-01_sbref.json	InstitutionalDepartmentName	"""Department"""	REMOVE
sub-057/ses-01/func/sub-057_ses-01_task-control_run-02_part-phase_bold.json	InstitutionalDepartmentName	"""Department"""	REMOVE
sub-057/ses-01/func/sub-057_ses-01_task-control_run-02_part-phase_sbref.json	InstitutionalDepartmentName	"""Department"""	REMOVE
sub-057/ses-01/func/sub-057_ses-01_task-control_run-02_sbref.json	InstitutionalDepartmentName	"""Department"""	REMOVE
sub-057/ses-01/func/sub-057_ses-01_task-control_run-03_bold.json	InstitutionalDepartmentName	"""Department"""	REMOVE
sub-057/ses-01/func/sub-057_ses-01_task-control_run-03_part-phase_sbref.json	InstitutionalDepartmentName	"""Department"""	REMOVE
sub-057/ses-01/func/sub-057_ses-01_task-control_run-03_sbref.json	InstitutionalDepartmentName	"""Department"""	REMOVE
sub-057/ses-01/func/sub-057_ses-01_task-control_run-04_part-phase_bold.json	InstitutionalDepartmentName	"""Department"""	REMOVE
sub-057/ses-01/func/sub-057_ses-01_task-control_run-05_bold.json	InstitutionalDepartmentName	"""Department"""	REMOVE
sub-057/ses-01/func/sub-057_ses-01_task-control_run-06_part-phase_bold.json	InstitutionalDepartmentName	"""Department"""	REMOVE
sub-057/ses-01/func/sub-057_ses-01_task-fmri_run-01_bold.json	InstitutionalDepartmentName	"""Department"""	REMOVE
sub-057/ses-01/func/sub-057_ses-01_task-fmri_run-01_part-phase_sbref.json	InstitutionalDepartmentName	"""Department"""	REMOVE
sub-057/ses-01/func/sub-057_ses-01_task-fmri_run-01_sbref.json	InstitutionalDepartmentName	"""Department"""	REMOVE
sub-057/ses-01/func/sub-057_ses-01_task-fmri_run-02_part-phase_bold.json	InstitutionalDepartmentName	"""Department"""	REMOVE
sub-057/ses-01/func/sub-057_ses-01_task-fmri_run-02_part-phase_sbref.json	InstitutionalDepartmentName	"""Department"""	REMOVE
sub-057/ses-01/func/sub-057_ses-01_task-fmri_run-02_sbref.json	InstitutionalDepartmentName	"""Department"""	REMOVE
sub-057/ses-01/func/sub-057_ses-01_task-fmri_run-03_bold.json	InstitutionalDepartmentName	"""Department"""	REMOVE
sub-057/ses-01/func/sub-057_ses-01_task-fmri_run-03_part-phase_sbref.json	InstitutionalDepartmentName	"""Department"""	REMOVE
sub-057/ses-01/func/sub-057_ses-01_task-fmri_run-03_sbref.json	InstitutionalDepartmentName	"""Department"""	REMOVE
sub-057/ses-01/func/sub-057_ses-01_task-fmri_run-04_part-phase_bold.json	InstitutionalDepartmentName	"""Department"""	REMOVE
sub-057/ses-01/func/sub-057_ses-01_task-fmri_run-04_part-phase_sbref.json	InstitutionalDepartmentName	"""Department"""	REMOVE
sub-057/ses-01/func/sub-057_ses-01_task-fmri_run-04_sbref.json	InstitutionalDepartmentName	"""Department"""	REMOVE
sub-057/ses-01/func/sub-057_ses-01_task-fmri_run-05_bold.json	InstitutionalDepartmentName	"""Department"""	REMOVE
sub-057/ses-01/func/sub-057_ses-01_task-fmri_run-06_part-phase_bold.json	InstitutionalDepartmentName	"""Department"""	REMOVE
sub-057/ses-01/func/sub-057_ses-01_task-fmri_run-07_bold.json	InstitutionalDepartmentName	"""Department"""	REMOVE
sub-057/ses-01/func/sub-057_ses-01_task-fmri_run-08_part-phase_bold.json	InstitutionalDepartmentName	"""Department"""	REMOVE
sub-057/ses-01/func/sub-057_ses-01_task-movie_run-01_bold.json	InstitutionalDepartmentName	"""Department"""	REMOVE
sub-057/ses-01/func/sub-057_ses-01_task-movie_run-01_part-phase_sbref.json	InstitutionalDepartmentName	"""Department"""	REMOVE
sub-057/ses-01/func/sub-057_ses-01_task-movie_run-01_sbref.json	InstitutionalDepartmentName	"""Department"""	REMOVE
sub-057/ses-01/func/sub-057_ses-01_task-movie_run-02_part-phase_bold.json	InstitutionalDepartmentName	"""Department"""	REMOVE
sub-057/ses-01/func/sub-057_ses-01_task-movie_run-02_part-phase_sbref.json	InstitutionalDepartmentName	"""Department"""	REMOVE
sub-057/ses-01/func/sub-057_ses-01_task-movie_run-02_sbref.json	InstitutionalDepartmentName	"""Department"""	REMOVE
sub-057/ses-01/func/sub-057_ses-01_task-movie_run-03_bold.json	InstitutionalDepartmentName	"""Department"""	REMOVE
sub-057/ses-01/func/sub-057_ses-01_task-movie_run-03_part-phase_sbref.json	InstitutionalDepartmentName	"""Department"""	REMOVE
sub-057/ses-01/func/sub-057_ses-01_task-movie_run-03_sbref.json	InstitutionalDepartmentName	"""Department"""	REMOVE
sub-057/ses-01/func/sub-057_ses-01_task-movie_run-04_part-phase_bold.json	InstitutionalDepartmentName	"""Department"""	REMOVE
sub-057/ses-01/func/sub-057_ses-01_task-movie_run-04_part-phase_sbref.json	InstitutionalDepartmentName	"""Department"""	REMOVE
sub-057/ses-01/func/sub-057_ses-01_task-movie_run-04_sbref.json	InstitutionalDepartmentName	"""Department"""	REMOVE
sub-057/ses-01/func/sub-057_ses-01_task-movie_run-05_bold.json	InstitutionalDepartmentName	"""Department"""	REMOVE
sub-057/ses-01/func/sub-057_ses-01_task-movie_run-06_part-phase_bold.json	InstitutionalDepartmentName	"""Department"""	REMOVE
sub-057/ses-01/func/sub-057_ses-01_task-movie_run-07_bold.json	InstitutionalDepartmentName	"""Department"""	REMOVE
sub-057/ses-01/func/sub-057_ses-01_task-movie_run-08_part-phase_bold.json	InstitutionalDepartmentName	"""Department"""	REMOVE
sub-057/ses-01/func/sub-057_ses-01_task-rest_run-01_bold.json	InstitutionalDepartmentName	"""Department"""	REMOVE
sub-057/ses-01/func/sub-057_ses-01_task-rest_run-01_part-phase_sbref.json	InstitutionalDepartmentName	"""Department"""	REMOVE
sub-057/ses-01/func/sub-057_ses-01_task-rest_run-01_sbref.json	InstitutionalDepartmentName	"""Department"""	REMOVE
sub-057/ses-01/func/sub-057_ses-01_task-rest_run-02_part-phase_bold.json	InstitutionalDepartmentName	"""Department"""	REMOVE
sub-058/ses-01/anat/sub-058_ses-01_run-01_FLAIR.json	InstitutionalDepartmentName	"""Department"""	REMOVE
sub-058/ses-01/anat/sub-058_ses-01_run-01_T1w.json	InstitutionalDepartmentName	"""Department"""	REMOVE
sub-058/ses-01/anat/sub-058_ses-01_run-01_TB1TFL.json	InstitutionalDepartmentName	"""Department"""	REMOVE
sub-058/ses-01/anat/sub-058_ses-01_run-02_T1w.json	InstitutionalDepartmentName	"""Department"""	REMOVE
sub-058/ses-01/anat/sub-058_ses-01_run-02_TB1TFL.json	InstitutionalDepartmentName	"""Department"""	REMOVE
sub-058/ses-01/anat/sub-058_ses-01_run-03_T1w.json	InstitutionalDepartmentName	"""Department"""	REMOVE
sub-058/ses-01/dwi/sub-058_ses-01_run-01_dwi.json	InstitutionalDepartmentName	"""Department"""	REMOVE
sub-058/ses-01/dwi/sub-058_ses-01_run-02_dwi.json	InstitutionalDepartmentName	"""Department"""	REMOVE
sub-058/ses-01/dwi/sub-058_ses-01_run-05_dwi.json	InstitutionalDepartmentName	"""Department"""	REMOVE
sub-058/ses-01/fmap/sub-058_ses-01_dir-AP_run-01_epi.json	InstitutionalDepartmentName	"""Department"""	REMOVE
sub-058/ses-01/fmap/sub-058_ses-01_dir-AP_run-02_part-phase_epi.json	InstitutionalDepartmentName	"""Department"""	REMOVE
sub-058/ses-01/fmap/sub-058_ses-01_dir-AP_run-03_epi.json	InstitutionalDepartmentName	"""Department"""	REMOVE
sub-058/ses-01/fmap/sub-058_ses-01_dir-AP_run-04_part-phase_epi.json	InstitutionalDepartmentName	"""Department"""	REMOVE
sub-058/ses-01/fmap/sub-058_ses-01_dir-PA_run-01_epi.json	InstitutionalDepartmentName	"""Department"""	REMOVE
sub-058/ses-01/fmap/sub-058_ses-01_dir-PA_run-02_part-phase_epi.json	InstitutionalDepartmentName	"""Department"""	REMOVE
sub-058/ses-01/fmap/sub-058_ses-01_dir-PA_run-03_epi.json	InstitutionalDepartmentName	"""Department"""	REMOVE
sub-058/ses-01/fmap/sub-058_ses-01_dir-PA_run-04_part-phase_epi.json	InstitutionalDepartmentName	"""Department"""	REMOVE
sub-058/ses-01/func/sub-058_ses-01_task-control_run-01_bold.json	InstitutionalDepartmentName	"""Department"""	REMOVE
sub-058/ses-01/func/sub-058_ses-01_task-control_run-01_part-phase_sbref.json	InstitutionalDepartmentName	"""Department"""	REMOVE
sub-058/ses-01/func/sub-058_ses-01_task-control_run-01_sbref.json	InstitutionalDepartmentName	"""Department"""	REMOVE
sub-058/ses-01/func/sub-058_ses-01_task-control_run-02_part-phase_bold.json	InstitutionalDepartmentName	"""Department"""	REMOVE
sub-058/ses-01/func/sub-058_ses-01_task-control_run-02_part-phase_sbref.json	InstitutionalDepartmentName	"""Department"""	REMOVE
sub-058/ses-01/func/sub-058_ses-01_task-control_run-02_sbref.json	InstitutionalDepartmentName	"""Department"""	REMOVE
sub-058/ses-01/func/sub-058_ses-01_task-control_run-03_bold.json	InstitutionalDepartmentName	"""Department"""	REMOVE
sub-058/ses-01/func/sub-058_ses-01_task-control_run-03_part-phase_sbref.json	InstitutionalDepartmentName	"""Department"""	REMOVE
sub-058/ses-01/func/sub-058_ses-01_task-control_run-03_sbref.json	InstitutionalDepartmentName	"""Department"""	REMOVE
sub-058/ses-01/func/sub-058_ses-01_task-control_run-04_part-phase_bold.json	InstitutionalDepartmentName	"""Department"""	REMOVE
sub-058/ses-01/func/sub-058_ses-01_task-control_run-05_bold.json	InstitutionalDepartmentName	"""Department"""	REMOVE
sub-058/ses-01/func/sub-058_ses-01_task-control_run-06_part-phase_bold.json	InstitutionalDepartmentName	"""Department"""	REMOVE
sub-058/ses-01/func/sub-058_ses-01_task-fmri_run-01_bold.json	InstitutionalDepartmentName	"""Department"""	REMOVE
sub-058/ses-01/func/sub-058_ses-01_task-fmri_run-01_part-phase_sbref.json	InstitutionalDepartmentName	"""Department"""	REMOVE
sub-058/ses-01/func/sub-058_ses-01_task-fmri_run-01_sbref.json	InstitutionalDepartmentName	"""Department"""	REMOVE
sub-058/ses-01/func/sub-058_ses-01_task-fmri_run-02_part-phase_bold.json	InstitutionalDepartmentName	"""Department"""	REMOVE
sub-058/ses-01/func/sub-058_ses-01_task-fmri_run-02_part-phase_sbref.json	InstitutionalDepartmentName	"""Department"""	REMOVE
sub-058/ses-01/func/sub-058_ses-01_task-fmri_run-02_sbref.json	InstitutionalDepartmentName	"""Department"""	REMOVE
sub-058/ses-01/func/sub-058_ses-01_task-fmri_run-03_bold.json	InstitutionalDepartmentName	"""Department"""	REMOVE
sub-058/ses-01/func/sub-058_ses-01_task-fmri_run-03_part-phase_sbref.json	InstitutionalDepartmentName	"""Department"""	REMOVE
sub-058/ses-01/func/sub-058_ses-01_task-fmri_run-03_sbref.json	InstitutionalDepartmentName	"""Department"""	REMOVE
sub-058/ses-01/func/sub-058_ses-01_task-fmri_run-04_part-phase_bold.json	InstitutionalDepartmentName	"""Department"""	REMOVE
sub-058/ses-01/func/sub-058_ses-01_task-fmri_run-04_part-phase_sbref.json	InstitutionalDepartmentName	"""Department"""	REMOVE
sub-058/ses-01/func/sub-058_ses-01_task-fmri_run-04_sbref.json	InstitutionalDepartmentName	"""Department"""	REMOVE
sub-058/ses-01/func/sub-058_ses-01_task-fmri_run-05_bold.json	InstitutionalDepartmentName	"""Department"""	REMOVE
sub-058/ses-01/func/sub-058_ses-01_task-fmri_run-06_part-phase_bold.json	InstitutionalDepartmentName	"""Department"""	REMOVE
sub-058/ses-01/func/sub-058_ses-01_task-fmri_run-07_bold.json	InstitutionalDepartmentName	"""Department"""	REMOVE
sub-058/ses-01/func/sub-058_ses-01_task-fmri_run-08_part-phase_bold.json	InstitutionalDepartmentName	"""Department"""	REMOVE
sub-058/ses-01/func/sub-058_ses-01_task-movie_run-01_bold.json	InstitutionalDepartmentName	"""Department"""	REMOVE
sub-058/ses-01/func/sub-058_ses-01_task-movie_run-01_part-phase_sbref.json	InstitutionalDepartmentName	"""Department"""	REMOVE
sub-058/ses-01/func/sub-058_ses-01_task-movie_run-01_sbref.json	InstitutionalDepartmentName	"""Department"""	REMOVE
sub-058/ses-01/func/sub-058_ses-01_task-movie_run-02_part-phase_bold.json	InstitutionalDepartmentName	"""Department"""	REMOVE
sub-058/ses-01/func/sub-058_ses-01_task-movie_run-02_part-phase_sbref.json	InstitutionalDepartmentName	"""Department"""	REMOVE
sub-058/ses-01/func/sub-058_ses-01_task-movie_run-02_sbref.json	InstitutionalDepartmentName	"""Department"""	REMOVE
sub-058/ses-01/func/sub-058_ses-01_task-movie_run-03_bold.json	InstitutionalDepartmentName	"""Department"""	REMOVE
sub-058/ses-01/func/sub-058_ses-01_task-movie_run-03_part-phase_sbref.json	InstitutionalDepartmentName	"""Department"""	REMOVE
sub-058/ses-01/func/sub-058_ses-01_task-movie_run-03_sbref.json	InstitutionalDepartmentName	"""Department"""	REMOVE
sub-058/ses-01/func/sub-058_ses-01_task-movie_run-04_part-phase_bold.json	InstitutionalDepartmentName	"""Department"""	REMOVE
sub-058/ses-01/func/sub-058_ses-01_task-movie_run-04_part-phase_sbref.json	InstitutionalDepartmentName	"""Department"""	REMOVE
sub-058/ses-01/func/sub-058_ses-01_task-movie_run-04_sbref.json	InstitutionalDepartmentName	"""Department"""	REMOVE
sub-058/ses-01/func/sub-058_ses-01_task-movie_run-05_bold.json	InstitutionalDepartmentName	"""Department"""	REMOVE
sub-058/ses-01/func/sub-058_ses-01_task-movie_run-06_part-phase_bold.json	InstitutionalDepartmentName	"""Department"""	REMOVE
sub-058/ses-01/func/sub-058_ses-01_task-movie_run-07_bold.json	InstitutionalDepartmentName	"""Department"""	REMOVE
sub-058/ses-01/func/sub-058_ses-01_task-movie_run-08_part-phase_bold.json	InstitutionalDepartmentName	"""Department"""	REMOVE
sub-058/ses-01/func/sub-058_ses-01_task-rest_run-01_bold.json	InstitutionalDepartmentName	"""Department"""	REMOVE
sub-058/ses-01/func/sub-058_ses-01_task-rest_run-01_part-phase_sbref.json	InstitutionalDepartmentName	"""Department"""	REMOVE
sub-058/ses-01/func/sub-058_ses-01_task-rest_run-01_sbref.json	InstitutionalDepartmentName	"""Department"""	REMOVE
sub-058/ses-01/func/sub-058_ses-01_task-rest_run-02_part-phase_bold.json	InstitutionalDepartmentName	"""Department"""	REMOVE
sub-059/ses-01/anat/sub-059_ses-01_run-01_FLAIR.json	InstitutionalDepartmentName	"""Department"""	REMOVE
sub-059/ses-01/anat/sub-059_ses-01_run-01_T1w.json	InstitutionalDepartmentName	"""Department"""	REMOVE
sub-059/ses-01/anat/sub-059_ses-01_run-01_TB1TFL.json	InstitutionalDepartmentName	"""Department"""	REMOVE
sub-059/ses-01/anat/sub-059_ses-01_run-02_T1w.json	InstitutionalDepartmentName	"""Department"""	REMOVE
sub-059/ses-01/anat/sub-059_ses-01_run-02_TB1TFL.json	InstitutionalDepartmentName	"""Department"""	REMOVE
sub-059/ses-01/anat/sub-059_ses-01_run-03_T1w.json	InstitutionalDepartmentName	"""Department"""	REMOVE
sub-059/ses-01/dwi/sub-059_ses-01_run-01_dwi.json	InstitutionalDepartmentName	"""Department"""	REMOVE
sub-059/ses-01/dwi/sub-059_ses-01_run-02_dwi.json	InstitutionalDepartmentName	"""Department"""	REMOVE
sub-059/ses-01/dwi/sub-059_ses-01_run-05_dwi.json	InstitutionalDepartmentName	"""Department"""	REMOVE
sub-059/ses-01/fmap/sub-059_ses-01_dir-AP_run-01_epi.json	InstitutionalDepartmentName	"""Department"""	REMOVE
sub-059/ses-01/fmap/sub-059_ses-01_dir-AP_run-02_part-phase_epi.json	InstitutionalDepartmentName	"""Department"""	REMOVE
sub-059/ses-01/fmap/sub-059_ses-01_dir-AP_run-03_epi.json	InstitutionalDepartmentName	"""Department"""	REMOVE
sub-059/ses-01/fmap/sub-059_ses-01_dir-AP_run-04_part-phase_epi.json	InstitutionalDepartmentName	"""Department"""	REMOVE
sub-059/ses-01/fmap/sub-059_ses-01_dir-PA_run-01_epi.json	InstitutionalDepartmentName	"""Department"""	REMOVE
sub-059/ses-01/fmap/sub-059_ses-01_dir-PA_run-02_part-phase_epi.json	InstitutionalDepartmentName	"""Department"""	REMOVE
sub-059/ses-01/fmap/sub-059_ses-01_dir-PA_run-03_epi.json	InstitutionalDepartmentName	"""Department"""	REMOVE
sub-059/ses-01/fmap/sub-059_ses-01_dir-PA_run-04_part-phase_epi.json	InstitutionalDepartmentName	"""Department"""	REMOVE
sub-059/ses-01/func/sub-059_ses-01_task-control_run-01_bold.json	InstitutionalDepartmentName	"""Department"""	REMOVE
sub-059/ses-01/func/sub-059_ses-01_task-control_run-01_part-phase_sbref.json	InstitutionalDepartmentName	"""Department"""	REMOVE
sub-059/ses-01/func/sub-059_ses-01_task-control_run-01_sbref.json	InstitutionalDepartmentName	"""Department"""	REMOVE
sub-059/ses-01/func/sub-059_ses-01_task-control_run-02_part-phase_bold.json	InstitutionalDepartmentName	"""Department"""	REMOVE
sub-059/ses-01/func/sub-059_ses-01_task-control_run-02_part-phase_sbref.json	InstitutionalDepartmentName	"""Department"""	REMOVE
sub-059/ses-01/func/sub-059_ses-01_task-control_run-02_sbref.json	InstitutionalDepartmentName	"""Department"""	REMOVE
sub-059/ses-01/func/sub-059_ses-01_task-control_run-03_bold.json	InstitutionalDepartmentName	"""Department"""	REMOVE
sub-059/ses-01/func/sub-059_ses-01_task-control_run-03_part-phase_sbref.json	InstitutionalDepartmentName	"""Department"""	REMOVE
sub-059/ses-01/func/sub-059_ses-01_task-control_run-03_sbref.json	InstitutionalDepartmentName	"""Department"""	REMOVE
sub-059/ses-01/func/sub-059_ses-01_task-control_run-04_part-phase_bold.json	InstitutionalDepartmentName	"""Department"""	REMOVE
sub-059/ses-01/func/sub-059_ses-01_task-control_run-05_bold.json	InstitutionalDepartmentName	"""Department"""	REMOVE
sub-059/ses-01/func/sub-059_ses-01_task-control_run-06_part-phase_bold.json	InstitutionalDepartmentName	"""Department"""	REMOVE
sub-059/ses-01/func/sub-059_ses-01_task-fmri_run-01_bold.json	InstitutionalDepartmentName	"""Department"""	REMOVE
sub-059/ses-01/func/sub-059_ses-01_task-fmri_run-01_part-phase_sbref.json	InstitutionalDepartmentName	"""Department"""	REMOVE
sub-059/ses-01/func/sub-059_ses-01_task-fmri_run-01_sbref.json	InstitutionalDepartmentName	"""Department"""	REMOVE
sub-059/ses-01/func/sub-059_ses-01_task-fmri_run-02_part-phase_bold.json	InstitutionalDepartmentName	"""Department"""	REMOVE
sub-059/ses-01/func/sub-059_ses-01_task-fmri_run-02_part-phase_sbref.json	InstitutionalDepartmentName	"""Department"""	REMOVE
sub-059/ses-01/func/sub-059_ses-01_task-fmri_run-02_sbref.json	InstitutionalDepartmentName	"""Department"""	REMOVE
sub-059/ses-01/func/sub-059_ses-01_task-fmri_run-03_bold.json	InstitutionalDepartmentName	"""Department"""	REMOVE
sub-059/ses-01/func/sub-059_ses-01_task-fmri_run-03_part-phase_sbref.json	InstitutionalDepartmentName	"""Department"""	REMOVE
sub-059/ses-01/func/sub-059_ses-01_task-fmri_run-03_sbref.json	InstitutionalDepartmentName	"""Department"""	REMOVE
sub-059/ses-01/func/sub-059_ses-01_task-fmri_run-04_part-phase_bold.json	InstitutionalDepartmentName	"""Department"""	REMOVE
sub-059/ses-01/func/sub-059_ses-01_task-fmri_run-04_part-phase_sbref.json	InstitutionalDepartmentName	"""Department"""	REMOVE
sub-059/ses-01/func/sub-059_ses-01_task-fmri_run-04_sbref.json	InstitutionalDepartmentName	"""Department"""	REMOVE
sub-059/ses-01/func/sub-059_ses-01_task-fmri_run-05_bold.json	InstitutionalDepartmentName	"""Department"""	REMOVE
sub-059/ses-01/func/sub-059_ses-01_task-fmri_run-06_part-phase_bold.json	InstitutionalDepartmentName	"""Department"""	REMOVE
sub-059/ses-01/func/sub-059_ses-01_task-fmri_run-07_bold.json	InstitutionalDepartmentName	"""Department"""	REMOVE
sub-059/ses-01/func/sub-059_ses-01_task-fmri_run-08_part-phase_bold.json	InstitutionalDepartmentName	"""Department"""	REMOVE
sub-059/ses-01/func/sub-059_ses-01_task-movie_run-01_bold.json	InstitutionalDepartmentName	"""Department"""	REMOVE
sub-059/ses-01/func/sub-059_ses-01_task-movie_run-01_part-phase_sbref.json	InstitutionalDepartmentName	"""Department"""	REMOVE
sub-059/ses-01/func/sub-059_ses-01_task-movie_run-01_sbref.json	InstitutionalDepartmentName	"""Department"""	REMOVE
sub-059/ses-01/func/sub-059_ses-01_task-movie_run-02_part-phase_bold.json	InstitutionalDepartmentName	"""Department"""	REMOVE
sub-059/ses-01/func/sub-059_ses-01_task-movie_run-02_part-phase_sbref.json	InstitutionalDepartmentName	"""Department"""	REMOVE
sub-059/ses-01/func/sub-059_ses-01_task-movie_run-02_sbref.json	InstitutionalDepartmentName	"""Department"""	REMOVE
sub-059/ses-01/func/sub-059_ses-01_task-movie_run-03_bold.json	InstitutionalDepartmentName	"""Department"""	REMOVE
sub-059/ses-01/func/sub-059_ses-01_task-movie_run-03_part-phase_sbref.json	InstitutionalDepartmentName	"""Department"""	REMOVE
sub-059/ses-01/func/sub-059_ses-01_task-movie_run-03_sbref.json	InstitutionalDepartmentName	"""Department"""	REMOVE
sub-059/ses-01/func/sub-059_ses-01_task-movie_run-04_part-phase_bold.json	InstitutionalDepartmentName	"""Department"""	REMOVE
sub-059/ses-01/func/sub-059_ses-01_task-movie_run-04_part-phase_sbref.json	InstitutionalDepartmentName	"""Department"""	REMOVE
sub-059/ses-01/func/sub-059_ses-01_task-movie_run-04_sbref.json	InstitutionalDepartmentName	"""Department"""	REMOVE
sub-059/ses-01/func/sub-059_ses-01_task-movie_run-05_bold.json	InstitutionalDepartmentName	"""Department"""	REMOVE
sub-059/ses-01/func/sub-059_ses-01_task-movie_run-06_part-phase_bold.json	InstitutionalDepartmentName	"""Department"""	REMOVE
sub-059/ses-01/func/sub-059_ses-01_task-movie_run-07_bold.json	InstitutionalDepartmentName	"""Department"""	REMOVE
sub-059/ses-01/func/sub-059_ses-01_task-movie_run-08_part-phase_bold.json	InstitutionalDepartmentName	"""Department"""	REMOVE
sub-059/ses-01/func/sub-059_ses-01_task-rest_run-01_bold.json	InstitutionalDepartmentName	"""Department"""	REMOVE
sub-059/ses-01/func/sub-059_ses-01_task-rest_run-01_part-phase_sbref.json	InstitutionalDepartmentName	"""Department"""	REMOVE
sub-059/ses-01/func/sub-059_ses-01_task-rest_run-01_sbref.json	InstitutionalDepartmentName	"""Department"""	REMOVE
sub-059/ses-01/func/sub-059_ses-01_task-rest_run-02_part-phase_bold.json	InstitutionalDepartmentName	"""Department"""	REMOVE
sub-060/ses-01/anat/sub-060_ses-01_run-01_FLAIR.json	InstitutionalDepartmentName	"""Department"""	REMOVE
sub-060/ses-01/anat/sub-060_ses-01_run-01_T1w.json	InstitutionalDepartmentName	"""Department"""	REMOVE
sub-060/ses-01/anat/sub-060_ses-01_run-01_TB1TFL.json	InstitutionalDepartmentName	"""Department"""	REMOVE
sub-060/ses-01/anat/sub-060_ses-01_run-02_T1w.json	InstitutionalDepartmentName	"""Department"""	REMOVE
sub-060/ses-01/anat/sub-060_ses-01_run-02_TB1TFL.json	InstitutionalDepartmentName	"""Department"""	REMOVE
sub-060/ses-01/anat/sub-060_ses-01_run-03_T1w.json	InstitutionalDepartmentName	"""Department"""	REMOVE
sub-060/ses-01/dwi/sub-060_ses-01_run-01_dwi.json	InstitutionalDepartmentName	"""Department"""	REMOVE
sub-060/ses-01/dwi/sub-060_ses-01_run-02_dwi.json	InstitutionalDepartmentName	"""Department"""	REMOVE
sub-060/ses-01/dwi/sub-060_ses-01_run-05_dwi.json	InstitutionalDepartmentName	"""Department"""	REMOVE
sub-060/ses-01/fmap/sub-060_ses-01_dir-AP_run-01_epi.json	InstitutionalDepartmentName	"""Department"""	REMOVE
sub-060/ses-01/fmap/sub-060_ses-01_dir-AP_run-02_part-phase_epi.json	InstitutionalDepartmentName	"""Department"""	REMOVE
sub-060/ses-01/fmap/sub-060_ses-01_dir-AP_run-03_epi.json	InstitutionalDepartmentName	"""Department"""	REMOVE
sub-060/ses-01/fmap/sub-060_ses-01_dir-AP_run-04_part-phase_epi.json	InstitutionalDepartmentName	"""Department"""	REMOVE
sub-060/ses-01/fmap/sub-060_ses-01_dir-PA_run-01_epi.json	InstitutionalDepartmentName	"""Department"""	REMOVE
sub-060/ses-01/fmap/sub-060_ses-01_dir-PA_run-02_part-phase_epi.json	InstitutionalDepartmentName	"""Department"""	REMOVE
sub-060/ses-01/fmap/sub-060_ses-01_dir-PA_run-03_epi.json	InstitutionalDepartmentName	"""Department"""	REMOVE
sub-060/ses-01/fmap/sub-060_ses-01_dir-PA_run-04_part-phase_epi.json	InstitutionalDepartmentName	"""Department"""	REMOVE
sub-060/ses-01/func/sub-060_ses-01_task-control_run-01_bold.json	InstitutionalDepartmentName	"""Department"""	REMOVE
sub-060/ses-01/func/sub-060_ses-01_task-control_run-01_part-phase_sbref.json	InstitutionalDepartmentName	"""Department"""	REMOVE
sub-060/ses-01/func/sub-060_ses-01_task-control_run-01_sbref.json	InstitutionalDepartmentName	"""Department"""	REMOVE
sub-060/ses-01/func/sub-060_ses-01_task-control_run-02_part-phase_bold.json	InstitutionalDepartmentName	"""Department"""	REMOVE
sub-060/ses-01/func/sub-060_ses-01_task-control_run-02_part-phase_sbref.json	InstitutionalDepartmentName	"""Department"""	REMOVE
sub-060/ses-01/func/sub-060_ses-01_task-control_run-02_sbref.json	InstitutionalDepartmentName	"""Department"""	REMOVE
sub-060/ses-01/func/sub-060_ses-01_task-control_run-03_bold.json	InstitutionalDepartmentName	"""Department"""	REMOVE
sub-060/ses-01/func/sub-060_ses-01_task-control_run-03_part-phase_sbref.json	InstitutionalDepartmentName	"""Department"""	REMOVE
sub-060/ses-01/func/sub-060_ses-01_task-control_run-03_sbref.json	InstitutionalDepartmentName	"""Department"""	REMOVE
sub-060/ses-01/func/sub-060_ses-01_task-control_run-04_part-phase_bold.json	InstitutionalDepartmentName	"""Department"""	REMOVE
sub-060/ses-01/func/sub-060_ses-01_task-control_run-05_bold.json	InstitutionalDepartmentName	"""Department"""	REMOVE
sub-060/ses-01/func/sub-060_ses-01_task-control_run-06_part-phase_bold.json	InstitutionalDepartmentName	"""Department"""	REMOVE
sub-060/ses-01/func/sub-060_ses-01_task-fmri_run-01_bold.json	InstitutionalDepartmentName	"""Department"""	REMOVE
sub-060/ses-01/func/sub-060_ses-01_task-fmri_run-01_part-phase_sbref.json	InstitutionalDepartmentName	"""Department"""	REMOVE
sub-060/ses-01/func/sub-060_ses-01_task-fmri_run-01_sbref.json	InstitutionalDepartmentName	"""Department"""	REMOVE
sub-060/ses-01/func/sub-060_ses-01_task-fmri_run-02_part-phase_bold.json	InstitutionalDepartmentName	"""Department"""	REMOVE
sub-060/ses-01/func/sub-060_ses-01_task-fmri_run-02_part-phase_sbref.json	InstitutionalDepartmentName	"""Department"""	REMOVE
sub-060/ses-01/func/sub-060_ses-01_task-fmri_run-02_sbref.json	InstitutionalDepartmentName	"""Department"""	REMOVE
sub-060/ses-01/func/sub-060_ses-01_task-fmri_run-03_bold.json	InstitutionalDepartmentName	"""Department"""	REMOVE
sub-060/ses-01/func/sub-060_ses-01_task-fmri_run-03_part-phase_sbref.json	InstitutionalDepartmentName	"""Department"""	REMOVE
sub-060/ses-01/func/sub-060_ses-01_task-fmri_run-03_sbref.json	InstitutionalDepartmentName	"""Department"""	REMOVE
sub-060/ses-01/func/sub-060_ses-01_task-fmri_run-04_part-phase_bold.json	InstitutionalDepartmentName	"""Department"""	REMOVE
sub-060/ses-01/func/sub-060_ses-01_task-fmri_run-04_part-phase_sbref.json	InstitutionalDepartmentName	"""Department"""	REMOVE
sub-060/ses-01/func/sub-060_ses-01_task-fmri_run-04_sbref.json	InstitutionalDepartmentName	"""Department"""	REMOVE
sub-060/ses-01/func/sub-060_ses-01_task-fmri_run-05_bold.json	InstitutionalDepartmentName	"""Department"""	REMOVE
sub-060/ses-01/func/sub-060_ses-01_task-fmri_run-06_part-phase_bold.json	InstitutionalDepartmentName	"""Department"""	REMOVE
sub-060/ses-01/func/sub-060_ses-01_task-fmri_run-07_bold.json	InstitutionalDepartmentName	"""Department"""	REMOVE
sub-060/ses-01/func/sub-060_ses-01_task-fmri_run-08_part-phase_bold.json	InstitutionalDepartmentName	"""Department"""	REMOVE
sub-060/ses-01/func/sub-060_ses-01_task-movie_run-01_bold.json	InstitutionalDepartmentName	"""Department"""	REMOVE
sub-060/ses-01/func/sub-060_ses-01_task-movie_run-01_part-phase_sbref.json	InstitutionalDepartmentName	"""Department"""	REMOVE
sub-060/ses-01/func/sub-060_ses-01_task-movie_run-01_sbref.json	InstitutionalDepartmentName	"""Department"""	REMOVE
sub-060/ses-01/func/sub-060_ses-01_task-movie_run-02_part-phase_bold.json	InstitutionalDepartmentName	"""Department"""	REMOVE
sub-060/ses-01/func/sub-060_ses-01_task-movie_run-02_part-phase_sbref.json	InstitutionalDepartmentName	"""Department"""	REMOVE
sub-060/ses-01/func/sub-060_ses-01_task-movie_run-02_sbref.json	InstitutionalDepartmentName	"""Department"""	REMOVE
sub-060/ses-01/func/sub-060_ses-01_task-movie_run-03_bold.json	InstitutionalDepartmentName	"""Department"""	REMOVE
sub-060/ses-01/func/sub-060_ses-01_task-movie_run-03_part-phase_sbref.json	InstitutionalDepartmentName	"""Department"""	REMOVE
sub-060/ses-01/func/sub-060_ses-01_task-movie_run-03_sbref.json	InstitutionalDepartmentName	"""Department"""	REMOVE
sub-060/ses-01/func/sub-060_ses-01_task-movie_run-04_part-phase_bold.json	InstitutionalDepartmentName	"""Department"""	REMOVE
sub-060/ses-01/func/sub-060_ses-01_task-movie_run-04_part-phase_sbref.json	InstitutionalDepartmentName	"""Department"""	REMOVE
sub-060/ses-01/func/sub-060_ses-01_task-movie_run-04_sbref.json	InstitutionalDepartmentName	"""Department"""	REMOVE
sub-060/ses-01/func/sub-060_ses-01_task-movie_run-05_bold.json	InstitutionalDepartmentName	"""Department"""	REMOVE
sub-060/ses-01/func/sub-060_ses-01_task-movie_run-05_part-phase_sbref.json	InstitutionalDepartmentName	"""Department"""	REMOVE
sub-060/ses-01/func/sub-060_ses-01_task-movie_run-05_sbref.json	InstitutionalDepartmentName	"""Department"""	REMOVE
sub-060/ses-01/func/sub-060_ses-01_task-movie_run-06_part-phase_bold.json	InstitutionalDepartmentName	"""Department"""	REMOVE
sub-060/ses-01/func/sub-060_ses-01_task-movie_run-07_bold.json	InstitutionalDepartmentName	"""Department"""	REMOVE
sub-060/ses-01/func/sub-060_ses-01_task-movie_run-08_part-phase_bold.json	InstitutionalDepartmentName	"""Department"""	REMOVE
sub-060/ses-01/func/sub-060_ses-01_task-movie_run-09_bold.json	InstitutionalDepartmentName	"""Department"""	REMOVE
sub-060/ses-01/func/sub-060_ses-01_task-movie_run-10_part-phase_bold.json	InstitutionalDepartmentName	"""Department"""	REMOVE
sub-060/ses-01/func/sub-060_ses-01_task-rest_run-01_bold.json	InstitutionalDepartmentName	"""Department"""	REMOVE
sub-060/ses-01/func/sub-060_ses-01_task-rest_run-01_part-phase_sbref.json	InstitutionalDepartmentName	"""Department"""	REMOVE
sub-060/ses-01/func/sub-060_ses-01_task-rest_run-01_sbref.json	InstitutionalDepartmentName	"""Department"""	REMOVE
sub-060/ses-01/func/sub-060_ses-01_task-rest_run-02_part-phase_bold.json	InstitutionalDepartmentName	"""Department"""	REMOVE
sub-061/ses-01/anat/sub-061_ses-01_run-01_FLAIR.json	InstitutionalDepartmentName	"""Centre de Recherche"""	REMOVE
sub-061/ses-01/anat/sub-061_ses-01_run-01_T1w.json	InstitutionalDepartmentName	"""Centre de Recherche"""	REMOVE
sub-061/ses-01/anat/sub-061_ses-01_run-01_TB1TFL.json	InstitutionalDepartmentName	"""Centre de Recherche"""	REMOVE
sub-061/ses-01/anat/sub-061_ses-01_run-02_FLAIR.json	InstitutionalDepartmentName	"""Centre de Recherche"""	REMOVE
sub-061/ses-01/anat/sub-061_ses-01_run-02_T1w.json	InstitutionalDepartmentName	"""Centre de Recherche"""	REMOVE
sub-061/ses-01/anat/sub-061_ses-01_run-02_TB1TFL.json	InstitutionalDepartmentName	"""Centre de Recherche"""	REMOVE
sub-061/ses-01/anat/sub-061_ses-01_run-03_TB1TFL.json	InstitutionalDepartmentName	"""Centre de Recherche"""	REMOVE
sub-061/ses-01/anat/sub-061_ses-01_run-04_TB1TFL.json	InstitutionalDepartmentName	"""Centre de Recherche"""	REMOVE
sub-061/ses-01/dwi/sub-061_ses-01_run-01_dwi.json	InstitutionalDepartmentName	"""Centre de Recherche"""	REMOVE
sub-061/ses-01/dwi/sub-061_ses-01_run-05_dwi.json	InstitutionalDepartmentName	"""Centre de Recherche"""	REMOVE
sub-061/ses-01/dwi/sub-061_ses-01_run-13_dwi.json	InstitutionalDepartmentName	"""Centre de Recherche"""	REMOVE
sub-061/ses-01/fmap/sub-061_ses-01_dir-AP_run-01_epi.json	InstitutionalDepartmentName	"""Centre de Recherche"""	REMOVE
sub-061/ses-01/fmap/sub-061_ses-01_dir-AP_run-01_part-phase_epi.json	InstitutionalDepartmentName	"""Centre de Recherche"""	REMOVE
sub-061/ses-01/fmap/sub-061_ses-01_dir-AP_run-02_epi.json	InstitutionalDepartmentName	"""Centre de Recherche"""	REMOVE
sub-061/ses-01/fmap/sub-061_ses-01_dir-AP_run-03_part-phase_epi.json	InstitutionalDepartmentName	"""Centre de Recherche"""	REMOVE
sub-061/ses-01/fmap/sub-061_ses-01_dir-PA_run-01_epi.json	InstitutionalDepartmentName	"""Centre de Recherche"""	REMOVE
sub-061/ses-01/fmap/sub-061_ses-01_dir-PA_run-02_epi.json	InstitutionalDepartmentName	"""Centre de Recherche"""	REMOVE
sub-061/ses-01/fmap/sub-061_ses-01_dir-PA_run-02_part-phase_epi.json	InstitutionalDepartmentName	"""Centre de Recherche"""	REMOVE
sub-061/ses-01/fmap/sub-061_ses-01_dir-PA_run-04_part-phase_epi.json	InstitutionalDepartmentName	"""Centre de Recherche"""	REMOVE
sub-061/ses-01/func/sub-061_ses-01_task-control_run-01_part-phase_bold.json	InstitutionalDepartmentName	"""Centre de Recherche"""	REMOVE
sub-061/ses-01/func/sub-061_ses-01_task-control_run-02_bold.json	InstitutionalDepartmentName	"""Centre de Recherche"""	REMOVE
sub-061/ses-01/func/sub-061_ses-01_task-control_run-03_part-phase_bold.json	InstitutionalDepartmentName	"""Centre de Recherche"""	REMOVE
sub-061/ses-01/func/sub-061_ses-01_task-control_run-04_bold.json	InstitutionalDepartmentName	"""Centre de Recherche"""	REMOVE
sub-061/ses-01/func/sub-061_ses-01_task-control_run-05_part-phase_bold.json	InstitutionalDepartmentName	"""Centre de Recherche"""	REMOVE
sub-061/ses-01/func/sub-061_ses-01_task-control_run-06_bold.json	InstitutionalDepartmentName	"""Centre de Recherche"""	REMOVE
sub-061/ses-01/func/sub-061_ses-01_task-fmri_run-01_bold.json	InstitutionalDepartmentName	"""Centre de Recherche"""	REMOVE
sub-061/ses-01/func/sub-061_ses-01_task-fmri_run-02_part-phase_bold.json	InstitutionalDepartmentName	"""Centre de Recherche"""	REMOVE
sub-061/ses-01/func/sub-061_ses-01_task-fmri_run-03_bold.json	InstitutionalDepartmentName	"""Centre de Recherche"""	REMOVE
sub-061/ses-01/func/sub-061_ses-01_task-fmri_run-04_part-phase_bold.json	InstitutionalDepartmentName	"""Centre de Recherche"""	REMOVE
sub-061/ses-01/func/sub-061_ses-01_task-fmri_run-05_bold.json	InstitutionalDepartmentName	"""Centre de Recherche"""	REMOVE
sub-061/ses-01/func/sub-061_ses-01_task-fmri_run-06_part-phase_bold.json	InstitutionalDepartmentName	"""Centre de Recherche"""	REMOVE
sub-061/ses-01/func/sub-061_ses-01_task-fmri_run-07_bold.json	InstitutionalDepartmentName	"""Centre de Recherche"""	REMOVE
sub-061/ses-01/func/sub-061_ses-01_task-fmri_run-08_part-phase_bold.json	InstitutionalDepartmentName	"""Centre de Recherche"""	REMOVE
sub-061/ses-01/func/sub-061_ses-01_task-fmri_run-09_bold.json	InstitutionalDepartmentName	"""Centre de Recherche"""	REMOVE
sub-061/ses-01/func/sub-061_ses-01_task-fmri_run-10_part-phase_bold.json	InstitutionalDepartmentName	"""Centre de Recherche"""	REMOVE
sub-061/ses-01/func/sub-061_ses-01_task-movie_run-01_bold.json	InstitutionalDepartmentName	"""Centre de Recherche"""	REMOVE
sub-061/ses-01/func/sub-061_ses-01_task-movie_run-02_part-phase_bold.json	InstitutionalDepartmentName	"""Centre de Recherche"""	REMOVE
sub-061/ses-01/func/sub-061_ses-01_task-movie_run-03_bold.json	InstitutionalDepartmentName	"""Centre de Recherche"""	REMOVE
sub-061/ses-01/func/sub-061_ses-01_task-movie_run-04_part-phase_bold.json	InstitutionalDepartmentName	"""Centre de Recherche"""	REMOVE
sub-061/ses-01/func/sub-061_ses-01_task-movie_run-05_bold.json	InstitutionalDepartmentName	"""Centre de Recherche"""	REMOVE
sub-061/ses-01/func/sub-061_ses-01_task-movie_run-06_part-phase_bold.json	InstitutionalDepartmentName	"""Centre de Recherche"""	REMOVE
sub-061/ses-01/func/sub-061_ses-01_task-movie_run-07_bold.json	InstitutionalDepartmentName	"""Centre de Recherche"""	REMOVE
sub-061/ses-01/func/sub-061_ses-01_task-movie_run-08_part-phase_bold.json	InstitutionalDepartmentName	"""Centre de Recherche"""	REMOVE
sub-061/ses-01/func/sub-061_ses-01_task-rest_run-01_bold.json	InstitutionalDepartmentName	"""Centre de Recherche"""	REMOVE
sub-061/ses-01/func/sub-061_ses-01_task-rest_run-02_part-phase_bold.json	InstitutionalDepartmentName	"""Centre de Recherche"""	REMOVE
sub-062/ses-01/anat/sub-062_ses-01_run-01_FLAIR.json	InstitutionalDepartmentName	"""Centre de Recherche"""	REMOVE
sub-062/ses-01/anat/sub-062_ses-01_run-01_T1w.json	InstitutionalDepartmentName	"""Centre de Recherche"""	REMOVE
sub-062/ses-01/anat/sub-062_ses-01_run-01_TB1TFL.json	InstitutionalDepartmentName	"""Centre de Recherche"""	REMOVE
sub-062/ses-01/anat/sub-062_ses-01_run-02_FLAIR.json	InstitutionalDepartmentName	"""Centre de Recherche"""	REMOVE
sub-062/ses-01/anat/sub-062_ses-01_run-02_T1w.json	InstitutionalDepartmentName	"""Centre de Recherche"""	REMOVE
sub-062/ses-01/anat/sub-062_ses-01_run-02_TB1TFL.json	InstitutionalDepartmentName	"""Centre de Recherche"""	REMOVE
sub-062/ses-01/anat/sub-062_ses-01_run-03_T1w.json	InstitutionalDepartmentName	"""Centre de Recherche"""	REMOVE
sub-062/ses-01/anat/sub-062_ses-01_run-03_TB1TFL.json	InstitutionalDepartmentName	"""Centre de Recherche"""	REMOVE
sub-062/ses-01/anat/sub-062_ses-01_run-04_TB1TFL.json	InstitutionalDepartmentName	"""Centre de Recherche"""	REMOVE
sub-062/ses-01/dwi/sub-062_ses-01_run-03_dwi.json	InstitutionalDepartmentName	"""Centre de Recherche"""	REMOVE
sub-062/ses-01/dwi/sub-062_ses-01_run-11_dwi.json	InstitutionalDepartmentName	"""Centre de Recherche"""	REMOVE
sub-062/ses-01/fmap/sub-062_ses-01_dir-AP_run-01_epi.json	InstitutionalDepartmentName	"""Centre de Recherche"""	REMOVE
sub-062/ses-01/fmap/sub-062_ses-01_dir-AP_run-01_part-phase_epi.json	InstitutionalDepartmentName	"""Centre de Recherche"""	REMOVE
sub-062/ses-01/fmap/sub-062_ses-01_dir-AP_run-02_epi.json	InstitutionalDepartmentName	"""Centre de Recherche"""	REMOVE
sub-062/ses-01/fmap/sub-062_ses-01_dir-AP_run-03_part-phase_epi.json	InstitutionalDepartmentName	"""Centre de Recherche"""	REMOVE
sub-062/ses-01/fmap/sub-062_ses-01_dir-PA_run-01_epi.json	InstitutionalDepartmentName	"""Centre de Recherche"""	REMOVE
sub-062/ses-01/fmap/sub-062_ses-01_dir-PA_run-02_epi.json	InstitutionalDepartmentName	"""Centre de Recherche"""	REMOVE
sub-062/ses-01/fmap/sub-062_ses-01_dir-PA_run-02_part-phase_epi.json	InstitutionalDepartmentName	"""Centre de Recherche"""	REMOVE
sub-062/ses-01/fmap/sub-062_ses-01_dir-PA_run-04_part-phase_epi.json	InstitutionalDepartmentName	"""Centre de Recherche"""	REMOVE
sub-062/ses-01/func/sub-062_ses-01_task-control_run-01_bold.json	InstitutionalDepartmentName	"""Centre de Recherche"""	REMOVE
sub-062/ses-01/func/sub-062_ses-01_task-control_run-02_part-phase_bold.json	InstitutionalDepartmentName	"""Centre de Recherche"""	REMOVE
sub-062/ses-01/func/sub-062_ses-01_task-control_run-03_bold.json	InstitutionalDepartmentName	"""Centre de Recherche"""	REMOVE
sub-062/ses-01/func/sub-062_ses-01_task-control_run-04_part-phase_bold.json	InstitutionalDepartmentName	"""Centre de Recherche"""	REMOVE
sub-062/ses-01/func/sub-062_ses-01_task-control_run-05_bold.json	InstitutionalDepartmentName	"""Centre de Recherche"""	REMOVE
sub-062/ses-01/func/sub-062_ses-01_task-control_run-06_part-phase_bold.json	InstitutionalDepartmentName	"""Centre de Recherche"""	REMOVE
sub-062/ses-01/func/sub-062_ses-01_task-fmri_run-01_bold.json	InstitutionalDepartmentName	"""Centre de Recherche"""	REMOVE
sub-062/ses-01/func/sub-062_ses-01_task-fmri_run-02_part-phase_bold.json	InstitutionalDepartmentName	"""Centre de Recherche"""	REMOVE
sub-062/ses-01/func/sub-062_ses-01_task-fmri_run-03_bold.json	InstitutionalDepartmentName	"""Centre de Recherche"""	REMOVE
sub-062/ses-01/func/sub-062_ses-01_task-fmri_run-04_part-phase_bold.json	InstitutionalDepartmentName	"""Centre de Recherche"""	REMOVE
sub-062/ses-01/func/sub-062_ses-01_task-fmri_run-05_bold.json	InstitutionalDepartmentName	"""Centre de Recherche"""	REMOVE
sub-062/ses-01/func/sub-062_ses-01_task-fmri_run-06_part-phase_bold.json	InstitutionalDepartmentName	"""Centre de Recherche"""	REMOVE
sub-062/ses-01/func/sub-062_ses-01_task-fmri_run-07_bold.json	InstitutionalDepartmentName	"""Centre de Recherche"""	REMOVE
sub-062/ses-01/func/sub-062_ses-01_task-fmri_run-08_part-phase_bold.json	InstitutionalDepartmentName	"""Centre de Recherche"""	REMOVE
sub-062/ses-01/func/sub-062_ses-01_task-movie_run-01_bold.json	InstitutionalDepartmentName	"""Centre de Recherche"""	REMOVE
sub-062/ses-01/func/sub-062_ses-01_task-movie_run-02_part-phase_bold.json	InstitutionalDepartmentName	"""Centre de Recherche"""	REMOVE
sub-062/ses-01/func/sub-062_ses-01_task-movie_run-03_bold.json	InstitutionalDepartmentName	"""Centre de Recherche"""	REMOVE
sub-062/ses-01/func/sub-062_ses-01_task-movie_run-04_part-phase_bold.json	InstitutionalDepartmentName	"""Centre de Recherche"""	REMOVE
sub-062/ses-01/func/sub-062_ses-01_task-movie_run-05_bold.json	InstitutionalDepartmentName	"""Centre de Recherche"""	REMOVE
sub-062/ses-01/func/sub-062_ses-01_task-movie_run-06_part-phase_bold.json	InstitutionalDepartmentName	"""Centre de Recherche"""	REMOVE
sub-062/ses-01/func/sub-062_ses-01_task-movie_run-07_bold.json	InstitutionalDepartmentName	"""Centre de Recherche"""	REMOVE
sub-062/ses-01/func/sub-062_ses-01_task-movie_run-08_part-phase_bold.json	InstitutionalDepartmentName	"""Centre de Recherche"""	REMOVE
sub-062/ses-01/func/sub-062_ses-01_task-rest_run-01_bold.json	InstitutionalDepartmentName	"""Centre de Recherche"""	REMOVE
sub-062/ses-01/func/sub-062_ses-01_task-rest_run-02_part-phase_bold.json	InstitutionalDepartmentName	"""Centre de Recherche"""	REMOVE
sub-063/ses-01/anat/sub-063_ses-01_run-01_FLAIR.json	InstitutionalDepartmentName	"""Centre de Recherche"""	REMOVE
sub-063/ses-01/anat/sub-063_ses-01_run-01_T1w.json	InstitutionalDepartmentName	"""Centre de Recherche"""	REMOVE
sub-063/ses-01/anat/sub-063_ses-01_run-01_TB1TFL.json	InstitutionalDepartmentName	"""Centre de Recherche"""	REMOVE
sub-063/ses-01/anat/sub-063_ses-01_run-02_FLAIR.json	InstitutionalDepartmentName	"""Centre de Recherche"""	REMOVE
sub-063/ses-01/anat/sub-063_ses-01_run-02_T1w.json	InstitutionalDepartmentName	"""Centre de Recherche"""	REMOVE
sub-063/ses-01/anat/sub-063_ses-01_run-02_TB1TFL.json	InstitutionalDepartmentName	"""Centre de Recherche"""	REMOVE
sub-063/ses-01/anat/sub-063_ses-01_run-03_TB1TFL.json	InstitutionalDepartmentName	"""Centre de Recherche"""	REMOVE
sub-063/ses-01/anat/sub-063_ses-01_run-04_TB1TFL.json	InstitutionalDepartmentName	"""Centre de Recherche"""	REMOVE
sub-063/ses-01/dwi/sub-063_ses-01_run-03_dwi.json	InstitutionalDepartmentName	"""Centre de Recherche"""	REMOVE
sub-063/ses-01/dwi/sub-063_ses-01_run-11_dwi.json	InstitutionalDepartmentName	"""Centre de Recherche"""	REMOVE
sub-063/ses-01/fmap/sub-063_ses-01_dir-AP_run-01_epi.json	InstitutionalDepartmentName	"""Centre de Recherche"""	REMOVE
sub-063/ses-01/fmap/sub-063_ses-01_dir-AP_run-01_part-phase_epi.json	InstitutionalDepartmentName	"""Centre de Recherche"""	REMOVE
sub-063/ses-01/fmap/sub-063_ses-01_dir-PA_run-01_epi.json	InstitutionalDepartmentName	"""Centre de Recherche"""	REMOVE
sub-063/ses-01/fmap/sub-063_ses-01_dir-PA_run-02_part-phase_epi.json	InstitutionalDepartmentName	"""Centre de Recherche"""	REMOVE
sub-063/ses-01/func/sub-063_ses-01_task-control_run-01_bold.json	InstitutionalDepartmentName	"""Centre de Recherche"""	REMOVE
sub-063/ses-01/func/sub-063_ses-01_task-control_run-02_part-phase_bold.json	InstitutionalDepartmentName	"""Centre de Recherche"""	REMOVE
sub-063/ses-01/func/sub-063_ses-01_task-control_run-03_bold.json	InstitutionalDepartmentName	"""Centre de Recherche"""	REMOVE
sub-063/ses-01/func/sub-063_ses-01_task-control_run-04_part-phase_bold.json	InstitutionalDepartmentName	"""Centre de Recherche"""	REMOVE
sub-063/ses-01/func/sub-063_ses-01_task-rest_run-01_bold.json	InstitutionalDepartmentName	"""Centre de Recherche"""	REMOVE
sub-063/ses-01/func/sub-063_ses-01_task-rest_run-02_part-phase_bold.json	InstitutionalDepartmentName	"""Centre de Recherche"""	REMOVE
sub-064/ses-01/anat/sub-064_ses-01_run-01_FLAIR.json	InstitutionalDepartmentName	"""Department"""	REMOVE
sub-064/ses-01/anat/sub-064_ses-01_run-01_T1w.json	InstitutionalDepartmentName	"""Department"""	REMOVE
sub-064/ses-01/anat/sub-064_ses-01_run-01_TB1TFL.json	InstitutionalDepartmentName	"""Department"""	REMOVE
sub-064/ses-01/anat/sub-064_ses-01_run-02_T1w.json	InstitutionalDepartmentName	"""Department"""	REMOVE
sub-064/ses-01/anat/sub-064_ses-01_run-02_TB1TFL.json	InstitutionalDepartmentName	"""Department"""	REMOVE
sub-064/ses-01/anat/sub-064_ses-01_run-03_T1w.json	InstitutionalDepartmentName	"""Department"""	REMOVE
sub-064/ses-01/dwi/sub-064_ses-01_run-01_dwi.json	InstitutionalDepartmentName	"""Department"""	REMOVE
sub-064/ses-01/dwi/sub-064_ses-01_run-02_dwi.json	InstitutionalDepartmentName	"""Department"""	REMOVE
sub-064/ses-01/dwi/sub-064_ses-01_run-05_dwi.json	InstitutionalDepartmentName	"""Department"""	REMOVE
sub-064/ses-01/fmap/sub-064_ses-01_dir-AP_run-01_epi.json	InstitutionalDepartmentName	"""Department"""	REMOVE
sub-064/ses-01/fmap/sub-064_ses-01_dir-AP_run-02_part-phase_epi.json	InstitutionalDepartmentName	"""Department"""	REMOVE
sub-064/ses-01/fmap/sub-064_ses-01_dir-AP_run-03_epi.json	InstitutionalDepartmentName	"""Department"""	REMOVE
sub-064/ses-01/fmap/sub-064_ses-01_dir-AP_run-04_part-phase_epi.json	InstitutionalDepartmentName	"""Department"""	REMOVE
sub-064/ses-01/fmap/sub-064_ses-01_dir-PA_run-01_epi.json	InstitutionalDepartmentName	"""Department"""	REMOVE
sub-064/ses-01/fmap/sub-064_ses-01_dir-PA_run-02_part-phase_epi.json	InstitutionalDepartmentName	"""Department"""	REMOVE
sub-064/ses-01/fmap/sub-064_ses-01_dir-PA_run-03_epi.json	InstitutionalDepartmentName	"""Department"""	REMOVE
sub-064/ses-01/fmap/sub-064_ses-01_dir-PA_run-04_part-phase_epi.json	InstitutionalDepartmentName	"""Department"""	REMOVE
sub-064/ses-01/func/sub-064_ses-01_task-control_run-01_bold.json	InstitutionalDepartmentName	"""Department"""	REMOVE
sub-064/ses-01/func/sub-064_ses-01_task-control_run-01_part-phase_sbref.json	InstitutionalDepartmentName	"""Department"""	REMOVE
sub-064/ses-01/func/sub-064_ses-01_task-control_run-01_sbref.json	InstitutionalDepartmentName	"""Department"""	REMOVE
sub-064/ses-01/func/sub-064_ses-01_task-control_run-02_part-phase_bold.json	InstitutionalDepartmentName	"""Department"""	REMOVE
sub-064/ses-01/func/sub-064_ses-01_task-control_run-02_part-phase_sbref.json	InstitutionalDepartmentName	"""Department"""	REMOVE
sub-064/ses-01/func/sub-064_ses-01_task-control_run-02_sbref.json	InstitutionalDepartmentName	"""Department"""	REMOVE
sub-064/ses-01/func/sub-064_ses-01_task-control_run-03_bold.json	InstitutionalDepartmentName	"""Department"""	REMOVE
sub-064/ses-01/func/sub-064_ses-01_task-control_run-03_part-phase_sbref.json	InstitutionalDepartmentName	"""Department"""	REMOVE
sub-064/ses-01/func/sub-064_ses-01_task-control_run-03_sbref.json	InstitutionalDepartmentName	"""Department"""	REMOVE
sub-064/ses-01/func/sub-064_ses-01_task-control_run-04_part-phase_bold.json	InstitutionalDepartmentName	"""Department"""	REMOVE
sub-064/ses-01/func/sub-064_ses-01_task-control_run-05_bold.json	InstitutionalDepartmentName	"""Department"""	REMOVE
sub-064/ses-01/func/sub-064_ses-01_task-control_run-06_part-phase_bold.json	InstitutionalDepartmentName	"""Department"""	REMOVE
sub-064/ses-01/func/sub-064_ses-01_task-fmri_run-01_bold.json	InstitutionalDepartmentName	"""Department"""	REMOVE
sub-064/ses-01/func/sub-064_ses-01_task-fmri_run-01_part-phase_sbref.json	InstitutionalDepartmentName	"""Department"""	REMOVE
sub-064/ses-01/func/sub-064_ses-01_task-fmri_run-01_sbref.json	InstitutionalDepartmentName	"""Department"""	REMOVE
sub-064/ses-01/func/sub-064_ses-01_task-fmri_run-02_part-phase_bold.json	InstitutionalDepartmentName	"""Department"""	REMOVE
sub-064/ses-01/func/sub-064_ses-01_task-fmri_run-02_part-phase_sbref.json	InstitutionalDepartmentName	"""Department"""	REMOVE
sub-064/ses-01/func/sub-064_ses-01_task-fmri_run-02_sbref.json	InstitutionalDepartmentName	"""Department"""	REMOVE
sub-064/ses-01/func/sub-064_ses-01_task-fmri_run-03_bold.json	InstitutionalDepartmentName	"""Department"""	REMOVE
sub-064/ses-01/func/sub-064_ses-01_task-fmri_run-03_part-phase_sbref.json	InstitutionalDepartmentName	"""Department"""	REMOVE
sub-064/ses-01/func/sub-064_ses-01_task-fmri_run-03_sbref.json	InstitutionalDepartmentName	"""Department"""	REMOVE
sub-064/ses-01/func/sub-064_ses-01_task-fmri_run-04_part-phase_bold.json	InstitutionalDepartmentName	"""Department"""	REMOVE
sub-064/ses-01/func/sub-064_ses-01_task-fmri_run-04_part-phase_sbref.json	InstitutionalDepartmentName	"""Department"""	REMOVE
sub-064/ses-01/func/sub-064_ses-01_task-fmri_run-04_sbref.json	InstitutionalDepartmentName	"""Department"""	REMOVE
sub-064/ses-01/func/sub-064_ses-01_task-fmri_run-05_bold.json	InstitutionalDepartmentName	"""Department"""	REMOVE
sub-064/ses-01/func/sub-064_ses-01_task-fmri_run-06_part-phase_bold.json	InstitutionalDepartmentName	"""Department"""	REMOVE
sub-064/ses-01/func/sub-064_ses-01_task-fmri_run-07_bold.json	InstitutionalDepartmentName	"""Department"""	REMOVE
sub-064/ses-01/func/sub-064_ses-01_task-fmri_run-08_part-phase_bold.json	InstitutionalDepartmentName	"""Department"""	REMOVE
sub-064/ses-01/func/sub-064_ses-01_task-movie_run-01_bold.json	InstitutionalDepartmentName	"""Department"""	REMOVE
sub-064/ses-01/func/sub-064_ses-01_task-movie_run-01_part-phase_sbref.json	InstitutionalDepartmentName	"""Department"""	REMOVE
sub-064/ses-01/func/sub-064_ses-01_task-movie_run-01_sbref.json	InstitutionalDepartmentName	"""Department"""	REMOVE
sub-064/ses-01/func/sub-064_ses-01_task-movie_run-02_part-phase_bold.json	InstitutionalDepartmentName	"""Department"""	REMOVE
sub-064/ses-01/func/sub-064_ses-01_task-movie_run-02_part-phase_sbref.json	InstitutionalDepartmentName	"""Department"""	REMOVE
sub-064/ses-01/func/sub-064_ses-01_task-movie_run-02_sbref.json	InstitutionalDepartmentName	"""Department"""	REMOVE
sub-064/ses-01/func/sub-064_ses-01_task-movie_run-03_bold.json	InstitutionalDepartmentName	"""Department"""	REMOVE
sub-064/ses-01/func/sub-064_ses-01_task-movie_run-03_part-phase_sbref.json	InstitutionalDepartmentName	"""Department"""	REMOVE
sub-064/ses-01/func/sub-064_ses-01_task-movie_run-03_sbref.json	InstitutionalDepartmentName	"""Department"""	REMOVE
sub-064/ses-01/func/sub-064_ses-01_task-movie_run-04_part-phase_bold.json	InstitutionalDepartmentName	"""Department"""	REMOVE
sub-064/ses-01/func/sub-064_ses-01_task-movie_run-04_part-phase_sbref.json	InstitutionalDepartmentName	"""Department"""	REMOVE
sub-064/ses-01/func/sub-064_ses-01_task-movie_run-04_sbref.json	InstitutionalDepartmentName	"""Department"""	REMOVE
sub-064/ses-01/func/sub-064_ses-01_task-movie_run-05_bold.json	InstitutionalDepartmentName	"""Department"""	REMOVE
sub-064/ses-01/func/sub-064_ses-01_task-movie_run-06_part-phase_bold.json	InstitutionalDepartmentName	"""Department"""	REMOVE
sub-064/ses-01/func/sub-064_ses-01_task-movie_run-07_bold.json	InstitutionalDepartmentName	"""Department"""	REMOVE
sub-064/ses-01/func/sub-064_ses-01_task-movie_run-08_part-phase_bold.json	InstitutionalDepartmentName	"""Department"""	REMOVE
sub-064/ses-01/func/sub-064_ses-01_task-rest_run-01_bold.json	InstitutionalDepartmentName	"""Department"""	REMOVE
sub-064/ses-01/func/sub-064_ses-01_task-rest_run-01_part-phase_sbref.json	InstitutionalDepartmentName	"""Department"""	REMOVE
sub-064/ses-01/func/sub-064_ses-01_task-rest_run-01_sbref.json	InstitutionalDepartmentName	"""Department"""	REMOVE
sub-064/ses-01/func/sub-064_ses-01_task-rest_run-02_part-phase_bold.json	InstitutionalDepartmentName	"""Department"""	REMOVE
sub-065/ses-01/anat/sub-065_ses-01_run-01_FLAIR.json	InstitutionalDepartmentName	"""Department"""	REMOVE
sub-065/ses-01/anat/sub-065_ses-01_run-01_T1w.json	InstitutionalDepartmentName	"""Department"""	REMOVE
sub-065/ses-01/anat/sub-065_ses-01_run-01_TB1TFL.json	InstitutionalDepartmentName	"""Department"""	REMOVE
sub-065/ses-01/anat/sub-065_ses-01_run-02_T1w.json	InstitutionalDepartmentName	"""Department"""	REMOVE
sub-065/ses-01/anat/sub-065_ses-01_run-02_TB1TFL.json	InstitutionalDepartmentName	"""Department"""	REMOVE
sub-065/ses-01/anat/sub-065_ses-01_run-03_T1w.json	InstitutionalDepartmentName	"""Department"""	REMOVE
sub-065/ses-01/dwi/sub-065_ses-01_run-01_dwi.json	InstitutionalDepartmentName	"""Department"""	REMOVE
sub-065/ses-01/dwi/sub-065_ses-01_run-02_dwi.json	InstitutionalDepartmentName	"""Department"""	REMOVE
sub-065/ses-01/dwi/sub-065_ses-01_run-05_dwi.json	InstitutionalDepartmentName	"""Department"""	REMOVE
sub-065/ses-01/fmap/sub-065_ses-01_dir-AP_run-01_epi.json	InstitutionalDepartmentName	"""Department"""	REMOVE
sub-065/ses-01/fmap/sub-065_ses-01_dir-AP_run-02_part-phase_epi.json	InstitutionalDepartmentName	"""Department"""	REMOVE
sub-065/ses-01/fmap/sub-065_ses-01_dir-AP_run-03_epi.json	InstitutionalDepartmentName	"""Department"""	REMOVE
sub-065/ses-01/fmap/sub-065_ses-01_dir-AP_run-04_part-phase_epi.json	InstitutionalDepartmentName	"""Department"""	REMOVE
sub-065/ses-01/fmap/sub-065_ses-01_dir-PA_run-01_epi.json	InstitutionalDepartmentName	"""Department"""	REMOVE
sub-065/ses-01/fmap/sub-065_ses-01_dir-PA_run-02_part-phase_epi.json	InstitutionalDepartmentName	"""Department"""	REMOVE
sub-065/ses-01/fmap/sub-065_ses-01_dir-PA_run-03_epi.json	InstitutionalDepartmentName	"""Department"""	REMOVE
sub-065/ses-01/fmap/sub-065_ses-01_dir-PA_run-04_part-phase_epi.json	InstitutionalDepartmentName	"""Department"""	REMOVE
sub-065/ses-01/func/sub-065_ses-01_task-control_run-01_bold.json	InstitutionalDepartmentName	"""Department"""	REMOVE
sub-065/ses-01/func/sub-065_ses-01_task-control_run-01_part-phase_sbref.json	InstitutionalDepartmentName	"""Department"""	REMOVE
sub-065/ses-01/func/sub-065_ses-01_task-control_run-01_sbref.json	InstitutionalDepartmentName	"""Department"""	REMOVE
sub-065/ses-01/func/sub-065_ses-01_task-control_run-02_part-phase_bold.json	InstitutionalDepartmentName	"""Department"""	REMOVE
sub-065/ses-01/func/sub-065_ses-01_task-control_run-02_part-phase_sbref.json	InstitutionalDepartmentName	"""Department"""	REMOVE
sub-065/ses-01/func/sub-065_ses-01_task-control_run-02_sbref.json	InstitutionalDepartmentName	"""Department"""	REMOVE
sub-065/ses-01/func/sub-065_ses-01_task-control_run-03_bold.json	InstitutionalDepartmentName	"""Department"""	REMOVE
sub-065/ses-01/func/sub-065_ses-01_task-control_run-03_part-phase_sbref.json	InstitutionalDepartmentName	"""Department"""	REMOVE
sub-065/ses-01/func/sub-065_ses-01_task-control_run-03_sbref.json	InstitutionalDepartmentName	"""Department"""	REMOVE
sub-065/ses-01/func/sub-065_ses-01_task-control_run-04_part-phase_bold.json	InstitutionalDepartmentName	"""Department"""	REMOVE
sub-065/ses-01/func/sub-065_ses-01_task-control_run-05_bold.json	InstitutionalDepartmentName	"""Department"""	REMOVE
sub-065/ses-01/func/sub-065_ses-01_task-control_run-06_part-phase_bold.json	InstitutionalDepartmentName	"""Department"""	REMOVE
sub-065/ses-01/func/sub-065_ses-01_task-fmri_run-01_bold.json	InstitutionalDepartmentName	"""Department"""	REMOVE
sub-065/ses-01/func/sub-065_ses-01_task-fmri_run-01_part-phase_sbref.json	InstitutionalDepartmentName	"""Department"""	REMOVE
sub-065/ses-01/func/sub-065_ses-01_task-fmri_run-01_sbref.json	InstitutionalDepartmentName	"""Department"""	REMOVE
sub-065/ses-01/func/sub-065_ses-01_task-fmri_run-02_part-phase_bold.json	InstitutionalDepartmentName	"""Department"""	REMOVE
sub-065/ses-01/func/sub-065_ses-01_task-fmri_run-02_part-phase_sbref.json	InstitutionalDepartmentName	"""Department"""	REMOVE
sub-065/ses-01/func/sub-065_ses-01_task-fmri_run-02_sbref.json	InstitutionalDepartmentName	"""Department"""	REMOVE
sub-065/ses-01/func/sub-065_ses-01_task-fmri_run-03_bold.json	InstitutionalDepartmentName	"""Department"""	REMOVE
sub-065/ses-01/func/sub-065_ses-01_task-fmri_run-03_part-phase_sbref.json	InstitutionalDepartmentName	"""Department"""	REMOVE
sub-065/ses-01/func/sub-065_ses-01_task-fmri_run-03_sbref.json	InstitutionalDepartmentName	"""Department"""	REMOVE
sub-065/ses-01/func/sub-065_ses-01_task-fmri_run-04_part-phase_bold.json	InstitutionalDepartmentName	"""Department"""	REMOVE
sub-065/ses-01/func/sub-065_ses-01_task-fmri_run-04_part-phase_sbref.json	InstitutionalDepartmentName	"""Department"""	REMOVE
sub-065/ses-01/func/sub-065_ses-01_task-fmri_run-04_sbref.json	InstitutionalDepartmentName	"""Department"""	REMOVE
sub-065/ses-01/func/sub-065_ses-01_task-fmri_run-05_bold.json	InstitutionalDepartmentName	"""Department"""	REMOVE
sub-065/ses-01/func/sub-065_ses-01_task-fmri_run-06_part-phase_bold.json	InstitutionalDepartmentName	"""Department"""	REMOVE
sub-065/ses-01/func/sub-065_ses-01_task-fmri_run-07_bold.json	InstitutionalDepartmentName	"""Department"""	REMOVE
sub-065/ses-01/func/sub-065_ses-01_task-fmri_run-08_part-phase_bold.json	InstitutionalDepartmentName	"""Department"""	REMOVE
sub-065/ses-01/func/sub-065_ses-01_task-movie_run-01_bold.json	InstitutionalDepartmentName	"""Department"""	REMOVE
sub-065/ses-01/func/sub-065_ses-01_task-movie_run-01_part-phase_sbref.json	InstitutionalDepartmentName	"""Department"""	REMOVE
sub-065/ses-01/func/sub-065_ses-01_task-movie_run-01_sbref.json	InstitutionalDepartmentName	"""Department"""	REMOVE
sub-065/ses-01/func/sub-065_ses-01_task-movie_run-02_part-phase_bold.json	InstitutionalDepartmentName	"""Department"""	REMOVE
sub-065/ses-01/func/sub-065_ses-01_task-movie_run-02_part-phase_sbref.json	InstitutionalDepartmentName	"""Department"""	REMOVE
sub-065/ses-01/func/sub-065_ses-01_task-movie_run-02_sbref.json	InstitutionalDepartmentName	"""Department"""	REMOVE
sub-065/ses-01/func/sub-065_ses-01_task-movie_run-03_bold.json	InstitutionalDepartmentName	"""Department"""	REMOVE
sub-065/ses-01/func/sub-065_ses-01_task-movie_run-03_part-phase_sbref.json	InstitutionalDepartmentName	"""Department"""	REMOVE
sub-065/ses-01/func/sub-065_ses-01_task-movie_run-03_sbref.json	InstitutionalDepartmentName	"""Department"""	REMOVE
sub-065/ses-01/func/sub-065_ses-01_task-movie_run-04_part-phase_bold.json	InstitutionalDepartmentName	"""Department"""	REMOVE
sub-065/ses-01/func/sub-065_ses-01_task-movie_run-04_part-phase_sbref.json	InstitutionalDepartmentName	"""Department"""	REMOVE
sub-065/ses-01/func/sub-065_ses-01_task-movie_run-04_sbref.json	InstitutionalDepartmentName	"""Department"""	REMOVE
sub-065/ses-01/func/sub-065_ses-01_task-movie_run-05_bold.json	InstitutionalDepartmentName	"""Department"""	REMOVE
sub-065/ses-01/func/sub-065_ses-01_task-movie_run-06_part-phase_bold.json	InstitutionalDepartmentName	"""Department"""	REMOVE
sub-065/ses-01/func/sub-065_ses-01_task-movie_run-07_bold.json	InstitutionalDepartmentName	"""Department"""	REMOVE
sub-065/ses-01/func/sub-065_ses-01_task-movie_run-08_part-phase_bold.json	InstitutionalDepartmentName	"""Department"""	REMOVE
sub-065/ses-01/func/sub-065_ses-01_task-rest_run-01_bold.json	InstitutionalDepartmentName	"""Department"""	REMOVE
sub-065/ses-01/func/sub-065_ses-01_task-rest_run-01_part-phase_sbref.json	InstitutionalDepartmentName	"""Department"""	REMOVE
sub-065/ses-01/func/sub-065_ses-01_task-rest_run-01_sbref.json	InstitutionalDepartmentName	"""Department"""	REMOVE
sub-065/ses-01/func/sub-065_ses-01_task-rest_run-02_part-phase_bold.json	InstitutionalDepartmentName	"""Department"""	REMOVE
sub-066/ses-01/anat/sub-066_ses-01_run-01_FLAIR.json	InstitutionalDepartmentName	"""Department"""	REMOVE
sub-066/ses-01/anat/sub-066_ses-01_run-01_T1w.json	InstitutionalDepartmentName	"""Department"""	REMOVE
sub-066/ses-01/anat/sub-066_ses-01_run-01_TB1TFL.json	InstitutionalDepartmentName	"""Department"""	REMOVE
sub-066/ses-01/anat/sub-066_ses-01_run-02_T1w.json	InstitutionalDepartmentName	"""Department"""	REMOVE
sub-066/ses-01/anat/sub-066_ses-01_run-02_TB1TFL.json	InstitutionalDepartmentName	"""Department"""	REMOVE
sub-066/ses-01/anat/sub-066_ses-01_run-03_T1w.json	InstitutionalDepartmentName	"""Department"""	REMOVE
sub-066/ses-01/dwi/sub-066_ses-01_run-01_dwi.json	InstitutionalDepartmentName	"""Department"""	REMOVE
sub-066/ses-01/dwi/sub-066_ses-01_run-02_dwi.json	InstitutionalDepartmentName	"""Department"""	REMOVE
sub-066/ses-01/dwi/sub-066_ses-01_run-05_dwi.json	InstitutionalDepartmentName	"""Department"""	REMOVE
sub-066/ses-01/fmap/sub-066_ses-01_dir-AP_run-01_epi.json	InstitutionalDepartmentName	"""Department"""	REMOVE
sub-066/ses-01/fmap/sub-066_ses-01_dir-AP_run-02_part-phase_epi.json	InstitutionalDepartmentName	"""Department"""	REMOVE
sub-066/ses-01/fmap/sub-066_ses-01_dir-AP_run-03_epi.json	InstitutionalDepartmentName	"""Department"""	REMOVE
sub-066/ses-01/fmap/sub-066_ses-01_dir-AP_run-04_part-phase_epi.json	InstitutionalDepartmentName	"""Department"""	REMOVE
sub-066/ses-01/fmap/sub-066_ses-01_dir-PA_run-01_epi.json	InstitutionalDepartmentName	"""Department"""	REMOVE
sub-066/ses-01/fmap/sub-066_ses-01_dir-PA_run-02_part-phase_epi.json	InstitutionalDepartmentName	"""Department"""	REMOVE
sub-066/ses-01/fmap/sub-066_ses-01_dir-PA_run-03_epi.json	InstitutionalDepartmentName	"""Department"""	REMOVE
sub-066/ses-01/fmap/sub-066_ses-01_dir-PA_run-04_part-phase_epi.json	InstitutionalDepartmentName	"""Department"""	REMOVE
sub-066/ses-01/func/sub-066_ses-01_task-control_run-01_bold.json	InstitutionalDepartmentName	"""Department"""	REMOVE
sub-066/ses-01/func/sub-066_ses-01_task-control_run-01_part-phase_sbref.json	InstitutionalDepartmentName	"""Department"""	REMOVE
sub-066/ses-01/func/sub-066_ses-01_task-control_run-01_sbref.json	InstitutionalDepartmentName	"""Department"""	REMOVE
sub-066/ses-01/func/sub-066_ses-01_task-control_run-02_part-phase_bold.json	InstitutionalDepartmentName	"""Department"""	REMOVE
sub-066/ses-01/func/sub-066_ses-01_task-control_run-02_part-phase_sbref.json	InstitutionalDepartmentName	"""Department"""	REMOVE
sub-066/ses-01/func/sub-066_ses-01_task-control_run-02_sbref.json	InstitutionalDepartmentName	"""Department"""	REMOVE
sub-066/ses-01/func/sub-066_ses-01_task-control_run-03_bold.json	InstitutionalDepartmentName	"""Department"""	REMOVE
sub-066/ses-01/func/sub-066_ses-01_task-control_run-03_part-phase_sbref.json	InstitutionalDepartmentName	"""Department"""	REMOVE
sub-066/ses-01/func/sub-066_ses-01_task-control_run-03_sbref.json	InstitutionalDepartmentName	"""Department"""	REMOVE
sub-066/ses-01/func/sub-066_ses-01_task-control_run-04_part-phase_bold.json	InstitutionalDepartmentName	"""Department"""	REMOVE
sub-066/ses-01/func/sub-066_ses-01_task-control_run-05_bold.json	InstitutionalDepartmentName	"""Department"""	REMOVE
sub-066/ses-01/func/sub-066_ses-01_task-control_run-06_part-phase_bold.json	InstitutionalDepartmentName	"""Department"""	REMOVE
sub-066/ses-01/func/sub-066_ses-01_task-fmri_run-01_bold.json	InstitutionalDepartmentName	"""Department"""	REMOVE
sub-066/ses-01/func/sub-066_ses-01_task-fmri_run-01_part-phase_sbref.json	InstitutionalDepartmentName	"""Department"""	REMOVE
sub-066/ses-01/func/sub-066_ses-01_task-fmri_run-01_sbref.json	InstitutionalDepartmentName	"""Department"""	REMOVE
sub-066/ses-01/func/sub-066_ses-01_task-fmri_run-02_part-phase_bold.json	InstitutionalDepartmentName	"""Department"""	REMOVE
sub-066/ses-01/func/sub-066_ses-01_task-fmri_run-02_part-phase_sbref.json	InstitutionalDepartmentName	"""Department"""	REMOVE
sub-066/ses-01/func/sub-066_ses-01_task-fmri_run-02_sbref.json	InstitutionalDepartmentName	"""Department"""	REMOVE
sub-066/ses-01/func/sub-066_ses-01_task-fmri_run-03_bold.json	InstitutionalDepartmentName	"""Department"""	REMOVE
sub-066/ses-01/func/sub-066_ses-01_task-fmri_run-03_part-phase_sbref.json	InstitutionalDepartmentName	"""Department"""	REMOVE
sub-066/ses-01/func/sub-066_ses-01_task-fmri_run-03_sbref.json	InstitutionalDepartmentName	"""Department"""	REMOVE
sub-066/ses-01/func/sub-066_ses-01_task-fmri_run-04_part-phase_bold.json	InstitutionalDepartmentName	"""Department"""	REMOVE
sub-066/ses-01/func/sub-066_ses-01_task-fmri_run-04_part-phase_sbref.json	InstitutionalDepartmentName	"""Department"""	REMOVE
sub-066/ses-01/func/sub-066_ses-01_task-fmri_run-04_sbref.json	InstitutionalDepartmentName	"""Department"""	REMOVE
sub-066/ses-01/func/sub-066_ses-01_task-fmri_run-05_bold.json	InstitutionalDepartmentName	"""Department"""	REMOVE
sub-066/ses-01/func/sub-066_ses-01_task-fmri_run-06_part-phase_bold.json	InstitutionalDepartmentName	"""Department"""	REMOVE
sub-066/ses-01/func/sub-066_ses-01_task-fmri_run-07_bold.json	InstitutionalDepartmentName	"""Department"""	REMOVE
sub-066/ses-01/func/sub-066_ses-01_task-fmri_run-08_part-phase_bold.json	InstitutionalDepartmentName	"""Department"""	REMOVE
sub-066/ses-01/func/sub-066_ses-01_task-movie_run-01_bold.json	InstitutionalDepartmentName	"""Department"""	REMOVE
sub-066/ses-01/func/sub-066_ses-01_task-movie_run-01_part-phase_sbref.json	InstitutionalDepartmentName	"""Department"""	REMOVE
sub-066/ses-01/func/sub-066_ses-01_task-movie_run-01_sbref.json	InstitutionalDepartmentName	"""Department"""	REMOVE
sub-066/ses-01/func/sub-066_ses-01_task-movie_run-02_part-phase_bold.json	InstitutionalDepartmentName	"""Department"""	REMOVE
sub-066/ses-01/func/sub-066_ses-01_task-movie_run-02_part-phase_sbref.json	InstitutionalDepartmentName	"""Department"""	REMOVE
sub-066/ses-01/func/sub-066_ses-01_task-movie_run-02_sbref.json	InstitutionalDepartmentName	"""Department"""	REMOVE
sub-066/ses-01/func/sub-066_ses-01_task-movie_run-03_bold.json	InstitutionalDepartmentName	"""Department"""	REMOVE
sub-066/ses-01/func/sub-066_ses-01_task-movie_run-03_part-phase_sbref.json	InstitutionalDepartmentName	"""Department"""	REMOVE
sub-066/ses-01/func/sub-066_ses-01_task-movie_run-03_sbref.json	InstitutionalDepartmentName	"""Department"""	REMOVE
sub-066/ses-01/func/sub-066_ses-01_task-movie_run-04_part-phase_bold.json	InstitutionalDepartmentName	"""Department"""	REMOVE
sub-066/ses-01/func/sub-066_ses-01_task-movie_run-04_part-phase_sbref.json	InstitutionalDepartmentName	"""Department"""	REMOVE
sub-066/ses-01/func/sub-066_ses-01_task-movie_run-04_sbref.json	InstitutionalDepartmentName	"""Department"""	REMOVE
sub-066/ses-01/func/sub-066_ses-01_task-movie_run-05_bold.json	InstitutionalDepartmentName	"""Department"""	REMOVE
sub-066/ses-01/func/sub-066_ses-01_task-movie_run-06_part-phase_bold.json	InstitutionalDepartmentName	"""Department"""	REMOVE
sub-066/ses-01/func/sub-066_ses-01_task-movie_run-07_bold.json	InstitutionalDepartmentName	"""Department"""	REMOVE
sub-066/ses-01/func/sub-066_ses-01_task-movie_run-08_part-phase_bold.json	InstitutionalDepartmentName	"""Department"""	REMOVE
sub-066/ses-01/func/sub-066_ses-01_task-rest_run-01_bold.json	InstitutionalDepartmentName	"""Department"""	REMOVE
sub-066/ses-01/func/sub-066_ses-01_task-rest_run-01_part-phase_sbref.json	InstitutionalDepartmentName	"""Department"""	REMOVE
sub-066/ses-01/func/sub-066_ses-01_task-rest_run-01_sbref.json	InstitutionalDepartmentName	"""Department"""	REMOVE
sub-066/ses-01/func/sub-066_ses-01_task-rest_run-02_part-phase_bold.json	InstitutionalDepartmentName	"""Department"""	REMOVE
sub-067/ses-01/anat/sub-067_ses-01_run-01_FLAIR.json	InstitutionalDepartmentName	"""Department"""	REMOVE
sub-067/ses-01/anat/sub-067_ses-01_run-01_T1w.json	InstitutionalDepartmentName	"""Department"""	REMOVE
sub-067/ses-01/anat/sub-067_ses-01_run-01_TB1TFL.json	InstitutionalDepartmentName	"""Department"""	REMOVE
sub-067/ses-01/anat/sub-067_ses-01_run-02_T1w.json	InstitutionalDepartmentName	"""Department"""	REMOVE
sub-067/ses-01/anat/sub-067_ses-01_run-02_TB1TFL.json	InstitutionalDepartmentName	"""Department"""	REMOVE
sub-067/ses-01/anat/sub-067_ses-01_run-03_T1w.json	InstitutionalDepartmentName	"""Department"""	REMOVE
sub-067/ses-01/dwi/sub-067_ses-01_run-01_dwi.json	InstitutionalDepartmentName	"""Department"""	REMOVE
sub-067/ses-01/dwi/sub-067_ses-01_run-05_dwi.json	InstitutionalDepartmentName	"""Department"""	REMOVE
sub-067/ses-01/fmap/sub-067_ses-01_dir-AP_run-01_epi.json	InstitutionalDepartmentName	"""Department"""	REMOVE
sub-067/ses-01/fmap/sub-067_ses-01_dir-AP_run-02_part-phase_epi.json	InstitutionalDepartmentName	"""Department"""	REMOVE
sub-067/ses-01/fmap/sub-067_ses-01_dir-AP_run-03_epi.json	InstitutionalDepartmentName	"""Department"""	REMOVE
sub-067/ses-01/fmap/sub-067_ses-01_dir-AP_run-04_part-phase_epi.json	InstitutionalDepartmentName	"""Department"""	REMOVE
sub-067/ses-01/fmap/sub-067_ses-01_dir-PA_run-01_epi.json	InstitutionalDepartmentName	"""Department"""	REMOVE
sub-067/ses-01/fmap/sub-067_ses-01_dir-PA_run-02_part-phase_epi.json	InstitutionalDepartmentName	"""Department"""	REMOVE
sub-067/ses-01/fmap/sub-067_ses-01_dir-PA_run-03_epi.json	InstitutionalDepartmentName	"""Department"""	REMOVE
sub-067/ses-01/fmap/sub-067_ses-01_dir-PA_run-04_part-phase_epi.json	InstitutionalDepartmentName	"""Department"""	REMOVE
sub-067/ses-01/func/sub-067_ses-01_task-control_run-01_bold.json	InstitutionalDepartmentName	"""Department"""	REMOVE
sub-067/ses-01/func/sub-067_ses-01_task-control_run-01_part-phase_sbref.json	InstitutionalDepartmentName	"""Department"""	REMOVE
sub-067/ses-01/func/sub-067_ses-01_task-control_run-01_sbref.json	InstitutionalDepartmentName	"""Department"""	REMOVE
sub-067/ses-01/func/sub-067_ses-01_task-control_run-02_part-phase_bold.json	InstitutionalDepartmentName	"""Department"""	REMOVE
sub-067/ses-01/func/sub-067_ses-01_task-control_run-02_part-phase_sbref.json	InstitutionalDepartmentName	"""Department"""	REMOVE
sub-067/ses-01/func/sub-067_ses-01_task-control_run-02_sbref.json	InstitutionalDepartmentName	"""Department"""	REMOVE
sub-067/ses-01/func/sub-067_ses-01_task-control_run-03_bold.json	InstitutionalDepartmentName	"""Department"""	REMOVE
sub-067/ses-01/func/sub-067_ses-01_task-control_run-03_part-phase_sbref.json	InstitutionalDepartmentName	"""Department"""	REMOVE
sub-067/ses-01/func/sub-067_ses-01_task-control_run-03_sbref.json	InstitutionalDepartmentName	"""Department"""	REMOVE
sub-067/ses-01/func/sub-067_ses-01_task-control_run-04_part-phase_bold.json	InstitutionalDepartmentName	"""Department"""	REMOVE
sub-067/ses-01/func/sub-067_ses-01_task-control_run-05_bold.json	InstitutionalDepartmentName	"""Department"""	REMOVE
sub-067/ses-01/func/sub-067_ses-01_task-control_run-06_part-phase_bold.json	InstitutionalDepartmentName	"""Department"""	REMOVE
sub-067/ses-01/func/sub-067_ses-01_task-fmri_run-01_bold.json	InstitutionalDepartmentName	"""Department"""	REMOVE
sub-067/ses-01/func/sub-067_ses-01_task-fmri_run-01_part-phase_sbref.json	InstitutionalDepartmentName	"""Department"""	REMOVE
sub-067/ses-01/func/sub-067_ses-01_task-fmri_run-01_sbref.json	InstitutionalDepartmentName	"""Department"""	REMOVE
sub-067/ses-01/func/sub-067_ses-01_task-fmri_run-02_part-phase_bold.json	InstitutionalDepartmentName	"""Department"""	REMOVE
sub-067/ses-01/func/sub-067_ses-01_task-fmri_run-02_part-phase_sbref.json	InstitutionalDepartmentName	"""Department"""	REMOVE
sub-067/ses-01/func/sub-067_ses-01_task-fmri_run-02_sbref.json	InstitutionalDepartmentName	"""Department"""	REMOVE
sub-067/ses-01/func/sub-067_ses-01_task-fmri_run-03_bold.json	InstitutionalDepartmentName	"""Department"""	REMOVE
sub-067/ses-01/func/sub-067_ses-01_task-fmri_run-03_part-phase_sbref.json	InstitutionalDepartmentName	"""Department"""	REMOVE
sub-067/ses-01/func/sub-067_ses-01_task-fmri_run-03_sbref.json	InstitutionalDepartmentName	"""Department"""	REMOVE
sub-067/ses-01/func/sub-067_ses-01_task-fmri_run-04_part-phase_bold.json	InstitutionalDepartmentName	"""Department"""	REMOVE
sub-067/ses-01/func/sub-067_ses-01_task-fmri_run-04_part-phase_sbref.json	InstitutionalDepartmentName	"""Department"""	REMOVE
sub-067/ses-01/func/sub-067_ses-01_task-fmri_run-04_sbref.json	InstitutionalDepartmentName	"""Department"""	REMOVE
sub-067/ses-01/func/sub-067_ses-01_task-fmri_run-05_bold.json	InstitutionalDepartmentName	"""Department"""	REMOVE
sub-067/ses-01/func/sub-067_ses-01_task-fmri_run-06_part-phase_bold.json	InstitutionalDepartmentName	"""Department"""	REMOVE
sub-067/ses-01/func/sub-067_ses-01_task-fmri_run-07_bold.json	InstitutionalDepartmentName	"""Department"""	REMOVE
sub-067/ses-01/func/sub-067_ses-01_task-fmri_run-08_part-phase_bold.json	InstitutionalDepartmentName	"""Department"""	REMOVE
sub-067/ses-01/func/sub-067_ses-01_task-movie_run-01_bold.json	InstitutionalDepartmentName	"""Department"""	REMOVE
sub-067/ses-01/func/sub-067_ses-01_task-movie_run-01_part-phase_sbref.json	InstitutionalDepartmentName	"""Department"""	REMOVE
sub-067/ses-01/func/sub-067_ses-01_task-movie_run-01_sbref.json	InstitutionalDepartmentName	"""Department"""	REMOVE
sub-067/ses-01/func/sub-067_ses-01_task-movie_run-02_part-phase_bold.json	InstitutionalDepartmentName	"""Department"""	REMOVE
sub-067/ses-01/func/sub-067_ses-01_task-movie_run-02_part-phase_sbref.json	InstitutionalDepartmentName	"""Department"""	REMOVE
sub-067/ses-01/func/sub-067_ses-01_task-movie_run-02_sbref.json	InstitutionalDepartmentName	"""Department"""	REMOVE
sub-067/ses-01/func/sub-067_ses-01_task-movie_run-03_bold.json	InstitutionalDepartmentName	"""Department"""	REMOVE
sub-067/ses-01/func/sub-067_ses-01_task-movie_run-03_part-phase_sbref.json	InstitutionalDepartmentName	"""Department"""	REMOVE
sub-067/ses-01/func/sub-067_ses-01_task-movie_run-03_sbref.json	InstitutionalDepartmentName	"""Department"""	REMOVE
sub-067/ses-01/func/sub-067_ses-01_task-movie_run-04_part-phase_bold.json	InstitutionalDepartmentName	"""Department"""	REMOVE
sub-067/ses-01/func/sub-067_ses-01_task-movie_run-04_part-phase_sbref.json	InstitutionalDepartmentName	"""Department"""	REMOVE
sub-067/ses-01/func/sub-067_ses-01_task-movie_run-04_sbref.json	InstitutionalDepartmentName	"""Department"""	REMOVE
sub-067/ses-01/func/sub-067_ses-01_task-movie_run-05_bold.json	InstitutionalDepartmentName	"""Department"""	REMOVE
sub-067/ses-01/func/sub-067_ses-01_task-movie_run-06_part-phase_bold.json	InstitutionalDepartmentName	"""Department"""	REMOVE
sub-067/ses-01/func/sub-067_ses-01_task-movie_run-07_bold.json	InstitutionalDepartmentName	"""Department"""	REMOVE
sub-067/ses-01/func/sub-067_ses-01_task-movie_run-08_part-phase_bold.json	InstitutionalDepartmentName	"""Department"""	REMOVE
sub-067/ses-01/func/sub-067_ses-01_task-rest_run-01_bold.json	InstitutionalDepartmentName	"""Department"""	REMOVE
sub-067/ses-01/func/sub-067_ses-01_task-rest_run-01_part-phase_sbref.json	InstitutionalDepartmentName	"""Department"""	REMOVE
sub-067/ses-01/func/sub-067_ses-01_task-rest_run-01_sbref.json	InstitutionalDepartmentName	"""Department"""	REMOVE
sub-067/ses-01/func/sub-067_ses-01_task-rest_run-02_part-phase_bold.json	InstitutionalDepartmentName	"""Department"""	REMOVE
sub-068/ses-01/anat/sub-068_ses-01_run-01_FLAIR.json	InstitutionalDepartmentName	"""Department"""	REMOVE
sub-068/ses-01/anat/sub-068_ses-01_run-01_T1w.json	InstitutionalDepartmentName	"""Department"""	REMOVE
sub-068/ses-01/anat/sub-068_ses-01_run-01_TB1TFL.json	InstitutionalDepartmentName	"""Department"""	REMOVE
sub-068/ses-01/anat/sub-068_ses-01_run-02_T1w.json	InstitutionalDepartmentName	"""Department"""	REMOVE
sub-068/ses-01/anat/sub-068_ses-01_run-02_TB1TFL.json	InstitutionalDepartmentName	"""Department"""	REMOVE
sub-068/ses-01/anat/sub-068_ses-01_run-03_T1w.json	InstitutionalDepartmentName	"""Department"""	REMOVE
sub-068/ses-01/dwi/sub-068_ses-01_run-01_dwi.json	InstitutionalDepartmentName	"""Department"""	REMOVE
sub-068/ses-01/dwi/sub-068_ses-01_run-02_dwi.json	InstitutionalDepartmentName	"""Department"""	REMOVE
sub-068/ses-01/dwi/sub-068_ses-01_run-05_dwi.json	InstitutionalDepartmentName	"""Department"""	REMOVE
sub-068/ses-01/fmap/sub-068_ses-01_dir-AP_run-01_epi.json	InstitutionalDepartmentName	"""Department"""	REMOVE
sub-068/ses-01/fmap/sub-068_ses-01_dir-AP_run-02_part-phase_epi.json	InstitutionalDepartmentName	"""Department"""	REMOVE
sub-068/ses-01/fmap/sub-068_ses-01_dir-AP_run-03_epi.json	InstitutionalDepartmentName	"""Department"""	REMOVE
sub-068/ses-01/fmap/sub-068_ses-01_dir-AP_run-04_part-phase_epi.json	InstitutionalDepartmentName	"""Department"""	REMOVE
sub-068/ses-01/fmap/sub-068_ses-01_dir-PA_run-01_epi.json	InstitutionalDepartmentName	"""Department"""	REMOVE
sub-068/ses-01/fmap/sub-068_ses-01_dir-PA_run-02_part-phase_epi.json	InstitutionalDepartmentName	"""Department"""	REMOVE
sub-068/ses-01/fmap/sub-068_ses-01_dir-PA_run-03_epi.json	InstitutionalDepartmentName	"""Department"""	REMOVE
sub-068/ses-01/fmap/sub-068_ses-01_dir-PA_run-04_part-phase_epi.json	InstitutionalDepartmentName	"""Department"""	REMOVE
sub-068/ses-01/func/sub-068_ses-01_task-control_run-01_bold.json	InstitutionalDepartmentName	"""Department"""	REMOVE
sub-068/ses-01/func/sub-068_ses-01_task-control_run-01_part-phase_sbref.json	InstitutionalDepartmentName	"""Department"""	REMOVE
sub-068/ses-01/func/sub-068_ses-01_task-control_run-01_sbref.json	InstitutionalDepartmentName	"""Department"""	REMOVE
sub-068/ses-01/func/sub-068_ses-01_task-control_run-02_part-phase_bold.json	InstitutionalDepartmentName	"""Department"""	REMOVE
sub-068/ses-01/func/sub-068_ses-01_task-control_run-02_part-phase_sbref.json	InstitutionalDepartmentName	"""Department"""	REMOVE
sub-068/ses-01/func/sub-068_ses-01_task-control_run-02_sbref.json	InstitutionalDepartmentName	"""Department"""	REMOVE
sub-068/ses-01/func/sub-068_ses-01_task-control_run-03_bold.json	InstitutionalDepartmentName	"""Department"""	REMOVE
sub-068/ses-01/func/sub-068_ses-01_task-control_run-03_part-phase_sbref.json	InstitutionalDepartmentName	"""Department"""	REMOVE
sub-068/ses-01/func/sub-068_ses-01_task-control_run-03_sbref.json	InstitutionalDepartmentName	"""Department"""	REMOVE
sub-068/ses-01/func/sub-068_ses-01_task-control_run-04_part-phase_bold.json	InstitutionalDepartmentName	"""Department"""	REMOVE
sub-068/ses-01/func/sub-068_ses-01_task-control_run-05_bold.json	InstitutionalDepartmentName	"""Department"""	REMOVE
sub-068/ses-01/func/sub-068_ses-01_task-control_run-06_part-phase_bold.json	InstitutionalDepartmentName	"""Department"""	REMOVE
sub-068/ses-01/func/sub-068_ses-01_task-fmri_run-01_bold.json	InstitutionalDepartmentName	"""Department"""	REMOVE
sub-068/ses-01/func/sub-068_ses-01_task-fmri_run-01_part-phase_sbref.json	InstitutionalDepartmentName	"""Department"""	REMOVE
sub-068/ses-01/func/sub-068_ses-01_task-fmri_run-01_sbref.json	InstitutionalDepartmentName	"""Department"""	REMOVE
sub-068/ses-01/func/sub-068_ses-01_task-fmri_run-02_part-phase_bold.json	InstitutionalDepartmentName	"""Department"""	REMOVE
sub-068/ses-01/func/sub-068_ses-01_task-fmri_run-02_part-phase_sbref.json	InstitutionalDepartmentName	"""Department"""	REMOVE
sub-068/ses-01/func/sub-068_ses-01_task-fmri_run-02_sbref.json	InstitutionalDepartmentName	"""Department"""	REMOVE
sub-068/ses-01/func/sub-068_ses-01_task-fmri_run-03_bold.json	InstitutionalDepartmentName	"""Department"""	REMOVE
sub-068/ses-01/func/sub-068_ses-01_task-fmri_run-03_part-phase_sbref.json	InstitutionalDepartmentName	"""Department"""	REMOVE
sub-068/ses-01/func/sub-068_ses-01_task-fmri_run-03_sbref.json	InstitutionalDepartmentName	"""Department"""	REMOVE
sub-068/ses-01/func/sub-068_ses-01_task-fmri_run-04_part-phase_bold.json	InstitutionalDepartmentName	"""Department"""	REMOVE
sub-068/ses-01/func/sub-068_ses-01_task-fmri_run-04_part-phase_sbref.json	InstitutionalDepartmentName	"""Department"""	REMOVE
sub-068/ses-01/func/sub-068_ses-01_task-fmri_run-04_sbref.json	InstitutionalDepartmentName	"""Department"""	REMOVE
sub-068/ses-01/func/sub-068_ses-01_task-fmri_run-05_bold.json	InstitutionalDepartmentName	"""Department"""	REMOVE
sub-068/ses-01/func/sub-068_ses-01_task-fmri_run-06_part-phase_bold.json	InstitutionalDepartmentName	"""Department"""	REMOVE
sub-068/ses-01/func/sub-068_ses-01_task-fmri_run-07_bold.json	InstitutionalDepartmentName	"""Department"""	REMOVE
sub-068/ses-01/func/sub-068_ses-01_task-fmri_run-08_part-phase_bold.json	InstitutionalDepartmentName	"""Department"""	REMOVE
sub-068/ses-01/func/sub-068_ses-01_task-movie_run-01_bold.json	InstitutionalDepartmentName	"""Department"""	REMOVE
sub-068/ses-01/func/sub-068_ses-01_task-movie_run-01_part-phase_sbref.json	InstitutionalDepartmentName	"""Department"""	REMOVE
sub-068/ses-01/func/sub-068_ses-01_task-movie_run-01_sbref.json	InstitutionalDepartmentName	"""Department"""	REMOVE
sub-068/ses-01/func/sub-068_ses-01_task-movie_run-02_part-phase_bold.json	InstitutionalDepartmentName	"""Department"""	REMOVE
sub-068/ses-01/func/sub-068_ses-01_task-movie_run-02_part-phase_sbref.json	InstitutionalDepartmentName	"""Department"""	REMOVE
sub-068/ses-01/func/sub-068_ses-01_task-movie_run-02_sbref.json	InstitutionalDepartmentName	"""Department"""	REMOVE
sub-068/ses-01/func/sub-068_ses-01_task-movie_run-03_bold.json	InstitutionalDepartmentName	"""Department"""	REMOVE
sub-068/ses-01/func/sub-068_ses-01_task-movie_run-03_part-phase_sbref.json	InstitutionalDepartmentName	"""Department"""	REMOVE
sub-068/ses-01/func/sub-068_ses-01_task-movie_run-03_sbref.json	InstitutionalDepartmentName	"""Department"""	REMOVE
sub-068/ses-01/func/sub-068_ses-01_task-movie_run-04_part-phase_bold.json	InstitutionalDepartmentName	"""Department"""	REMOVE
sub-068/ses-01/func/sub-068_ses-01_task-movie_run-04_part-phase_sbref.json	InstitutionalDepartmentName	"""Department"""	REMOVE
sub-068/ses-01/func/sub-068_ses-01_task-movie_run-04_sbref.json	InstitutionalDepartmentName	"""Department"""	REMOVE
sub-068/ses-01/func/sub-068_ses-01_task-movie_run-05_bold.json	InstitutionalDepartmentName	"""Department"""	REMOVE
sub-068/ses-01/func/sub-068_ses-01_task-movie_run-06_part-phase_bold.json	InstitutionalDepartmentName	"""Department"""	REMOVE
sub-068/ses-01/func/sub-068_ses-01_task-movie_run-07_bold.json	InstitutionalDepartmentName	"""Department"""	REMOVE
sub-068/ses-01/func/sub-068_ses-01_task-movie_run-08_part-phase_bold.json	InstitutionalDepartmentName	"""Department"""	REMOVE
sub-068/ses-01/func/sub-068_ses-01_task-rest_run-01_bold.json	InstitutionalDepartmentName	"""Department"""	REMOVE
sub-068/ses-01/func/sub-068_ses-01_task-rest_run-01_part-phase_sbref.json	InstitutionalDepartmentName	"""Department"""	REMOVE
sub-068/ses-01/func/sub-068_ses-01_task-rest_run-01_sbref.json	InstitutionalDepartmentName	"""Department"""	REMOVE
sub-068/ses-01/func/sub-068_ses-01_task-rest_run-02_part-phase_bold.json	InstitutionalDepartmentName	"""Department"""	REMOVE
sub-069/ses-01/anat/sub-069_ses-01_run-01_FLAIR.json	InstitutionalDepartmentName	"""Department"""	REMOVE
sub-069/ses-01/anat/sub-069_ses-01_run-01_T1w.json	InstitutionalDepartmentName	"""Department"""	REMOVE
sub-069/ses-01/anat/sub-069_ses-01_run-01_TB1TFL.json	InstitutionalDepartmentName	"""Department"""	REMOVE
sub-069/ses-01/anat/sub-069_ses-01_run-02_T1w.json	InstitutionalDepartmentName	"""Department"""	REMOVE
sub-069/ses-01/anat/sub-069_ses-01_run-02_TB1TFL.json	InstitutionalDepartmentName	"""Department"""	REMOVE
sub-069/ses-01/anat/sub-069_ses-01_run-03_T1w.json	InstitutionalDepartmentName	"""Department"""	REMOVE
sub-069/ses-01/dwi/sub-069_ses-01_run-01_dwi.json	InstitutionalDepartmentName	"""Department"""	REMOVE
sub-069/ses-01/dwi/sub-069_ses-01_run-02_dwi.json	InstitutionalDepartmentName	"""Department"""	REMOVE
sub-069/ses-01/dwi/sub-069_ses-01_run-05_dwi.json	InstitutionalDepartmentName	"""Department"""	REMOVE
sub-069/ses-01/fmap/sub-069_ses-01_dir-AP_run-01_epi.json	InstitutionalDepartmentName	"""Department"""	REMOVE
sub-069/ses-01/fmap/sub-069_ses-01_dir-AP_run-02_part-phase_epi.json	InstitutionalDepartmentName	"""Department"""	REMOVE
sub-069/ses-01/fmap/sub-069_ses-01_dir-AP_run-03_epi.json	InstitutionalDepartmentName	"""Department"""	REMOVE
sub-069/ses-01/fmap/sub-069_ses-01_dir-AP_run-04_part-phase_epi.json	InstitutionalDepartmentName	"""Department"""	REMOVE
sub-069/ses-01/fmap/sub-069_ses-01_dir-PA_run-01_epi.json	InstitutionalDepartmentName	"""Department"""	REMOVE
sub-069/ses-01/fmap/sub-069_ses-01_dir-PA_run-02_part-phase_epi.json	InstitutionalDepartmentName	"""Department"""	REMOVE
sub-069/ses-01/fmap/sub-069_ses-01_dir-PA_run-03_epi.json	InstitutionalDepartmentName	"""Department"""	REMOVE
sub-069/ses-01/fmap/sub-069_ses-01_dir-PA_run-04_part-phase_epi.json	InstitutionalDepartmentName	"""Department"""	REMOVE
sub-069/ses-01/func/sub-069_ses-01_task-control_run-01_bold.json	InstitutionalDepartmentName	"""Department"""	REMOVE
sub-069/ses-01/func/sub-069_ses-01_task-control_run-01_part-phase_sbref.json	InstitutionalDepartmentName	"""Department"""	REMOVE
sub-069/ses-01/func/sub-069_ses-01_task-control_run-01_sbref.json	InstitutionalDepartmentName	"""Department"""	REMOVE
sub-069/ses-01/func/sub-069_ses-01_task-control_run-02_part-phase_bold.json	InstitutionalDepartmentName	"""Department"""	REMOVE
sub-069/ses-01/func/sub-069_ses-01_task-control_run-02_part-phase_sbref.json	InstitutionalDepartmentName	"""Department"""	REMOVE
sub-069/ses-01/func/sub-069_ses-01_task-control_run-02_sbref.json	InstitutionalDepartmentName	"""Department"""	REMOVE
sub-069/ses-01/func/sub-069_ses-01_task-control_run-03_bold.json	InstitutionalDepartmentName	"""Department"""	REMOVE
sub-069/ses-01/func/sub-069_ses-01_task-control_run-03_part-phase_sbref.json	InstitutionalDepartmentName	"""Department"""	REMOVE
sub-069/ses-01/func/sub-069_ses-01_task-control_run-03_sbref.json	InstitutionalDepartmentName	"""Department"""	REMOVE
sub-069/ses-01/func/sub-069_ses-01_task-control_run-04_part-phase_bold.json	InstitutionalDepartmentName	"""Department"""	REMOVE
sub-069/ses-01/func/sub-069_ses-01_task-control_run-05_bold.json	InstitutionalDepartmentName	"""Department"""	REMOVE
sub-069/ses-01/func/sub-069_ses-01_task-control_run-06_part-phase_bold.json	InstitutionalDepartmentName	"""Department"""	REMOVE
sub-069/ses-01/func/sub-069_ses-01_task-fmri_run-01_bold.json	InstitutionalDepartmentName	"""Department"""	REMOVE
sub-069/ses-01/func/sub-069_ses-01_task-fmri_run-01_part-phase_sbref.json	InstitutionalDepartmentName	"""Department"""	REMOVE
sub-069/ses-01/func/sub-069_ses-01_task-fmri_run-01_sbref.json	InstitutionalDepartmentName	"""Department"""	REMOVE
sub-069/ses-01/func/sub-069_ses-01_task-fmri_run-02_part-phase_bold.json	InstitutionalDepartmentName	"""Department"""	REMOVE
sub-069/ses-01/func/sub-069_ses-01_task-fmri_run-02_part-phase_sbref.json	InstitutionalDepartmentName	"""Department"""	REMOVE
sub-069/ses-01/func/sub-069_ses-01_task-fmri_run-02_sbref.json	InstitutionalDepartmentName	"""Department"""	REMOVE
sub-069/ses-01/func/sub-069_ses-01_task-fmri_run-03_bold.json	InstitutionalDepartmentName	"""Department"""	REMOVE
sub-069/ses-01/func/sub-069_ses-01_task-fmri_run-03_part-phase_sbref.json	InstitutionalDepartmentName	"""Department"""	REMOVE
sub-069/ses-01/func/sub-069_ses-01_task-fmri_run-03_sbref.json	InstitutionalDepartmentName	"""Department"""	REMOVE
sub-069/ses-01/func/sub-069_ses-01_task-fmri_run-04_part-phase_bold.json	InstitutionalDepartmentName	"""Department"""	REMOVE
sub-069/ses-01/func/sub-069_ses-01_task-fmri_run-04_part-phase_sbref.json	InstitutionalDepartmentName	"""Department"""	REMOVE
sub-069/ses-01/func/sub-069_ses-01_task-fmri_run-04_sbref.json	InstitutionalDepartmentName	"""Department"""	REMOVE
sub-069/ses-01/func/sub-069_ses-01_task-fmri_run-05_bold.json	InstitutionalDepartmentName	"""Department"""	REMOVE
sub-069/ses-01/func/sub-069_ses-01_task-fmri_run-06_part-phase_bold.json	InstitutionalDepartmentName	"""Department"""	REMOVE
sub-069/ses-01/func/sub-069_ses-01_task-fmri_run-07_bold.json	InstitutionalDepartmentName	"""Department"""	REMOVE
sub-069/ses-01/func/sub-069_ses-01_task-fmri_run-08_part-phase_bold.json	InstitutionalDepartmentName	"""Department"""	REMOVE
sub-069/ses-01/func/sub-069_ses-01_task-movie_run-01_bold.json	InstitutionalDepartmentName	"""Department"""	REMOVE
sub-069/ses-01/func/sub-069_ses-01_task-movie_run-01_part-phase_sbref.json	InstitutionalDepartmentName	"""Department"""	REMOVE
sub-069/ses-01/func/sub-069_ses-01_task-movie_run-01_sbref.json	InstitutionalDepartmentName	"""Department"""	REMOVE
sub-069/ses-01/func/sub-069_ses-01_task-movie_run-02_part-phase_bold.json	InstitutionalDepartmentName	"""Department"""	REMOVE
sub-069/ses-01/func/sub-069_ses-01_task-movie_run-02_part-phase_sbref.json	InstitutionalDepartmentName	"""Department"""	REMOVE
sub-069/ses-01/func/sub-069_ses-01_task-movie_run-02_sbref.json	InstitutionalDepartmentName	"""Department"""	REMOVE
sub-069/ses-01/func/sub-069_ses-01_task-movie_run-03_bold.json	InstitutionalDepartmentName	"""Department"""	REMOVE
sub-069/ses-01/func/sub-069_ses-01_task-movie_run-03_part-phase_sbref.json	InstitutionalDepartmentName	"""Department"""	REMOVE
sub-069/ses-01/func/sub-069_ses-01_task-movie_run-03_sbref.json	InstitutionalDepartmentName	"""Department"""	REMOVE
sub-069/ses-01/func/sub-069_ses-01_task-movie_run-04_part-phase_bold.json	InstitutionalDepartmentName	"""Department"""	REMOVE
sub-069/ses-01/func/sub-069_ses-01_task-movie_run-04_part-phase_sbref.json	InstitutionalDepartmentName	"""Department"""	REMOVE
sub-069/ses-01/func/sub-069_ses-01_task-movie_run-04_sbref.json	InstitutionalDepartmentName	"""Department"""	REMOVE
sub-069/ses-01/func/sub-069_ses-01_task-movie_run-05_bold.json	InstitutionalDepartmentName	"""Department"""	REMOVE
sub-069/ses-01/func/sub-069_ses-01_task-movie_run-06_part-phase_bold.json	InstitutionalDepartmentName	"""Department"""	REMOVE
sub-069/ses-01/func/sub-069_ses-01_task-movie_run-07_bold.json	InstitutionalDepartmentName	"""Department"""	REMOVE
sub-069/ses-01/func/sub-069_ses-01_task-movie_run-08_part-phase_bold.json	InstitutionalDepartmentName	"""Department"""	REMOVE
sub-069/ses-01/func/sub-069_ses-01_task-rest_run-01_bold.json	InstitutionalDepartmentName	"""Department"""	REMOVE
sub-069/ses-01/func/sub-069_ses-01_task-rest_run-01_part-phase_sbref.json	InstitutionalDepartmentName	"""Department"""	REMOVE
sub-069/ses-01/func/sub-069_ses-01_task-rest_run-01_sbref.json	InstitutionalDepartmentName	"""Department"""	REMOVE
sub-069/ses-01/func/sub-069_ses-01_task-rest_run-02_part-phase_bold.json	InstitutionalDepartmentName	"""Department"""	REMOVE
sub-070/ses-01/anat/sub-070_ses-01_run-01_T1w.json	InstitutionalDepartmentName	"""Department"""	REMOVE
sub-070/ses-01/anat/sub-070_ses-01_run-02_T1w.json	InstitutionalDepartmentName	"""Department"""	REMOVE
sub-070/ses-01/fmap/sub-070_ses-01_dir-AP_run-01_epi.json	InstitutionalDepartmentName	"""Department"""	REMOVE
sub-070/ses-01/fmap/sub-070_ses-01_dir-AP_run-02_part-phase_epi.json	InstitutionalDepartmentName	"""Department"""	REMOVE
sub-070/ses-01/fmap/sub-070_ses-01_dir-PA_run-01_epi.json	InstitutionalDepartmentName	"""Department"""	REMOVE
sub-070/ses-01/fmap/sub-070_ses-01_dir-PA_run-02_part-phase_epi.json	InstitutionalDepartmentName	"""Department"""	REMOVE
sub-070/ses-01/func/sub-070_ses-01_task-control_run-01_bold.json	InstitutionalDepartmentName	"""Department"""	REMOVE
sub-070/ses-01/func/sub-070_ses-01_task-control_run-01_part-phase_sbref.json	InstitutionalDepartmentName	"""Department"""	REMOVE
sub-070/ses-01/func/sub-070_ses-01_task-control_run-01_sbref.json	InstitutionalDepartmentName	"""Department"""	REMOVE
sub-070/ses-01/func/sub-070_ses-01_task-control_run-02_part-phase_bold.json	InstitutionalDepartmentName	"""Department"""	REMOVE
sub-070/ses-01/func/sub-070_ses-01_task-fmri_run-01_bold.json	InstitutionalDepartmentName	"""Department"""	REMOVE
sub-070/ses-01/func/sub-070_ses-01_task-fmri_run-01_part-phase_sbref.json	InstitutionalDepartmentName	"""Department"""	REMOVE
sub-070/ses-01/func/sub-070_ses-01_task-fmri_run-01_sbref.json	InstitutionalDepartmentName	"""Department"""	REMOVE
sub-070/ses-01/func/sub-070_ses-01_task-fmri_run-02_part-phase_bold.json	InstitutionalDepartmentName	"""Department"""	REMOVE
sub-070/ses-01/func/sub-070_ses-01_task-fmri_run-02_part-phase_sbref.json	InstitutionalDepartmentName	"""Department"""	REMOVE
sub-070/ses-01/func/sub-070_ses-01_task-fmri_run-02_sbref.json	InstitutionalDepartmentName	"""Department"""	REMOVE
sub-070/ses-01/func/sub-070_ses-01_task-fmri_run-03_bold.json	InstitutionalDepartmentName	"""Department"""	REMOVE
sub-070/ses-01/func/sub-070_ses-01_task-fmri_run-03_part-phase_sbref.json	InstitutionalDepartmentName	"""Department"""	REMOVE
sub-070/ses-01/func/sub-070_ses-01_task-fmri_run-03_sbref.json	InstitutionalDepartmentName	"""Department"""	REMOVE
sub-070/ses-01/func/sub-070_ses-01_task-fmri_run-04_part-phase_bold.json	InstitutionalDepartmentName	"""Department"""	REMOVE
sub-070/ses-01/func/sub-070_ses-01_task-fmri_run-04_part-phase_sbref.json	InstitutionalDepartmentName	"""Department"""	REMOVE
sub-070/ses-01/func/sub-070_ses-01_task-fmri_run-04_sbref.json	InstitutionalDepartmentName	"""Department"""	REMOVE
sub-070/ses-01/func/sub-070_ses-01_task-fmri_run-05_bold.json	InstitutionalDepartmentName	"""Department"""	REMOVE
sub-070/ses-01/func/sub-070_ses-01_task-fmri_run-06_part-phase_bold.json	InstitutionalDepartmentName	"""Department"""	REMOVE
sub-070/ses-01/func/sub-070_ses-01_task-fmri_run-07_bold.json	InstitutionalDepartmentName	"""Department"""	REMOVE
sub-070/ses-01/func/sub-070_ses-01_task-fmri_run-08_part-phase_bold.json	InstitutionalDepartmentName	"""Department"""	REMOVE
sub-070/ses-01/func/sub-070_ses-01_task-movie_run-01_bold.json	InstitutionalDepartmentName	"""Department"""	REMOVE
sub-070/ses-01/func/sub-070_ses-01_task-movie_run-01_part-phase_sbref.json	InstitutionalDepartmentName	"""Department"""	REMOVE
sub-070/ses-01/func/sub-070_ses-01_task-movie_run-01_sbref.json	InstitutionalDepartmentName	"""Department"""	REMOVE
sub-070/ses-01/func/sub-070_ses-01_task-movie_run-02_part-phase_bold.json	InstitutionalDepartmentName	"""Department"""	REMOVE
sub-070/ses-01/func/sub-070_ses-01_task-movie_run-02_part-phase_sbref.json	InstitutionalDepartmentName	"""Department"""	REMOVE
sub-070/ses-01/func/sub-070_ses-01_task-movie_run-02_sbref.json	InstitutionalDepartmentName	"""Department"""	REMOVE
sub-070/ses-01/func/sub-070_ses-01_task-movie_run-03_bold.json	InstitutionalDepartmentName	"""Department"""	REMOVE
sub-070/ses-01/func/sub-070_ses-01_task-movie_run-03_part-phase_sbref.json	InstitutionalDepartmentName	"""Department"""	REMOVE
sub-070/ses-01/func/sub-070_ses-01_task-movie_run-03_sbref.json	InstitutionalDepartmentName	"""Department"""	REMOVE
sub-070/ses-01/func/sub-070_ses-01_task-movie_run-04_part-phase_bold.json	InstitutionalDepartmentName	"""Department"""	REMOVE
sub-070/ses-01/func/sub-070_ses-01_task-movie_run-04_part-phase_sbref.json	InstitutionalDepartmentName	"""Department"""	REMOVE
sub-070/ses-01/func/sub-070_ses-01_task-movie_run-04_sbref.json	InstitutionalDepartmentName	"""Department"""	REMOVE
sub-070/ses-01/func/sub-070_ses-01_task-movie_run-05_bold.json	InstitutionalDepartmentName	"""Department"""	REMOVE
sub-070/ses-01/func/sub-070_ses-01_task-movie_run-06_part-phase_bold.json	InstitutionalDepartmentName	"""Department"""	REMOVE
sub-070/ses-01/func/sub-070_ses-01_task-movie_run-07_bold.json	InstitutionalDepartmentName	"""Department"""	REMOVE
sub-070/ses-01/func/sub-070_ses-01_task-movie_run-08_part-phase_bold.json	InstitutionalDepartmentName	"""Department"""	REMOVE
sub-070/ses-01/func/sub-070_ses-01_task-rest_run-01_bold.json	InstitutionalDepartmentName	"""Department"""	REMOVE
sub-070/ses-01/func/sub-070_ses-01_task-rest_run-01_part-phase_sbref.json	InstitutionalDepartmentName	"""Department"""	REMOVE
sub-070/ses-01/func/sub-070_ses-01_task-rest_run-01_sbref.json	InstitutionalDepartmentName	"""Department"""	REMOVE
sub-070/ses-01/func/sub-070_ses-01_task-rest_run-02_part-phase_bold.json	InstitutionalDepartmentName	"""Department"""	REMOVE
sub-071/ses-01/anat/sub-071_ses-01_run-01_FLAIR.json	InstitutionalDepartmentName	"""Department"""	REMOVE
sub-071/ses-01/anat/sub-071_ses-01_run-01_T1w.json	InstitutionalDepartmentName	"""Department"""	REMOVE
sub-071/ses-01/anat/sub-071_ses-01_run-01_TB1TFL.json	InstitutionalDepartmentName	"""Department"""	REMOVE
sub-071/ses-01/anat/sub-071_ses-01_run-02_T1w.json	InstitutionalDepartmentName	"""Department"""	REMOVE
sub-071/ses-01/anat/sub-071_ses-01_run-02_TB1TFL.json	InstitutionalDepartmentName	"""Department"""	REMOVE
sub-071/ses-01/anat/sub-071_ses-01_run-03_T1w.json	InstitutionalDepartmentName	"""Department"""	REMOVE
sub-071/ses-01/dwi/sub-071_ses-01_run-01_dwi.json	InstitutionalDepartmentName	"""Department"""	REMOVE
sub-071/ses-01/dwi/sub-071_ses-01_run-02_dwi.json	InstitutionalDepartmentName	"""Department"""	REMOVE
sub-071/ses-01/dwi/sub-071_ses-01_run-05_dwi.json	InstitutionalDepartmentName	"""Department"""	REMOVE
sub-071/ses-01/fmap/sub-071_ses-01_dir-AP_run-01_epi.json	InstitutionalDepartmentName	"""Department"""	REMOVE
sub-071/ses-01/fmap/sub-071_ses-01_dir-AP_run-02_part-phase_epi.json	InstitutionalDepartmentName	"""Department"""	REMOVE
sub-071/ses-01/fmap/sub-071_ses-01_dir-AP_run-03_epi.json	InstitutionalDepartmentName	"""Department"""	REMOVE
sub-071/ses-01/fmap/sub-071_ses-01_dir-AP_run-04_part-phase_epi.json	InstitutionalDepartmentName	"""Department"""	REMOVE
sub-071/ses-01/fmap/sub-071_ses-01_dir-PA_run-01_epi.json	InstitutionalDepartmentName	"""Department"""	REMOVE
sub-071/ses-01/fmap/sub-071_ses-01_dir-PA_run-02_part-phase_epi.json	InstitutionalDepartmentName	"""Department"""	REMOVE
sub-071/ses-01/fmap/sub-071_ses-01_dir-PA_run-03_epi.json	InstitutionalDepartmentName	"""Department"""	REMOVE
sub-071/ses-01/fmap/sub-071_ses-01_dir-PA_run-04_part-phase_epi.json	InstitutionalDepartmentName	"""Department"""	REMOVE
sub-071/ses-01/func/sub-071_ses-01_task-control_run-01_bold.json	InstitutionalDepartmentName	"""Department"""	REMOVE
sub-071/ses-01/func/sub-071_ses-01_task-control_run-01_part-phase_sbref.json	InstitutionalDepartmentName	"""Department"""	REMOVE
sub-071/ses-01/func/sub-071_ses-01_task-control_run-01_sbref.json	InstitutionalDepartmentName	"""Department"""	REMOVE
sub-071/ses-01/func/sub-071_ses-01_task-control_run-02_part-phase_bold.json	InstitutionalDepartmentName	"""Department"""	REMOVE
sub-071/ses-01/func/sub-071_ses-01_task-control_run-02_part-phase_sbref.json	InstitutionalDepartmentName	"""Department"""	REMOVE
sub-071/ses-01/func/sub-071_ses-01_task-control_run-02_sbref.json	InstitutionalDepartmentName	"""Department"""	REMOVE
sub-071/ses-01/func/sub-071_ses-01_task-control_run-03_bold.json	InstitutionalDepartmentName	"""Department"""	REMOVE
sub-071/ses-01/func/sub-071_ses-01_task-control_run-03_part-phase_sbref.json	InstitutionalDepartmentName	"""Department"""	REMOVE
sub-071/ses-01/func/sub-071_ses-01_task-control_run-03_sbref.json	InstitutionalDepartmentName	"""Department"""	REMOVE
sub-071/ses-01/func/sub-071_ses-01_task-control_run-04_part-phase_bold.json	InstitutionalDepartmentName	"""Department"""	REMOVE
sub-071/ses-01/func/sub-071_ses-01_task-control_run-05_bold.json	InstitutionalDepartmentName	"""Department"""	REMOVE
sub-071/ses-01/func/sub-071_ses-01_task-control_run-06_part-phase_bold.json	InstitutionalDepartmentName	"""Department"""	REMOVE
sub-071/ses-01/func/sub-071_ses-01_task-fmri_run-01_bold.json	InstitutionalDepartmentName	"""Department"""	REMOVE
sub-071/ses-01/func/sub-071_ses-01_task-fmri_run-01_part-phase_sbref.json	InstitutionalDepartmentName	"""Department"""	REMOVE
sub-071/ses-01/func/sub-071_ses-01_task-fmri_run-01_sbref.json	InstitutionalDepartmentName	"""Department"""	REMOVE
sub-071/ses-01/func/sub-071_ses-01_task-fmri_run-02_part-phase_bold.json	InstitutionalDepartmentName	"""Department"""	REMOVE
sub-071/ses-01/func/sub-071_ses-01_task-fmri_run-02_part-phase_sbref.json	InstitutionalDepartmentName	"""Department"""	REMOVE
sub-071/ses-01/func/sub-071_ses-01_task-fmri_run-02_sbref.json	InstitutionalDepartmentName	"""Department"""	REMOVE
sub-071/ses-01/func/sub-071_ses-01_task-fmri_run-03_bold.json	InstitutionalDepartmentName	"""Department"""	REMOVE
sub-071/ses-01/func/sub-071_ses-01_task-fmri_run-03_part-phase_sbref.json	InstitutionalDepartmentName	"""Department"""	REMOVE
sub-071/ses-01/func/sub-071_ses-01_task-fmri_run-03_sbref.json	InstitutionalDepartmentName	"""Department"""	REMOVE
sub-071/ses-01/func/sub-071_ses-01_task-fmri_run-04_part-phase_bold.json	InstitutionalDepartmentName	"""Department"""	REMOVE
sub-071/ses-01/func/sub-071_ses-01_task-fmri_run-04_part-phase_sbref.json	InstitutionalDepartmentName	"""Department"""	REMOVE
sub-071/ses-01/func/sub-071_ses-01_task-fmri_run-04_sbref.json	InstitutionalDepartmentName	"""Department"""	REMOVE
sub-071/ses-01/func/sub-071_ses-01_task-fmri_run-05_bold.json	InstitutionalDepartmentName	"""Department"""	REMOVE
sub-071/ses-01/func/sub-071_ses-01_task-fmri_run-06_part-phase_bold.json	InstitutionalDepartmentName	"""Department"""	REMOVE
sub-071/ses-01/func/sub-071_ses-01_task-fmri_run-07_bold.json	InstitutionalDepartmentName	"""Department"""	REMOVE
sub-071/ses-01/func/sub-071_ses-01_task-fmri_run-08_part-phase_bold.json	InstitutionalDepartmentName	"""Department"""	REMOVE
sub-071/ses-01/func/sub-071_ses-01_task-movie_run-01_bold.json	InstitutionalDepartmentName	"""Department"""	REMOVE
sub-071/ses-01/func/sub-071_ses-01_task-movie_run-01_part-phase_sbref.json	InstitutionalDepartmentName	"""Department"""	REMOVE
sub-071/ses-01/func/sub-071_ses-01_task-movie_run-01_sbref.json	InstitutionalDepartmentName	"""Department"""	REMOVE
sub-071/ses-01/func/sub-071_ses-01_task-movie_run-02_part-phase_bold.json	InstitutionalDepartmentName	"""Department"""	REMOVE
sub-071/ses-01/func/sub-071_ses-01_task-movie_run-02_part-phase_sbref.json	InstitutionalDepartmentName	"""Department"""	REMOVE
sub-071/ses-01/func/sub-071_ses-01_task-movie_run-02_sbref.json	InstitutionalDepartmentName	"""Department"""	REMOVE
sub-071/ses-01/func/sub-071_ses-01_task-movie_run-03_bold.json	InstitutionalDepartmentName	"""Department"""	REMOVE
sub-071/ses-01/func/sub-071_ses-01_task-movie_run-03_part-phase_sbref.json	InstitutionalDepartmentName	"""Department"""	REMOVE
sub-071/ses-01/func/sub-071_ses-01_task-movie_run-03_sbref.json	InstitutionalDepartmentName	"""Department"""	REMOVE
sub-071/ses-01/func/sub-071_ses-01_task-movie_run-04_part-phase_bold.json	InstitutionalDepartmentName	"""Department"""	REMOVE
sub-071/ses-01/func/sub-071_ses-01_task-movie_run-04_part-phase_sbref.json	InstitutionalDepartmentName	"""Department"""	REMOVE
sub-071/ses-01/func/sub-071_ses-01_task-movie_run-04_sbref.json	InstitutionalDepartmentName	"""Department"""	REMOVE
sub-071/ses-01/func/sub-071_ses-01_task-movie_run-05_bold.json	InstitutionalDepartmentName	"""Department"""	REMOVE
sub-071/ses-01/func/sub-071_ses-01_task-movie_run-06_part-phase_bold.json	InstitutionalDepartmentName	"""Department"""	REMOVE
sub-071/ses-01/func/sub-071_ses-01_task-movie_run-07_bold.json	InstitutionalDepartmentName	"""Department"""	REMOVE
sub-071/ses-01/func/sub-071_ses-01_task-movie_run-08_part-phase_bold.json	InstitutionalDepartmentName	"""Department"""	REMOVE
sub-071/ses-01/func/sub-071_ses-01_task-rest_run-01_bold.json	InstitutionalDepartmentName	"""Department"""	REMOVE
sub-071/ses-01/func/sub-071_ses-01_task-rest_run-01_part-phase_sbref.json	InstitutionalDepartmentName	"""Department"""	REMOVE
sub-071/ses-01/func/sub-071_ses-01_task-rest_run-01_sbref.json	InstitutionalDepartmentName	"""Department"""	REMOVE
sub-071/ses-01/func/sub-071_ses-01_task-rest_run-02_part-phase_bold.json	InstitutionalDepartmentName	"""Department"""	REMOVE
sub-072/ses-01/anat/sub-072_ses-01_run-01_FLAIR.json	InstitutionalDepartmentName	"""Department"""	REMOVE
sub-072/ses-01/anat/sub-072_ses-01_run-01_T1w.json	InstitutionalDepartmentName	"""Department"""	REMOVE
sub-072/ses-01/anat/sub-072_ses-01_run-01_TB1TFL.json	InstitutionalDepartmentName	"""Department"""	REMOVE
sub-072/ses-01/anat/sub-072_ses-01_run-02_T1w.json	InstitutionalDepartmentName	"""Department"""	REMOVE
sub-072/ses-01/anat/sub-072_ses-01_run-02_TB1TFL.json	InstitutionalDepartmentName	"""Department"""	REMOVE
sub-072/ses-01/anat/sub-072_ses-01_run-03_T1w.json	InstitutionalDepartmentName	"""Department"""	REMOVE
sub-072/ses-01/dwi/sub-072_ses-01_run-01_dwi.json	InstitutionalDepartmentName	"""Department"""	REMOVE
sub-072/ses-01/dwi/sub-072_ses-01_run-02_dwi.json	InstitutionalDepartmentName	"""Department"""	REMOVE
sub-072/ses-01/dwi/sub-072_ses-01_run-05_dwi.json	InstitutionalDepartmentName	"""Department"""	REMOVE
sub-072/ses-01/fmap/sub-072_ses-01_dir-AP_run-01_epi.json	InstitutionalDepartmentName	"""Department"""	REMOVE
sub-072/ses-01/fmap/sub-072_ses-01_dir-AP_run-02_part-phase_epi.json	InstitutionalDepartmentName	"""Department"""	REMOVE
sub-072/ses-01/fmap/sub-072_ses-01_dir-AP_run-03_epi.json	InstitutionalDepartmentName	"""Department"""	REMOVE
sub-072/ses-01/fmap/sub-072_ses-01_dir-AP_run-04_part-phase_epi.json	InstitutionalDepartmentName	"""Department"""	REMOVE
sub-072/ses-01/fmap/sub-072_ses-01_dir-PA_run-01_epi.json	InstitutionalDepartmentName	"""Department"""	REMOVE
sub-072/ses-01/fmap/sub-072_ses-01_dir-PA_run-02_part-phase_epi.json	InstitutionalDepartmentName	"""Department"""	REMOVE
sub-072/ses-01/fmap/sub-072_ses-01_dir-PA_run-03_epi.json	InstitutionalDepartmentName	"""Department"""	REMOVE
sub-072/ses-01/fmap/sub-072_ses-01_dir-PA_run-04_part-phase_epi.json	InstitutionalDepartmentName	"""Department"""	REMOVE
sub-072/ses-01/func/sub-072_ses-01_task-control_run-01_bold.json	InstitutionalDepartmentName	"""Department"""	REMOVE
sub-072/ses-01/func/sub-072_ses-01_task-control_run-01_part-phase_sbref.json	InstitutionalDepartmentName	"""Department"""	REMOVE
sub-072/ses-01/func/sub-072_ses-01_task-control_run-01_sbref.json	InstitutionalDepartmentName	"""Department"""	REMOVE
sub-072/ses-01/func/sub-072_ses-01_task-control_run-02_part-phase_bold.json	InstitutionalDepartmentName	"""Department"""	REMOVE
sub-072/ses-01/func/sub-072_ses-01_task-control_run-02_part-phase_sbref.json	InstitutionalDepartmentName	"""Department"""	REMOVE
sub-072/ses-01/func/sub-072_ses-01_task-control_run-02_sbref.json	InstitutionalDepartmentName	"""Department"""	REMOVE
sub-072/ses-01/func/sub-072_ses-01_task-control_run-03_bold.json	InstitutionalDepartmentName	"""Department"""	REMOVE
sub-072/ses-01/func/sub-072_ses-01_task-control_run-03_part-phase_sbref.json	InstitutionalDepartmentName	"""Department"""	REMOVE
sub-072/ses-01/func/sub-072_ses-01_task-control_run-03_sbref.json	InstitutionalDepartmentName	"""Department"""	REMOVE
sub-072/ses-01/func/sub-072_ses-01_task-control_run-04_part-phase_bold.json	InstitutionalDepartmentName	"""Department"""	REMOVE
sub-072/ses-01/func/sub-072_ses-01_task-control_run-05_bold.json	InstitutionalDepartmentName	"""Department"""	REMOVE
sub-072/ses-01/func/sub-072_ses-01_task-control_run-06_part-phase_bold.json	InstitutionalDepartmentName	"""Department"""	REMOVE
sub-072/ses-01/func/sub-072_ses-01_task-fmri_run-01_bold.json	InstitutionalDepartmentName	"""Department"""	REMOVE
sub-072/ses-01/func/sub-072_ses-01_task-fmri_run-01_part-phase_sbref.json	InstitutionalDepartmentName	"""Department"""	REMOVE
sub-072/ses-01/func/sub-072_ses-01_task-fmri_run-01_sbref.json	InstitutionalDepartmentName	"""Department"""	REMOVE
sub-072/ses-01/func/sub-072_ses-01_task-fmri_run-02_part-phase_bold.json	InstitutionalDepartmentName	"""Department"""	REMOVE
sub-072/ses-01/func/sub-072_ses-01_task-fmri_run-02_part-phase_sbref.json	InstitutionalDepartmentName	"""Department"""	REMOVE
sub-072/ses-01/func/sub-072_ses-01_task-fmri_run-02_sbref.json	InstitutionalDepartmentName	"""Department"""	REMOVE
sub-072/ses-01/func/sub-072_ses-01_task-fmri_run-03_bold.json	InstitutionalDepartmentName	"""Department"""	REMOVE
sub-072/ses-01/func/sub-072_ses-01_task-fmri_run-03_part-phase_sbref.json	InstitutionalDepartmentName	"""Department"""	REMOVE
sub-072/ses-01/func/sub-072_ses-01_task-fmri_run-03_sbref.json	InstitutionalDepartmentName	"""Department"""	REMOVE
sub-072/ses-01/func/sub-072_ses-01_task-fmri_run-04_part-phase_bold.json	InstitutionalDepartmentName	"""Department"""	REMOVE
sub-072/ses-01/func/sub-072_ses-01_task-fmri_run-04_part-phase_sbref.json	InstitutionalDepartmentName	"""Department"""	REMOVE
sub-072/ses-01/func/sub-072_ses-01_task-fmri_run-04_sbref.json	InstitutionalDepartmentName	"""Department"""	REMOVE
sub-072/ses-01/func/sub-072_ses-01_task-fmri_run-05_bold.json	InstitutionalDepartmentName	"""Department"""	REMOVE
sub-072/ses-01/func/sub-072_ses-01_task-fmri_run-06_part-phase_bold.json	InstitutionalDepartmentName	"""Department"""	REMOVE
sub-072/ses-01/func/sub-072_ses-01_task-fmri_run-07_bold.json	InstitutionalDepartmentName	"""Department"""	REMOVE
sub-072/ses-01/func/sub-072_ses-01_task-fmri_run-08_part-phase_bold.json	InstitutionalDepartmentName	"""Department"""	REMOVE
sub-072/ses-01/func/sub-072_ses-01_task-movie_run-01_bold.json	InstitutionalDepartmentName	"""Department"""	REMOVE
sub-072/ses-01/func/sub-072_ses-01_task-movie_run-01_part-phase_sbref.json	InstitutionalDepartmentName	"""Department"""	REMOVE
sub-072/ses-01/func/sub-072_ses-01_task-movie_run-01_sbref.json	InstitutionalDepartmentName	"""Department"""	REMOVE
sub-072/ses-01/func/sub-072_ses-01_task-movie_run-02_part-phase_bold.json	InstitutionalDepartmentName	"""Department"""	REMOVE
sub-072/ses-01/func/sub-072_ses-01_task-movie_run-02_part-phase_sbref.json	InstitutionalDepartmentName	"""Department"""	REMOVE
sub-072/ses-01/func/sub-072_ses-01_task-movie_run-02_sbref.json	InstitutionalDepartmentName	"""Department"""	REMOVE
sub-072/ses-01/func/sub-072_ses-01_task-movie_run-03_bold.json	InstitutionalDepartmentName	"""Department"""	REMOVE
sub-072/ses-01/func/sub-072_ses-01_task-movie_run-03_part-phase_sbref.json	InstitutionalDepartmentName	"""Department"""	REMOVE
sub-072/ses-01/func/sub-072_ses-01_task-movie_run-03_sbref.json	InstitutionalDepartmentName	"""Department"""	REMOVE
sub-072/ses-01/func/sub-072_ses-01_task-movie_run-04_part-phase_bold.json	InstitutionalDepartmentName	"""Department"""	REMOVE
sub-072/ses-01/func/sub-072_ses-01_task-movie_run-04_part-phase_sbref.json	InstitutionalDepartmentName	"""Department"""	REMOVE
sub-072/ses-01/func/sub-072_ses-01_task-movie_run-04_sbref.json	InstitutionalDepartmentName	"""Department"""	REMOVE
sub-072/ses-01/func/sub-072_ses-01_task-movie_run-05_bold.json	InstitutionalDepartmentName	"""Department"""	REMOVE
sub-072/ses-01/func/sub-072_ses-01_task-movie_run-06_part-phase_bold.json	InstitutionalDepartmentName	"""Department"""	REMOVE
sub-072/ses-01/func/sub-072_ses-01_task-movie_run-07_bold.json	InstitutionalDepartmentName	"""Department"""	REMOVE
sub-072/ses-01/func/sub-072_ses-01_task-movie_run-08_part-phase_bold.json	InstitutionalDepartmentName	"""Department"""	REMOVE
sub-072/ses-01/func/sub-072_ses-01_task-rest_run-01_bold.json	InstitutionalDepartmentName	"""Department"""	REMOVE
sub-072/ses-01/func/sub-072_ses-01_task-rest_run-01_part-phase_sbref.json	InstitutionalDepartmentName	"""Department"""	REMOVE
sub-072/ses-01/func/sub-072_ses-01_task-rest_run-01_sbref.json	InstitutionalDepartmentName	"""Department"""	REMOVE
sub-072/ses-01/func/sub-072_ses-01_task-rest_run-02_part-phase_bold.json	InstitutionalDepartmentName	"""Department"""	REMOVE
sub-073/ses-01/anat/sub-073_ses-01_run-01_FLAIR.json	InstitutionalDepartmentName	"""Department"""	REMOVE
sub-073/ses-01/anat/sub-073_ses-01_run-01_T1w.json	InstitutionalDepartmentName	"""Department"""	REMOVE
sub-073/ses-01/anat/sub-073_ses-01_run-01_TB1TFL.json	InstitutionalDepartmentName	"""Department"""	REMOVE
sub-073/ses-01/anat/sub-073_ses-01_run-02_T1w.json	InstitutionalDepartmentName	"""Department"""	REMOVE
sub-073/ses-01/anat/sub-073_ses-01_run-02_TB1TFL.json	InstitutionalDepartmentName	"""Department"""	REMOVE
sub-073/ses-01/anat/sub-073_ses-01_run-03_T1w.json	InstitutionalDepartmentName	"""Department"""	REMOVE
sub-073/ses-01/dwi/sub-073_ses-01_run-01_dwi.json	InstitutionalDepartmentName	"""Department"""	REMOVE
sub-073/ses-01/dwi/sub-073_ses-01_run-02_dwi.json	InstitutionalDepartmentName	"""Department"""	REMOVE
sub-073/ses-01/dwi/sub-073_ses-01_run-05_dwi.json	InstitutionalDepartmentName	"""Department"""	REMOVE
sub-073/ses-01/fmap/sub-073_ses-01_dir-AP_run-01_epi.json	InstitutionalDepartmentName	"""Department"""	REMOVE
sub-073/ses-01/fmap/sub-073_ses-01_dir-AP_run-02_part-phase_epi.json	InstitutionalDepartmentName	"""Department"""	REMOVE
sub-073/ses-01/fmap/sub-073_ses-01_dir-AP_run-03_epi.json	InstitutionalDepartmentName	"""Department"""	REMOVE
sub-073/ses-01/fmap/sub-073_ses-01_dir-AP_run-04_part-phase_epi.json	InstitutionalDepartmentName	"""Department"""	REMOVE
sub-073/ses-01/fmap/sub-073_ses-01_dir-PA_run-01_epi.json	InstitutionalDepartmentName	"""Department"""	REMOVE
sub-073/ses-01/fmap/sub-073_ses-01_dir-PA_run-02_part-phase_epi.json	InstitutionalDepartmentName	"""Department"""	REMOVE
sub-073/ses-01/fmap/sub-073_ses-01_dir-PA_run-03_epi.json	InstitutionalDepartmentName	"""Department"""	REMOVE
sub-073/ses-01/fmap/sub-073_ses-01_dir-PA_run-04_part-phase_epi.json	InstitutionalDepartmentName	"""Department"""	REMOVE
sub-073/ses-01/func/sub-073_ses-01_task-control_run-01_bold.json	InstitutionalDepartmentName	"""Department"""	REMOVE
sub-073/ses-01/func/sub-073_ses-01_task-control_run-01_part-phase_sbref.json	InstitutionalDepartmentName	"""Department"""	REMOVE
sub-073/ses-01/func/sub-073_ses-01_task-control_run-01_sbref.json	InstitutionalDepartmentName	"""Department"""	REMOVE
sub-073/ses-01/func/sub-073_ses-01_task-control_run-02_part-phase_bold.json	InstitutionalDepartmentName	"""Department"""	REMOVE
sub-073/ses-01/func/sub-073_ses-01_task-control_run-02_part-phase_sbref.json	InstitutionalDepartmentName	"""Department"""	REMOVE
sub-073/ses-01/func/sub-073_ses-01_task-control_run-02_sbref.json	InstitutionalDepartmentName	"""Department"""	REMOVE
sub-073/ses-01/func/sub-073_ses-01_task-control_run-03_bold.json	InstitutionalDepartmentName	"""Department"""	REMOVE
sub-073/ses-01/func/sub-073_ses-01_task-control_run-03_part-phase_sbref.json	InstitutionalDepartmentName	"""Department"""	REMOVE
sub-073/ses-01/func/sub-073_ses-01_task-control_run-03_sbref.json	InstitutionalDepartmentName	"""Department"""	REMOVE
sub-073/ses-01/func/sub-073_ses-01_task-control_run-04_part-phase_bold.json	InstitutionalDepartmentName	"""Department"""	REMOVE
sub-073/ses-01/func/sub-073_ses-01_task-control_run-05_bold.json	InstitutionalDepartmentName	"""Department"""	REMOVE
sub-073/ses-01/func/sub-073_ses-01_task-control_run-06_part-phase_bold.json	InstitutionalDepartmentName	"""Department"""	REMOVE
sub-073/ses-01/func/sub-073_ses-01_task-fmri_run-01_bold.json	InstitutionalDepartmentName	"""Department"""	REMOVE
sub-073/ses-01/func/sub-073_ses-01_task-fmri_run-01_part-phase_sbref.json	InstitutionalDepartmentName	"""Department"""	REMOVE
sub-073/ses-01/func/sub-073_ses-01_task-fmri_run-01_sbref.json	InstitutionalDepartmentName	"""Department"""	REMOVE
sub-073/ses-01/func/sub-073_ses-01_task-fmri_run-02_part-phase_bold.json	InstitutionalDepartmentName	"""Department"""	REMOVE
sub-073/ses-01/func/sub-073_ses-01_task-fmri_run-02_part-phase_sbref.json	InstitutionalDepartmentName	"""Department"""	REMOVE
sub-073/ses-01/func/sub-073_ses-01_task-fmri_run-02_sbref.json	InstitutionalDepartmentName	"""Department"""	REMOVE
sub-073/ses-01/func/sub-073_ses-01_task-fmri_run-03_bold.json	InstitutionalDepartmentName	"""Department"""	REMOVE
sub-073/ses-01/func/sub-073_ses-01_task-fmri_run-03_part-phase_sbref.json	InstitutionalDepartmentName	"""Department"""	REMOVE
sub-073/ses-01/func/sub-073_ses-01_task-fmri_run-03_sbref.json	InstitutionalDepartmentName	"""Department"""	REMOVE
sub-073/ses-01/func/sub-073_ses-01_task-fmri_run-04_part-phase_bold.json	InstitutionalDepartmentName	"""Department"""	REMOVE
sub-073/ses-01/func/sub-073_ses-01_task-fmri_run-04_part-phase_sbref.json	InstitutionalDepartmentName	"""Department"""	REMOVE
sub-073/ses-01/func/sub-073_ses-01_task-fmri_run-04_sbref.json	InstitutionalDepartmentName	"""Department"""	REMOVE
sub-073/ses-01/func/sub-073_ses-01_task-fmri_run-05_bold.json	InstitutionalDepartmentName	"""Department"""	REMOVE
sub-073/ses-01/func/sub-073_ses-01_task-fmri_run-06_part-phase_bold.json	InstitutionalDepartmentName	"""Department"""	REMOVE
sub-073/ses-01/func/sub-073_ses-01_task-fmri_run-07_bold.json	InstitutionalDepartmentName	"""Department"""	REMOVE
sub-073/ses-01/func/sub-073_ses-01_task-fmri_run-08_part-phase_bold.json	InstitutionalDepartmentName	"""Department"""	REMOVE
sub-073/ses-01/func/sub-073_ses-01_task-movie_run-01_bold.json	InstitutionalDepartmentName	"""Department"""	REMOVE
sub-073/ses-01/func/sub-073_ses-01_task-movie_run-01_part-phase_sbref.json	InstitutionalDepartmentName	"""Department"""	REMOVE
sub-073/ses-01/func/sub-073_ses-01_task-movie_run-01_sbref.json	InstitutionalDepartmentName	"""Department"""	REMOVE
sub-073/ses-01/func/sub-073_ses-01_task-movie_run-02_part-phase_bold.json	InstitutionalDepartmentName	"""Department"""	REMOVE
sub-073/ses-01/func/sub-073_ses-01_task-movie_run-02_part-phase_sbref.json	InstitutionalDepartmentName	"""Department"""	REMOVE
sub-073/ses-01/func/sub-073_ses-01_task-movie_run-02_sbref.json	InstitutionalDepartmentName	"""Department"""	REMOVE
sub-073/ses-01/func/sub-073_ses-01_task-movie_run-03_bold.json	InstitutionalDepartmentName	"""Department"""	REMOVE
sub-073/ses-01/func/sub-073_ses-01_task-movie_run-03_part-phase_sbref.json	InstitutionalDepartmentName	"""Department"""	REMOVE
sub-073/ses-01/func/sub-073_ses-01_task-movie_run-03_sbref.json	InstitutionalDepartmentName	"""Department"""	REMOVE
sub-073/ses-01/func/sub-073_ses-01_task-movie_run-04_part-phase_bold.json	InstitutionalDepartmentName	"""Department"""	REMOVE
sub-073/ses-01/func/sub-073_ses-01_task-movie_run-04_part-phase_sbref.json	InstitutionalDepartmentName	"""Department"""	REMOVE
sub-073/ses-01/func/sub-073_ses-01_task-movie_run-04_sbref.json	InstitutionalDepartmentName	"""Department"""	REMOVE
sub-073/ses-01/func/sub-073_ses-01_task-movie_run-05_bold.json	InstitutionalDepartmentName	"""Department"""	REMOVE
sub-073/ses-01/func/sub-073_ses-01_task-movie_run-06_part-phase_bold.json	InstitutionalDepartmentName	"""Department"""	REMOVE
sub-073/ses-01/func/sub-073_ses-01_task-movie_run-07_bold.json	InstitutionalDepartmentName	"""Department"""	REMOVE
sub-073/ses-01/func/sub-073_ses-01_task-movie_run-08_part-phase_bold.json	InstitutionalDepartmentName	"""Department"""	REMOVE
sub-073/ses-01/func/sub-073_ses-01_task-rest_run-01_bold.json	InstitutionalDepartmentName	"""Department"""	REMOVE
sub-073/ses-01/func/sub-073_ses-01_task-rest_run-01_part-phase_sbref.json	InstitutionalDepartmentName	"""Department"""	REMOVE
sub-073/ses-01/func/sub-073_ses-01_task-rest_run-01_sbref.json	InstitutionalDepartmentName	"""Department"""	REMOVE
sub-073/ses-01/func/sub-073_ses-01_task-rest_run-02_part-phase_bold.json	InstitutionalDepartmentName	"""Department"""	REMOVE
sub-074/ses-01/anat/sub-074_ses-01_run-01_FLAIR.json	InstitutionalDepartmentName	"""Department"""	REMOVE
sub-074/ses-01/anat/sub-074_ses-01_run-01_T1w.json	InstitutionalDepartmentName	"""Department"""	REMOVE
sub-074/ses-01/anat/sub-074_ses-01_run-01_TB1TFL.json	InstitutionalDepartmentName	"""Department"""	REMOVE
sub-074/ses-01/anat/sub-074_ses-01_run-02_T1w.json	InstitutionalDepartmentName	"""Department"""	REMOVE
sub-074/ses-01/anat/sub-074_ses-01_run-02_TB1TFL.json	InstitutionalDepartmentName	"""Department"""	REMOVE
sub-074/ses-01/anat/sub-074_ses-01_run-03_T1w.json	InstitutionalDepartmentName	"""Department"""	REMOVE
sub-074/ses-01/dwi/sub-074_ses-01_run-01_dwi.json	InstitutionalDepartmentName	"""Department"""	REMOVE
sub-074/ses-01/dwi/sub-074_ses-01_run-02_dwi.json	InstitutionalDepartmentName	"""Department"""	REMOVE
sub-074/ses-01/dwi/sub-074_ses-01_run-05_dwi.json	InstitutionalDepartmentName	"""Department"""	REMOVE
sub-074/ses-01/fmap/sub-074_ses-01_dir-AP_run-01_epi.json	InstitutionalDepartmentName	"""Department"""	REMOVE
sub-074/ses-01/fmap/sub-074_ses-01_dir-AP_run-02_part-phase_epi.json	InstitutionalDepartmentName	"""Department"""	REMOVE
sub-074/ses-01/fmap/sub-074_ses-01_dir-AP_run-03_epi.json	InstitutionalDepartmentName	"""Department"""	REMOVE
sub-074/ses-01/fmap/sub-074_ses-01_dir-AP_run-04_part-phase_epi.json	InstitutionalDepartmentName	"""Department"""	REMOVE
sub-074/ses-01/fmap/sub-074_ses-01_dir-PA_run-01_epi.json	InstitutionalDepartmentName	"""Department"""	REMOVE
sub-074/ses-01/fmap/sub-074_ses-01_dir-PA_run-02_part-phase_epi.json	InstitutionalDepartmentName	"""Department"""	REMOVE
sub-074/ses-01/fmap/sub-074_ses-01_dir-PA_run-03_epi.json	InstitutionalDepartmentName	"""Department"""	REMOVE
sub-074/ses-01/fmap/sub-074_ses-01_dir-PA_run-04_part-phase_epi.json	InstitutionalDepartmentName	"""Department"""	REMOVE
sub-074/ses-01/func/sub-074_ses-01_task-control_run-01_bold.json	InstitutionalDepartmentName	"""Department"""	REMOVE
sub-074/ses-01/func/sub-074_ses-01_task-control_run-01_part-phase_sbref.json	InstitutionalDepartmentName	"""Department"""	REMOVE
sub-074/ses-01/func/sub-074_ses-01_task-control_run-01_sbref.json	InstitutionalDepartmentName	"""Department"""	REMOVE
sub-074/ses-01/func/sub-074_ses-01_task-control_run-02_part-phase_bold.json	InstitutionalDepartmentName	"""Department"""	REMOVE
sub-074/ses-01/func/sub-074_ses-01_task-control_run-02_part-phase_sbref.json	InstitutionalDepartmentName	"""Department"""	REMOVE
sub-074/ses-01/func/sub-074_ses-01_task-control_run-02_sbref.json	InstitutionalDepartmentName	"""Department"""	REMOVE
sub-074/ses-01/func/sub-074_ses-01_task-control_run-03_bold.json	InstitutionalDepartmentName	"""Department"""	REMOVE
sub-074/ses-01/func/sub-074_ses-01_task-control_run-03_part-phase_sbref.json	InstitutionalDepartmentName	"""Department"""	REMOVE
sub-074/ses-01/func/sub-074_ses-01_task-control_run-03_sbref.json	InstitutionalDepartmentName	"""Department"""	REMOVE
sub-074/ses-01/func/sub-074_ses-01_task-control_run-04_part-phase_bold.json	InstitutionalDepartmentName	"""Department"""	REMOVE
sub-074/ses-01/func/sub-074_ses-01_task-control_run-05_bold.json	InstitutionalDepartmentName	"""Department"""	REMOVE
sub-074/ses-01/func/sub-074_ses-01_task-control_run-06_part-phase_bold.json	InstitutionalDepartmentName	"""Department"""	REMOVE
sub-074/ses-01/func/sub-074_ses-01_task-fmri_run-01_bold.json	InstitutionalDepartmentName	"""Department"""	REMOVE
sub-074/ses-01/func/sub-074_ses-01_task-fmri_run-01_part-phase_sbref.json	InstitutionalDepartmentName	"""Department"""	REMOVE
sub-074/ses-01/func/sub-074_ses-01_task-fmri_run-01_sbref.json	InstitutionalDepartmentName	"""Department"""	REMOVE
sub-074/ses-01/func/sub-074_ses-01_task-fmri_run-02_part-phase_bold.json	InstitutionalDepartmentName	"""Department"""	REMOVE
sub-074/ses-01/func/sub-074_ses-01_task-fmri_run-02_part-phase_sbref.json	InstitutionalDepartmentName	"""Department"""	REMOVE
sub-074/ses-01/func/sub-074_ses-01_task-fmri_run-02_sbref.json	InstitutionalDepartmentName	"""Department"""	REMOVE
sub-074/ses-01/func/sub-074_ses-01_task-fmri_run-03_bold.json	InstitutionalDepartmentName	"""Department"""	REMOVE
sub-074/ses-01/func/sub-074_ses-01_task-fmri_run-03_part-phase_sbref.json	InstitutionalDepartmentName	"""Department"""	REMOVE
sub-074/ses-01/func/sub-074_ses-01_task-fmri_run-03_sbref.json	InstitutionalDepartmentName	"""Department"""	REMOVE
sub-074/ses-01/func/sub-074_ses-01_task-fmri_run-04_part-phase_bold.json	InstitutionalDepartmentName	"""Department"""	REMOVE
sub-074/ses-01/func/sub-074_ses-01_task-fmri_run-04_part-phase_sbref.json	InstitutionalDepartmentName	"""Department"""	REMOVE
sub-074/ses-01/func/sub-074_ses-01_task-fmri_run-04_sbref.json	InstitutionalDepartmentName	"""Department"""	REMOVE
sub-074/ses-01/func/sub-074_ses-01_task-fmri_run-05_bold.json	InstitutionalDepartmentName	"""Department"""	REMOVE
sub-074/ses-01/func/sub-074_ses-01_task-fmri_run-06_part-phase_bold.json	InstitutionalDepartmentName	"""Department"""	REMOVE
sub-074/ses-01/func/sub-074_ses-01_task-fmri_run-07_bold.json	InstitutionalDepartmentName	"""Department"""	REMOVE
sub-074/ses-01/func/sub-074_ses-01_task-fmri_run-08_part-phase_bold.json	InstitutionalDepartmentName	"""Department"""	REMOVE
sub-074/ses-01/func/sub-074_ses-01_task-movie_run-01_bold.json	InstitutionalDepartmentName	"""Department"""	REMOVE
sub-074/ses-01/func/sub-074_ses-01_task-movie_run-01_part-phase_sbref.json	InstitutionalDepartmentName	"""Department"""	REMOVE
sub-074/ses-01/func/sub-074_ses-01_task-movie_run-01_sbref.json	InstitutionalDepartmentName	"""Department"""	REMOVE
sub-074/ses-01/func/sub-074_ses-01_task-movie_run-02_part-phase_bold.json	InstitutionalDepartmentName	"""Department"""	REMOVE
sub-074/ses-01/func/sub-074_ses-01_task-movie_run-02_part-phase_sbref.json	InstitutionalDepartmentName	"""Department"""	REMOVE
sub-074/ses-01/func/sub-074_ses-01_task-movie_run-02_sbref.json	InstitutionalDepartmentName	"""Department"""	REMOVE
sub-074/ses-01/func/sub-074_ses-01_task-movie_run-03_bold.json	InstitutionalDepartmentName	"""Department"""	REMOVE
sub-074/ses-01/func/sub-074_ses-01_task-movie_run-03_part-phase_sbref.json	InstitutionalDepartmentName	"""Department"""	REMOVE
sub-074/ses-01/func/sub-074_ses-01_task-movie_run-03_sbref.json	InstitutionalDepartmentName	"""Department"""	REMOVE
sub-074/ses-01/func/sub-074_ses-01_task-movie_run-04_part-phase_bold.json	InstitutionalDepartmentName	"""Department"""	REMOVE
sub-074/ses-01/func/sub-074_ses-01_task-movie_run-04_part-phase_sbref.json	InstitutionalDepartmentName	"""Department"""	REMOVE
sub-074/ses-01/func/sub-074_ses-01_task-movie_run-04_sbref.json	InstitutionalDepartmentName	"""Department"""	REMOVE
sub-074/ses-01/func/sub-074_ses-01_task-movie_run-05_bold.json	InstitutionalDepartmentName	"""Department"""	REMOVE
sub-074/ses-01/func/sub-074_ses-01_task-movie_run-06_part-phase_bold.json	InstitutionalDepartmentName	"""Department"""	REMOVE
sub-074/ses-01/func/sub-074_ses-01_task-movie_run-07_bold.json	InstitutionalDepartmentName	"""Department"""	REMOVE
sub-074/ses-01/func/sub-074_ses-01_task-movie_run-08_part-phase_bold.json	InstitutionalDepartmentName	"""Department"""	REMOVE
sub-074/ses-01/func/sub-074_ses-01_task-rest_run-01_bold.json	InstitutionalDepartmentName	"""Department"""	REMOVE
sub-074/ses-01/func/sub-074_ses-01_task-rest_run-01_part-phase_sbref.json	InstitutionalDepartmentName	"""Department"""	REMOVE
sub-074/ses-01/func/sub-074_ses-01_task-rest_run-01_sbref.json	InstitutionalDepartmentName	"""Department"""	REMOVE
sub-074/ses-01/func/sub-074_ses-01_task-rest_run-02_part-phase_bold.json	InstitutionalDepartmentName	"""Department"""	REMOVE
sub-075/ses-01/anat/sub-075_ses-01_run-01_FLAIR.json	InstitutionalDepartmentName	"""Department"""	REMOVE
sub-075/ses-01/anat/sub-075_ses-01_run-01_T1w.json	InstitutionalDepartmentName	"""Department"""	REMOVE
sub-075/ses-01/anat/sub-075_ses-01_run-01_TB1TFL.json	InstitutionalDepartmentName	"""Department"""	REMOVE
sub-075/ses-01/anat/sub-075_ses-01_run-02_T1w.json	InstitutionalDepartmentName	"""Department"""	REMOVE
sub-075/ses-01/anat/sub-075_ses-01_run-02_TB1TFL.json	InstitutionalDepartmentName	"""Department"""	REMOVE
sub-075/ses-01/anat/sub-075_ses-01_run-03_T1w.json	InstitutionalDepartmentName	"""Department"""	REMOVE
sub-075/ses-01/dwi/sub-075_ses-01_run-01_dwi.json	InstitutionalDepartmentName	"""Department"""	REMOVE
sub-075/ses-01/dwi/sub-075_ses-01_run-02_dwi.json	InstitutionalDepartmentName	"""Department"""	REMOVE
sub-075/ses-01/dwi/sub-075_ses-01_run-05_dwi.json	InstitutionalDepartmentName	"""Department"""	REMOVE
sub-075/ses-01/fmap/sub-075_ses-01_dir-AP_run-01_epi.json	InstitutionalDepartmentName	"""Department"""	REMOVE
sub-075/ses-01/fmap/sub-075_ses-01_dir-AP_run-02_part-phase_epi.json	InstitutionalDepartmentName	"""Department"""	REMOVE
sub-075/ses-01/fmap/sub-075_ses-01_dir-AP_run-03_epi.json	InstitutionalDepartmentName	"""Department"""	REMOVE
sub-075/ses-01/fmap/sub-075_ses-01_dir-AP_run-04_part-phase_epi.json	InstitutionalDepartmentName	"""Department"""	REMOVE
sub-075/ses-01/fmap/sub-075_ses-01_dir-PA_run-01_epi.json	InstitutionalDepartmentName	"""Department"""	REMOVE
sub-075/ses-01/fmap/sub-075_ses-01_dir-PA_run-02_part-phase_epi.json	InstitutionalDepartmentName	"""Department"""	REMOVE
sub-075/ses-01/fmap/sub-075_ses-01_dir-PA_run-03_epi.json	InstitutionalDepartmentName	"""Department"""	REMOVE
sub-075/ses-01/fmap/sub-075_ses-01_dir-PA_run-04_part-phase_epi.json	InstitutionalDepartmentName	"""Department"""	REMOVE
sub-075/ses-01/func/sub-075_ses-01_task-control_run-01_bold.json	InstitutionalDepartmentName	"""Department"""	REMOVE
sub-075/ses-01/func/sub-075_ses-01_task-control_run-01_part-phase_sbref.json	InstitutionalDepartmentName	"""Department"""	REMOVE
sub-075/ses-01/func/sub-075_ses-01_task-control_run-01_sbref.json	InstitutionalDepartmentName	"""Department"""	REMOVE
sub-075/ses-01/func/sub-075_ses-01_task-control_run-02_part-phase_bold.json	InstitutionalDepartmentName	"""Department"""	REMOVE
sub-075/ses-01/func/sub-075_ses-01_task-control_run-02_part-phase_sbref.json	InstitutionalDepartmentName	"""Department"""	REMOVE
sub-075/ses-01/func/sub-075_ses-01_task-control_run-02_sbref.json	InstitutionalDepartmentName	"""Department"""	REMOVE
sub-075/ses-01/func/sub-075_ses-01_task-control_run-03_bold.json	InstitutionalDepartmentName	"""Department"""	REMOVE
sub-075/ses-01/func/sub-075_ses-01_task-control_run-03_part-phase_sbref.json	InstitutionalDepartmentName	"""Department"""	REMOVE
sub-075/ses-01/func/sub-075_ses-01_task-control_run-03_sbref.json	InstitutionalDepartmentName	"""Department"""	REMOVE
sub-075/ses-01/func/sub-075_ses-01_task-control_run-04_part-phase_bold.json	InstitutionalDepartmentName	"""Department"""	REMOVE
sub-075/ses-01/func/sub-075_ses-01_task-control_run-05_bold.json	InstitutionalDepartmentName	"""Department"""	REMOVE
sub-075/ses-01/func/sub-075_ses-01_task-control_run-06_part-phase_bold.json	InstitutionalDepartmentName	"""Department"""	REMOVE
sub-075/ses-01/func/sub-075_ses-01_task-fmri_run-01_bold.json	InstitutionalDepartmentName	"""Department"""	REMOVE
sub-075/ses-01/func/sub-075_ses-01_task-fmri_run-01_part-phase_sbref.json	InstitutionalDepartmentName	"""Department"""	REMOVE
sub-075/ses-01/func/sub-075_ses-01_task-fmri_run-01_sbref.json	InstitutionalDepartmentName	"""Department"""	REMOVE
sub-075/ses-01/func/sub-075_ses-01_task-fmri_run-02_part-phase_bold.json	InstitutionalDepartmentName	"""Department"""	REMOVE
sub-075/ses-01/func/sub-075_ses-01_task-fmri_run-02_part-phase_sbref.json	InstitutionalDepartmentName	"""Department"""	REMOVE
sub-075/ses-01/func/sub-075_ses-01_task-fmri_run-02_sbref.json	InstitutionalDepartmentName	"""Department"""	REMOVE
sub-075/ses-01/func/sub-075_ses-01_task-fmri_run-03_bold.json	InstitutionalDepartmentName	"""Department"""	REMOVE
sub-075/ses-01/func/sub-075_ses-01_task-fmri_run-03_part-phase_sbref.json	InstitutionalDepartmentName	"""Department"""	REMOVE
sub-075/ses-01/func/sub-075_ses-01_task-fmri_run-03_sbref.json	InstitutionalDepartmentName	"""Department"""	REMOVE
sub-075/ses-01/func/sub-075_ses-01_task-fmri_run-04_part-phase_bold.json	InstitutionalDepartmentName	"""Department"""	REMOVE
sub-075/ses-01/func/sub-075_ses-01_task-fmri_run-04_part-phase_sbref.json	InstitutionalDepartmentName	"""Department"""	REMOVE
sub-075/ses-01/func/sub-075_ses-01_task-fmri_run-04_sbref.json	InstitutionalDepartmentName	"""Department"""	REMOVE
sub-075/ses-01/func/sub-075_ses-01_task-fmri_run-05_bold.json	InstitutionalDepartmentName	"""Department"""	REMOVE
sub-075/ses-01/func/sub-075_ses-01_task-fmri_run-06_part-phase_bold.json	InstitutionalDepartmentName	"""Department"""	REMOVE
sub-075/ses-01/func/sub-075_ses-01_task-fmri_run-07_bold.json	InstitutionalDepartmentName	"""Department"""	REMOVE
sub-075/ses-01/func/sub-075_ses-01_task-fmri_run-08_part-phase_bold.json	InstitutionalDepartmentName	"""Department"""	REMOVE
sub-075/ses-01/func/sub-075_ses-01_task-movie_run-01_bold.json	InstitutionalDepartmentName	"""Department"""	REMOVE
sub-075/ses-01/func/sub-075_ses-01_task-movie_run-01_part-phase_sbref.json	InstitutionalDepartmentName	"""Department"""	REMOVE
sub-075/ses-01/func/sub-075_ses-01_task-movie_run-01_sbref.json	InstitutionalDepartmentName	"""Department"""	REMOVE
sub-075/ses-01/func/sub-075_ses-01_task-movie_run-02_part-phase_bold.json	InstitutionalDepartmentName	"""Department"""	REMOVE
sub-075/ses-01/func/sub-075_ses-01_task-movie_run-02_part-phase_sbref.json	InstitutionalDepartmentName	"""Department"""	REMOVE
sub-075/ses-01/func/sub-075_ses-01_task-movie_run-02_sbref.json	InstitutionalDepartmentName	"""Department"""	REMOVE
sub-075/ses-01/func/sub-075_ses-01_task-movie_run-03_bold.json	InstitutionalDepartmentName	"""Department"""	REMOVE
sub-075/ses-01/func/sub-075_ses-01_task-movie_run-03_part-phase_sbref.json	InstitutionalDepartmentName	"""Department"""	REMOVE
sub-075/ses-01/func/sub-075_ses-01_task-movie_run-03_sbref.json	InstitutionalDepartmentName	"""Department"""	REMOVE
sub-075/ses-01/func/sub-075_ses-01_task-movie_run-04_part-phase_bold.json	InstitutionalDepartmentName	"""Department"""	REMOVE
sub-075/ses-01/func/sub-075_ses-01_task-movie_run-04_part-phase_sbref.json	InstitutionalDepartmentName	"""Department"""	REMOVE
sub-075/ses-01/func/sub-075_ses-01_task-movie_run-04_sbref.json	InstitutionalDepartmentName	"""Department"""	REMOVE
sub-075/ses-01/func/sub-075_ses-01_task-movie_run-05_bold.json	InstitutionalDepartmentName	"""Department"""	REMOVE
sub-075/ses-01/func/sub-075_ses-01_task-movie_run-06_part-phase_bold.json	InstitutionalDepartmentName	"""Department"""	REMOVE
sub-075/ses-01/func/sub-075_ses-01_task-movie_run-07_bold.json	InstitutionalDepartmentName	"""Department"""	REMOVE
sub-075/ses-01/func/sub-075_ses-01_task-movie_run-08_part-phase_bold.json	InstitutionalDepartmentName	"""Department"""	REMOVE
sub-075/ses-01/func/sub-075_ses-01_task-rest_run-01_bold.json	InstitutionalDepartmentName	"""Department"""	REMOVE
sub-075/ses-01/func/sub-075_ses-01_task-rest_run-01_part-phase_sbref.json	InstitutionalDepartmentName	"""Department"""	REMOVE
sub-075/ses-01/func/sub-075_ses-01_task-rest_run-01_sbref.json	InstitutionalDepartmentName	"""Department"""	REMOVE
sub-075/ses-01/func/sub-075_ses-01_task-rest_run-02_part-phase_bold.json	InstitutionalDepartmentName	"""Department"""	REMOVE
sub-076/ses-01/anat/sub-076_ses-01_run-01_FLAIR.json	InstitutionalDepartmentName	"""Department"""	REMOVE
sub-076/ses-01/anat/sub-076_ses-01_run-01_T1w.json	InstitutionalDepartmentName	"""Department"""	REMOVE
sub-076/ses-01/anat/sub-076_ses-01_run-01_TB1TFL.json	InstitutionalDepartmentName	"""Department"""	REMOVE
sub-076/ses-01/anat/sub-076_ses-01_run-02_FLAIR.json	InstitutionalDepartmentName	"""Department"""	REMOVE
sub-076/ses-01/anat/sub-076_ses-01_run-02_T1w.json	InstitutionalDepartmentName	"""Department"""	REMOVE
sub-076/ses-01/anat/sub-076_ses-01_run-02_TB1TFL.json	InstitutionalDepartmentName	"""Department"""	REMOVE
sub-076/ses-01/dwi/sub-076_ses-01_run-01_dwi.json	InstitutionalDepartmentName	"""Department"""	REMOVE
sub-076/ses-01/dwi/sub-076_ses-01_run-02_dwi.json	InstitutionalDepartmentName	"""Department"""	REMOVE
sub-076/ses-01/dwi/sub-076_ses-01_run-05_dwi.json	InstitutionalDepartmentName	"""Department"""	REMOVE
sub-076/ses-01/fmap/sub-076_ses-01_dir-AP_run-01_epi.json	InstitutionalDepartmentName	"""Department"""	REMOVE
sub-076/ses-01/fmap/sub-076_ses-01_dir-AP_run-02_part-phase_epi.json	InstitutionalDepartmentName	"""Department"""	REMOVE
sub-076/ses-01/fmap/sub-076_ses-01_dir-AP_run-03_epi.json	InstitutionalDepartmentName	"""Department"""	REMOVE
sub-076/ses-01/fmap/sub-076_ses-01_dir-AP_run-04_part-phase_epi.json	InstitutionalDepartmentName	"""Department"""	REMOVE
sub-076/ses-01/fmap/sub-076_ses-01_dir-PA_run-01_epi.json	InstitutionalDepartmentName	"""Department"""	REMOVE
sub-076/ses-01/fmap/sub-076_ses-01_dir-PA_run-02_part-phase_epi.json	InstitutionalDepartmentName	"""Department"""	REMOVE
sub-076/ses-01/fmap/sub-076_ses-01_dir-PA_run-03_epi.json	InstitutionalDepartmentName	"""Department"""	REMOVE
sub-076/ses-01/fmap/sub-076_ses-01_dir-PA_run-04_part-phase_epi.json	InstitutionalDepartmentName	"""Department"""	REMOVE
sub-076/ses-01/func/sub-076_ses-01_task-control_run-01_bold.json	InstitutionalDepartmentName	"""Department"""	REMOVE
sub-076/ses-01/func/sub-076_ses-01_task-control_run-01_part-phase_sbref.json	InstitutionalDepartmentName	"""Department"""	REMOVE
sub-076/ses-01/func/sub-076_ses-01_task-control_run-01_sbref.json	InstitutionalDepartmentName	"""Department"""	REMOVE
sub-076/ses-01/func/sub-076_ses-01_task-control_run-02_part-phase_bold.json	InstitutionalDepartmentName	"""Department"""	REMOVE
sub-076/ses-01/func/sub-076_ses-01_task-control_run-02_part-phase_sbref.json	InstitutionalDepartmentName	"""Department"""	REMOVE
sub-076/ses-01/func/sub-076_ses-01_task-control_run-02_sbref.json	InstitutionalDepartmentName	"""Department"""	REMOVE
sub-076/ses-01/func/sub-076_ses-01_task-control_run-03_bold.json	InstitutionalDepartmentName	"""Department"""	REMOVE
sub-076/ses-01/func/sub-076_ses-01_task-control_run-03_part-phase_sbref.json	InstitutionalDepartmentName	"""Department"""	REMOVE
sub-076/ses-01/func/sub-076_ses-01_task-control_run-03_sbref.json	InstitutionalDepartmentName	"""Department"""	REMOVE
sub-076/ses-01/func/sub-076_ses-01_task-control_run-04_part-phase_bold.json	InstitutionalDepartmentName	"""Department"""	REMOVE
sub-076/ses-01/func/sub-076_ses-01_task-control_run-05_bold.json	InstitutionalDepartmentName	"""Department"""	REMOVE
sub-076/ses-01/func/sub-076_ses-01_task-control_run-06_part-phase_bold.json	InstitutionalDepartmentName	"""Department"""	REMOVE
sub-076/ses-01/func/sub-076_ses-01_task-fmri_run-01_bold.json	InstitutionalDepartmentName	"""Department"""	REMOVE
sub-076/ses-01/func/sub-076_ses-01_task-fmri_run-01_part-phase_sbref.json	InstitutionalDepartmentName	"""Department"""	REMOVE
sub-076/ses-01/func/sub-076_ses-01_task-fmri_run-01_sbref.json	InstitutionalDepartmentName	"""Department"""	REMOVE
sub-076/ses-01/func/sub-076_ses-01_task-fmri_run-02_part-phase_bold.json	InstitutionalDepartmentName	"""Department"""	REMOVE
sub-076/ses-01/func/sub-076_ses-01_task-fmri_run-02_part-phase_sbref.json	InstitutionalDepartmentName	"""Department"""	REMOVE
sub-076/ses-01/func/sub-076_ses-01_task-fmri_run-02_sbref.json	InstitutionalDepartmentName	"""Department"""	REMOVE
sub-076/ses-01/func/sub-076_ses-01_task-fmri_run-03_bold.json	InstitutionalDepartmentName	"""Department"""	REMOVE
sub-076/ses-01/func/sub-076_ses-01_task-fmri_run-03_part-phase_sbref.json	InstitutionalDepartmentName	"""Department"""	REMOVE
sub-076/ses-01/func/sub-076_ses-01_task-fmri_run-03_sbref.json	InstitutionalDepartmentName	"""Department"""	REMOVE
sub-076/ses-01/func/sub-076_ses-01_task-fmri_run-04_part-phase_bold.json	InstitutionalDepartmentName	"""Department"""	REMOVE
sub-076/ses-01/func/sub-076_ses-01_task-fmri_run-04_part-phase_sbref.json	InstitutionalDepartmentName	"""Department"""	REMOVE
sub-076/ses-01/func/sub-076_ses-01_task-fmri_run-04_sbref.json	InstitutionalDepartmentName	"""Department"""	REMOVE
sub-076/ses-01/func/sub-076_ses-01_task-fmri_run-05_bold.json	InstitutionalDepartmentName	"""Department"""	REMOVE
sub-076/ses-01/func/sub-076_ses-01_task-fmri_run-06_part-phase_bold.json	InstitutionalDepartmentName	"""Department"""	REMOVE
sub-076/ses-01/func/sub-076_ses-01_task-fmri_run-07_bold.json	InstitutionalDepartmentName	"""Department"""	REMOVE
sub-076/ses-01/func/sub-076_ses-01_task-fmri_run-08_part-phase_bold.json	InstitutionalDepartmentName	"""Department"""	REMOVE
sub-076/ses-01/func/sub-076_ses-01_task-movie_run-01_bold.json	InstitutionalDepartmentName	"""Department"""	REMOVE
sub-076/ses-01/func/sub-076_ses-01_task-movie_run-01_part-phase_sbref.json	InstitutionalDepartmentName	"""Department"""	REMOVE
sub-076/ses-01/func/sub-076_ses-01_task-movie_run-01_sbref.json	InstitutionalDepartmentName	"""Department"""	REMOVE
sub-076/ses-01/func/sub-076_ses-01_task-movie_run-02_part-phase_bold.json	InstitutionalDepartmentName	"""Department"""	REMOVE
sub-076/ses-01/func/sub-076_ses-01_task-movie_run-02_part-phase_sbref.json	InstitutionalDepartmentName	"""Department"""	REMOVE
sub-076/ses-01/func/sub-076_ses-01_task-movie_run-02_sbref.json	InstitutionalDepartmentName	"""Department"""	REMOVE
sub-076/ses-01/func/sub-076_ses-01_task-movie_run-03_bold.json	InstitutionalDepartmentName	"""Department"""	REMOVE
sub-076/ses-01/func/sub-076_ses-01_task-movie_run-03_part-phase_sbref.json	InstitutionalDepartmentName	"""Department"""	REMOVE
sub-076/ses-01/func/sub-076_ses-01_task-movie_run-03_sbref.json	InstitutionalDepartmentName	"""Department"""	REMOVE
sub-076/ses-01/func/sub-076_ses-01_task-movie_run-04_part-phase_bold.json	InstitutionalDepartmentName	"""Department"""	REMOVE
sub-076/ses-01/func/sub-076_ses-01_task-movie_run-04_part-phase_sbref.json	InstitutionalDepartmentName	"""Department"""	REMOVE
sub-076/ses-01/func/sub-076_ses-01_task-movie_run-04_sbref.json	InstitutionalDepartmentName	"""Department"""	REMOVE
sub-076/ses-01/func/sub-076_ses-01_task-movie_run-05_bold.json	InstitutionalDepartmentName	"""Department"""	REMOVE
sub-076/ses-01/func/sub-076_ses-01_task-movie_run-06_part-phase_bold.json	InstitutionalDepartmentName	"""Department"""	REMOVE
sub-076/ses-01/func/sub-076_ses-01_task-movie_run-07_bold.json	InstitutionalDepartmentName	"""Department"""	REMOVE
sub-076/ses-01/func/sub-076_ses-01_task-movie_run-08_part-phase_bold.json	InstitutionalDepartmentName	"""Department"""	REMOVE
sub-076/ses-01/func/sub-076_ses-01_task-rest_run-01_bold.json	InstitutionalDepartmentName	"""Department"""	REMOVE
sub-076/ses-01/func/sub-076_ses-01_task-rest_run-01_part-phase_sbref.json	InstitutionalDepartmentName	"""Department"""	REMOVE
sub-076/ses-01/func/sub-076_ses-01_task-rest_run-01_sbref.json	InstitutionalDepartmentName	"""Department"""	REMOVE
sub-076/ses-01/func/sub-076_ses-01_task-rest_run-02_part-phase_bold.json	InstitutionalDepartmentName	"""Department"""	REMOVE
sub-077/ses-01/anat/sub-077_ses-01_run-01_FLAIR.json	InstitutionalDepartmentName	"""Department"""	REMOVE
sub-077/ses-01/anat/sub-077_ses-01_run-01_T1w.json	InstitutionalDepartmentName	"""Department"""	REMOVE
sub-077/ses-01/anat/sub-077_ses-01_run-01_TB1TFL.json	InstitutionalDepartmentName	"""Department"""	REMOVE
sub-077/ses-01/anat/sub-077_ses-01_run-02_T1w.json	InstitutionalDepartmentName	"""Department"""	REMOVE
sub-077/ses-01/anat/sub-077_ses-01_run-02_TB1TFL.json	InstitutionalDepartmentName	"""Department"""	REMOVE
sub-077/ses-01/anat/sub-077_ses-01_run-03_T1w.json	InstitutionalDepartmentName	"""Department"""	REMOVE
sub-077/ses-01/dwi/sub-077_ses-01_run-01_dwi.json	InstitutionalDepartmentName	"""Department"""	REMOVE
sub-077/ses-01/dwi/sub-077_ses-01_run-02_dwi.json	InstitutionalDepartmentName	"""Department"""	REMOVE
sub-077/ses-01/dwi/sub-077_ses-01_run-05_dwi.json	InstitutionalDepartmentName	"""Department"""	REMOVE
sub-077/ses-01/fmap/sub-077_ses-01_dir-AP_run-01_epi.json	InstitutionalDepartmentName	"""Department"""	REMOVE
sub-077/ses-01/fmap/sub-077_ses-01_dir-AP_run-02_part-phase_epi.json	InstitutionalDepartmentName	"""Department"""	REMOVE
sub-077/ses-01/fmap/sub-077_ses-01_dir-AP_run-03_epi.json	InstitutionalDepartmentName	"""Department"""	REMOVE
sub-077/ses-01/fmap/sub-077_ses-01_dir-AP_run-04_part-phase_epi.json	InstitutionalDepartmentName	"""Department"""	REMOVE
sub-077/ses-01/fmap/sub-077_ses-01_dir-PA_run-01_epi.json	InstitutionalDepartmentName	"""Department"""	REMOVE
sub-077/ses-01/fmap/sub-077_ses-01_dir-PA_run-02_part-phase_epi.json	InstitutionalDepartmentName	"""Department"""	REMOVE
sub-077/ses-01/fmap/sub-077_ses-01_dir-PA_run-03_epi.json	InstitutionalDepartmentName	"""Department"""	REMOVE
sub-077/ses-01/fmap/sub-077_ses-01_dir-PA_run-04_part-phase_epi.json	InstitutionalDepartmentName	"""Department"""	REMOVE
sub-077/ses-01/func/sub-077_ses-01_task-control_run-01_bold.json	InstitutionalDepartmentName	"""Department"""	REMOVE
sub-077/ses-01/func/sub-077_ses-01_task-control_run-01_part-phase_sbref.json	InstitutionalDepartmentName	"""Department"""	REMOVE
sub-077/ses-01/func/sub-077_ses-01_task-control_run-01_sbref.json	InstitutionalDepartmentName	"""Department"""	REMOVE
sub-077/ses-01/func/sub-077_ses-01_task-control_run-02_part-phase_bold.json	InstitutionalDepartmentName	"""Department"""	REMOVE
sub-077/ses-01/func/sub-077_ses-01_task-control_run-02_part-phase_sbref.json	InstitutionalDepartmentName	"""Department"""	REMOVE
sub-077/ses-01/func/sub-077_ses-01_task-control_run-02_sbref.json	InstitutionalDepartmentName	"""Department"""	REMOVE
sub-077/ses-01/func/sub-077_ses-01_task-control_run-03_bold.json	InstitutionalDepartmentName	"""Department"""	REMOVE
sub-077/ses-01/func/sub-077_ses-01_task-control_run-03_part-phase_sbref.json	InstitutionalDepartmentName	"""Department"""	REMOVE
sub-077/ses-01/func/sub-077_ses-01_task-control_run-03_sbref.json	InstitutionalDepartmentName	"""Department"""	REMOVE
sub-077/ses-01/func/sub-077_ses-01_task-control_run-04_part-phase_bold.json	InstitutionalDepartmentName	"""Department"""	REMOVE
sub-077/ses-01/func/sub-077_ses-01_task-control_run-05_bold.json	InstitutionalDepartmentName	"""Department"""	REMOVE
sub-077/ses-01/func/sub-077_ses-01_task-control_run-06_part-phase_bold.json	InstitutionalDepartmentName	"""Department"""	REMOVE
sub-077/ses-01/func/sub-077_ses-01_task-fmri_run-01_bold.json	InstitutionalDepartmentName	"""Department"""	REMOVE
sub-077/ses-01/func/sub-077_ses-01_task-fmri_run-01_part-phase_sbref.json	InstitutionalDepartmentName	"""Department"""	REMOVE
sub-077/ses-01/func/sub-077_ses-01_task-fmri_run-01_sbref.json	InstitutionalDepartmentName	"""Department"""	REMOVE
sub-077/ses-01/func/sub-077_ses-01_task-fmri_run-02_part-phase_bold.json	InstitutionalDepartmentName	"""Department"""	REMOVE
sub-077/ses-01/func/sub-077_ses-01_task-fmri_run-02_part-phase_sbref.json	InstitutionalDepartmentName	"""Department"""	REMOVE
sub-077/ses-01/func/sub-077_ses-01_task-fmri_run-02_sbref.json	InstitutionalDepartmentName	"""Department"""	REMOVE
sub-077/ses-01/func/sub-077_ses-01_task-fmri_run-03_bold.json	InstitutionalDepartmentName	"""Department"""	REMOVE
sub-077/ses-01/func/sub-077_ses-01_task-fmri_run-03_part-phase_sbref.json	InstitutionalDepartmentName	"""Department"""	REMOVE
sub-077/ses-01/func/sub-077_ses-01_task-fmri_run-03_sbref.json	InstitutionalDepartmentName	"""Department"""	REMOVE
sub-077/ses-01/func/sub-077_ses-01_task-fmri_run-04_part-phase_bold.json	InstitutionalDepartmentName	"""Department"""	REMOVE
sub-077/ses-01/func/sub-077_ses-01_task-fmri_run-04_part-phase_sbref.json	InstitutionalDepartmentName	"""Department"""	REMOVE
sub-077/ses-01/func/sub-077_ses-01_task-fmri_run-04_sbref.json	InstitutionalDepartmentName	"""Department"""	REMOVE
sub-077/ses-01/func/sub-077_ses-01_task-fmri_run-05_bold.json	InstitutionalDepartmentName	"""Department"""	REMOVE
sub-077/ses-01/func/sub-077_ses-01_task-fmri_run-06_part-phase_bold.json	InstitutionalDepartmentName	"""Department"""	REMOVE
sub-077/ses-01/func/sub-077_ses-01_task-fmri_run-07_bold.json	InstitutionalDepartmentName	"""Department"""	REMOVE
sub-077/ses-01/func/sub-077_ses-01_task-fmri_run-08_part-phase_bold.json	InstitutionalDepartmentName	"""Department"""	REMOVE
sub-077/ses-01/func/sub-077_ses-01_task-movie_run-01_bold.json	InstitutionalDepartmentName	"""Department"""	REMOVE
sub-077/ses-01/func/sub-077_ses-01_task-movie_run-01_part-phase_sbref.json	InstitutionalDepartmentName	"""Department"""	REMOVE
sub-077/ses-01/func/sub-077_ses-01_task-movie_run-01_sbref.json	InstitutionalDepartmentName	"""Department"""	REMOVE
sub-077/ses-01/func/sub-077_ses-01_task-movie_run-02_part-phase_bold.json	InstitutionalDepartmentName	"""Department"""	REMOVE
sub-077/ses-01/func/sub-077_ses-01_task-movie_run-02_part-phase_sbref.json	InstitutionalDepartmentName	"""Department"""	REMOVE
sub-077/ses-01/func/sub-077_ses-01_task-movie_run-02_sbref.json	InstitutionalDepartmentName	"""Department"""	REMOVE
sub-077/ses-01/func/sub-077_ses-01_task-movie_run-03_bold.json	InstitutionalDepartmentName	"""Department"""	REMOVE
sub-077/ses-01/func/sub-077_ses-01_task-movie_run-03_part-phase_sbref.json	InstitutionalDepartmentName	"""Department"""	REMOVE
sub-077/ses-01/func/sub-077_ses-01_task-movie_run-03_sbref.json	InstitutionalDepartmentName	"""Department"""	REMOVE
sub-077/ses-01/func/sub-077_ses-01_task-movie_run-04_part-phase_bold.json	InstitutionalDepartmentName	"""Department"""	REMOVE
sub-077/ses-01/func/sub-077_ses-01_task-movie_run-04_part-phase_sbref.json	InstitutionalDepartmentName	"""Department"""	REMOVE
sub-077/ses-01/func/sub-077_ses-01_task-movie_run-04_sbref.json	InstitutionalDepartmentName	"""Department"""	REMOVE
sub-077/ses-01/func/sub-077_ses-01_task-movie_run-05_bold.json	InstitutionalDepartmentName	"""Department"""	REMOVE
sub-077/ses-01/func/sub-077_ses-01_task-movie_run-06_part-phase_bold.json	InstitutionalDepartmentName	"""Department"""	REMOVE
sub-077/ses-01/func/sub-077_ses-01_task-movie_run-07_bold.json	InstitutionalDepartmentName	"""Department"""	REMOVE
sub-077/ses-01/func/sub-077_ses-01_task-movie_run-08_part-phase_bold.json	InstitutionalDepartmentName	"""Department"""	REMOVE
sub-077/ses-01/func/sub-077_ses-01_task-rest_run-01_bold.json	InstitutionalDepartmentName	"""Department"""	REMOVE
sub-077/ses-01/func/sub-077_ses-01_task-rest_run-01_part-phase_sbref.json	InstitutionalDepartmentName	"""Department"""	REMOVE
sub-077/ses-01/func/sub-077_ses-01_task-rest_run-01_sbref.json	InstitutionalDepartmentName	"""Department"""	REMOVE
sub-077/ses-01/func/sub-077_ses-01_task-rest_run-02_part-phase_bold.json	InstitutionalDepartmentName	"""Department"""	REMOVE
sub-078/ses-01/anat/sub-078_ses-01_run-01_FLAIR.json	InstitutionalDepartmentName	"""Department"""	REMOVE
sub-078/ses-01/anat/sub-078_ses-01_run-01_T1w.json	InstitutionalDepartmentName	"""Department"""	REMOVE
sub-078/ses-01/anat/sub-078_ses-01_run-01_TB1TFL.json	InstitutionalDepartmentName	"""Department"""	REMOVE
sub-078/ses-01/anat/sub-078_ses-01_run-02_T1w.json	InstitutionalDepartmentName	"""Department"""	REMOVE
sub-078/ses-01/anat/sub-078_ses-01_run-02_TB1TFL.json	InstitutionalDepartmentName	"""Department"""	REMOVE
sub-078/ses-01/anat/sub-078_ses-01_run-03_T1w.json	InstitutionalDepartmentName	"""Department"""	REMOVE
sub-078/ses-01/dwi/sub-078_ses-01_run-01_dwi.json	InstitutionalDepartmentName	"""Department"""	REMOVE
sub-078/ses-01/dwi/sub-078_ses-01_run-02_dwi.json	InstitutionalDepartmentName	"""Department"""	REMOVE
sub-078/ses-01/dwi/sub-078_ses-01_run-05_dwi.json	InstitutionalDepartmentName	"""Department"""	REMOVE
sub-078/ses-01/fmap/sub-078_ses-01_dir-AP_run-01_epi.json	InstitutionalDepartmentName	"""Department"""	REMOVE
sub-078/ses-01/fmap/sub-078_ses-01_dir-AP_run-02_part-phase_epi.json	InstitutionalDepartmentName	"""Department"""	REMOVE
sub-078/ses-01/fmap/sub-078_ses-01_dir-AP_run-03_epi.json	InstitutionalDepartmentName	"""Department"""	REMOVE
sub-078/ses-01/fmap/sub-078_ses-01_dir-AP_run-04_part-phase_epi.json	InstitutionalDepartmentName	"""Department"""	REMOVE
sub-078/ses-01/fmap/sub-078_ses-01_dir-PA_run-01_epi.json	InstitutionalDepartmentName	"""Department"""	REMOVE
sub-078/ses-01/fmap/sub-078_ses-01_dir-PA_run-02_part-phase_epi.json	InstitutionalDepartmentName	"""Department"""	REMOVE
sub-078/ses-01/fmap/sub-078_ses-01_dir-PA_run-03_epi.json	InstitutionalDepartmentName	"""Department"""	REMOVE
sub-078/ses-01/fmap/sub-078_ses-01_dir-PA_run-04_part-phase_epi.json	InstitutionalDepartmentName	"""Department"""	REMOVE
sub-078/ses-01/func/sub-078_ses-01_task-control_run-01_bold.json	InstitutionalDepartmentName	"""Department"""	REMOVE
sub-078/ses-01/func/sub-078_ses-01_task-control_run-01_part-phase_sbref.json	InstitutionalDepartmentName	"""Department"""	REMOVE
sub-078/ses-01/func/sub-078_ses-01_task-control_run-01_sbref.json	InstitutionalDepartmentName	"""Department"""	REMOVE
sub-078/ses-01/func/sub-078_ses-01_task-control_run-02_part-phase_bold.json	InstitutionalDepartmentName	"""Department"""	REMOVE
sub-078/ses-01/func/sub-078_ses-01_task-control_run-02_part-phase_sbref.json	InstitutionalDepartmentName	"""Department"""	REMOVE
sub-078/ses-01/func/sub-078_ses-01_task-control_run-02_sbref.json	InstitutionalDepartmentName	"""Department"""	REMOVE
sub-078/ses-01/func/sub-078_ses-01_task-control_run-03_bold.json	InstitutionalDepartmentName	"""Department"""	REMOVE
sub-078/ses-01/func/sub-078_ses-01_task-control_run-03_part-phase_sbref.json	InstitutionalDepartmentName	"""Department"""	REMOVE
sub-078/ses-01/func/sub-078_ses-01_task-control_run-03_sbref.json	InstitutionalDepartmentName	"""Department"""	REMOVE
sub-078/ses-01/func/sub-078_ses-01_task-control_run-04_part-phase_bold.json	InstitutionalDepartmentName	"""Department"""	REMOVE
sub-078/ses-01/func/sub-078_ses-01_task-control_run-05_bold.json	InstitutionalDepartmentName	"""Department"""	REMOVE
sub-078/ses-01/func/sub-078_ses-01_task-control_run-06_part-phase_bold.json	InstitutionalDepartmentName	"""Department"""	REMOVE
sub-078/ses-01/func/sub-078_ses-01_task-fmri_run-01_bold.json	InstitutionalDepartmentName	"""Department"""	REMOVE
sub-078/ses-01/func/sub-078_ses-01_task-fmri_run-01_part-phase_sbref.json	InstitutionalDepartmentName	"""Department"""	REMOVE
sub-078/ses-01/func/sub-078_ses-01_task-fmri_run-01_sbref.json	InstitutionalDepartmentName	"""Department"""	REMOVE
sub-078/ses-01/func/sub-078_ses-01_task-fmri_run-02_part-phase_bold.json	InstitutionalDepartmentName	"""Department"""	REMOVE
sub-078/ses-01/func/sub-078_ses-01_task-fmri_run-02_part-phase_sbref.json	InstitutionalDepartmentName	"""Department"""	REMOVE
sub-078/ses-01/func/sub-078_ses-01_task-fmri_run-02_sbref.json	InstitutionalDepartmentName	"""Department"""	REMOVE
sub-078/ses-01/func/sub-078_ses-01_task-fmri_run-03_bold.json	InstitutionalDepartmentName	"""Department"""	REMOVE
sub-078/ses-01/func/sub-078_ses-01_task-fmri_run-03_part-phase_sbref.json	InstitutionalDepartmentName	"""Department"""	REMOVE
sub-078/ses-01/func/sub-078_ses-01_task-fmri_run-03_sbref.json	InstitutionalDepartmentName	"""Department"""	REMOVE
sub-078/ses-01/func/sub-078_ses-01_task-fmri_run-04_part-phase_bold.json	InstitutionalDepartmentName	"""Department"""	REMOVE
sub-078/ses-01/func/sub-078_ses-01_task-fmri_run-04_part-phase_sbref.json	InstitutionalDepartmentName	"""Department"""	REMOVE
sub-078/ses-01/func/sub-078_ses-01_task-fmri_run-04_sbref.json	InstitutionalDepartmentName	"""Department"""	REMOVE
sub-078/ses-01/func/sub-078_ses-01_task-fmri_run-05_bold.json	InstitutionalDepartmentName	"""Department"""	REMOVE
sub-078/ses-01/func/sub-078_ses-01_task-fmri_run-06_part-phase_bold.json	InstitutionalDepartmentName	"""Department"""	REMOVE
sub-078/ses-01/func/sub-078_ses-01_task-fmri_run-07_bold.json	InstitutionalDepartmentName	"""Department"""	REMOVE
sub-078/ses-01/func/sub-078_ses-01_task-fmri_run-08_part-phase_bold.json	InstitutionalDepartmentName	"""Department"""	REMOVE
sub-078/ses-01/func/sub-078_ses-01_task-movie_run-01_bold.json	InstitutionalDepartmentName	"""Department"""	REMOVE
sub-078/ses-01/func/sub-078_ses-01_task-movie_run-01_part-phase_sbref.json	InstitutionalDepartmentName	"""Department"""	REMOVE
sub-078/ses-01/func/sub-078_ses-01_task-movie_run-01_sbref.json	InstitutionalDepartmentName	"""Department"""	REMOVE
sub-078/ses-01/func/sub-078_ses-01_task-movie_run-02_part-phase_bold.json	InstitutionalDepartmentName	"""Department"""	REMOVE
sub-078/ses-01/func/sub-078_ses-01_task-movie_run-02_part-phase_sbref.json	InstitutionalDepartmentName	"""Department"""	REMOVE
sub-078/ses-01/func/sub-078_ses-01_task-movie_run-02_sbref.json	InstitutionalDepartmentName	"""Department"""	REMOVE
sub-078/ses-01/func/sub-078_ses-01_task-movie_run-03_bold.json	InstitutionalDepartmentName	"""Department"""	REMOVE
sub-078/ses-01/func/sub-078_ses-01_task-movie_run-03_part-phase_sbref.json	InstitutionalDepartmentName	"""Department"""	REMOVE
sub-078/ses-01/func/sub-078_ses-01_task-movie_run-03_sbref.json	InstitutionalDepartmentName	"""Department"""	REMOVE
sub-078/ses-01/func/sub-078_ses-01_task-movie_run-04_part-phase_bold.json	InstitutionalDepartmentName	"""Department"""	REMOVE
sub-078/ses-01/func/sub-078_ses-01_task-movie_run-04_part-phase_sbref.json	InstitutionalDepartmentName	"""Department"""	REMOVE
sub-078/ses-01/func/sub-078_ses-01_task-movie_run-04_sbref.json	InstitutionalDepartmentName	"""Department"""	REMOVE
sub-078/ses-01/func/sub-078_ses-01_task-movie_run-05_bold.json	InstitutionalDepartmentName	"""Department"""	REMOVE
sub-078/ses-01/func/sub-078_ses-01_task-movie_run-06_part-phase_bold.json	InstitutionalDepartmentName	"""Department"""	REMOVE
sub-078/ses-01/func/sub-078_ses-01_task-movie_run-07_bold.json	InstitutionalDepartmentName	"""Department"""	REMOVE
sub-078/ses-01/func/sub-078_ses-01_task-movie_run-08_part-phase_bold.json	InstitutionalDepartmentName	"""Department"""	REMOVE
sub-078/ses-01/func/sub-078_ses-01_task-rest_run-01_bold.json	InstitutionalDepartmentName	"""Department"""	REMOVE
sub-078/ses-01/func/sub-078_ses-01_task-rest_run-01_part-phase_sbref.json	InstitutionalDepartmentName	"""Department"""	REMOVE
sub-078/ses-01/func/sub-078_ses-01_task-rest_run-01_sbref.json	InstitutionalDepartmentName	"""Department"""	REMOVE
sub-078/ses-01/func/sub-078_ses-01_task-rest_run-02_part-phase_bold.json	InstitutionalDepartmentName	"""Department"""	REMOVE
sub-079/ses-01/anat/sub-079_ses-01_run-01_FLAIR.json	InstitutionalDepartmentName	"""Department"""	REMOVE
sub-079/ses-01/anat/sub-079_ses-01_run-01_T1w.json	InstitutionalDepartmentName	"""Department"""	REMOVE
sub-079/ses-01/anat/sub-079_ses-01_run-01_TB1TFL.json	InstitutionalDepartmentName	"""Department"""	REMOVE
sub-079/ses-01/anat/sub-079_ses-01_run-02_T1w.json	InstitutionalDepartmentName	"""Department"""	REMOVE
sub-079/ses-01/anat/sub-079_ses-01_run-02_TB1TFL.json	InstitutionalDepartmentName	"""Department"""	REMOVE
sub-079/ses-01/anat/sub-079_ses-01_run-03_T1w.json	InstitutionalDepartmentName	"""Department"""	REMOVE
sub-079/ses-01/dwi/sub-079_ses-01_run-01_dwi.json	InstitutionalDepartmentName	"""Department"""	REMOVE
sub-079/ses-01/dwi/sub-079_ses-01_run-02_dwi.json	InstitutionalDepartmentName	"""Department"""	REMOVE
sub-079/ses-01/dwi/sub-079_ses-01_run-05_dwi.json	InstitutionalDepartmentName	"""Department"""	REMOVE
sub-079/ses-01/fmap/sub-079_ses-01_dir-AP_run-01_epi.json	InstitutionalDepartmentName	"""Department"""	REMOVE
sub-079/ses-01/fmap/sub-079_ses-01_dir-AP_run-02_part-phase_epi.json	InstitutionalDepartmentName	"""Department"""	REMOVE
sub-079/ses-01/fmap/sub-079_ses-01_dir-AP_run-03_epi.json	InstitutionalDepartmentName	"""Department"""	REMOVE
sub-079/ses-01/fmap/sub-079_ses-01_dir-AP_run-04_part-phase_epi.json	InstitutionalDepartmentName	"""Department"""	REMOVE
sub-079/ses-01/fmap/sub-079_ses-01_dir-PA_run-01_epi.json	InstitutionalDepartmentName	"""Department"""	REMOVE
sub-079/ses-01/fmap/sub-079_ses-01_dir-PA_run-02_part-phase_epi.json	InstitutionalDepartmentName	"""Department"""	REMOVE
sub-079/ses-01/fmap/sub-079_ses-01_dir-PA_run-03_epi.json	InstitutionalDepartmentName	"""Department"""	REMOVE
sub-079/ses-01/fmap/sub-079_ses-01_dir-PA_run-04_part-phase_epi.json	InstitutionalDepartmentName	"""Department"""	REMOVE
sub-079/ses-01/func/sub-079_ses-01_task-control_run-01_bold.json	InstitutionalDepartmentName	"""Department"""	REMOVE
sub-079/ses-01/func/sub-079_ses-01_task-control_run-01_part-phase_sbref.json	InstitutionalDepartmentName	"""Department"""	REMOVE
sub-079/ses-01/func/sub-079_ses-01_task-control_run-01_sbref.json	InstitutionalDepartmentName	"""Department"""	REMOVE
sub-079/ses-01/func/sub-079_ses-01_task-control_run-02_part-phase_bold.json	InstitutionalDepartmentName	"""Department"""	REMOVE
sub-079/ses-01/func/sub-079_ses-01_task-control_run-02_part-phase_sbref.json	InstitutionalDepartmentName	"""Department"""	REMOVE
sub-079/ses-01/func/sub-079_ses-01_task-control_run-02_sbref.json	InstitutionalDepartmentName	"""Department"""	REMOVE
sub-079/ses-01/func/sub-079_ses-01_task-control_run-03_bold.json	InstitutionalDepartmentName	"""Department"""	REMOVE
sub-079/ses-01/func/sub-079_ses-01_task-control_run-03_part-phase_sbref.json	InstitutionalDepartmentName	"""Department"""	REMOVE
sub-079/ses-01/func/sub-079_ses-01_task-control_run-03_sbref.json	InstitutionalDepartmentName	"""Department"""	REMOVE
sub-079/ses-01/func/sub-079_ses-01_task-control_run-04_part-phase_bold.json	InstitutionalDepartmentName	"""Department"""	REMOVE
sub-079/ses-01/func/sub-079_ses-01_task-control_run-05_bold.json	InstitutionalDepartmentName	"""Department"""	REMOVE
sub-079/ses-01/func/sub-079_ses-01_task-control_run-06_part-phase_bold.json	InstitutionalDepartmentName	"""Department"""	REMOVE
sub-079/ses-01/func/sub-079_ses-01_task-fmri_run-01_bold.json	InstitutionalDepartmentName	"""Department"""	REMOVE
sub-079/ses-01/func/sub-079_ses-01_task-fmri_run-01_part-phase_sbref.json	InstitutionalDepartmentName	"""Department"""	REMOVE
sub-079/ses-01/func/sub-079_ses-01_task-fmri_run-01_sbref.json	InstitutionalDepartmentName	"""Department"""	REMOVE
sub-079/ses-01/func/sub-079_ses-01_task-fmri_run-02_part-phase_bold.json	InstitutionalDepartmentName	"""Department"""	REMOVE
sub-079/ses-01/func/sub-079_ses-01_task-fmri_run-02_part-phase_sbref.json	InstitutionalDepartmentName	"""Department"""	REMOVE
sub-079/ses-01/func/sub-079_ses-01_task-fmri_run-02_sbref.json	InstitutionalDepartmentName	"""Department"""	REMOVE
sub-079/ses-01/func/sub-079_ses-01_task-fmri_run-03_bold.json	InstitutionalDepartmentName	"""Department"""	REMOVE
sub-079/ses-01/func/sub-079_ses-01_task-fmri_run-03_part-phase_sbref.json	InstitutionalDepartmentName	"""Department"""	REMOVE
sub-079/ses-01/func/sub-079_ses-01_task-fmri_run-03_sbref.json	InstitutionalDepartmentName	"""Department"""	REMOVE
sub-079/ses-01/func/sub-079_ses-01_task-fmri_run-04_part-phase_bold.json	InstitutionalDepartmentName	"""Department"""	REMOVE
sub-079/ses-01/func/sub-079_ses-01_task-fmri_run-04_part-phase_sbref.json	InstitutionalDepartmentName	"""Department"""	REMOVE
sub-079/ses-01/func/sub-079_ses-01_task-fmri_run-04_sbref.json	InstitutionalDepartmentName	"""Department"""	REMOVE
sub-079/ses-01/func/sub-079_ses-01_task-fmri_run-05_bold.json	InstitutionalDepartmentName	"""Department"""	REMOVE
sub-079/ses-01/func/sub-079_ses-01_task-fmri_run-06_part-phase_bold.json	InstitutionalDepartmentName	"""Department"""	REMOVE
sub-079/ses-01/func/sub-079_ses-01_task-fmri_run-07_bold.json	InstitutionalDepartmentName	"""Department"""	REMOVE
sub-079/ses-01/func/sub-079_ses-01_task-fmri_run-08_part-phase_bold.json	InstitutionalDepartmentName	"""Department"""	REMOVE
sub-079/ses-01/func/sub-079_ses-01_task-movie_run-01_bold.json	InstitutionalDepartmentName	"""Department"""	REMOVE
sub-079/ses-01/func/sub-079_ses-01_task-movie_run-01_part-phase_sbref.json	InstitutionalDepartmentName	"""Department"""	REMOVE
sub-079/ses-01/func/sub-079_ses-01_task-movie_run-01_sbref.json	InstitutionalDepartmentName	"""Department"""	REMOVE
sub-079/ses-01/func/sub-079_ses-01_task-movie_run-02_part-phase_bold.json	InstitutionalDepartmentName	"""Department"""	REMOVE
sub-079/ses-01/func/sub-079_ses-01_task-movie_run-02_part-phase_sbref.json	InstitutionalDepartmentName	"""Department"""	REMOVE
sub-079/ses-01/func/sub-079_ses-01_task-movie_run-02_sbref.json	InstitutionalDepartmentName	"""Department"""	REMOVE
sub-079/ses-01/func/sub-079_ses-01_task-movie_run-03_bold.json	InstitutionalDepartmentName	"""Department"""	REMOVE
sub-079/ses-01/func/sub-079_ses-01_task-movie_run-03_part-phase_sbref.json	InstitutionalDepartmentName	"""Department"""	REMOVE
sub-079/ses-01/func/sub-079_ses-01_task-movie_run-03_sbref.json	InstitutionalDepartmentName	"""Department"""	REMOVE
sub-079/ses-01/func/sub-079_ses-01_task-movie_run-04_part-phase_bold.json	InstitutionalDepartmentName	"""Department"""	REMOVE
sub-079/ses-01/func/sub-079_ses-01_task-movie_run-04_part-phase_sbref.json	InstitutionalDepartmentName	"""Department"""	REMOVE
sub-079/ses-01/func/sub-079_ses-01_task-movie_run-04_sbref.json	InstitutionalDepartmentName	"""Department"""	REMOVE
sub-079/ses-01/func/sub-079_ses-01_task-movie_run-05_bold.json	InstitutionalDepartmentName	"""Department"""	REMOVE
sub-079/ses-01/func/sub-079_ses-01_task-movie_run-06_part-phase_bold.json	InstitutionalDepartmentName	"""Department"""	REMOVE
sub-079/ses-01/func/sub-079_ses-01_task-movie_run-07_bold.json	InstitutionalDepartmentName	"""Department"""	REMOVE
sub-079/ses-01/func/sub-079_ses-01_task-movie_run-08_part-phase_bold.json	InstitutionalDepartmentName	"""Department"""	REMOVE
sub-079/ses-01/func/sub-079_ses-01_task-rest_run-01_bold.json	InstitutionalDepartmentName	"""Department"""	REMOVE
sub-079/ses-01/func/sub-079_ses-01_task-rest_run-01_part-phase_sbref.json	InstitutionalDepartmentName	"""Department"""	REMOVE
sub-079/ses-01/func/sub-079_ses-01_task-rest_run-01_sbref.json	InstitutionalDepartmentName	"""Department"""	REMOVE
sub-079/ses-01/func/sub-079_ses-01_task-rest_run-02_part-phase_bold.json	InstitutionalDepartmentName	"""Department"""	REMOVE
sub-080/ses-01/anat/sub-080_ses-01_run-01_FLAIR.json	InstitutionalDepartmentName	"""Department"""	REMOVE
sub-080/ses-01/anat/sub-080_ses-01_run-01_T1w.json	InstitutionalDepartmentName	"""Department"""	REMOVE
sub-080/ses-01/anat/sub-080_ses-01_run-01_TB1TFL.json	InstitutionalDepartmentName	"""Department"""	REMOVE
sub-080/ses-01/anat/sub-080_ses-01_run-02_T1w.json	InstitutionalDepartmentName	"""Department"""	REMOVE
sub-080/ses-01/anat/sub-080_ses-01_run-02_TB1TFL.json	InstitutionalDepartmentName	"""Department"""	REMOVE
sub-080/ses-01/anat/sub-080_ses-01_run-03_T1w.json	InstitutionalDepartmentName	"""Department"""	REMOVE
sub-080/ses-01/dwi/sub-080_ses-01_run-01_dwi.json	InstitutionalDepartmentName	"""Department"""	REMOVE
sub-080/ses-01/dwi/sub-080_ses-01_run-02_dwi.json	InstitutionalDepartmentName	"""Department"""	REMOVE
sub-080/ses-01/dwi/sub-080_ses-01_run-05_dwi.json	InstitutionalDepartmentName	"""Department"""	REMOVE
sub-080/ses-01/fmap/sub-080_ses-01_dir-AP_run-01_epi.json	InstitutionalDepartmentName	"""Department"""	REMOVE
sub-080/ses-01/fmap/sub-080_ses-01_dir-AP_run-02_part-phase_epi.json	InstitutionalDepartmentName	"""Department"""	REMOVE
sub-080/ses-01/fmap/sub-080_ses-01_dir-AP_run-03_epi.json	InstitutionalDepartmentName	"""Department"""	REMOVE
sub-080/ses-01/fmap/sub-080_ses-01_dir-AP_run-04_part-phase_epi.json	InstitutionalDepartmentName	"""Department"""	REMOVE
sub-080/ses-01/fmap/sub-080_ses-01_dir-PA_run-01_epi.json	InstitutionalDepartmentName	"""Department"""	REMOVE
sub-080/ses-01/fmap/sub-080_ses-01_dir-PA_run-02_part-phase_epi.json	InstitutionalDepartmentName	"""Department"""	REMOVE
sub-080/ses-01/fmap/sub-080_ses-01_dir-PA_run-03_epi.json	InstitutionalDepartmentName	"""Department"""	REMOVE
sub-080/ses-01/fmap/sub-080_ses-01_dir-PA_run-04_part-phase_epi.json	InstitutionalDepartmentName	"""Department"""	REMOVE
sub-080/ses-01/func/sub-080_ses-01_task-control_run-01_bold.json	InstitutionalDepartmentName	"""Department"""	REMOVE
sub-080/ses-01/func/sub-080_ses-01_task-control_run-01_part-phase_sbref.json	InstitutionalDepartmentName	"""Department"""	REMOVE
sub-080/ses-01/func/sub-080_ses-01_task-control_run-01_sbref.json	InstitutionalDepartmentName	"""Department"""	REMOVE
sub-080/ses-01/func/sub-080_ses-01_task-control_run-02_part-phase_bold.json	InstitutionalDepartmentName	"""Department"""	REMOVE
sub-080/ses-01/func/sub-080_ses-01_task-control_run-02_part-phase_sbref.json	InstitutionalDepartmentName	"""Department"""	REMOVE
sub-080/ses-01/func/sub-080_ses-01_task-control_run-02_sbref.json	InstitutionalDepartmentName	"""Department"""	REMOVE
sub-080/ses-01/func/sub-080_ses-01_task-control_run-03_bold.json	InstitutionalDepartmentName	"""Department"""	REMOVE
sub-080/ses-01/func/sub-080_ses-01_task-control_run-03_part-phase_sbref.json	InstitutionalDepartmentName	"""Department"""	REMOVE
sub-080/ses-01/func/sub-080_ses-01_task-control_run-03_sbref.json	InstitutionalDepartmentName	"""Department"""	REMOVE
sub-080/ses-01/func/sub-080_ses-01_task-control_run-04_part-phase_bold.json	InstitutionalDepartmentName	"""Department"""	REMOVE
sub-080/ses-01/func/sub-080_ses-01_task-control_run-05_bold.json	InstitutionalDepartmentName	"""Department"""	REMOVE
sub-080/ses-01/func/sub-080_ses-01_task-control_run-06_part-phase_bold.json	InstitutionalDepartmentName	"""Department"""	REMOVE
sub-080/ses-01/func/sub-080_ses-01_task-fmri_run-01_bold.json	InstitutionalDepartmentName	"""Department"""	REMOVE
sub-080/ses-01/func/sub-080_ses-01_task-fmri_run-01_part-phase_sbref.json	InstitutionalDepartmentName	"""Department"""	REMOVE
sub-080/ses-01/func/sub-080_ses-01_task-fmri_run-01_sbref.json	InstitutionalDepartmentName	"""Department"""	REMOVE
sub-080/ses-01/func/sub-080_ses-01_task-fmri_run-02_part-phase_bold.json	InstitutionalDepartmentName	"""Department"""	REMOVE
sub-080/ses-01/func/sub-080_ses-01_task-fmri_run-02_part-phase_sbref.json	InstitutionalDepartmentName	"""Department"""	REMOVE
sub-080/ses-01/func/sub-080_ses-01_task-fmri_run-02_sbref.json	InstitutionalDepartmentName	"""Department"""	REMOVE
sub-080/ses-01/func/sub-080_ses-01_task-fmri_run-03_bold.json	InstitutionalDepartmentName	"""Department"""	REMOVE
sub-080/ses-01/func/sub-080_ses-01_task-fmri_run-03_part-phase_sbref.json	InstitutionalDepartmentName	"""Department"""	REMOVE
sub-080/ses-01/func/sub-080_ses-01_task-fmri_run-03_sbref.json	InstitutionalDepartmentName	"""Department"""	REMOVE
sub-080/ses-01/func/sub-080_ses-01_task-fmri_run-04_part-phase_bold.json	InstitutionalDepartmentName	"""Department"""	REMOVE
sub-080/ses-01/func/sub-080_ses-01_task-fmri_run-04_part-phase_sbref.json	InstitutionalDepartmentName	"""Department"""	REMOVE
sub-080/ses-01/func/sub-080_ses-01_task-fmri_run-04_sbref.json	InstitutionalDepartmentName	"""Department"""	REMOVE
sub-080/ses-01/func/sub-080_ses-01_task-fmri_run-05_bold.json	InstitutionalDepartmentName	"""Department"""	REMOVE
sub-080/ses-01/func/sub-080_ses-01_task-fmri_run-06_part-phase_bold.json	InstitutionalDepartmentName	"""Department"""	REMOVE
sub-080/ses-01/func/sub-080_ses-01_task-fmri_run-07_bold.json	InstitutionalDepartmentName	"""Department"""	REMOVE
sub-080/ses-01/func/sub-080_ses-01_task-fmri_run-08_part-phase_bold.json	InstitutionalDepartmentName	"""Department"""	REMOVE
sub-080/ses-01/func/sub-080_ses-01_task-movie_run-01_bold.json	InstitutionalDepartmentName	"""Department"""	REMOVE
sub-080/ses-01/func/sub-080_ses-01_task-movie_run-01_part-phase_sbref.json	InstitutionalDepartmentName	"""Department"""	REMOVE
sub-080/ses-01/func/sub-080_ses-01_task-movie_run-01_sbref.json	InstitutionalDepartmentName	"""Department"""	REMOVE
sub-080/ses-01/func/sub-080_ses-01_task-movie_run-02_part-phase_bold.json	InstitutionalDepartmentName	"""Department"""	REMOVE
sub-080/ses-01/func/sub-080_ses-01_task-movie_run-02_part-phase_sbref.json	InstitutionalDepartmentName	"""Department"""	REMOVE
sub-080/ses-01/func/sub-080_ses-01_task-movie_run-02_sbref.json	InstitutionalDepartmentName	"""Department"""	REMOVE
sub-080/ses-01/func/sub-080_ses-01_task-movie_run-03_bold.json	InstitutionalDepartmentName	"""Department"""	REMOVE
sub-080/ses-01/func/sub-080_ses-01_task-movie_run-03_part-phase_sbref.json	InstitutionalDepartmentName	"""Department"""	REMOVE
sub-080/ses-01/func/sub-080_ses-01_task-movie_run-03_sbref.json	InstitutionalDepartmentName	"""Department"""	REMOVE
sub-080/ses-01/func/sub-080_ses-01_task-movie_run-04_part-phase_bold.json	InstitutionalDepartmentName	"""Department"""	REMOVE
sub-080/ses-01/func/sub-080_ses-01_task-movie_run-04_part-phase_sbref.json	InstitutionalDepartmentName	"""Department"""	REMOVE
sub-080/ses-01/func/sub-080_ses-01_task-movie_run-04_sbref.json	InstitutionalDepartmentName	"""Department"""	REMOVE
sub-080/ses-01/func/sub-080_ses-01_task-movie_run-05_bold.json	InstitutionalDepartmentName	"""Department"""	REMOVE
sub-080/ses-01/func/sub-080_ses-01_task-movie_run-06_part-phase_bold.json	InstitutionalDepartmentName	"""Department"""	REMOVE
sub-080/ses-01/func/sub-080_ses-01_task-movie_run-07_bold.json	InstitutionalDepartmentName	"""Department"""	REMOVE
sub-080/ses-01/func/sub-080_ses-01_task-movie_run-08_part-phase_bold.json	InstitutionalDepartmentName	"""Department"""	REMOVE
sub-080/ses-01/func/sub-080_ses-01_task-rest_run-01_bold.json	InstitutionalDepartmentName	"""Department"""	REMOVE
sub-080/ses-01/func/sub-080_ses-01_task-rest_run-01_part-phase_sbref.json	InstitutionalDepartmentName	"""Department"""	REMOVE
sub-080/ses-01/func/sub-080_ses-01_task-rest_run-01_sbref.json	InstitutionalDepartmentName	"""Department"""	REMOVE
sub-080/ses-01/func/sub-080_ses-01_task-rest_run-02_part-phase_bold.json	InstitutionalDepartmentName	"""Department"""	REMOVE
sub-081/ses-01/anat/sub-081_ses-01_run-01_FLAIR.json	InstitutionalDepartmentName	"""Department"""	REMOVE
sub-081/ses-01/anat/sub-081_ses-01_run-01_T1w.json	InstitutionalDepartmentName	"""Department"""	REMOVE
sub-081/ses-01/anat/sub-081_ses-01_run-01_TB1TFL.json	InstitutionalDepartmentName	"""Department"""	REMOVE
sub-081/ses-01/anat/sub-081_ses-01_run-02_T1w.json	InstitutionalDepartmentName	"""Department"""	REMOVE
sub-081/ses-01/anat/sub-081_ses-01_run-02_TB1TFL.json	InstitutionalDepartmentName	"""Department"""	REMOVE
sub-081/ses-01/anat/sub-081_ses-01_run-03_T1w.json	InstitutionalDepartmentName	"""Department"""	REMOVE
sub-081/ses-01/dwi/sub-081_ses-01_run-01_dwi.json	InstitutionalDepartmentName	"""Department"""	REMOVE
sub-081/ses-01/dwi/sub-081_ses-01_run-02_dwi.json	InstitutionalDepartmentName	"""Department"""	REMOVE
sub-081/ses-01/dwi/sub-081_ses-01_run-05_dwi.json	InstitutionalDepartmentName	"""Department"""	REMOVE
sub-081/ses-01/fmap/sub-081_ses-01_dir-AP_run-01_epi.json	InstitutionalDepartmentName	"""Department"""	REMOVE
sub-081/ses-01/fmap/sub-081_ses-01_dir-AP_run-02_part-phase_epi.json	InstitutionalDepartmentName	"""Department"""	REMOVE
sub-081/ses-01/fmap/sub-081_ses-01_dir-AP_run-03_epi.json	InstitutionalDepartmentName	"""Department"""	REMOVE
sub-081/ses-01/fmap/sub-081_ses-01_dir-AP_run-04_part-phase_epi.json	InstitutionalDepartmentName	"""Department"""	REMOVE
sub-081/ses-01/fmap/sub-081_ses-01_dir-PA_run-01_epi.json	InstitutionalDepartmentName	"""Department"""	REMOVE
sub-081/ses-01/fmap/sub-081_ses-01_dir-PA_run-02_part-phase_epi.json	InstitutionalDepartmentName	"""Department"""	REMOVE
sub-081/ses-01/fmap/sub-081_ses-01_dir-PA_run-03_epi.json	InstitutionalDepartmentName	"""Department"""	REMOVE
sub-081/ses-01/fmap/sub-081_ses-01_dir-PA_run-04_part-phase_epi.json	InstitutionalDepartmentName	"""Department"""	REMOVE
sub-081/ses-01/func/sub-081_ses-01_task-control_run-01_bold.json	InstitutionalDepartmentName	"""Department"""	REMOVE
sub-081/ses-01/func/sub-081_ses-01_task-control_run-01_part-phase_sbref.json	InstitutionalDepartmentName	"""Department"""	REMOVE
sub-081/ses-01/func/sub-081_ses-01_task-control_run-01_sbref.json	InstitutionalDepartmentName	"""Department"""	REMOVE
sub-081/ses-01/func/sub-081_ses-01_task-control_run-02_part-phase_bold.json	InstitutionalDepartmentName	"""Department"""	REMOVE
sub-081/ses-01/func/sub-081_ses-01_task-control_run-02_part-phase_sbref.json	InstitutionalDepartmentName	"""Department"""	REMOVE
sub-081/ses-01/func/sub-081_ses-01_task-control_run-02_sbref.json	InstitutionalDepartmentName	"""Department"""	REMOVE
sub-081/ses-01/func/sub-081_ses-01_task-control_run-03_bold.json	InstitutionalDepartmentName	"""Department"""	REMOVE
sub-081/ses-01/func/sub-081_ses-01_task-control_run-03_part-phase_sbref.json	InstitutionalDepartmentName	"""Department"""	REMOVE
sub-081/ses-01/func/sub-081_ses-01_task-control_run-03_sbref.json	InstitutionalDepartmentName	"""Department"""	REMOVE
sub-081/ses-01/func/sub-081_ses-01_task-control_run-04_part-phase_bold.json	InstitutionalDepartmentName	"""Department"""	REMOVE
sub-081/ses-01/func/sub-081_ses-01_task-control_run-05_bold.json	InstitutionalDepartmentName	"""Department"""	REMOVE
sub-081/ses-01/func/sub-081_ses-01_task-control_run-06_part-phase_bold.json	InstitutionalDepartmentName	"""Department"""	REMOVE
sub-081/ses-01/func/sub-081_ses-01_task-fmri_run-01_bold.json	InstitutionalDepartmentName	"""Department"""	REMOVE
sub-081/ses-01/func/sub-081_ses-01_task-fmri_run-01_part-phase_sbref.json	InstitutionalDepartmentName	"""Department"""	REMOVE
sub-081/ses-01/func/sub-081_ses-01_task-fmri_run-01_sbref.json	InstitutionalDepartmentName	"""Department"""	REMOVE
sub-081/ses-01/func/sub-081_ses-01_task-fmri_run-02_part-phase_bold.json	InstitutionalDepartmentName	"""Department"""	REMOVE
sub-081/ses-01/func/sub-081_ses-01_task-fmri_run-02_part-phase_sbref.json	InstitutionalDepartmentName	"""Department"""	REMOVE
sub-081/ses-01/func/sub-081_ses-01_task-fmri_run-02_sbref.json	InstitutionalDepartmentName	"""Department"""	REMOVE
sub-081/ses-01/func/sub-081_ses-01_task-fmri_run-03_bold.json	InstitutionalDepartmentName	"""Department"""	REMOVE
sub-081/ses-01/func/sub-081_ses-01_task-fmri_run-03_part-phase_sbref.json	InstitutionalDepartmentName	"""Department"""	REMOVE
sub-081/ses-01/func/sub-081_ses-01_task-fmri_run-03_sbref.json	InstitutionalDepartmentName	"""Department"""	REMOVE
sub-081/ses-01/func/sub-081_ses-01_task-fmri_run-04_part-phase_bold.json	InstitutionalDepartmentName	"""Department"""	REMOVE
sub-081/ses-01/func/sub-081_ses-01_task-fmri_run-04_part-phase_sbref.json	InstitutionalDepartmentName	"""Department"""	REMOVE
sub-081/ses-01/func/sub-081_ses-01_task-fmri_run-04_sbref.json	InstitutionalDepartmentName	"""Department"""	REMOVE
sub-081/ses-01/func/sub-081_ses-01_task-fmri_run-05_bold.json	InstitutionalDepartmentName	"""Department"""	REMOVE
sub-081/ses-01/func/sub-081_ses-01_task-fmri_run-06_part-phase_bold.json	InstitutionalDepartmentName	"""Department"""	REMOVE
sub-081/ses-01/func/sub-081_ses-01_task-fmri_run-07_bold.json	InstitutionalDepartmentName	"""Department"""	REMOVE
sub-081/ses-01/func/sub-081_ses-01_task-fmri_run-08_part-phase_bold.json	InstitutionalDepartmentName	"""Department"""	REMOVE
sub-081/ses-01/func/sub-081_ses-01_task-movie_run-01_bold.json	InstitutionalDepartmentName	"""Department"""	REMOVE
sub-081/ses-01/func/sub-081_ses-01_task-movie_run-01_part-phase_sbref.json	InstitutionalDepartmentName	"""Department"""	REMOVE
sub-081/ses-01/func/sub-081_ses-01_task-movie_run-01_sbref.json	InstitutionalDepartmentName	"""Department"""	REMOVE
sub-081/ses-01/func/sub-081_ses-01_task-movie_run-02_part-phase_bold.json	InstitutionalDepartmentName	"""Department"""	REMOVE
sub-081/ses-01/func/sub-081_ses-01_task-movie_run-02_part-phase_sbref.json	InstitutionalDepartmentName	"""Department"""	REMOVE
sub-081/ses-01/func/sub-081_ses-01_task-movie_run-02_sbref.json	InstitutionalDepartmentName	"""Department"""	REMOVE
sub-081/ses-01/func/sub-081_ses-01_task-movie_run-03_bold.json	InstitutionalDepartmentName	"""Department"""	REMOVE
sub-081/ses-01/func/sub-081_ses-01_task-movie_run-03_part-phase_sbref.json	InstitutionalDepartmentName	"""Department"""	REMOVE
sub-081/ses-01/func/sub-081_ses-01_task-movie_run-03_sbref.json	InstitutionalDepartmentName	"""Department"""	REMOVE
sub-081/ses-01/func/sub-081_ses-01_task-movie_run-04_part-phase_bold.json	InstitutionalDepartmentName	"""Department"""	REMOVE
sub-081/ses-01/func/sub-081_ses-01_task-movie_run-04_part-phase_sbref.json	InstitutionalDepartmentName	"""Department"""	REMOVE
sub-081/ses-01/func/sub-081_ses-01_task-movie_run-04_sbref.json	InstitutionalDepartmentName	"""Department"""	REMOVE
sub-081/ses-01/func/sub-081_ses-01_task-movie_run-05_bold.json	InstitutionalDepartmentName	"""Department"""	REMOVE
sub-081/ses-01/func/sub-081_ses-01_task-movie_run-06_part-phase_bold.json	InstitutionalDepartmentName	"""Department"""	REMOVE
sub-081/ses-01/func/sub-081_ses-01_task-movie_run-07_bold.json	InstitutionalDepartmentName	"""Department"""	REMOVE
sub-081/ses-01/func/sub-081_ses-01_task-movie_run-08_part-phase_bold.json	InstitutionalDepartmentName	"""Department"""	REMOVE
sub-081/ses-01/func/sub-081_ses-01_task-rest_run-01_bold.json	InstitutionalDepartmentName	"""Department"""	REMOVE
sub-081/ses-01/func/sub-081_ses-01_task-rest_run-01_part-phase_sbref.json	InstitutionalDepartmentName	"""Department"""	REMOVE
sub-081/ses-01/func/sub-081_ses-01_task-rest_run-01_sbref.json	InstitutionalDepartmentName	"""Department"""	REMOVE
sub-081/ses-01/func/sub-081_ses-01_task-rest_run-02_part-phase_bold.json	InstitutionalDepartmentName	"""Department"""	REMOVE
sub-082/ses-01/anat/sub-082_ses-01_run-01_FLAIR.json	InstitutionalDepartmentName	"""Department"""	REMOVE
sub-082/ses-01/anat/sub-082_ses-01_run-01_T1w.json	InstitutionalDepartmentName	"""Department"""	REMOVE
sub-082/ses-01/anat/sub-082_ses-01_run-01_TB1TFL.json	InstitutionalDepartmentName	"""Department"""	REMOVE
sub-082/ses-01/anat/sub-082_ses-01_run-02_T1w.json	InstitutionalDepartmentName	"""Department"""	REMOVE
sub-082/ses-01/anat/sub-082_ses-01_run-02_TB1TFL.json	InstitutionalDepartmentName	"""Department"""	REMOVE
sub-082/ses-01/anat/sub-082_ses-01_run-03_T1w.json	InstitutionalDepartmentName	"""Department"""	REMOVE
sub-082/ses-01/dwi/sub-082_ses-01_run-01_dwi.json	InstitutionalDepartmentName	"""Department"""	REMOVE
sub-082/ses-01/dwi/sub-082_ses-01_run-02_dwi.json	InstitutionalDepartmentName	"""Department"""	REMOVE
sub-082/ses-01/dwi/sub-082_ses-01_run-03_dwi.json	InstitutionalDepartmentName	"""Department"""	REMOVE
sub-082/ses-01/fmap/sub-082_ses-01_dir-AP_run-01_epi.json	InstitutionalDepartmentName	"""Department"""	REMOVE
sub-082/ses-01/fmap/sub-082_ses-01_dir-AP_run-02_part-phase_epi.json	InstitutionalDepartmentName	"""Department"""	REMOVE
sub-082/ses-01/fmap/sub-082_ses-01_dir-AP_run-03_epi.json	InstitutionalDepartmentName	"""Department"""	REMOVE
sub-082/ses-01/fmap/sub-082_ses-01_dir-AP_run-04_part-phase_epi.json	InstitutionalDepartmentName	"""Department"""	REMOVE
sub-082/ses-01/fmap/sub-082_ses-01_dir-PA_run-01_epi.json	InstitutionalDepartmentName	"""Department"""	REMOVE
sub-082/ses-01/fmap/sub-082_ses-01_dir-PA_run-02_part-phase_epi.json	InstitutionalDepartmentName	"""Department"""	REMOVE
sub-082/ses-01/fmap/sub-082_ses-01_dir-PA_run-03_epi.json	InstitutionalDepartmentName	"""Department"""	REMOVE
sub-082/ses-01/fmap/sub-082_ses-01_dir-PA_run-04_part-phase_epi.json	InstitutionalDepartmentName	"""Department"""	REMOVE
sub-082/ses-01/func/sub-082_ses-01_task-control_run-01_bold.json	InstitutionalDepartmentName	"""Department"""	REMOVE
sub-082/ses-01/func/sub-082_ses-01_task-control_run-01_part-phase_sbref.json	InstitutionalDepartmentName	"""Department"""	REMOVE
sub-082/ses-01/func/sub-082_ses-01_task-control_run-01_sbref.json	InstitutionalDepartmentName	"""Department"""	REMOVE
sub-082/ses-01/func/sub-082_ses-01_task-control_run-02_part-phase_bold.json	InstitutionalDepartmentName	"""Department"""	REMOVE
sub-082/ses-01/func/sub-082_ses-01_task-control_run-02_part-phase_sbref.json	InstitutionalDepartmentName	"""Department"""	REMOVE
sub-082/ses-01/func/sub-082_ses-01_task-control_run-02_sbref.json	InstitutionalDepartmentName	"""Department"""	REMOVE
sub-082/ses-01/func/sub-082_ses-01_task-control_run-03_bold.json	InstitutionalDepartmentName	"""Department"""	REMOVE
sub-082/ses-01/func/sub-082_ses-01_task-control_run-03_part-phase_sbref.json	InstitutionalDepartmentName	"""Department"""	REMOVE
sub-082/ses-01/func/sub-082_ses-01_task-control_run-03_sbref.json	InstitutionalDepartmentName	"""Department"""	REMOVE
sub-082/ses-01/func/sub-082_ses-01_task-control_run-04_part-phase_bold.json	InstitutionalDepartmentName	"""Department"""	REMOVE
sub-082/ses-01/func/sub-082_ses-01_task-control_run-05_bold.json	InstitutionalDepartmentName	"""Department"""	REMOVE
sub-082/ses-01/func/sub-082_ses-01_task-control_run-06_part-phase_bold.json	InstitutionalDepartmentName	"""Department"""	REMOVE
sub-082/ses-01/func/sub-082_ses-01_task-fmri_run-01_bold.json	InstitutionalDepartmentName	"""Department"""	REMOVE
sub-082/ses-01/func/sub-082_ses-01_task-fmri_run-01_part-phase_sbref.json	InstitutionalDepartmentName	"""Department"""	REMOVE
sub-082/ses-01/func/sub-082_ses-01_task-fmri_run-01_sbref.json	InstitutionalDepartmentName	"""Department"""	REMOVE
sub-082/ses-01/func/sub-082_ses-01_task-fmri_run-02_part-phase_bold.json	InstitutionalDepartmentName	"""Department"""	REMOVE
sub-082/ses-01/func/sub-082_ses-01_task-fmri_run-02_part-phase_sbref.json	InstitutionalDepartmentName	"""Department"""	REMOVE
sub-082/ses-01/func/sub-082_ses-01_task-fmri_run-02_sbref.json	InstitutionalDepartmentName	"""Department"""	REMOVE
sub-082/ses-01/func/sub-082_ses-01_task-fmri_run-03_bold.json	InstitutionalDepartmentName	"""Department"""	REMOVE
sub-082/ses-01/func/sub-082_ses-01_task-fmri_run-03_part-phase_sbref.json	InstitutionalDepartmentName	"""Department"""	REMOVE
sub-082/ses-01/func/sub-082_ses-01_task-fmri_run-03_sbref.json	InstitutionalDepartmentName	"""Department"""	REMOVE
sub-082/ses-01/func/sub-082_ses-01_task-fmri_run-04_part-phase_bold.json	InstitutionalDepartmentName	"""Department"""	REMOVE
sub-082/ses-01/func/sub-082_ses-01_task-fmri_run-04_part-phase_sbref.json	InstitutionalDepartmentName	"""Department"""	REMOVE
sub-082/ses-01/func/sub-082_ses-01_task-fmri_run-04_sbref.json	InstitutionalDepartmentName	"""Department"""	REMOVE
sub-082/ses-01/func/sub-082_ses-01_task-fmri_run-05_bold.json	InstitutionalDepartmentName	"""Department"""	REMOVE
sub-082/ses-01/func/sub-082_ses-01_task-fmri_run-06_part-phase_bold.json	InstitutionalDepartmentName	"""Department"""	REMOVE
sub-082/ses-01/func/sub-082_ses-01_task-fmri_run-07_bold.json	InstitutionalDepartmentName	"""Department"""	REMOVE
sub-082/ses-01/func/sub-082_ses-01_task-fmri_run-08_part-phase_bold.json	InstitutionalDepartmentName	"""Department"""	REMOVE
sub-082/ses-01/func/sub-082_ses-01_task-movie_run-01_bold.json	InstitutionalDepartmentName	"""Department"""	REMOVE
sub-082/ses-01/func/sub-082_ses-01_task-movie_run-01_part-phase_sbref.json	InstitutionalDepartmentName	"""Department"""	REMOVE
sub-082/ses-01/func/sub-082_ses-01_task-movie_run-01_sbref.json	InstitutionalDepartmentName	"""Department"""	REMOVE
sub-082/ses-01/func/sub-082_ses-01_task-movie_run-02_part-phase_bold.json	InstitutionalDepartmentName	"""Department"""	REMOVE
sub-082/ses-01/func/sub-082_ses-01_task-movie_run-02_part-phase_sbref.json	InstitutionalDepartmentName	"""Department"""	REMOVE
sub-082/ses-01/func/sub-082_ses-01_task-movie_run-02_sbref.json	InstitutionalDepartmentName	"""Department"""	REMOVE
sub-082/ses-01/func/sub-082_ses-01_task-movie_run-03_bold.json	InstitutionalDepartmentName	"""Department"""	REMOVE
sub-082/ses-01/func/sub-082_ses-01_task-movie_run-03_part-phase_sbref.json	InstitutionalDepartmentName	"""Department"""	REMOVE
sub-082/ses-01/func/sub-082_ses-01_task-movie_run-03_sbref.json	InstitutionalDepartmentName	"""Department"""	REMOVE
sub-082/ses-01/func/sub-082_ses-01_task-movie_run-04_part-phase_bold.json	InstitutionalDepartmentName	"""Department"""	REMOVE
sub-082/ses-01/func/sub-082_ses-01_task-movie_run-04_part-phase_sbref.json	InstitutionalDepartmentName	"""Department"""	REMOVE
sub-082/ses-01/func/sub-082_ses-01_task-movie_run-04_sbref.json	InstitutionalDepartmentName	"""Department"""	REMOVE
sub-082/ses-01/func/sub-082_ses-01_task-movie_run-05_bold.json	InstitutionalDepartmentName	"""Department"""	REMOVE
sub-082/ses-01/func/sub-082_ses-01_task-movie_run-05_part-phase_sbref.json	InstitutionalDepartmentName	"""Department"""	REMOVE
sub-082/ses-01/func/sub-082_ses-01_task-movie_run-05_sbref.json	InstitutionalDepartmentName	"""Department"""	REMOVE
sub-082/ses-01/func/sub-082_ses-01_task-movie_run-06_part-phase_bold.json	InstitutionalDepartmentName	"""Department"""	REMOVE
sub-082/ses-01/func/sub-082_ses-01_task-movie_run-07_bold.json	InstitutionalDepartmentName	"""Department"""	REMOVE
sub-082/ses-01/func/sub-082_ses-01_task-movie_run-08_part-phase_bold.json	InstitutionalDepartmentName	"""Department"""	REMOVE
sub-082/ses-01/func/sub-082_ses-01_task-movie_run-09_bold.json	InstitutionalDepartmentName	"""Department"""	REMOVE
sub-082/ses-01/func/sub-082_ses-01_task-movie_run-10_part-phase_bold.json	InstitutionalDepartmentName	"""Department"""	REMOVE
sub-082/ses-01/func/sub-082_ses-01_task-rest_run-01_bold.json	InstitutionalDepartmentName	"""Department"""	REMOVE
sub-082/ses-01/func/sub-082_ses-01_task-rest_run-01_part-phase_sbref.json	InstitutionalDepartmentName	"""Department"""	REMOVE
sub-082/ses-01/func/sub-082_ses-01_task-rest_run-01_sbref.json	InstitutionalDepartmentName	"""Department"""	REMOVE
sub-082/ses-01/func/sub-082_ses-01_task-rest_run-02_part-phase_bold.json	InstitutionalDepartmentName	"""Department"""	REMOVE
sub-083/ses-01/anat/sub-083_ses-01_run-01_FLAIR.json	InstitutionalDepartmentName	"""Department"""	REMOVE
sub-083/ses-01/anat/sub-083_ses-01_run-01_T1w.json	InstitutionalDepartmentName	"""Department"""	REMOVE
sub-083/ses-01/anat/sub-083_ses-01_run-01_TB1TFL.json	InstitutionalDepartmentName	"""Department"""	REMOVE
sub-083/ses-01/anat/sub-083_ses-01_run-02_T1w.json	InstitutionalDepartmentName	"""Department"""	REMOVE
sub-083/ses-01/anat/sub-083_ses-01_run-02_TB1TFL.json	InstitutionalDepartmentName	"""Department"""	REMOVE
sub-083/ses-01/anat/sub-083_ses-01_run-03_T1w.json	InstitutionalDepartmentName	"""Department"""	REMOVE
sub-083/ses-01/dwi/sub-083_ses-01_run-01_dwi.json	InstitutionalDepartmentName	"""Department"""	REMOVE
sub-083/ses-01/dwi/sub-083_ses-01_run-02_dwi.json	InstitutionalDepartmentName	"""Department"""	REMOVE
sub-083/ses-01/dwi/sub-083_ses-01_run-05_dwi.json	InstitutionalDepartmentName	"""Department"""	REMOVE
sub-083/ses-01/fmap/sub-083_ses-01_dir-AP_run-01_epi.json	InstitutionalDepartmentName	"""Department"""	REMOVE
sub-083/ses-01/fmap/sub-083_ses-01_dir-AP_run-02_part-phase_epi.json	InstitutionalDepartmentName	"""Department"""	REMOVE
sub-083/ses-01/fmap/sub-083_ses-01_dir-AP_run-03_epi.json	InstitutionalDepartmentName	"""Department"""	REMOVE
sub-083/ses-01/fmap/sub-083_ses-01_dir-AP_run-04_part-phase_epi.json	InstitutionalDepartmentName	"""Department"""	REMOVE
sub-083/ses-01/fmap/sub-083_ses-01_dir-PA_run-01_epi.json	InstitutionalDepartmentName	"""Department"""	REMOVE
sub-083/ses-01/fmap/sub-083_ses-01_dir-PA_run-02_part-phase_epi.json	InstitutionalDepartmentName	"""Department"""	REMOVE
sub-083/ses-01/fmap/sub-083_ses-01_dir-PA_run-03_epi.json	InstitutionalDepartmentName	"""Department"""	REMOVE
sub-083/ses-01/fmap/sub-083_ses-01_dir-PA_run-04_part-phase_epi.json	InstitutionalDepartmentName	"""Department"""	REMOVE
sub-083/ses-01/func/sub-083_ses-01_task-control_run-01_bold.json	InstitutionalDepartmentName	"""Department"""	REMOVE
sub-083/ses-01/func/sub-083_ses-01_task-control_run-01_part-phase_sbref.json	InstitutionalDepartmentName	"""Department"""	REMOVE
sub-083/ses-01/func/sub-083_ses-01_task-control_run-01_sbref.json	InstitutionalDepartmentName	"""Department"""	REMOVE
sub-083/ses-01/func/sub-083_ses-01_task-control_run-02_part-phase_bold.json	InstitutionalDepartmentName	"""Department"""	REMOVE
sub-083/ses-01/func/sub-083_ses-01_task-control_run-02_part-phase_sbref.json	InstitutionalDepartmentName	"""Department"""	REMOVE
sub-083/ses-01/func/sub-083_ses-01_task-control_run-02_sbref.json	InstitutionalDepartmentName	"""Department"""	REMOVE
sub-083/ses-01/func/sub-083_ses-01_task-control_run-03_bold.json	InstitutionalDepartmentName	"""Department"""	REMOVE
sub-083/ses-01/func/sub-083_ses-01_task-control_run-03_part-phase_sbref.json	InstitutionalDepartmentName	"""Department"""	REMOVE
sub-083/ses-01/func/sub-083_ses-01_task-control_run-03_sbref.json	InstitutionalDepartmentName	"""Department"""	REMOVE
sub-083/ses-01/func/sub-083_ses-01_task-control_run-04_part-phase_bold.json	InstitutionalDepartmentName	"""Department"""	REMOVE
sub-083/ses-01/func/sub-083_ses-01_task-control_run-05_bold.json	InstitutionalDepartmentName	"""Department"""	REMOVE
sub-083/ses-01/func/sub-083_ses-01_task-control_run-06_part-phase_bold.json	InstitutionalDepartmentName	"""Department"""	REMOVE
sub-083/ses-01/func/sub-083_ses-01_task-fmri_run-01_bold.json	InstitutionalDepartmentName	"""Department"""	REMOVE
sub-083/ses-01/func/sub-083_ses-01_task-fmri_run-01_part-phase_sbref.json	InstitutionalDepartmentName	"""Department"""	REMOVE
sub-083/ses-01/func/sub-083_ses-01_task-fmri_run-01_sbref.json	InstitutionalDepartmentName	"""Department"""	REMOVE
sub-083/ses-01/func/sub-083_ses-01_task-fmri_run-02_part-phase_bold.json	InstitutionalDepartmentName	"""Department"""	REMOVE
sub-083/ses-01/func/sub-083_ses-01_task-fmri_run-02_part-phase_sbref.json	InstitutionalDepartmentName	"""Department"""	REMOVE
sub-083/ses-01/func/sub-083_ses-01_task-fmri_run-02_sbref.json	InstitutionalDepartmentName	"""Department"""	REMOVE
sub-083/ses-01/func/sub-083_ses-01_task-fmri_run-03_bold.json	InstitutionalDepartmentName	"""Department"""	REMOVE
sub-083/ses-01/func/sub-083_ses-01_task-fmri_run-03_part-phase_sbref.json	InstitutionalDepartmentName	"""Department"""	REMOVE
sub-083/ses-01/func/sub-083_ses-01_task-fmri_run-03_sbref.json	InstitutionalDepartmentName	"""Department"""	REMOVE
sub-083/ses-01/func/sub-083_ses-01_task-fmri_run-04_part-phase_bold.json	InstitutionalDepartmentName	"""Department"""	REMOVE
sub-083/ses-01/func/sub-083_ses-01_task-fmri_run-04_part-phase_sbref.json	InstitutionalDepartmentName	"""Department"""	REMOVE
sub-083/ses-01/func/sub-083_ses-01_task-fmri_run-04_sbref.json	InstitutionalDepartmentName	"""Department"""	REMOVE
sub-083/ses-01/func/sub-083_ses-01_task-fmri_run-05_bold.json	InstitutionalDepartmentName	"""Department"""	REMOVE
sub-083/ses-01/func/sub-083_ses-01_task-fmri_run-05_part-phase_sbref.json	InstitutionalDepartmentName	"""Department"""	REMOVE
sub-083/ses-01/func/sub-083_ses-01_task-fmri_run-05_sbref.json	InstitutionalDepartmentName	"""Department"""	REMOVE
sub-083/ses-01/func/sub-083_ses-01_task-fmri_run-06_part-phase_bold.json	InstitutionalDepartmentName	"""Department"""	REMOVE
sub-083/ses-01/func/sub-083_ses-01_task-fmri_run-07_bold.json	InstitutionalDepartmentName	"""Department"""	REMOVE
sub-083/ses-01/func/sub-083_ses-01_task-fmri_run-08_part-phase_bold.json	InstitutionalDepartmentName	"""Department"""	REMOVE
sub-083/ses-01/func/sub-083_ses-01_task-fmri_run-09_bold.json	InstitutionalDepartmentName	"""Department"""	REMOVE
sub-083/ses-01/func/sub-083_ses-01_task-fmri_run-10_part-phase_bold.json	InstitutionalDepartmentName	"""Department"""	REMOVE
sub-083/ses-01/func/sub-083_ses-01_task-movie_run-01_bold.json	InstitutionalDepartmentName	"""Department"""	REMOVE
sub-083/ses-01/func/sub-083_ses-01_task-movie_run-01_part-phase_sbref.json	InstitutionalDepartmentName	"""Department"""	REMOVE
sub-083/ses-01/func/sub-083_ses-01_task-movie_run-01_sbref.json	InstitutionalDepartmentName	"""Department"""	REMOVE
sub-083/ses-01/func/sub-083_ses-01_task-movie_run-02_part-phase_bold.json	InstitutionalDepartmentName	"""Department"""	REMOVE
sub-083/ses-01/func/sub-083_ses-01_task-movie_run-02_part-phase_sbref.json	InstitutionalDepartmentName	"""Department"""	REMOVE
sub-083/ses-01/func/sub-083_ses-01_task-movie_run-02_sbref.json	InstitutionalDepartmentName	"""Department"""	REMOVE
sub-083/ses-01/func/sub-083_ses-01_task-movie_run-03_bold.json	InstitutionalDepartmentName	"""Department"""	REMOVE
sub-083/ses-01/func/sub-083_ses-01_task-movie_run-03_part-phase_sbref.json	InstitutionalDepartmentName	"""Department"""	REMOVE
sub-083/ses-01/func/sub-083_ses-01_task-movie_run-03_sbref.json	InstitutionalDepartmentName	"""Department"""	REMOVE
sub-083/ses-01/func/sub-083_ses-01_task-movie_run-04_part-phase_bold.json	InstitutionalDepartmentName	"""Department"""	REMOVE
sub-083/ses-01/func/sub-083_ses-01_task-movie_run-04_part-phase_sbref.json	InstitutionalDepartmentName	"""Department"""	REMOVE
sub-083/ses-01/func/sub-083_ses-01_task-movie_run-04_sbref.json	InstitutionalDepartmentName	"""Department"""	REMOVE
sub-083/ses-01/func/sub-083_ses-01_task-movie_run-05_bold.json	InstitutionalDepartmentName	"""Department"""	REMOVE
sub-083/ses-01/func/sub-083_ses-01_task-movie_run-06_part-phase_bold.json	InstitutionalDepartmentName	"""Department"""	REMOVE
sub-083/ses-01/func/sub-083_ses-01_task-movie_run-07_bold.json	InstitutionalDepartmentName	"""Department"""	REMOVE
sub-083/ses-01/func/sub-083_ses-01_task-movie_run-08_part-phase_bold.json	InstitutionalDepartmentName	"""Department"""	REMOVE
sub-083/ses-01/func/sub-083_ses-01_task-rest_run-01_bold.json	InstitutionalDepartmentName	"""Department"""	REMOVE
sub-083/ses-01/func/sub-083_ses-01_task-rest_run-01_part-phase_sbref.json	InstitutionalDepartmentName	"""Department"""	REMOVE
sub-083/ses-01/func/sub-083_ses-01_task-rest_run-01_sbref.json	InstitutionalDepartmentName	"""Department"""	REMOVE
sub-083/ses-01/func/sub-083_ses-01_task-rest_run-02_part-phase_bold.json	InstitutionalDepartmentName	"""Department"""	REMOVE
sub-084/ses-01/anat/sub-084_ses-01_run-01_FLAIR.json	InstitutionalDepartmentName	"""Department"""	REMOVE
sub-084/ses-01/anat/sub-084_ses-01_run-01_T1w.json	InstitutionalDepartmentName	"""Department"""	REMOVE
sub-084/ses-01/anat/sub-084_ses-01_run-01_TB1TFL.json	InstitutionalDepartmentName	"""Department"""	REMOVE
sub-084/ses-01/anat/sub-084_ses-01_run-02_T1w.json	InstitutionalDepartmentName	"""Department"""	REMOVE
sub-084/ses-01/anat/sub-084_ses-01_run-02_TB1TFL.json	InstitutionalDepartmentName	"""Department"""	REMOVE
sub-084/ses-01/anat/sub-084_ses-01_run-03_T1w.json	InstitutionalDepartmentName	"""Department"""	REMOVE
sub-084/ses-01/dwi/sub-084_ses-01_run-01_dwi.json	InstitutionalDepartmentName	"""Department"""	REMOVE
sub-084/ses-01/dwi/sub-084_ses-01_run-02_dwi.json	InstitutionalDepartmentName	"""Department"""	REMOVE
sub-084/ses-01/dwi/sub-084_ses-01_run-05_dwi.json	InstitutionalDepartmentName	"""Department"""	REMOVE
sub-084/ses-01/fmap/sub-084_ses-01_dir-AP_run-01_epi.json	InstitutionalDepartmentName	"""Department"""	REMOVE
sub-084/ses-01/fmap/sub-084_ses-01_dir-AP_run-02_part-phase_epi.json	InstitutionalDepartmentName	"""Department"""	REMOVE
sub-084/ses-01/fmap/sub-084_ses-01_dir-AP_run-03_epi.json	InstitutionalDepartmentName	"""Department"""	REMOVE
sub-084/ses-01/fmap/sub-084_ses-01_dir-AP_run-04_part-phase_epi.json	InstitutionalDepartmentName	"""Department"""	REMOVE
sub-084/ses-01/fmap/sub-084_ses-01_dir-PA_run-01_epi.json	InstitutionalDepartmentName	"""Department"""	REMOVE
sub-084/ses-01/fmap/sub-084_ses-01_dir-PA_run-02_part-phase_epi.json	InstitutionalDepartmentName	"""Department"""	REMOVE
sub-084/ses-01/fmap/sub-084_ses-01_dir-PA_run-03_epi.json	InstitutionalDepartmentName	"""Department"""	REMOVE
sub-084/ses-01/fmap/sub-084_ses-01_dir-PA_run-04_part-phase_epi.json	InstitutionalDepartmentName	"""Department"""	REMOVE
sub-084/ses-01/func/sub-084_ses-01_task-control_run-01_bold.json	InstitutionalDepartmentName	"""Department"""	REMOVE
sub-084/ses-01/func/sub-084_ses-01_task-control_run-01_part-phase_sbref.json	InstitutionalDepartmentName	"""Department"""	REMOVE
sub-084/ses-01/func/sub-084_ses-01_task-control_run-01_sbref.json	InstitutionalDepartmentName	"""Department"""	REMOVE
sub-084/ses-01/func/sub-084_ses-01_task-control_run-02_part-phase_bold.json	InstitutionalDepartmentName	"""Department"""	REMOVE
sub-084/ses-01/func/sub-084_ses-01_task-control_run-02_part-phase_sbref.json	InstitutionalDepartmentName	"""Department"""	REMOVE
sub-084/ses-01/func/sub-084_ses-01_task-control_run-02_sbref.json	InstitutionalDepartmentName	"""Department"""	REMOVE
sub-084/ses-01/func/sub-084_ses-01_task-control_run-03_bold.json	InstitutionalDepartmentName	"""Department"""	REMOVE
sub-084/ses-01/func/sub-084_ses-01_task-control_run-03_part-phase_sbref.json	InstitutionalDepartmentName	"""Department"""	REMOVE
sub-084/ses-01/func/sub-084_ses-01_task-control_run-03_sbref.json	InstitutionalDepartmentName	"""Department"""	REMOVE
sub-084/ses-01/func/sub-084_ses-01_task-control_run-04_part-phase_bold.json	InstitutionalDepartmentName	"""Department"""	REMOVE
sub-084/ses-01/func/sub-084_ses-01_task-control_run-05_bold.json	InstitutionalDepartmentName	"""Department"""	REMOVE
sub-084/ses-01/func/sub-084_ses-01_task-control_run-06_part-phase_bold.json	InstitutionalDepartmentName	"""Department"""	REMOVE
sub-084/ses-01/func/sub-084_ses-01_task-fmri_run-01_bold.json	InstitutionalDepartmentName	"""Department"""	REMOVE
sub-084/ses-01/func/sub-084_ses-01_task-fmri_run-01_part-phase_sbref.json	InstitutionalDepartmentName	"""Department"""	REMOVE
sub-084/ses-01/func/sub-084_ses-01_task-fmri_run-01_sbref.json	InstitutionalDepartmentName	"""Department"""	REMOVE
sub-084/ses-01/func/sub-084_ses-01_task-fmri_run-02_part-phase_bold.json	InstitutionalDepartmentName	"""Department"""	REMOVE
sub-084/ses-01/func/sub-084_ses-01_task-fmri_run-02_part-phase_sbref.json	InstitutionalDepartmentName	"""Department"""	REMOVE
sub-084/ses-01/func/sub-084_ses-01_task-fmri_run-02_sbref.json	InstitutionalDepartmentName	"""Department"""	REMOVE
sub-084/ses-01/func/sub-084_ses-01_task-fmri_run-03_bold.json	InstitutionalDepartmentName	"""Department"""	REMOVE
sub-084/ses-01/func/sub-084_ses-01_task-fmri_run-03_part-phase_sbref.json	InstitutionalDepartmentName	"""Department"""	REMOVE
sub-084/ses-01/func/sub-084_ses-01_task-fmri_run-03_sbref.json	InstitutionalDepartmentName	"""Department"""	REMOVE
sub-084/ses-01/func/sub-084_ses-01_task-fmri_run-04_part-phase_bold.json	InstitutionalDepartmentName	"""Department"""	REMOVE
sub-084/ses-01/func/sub-084_ses-01_task-fmri_run-04_part-phase_sbref.json	InstitutionalDepartmentName	"""Department"""	REMOVE
sub-084/ses-01/func/sub-084_ses-01_task-fmri_run-04_sbref.json	InstitutionalDepartmentName	"""Department"""	REMOVE
sub-084/ses-01/func/sub-084_ses-01_task-fmri_run-05_bold.json	InstitutionalDepartmentName	"""Department"""	REMOVE
sub-084/ses-01/func/sub-084_ses-01_task-fmri_run-06_part-phase_bold.json	InstitutionalDepartmentName	"""Department"""	REMOVE
sub-084/ses-01/func/sub-084_ses-01_task-fmri_run-07_bold.json	InstitutionalDepartmentName	"""Department"""	REMOVE
sub-084/ses-01/func/sub-084_ses-01_task-fmri_run-08_part-phase_bold.json	InstitutionalDepartmentName	"""Department"""	REMOVE
sub-084/ses-01/func/sub-084_ses-01_task-movie_run-01_bold.json	InstitutionalDepartmentName	"""Department"""	REMOVE
sub-084/ses-01/func/sub-084_ses-01_task-movie_run-01_part-phase_sbref.json	InstitutionalDepartmentName	"""Department"""	REMOVE
sub-084/ses-01/func/sub-084_ses-01_task-movie_run-01_sbref.json	InstitutionalDepartmentName	"""Department"""	REMOVE
sub-084/ses-01/func/sub-084_ses-01_task-movie_run-02_part-phase_bold.json	InstitutionalDepartmentName	"""Department"""	REMOVE
sub-084/ses-01/func/sub-084_ses-01_task-movie_run-02_part-phase_sbref.json	InstitutionalDepartmentName	"""Department"""	REMOVE
sub-084/ses-01/func/sub-084_ses-01_task-movie_run-02_sbref.json	InstitutionalDepartmentName	"""Department"""	REMOVE
sub-084/ses-01/func/sub-084_ses-01_task-movie_run-03_bold.json	InstitutionalDepartmentName	"""Department"""	REMOVE
sub-084/ses-01/func/sub-084_ses-01_task-movie_run-03_part-phase_sbref.json	InstitutionalDepartmentName	"""Department"""	REMOVE
sub-084/ses-01/func/sub-084_ses-01_task-movie_run-03_sbref.json	InstitutionalDepartmentName	"""Department"""	REMOVE
sub-084/ses-01/func/sub-084_ses-01_task-movie_run-04_part-phase_bold.json	InstitutionalDepartmentName	"""Department"""	REMOVE
sub-084/ses-01/func/sub-084_ses-01_task-movie_run-04_part-phase_sbref.json	InstitutionalDepartmentName	"""Department"""	REMOVE
sub-084/ses-01/func/sub-084_ses-01_task-movie_run-04_sbref.json	InstitutionalDepartmentName	"""Department"""	REMOVE
sub-084/ses-01/func/sub-084_ses-01_task-movie_run-05_bold.json	InstitutionalDepartmentName	"""Department"""	REMOVE
sub-084/ses-01/func/sub-084_ses-01_task-movie_run-06_part-phase_bold.json	InstitutionalDepartmentName	"""Department"""	REMOVE
sub-084/ses-01/func/sub-084_ses-01_task-movie_run-07_bold.json	InstitutionalDepartmentName	"""Department"""	REMOVE
sub-084/ses-01/func/sub-084_ses-01_task-movie_run-08_part-phase_bold.json	InstitutionalDepartmentName	"""Department"""	REMOVE
sub-084/ses-01/func/sub-084_ses-01_task-rest_run-01_bold.json	InstitutionalDepartmentName	"""Department"""	REMOVE
sub-084/ses-01/func/sub-084_ses-01_task-rest_run-01_part-phase_sbref.json	InstitutionalDepartmentName	"""Department"""	REMOVE
sub-084/ses-01/func/sub-084_ses-01_task-rest_run-01_sbref.json	InstitutionalDepartmentName	"""Department"""	REMOVE
sub-084/ses-01/func/sub-084_ses-01_task-rest_run-02_part-phase_bold.json	InstitutionalDepartmentName	"""Department"""	REMOVE
