bids_root	participant_id	session_id	bids_run	bold_path	events_tsv	status	stim_file	eye	movie_label	matlab_run_id	mapping_confidence	mapping_method	ProtocolName	observed_n_volumes	observed_TR	onset	duration
/home/alexrees/scratch/bids	sub-001	ses-01	run-01	sub-001/ses-01/func/sub-001_ses-01_task-movie_run-01_bold.nii.gz	sub-001/ses-01/func/sub-001_ses-01_task-movie_run-01_events.tsv	WRITTEN	Movie1A.mp4	left	Movie1	1	HIGH	ProtocolName_MovieN_to_matlab_run_id+selected_run_id_mat_present	Movie1_AP		0.937	0.0	196.821333
/home/alexrees/scratch/bids	sub-001	ses-01	run-03	sub-001/ses-01/func/sub-001_ses-01_task-movie_run-03_bold.nii.gz	sub-001/ses-01/func/sub-001_ses-01_task-movie_run-03_events.tsv	WRITTEN	Movie2A.mp4	right	Movie2	2	HIGH	ProtocolName_MovieN_to_matlab_run_id+selected_run_id_mat_present	Movie2_AP		0.937	0.0	196.821333
/home/alexrees/scratch/bids	sub-001	ses-01	run-05	sub-001/ses-01/func/sub-001_ses-01_task-movie_run-05_bold.nii.gz	sub-001/ses-01/func/sub-001_ses-01_task-movie_run-05_events.tsv	WRITTEN	Movie1B.mp4	right	Movie3	3	HIGH	ProtocolName_MovieN_to_matlab_run_id+selected_run_id_mat_present	Movie3_AP		0.937	0.0	196.821333
/home/alexrees/scratch/bids	sub-001	ses-01	run-07	sub-001/ses-01/func/sub-001_ses-01_task-movie_run-07_bold.nii.gz	sub-001/ses-01/func/sub-001_ses-01_task-movie_run-07_events.tsv	WRITTEN	Movie2B.mp4	left	Movie4	4	HIGH	ProtocolName_MovieN_to_matlab_run_id+selected_run_id_mat_present	Movie4_AP		0.937	0.0	196.821333
/home/alexrees/scratch/bids	sub-001	ses-02	run-01	sub-001/ses-02/func/sub-001_ses-02_task-movie_run-01_bold.nii.gz	sub-001/ses-02/func/sub-001_ses-02_task-movie_run-01_events.tsv	WRITTEN	Movie1A.mp4	left	Movie1	1	HIGH	ProtocolName_MovieN_to_matlab_run_id+selected_run_id_mat_present	Movie1_AP		0.937	0.0	196.821333
/home/alexrees/scratch/bids	sub-001	ses-02	run-03	sub-001/ses-02/func/sub-001_ses-02_task-movie_run-03_bold.nii.gz	sub-001/ses-02/func/sub-001_ses-02_task-movie_run-03_events.tsv	WRITTEN	Movie2A.mp4	right	Movie2	2	HIGH	ProtocolName_MovieN_to_matlab_run_id+selected_run_id_mat_present	Movie2_AP		0.937	0.0	196.821333
/home/alexrees/scratch/bids	sub-001	ses-02	run-05	sub-001/ses-02/func/sub-001_ses-02_task-movie_run-05_bold.nii.gz	sub-001/ses-02/func/sub-001_ses-02_task-movie_run-05_events.tsv	WRITTEN	Movie1B.mp4	right	Movie3	3	HIGH	ProtocolName_MovieN_to_matlab_run_id+selected_run_id_mat_present	Movie3_AP		0.937	0.0	196.821333
/home/alexrees/scratch/bids	sub-001	ses-02	run-07	sub-001/ses-02/func/sub-001_ses-02_task-movie_run-07_bold.nii.gz	sub-001/ses-02/func/sub-001_ses-02_task-movie_run-07_events.tsv	WRITTEN	Movie2B.mp4	left	Movie4	4	HIGH	ProtocolName_MovieN_to_matlab_run_id+selected_run_id_mat_present	Movie4_AP		0.937	0.0	196.821333
/home/alexrees/scratch/bids	sub-002	ses-01	run-01	sub-002/ses-01/func/sub-002_ses-01_task-movie_run-01_bold.nii.gz	sub-002/ses-01/func/sub-002_ses-01_task-movie_run-01_events.tsv	WRITTEN	Movie1A.mp4	left	Movie1	1	HIGH	ProtocolName_MovieN_to_matlab_run_id+selected_run_id_mat_present	Movie1_AP		0.937	0.0	196.821333
/home/alexrees/scratch/bids	sub-002	ses-01	run-03	sub-002/ses-01/func/sub-002_ses-01_task-movie_run-03_bold.nii.gz	sub-002/ses-01/func/sub-002_ses-01_task-movie_run-03_events.tsv	WRITTEN	Movie2A.mp4	right	Movie2	2	HIGH	ProtocolName_MovieN_to_matlab_run_id+selected_run_id_mat_present	Movie2_AP		0.937	0.0	196.821333
/home/alexrees/scratch/bids	sub-002	ses-01	run-05	sub-002/ses-01/func/sub-002_ses-01_task-movie_run-05_bold.nii.gz	sub-002/ses-01/func/sub-002_ses-01_task-movie_run-05_events.tsv	WRITTEN	Movie1B.mp4	right	Movie3	3	HIGH	ProtocolName_MovieN_to_matlab_run_id+selected_run_id_mat_present	Movie3_AP		0.937	0.0	196.821333
/home/alexrees/scratch/bids	sub-002	ses-01	run-07	sub-002/ses-01/func/sub-002_ses-01_task-movie_run-07_bold.nii.gz	sub-002/ses-01/func/sub-002_ses-01_task-movie_run-07_events.tsv	WRITTEN	Movie2B.mp4	left	Movie4	4	HIGH	ProtocolName_MovieN_to_matlab_run_id+selected_run_id_mat_present	Movie4_AP		0.937	0.0	196.821333
/home/alexrees/scratch/bids	sub-002	ses-02	run-01	sub-002/ses-02/func/sub-002_ses-02_task-movie_run-01_bold.nii.gz	sub-002/ses-02/func/sub-002_ses-02_task-movie_run-01_events.tsv	WRITTEN	Movie1A.mp4	left	Movie1	1	HIGH	ProtocolName_MovieN_to_matlab_run_id+selected_run_id_mat_present	Movie1_AP		0.937	0.0	196.821333
/home/alexrees/scratch/bids	sub-002	ses-02	run-03	sub-002/ses-02/func/sub-002_ses-02_task-movie_run-03_bold.nii.gz	sub-002/ses-02/func/sub-002_ses-02_task-movie_run-03_events.tsv	WRITTEN	Movie2A.mp4	right	Movie2	2	HIGH	ProtocolName_MovieN_to_matlab_run_id+selected_run_id_mat_present	Movie2_AP		0.937	0.0	196.821333
/home/alexrees/scratch/bids	sub-002	ses-02	run-05	sub-002/ses-02/func/sub-002_ses-02_task-movie_run-05_bold.nii.gz	sub-002/ses-02/func/sub-002_ses-02_task-movie_run-05_events.tsv	WRITTEN	Movie1B.mp4	right	Movie3	3	HIGH	ProtocolName_MovieN_to_matlab_run_id+selected_run_id_mat_present	Movie3_AP		0.937	0.0	196.821333
/home/alexrees/scratch/bids	sub-002	ses-02	run-07	sub-002/ses-02/func/sub-002_ses-02_task-movie_run-07_bold.nii.gz	sub-002/ses-02/func/sub-002_ses-02_task-movie_run-07_events.tsv	WRITTEN	Movie2B.mp4	left	Movie4	4	HIGH	ProtocolName_MovieN_to_matlab_run_id+selected_run_id_mat_present	Movie4_AP		0.937	0.0	196.821333
/home/alexrees/scratch/bids	sub-003	ses-01	run-01	sub-003/ses-01/func/sub-003_ses-01_task-movie_run-01_bold.nii.gz	sub-003/ses-01/func/sub-003_ses-01_task-movie_run-01_events.tsv	WRITTEN	Movie1A.mp4	left	Movie1	1	HIGH	ProtocolName_MovieN_to_matlab_run_id+selected_run_id_mat_present	Movie1_AP		0.937	0.0	196.821333
/home/alexrees/scratch/bids	sub-003	ses-01	run-03	sub-003/ses-01/func/sub-003_ses-01_task-movie_run-03_bold.nii.gz	sub-003/ses-01/func/sub-003_ses-01_task-movie_run-03_events.tsv	WRITTEN	Movie2A.mp4	right	Movie2	2	HIGH	ProtocolName_MovieN_to_matlab_run_id+selected_run_id_mat_present	Movie2_AP		0.937	0.0	196.821333
/home/alexrees/scratch/bids	sub-003	ses-01	run-05	sub-003/ses-01/func/sub-003_ses-01_task-movie_run-05_bold.nii.gz	sub-003/ses-01/func/sub-003_ses-01_task-movie_run-05_events.tsv	WRITTEN	Movie1B.mp4	right	Movie3	3	HIGH	ProtocolName_MovieN_to_matlab_run_id+selected_run_id_mat_present	Movie3_AP		0.937	0.0	196.821333
/home/alexrees/scratch/bids	sub-003	ses-01	run-07	sub-003/ses-01/func/sub-003_ses-01_task-movie_run-07_bold.nii.gz	sub-003/ses-01/func/sub-003_ses-01_task-movie_run-07_events.tsv	WRITTEN	Movie2B.mp4	left	Movie4	4	HIGH	ProtocolName_MovieN_to_matlab_run_id+selected_run_id_mat_present	Movie4_AP		0.937	0.0	196.821333
/home/alexrees/scratch/bids	sub-003	ses-02	run-01	sub-003/ses-02/func/sub-003_ses-02_task-movie_run-01_bold.nii.gz	sub-003/ses-02/func/sub-003_ses-02_task-movie_run-01_events.tsv	WRITTEN	Movie1A.mp4	left	Movie1	1	HIGH	ProtocolName_MovieN_to_matlab_run_id+selected_run_id_mat_present	Movie1_AP		0.937	0.0	196.821333
/home/alexrees/scratch/bids	sub-003	ses-02	run-03	sub-003/ses-02/func/sub-003_ses-02_task-movie_run-03_bold.nii.gz	sub-003/ses-02/func/sub-003_ses-02_task-movie_run-03_events.tsv	WRITTEN	Movie2A.mp4	right	Movie2	2	HIGH	ProtocolName_MovieN_to_matlab_run_id+selected_run_id_mat_present	Movie2_AP		0.937	0.0	196.821333
/home/alexrees/scratch/bids	sub-003	ses-02	run-05	sub-003/ses-02/func/sub-003_ses-02_task-movie_run-05_bold.nii.gz	sub-003/ses-02/func/sub-003_ses-02_task-movie_run-05_events.tsv	WRITTEN	Movie1B.mp4	right	Movie3	3	HIGH	ProtocolName_MovieN_to_matlab_run_id+selected_run_id_mat_present	Movie3_AP		0.937	0.0	196.821333
/home/alexrees/scratch/bids	sub-003	ses-02	run-07	sub-003/ses-02/func/sub-003_ses-02_task-movie_run-07_bold.nii.gz	sub-003/ses-02/func/sub-003_ses-02_task-movie_run-07_events.tsv	WRITTEN	Movie2B.mp4	left	Movie4	4	HIGH	ProtocolName_MovieN_to_matlab_run_id+selected_run_id_mat_present	Movie4_AP		0.937	0.0	196.821333
/home/alexrees/scratch/bids	sub-004	ses-01	run-01	sub-004/ses-01/func/sub-004_ses-01_task-movie_run-01_bold.nii.gz	sub-004/ses-01/func/sub-004_ses-01_task-movie_run-01_events.tsv	WRITTEN	Movie1A.mp4	left	Movie1	1	HIGH	ProtocolName_MovieN_to_matlab_run_id+selected_run_id_mat_present	Movie1_AP		0.937	0.0	196.821333
/home/alexrees/scratch/bids	sub-004	ses-01	run-03	sub-004/ses-01/func/sub-004_ses-01_task-movie_run-03_bold.nii.gz	sub-004/ses-01/func/sub-004_ses-01_task-movie_run-03_events.tsv	WRITTEN	Movie2A.mp4	right	Movie2	2	HIGH	ProtocolName_MovieN_to_matlab_run_id+selected_run_id_mat_present	Movie2_AP		0.937	0.0	196.821333
/home/alexrees/scratch/bids	sub-004	ses-01	run-05	sub-004/ses-01/func/sub-004_ses-01_task-movie_run-05_bold.nii.gz	sub-004/ses-01/func/sub-004_ses-01_task-movie_run-05_events.tsv	WRITTEN	Movie1B.mp4	right	Movie3	3	HIGH	ProtocolName_MovieN_to_matlab_run_id+selected_run_id_mat_present	Movie3_AP		0.937	0.0	196.821333
/home/alexrees/scratch/bids	sub-004	ses-01	run-07	sub-004/ses-01/func/sub-004_ses-01_task-movie_run-07_bold.nii.gz	sub-004/ses-01/func/sub-004_ses-01_task-movie_run-07_events.tsv	WRITTEN	Movie2B.mp4	left	Movie4	4	HIGH	ProtocolName_MovieN_to_matlab_run_id+selected_run_id_mat_present	Movie4_AP		0.937	0.0	196.821333
/home/alexrees/scratch/bids	sub-004	ses-02	run-01	sub-004/ses-02/func/sub-004_ses-02_task-movie_run-01_bold.nii.gz	sub-004/ses-02/func/sub-004_ses-02_task-movie_run-01_events.tsv	WRITTEN	Movie1A.mp4	left	Movie1	1	HIGH	ProtocolName_MovieN_to_matlab_run_id	Movie1_AP		0.937	0.0	196.821333
/home/alexrees/scratch/bids	sub-004	ses-02	run-03	sub-004/ses-02/func/sub-004_ses-02_task-movie_run-03_bold.nii.gz	sub-004/ses-02/func/sub-004_ses-02_task-movie_run-03_events.tsv	WRITTEN	Movie2A.mp4	right	Movie2	2	HIGH	ProtocolName_MovieN_to_matlab_run_id	Movie2_AP		0.937	0.0	196.821333
/home/alexrees/scratch/bids	sub-004	ses-02	run-05	sub-004/ses-02/func/sub-004_ses-02_task-movie_run-05_bold.nii.gz	sub-004/ses-02/func/sub-004_ses-02_task-movie_run-05_events.tsv	WRITTEN	Movie1B.mp4	right	Movie3	3	HIGH	ProtocolName_MovieN_to_matlab_run_id	Movie3_AP		0.937	0.0	196.821333
/home/alexrees/scratch/bids	sub-004	ses-02	run-07	sub-004/ses-02/func/sub-004_ses-02_task-movie_run-07_bold.nii.gz	sub-004/ses-02/func/sub-004_ses-02_task-movie_run-07_events.tsv	WRITTEN	Movie2B.mp4	left	Movie4	4	HIGH	ProtocolName_MovieN_to_matlab_run_id	Movie4_AP		0.937	0.0	196.821333
/home/alexrees/scratch/bids	sub-005	ses-01	run-01	sub-005/ses-01/func/sub-005_ses-01_task-movie_run-01_bold.nii.gz	sub-005/ses-01/func/sub-005_ses-01_task-movie_run-01_events.tsv	WRITTEN	Movie1A.mp4	left	Movie1	1	HIGH	ProtocolName_MovieN_to_matlab_run_id+selected_run_id_mat_present	Movie1_AP		0.937	0.0	196.821333
/home/alexrees/scratch/bids	sub-005	ses-01	run-03	sub-005/ses-01/func/sub-005_ses-01_task-movie_run-03_bold.nii.gz	sub-005/ses-01/func/sub-005_ses-01_task-movie_run-03_events.tsv	WRITTEN	Movie2A.mp4	right	Movie2	2	HIGH	ProtocolName_MovieN_to_matlab_run_id+selected_run_id_mat_present	Movie2_AP		0.937	0.0	196.821333
/home/alexrees/scratch/bids	sub-005	ses-01	run-05	sub-005/ses-01/func/sub-005_ses-01_task-movie_run-05_bold.nii.gz	sub-005/ses-01/func/sub-005_ses-01_task-movie_run-05_events.tsv	WRITTEN	Movie1B.mp4	right	Movie3	3	HIGH	ProtocolName_MovieN_to_matlab_run_id+selected_run_id_mat_present	Movie3_AP		0.937	0.0	196.821333
/home/alexrees/scratch/bids	sub-005	ses-01	run-07	sub-005/ses-01/func/sub-005_ses-01_task-movie_run-07_bold.nii.gz	sub-005/ses-01/func/sub-005_ses-01_task-movie_run-07_events.tsv	WRITTEN	Movie2B.mp4	left	Movie4	4	HIGH	ProtocolName_MovieN_to_matlab_run_id+selected_run_id_mat_present	Movie4_AP		0.937	0.0	196.821333
/home/alexrees/scratch/bids	sub-005	ses-02	run-01	sub-005/ses-02/func/sub-005_ses-02_task-movie_run-01_bold.nii.gz	sub-005/ses-02/func/sub-005_ses-02_task-movie_run-01_events.tsv	WRITTEN	Movie1A.mp4	left	Movie1	1	HIGH	ProtocolName_MovieN_to_matlab_run_id+selected_run_id_mat_present	Movie1_AP		0.937	0.0	196.821333
/home/alexrees/scratch/bids	sub-005	ses-02	run-03	sub-005/ses-02/func/sub-005_ses-02_task-movie_run-03_bold.nii.gz	sub-005/ses-02/func/sub-005_ses-02_task-movie_run-03_events.tsv	WRITTEN	Movie2A.mp4	right	Movie2	2	HIGH	ProtocolName_MovieN_to_matlab_run_id+selected_run_id_mat_present	Movie2_AP		0.937	0.0	196.821333
/home/alexrees/scratch/bids	sub-005	ses-02	run-05	sub-005/ses-02/func/sub-005_ses-02_task-movie_run-05_bold.nii.gz	sub-005/ses-02/func/sub-005_ses-02_task-movie_run-05_events.tsv	WRITTEN	Movie1B.mp4	right	Movie3	3	HIGH	ProtocolName_MovieN_to_matlab_run_id+selected_run_id_mat_present	Movie3_AP		0.937	0.0	196.821333
/home/alexrees/scratch/bids	sub-005	ses-02	run-07	sub-005/ses-02/func/sub-005_ses-02_task-movie_run-07_bold.nii.gz	sub-005/ses-02/func/sub-005_ses-02_task-movie_run-07_events.tsv	WRITTEN	Movie2B.mp4	left	Movie4	4	HIGH	ProtocolName_MovieN_to_matlab_run_id+selected_run_id_mat_present	Movie4_AP		0.937	0.0	196.821333
/home/alexrees/scratch/bids	sub-006	ses-01	run-01	sub-006/ses-01/func/sub-006_ses-01_task-movie_run-01_bold.nii.gz	sub-006/ses-01/func/sub-006_ses-01_task-movie_run-01_events.tsv	WRITTEN	Movie1A.mp4	left	Movie1	1	HIGH	ProtocolName_MovieN_to_matlab_run_id+selected_run_id_mat_present	Movie1_AP		0.937	0.0	196.821333
/home/alexrees/scratch/bids	sub-006	ses-01	run-03	sub-006/ses-01/func/sub-006_ses-01_task-movie_run-03_bold.nii.gz	sub-006/ses-01/func/sub-006_ses-01_task-movie_run-03_events.tsv	WRITTEN	Movie2A.mp4	right	Movie2	2	HIGH	ProtocolName_MovieN_to_matlab_run_id+selected_run_id_mat_present	Movie2_AP		0.937	0.0	196.821333
/home/alexrees/scratch/bids	sub-006	ses-01	run-05	sub-006/ses-01/func/sub-006_ses-01_task-movie_run-05_bold.nii.gz	sub-006/ses-01/func/sub-006_ses-01_task-movie_run-05_events.tsv	WRITTEN	Movie1B.mp4	right	Movie3	3	HIGH	ProtocolName_MovieN_to_matlab_run_id+selected_run_id_mat_present	Movie3_AP		0.937	0.0	196.821333
/home/alexrees/scratch/bids	sub-006	ses-01	run-07	sub-006/ses-01/func/sub-006_ses-01_task-movie_run-07_bold.nii.gz	sub-006/ses-01/func/sub-006_ses-01_task-movie_run-07_events.tsv	WRITTEN	Movie2B.mp4	left	Movie4	4	HIGH	ProtocolName_MovieN_to_matlab_run_id+selected_run_id_mat_present	Movie4_AP		0.937	0.0	196.821333
/home/alexrees/scratch/bids	sub-006	ses-02	run-01	sub-006/ses-02/func/sub-006_ses-02_task-movie_run-01_bold.nii.gz	sub-006/ses-02/func/sub-006_ses-02_task-movie_run-01_events.tsv	WRITTEN	Movie1A.mp4	left	Movie1	1	HIGH	ProtocolName_MovieN_to_matlab_run_id+selected_run_id_mat_present	Movie1_AP		0.937	0.0	196.821333
/home/alexrees/scratch/bids	sub-006	ses-02	run-03	sub-006/ses-02/func/sub-006_ses-02_task-movie_run-03_bold.nii.gz	sub-006/ses-02/func/sub-006_ses-02_task-movie_run-03_events.tsv	WRITTEN	Movie2A.mp4	right	Movie2	2	HIGH	ProtocolName_MovieN_to_matlab_run_id+selected_run_id_mat_present	Movie2_AP		0.937	0.0	196.821333
/home/alexrees/scratch/bids	sub-006	ses-02	run-05	sub-006/ses-02/func/sub-006_ses-02_task-movie_run-05_bold.nii.gz	sub-006/ses-02/func/sub-006_ses-02_task-movie_run-05_events.tsv	WRITTEN	Movie1B.mp4	right	Movie3	3	HIGH	ProtocolName_MovieN_to_matlab_run_id+selected_run_id_mat_present	Movie3_AP		0.937	0.0	196.821333
/home/alexrees/scratch/bids	sub-006	ses-02	run-07	sub-006/ses-02/func/sub-006_ses-02_task-movie_run-07_bold.nii.gz	sub-006/ses-02/func/sub-006_ses-02_task-movie_run-07_events.tsv	WRITTEN	Movie2B.mp4	left	Movie4	4	HIGH	ProtocolName_MovieN_to_matlab_run_id+selected_run_id_mat_present	Movie4_AP		0.937	0.0	196.821333
/home/alexrees/scratch/bids	sub-007	ses-01	run-01	sub-007/ses-01/func/sub-007_ses-01_task-movie_run-01_bold.nii.gz	sub-007/ses-01/func/sub-007_ses-01_task-movie_run-01_events.tsv	WRITTEN	Movie1A.mp4	left	Movie1	1	HIGH	ProtocolName_MovieN_to_matlab_run_id+selected_run_id_mat_present	Movie1_AP		0.937	0.0	196.821333
/home/alexrees/scratch/bids	sub-007	ses-01	run-03	sub-007/ses-01/func/sub-007_ses-01_task-movie_run-03_bold.nii.gz	sub-007/ses-01/func/sub-007_ses-01_task-movie_run-03_events.tsv	WRITTEN	Movie2A.mp4	right	Movie2	2	HIGH	ProtocolName_MovieN_to_matlab_run_id+selected_run_id_mat_present	Movie2_AP		0.937	0.0	196.821333
/home/alexrees/scratch/bids	sub-007	ses-01	run-05	sub-007/ses-01/func/sub-007_ses-01_task-movie_run-05_bold.nii.gz	sub-007/ses-01/func/sub-007_ses-01_task-movie_run-05_events.tsv	WRITTEN	Movie1B.mp4	right	Movie3	3	HIGH	ProtocolName_MovieN_to_matlab_run_id+selected_run_id_mat_present	Movie3_AP		0.937	0.0	196.821333
/home/alexrees/scratch/bids	sub-007	ses-01	run-07	sub-007/ses-01/func/sub-007_ses-01_task-movie_run-07_bold.nii.gz	sub-007/ses-01/func/sub-007_ses-01_task-movie_run-07_events.tsv	WRITTEN	Movie2B.mp4	left	Movie4	4	MEDIUM	ProtocolName_MovieN_fallback_unassigned_or_ambiguous	Movie4_AP		0.937	0.0	196.821333
/home/alexrees/scratch/bids	sub-007	ses-01	run-09	sub-007/ses-01/func/sub-007_ses-01_task-movie_run-09_bold.nii.gz	sub-007/ses-01/func/sub-007_ses-01_task-movie_run-09_events.tsv	WRITTEN	Movie2B.mp4	left	Movie4	4	MEDIUM	ProtocolName_MovieN_fallback_unassigned_or_ambiguous	Movie4_AP_redo_cuz_gogle_moved		0.937	0.0	196.821333
/home/alexrees/scratch/bids	sub-007	ses-02	run-01	sub-007/ses-02/func/sub-007_ses-02_task-movie_run-01_bold.nii.gz	sub-007/ses-02/func/sub-007_ses-02_task-movie_run-01_events.tsv	WRITTEN	Movie1A.mp4	left	Movie1	1	HIGH	ProtocolName_MovieN_to_matlab_run_id+selected_run_id_mat_present	Movie1_AP		0.937	0.0	196.821333
/home/alexrees/scratch/bids	sub-007	ses-02	run-03	sub-007/ses-02/func/sub-007_ses-02_task-movie_run-03_bold.nii.gz	sub-007/ses-02/func/sub-007_ses-02_task-movie_run-03_events.tsv	WRITTEN	Movie2A.mp4	right	Movie2	2	HIGH	ProtocolName_MovieN_to_matlab_run_id+selected_run_id_mat_present	Movie2_AP		0.937	0.0	196.821333
/home/alexrees/scratch/bids	sub-007	ses-02	run-05	sub-007/ses-02/func/sub-007_ses-02_task-movie_run-05_bold.nii.gz	sub-007/ses-02/func/sub-007_ses-02_task-movie_run-05_events.tsv	WRITTEN	Movie1B.mp4	right	Movie3	3	HIGH	ProtocolName_MovieN_to_matlab_run_id+selected_run_id_mat_present	Movie3_AP		0.937	0.0	196.821333
/home/alexrees/scratch/bids	sub-007	ses-02	run-07	sub-007/ses-02/func/sub-007_ses-02_task-movie_run-07_bold.nii.gz	sub-007/ses-02/func/sub-007_ses-02_task-movie_run-07_events.tsv	WRITTEN	Movie2B.mp4	left	Movie4	4	HIGH	ProtocolName_MovieN_to_matlab_run_id+selected_run_id_mat_present	Movie4_AP		0.937	0.0	196.821333
/home/alexrees/scratch/bids	sub-008	ses-01	run-01	sub-008/ses-01/func/sub-008_ses-01_task-movie_run-01_bold.nii.gz	sub-008/ses-01/func/sub-008_ses-01_task-movie_run-01_events.tsv	WRITTEN	Movie1A.mp4	left	Movie1	1	HIGH	ProtocolName_MovieN_to_matlab_run_id+selected_run_id_mat_present	Movie1_AP		0.937	0.0	196.821333
/home/alexrees/scratch/bids	sub-008	ses-01	run-03	sub-008/ses-01/func/sub-008_ses-01_task-movie_run-03_bold.nii.gz	sub-008/ses-01/func/sub-008_ses-01_task-movie_run-03_events.tsv	WRITTEN	Movie2A.mp4	right	Movie2	2	HIGH	ProtocolName_MovieN_to_matlab_run_id+selected_run_id_mat_present	Movie2_AP		0.937	0.0	196.821333
/home/alexrees/scratch/bids	sub-008	ses-01	run-05	sub-008/ses-01/func/sub-008_ses-01_task-movie_run-05_bold.nii.gz	sub-008/ses-01/func/sub-008_ses-01_task-movie_run-05_events.tsv	WRITTEN	Movie1B.mp4	right	Movie3	3	HIGH	ProtocolName_MovieN_to_matlab_run_id+selected_run_id_mat_present	Movie3_AP		0.937	0.0	196.821333
/home/alexrees/scratch/bids	sub-008	ses-01	run-07	sub-008/ses-01/func/sub-008_ses-01_task-movie_run-07_bold.nii.gz	sub-008/ses-01/func/sub-008_ses-01_task-movie_run-07_events.tsv	WRITTEN	Movie2B.mp4	left	Movie4	4	HIGH	ProtocolName_MovieN_to_matlab_run_id+selected_run_id_mat_present	Movie4_AP		0.937	0.0	196.821333
/home/alexrees/scratch/bids	sub-008	ses-02	run-01	sub-008/ses-02/func/sub-008_ses-02_task-movie_run-01_bold.nii.gz	sub-008/ses-02/func/sub-008_ses-02_task-movie_run-01_events.tsv	WRITTEN	Movie1A.mp4	left	Movie1	1	HIGH	ProtocolName_MovieN_to_matlab_run_id+selected_run_id_mat_present	Movie1_AP		0.937	0.0	196.821333
/home/alexrees/scratch/bids	sub-008	ses-02	run-03	sub-008/ses-02/func/sub-008_ses-02_task-movie_run-03_bold.nii.gz	sub-008/ses-02/func/sub-008_ses-02_task-movie_run-03_events.tsv	WRITTEN	Movie2A.mp4	right	Movie2	2	HIGH	ProtocolName_MovieN_to_matlab_run_id+selected_run_id_mat_present	Movie2_AP		0.937	0.0	196.821333
/home/alexrees/scratch/bids	sub-008	ses-02	run-05	sub-008/ses-02/func/sub-008_ses-02_task-movie_run-05_bold.nii.gz	sub-008/ses-02/func/sub-008_ses-02_task-movie_run-05_events.tsv	WRITTEN	Movie1B.mp4	right	Movie3	3	HIGH	ProtocolName_MovieN_to_matlab_run_id+selected_run_id_mat_present	Movie3_AP		0.937	0.0	196.821333
/home/alexrees/scratch/bids	sub-008	ses-02	run-07	sub-008/ses-02/func/sub-008_ses-02_task-movie_run-07_bold.nii.gz	sub-008/ses-02/func/sub-008_ses-02_task-movie_run-07_events.tsv	WRITTEN	Movie2B.mp4	left	Movie4	4	HIGH	ProtocolName_MovieN_to_matlab_run_id+selected_run_id_mat_present	Movie4_AP		0.937	0.0	196.821333
/home/alexrees/scratch/bids	sub-009	ses-01	run-01	sub-009/ses-01/func/sub-009_ses-01_task-movie_run-01_bold.nii.gz	sub-009/ses-01/func/sub-009_ses-01_task-movie_run-01_events.tsv	WRITTEN	Movie1A.mp4	left	Movie1	1	HIGH	ProtocolName_MovieN_to_matlab_run_id+selected_run_id_mat_present	Movie1_AP		0.937	0.0	196.821333
/home/alexrees/scratch/bids	sub-009	ses-01	run-03	sub-009/ses-01/func/sub-009_ses-01_task-movie_run-03_bold.nii.gz	sub-009/ses-01/func/sub-009_ses-01_task-movie_run-03_events.tsv	WRITTEN	Movie2A.mp4	right	Movie2	2	HIGH	ProtocolName_MovieN_to_matlab_run_id+selected_run_id_mat_present	Movie2_AP		0.937	0.0	196.821333
/home/alexrees/scratch/bids	sub-009	ses-01	run-05	sub-009/ses-01/func/sub-009_ses-01_task-movie_run-05_bold.nii.gz	sub-009/ses-01/func/sub-009_ses-01_task-movie_run-05_events.tsv	WRITTEN	Movie1B.mp4	right	Movie3	3	HIGH	ProtocolName_MovieN_to_matlab_run_id+selected_run_id_mat_present	Movie3_AP		0.937	0.0	196.821333
/home/alexrees/scratch/bids	sub-009	ses-01	run-07	sub-009/ses-01/func/sub-009_ses-01_task-movie_run-07_bold.nii.gz	sub-009/ses-01/func/sub-009_ses-01_task-movie_run-07_events.tsv	WRITTEN	Movie2B.mp4	left	Movie4	4	HIGH	ProtocolName_MovieN_to_matlab_run_id+selected_run_id_mat_present	Movie4_AP		0.937	0.0	196.821333
/home/alexrees/scratch/bids	sub-009	ses-02	run-01	sub-009/ses-02/func/sub-009_ses-02_task-movie_run-01_bold.nii.gz	sub-009/ses-02/func/sub-009_ses-02_task-movie_run-01_events.tsv	WRITTEN	Movie1A.mp4	left	Movie1	1	HIGH	ProtocolName_MovieN_to_matlab_run_id+selected_run_id_mat_present	Movie1_AP		0.937	0.0	196.821333
/home/alexrees/scratch/bids	sub-009	ses-02	run-03	sub-009/ses-02/func/sub-009_ses-02_task-movie_run-03_bold.nii.gz	sub-009/ses-02/func/sub-009_ses-02_task-movie_run-03_events.tsv	WRITTEN	Movie2A.mp4	right	Movie2	2	HIGH	ProtocolName_MovieN_to_matlab_run_id+selected_run_id_mat_present	Movie2_AP		0.937	0.0	196.821333
/home/alexrees/scratch/bids	sub-009	ses-02	run-05	sub-009/ses-02/func/sub-009_ses-02_task-movie_run-05_bold.nii.gz	sub-009/ses-02/func/sub-009_ses-02_task-movie_run-05_events.tsv	WRITTEN	Movie1B.mp4	right	Movie3	3	HIGH	ProtocolName_MovieN_to_matlab_run_id+selected_run_id_mat_present	Movie3_AP		0.937	0.0	196.821333
/home/alexrees/scratch/bids	sub-009	ses-02	run-07	sub-009/ses-02/func/sub-009_ses-02_task-movie_run-07_bold.nii.gz	sub-009/ses-02/func/sub-009_ses-02_task-movie_run-07_events.tsv	WRITTEN	Movie2B.mp4	left	Movie4	4	HIGH	ProtocolName_MovieN_to_matlab_run_id+selected_run_id_mat_present	Movie4_AP		0.937	0.0	196.821333
/home/alexrees/scratch/bids	sub-010	ses-01	run-01	sub-010/ses-01/func/sub-010_ses-01_task-movie_run-01_bold.nii.gz	sub-010/ses-01/func/sub-010_ses-01_task-movie_run-01_events.tsv	WRITTEN	Movie1A.mp4	left	Movie1	1	MEDIUM	ProtocolName_MovieN_fallback_unassigned_or_ambiguous	Movie1_AP		0.937	0.0	196.821333
/home/alexrees/scratch/bids	sub-010	ses-01	run-03	sub-010/ses-01/func/sub-010_ses-01_task-movie_run-03_bold.nii.gz	sub-010/ses-01/func/sub-010_ses-01_task-movie_run-03_events.tsv	WRITTEN	Movie1A.mp4	left	Movie1	1	MEDIUM	ProtocolName_MovieN_fallback_unassigned_or_ambiguous	Movie1_AP		0.937	0.0	196.821333
/home/alexrees/scratch/bids	sub-011	ses-01	run-01	sub-011/ses-01/func/sub-011_ses-01_task-movie_run-01_bold.nii.gz	sub-011/ses-01/func/sub-011_ses-01_task-movie_run-01_events.tsv	WRITTEN	Movie1A.mp4	left	Movie1	1	HIGH	ProtocolName_MovieN_to_matlab_run_id+selected_run_id_mat_present	Movie1_AP		0.937	0.0	196.821333
/home/alexrees/scratch/bids	sub-011	ses-01	run-03	sub-011/ses-01/func/sub-011_ses-01_task-movie_run-03_bold.nii.gz	sub-011/ses-01/func/sub-011_ses-01_task-movie_run-03_events.tsv	WRITTEN	Movie2A.mp4	right	Movie2	2	HIGH	ProtocolName_MovieN_to_matlab_run_id+selected_run_id_mat_present	Movie2_AP		0.937	0.0	196.821333
/home/alexrees/scratch/bids	sub-011	ses-01	run-05	sub-011/ses-01/func/sub-011_ses-01_task-movie_run-05_bold.nii.gz	sub-011/ses-01/func/sub-011_ses-01_task-movie_run-05_events.tsv	WRITTEN	Movie1B.mp4	right	Movie3	3	HIGH	ProtocolName_MovieN_to_matlab_run_id+selected_run_id_mat_present	Movie3_AP		0.937	0.0	196.821333
/home/alexrees/scratch/bids	sub-011	ses-01	run-07	sub-011/ses-01/func/sub-011_ses-01_task-movie_run-07_bold.nii.gz	sub-011/ses-01/func/sub-011_ses-01_task-movie_run-07_events.tsv	WRITTEN	Movie2B.mp4	left	Movie4	4	HIGH	ProtocolName_MovieN_to_matlab_run_id+selected_run_id_mat_present	Movie4_AP		0.937	0.0	196.821333
/home/alexrees/scratch/bids	sub-011	ses-02	run-01	sub-011/ses-02/func/sub-011_ses-02_task-movie_run-01_bold.nii.gz	sub-011/ses-02/func/sub-011_ses-02_task-movie_run-01_events.tsv	WRITTEN	Movie1A.mp4	left	Movie1	1	HIGH	ProtocolName_MovieN_to_matlab_run_id+selected_run_id_mat_present	Movie1_AP		0.937	0.0	196.821333
/home/alexrees/scratch/bids	sub-011	ses-02	run-03	sub-011/ses-02/func/sub-011_ses-02_task-movie_run-03_bold.nii.gz	sub-011/ses-02/func/sub-011_ses-02_task-movie_run-03_events.tsv	WRITTEN	Movie2A.mp4	right	Movie2	2	HIGH	ProtocolName_MovieN_to_matlab_run_id+selected_run_id_mat_present	Movie2_AP		0.937	0.0	196.821333
/home/alexrees/scratch/bids	sub-011	ses-02	run-05	sub-011/ses-02/func/sub-011_ses-02_task-movie_run-05_bold.nii.gz	sub-011/ses-02/func/sub-011_ses-02_task-movie_run-05_events.tsv	WRITTEN	Movie1B.mp4	right	Movie3	3	HIGH	ProtocolName_MovieN_to_matlab_run_id+selected_run_id_mat_present	Movie3_AP		0.937	0.0	196.821333
/home/alexrees/scratch/bids	sub-011	ses-02	run-07	sub-011/ses-02/func/sub-011_ses-02_task-movie_run-07_bold.nii.gz	sub-011/ses-02/func/sub-011_ses-02_task-movie_run-07_events.tsv	WRITTEN	Movie2B.mp4	left	Movie4	4	HIGH	ProtocolName_MovieN_to_matlab_run_id+selected_run_id_mat_present	Movie4_AP		0.937	0.0	196.821333
/home/alexrees/scratch/bids	sub-012	ses-01	run-01	sub-012/ses-01/func/sub-012_ses-01_task-movie_run-01_bold.nii.gz	sub-012/ses-01/func/sub-012_ses-01_task-movie_run-01_events.tsv	WRITTEN	Movie1A.mp4	left	Movie1	1	HIGH	ProtocolName_MovieN_to_matlab_run_id+selected_run_id_mat_present	Movie1_AP		0.937	0.0	196.821333
/home/alexrees/scratch/bids	sub-012	ses-01	run-03	sub-012/ses-01/func/sub-012_ses-01_task-movie_run-03_bold.nii.gz	sub-012/ses-01/func/sub-012_ses-01_task-movie_run-03_events.tsv	WRITTEN	Movie2A.mp4	right	Movie2	2	HIGH	ProtocolName_MovieN_to_matlab_run_id+selected_run_id_mat_present	Movie2_AP		0.937	0.0	196.821333
/home/alexrees/scratch/bids	sub-012	ses-01	run-05	sub-012/ses-01/func/sub-012_ses-01_task-movie_run-05_bold.nii.gz	sub-012/ses-01/func/sub-012_ses-01_task-movie_run-05_events.tsv	WRITTEN	Movie1B.mp4	right	Movie3	3	HIGH	ProtocolName_MovieN_to_matlab_run_id+selected_run_id_mat_present	Movie3_AP		0.937	0.0	196.821333
/home/alexrees/scratch/bids	sub-012	ses-01	run-07	sub-012/ses-01/func/sub-012_ses-01_task-movie_run-07_bold.nii.gz	sub-012/ses-01/func/sub-012_ses-01_task-movie_run-07_events.tsv	WRITTEN	Movie2B.mp4	left	Movie4	4	HIGH	ProtocolName_MovieN_to_matlab_run_id+selected_run_id_mat_present	Movie4_AP		0.937	0.0	196.821333
/home/alexrees/scratch/bids	sub-012	ses-02	run-01	sub-012/ses-02/func/sub-012_ses-02_task-movie_run-01_bold.nii.gz	sub-012/ses-02/func/sub-012_ses-02_task-movie_run-01_events.tsv	WRITTEN	Movie1A.mp4	left	Movie1	1	HIGH	ProtocolName_MovieN_to_matlab_run_id+selected_run_id_mat_present	Movie1_AP		0.937	0.0	196.821333
/home/alexrees/scratch/bids	sub-012	ses-02	run-03	sub-012/ses-02/func/sub-012_ses-02_task-movie_run-03_bold.nii.gz	sub-012/ses-02/func/sub-012_ses-02_task-movie_run-03_events.tsv	WRITTEN	Movie2A.mp4	right	Movie2	2	HIGH	ProtocolName_MovieN_to_matlab_run_id+selected_run_id_mat_present	Movie2_AP		0.937	0.0	196.821333
/home/alexrees/scratch/bids	sub-012	ses-02	run-05	sub-012/ses-02/func/sub-012_ses-02_task-movie_run-05_bold.nii.gz	sub-012/ses-02/func/sub-012_ses-02_task-movie_run-05_events.tsv	WRITTEN	Movie1B.mp4	right	Movie3	3	HIGH	ProtocolName_MovieN_to_matlab_run_id+selected_run_id_mat_present	Movie3_AP		0.937	0.0	196.821333
/home/alexrees/scratch/bids	sub-012	ses-02	run-07	sub-012/ses-02/func/sub-012_ses-02_task-movie_run-07_bold.nii.gz	sub-012/ses-02/func/sub-012_ses-02_task-movie_run-07_events.tsv	WRITTEN	Movie2B.mp4	left	Movie4	4	HIGH	ProtocolName_MovieN_to_matlab_run_id+selected_run_id_mat_present	Movie4_AP		0.937	0.0	196.821333
/home/alexrees/scratch/bids	sub-013	ses-01	run-01	sub-013/ses-01/func/sub-013_ses-01_task-movie_run-01_bold.nii.gz	sub-013/ses-01/func/sub-013_ses-01_task-movie_run-01_events.tsv	WRITTEN	Movie1A.mp4	left	Movie1	1	HIGH	ProtocolName_MovieN_to_matlab_run_id+selected_run_id_mat_present	Movie1_AP		0.937	0.0	196.821333
/home/alexrees/scratch/bids	sub-013	ses-01	run-03	sub-013/ses-01/func/sub-013_ses-01_task-movie_run-03_bold.nii.gz	sub-013/ses-01/func/sub-013_ses-01_task-movie_run-03_events.tsv	WRITTEN	Movie2A.mp4	right	Movie2	2	HIGH	ProtocolName_MovieN_to_matlab_run_id+selected_run_id_mat_present	Movie2_AP		0.937	0.0	196.821333
/home/alexrees/scratch/bids	sub-013	ses-01	run-05	sub-013/ses-01/func/sub-013_ses-01_task-movie_run-05_bold.nii.gz	sub-013/ses-01/func/sub-013_ses-01_task-movie_run-05_events.tsv	WRITTEN	Movie1B.mp4	right	Movie3	3	HIGH	ProtocolName_MovieN_to_matlab_run_id+selected_run_id_mat_present	Movie3_AP		0.937	0.0	196.821333
/home/alexrees/scratch/bids	sub-013	ses-01	run-07	sub-013/ses-01/func/sub-013_ses-01_task-movie_run-07_bold.nii.gz	sub-013/ses-01/func/sub-013_ses-01_task-movie_run-07_events.tsv	WRITTEN	Movie2B.mp4	left	Movie4	4	HIGH	ProtocolName_MovieN_to_matlab_run_id+selected_run_id_mat_present	Movie4_AP		0.937	0.0	196.821333
/home/alexrees/scratch/bids	sub-014	ses-01	run-01	sub-014/ses-01/func/sub-014_ses-01_task-movie_run-01_bold.nii.gz	sub-014/ses-01/func/sub-014_ses-01_task-movie_run-01_events.tsv	WRITTEN	Movie1A.mp4	left	Movie1	1	HIGH	ProtocolName_MovieN_to_matlab_run_id+selected_run_id_mat_present	Movie1_AP		0.937	0.0	196.821333
/home/alexrees/scratch/bids	sub-014	ses-01	run-03	sub-014/ses-01/func/sub-014_ses-01_task-movie_run-03_bold.nii.gz	sub-014/ses-01/func/sub-014_ses-01_task-movie_run-03_events.tsv	WRITTEN	Movie2A.mp4	right	Movie2	2	HIGH	ProtocolName_MovieN_to_matlab_run_id+selected_run_id_mat_present	Movie2_AP		0.937	0.0	196.821333
/home/alexrees/scratch/bids	sub-014	ses-01	run-05	sub-014/ses-01/func/sub-014_ses-01_task-movie_run-05_bold.nii.gz	sub-014/ses-01/func/sub-014_ses-01_task-movie_run-05_events.tsv	WRITTEN	Movie1B.mp4	right	Movie3	3	HIGH	ProtocolName_MovieN_to_matlab_run_id+selected_run_id_mat_present	Movie3_AP		0.937	0.0	196.821333
/home/alexrees/scratch/bids	sub-014	ses-01	run-07	sub-014/ses-01/func/sub-014_ses-01_task-movie_run-07_bold.nii.gz	sub-014/ses-01/func/sub-014_ses-01_task-movie_run-07_events.tsv	WRITTEN	Movie2B.mp4	left	Movie4	4	HIGH	ProtocolName_MovieN_to_matlab_run_id+selected_run_id_mat_present	Movie4_AP		0.937	0.0	196.821333
/home/alexrees/scratch/bids	sub-015	ses-01	run-01	sub-015/ses-01/func/sub-015_ses-01_task-movie_run-01_bold.nii.gz	sub-015/ses-01/func/sub-015_ses-01_task-movie_run-01_events.tsv	WRITTEN	Movie1A.mp4	left	Movie1	1	HIGH	ProtocolName_MovieN_to_matlab_run_id+selected_run_id_mat_present	Movie1_AP		0.937	0.0	196.821333
/home/alexrees/scratch/bids	sub-015	ses-01	run-03	sub-015/ses-01/func/sub-015_ses-01_task-movie_run-03_bold.nii.gz	sub-015/ses-01/func/sub-015_ses-01_task-movie_run-03_events.tsv	WRITTEN	Movie2A.mp4	right	Movie2	2	HIGH	ProtocolName_MovieN_to_matlab_run_id+selected_run_id_mat_present	Movie2_AP		0.937	0.0	196.821333
/home/alexrees/scratch/bids	sub-015	ses-01	run-05	sub-015/ses-01/func/sub-015_ses-01_task-movie_run-05_bold.nii.gz	sub-015/ses-01/func/sub-015_ses-01_task-movie_run-05_events.tsv	WRITTEN	Movie1B.mp4	right	Movie3	3	HIGH	ProtocolName_MovieN_to_matlab_run_id+selected_run_id_mat_present	Movie3_AP		0.937	0.0	196.821333
/home/alexrees/scratch/bids	sub-015	ses-01	run-07	sub-015/ses-01/func/sub-015_ses-01_task-movie_run-07_bold.nii.gz	sub-015/ses-01/func/sub-015_ses-01_task-movie_run-07_events.tsv	WRITTEN	Movie2B.mp4	left	Movie4	4	HIGH	ProtocolName_MovieN_to_matlab_run_id+selected_run_id_mat_present	Movie4_AP		0.937	0.0	196.821333
/home/alexrees/scratch/bids	sub-015	ses-02	run-01	sub-015/ses-02/func/sub-015_ses-02_task-movie_run-01_bold.nii.gz	sub-015/ses-02/func/sub-015_ses-02_task-movie_run-01_events.tsv	WRITTEN	Movie1A.mp4	left	Movie1	1	HIGH	ProtocolName_MovieN_to_matlab_run_id+selected_run_id_mat_present	Movie1_AP		0.937	0.0	196.821333
/home/alexrees/scratch/bids	sub-015	ses-02	run-03	sub-015/ses-02/func/sub-015_ses-02_task-movie_run-03_bold.nii.gz	sub-015/ses-02/func/sub-015_ses-02_task-movie_run-03_events.tsv	WRITTEN	Movie2A.mp4	right	Movie2	2	HIGH	ProtocolName_MovieN_to_matlab_run_id+selected_run_id_mat_present	Movie2_AP		0.937	0.0	196.821333
/home/alexrees/scratch/bids	sub-015	ses-02	run-05	sub-015/ses-02/func/sub-015_ses-02_task-movie_run-05_bold.nii.gz	sub-015/ses-02/func/sub-015_ses-02_task-movie_run-05_events.tsv	WRITTEN	Movie1B.mp4	right	Movie3	3	HIGH	ProtocolName_MovieN_to_matlab_run_id+selected_run_id_mat_present	Movie3_AP		0.937	0.0	196.821333
/home/alexrees/scratch/bids	sub-015	ses-02	run-07	sub-015/ses-02/func/sub-015_ses-02_task-movie_run-07_bold.nii.gz	sub-015/ses-02/func/sub-015_ses-02_task-movie_run-07_events.tsv	WRITTEN	Movie2B.mp4	left	Movie4	4	HIGH	ProtocolName_MovieN_to_matlab_run_id+selected_run_id_mat_present	Movie4_AP		0.937	0.0	196.821333
/home/alexrees/scratch/bids	sub-016	ses-01	run-01	sub-016/ses-01/func/sub-016_ses-01_task-movie_run-01_bold.nii.gz	sub-016/ses-01/func/sub-016_ses-01_task-movie_run-01_events.tsv	WRITTEN	Movie1A.mp4	left	Movie1	1	HIGH	ProtocolName_MovieN_to_matlab_run_id+selected_run_id_mat_present	Movie1_AP		0.937	0.0	196.821333
/home/alexrees/scratch/bids	sub-016	ses-01	run-03	sub-016/ses-01/func/sub-016_ses-01_task-movie_run-03_bold.nii.gz	sub-016/ses-01/func/sub-016_ses-01_task-movie_run-03_events.tsv	WRITTEN	Movie2A.mp4	right	Movie2	2	HIGH	ProtocolName_MovieN_to_matlab_run_id+selected_run_id_mat_present	Movie2_AP		0.937	0.0	196.821333
/home/alexrees/scratch/bids	sub-016	ses-01	run-05	sub-016/ses-01/func/sub-016_ses-01_task-movie_run-05_bold.nii.gz	sub-016/ses-01/func/sub-016_ses-01_task-movie_run-05_events.tsv	WRITTEN	Movie1B.mp4	right	Movie3	3	HIGH	ProtocolName_MovieN_to_matlab_run_id+selected_run_id_mat_present	Movie3_AP		0.937	0.0	196.821333
/home/alexrees/scratch/bids	sub-016	ses-01	run-07	sub-016/ses-01/func/sub-016_ses-01_task-movie_run-07_bold.nii.gz	sub-016/ses-01/func/sub-016_ses-01_task-movie_run-07_events.tsv	WRITTEN	Movie2B.mp4	left	Movie4	4	HIGH	ProtocolName_MovieN_to_matlab_run_id+selected_run_id_mat_present	Movie4_AP		0.937	0.0	196.821333
/home/alexrees/scratch/bids	sub-016	ses-02	run-01	sub-016/ses-02/func/sub-016_ses-02_task-movie_run-01_bold.nii.gz	sub-016/ses-02/func/sub-016_ses-02_task-movie_run-01_events.tsv	WRITTEN	Movie1A.mp4	left	Movie1	1	HIGH	ProtocolName_MovieN_to_matlab_run_id+selected_run_id_mat_present	Movie1_AP		0.937	0.0	196.821333
/home/alexrees/scratch/bids	sub-016	ses-02	run-03	sub-016/ses-02/func/sub-016_ses-02_task-movie_run-03_bold.nii.gz	sub-016/ses-02/func/sub-016_ses-02_task-movie_run-03_events.tsv	WRITTEN	Movie2A.mp4	right	Movie2	2	HIGH	ProtocolName_MovieN_to_matlab_run_id+selected_run_id_mat_present	Movie2_AP		0.937	0.0	196.821333
/home/alexrees/scratch/bids	sub-016	ses-02	run-05	sub-016/ses-02/func/sub-016_ses-02_task-movie_run-05_bold.nii.gz	sub-016/ses-02/func/sub-016_ses-02_task-movie_run-05_events.tsv	WRITTEN	Movie1B.mp4	right	Movie3	3	HIGH	ProtocolName_MovieN_to_matlab_run_id+selected_run_id_mat_present	Movie3_AP		0.937	0.0	196.821333
/home/alexrees/scratch/bids	sub-016	ses-02	run-07	sub-016/ses-02/func/sub-016_ses-02_task-movie_run-07_bold.nii.gz	sub-016/ses-02/func/sub-016_ses-02_task-movie_run-07_events.tsv	WRITTEN	Movie2B.mp4	left	Movie4	4	HIGH	ProtocolName_MovieN_to_matlab_run_id+selected_run_id_mat_present	Movie4_AP		0.937	0.0	196.821333
/home/alexrees/scratch/bids	sub-017	ses-01	run-01	sub-017/ses-01/func/sub-017_ses-01_task-movie_run-01_bold.nii.gz	sub-017/ses-01/func/sub-017_ses-01_task-movie_run-01_events.tsv	WRITTEN	Movie1A.mp4	left	Movie1	1	HIGH	ProtocolName_MovieN_to_matlab_run_id+selected_run_id_mat_present	Movie1_AP		0.937	0.0	196.821333
/home/alexrees/scratch/bids	sub-017	ses-01	run-03	sub-017/ses-01/func/sub-017_ses-01_task-movie_run-03_bold.nii.gz	sub-017/ses-01/func/sub-017_ses-01_task-movie_run-03_events.tsv	WRITTEN	Movie2A.mp4	right	Movie2	2	HIGH	ProtocolName_MovieN_to_matlab_run_id+selected_run_id_mat_present	Movie2_AP		0.937	0.0	196.821333
/home/alexrees/scratch/bids	sub-017	ses-01	run-05	sub-017/ses-01/func/sub-017_ses-01_task-movie_run-05_bold.nii.gz	sub-017/ses-01/func/sub-017_ses-01_task-movie_run-05_events.tsv	WRITTEN	Movie1B.mp4	right	Movie3	3	HIGH	ProtocolName_MovieN_to_matlab_run_id+selected_run_id_mat_present	Movie3_AP		0.937	0.0	196.821333
/home/alexrees/scratch/bids	sub-017	ses-01	run-07	sub-017/ses-01/func/sub-017_ses-01_task-movie_run-07_bold.nii.gz	sub-017/ses-01/func/sub-017_ses-01_task-movie_run-07_events.tsv	WRITTEN	Movie2B.mp4	left	Movie4	4	HIGH	ProtocolName_MovieN_to_matlab_run_id+selected_run_id_mat_present	Movie4_AP		0.937	0.0	196.821333
/home/alexrees/scratch/bids	sub-017	ses-02	run-01	sub-017/ses-02/func/sub-017_ses-02_task-movie_run-01_bold.nii.gz	sub-017/ses-02/func/sub-017_ses-02_task-movie_run-01_events.tsv	WRITTEN	Movie1A.mp4	left	Movie1	1	HIGH	ProtocolName_MovieN_to_matlab_run_id+selected_run_id_mat_present	Movie1_AP		0.937	0.0	196.821333
/home/alexrees/scratch/bids	sub-017	ses-02	run-03	sub-017/ses-02/func/sub-017_ses-02_task-movie_run-03_bold.nii.gz	sub-017/ses-02/func/sub-017_ses-02_task-movie_run-03_events.tsv	WRITTEN	Movie2A.mp4	right	Movie2	2	HIGH	ProtocolName_MovieN_to_matlab_run_id+selected_run_id_mat_present	Movie2_AP		0.937	0.0	196.821333
/home/alexrees/scratch/bids	sub-017	ses-02	run-05	sub-017/ses-02/func/sub-017_ses-02_task-movie_run-05_bold.nii.gz	sub-017/ses-02/func/sub-017_ses-02_task-movie_run-05_events.tsv	WRITTEN	Movie1B.mp4	right	Movie3	3	HIGH	ProtocolName_MovieN_to_matlab_run_id+selected_run_id_mat_present	Movie3_AP		0.937	0.0	196.821333
/home/alexrees/scratch/bids	sub-017	ses-02	run-07	sub-017/ses-02/func/sub-017_ses-02_task-movie_run-07_bold.nii.gz	sub-017/ses-02/func/sub-017_ses-02_task-movie_run-07_events.tsv	WRITTEN	Movie2B.mp4	left	Movie4	4	HIGH	ProtocolName_MovieN_to_matlab_run_id+selected_run_id_mat_present	Movie4_AP		0.937	0.0	196.821333
/home/alexrees/scratch/bids	sub-018	ses-01	run-01	sub-018/ses-01/func/sub-018_ses-01_task-movie_run-01_bold.nii.gz	sub-018/ses-01/func/sub-018_ses-01_task-movie_run-01_events.tsv	WRITTEN	Movie1A.mp4	left	Movie1	1	HIGH	ProtocolName_MovieN_to_matlab_run_id+selected_run_id_mat_present	Movie1_AP		0.937	0.0	196.821333
/home/alexrees/scratch/bids	sub-018	ses-01	run-03	sub-018/ses-01/func/sub-018_ses-01_task-movie_run-03_bold.nii.gz	sub-018/ses-01/func/sub-018_ses-01_task-movie_run-03_events.tsv	WRITTEN	Movie2A.mp4	right	Movie2	2	HIGH	ProtocolName_MovieN_to_matlab_run_id+selected_run_id_mat_present	Movie2_AP		0.937	0.0	196.821333
/home/alexrees/scratch/bids	sub-018	ses-01	run-05	sub-018/ses-01/func/sub-018_ses-01_task-movie_run-05_bold.nii.gz	sub-018/ses-01/func/sub-018_ses-01_task-movie_run-05_events.tsv	WRITTEN	Movie1B.mp4	right	Movie3	3	HIGH	ProtocolName_MovieN_to_matlab_run_id+selected_run_id_mat_present	Movie3_AP		0.937	0.0	196.821333
/home/alexrees/scratch/bids	sub-018	ses-01	run-07	sub-018/ses-01/func/sub-018_ses-01_task-movie_run-07_bold.nii.gz	sub-018/ses-01/func/sub-018_ses-01_task-movie_run-07_events.tsv	WRITTEN	Movie2B.mp4	left	Movie4	4	HIGH	ProtocolName_MovieN_to_matlab_run_id+selected_run_id_mat_present	Movie4_AP		0.937	0.0	196.821333
/home/alexrees/scratch/bids	sub-019	ses-01	run-01	sub-019/ses-01/func/sub-019_ses-01_task-movie_run-01_bold.nii.gz	sub-019/ses-01/func/sub-019_ses-01_task-movie_run-01_events.tsv	WRITTEN	Movie1A.mp4	left	Movie1	1	HIGH	ProtocolName_MovieN_to_matlab_run_id+selected_run_id_mat_present	Movie1_AP		0.937	0.0	196.821333
/home/alexrees/scratch/bids	sub-019	ses-01	run-03	sub-019/ses-01/func/sub-019_ses-01_task-movie_run-03_bold.nii.gz	sub-019/ses-01/func/sub-019_ses-01_task-movie_run-03_events.tsv	WRITTEN	Movie2A.mp4	right	Movie2	2	HIGH	ProtocolName_MovieN_to_matlab_run_id+selected_run_id_mat_present	Movie2_AP		0.937	0.0	196.821333
/home/alexrees/scratch/bids	sub-019	ses-01	run-05	sub-019/ses-01/func/sub-019_ses-01_task-movie_run-05_bold.nii.gz	sub-019/ses-01/func/sub-019_ses-01_task-movie_run-05_events.tsv	WRITTEN	Movie1B.mp4	right	Movie3	3	HIGH	ProtocolName_MovieN_to_matlab_run_id+selected_run_id_mat_present	Movie3_AP		0.937	0.0	196.821333
/home/alexrees/scratch/bids	sub-019	ses-01	run-07	sub-019/ses-01/func/sub-019_ses-01_task-movie_run-07_bold.nii.gz	sub-019/ses-01/func/sub-019_ses-01_task-movie_run-07_events.tsv	WRITTEN	Movie2B.mp4	left	Movie4	4	HIGH	ProtocolName_MovieN_to_matlab_run_id+selected_run_id_mat_present	Movie4_AP		0.937	0.0	196.821333
/home/alexrees/scratch/bids	sub-019	ses-02	run-01	sub-019/ses-02/func/sub-019_ses-02_task-movie_run-01_bold.nii.gz	sub-019/ses-02/func/sub-019_ses-02_task-movie_run-01_events.tsv	WRITTEN	Movie1A.mp4	left	Movie1	1	HIGH	ProtocolName_MovieN_to_matlab_run_id+selected_run_id_mat_present	Movie1_AP		0.937	0.0	196.821333
/home/alexrees/scratch/bids	sub-019	ses-02	run-03	sub-019/ses-02/func/sub-019_ses-02_task-movie_run-03_bold.nii.gz	sub-019/ses-02/func/sub-019_ses-02_task-movie_run-03_events.tsv	WRITTEN	Movie2A.mp4	right	Movie2	2	HIGH	ProtocolName_MovieN_to_matlab_run_id+selected_run_id_mat_present	Movie2_AP		0.937	0.0	196.821333
/home/alexrees/scratch/bids	sub-019	ses-02	run-05	sub-019/ses-02/func/sub-019_ses-02_task-movie_run-05_bold.nii.gz	sub-019/ses-02/func/sub-019_ses-02_task-movie_run-05_events.tsv	WRITTEN	Movie1B.mp4	right	Movie3	3	HIGH	ProtocolName_MovieN_to_matlab_run_id+selected_run_id_mat_present	Movie3_AP		0.937	0.0	196.821333
/home/alexrees/scratch/bids	sub-019	ses-02	run-07	sub-019/ses-02/func/sub-019_ses-02_task-movie_run-07_bold.nii.gz	sub-019/ses-02/func/sub-019_ses-02_task-movie_run-07_events.tsv	WRITTEN	Movie2B.mp4	left	Movie4	4	HIGH	ProtocolName_MovieN_to_matlab_run_id+selected_run_id_mat_present	Movie4_AP		0.937	0.0	196.821333
/home/alexrees/scratch/bids	sub-020	ses-01	run-01	sub-020/ses-01/func/sub-020_ses-01_task-movie_run-01_bold.nii.gz	sub-020/ses-01/func/sub-020_ses-01_task-movie_run-01_events.tsv	WRITTEN	Movie1A.mp4	left	Movie1	1	HIGH	ProtocolName_MovieN_to_matlab_run_id+selected_run_id_mat_present	Movie1_AP		0.937	0.0	196.821333
/home/alexrees/scratch/bids	sub-020	ses-01	run-03	sub-020/ses-01/func/sub-020_ses-01_task-movie_run-03_bold.nii.gz	sub-020/ses-01/func/sub-020_ses-01_task-movie_run-03_events.tsv	WRITTEN	Movie2A.mp4	right	Movie2	2	HIGH	ProtocolName_MovieN_to_matlab_run_id+selected_run_id_mat_present	Movie2_AP		0.937	0.0	196.821333
/home/alexrees/scratch/bids	sub-020	ses-01	run-05	sub-020/ses-01/func/sub-020_ses-01_task-movie_run-05_bold.nii.gz	sub-020/ses-01/func/sub-020_ses-01_task-movie_run-05_events.tsv	WRITTEN	Movie1B.mp4	right	Movie3	3	HIGH	ProtocolName_MovieN_to_matlab_run_id+selected_run_id_mat_present	Movie3_AP		0.937	0.0	196.821333
/home/alexrees/scratch/bids	sub-020	ses-01	run-07	sub-020/ses-01/func/sub-020_ses-01_task-movie_run-07_bold.nii.gz	sub-020/ses-01/func/sub-020_ses-01_task-movie_run-07_events.tsv	WRITTEN	Movie2B.mp4	left	Movie4	4	HIGH	ProtocolName_MovieN_to_matlab_run_id+selected_run_id_mat_present	Movie4_AP		0.937	0.0	196.821333
/home/alexrees/scratch/bids	sub-021	ses-01	run-01	sub-021/ses-01/func/sub-021_ses-01_task-movie_run-01_bold.nii.gz	sub-021/ses-01/func/sub-021_ses-01_task-movie_run-01_events.tsv	WRITTEN	Movie1A.mp4	left	Movie1	1	HIGH	ProtocolName_MovieN_to_matlab_run_id+selected_run_id_mat_present	Movie1_AP		0.937	0.0	196.821333
/home/alexrees/scratch/bids	sub-021	ses-01	run-03	sub-021/ses-01/func/sub-021_ses-01_task-movie_run-03_bold.nii.gz	sub-021/ses-01/func/sub-021_ses-01_task-movie_run-03_events.tsv	WRITTEN	Movie2A.mp4	right	Movie2	2	HIGH	ProtocolName_MovieN_to_matlab_run_id+selected_run_id_mat_present	Movie2_AP		0.937	0.0	196.821333
/home/alexrees/scratch/bids	sub-021	ses-01	run-05	sub-021/ses-01/func/sub-021_ses-01_task-movie_run-05_bold.nii.gz	sub-021/ses-01/func/sub-021_ses-01_task-movie_run-05_events.tsv	WRITTEN	Movie1B.mp4	right	Movie3	3	HIGH	ProtocolName_MovieN_to_matlab_run_id+selected_run_id_mat_present	Movie3_AP		0.937	0.0	196.821333
/home/alexrees/scratch/bids	sub-021	ses-01	run-07	sub-021/ses-01/func/sub-021_ses-01_task-movie_run-07_bold.nii.gz	sub-021/ses-01/func/sub-021_ses-01_task-movie_run-07_events.tsv	WRITTEN	Movie2B.mp4	left	Movie4	4	HIGH	ProtocolName_MovieN_to_matlab_run_id+selected_run_id_mat_present	Movie4_AP		0.937	0.0	196.821333
/home/alexrees/scratch/bids	sub-021	ses-02	run-01	sub-021/ses-02/func/sub-021_ses-02_task-movie_run-01_bold.nii.gz	sub-021/ses-02/func/sub-021_ses-02_task-movie_run-01_events.tsv	WRITTEN	Movie1A.mp4	left	Movie1	1	HIGH	ProtocolName_MovieN_to_matlab_run_id+selected_run_id_mat_present	Movie1_AP		0.937	0.0	196.821333
/home/alexrees/scratch/bids	sub-021	ses-02	run-03	sub-021/ses-02/func/sub-021_ses-02_task-movie_run-03_bold.nii.gz	sub-021/ses-02/func/sub-021_ses-02_task-movie_run-03_events.tsv	WRITTEN	Movie2A.mp4	right	Movie2	2	HIGH	ProtocolName_MovieN_to_matlab_run_id+selected_run_id_mat_present	Movie2_AP		0.937	0.0	196.821333
/home/alexrees/scratch/bids	sub-021	ses-02	run-05	sub-021/ses-02/func/sub-021_ses-02_task-movie_run-05_bold.nii.gz	sub-021/ses-02/func/sub-021_ses-02_task-movie_run-05_events.tsv	WRITTEN	Movie1B.mp4	right	Movie3	3	HIGH	ProtocolName_MovieN_to_matlab_run_id+selected_run_id_mat_present	Movie3_AP		0.937	0.0	196.821333
/home/alexrees/scratch/bids	sub-021	ses-02	run-07	sub-021/ses-02/func/sub-021_ses-02_task-movie_run-07_bold.nii.gz	sub-021/ses-02/func/sub-021_ses-02_task-movie_run-07_events.tsv	WRITTEN	Movie2B.mp4	left	Movie4	4	HIGH	ProtocolName_MovieN_to_matlab_run_id+selected_run_id_mat_present	Movie4_AP		0.937	0.0	196.821333
/home/alexrees/scratch/bids	sub-022	ses-01	run-01	sub-022/ses-01/func/sub-022_ses-01_task-movie_run-01_bold.nii.gz	sub-022/ses-01/func/sub-022_ses-01_task-movie_run-01_events.tsv	WRITTEN	Movie1A.mp4	left	Movie1	1	HIGH	ProtocolName_MovieN_to_matlab_run_id+selected_run_id_mat_present	Movie1_AP		0.937	0.0	196.821333
/home/alexrees/scratch/bids	sub-022	ses-01	run-03	sub-022/ses-01/func/sub-022_ses-01_task-movie_run-03_bold.nii.gz	sub-022/ses-01/func/sub-022_ses-01_task-movie_run-03_events.tsv	WRITTEN	Movie2A.mp4	right	Movie2	2	HIGH	ProtocolName_MovieN_to_matlab_run_id+selected_run_id_mat_present	Movie2_AP		0.937	0.0	196.821333
/home/alexrees/scratch/bids	sub-022	ses-01	run-05	sub-022/ses-01/func/sub-022_ses-01_task-movie_run-05_bold.nii.gz	sub-022/ses-01/func/sub-022_ses-01_task-movie_run-05_events.tsv	WRITTEN	Movie1B.mp4	right	Movie3	3	HIGH	ProtocolName_MovieN_to_matlab_run_id+selected_run_id_mat_present	Movie3_AP		0.937	0.0	196.821333
/home/alexrees/scratch/bids	sub-022	ses-01	run-07	sub-022/ses-01/func/sub-022_ses-01_task-movie_run-07_bold.nii.gz	sub-022/ses-01/func/sub-022_ses-01_task-movie_run-07_events.tsv	WRITTEN	Movie2B.mp4	left	Movie4	4	HIGH	ProtocolName_MovieN_to_matlab_run_id+selected_run_id_mat_present	Movie4_AP		0.937	0.0	196.821333
/home/alexrees/scratch/bids	sub-022	ses-02	run-01	sub-022/ses-02/func/sub-022_ses-02_task-movie_run-01_bold.nii.gz	sub-022/ses-02/func/sub-022_ses-02_task-movie_run-01_events.tsv	WRITTEN	Movie1A.mp4	left	Movie1	1	HIGH	ProtocolName_MovieN_to_matlab_run_id+selected_run_id_mat_present	Movie1_AP		0.937	0.0	196.821333
/home/alexrees/scratch/bids	sub-022	ses-02	run-03	sub-022/ses-02/func/sub-022_ses-02_task-movie_run-03_bold.nii.gz	sub-022/ses-02/func/sub-022_ses-02_task-movie_run-03_events.tsv	WRITTEN	Movie2A.mp4	right	Movie2	2	HIGH	ProtocolName_MovieN_to_matlab_run_id+selected_run_id_mat_present	Movie2_AP		0.937	0.0	196.821333
/home/alexrees/scratch/bids	sub-022	ses-02	run-05	sub-022/ses-02/func/sub-022_ses-02_task-movie_run-05_bold.nii.gz	sub-022/ses-02/func/sub-022_ses-02_task-movie_run-05_events.tsv	WRITTEN	Movie1B.mp4	right	Movie3	3	HIGH	ProtocolName_MovieN_to_matlab_run_id+selected_run_id_mat_present	Movie3_AP		0.937	0.0	196.821333
/home/alexrees/scratch/bids	sub-022	ses-02	run-07	sub-022/ses-02/func/sub-022_ses-02_task-movie_run-07_bold.nii.gz	sub-022/ses-02/func/sub-022_ses-02_task-movie_run-07_events.tsv	WRITTEN	Movie2B.mp4	left	Movie4	4	HIGH	ProtocolName_MovieN_to_matlab_run_id+selected_run_id_mat_present	Movie4_AP		0.937	0.0	196.821333
/home/alexrees/scratch/bids	sub-023	ses-01	run-01	sub-023/ses-01/func/sub-023_ses-01_task-movie_run-01_bold.nii.gz	sub-023/ses-01/func/sub-023_ses-01_task-movie_run-01_events.tsv	WRITTEN	Movie1A.mp4	left	Movie1	1	HIGH	ProtocolName_MovieN_to_matlab_run_id+selected_run_id_mat_present	Movie1_AP		0.937	0.0	196.821333
/home/alexrees/scratch/bids	sub-023	ses-01	run-03	sub-023/ses-01/func/sub-023_ses-01_task-movie_run-03_bold.nii.gz	sub-023/ses-01/func/sub-023_ses-01_task-movie_run-03_events.tsv	WRITTEN	Movie2A.mp4	right	Movie2	2	HIGH	ProtocolName_MovieN_to_matlab_run_id+selected_run_id_mat_present	Movie2_AP		0.937	0.0	196.821333
/home/alexrees/scratch/bids	sub-023	ses-01	run-05	sub-023/ses-01/func/sub-023_ses-01_task-movie_run-05_bold.nii.gz	sub-023/ses-01/func/sub-023_ses-01_task-movie_run-05_events.tsv	WRITTEN	Movie1B.mp4	right	Movie3	3	HIGH	ProtocolName_MovieN_to_matlab_run_id+selected_run_id_mat_present	Movie3_AP		0.937	0.0	196.821333
/home/alexrees/scratch/bids	sub-023	ses-01	run-07	sub-023/ses-01/func/sub-023_ses-01_task-movie_run-07_bold.nii.gz	sub-023/ses-01/func/sub-023_ses-01_task-movie_run-07_events.tsv	WRITTEN	Movie2B.mp4	left	Movie4	4	HIGH	ProtocolName_MovieN_to_matlab_run_id+selected_run_id_mat_present	Movie4_AP		0.937	0.0	196.821333
/home/alexrees/scratch/bids	sub-023	ses-02	run-01	sub-023/ses-02/func/sub-023_ses-02_task-movie_run-01_bold.nii.gz	sub-023/ses-02/func/sub-023_ses-02_task-movie_run-01_events.tsv	WRITTEN	Movie1A.mp4	left	Movie1	1	HIGH	ProtocolName_MovieN_to_matlab_run_id+selected_run_id_mat_present	Movie1_AP		0.937	0.0	196.821333
/home/alexrees/scratch/bids	sub-023	ses-02	run-03	sub-023/ses-02/func/sub-023_ses-02_task-movie_run-03_bold.nii.gz	sub-023/ses-02/func/sub-023_ses-02_task-movie_run-03_events.tsv	WRITTEN	Movie2A.mp4	right	Movie2	2	HIGH	ProtocolName_MovieN_to_matlab_run_id+selected_run_id_mat_present	Movie2_AP		0.937	0.0	196.821333
/home/alexrees/scratch/bids	sub-023	ses-02	run-05	sub-023/ses-02/func/sub-023_ses-02_task-movie_run-05_bold.nii.gz	sub-023/ses-02/func/sub-023_ses-02_task-movie_run-05_events.tsv	WRITTEN	Movie1B.mp4	right	Movie3	3	HIGH	ProtocolName_MovieN_to_matlab_run_id+selected_run_id_mat_present	Movie3_AP		0.937	0.0	196.821333
/home/alexrees/scratch/bids	sub-023	ses-02	run-07	sub-023/ses-02/func/sub-023_ses-02_task-movie_run-07_bold.nii.gz	sub-023/ses-02/func/sub-023_ses-02_task-movie_run-07_events.tsv	WRITTEN	Movie2B.mp4	left	Movie4	4	HIGH	ProtocolName_MovieN_to_matlab_run_id+selected_run_id_mat_present	Movie4_AP		0.937	0.0	196.821333
/home/alexrees/scratch/bids	sub-024	ses-01	run-01	sub-024/ses-01/func/sub-024_ses-01_task-movie_run-01_bold.nii.gz	sub-024/ses-01/func/sub-024_ses-01_task-movie_run-01_events.tsv	WRITTEN	Movie1A.mp4	left	Movie1	1	HIGH	ProtocolName_MovieN_to_matlab_run_id+selected_run_id_mat_present	Movie1_AP		0.937	0.0	196.821333
/home/alexrees/scratch/bids	sub-024	ses-01	run-03	sub-024/ses-01/func/sub-024_ses-01_task-movie_run-03_bold.nii.gz	sub-024/ses-01/func/sub-024_ses-01_task-movie_run-03_events.tsv	WRITTEN	Movie2A.mp4	right	Movie2	2	HIGH	ProtocolName_MovieN_to_matlab_run_id+selected_run_id_mat_present	Movie2_AP		0.937	0.0	196.821333
/home/alexrees/scratch/bids	sub-024	ses-01	run-05	sub-024/ses-01/func/sub-024_ses-01_task-movie_run-05_bold.nii.gz	sub-024/ses-01/func/sub-024_ses-01_task-movie_run-05_events.tsv	WRITTEN	Movie1B.mp4	right	Movie3	3	HIGH	ProtocolName_MovieN_to_matlab_run_id+selected_run_id_mat_present	Movie3_AP		0.937	0.0	196.821333
/home/alexrees/scratch/bids	sub-024	ses-01	run-07	sub-024/ses-01/func/sub-024_ses-01_task-movie_run-07_bold.nii.gz	sub-024/ses-01/func/sub-024_ses-01_task-movie_run-07_events.tsv	WRITTEN	Movie2B.mp4	left	Movie4	4	HIGH	ProtocolName_MovieN_to_matlab_run_id+selected_run_id_mat_present	Movie4_AP		0.937	0.0	196.821333
/home/alexrees/scratch/bids	sub-024	ses-02	run-01	sub-024/ses-02/func/sub-024_ses-02_task-movie_run-01_bold.nii.gz	sub-024/ses-02/func/sub-024_ses-02_task-movie_run-01_events.tsv	WRITTEN	Movie1A.mp4	left	Movie1	1	HIGH	ProtocolName_MovieN_to_matlab_run_id+selected_run_id_mat_present	Movie1_AP		0.937	0.0	196.821333
/home/alexrees/scratch/bids	sub-024	ses-02	run-03	sub-024/ses-02/func/sub-024_ses-02_task-movie_run-03_bold.nii.gz	sub-024/ses-02/func/sub-024_ses-02_task-movie_run-03_events.tsv	WRITTEN	Movie2A.mp4	right	Movie2	2	HIGH	ProtocolName_MovieN_to_matlab_run_id+selected_run_id_mat_present	Movie2_AP		0.937	0.0	196.821333
/home/alexrees/scratch/bids	sub-024	ses-02	run-05	sub-024/ses-02/func/sub-024_ses-02_task-movie_run-05_bold.nii.gz	sub-024/ses-02/func/sub-024_ses-02_task-movie_run-05_events.tsv	WRITTEN	Movie1B.mp4	right	Movie3	3	HIGH	ProtocolName_MovieN_to_matlab_run_id+selected_run_id_mat_present	Movie3_AP		0.937	0.0	196.821333
/home/alexrees/scratch/bids	sub-024	ses-02	run-07	sub-024/ses-02/func/sub-024_ses-02_task-movie_run-07_bold.nii.gz	sub-024/ses-02/func/sub-024_ses-02_task-movie_run-07_events.tsv	WRITTEN	Movie2B.mp4	left	Movie4	4	HIGH	ProtocolName_MovieN_to_matlab_run_id+selected_run_id_mat_present	Movie4_AP		0.937	0.0	196.821333
/home/alexrees/scratch/bids	sub-025	ses-01	run-01	sub-025/ses-01/func/sub-025_ses-01_task-movie_run-01_bold.nii.gz	sub-025/ses-01/func/sub-025_ses-01_task-movie_run-01_events.tsv	WRITTEN	Movie1A.mp4	left	Movie1	1	HIGH	ProtocolName_MovieN_to_matlab_run_id+selected_run_id_mat_present	Movie1_AP		0.937	0.0	196.821333
/home/alexrees/scratch/bids	sub-025	ses-01	run-03	sub-025/ses-01/func/sub-025_ses-01_task-movie_run-03_bold.nii.gz	sub-025/ses-01/func/sub-025_ses-01_task-movie_run-03_events.tsv	WRITTEN	Movie2A.mp4	right	Movie2	2	HIGH	ProtocolName_MovieN_to_matlab_run_id+selected_run_id_mat_present	Movie2_AP		0.937	0.0	196.821333
/home/alexrees/scratch/bids	sub-025	ses-01	run-05	sub-025/ses-01/func/sub-025_ses-01_task-movie_run-05_bold.nii.gz	sub-025/ses-01/func/sub-025_ses-01_task-movie_run-05_events.tsv	WRITTEN	Movie1B.mp4	right	Movie3	3	HIGH	ProtocolName_MovieN_to_matlab_run_id+selected_run_id_mat_present	Movie3_AP		0.937	0.0	196.821333
/home/alexrees/scratch/bids	sub-025	ses-01	run-07	sub-025/ses-01/func/sub-025_ses-01_task-movie_run-07_bold.nii.gz	sub-025/ses-01/func/sub-025_ses-01_task-movie_run-07_events.tsv	WRITTEN	Movie2B.mp4	left	Movie4	4	HIGH	ProtocolName_MovieN_to_matlab_run_id+selected_run_id_mat_present	Movie4_AP		0.937	0.0	196.821333
/home/alexrees/scratch/bids	sub-025	ses-02	run-01	sub-025/ses-02/func/sub-025_ses-02_task-movie_run-01_bold.nii.gz	sub-025/ses-02/func/sub-025_ses-02_task-movie_run-01_events.tsv	WRITTEN	Movie1A.mp4	left	Movie1	1	HIGH	ProtocolName_MovieN_to_matlab_run_id+selected_run_id_mat_present	Movie1_AP		0.937	0.0	196.821333
/home/alexrees/scratch/bids	sub-025	ses-02	run-03	sub-025/ses-02/func/sub-025_ses-02_task-movie_run-03_bold.nii.gz	sub-025/ses-02/func/sub-025_ses-02_task-movie_run-03_events.tsv	WRITTEN	Movie2A.mp4	right	Movie2	2	HIGH	ProtocolName_MovieN_to_matlab_run_id+selected_run_id_mat_present	Movie2_AP		0.937	0.0	196.821333
/home/alexrees/scratch/bids	sub-025	ses-02	run-05	sub-025/ses-02/func/sub-025_ses-02_task-movie_run-05_bold.nii.gz	sub-025/ses-02/func/sub-025_ses-02_task-movie_run-05_events.tsv	WRITTEN	Movie1B.mp4	right	Movie3	3	HIGH	ProtocolName_MovieN_to_matlab_run_id+selected_run_id_mat_present	Movie3_AP		0.937	0.0	196.821333
/home/alexrees/scratch/bids	sub-025	ses-02	run-07	sub-025/ses-02/func/sub-025_ses-02_task-movie_run-07_bold.nii.gz	sub-025/ses-02/func/sub-025_ses-02_task-movie_run-07_events.tsv	WRITTEN	Movie2B.mp4	left	Movie4	4	HIGH	ProtocolName_MovieN_to_matlab_run_id+selected_run_id_mat_present	Movie4_AP		0.937	0.0	196.821333
/home/alexrees/scratch/bids	sub-026	ses-01	run-01	sub-026/ses-01/func/sub-026_ses-01_task-movie_run-01_bold.nii.gz	sub-026/ses-01/func/sub-026_ses-01_task-movie_run-01_events.tsv	WRITTEN	Movie1A.mp4	left	Movie1	1	HIGH	ProtocolName_MovieN_to_matlab_run_id+selected_run_id_mat_present	Movie1_AP		0.937	0.0	196.821333
/home/alexrees/scratch/bids	sub-026	ses-01	run-03	sub-026/ses-01/func/sub-026_ses-01_task-movie_run-03_bold.nii.gz	sub-026/ses-01/func/sub-026_ses-01_task-movie_run-03_events.tsv	WRITTEN	Movie2A.mp4	right	Movie2	2	HIGH	ProtocolName_MovieN_to_matlab_run_id+selected_run_id_mat_present	Movie2_AP		0.937	0.0	196.821333
/home/alexrees/scratch/bids	sub-026	ses-01	run-05	sub-026/ses-01/func/sub-026_ses-01_task-movie_run-05_bold.nii.gz	sub-026/ses-01/func/sub-026_ses-01_task-movie_run-05_events.tsv	WRITTEN	Movie1B.mp4	right	Movie3	3	HIGH	ProtocolName_MovieN_to_matlab_run_id+selected_run_id_mat_present	Movie3_AP		0.937	0.0	196.821333
/home/alexrees/scratch/bids	sub-026	ses-01	run-07	sub-026/ses-01/func/sub-026_ses-01_task-movie_run-07_bold.nii.gz	sub-026/ses-01/func/sub-026_ses-01_task-movie_run-07_events.tsv	WRITTEN	Movie2B.mp4	left	Movie4	4	HIGH	ProtocolName_MovieN_to_matlab_run_id+selected_run_id_mat_present	Movie4_AP		0.937	0.0	196.821333
/home/alexrees/scratch/bids	sub-026	ses-02	run-01	sub-026/ses-02/func/sub-026_ses-02_task-movie_run-01_bold.nii.gz	sub-026/ses-02/func/sub-026_ses-02_task-movie_run-01_events.tsv	WRITTEN	Movie1A.mp4	left	Movie1	1	HIGH	ProtocolName_MovieN_to_matlab_run_id+selected_run_id_mat_present	Movie1_AP		0.937	0.0	196.821333
/home/alexrees/scratch/bids	sub-026	ses-02	run-03	sub-026/ses-02/func/sub-026_ses-02_task-movie_run-03_bold.nii.gz	sub-026/ses-02/func/sub-026_ses-02_task-movie_run-03_events.tsv	WRITTEN	Movie2A.mp4	right	Movie2	2	HIGH	ProtocolName_MovieN_to_matlab_run_id+selected_run_id_mat_present	Movie2_AP		0.937	0.0	196.821333
/home/alexrees/scratch/bids	sub-026	ses-02	run-05	sub-026/ses-02/func/sub-026_ses-02_task-movie_run-05_bold.nii.gz	sub-026/ses-02/func/sub-026_ses-02_task-movie_run-05_events.tsv	WRITTEN	Movie1B.mp4	right	Movie3	3	HIGH	ProtocolName_MovieN_to_matlab_run_id+selected_run_id_mat_present	Movie3_AP		0.937	0.0	196.821333
/home/alexrees/scratch/bids	sub-026	ses-02	run-07	sub-026/ses-02/func/sub-026_ses-02_task-movie_run-07_bold.nii.gz	sub-026/ses-02/func/sub-026_ses-02_task-movie_run-07_events.tsv	WRITTEN	Movie2B.mp4	left	Movie4	4	HIGH	ProtocolName_MovieN_to_matlab_run_id+selected_run_id_mat_present	Movie4_AP		0.937	0.0	196.821333
/home/alexrees/scratch/bids	sub-027	ses-01	run-01	sub-027/ses-01/func/sub-027_ses-01_task-movie_run-01_bold.nii.gz	sub-027/ses-01/func/sub-027_ses-01_task-movie_run-01_events.tsv	WRITTEN	Movie1A.mp4	left	Movie1	1	HIGH	ProtocolName_MovieN_to_matlab_run_id+selected_run_id_mat_present	Movie1_AP		0.937	0.0	196.821333
/home/alexrees/scratch/bids	sub-027	ses-01	run-03	sub-027/ses-01/func/sub-027_ses-01_task-movie_run-03_bold.nii.gz	sub-027/ses-01/func/sub-027_ses-01_task-movie_run-03_events.tsv	WRITTEN	Movie2A.mp4	right	Movie2	2	HIGH	ProtocolName_MovieN_to_matlab_run_id+selected_run_id_mat_present	Movie2_AP		0.937	0.0	196.821333
/home/alexrees/scratch/bids	sub-027	ses-01	run-05	sub-027/ses-01/func/sub-027_ses-01_task-movie_run-05_bold.nii.gz	sub-027/ses-01/func/sub-027_ses-01_task-movie_run-05_events.tsv	WRITTEN	Movie1B.mp4	right	Movie3	3	HIGH	ProtocolName_MovieN_to_matlab_run_id+selected_run_id_mat_present	Movie3_AP		0.937	0.0	196.821333
/home/alexrees/scratch/bids	sub-027	ses-01	run-07	sub-027/ses-01/func/sub-027_ses-01_task-movie_run-07_bold.nii.gz	sub-027/ses-01/func/sub-027_ses-01_task-movie_run-07_events.tsv	WRITTEN	Movie2B.mp4	left	Movie4	4	HIGH	ProtocolName_MovieN_to_matlab_run_id+selected_run_id_mat_present	Movie4_AP		0.937	0.0	196.821333
/home/alexrees/scratch/bids	sub-027	ses-02	run-01	sub-027/ses-02/func/sub-027_ses-02_task-movie_run-01_bold.nii.gz	sub-027/ses-02/func/sub-027_ses-02_task-movie_run-01_events.tsv	WRITTEN	Movie1A.mp4	left	Movie1	1	HIGH	ProtocolName_MovieN_to_matlab_run_id+selected_run_id_mat_present	Movie1_AP		0.937	0.0	196.821333
/home/alexrees/scratch/bids	sub-027	ses-02	run-03	sub-027/ses-02/func/sub-027_ses-02_task-movie_run-03_bold.nii.gz	sub-027/ses-02/func/sub-027_ses-02_task-movie_run-03_events.tsv	WRITTEN	Movie2A.mp4	right	Movie2	2	HIGH	ProtocolName_MovieN_to_matlab_run_id+selected_run_id_mat_present	Movie2_AP		0.937	0.0	196.821333
/home/alexrees/scratch/bids	sub-027	ses-02	run-05	sub-027/ses-02/func/sub-027_ses-02_task-movie_run-05_bold.nii.gz	sub-027/ses-02/func/sub-027_ses-02_task-movie_run-05_events.tsv	WRITTEN	Movie1B.mp4	right	Movie3	3	HIGH	ProtocolName_MovieN_to_matlab_run_id+selected_run_id_mat_present	Movie3_AP		0.937	0.0	196.821333
/home/alexrees/scratch/bids	sub-027	ses-02	run-07	sub-027/ses-02/func/sub-027_ses-02_task-movie_run-07_bold.nii.gz	sub-027/ses-02/func/sub-027_ses-02_task-movie_run-07_events.tsv	WRITTEN	Movie2B.mp4	left	Movie4	4	HIGH	ProtocolName_MovieN_to_matlab_run_id+selected_run_id_mat_present	Movie4_AP		0.937	0.0	196.821333
/home/alexrees/scratch/bids	sub-028	ses-01	run-01	sub-028/ses-01/func/sub-028_ses-01_task-movie_run-01_bold.nii.gz	sub-028/ses-01/func/sub-028_ses-01_task-movie_run-01_events.tsv	WRITTEN	Movie1A.mp4	left	Movie1	1	HIGH	ProtocolName_MovieN_to_matlab_run_id+selected_run_id_mat_present	Movie1_AP		0.937	0.0	196.821333
/home/alexrees/scratch/bids	sub-028	ses-01	run-03	sub-028/ses-01/func/sub-028_ses-01_task-movie_run-03_bold.nii.gz	sub-028/ses-01/func/sub-028_ses-01_task-movie_run-03_events.tsv	WRITTEN	Movie2A.mp4	right	Movie2	2	HIGH	ProtocolName_MovieN_to_matlab_run_id+selected_run_id_mat_present	Movie2_AP		0.937	0.0	196.821333
/home/alexrees/scratch/bids	sub-028	ses-01	run-05	sub-028/ses-01/func/sub-028_ses-01_task-movie_run-05_bold.nii.gz	sub-028/ses-01/func/sub-028_ses-01_task-movie_run-05_events.tsv	WRITTEN	Movie1B.mp4	right	Movie3	3	HIGH	ProtocolName_MovieN_to_matlab_run_id+selected_run_id_mat_present	Movie3_AP		0.937	0.0	196.821333
/home/alexrees/scratch/bids	sub-028	ses-01	run-07	sub-028/ses-01/func/sub-028_ses-01_task-movie_run-07_bold.nii.gz	sub-028/ses-01/func/sub-028_ses-01_task-movie_run-07_events.tsv	WRITTEN	Movie2B.mp4	left	Movie4	4	HIGH	ProtocolName_MovieN_to_matlab_run_id+selected_run_id_mat_present	Movie4_AP		0.937	0.0	196.821333
/home/alexrees/scratch/bids	sub-028	ses-02	run-01	sub-028/ses-02/func/sub-028_ses-02_task-movie_run-01_bold.nii.gz	sub-028/ses-02/func/sub-028_ses-02_task-movie_run-01_events.tsv	WRITTEN	Movie1A.mp4	left	Movie1	1	HIGH	ProtocolName_MovieN_to_matlab_run_id+selected_run_id_mat_present	Movie1_AP		0.937	0.0	196.821333
/home/alexrees/scratch/bids	sub-028	ses-02	run-03	sub-028/ses-02/func/sub-028_ses-02_task-movie_run-03_bold.nii.gz	sub-028/ses-02/func/sub-028_ses-02_task-movie_run-03_events.tsv	WRITTEN	Movie2A.mp4	right	Movie2	2	HIGH	ProtocolName_MovieN_to_matlab_run_id+selected_run_id_mat_present	Movie2_AP		0.937	0.0	196.821333
/home/alexrees/scratch/bids	sub-028	ses-02	run-05	sub-028/ses-02/func/sub-028_ses-02_task-movie_run-05_bold.nii.gz	sub-028/ses-02/func/sub-028_ses-02_task-movie_run-05_events.tsv	WRITTEN	Movie1B.mp4	right	Movie3	3	HIGH	ProtocolName_MovieN_to_matlab_run_id+selected_run_id_mat_present	Movie3_AP		0.937	0.0	196.821333
/home/alexrees/scratch/bids	sub-028	ses-02	run-07	sub-028/ses-02/func/sub-028_ses-02_task-movie_run-07_bold.nii.gz	sub-028/ses-02/func/sub-028_ses-02_task-movie_run-07_events.tsv	WRITTEN	Movie2B.mp4	left	Movie4	4	HIGH	ProtocolName_MovieN_to_matlab_run_id+selected_run_id_mat_present	Movie4_AP		0.937	0.0	196.821333
/home/alexrees/scratch/bids	sub-029	ses-01	run-01	sub-029/ses-01/func/sub-029_ses-01_task-movie_run-01_bold.nii.gz	sub-029/ses-01/func/sub-029_ses-01_task-movie_run-01_events.tsv	WRITTEN	Movie1A.mp4	left	Movie1	1	HIGH	ProtocolName_MovieN_to_matlab_run_id+selected_run_id_mat_present	Movie1_AP		0.937	0.0	196.821333
/home/alexrees/scratch/bids	sub-029	ses-01	run-03	sub-029/ses-01/func/sub-029_ses-01_task-movie_run-03_bold.nii.gz	sub-029/ses-01/func/sub-029_ses-01_task-movie_run-03_events.tsv	WRITTEN	Movie2A.mp4	right	Movie2	2	HIGH	ProtocolName_MovieN_to_matlab_run_id+selected_run_id_mat_present	Movie2_AP		0.937	0.0	196.821333
/home/alexrees/scratch/bids	sub-029	ses-01	run-05	sub-029/ses-01/func/sub-029_ses-01_task-movie_run-05_bold.nii.gz	sub-029/ses-01/func/sub-029_ses-01_task-movie_run-05_events.tsv	WRITTEN	Movie1B.mp4	right	Movie3	3	HIGH	ProtocolName_MovieN_to_matlab_run_id+selected_run_id_mat_present	Movie3_AP		0.937	0.0	196.821333
/home/alexrees/scratch/bids	sub-029	ses-01	run-07	sub-029/ses-01/func/sub-029_ses-01_task-movie_run-07_bold.nii.gz	sub-029/ses-01/func/sub-029_ses-01_task-movie_run-07_events.tsv	WRITTEN	Movie2B.mp4	left	Movie4	4	HIGH	ProtocolName_MovieN_to_matlab_run_id+selected_run_id_mat_present	Movie4_AP		0.937	0.0	196.821333
/home/alexrees/scratch/bids	sub-029	ses-02	run-01	sub-029/ses-02/func/sub-029_ses-02_task-movie_run-01_bold.nii.gz	sub-029/ses-02/func/sub-029_ses-02_task-movie_run-01_events.tsv	WRITTEN	Movie1A.mp4	left	Movie1	1	HIGH	ProtocolName_MovieN_to_matlab_run_id+selected_run_id_mat_present	Movie1_AP		0.937	0.0	196.821333
/home/alexrees/scratch/bids	sub-029	ses-02	run-03	sub-029/ses-02/func/sub-029_ses-02_task-movie_run-03_bold.nii.gz	sub-029/ses-02/func/sub-029_ses-02_task-movie_run-03_events.tsv	WRITTEN	Movie2A.mp4	right	Movie2	2	HIGH	ProtocolName_MovieN_to_matlab_run_id+selected_run_id_mat_present	Movie2_AP		0.937	0.0	196.821333
/home/alexrees/scratch/bids	sub-029	ses-02	run-05	sub-029/ses-02/func/sub-029_ses-02_task-movie_run-05_bold.nii.gz	sub-029/ses-02/func/sub-029_ses-02_task-movie_run-05_events.tsv	WRITTEN	Movie1B.mp4	right	Movie3	3	HIGH	ProtocolName_MovieN_to_matlab_run_id+selected_run_id_mat_present	Movie3_AP		0.937	0.0	196.821333
/home/alexrees/scratch/bids	sub-029	ses-02	run-07	sub-029/ses-02/func/sub-029_ses-02_task-movie_run-07_bold.nii.gz	sub-029/ses-02/func/sub-029_ses-02_task-movie_run-07_events.tsv	WRITTEN	Movie2B.mp4	left	Movie4	4	HIGH	ProtocolName_MovieN_to_matlab_run_id+selected_run_id_mat_present	Movie4_AP		0.937	0.0	196.821333
/home/alexrees/scratch/bids	sub-030	ses-01	run-01	sub-030/ses-01/func/sub-030_ses-01_task-movie_run-01_bold.nii.gz	sub-030/ses-01/func/sub-030_ses-01_task-movie_run-01_events.tsv	WRITTEN	Movie1A.mp4	left	Movie1	1	HIGH	ProtocolName_MovieN_to_matlab_run_id+selected_run_id_mat_present	Movie1_AP		0.937	0.0	196.821333
/home/alexrees/scratch/bids	sub-030	ses-01	run-03	sub-030/ses-01/func/sub-030_ses-01_task-movie_run-03_bold.nii.gz	sub-030/ses-01/func/sub-030_ses-01_task-movie_run-03_events.tsv	WRITTEN	Movie2A.mp4	right	Movie2	2	HIGH	ProtocolName_MovieN_to_matlab_run_id+selected_run_id_mat_present	Movie2_AP		0.937	0.0	196.821333
/home/alexrees/scratch/bids	sub-030	ses-01	run-05	sub-030/ses-01/func/sub-030_ses-01_task-movie_run-05_bold.nii.gz	sub-030/ses-01/func/sub-030_ses-01_task-movie_run-05_events.tsv	WRITTEN	Movie1B.mp4	right	Movie3	3	HIGH	ProtocolName_MovieN_to_matlab_run_id+selected_run_id_mat_present	Movie3_AP		0.937	0.0	196.821333
/home/alexrees/scratch/bids	sub-030	ses-01	run-07	sub-030/ses-01/func/sub-030_ses-01_task-movie_run-07_bold.nii.gz	sub-030/ses-01/func/sub-030_ses-01_task-movie_run-07_events.tsv	WRITTEN	Movie2B.mp4	left	Movie4	4	HIGH	ProtocolName_MovieN_to_matlab_run_id+selected_run_id_mat_present	Movie4_AP		0.937	0.0	196.821333
/home/alexrees/scratch/bids	sub-030	ses-02	run-01	sub-030/ses-02/func/sub-030_ses-02_task-movie_run-01_bold.nii.gz	sub-030/ses-02/func/sub-030_ses-02_task-movie_run-01_events.tsv	WRITTEN	Movie1A.mp4	left	Movie1	1	HIGH	ProtocolName_MovieN_to_matlab_run_id+selected_run_id_mat_present	Movie1_AP		0.937	0.0	196.821333
/home/alexrees/scratch/bids	sub-030	ses-02	run-03	sub-030/ses-02/func/sub-030_ses-02_task-movie_run-03_bold.nii.gz	sub-030/ses-02/func/sub-030_ses-02_task-movie_run-03_events.tsv	WRITTEN	Movie2A.mp4	right	Movie2	2	HIGH	ProtocolName_MovieN_to_matlab_run_id+selected_run_id_mat_present	Movie2_AP		0.937	0.0	196.821333
/home/alexrees/scratch/bids	sub-030	ses-02	run-05	sub-030/ses-02/func/sub-030_ses-02_task-movie_run-05_bold.nii.gz	sub-030/ses-02/func/sub-030_ses-02_task-movie_run-05_events.tsv	WRITTEN	Movie1B.mp4	right	Movie3	3	HIGH	ProtocolName_MovieN_to_matlab_run_id+selected_run_id_mat_present	Movie3_AP		0.937	0.0	196.821333
/home/alexrees/scratch/bids	sub-030	ses-02	run-07	sub-030/ses-02/func/sub-030_ses-02_task-movie_run-07_bold.nii.gz	sub-030/ses-02/func/sub-030_ses-02_task-movie_run-07_events.tsv	WRITTEN	Movie2B.mp4	left	Movie4	4	HIGH	ProtocolName_MovieN_to_matlab_run_id+selected_run_id_mat_present	Movie4_AP		0.937	0.0	196.821333
/home/alexrees/scratch/bids	sub-031	ses-01	run-01	sub-031/ses-01/func/sub-031_ses-01_task-movie_run-01_bold.nii.gz	sub-031/ses-01/func/sub-031_ses-01_task-movie_run-01_events.tsv	WRITTEN	Movie1A.mp4	left	Movie1	1	HIGH	ProtocolName_MovieN_to_matlab_run_id+selected_run_id_mat_present	Movie1_AP		0.937	0.0	196.821333
/home/alexrees/scratch/bids	sub-031	ses-01	run-03	sub-031/ses-01/func/sub-031_ses-01_task-movie_run-03_bold.nii.gz	sub-031/ses-01/func/sub-031_ses-01_task-movie_run-03_events.tsv	WRITTEN	Movie2A.mp4	right	Movie2	2	HIGH	ProtocolName_MovieN_to_matlab_run_id+selected_run_id_mat_present	Movie2_AP		0.937	0.0	196.821333
/home/alexrees/scratch/bids	sub-031	ses-01	run-05	sub-031/ses-01/func/sub-031_ses-01_task-movie_run-05_bold.nii.gz	sub-031/ses-01/func/sub-031_ses-01_task-movie_run-05_events.tsv	WRITTEN	Movie1B.mp4	right	Movie3	3	HIGH	ProtocolName_MovieN_to_matlab_run_id+selected_run_id_mat_present	Movie3_AP		0.937	0.0	196.821333
/home/alexrees/scratch/bids	sub-031	ses-01	run-07	sub-031/ses-01/func/sub-031_ses-01_task-movie_run-07_bold.nii.gz	sub-031/ses-01/func/sub-031_ses-01_task-movie_run-07_events.tsv	WRITTEN	Movie2B.mp4	left	Movie4	4	HIGH	ProtocolName_MovieN_to_matlab_run_id+selected_run_id_mat_present	Movie4_AP		0.937	0.0	196.821333
/home/alexrees/scratch/bids	sub-031	ses-02	run-01	sub-031/ses-02/func/sub-031_ses-02_task-movie_run-01_bold.nii.gz	sub-031/ses-02/func/sub-031_ses-02_task-movie_run-01_events.tsv	WRITTEN	Movie1A.mp4	left	Movie1	1	HIGH	ProtocolName_MovieN_to_matlab_run_id+selected_run_id_mat_present	Movie1_AP		0.937	0.0	196.821333
/home/alexrees/scratch/bids	sub-031	ses-02	run-03	sub-031/ses-02/func/sub-031_ses-02_task-movie_run-03_bold.nii.gz	sub-031/ses-02/func/sub-031_ses-02_task-movie_run-03_events.tsv	WRITTEN	Movie2A.mp4	right	Movie2	2	HIGH	ProtocolName_MovieN_to_matlab_run_id+selected_run_id_mat_present	Movie2_AP		0.937	0.0	196.821333
/home/alexrees/scratch/bids	sub-031	ses-02	run-05	sub-031/ses-02/func/sub-031_ses-02_task-movie_run-05_bold.nii.gz	sub-031/ses-02/func/sub-031_ses-02_task-movie_run-05_events.tsv	WRITTEN	Movie1B.mp4	right	Movie3	3	HIGH	ProtocolName_MovieN_to_matlab_run_id+selected_run_id_mat_present	Movie3_AP		0.937	0.0	196.821333
/home/alexrees/scratch/bids	sub-031	ses-02	run-07	sub-031/ses-02/func/sub-031_ses-02_task-movie_run-07_bold.nii.gz	sub-031/ses-02/func/sub-031_ses-02_task-movie_run-07_events.tsv	WRITTEN	Movie2B.mp4	left	Movie4	4	HIGH	ProtocolName_MovieN_to_matlab_run_id+selected_run_id_mat_present	Movie4_AP		0.937	0.0	196.821333
/home/alexrees/scratch/bids	sub-032	ses-01	run-01	sub-032/ses-01/func/sub-032_ses-01_task-movie_run-01_bold.nii.gz	sub-032/ses-01/func/sub-032_ses-01_task-movie_run-01_events.tsv	WRITTEN	Movie1A.mp4	left	Movie1	1	HIGH	ProtocolName_MovieN_to_matlab_run_id+selected_run_id_mat_present	Movie1_AP		0.937	0.0	196.821333
/home/alexrees/scratch/bids	sub-032	ses-01	run-03	sub-032/ses-01/func/sub-032_ses-01_task-movie_run-03_bold.nii.gz	sub-032/ses-01/func/sub-032_ses-01_task-movie_run-03_events.tsv	WRITTEN	Movie2A.mp4	right	Movie2	2	HIGH	ProtocolName_MovieN_to_matlab_run_id+selected_run_id_mat_present	Movie2_AP		0.937	0.0	196.821333
/home/alexrees/scratch/bids	sub-032	ses-01	run-05	sub-032/ses-01/func/sub-032_ses-01_task-movie_run-05_bold.nii.gz	sub-032/ses-01/func/sub-032_ses-01_task-movie_run-05_events.tsv	WRITTEN	Movie1B.mp4	right	Movie3	3	HIGH	ProtocolName_MovieN_to_matlab_run_id+selected_run_id_mat_present	Movie3_AP		0.937	0.0	196.821333
/home/alexrees/scratch/bids	sub-032	ses-01	run-07	sub-032/ses-01/func/sub-032_ses-01_task-movie_run-07_bold.nii.gz	sub-032/ses-01/func/sub-032_ses-01_task-movie_run-07_events.tsv	WRITTEN	Movie2B.mp4	left	Movie4	4	HIGH	ProtocolName_MovieN_to_matlab_run_id+selected_run_id_mat_present	Movie4_AP		0.937	0.0	196.821333
/home/alexrees/scratch/bids	sub-033	ses-01	run-01	sub-033/ses-01/func/sub-033_ses-01_task-movie_run-01_bold.nii.gz	sub-033/ses-01/func/sub-033_ses-01_task-movie_run-01_events.tsv	WRITTEN	Movie1A.mp4	left	Movie1	1	HIGH	ProtocolName_MovieN_to_matlab_run_id+selected_run_id_mat_present	Movie1_AP		0.937	0.0	196.821333
/home/alexrees/scratch/bids	sub-033	ses-01	run-03	sub-033/ses-01/func/sub-033_ses-01_task-movie_run-03_bold.nii.gz	sub-033/ses-01/func/sub-033_ses-01_task-movie_run-03_events.tsv	WRITTEN	Movie2A.mp4	right	Movie2	2	HIGH	ProtocolName_MovieN_to_matlab_run_id+selected_run_id_mat_present	Movie2_AP		0.937	0.0	196.821333
/home/alexrees/scratch/bids	sub-033	ses-01	run-05	sub-033/ses-01/func/sub-033_ses-01_task-movie_run-05_bold.nii.gz	sub-033/ses-01/func/sub-033_ses-01_task-movie_run-05_events.tsv	WRITTEN	Movie1B.mp4	right	Movie3	3	HIGH	ProtocolName_MovieN_to_matlab_run_id+selected_run_id_mat_present	Movie3_AP		0.937	0.0	196.821333
/home/alexrees/scratch/bids	sub-033	ses-01	run-07	sub-033/ses-01/func/sub-033_ses-01_task-movie_run-07_bold.nii.gz	sub-033/ses-01/func/sub-033_ses-01_task-movie_run-07_events.tsv	WRITTEN	Movie2B.mp4	left	Movie4	4	HIGH	ProtocolName_MovieN_to_matlab_run_id+selected_run_id_mat_present	Movie4_AP		0.937	0.0	196.821333
/home/alexrees/scratch/bids	sub-034	ses-01	run-01	sub-034/ses-01/func/sub-034_ses-01_task-movie_run-01_bold.nii.gz	sub-034/ses-01/func/sub-034_ses-01_task-movie_run-01_events.tsv	WRITTEN	Movie1A.mp4	left	Movie1	1	HIGH	ProtocolName_MovieN_to_matlab_run_id+selected_run_id_mat_present	Movie1_AP		0.937	0.0	196.821333
/home/alexrees/scratch/bids	sub-034	ses-01	run-03	sub-034/ses-01/func/sub-034_ses-01_task-movie_run-03_bold.nii.gz	sub-034/ses-01/func/sub-034_ses-01_task-movie_run-03_events.tsv	WRITTEN	Movie2A.mp4	right	Movie2	2	HIGH	ProtocolName_MovieN_to_matlab_run_id+selected_run_id_mat_present	Movie2_AP		0.937	0.0	196.821333
/home/alexrees/scratch/bids	sub-034	ses-01	run-05	sub-034/ses-01/func/sub-034_ses-01_task-movie_run-05_bold.nii.gz	sub-034/ses-01/func/sub-034_ses-01_task-movie_run-05_events.tsv	WRITTEN	Movie1B.mp4	right	Movie3	3	HIGH	ProtocolName_MovieN_to_matlab_run_id+selected_run_id_mat_present	Movie3_AP		0.937	0.0	196.821333
/home/alexrees/scratch/bids	sub-034	ses-01	run-07	sub-034/ses-01/func/sub-034_ses-01_task-movie_run-07_bold.nii.gz	sub-034/ses-01/func/sub-034_ses-01_task-movie_run-07_events.tsv	WRITTEN	Movie2B.mp4	left	Movie4	4	HIGH	ProtocolName_MovieN_to_matlab_run_id+selected_run_id_mat_present	Movie4_AP		0.937	0.0	196.821333
/home/alexrees/scratch/bids	sub-034	ses-02	run-01	sub-034/ses-02/func/sub-034_ses-02_task-movie_run-01_bold.nii.gz	sub-034/ses-02/func/sub-034_ses-02_task-movie_run-01_events.tsv	WRITTEN	Movie1A.mp4	left	Movie1	1	HIGH	ProtocolName_MovieN_to_matlab_run_id+selected_run_id_mat_present	Movie1_AP		0.937	0.0	196.821333
/home/alexrees/scratch/bids	sub-034	ses-02	run-03	sub-034/ses-02/func/sub-034_ses-02_task-movie_run-03_bold.nii.gz	sub-034/ses-02/func/sub-034_ses-02_task-movie_run-03_events.tsv	WRITTEN	Movie2A.mp4	right	Movie2	2	HIGH	ProtocolName_MovieN_to_matlab_run_id+selected_run_id_mat_present	Movie2_AP		0.937	0.0	196.821333
/home/alexrees/scratch/bids	sub-034	ses-02	run-05	sub-034/ses-02/func/sub-034_ses-02_task-movie_run-05_bold.nii.gz	sub-034/ses-02/func/sub-034_ses-02_task-movie_run-05_events.tsv	WRITTEN	Movie1B.mp4	right	Movie3	3	HIGH	ProtocolName_MovieN_to_matlab_run_id+selected_run_id_mat_present	Movie3_AP		0.937	0.0	196.821333
/home/alexrees/scratch/bids	sub-034	ses-02	run-07	sub-034/ses-02/func/sub-034_ses-02_task-movie_run-07_bold.nii.gz	sub-034/ses-02/func/sub-034_ses-02_task-movie_run-07_events.tsv	WRITTEN	Movie2B.mp4	left	Movie4	4	HIGH	ProtocolName_MovieN_to_matlab_run_id+selected_run_id_mat_present	Movie4_AP		0.937	0.0	196.821333
/home/alexrees/scratch/bids	sub-035	ses-01	run-01	sub-035/ses-01/func/sub-035_ses-01_task-movie_run-01_bold.nii.gz	sub-035/ses-01/func/sub-035_ses-01_task-movie_run-01_events.tsv	WRITTEN	Movie1A.mp4	left	Movie1	1	HIGH	ProtocolName_MovieN_to_matlab_run_id+selected_run_id_mat_present	Movie1_AP		0.937	0.0	196.821333
/home/alexrees/scratch/bids	sub-035	ses-01	run-03	sub-035/ses-01/func/sub-035_ses-01_task-movie_run-03_bold.nii.gz	sub-035/ses-01/func/sub-035_ses-01_task-movie_run-03_events.tsv	WRITTEN	Movie2A.mp4	right	Movie2	2	HIGH	ProtocolName_MovieN_to_matlab_run_id+selected_run_id_mat_present	Movie2_AP		0.937	0.0	196.821333
/home/alexrees/scratch/bids	sub-035	ses-01	run-05	sub-035/ses-01/func/sub-035_ses-01_task-movie_run-05_bold.nii.gz	sub-035/ses-01/func/sub-035_ses-01_task-movie_run-05_events.tsv	WRITTEN	Movie1B.mp4	right	Movie3	3	HIGH	ProtocolName_MovieN_to_matlab_run_id+selected_run_id_mat_present	Movie3_AP		0.937	0.0	196.821333
/home/alexrees/scratch/bids	sub-035	ses-01	run-07	sub-035/ses-01/func/sub-035_ses-01_task-movie_run-07_bold.nii.gz	sub-035/ses-01/func/sub-035_ses-01_task-movie_run-07_events.tsv	WRITTEN	Movie2B.mp4	left	Movie4	4	HIGH	ProtocolName_MovieN_to_matlab_run_id+selected_run_id_mat_present	Movie4_AP		0.937	0.0	196.821333
/home/alexrees/scratch/bids	sub-035	ses-02	run-01	sub-035/ses-02/func/sub-035_ses-02_task-movie_run-01_bold.nii.gz	sub-035/ses-02/func/sub-035_ses-02_task-movie_run-01_events.tsv	WRITTEN	Movie1A.mp4	left	Movie1	1	HIGH	ProtocolName_MovieN_to_matlab_run_id+selected_run_id_mat_present	Movie1_AP		0.937	0.0	196.821333
/home/alexrees/scratch/bids	sub-035	ses-02	run-03	sub-035/ses-02/func/sub-035_ses-02_task-movie_run-03_bold.nii.gz	sub-035/ses-02/func/sub-035_ses-02_task-movie_run-03_events.tsv	WRITTEN	Movie2A.mp4	right	Movie2	2	HIGH	ProtocolName_MovieN_to_matlab_run_id+selected_run_id_mat_present	Movie2_AP		0.937	0.0	196.821333
/home/alexrees/scratch/bids	sub-035	ses-02	run-05	sub-035/ses-02/func/sub-035_ses-02_task-movie_run-05_bold.nii.gz	sub-035/ses-02/func/sub-035_ses-02_task-movie_run-05_events.tsv	WRITTEN	Movie1B.mp4	right	Movie3	3	HIGH	ProtocolName_MovieN_to_matlab_run_id+selected_run_id_mat_present	Movie3_AP		0.937	0.0	196.821333
/home/alexrees/scratch/bids	sub-035	ses-02	run-07	sub-035/ses-02/func/sub-035_ses-02_task-movie_run-07_bold.nii.gz	sub-035/ses-02/func/sub-035_ses-02_task-movie_run-07_events.tsv	WRITTEN	Movie2B.mp4	left	Movie4	4	HIGH	ProtocolName_MovieN_to_matlab_run_id+selected_run_id_mat_present	Movie4_AP		0.937	0.0	196.821333
/home/alexrees/scratch/bids	sub-036	ses-01	run-01	sub-036/ses-01/func/sub-036_ses-01_task-movie_run-01_bold.nii.gz	sub-036/ses-01/func/sub-036_ses-01_task-movie_run-01_events.tsv	WRITTEN	Movie1A.mp4	left	Movie1	1	HIGH	ProtocolName_MovieN_to_matlab_run_id+selected_run_id_mat_present	Movie1_AP		0.937	0.0	196.821333
/home/alexrees/scratch/bids	sub-036	ses-01	run-03	sub-036/ses-01/func/sub-036_ses-01_task-movie_run-03_bold.nii.gz	sub-036/ses-01/func/sub-036_ses-01_task-movie_run-03_events.tsv	WRITTEN	Movie2A.mp4	right	Movie2	2	HIGH	ProtocolName_MovieN_to_matlab_run_id+selected_run_id_mat_present	Movie2_AP		0.937	0.0	196.821333
/home/alexrees/scratch/bids	sub-036	ses-01	run-05	sub-036/ses-01/func/sub-036_ses-01_task-movie_run-05_bold.nii.gz	sub-036/ses-01/func/sub-036_ses-01_task-movie_run-05_events.tsv	WRITTEN	Movie1B.mp4	right	Movie3	3	HIGH	ProtocolName_MovieN_to_matlab_run_id+selected_run_id_mat_present	Movie3_AP		0.937	0.0	196.821333
/home/alexrees/scratch/bids	sub-036	ses-01	run-07	sub-036/ses-01/func/sub-036_ses-01_task-movie_run-07_bold.nii.gz	sub-036/ses-01/func/sub-036_ses-01_task-movie_run-07_events.tsv	WRITTEN	Movie2B.mp4	left	Movie4	4	HIGH	ProtocolName_MovieN_to_matlab_run_id+selected_run_id_mat_present	Movie4_AP		0.937	0.0	196.821333
/home/alexrees/scratch/bids	sub-036	ses-02	run-01	sub-036/ses-02/func/sub-036_ses-02_task-movie_run-01_bold.nii.gz	sub-036/ses-02/func/sub-036_ses-02_task-movie_run-01_events.tsv	WRITTEN	Movie1A.mp4	left	Movie1	1	HIGH	ProtocolName_MovieN_to_matlab_run_id+selected_run_id_mat_present	Movie1_AP		0.937	0.0	196.821333
/home/alexrees/scratch/bids	sub-036	ses-02	run-03	sub-036/ses-02/func/sub-036_ses-02_task-movie_run-03_bold.nii.gz	sub-036/ses-02/func/sub-036_ses-02_task-movie_run-03_events.tsv	WRITTEN	Movie2A.mp4	right	Movie2	2	HIGH	ProtocolName_MovieN_to_matlab_run_id+selected_run_id_mat_present	Movie2_AP		0.937	0.0	196.821333
/home/alexrees/scratch/bids	sub-036	ses-02	run-05	sub-036/ses-02/func/sub-036_ses-02_task-movie_run-05_bold.nii.gz	sub-036/ses-02/func/sub-036_ses-02_task-movie_run-05_events.tsv	WRITTEN	Movie1B.mp4	right	Movie3	3	HIGH	ProtocolName_MovieN_to_matlab_run_id+selected_run_id_mat_present	Movie3_AP		0.937	0.0	196.821333
/home/alexrees/scratch/bids	sub-036	ses-02	run-07	sub-036/ses-02/func/sub-036_ses-02_task-movie_run-07_bold.nii.gz	sub-036/ses-02/func/sub-036_ses-02_task-movie_run-07_events.tsv	WRITTEN	Movie2B.mp4	left	Movie4	4	HIGH	ProtocolName_MovieN_to_matlab_run_id+selected_run_id_mat_present	Movie4_AP		0.937	0.0	196.821333
/home/alexrees/scratch/bids	sub-037	ses-01	run-01	sub-037/ses-01/func/sub-037_ses-01_task-movie_run-01_bold.nii.gz	sub-037/ses-01/func/sub-037_ses-01_task-movie_run-01_events.tsv	WRITTEN	Movie1A.mp4	left	Movie1	1	HIGH	ProtocolName_MovieN_to_matlab_run_id+selected_run_id_mat_present	Movie1_AP		0.937	0.0	196.821333
/home/alexrees/scratch/bids	sub-037	ses-01	run-03	sub-037/ses-01/func/sub-037_ses-01_task-movie_run-03_bold.nii.gz	sub-037/ses-01/func/sub-037_ses-01_task-movie_run-03_events.tsv	WRITTEN	Movie2A.mp4	right	Movie2	2	HIGH	ProtocolName_MovieN_to_matlab_run_id+selected_run_id_mat_present	Movie2_AP		0.937	0.0	196.821333
/home/alexrees/scratch/bids	sub-037	ses-01	run-05	sub-037/ses-01/func/sub-037_ses-01_task-movie_run-05_bold.nii.gz	sub-037/ses-01/func/sub-037_ses-01_task-movie_run-05_events.tsv	WRITTEN	Movie1B.mp4	right	Movie3	3	HIGH	ProtocolName_MovieN_to_matlab_run_id+selected_run_id_mat_present	Movie3_AP		0.937	0.0	196.821333
/home/alexrees/scratch/bids	sub-037	ses-01	run-07	sub-037/ses-01/func/sub-037_ses-01_task-movie_run-07_bold.nii.gz	sub-037/ses-01/func/sub-037_ses-01_task-movie_run-07_events.tsv	WRITTEN	Movie2B.mp4	left	Movie4	4	HIGH	ProtocolName_MovieN_to_matlab_run_id+selected_run_id_mat_present	Movie4_AP		0.937	0.0	196.821333
/home/alexrees/scratch/bids	sub-038	ses-01	run-01	sub-038/ses-01/func/sub-038_ses-01_task-movie_run-01_bold.nii.gz	sub-038/ses-01/func/sub-038_ses-01_task-movie_run-01_events.tsv	WRITTEN	Movie1A.mp4	left	Movie1	1	HIGH	ProtocolName_MovieN_to_matlab_run_id+selected_run_id_mat_present	Movie1_AP		0.937	0.0	196.821333
/home/alexrees/scratch/bids	sub-038	ses-01	run-03	sub-038/ses-01/func/sub-038_ses-01_task-movie_run-03_bold.nii.gz	sub-038/ses-01/func/sub-038_ses-01_task-movie_run-03_events.tsv	WRITTEN	Movie2A.mp4	right	Movie2	2	HIGH	ProtocolName_MovieN_to_matlab_run_id+selected_run_id_mat_present	Movie2_AP		0.937	0.0	196.821333
/home/alexrees/scratch/bids	sub-038	ses-01	run-05	sub-038/ses-01/func/sub-038_ses-01_task-movie_run-05_bold.nii.gz	sub-038/ses-01/func/sub-038_ses-01_task-movie_run-05_events.tsv	WRITTEN	Movie1B.mp4	right	Movie3	3	HIGH	ProtocolName_MovieN_to_matlab_run_id+selected_run_id_mat_present	Movie3_AP		0.937	0.0	196.821333
/home/alexrees/scratch/bids	sub-038	ses-01	run-07	sub-038/ses-01/func/sub-038_ses-01_task-movie_run-07_bold.nii.gz	sub-038/ses-01/func/sub-038_ses-01_task-movie_run-07_events.tsv	WRITTEN	Movie2B.mp4	left	Movie4	4	HIGH	ProtocolName_MovieN_to_matlab_run_id+selected_run_id_mat_present	Movie4_AP		0.937	0.0	196.821333
/home/alexrees/scratch/bids	sub-038	ses-02	run-01	sub-038/ses-02/func/sub-038_ses-02_task-movie_run-01_bold.nii.gz	sub-038/ses-02/func/sub-038_ses-02_task-movie_run-01_events.tsv	WRITTEN	Movie1A.mp4	left	Movie1	1	HIGH	ProtocolName_MovieN_to_matlab_run_id+selected_run_id_mat_present	Movie1_AP		0.937	0.0	196.821333
/home/alexrees/scratch/bids	sub-038	ses-02	run-03	sub-038/ses-02/func/sub-038_ses-02_task-movie_run-03_bold.nii.gz	sub-038/ses-02/func/sub-038_ses-02_task-movie_run-03_events.tsv	WRITTEN	Movie2A.mp4	right	Movie2	2	HIGH	ProtocolName_MovieN_to_matlab_run_id+selected_run_id_mat_present	Movie2_AP		0.937	0.0	196.821333
/home/alexrees/scratch/bids	sub-038	ses-02	run-05	sub-038/ses-02/func/sub-038_ses-02_task-movie_run-05_bold.nii.gz	sub-038/ses-02/func/sub-038_ses-02_task-movie_run-05_events.tsv	WRITTEN	Movie1B.mp4	right	Movie3	3	HIGH	ProtocolName_MovieN_to_matlab_run_id+selected_run_id_mat_present	Movie3_AP		0.937	0.0	196.821333
/home/alexrees/scratch/bids	sub-038	ses-02	run-07	sub-038/ses-02/func/sub-038_ses-02_task-movie_run-07_bold.nii.gz	sub-038/ses-02/func/sub-038_ses-02_task-movie_run-07_events.tsv	WRITTEN	Movie2B.mp4	left	Movie4	4	HIGH	ProtocolName_MovieN_to_matlab_run_id+selected_run_id_mat_present	Movie4_AP		0.937	0.0	196.821333
/home/alexrees/scratch/bids	sub-039	ses-01	run-01	sub-039/ses-01/func/sub-039_ses-01_task-movie_run-01_bold.nii.gz	sub-039/ses-01/func/sub-039_ses-01_task-movie_run-01_events.tsv	WRITTEN	Movie1A.mp4	left	Movie1	1	HIGH	ProtocolName_MovieN_to_matlab_run_id+selected_run_id_mat_present	Movie1_AP		0.937	0.0	196.821333
/home/alexrees/scratch/bids	sub-039	ses-01	run-03	sub-039/ses-01/func/sub-039_ses-01_task-movie_run-03_bold.nii.gz	sub-039/ses-01/func/sub-039_ses-01_task-movie_run-03_events.tsv	WRITTEN	Movie2A.mp4	right	Movie2	2	HIGH	ProtocolName_MovieN_to_matlab_run_id+selected_run_id_mat_present	Movie2_AP		0.937	0.0	196.821333
/home/alexrees/scratch/bids	sub-039	ses-01	run-05	sub-039/ses-01/func/sub-039_ses-01_task-movie_run-05_bold.nii.gz	sub-039/ses-01/func/sub-039_ses-01_task-movie_run-05_events.tsv	WRITTEN	Movie1B.mp4	right	Movie3	3	HIGH	ProtocolName_MovieN_to_matlab_run_id+selected_run_id_mat_present	Movie3_AP		0.937	0.0	196.821333
/home/alexrees/scratch/bids	sub-039	ses-01	run-07	sub-039/ses-01/func/sub-039_ses-01_task-movie_run-07_bold.nii.gz	sub-039/ses-01/func/sub-039_ses-01_task-movie_run-07_events.tsv	WRITTEN	Movie2B.mp4	left	Movie4	4	HIGH	ProtocolName_MovieN_to_matlab_run_id+selected_run_id_mat_present	Movie4_AP		0.937	0.0	196.821333
/home/alexrees/scratch/bids	sub-039	ses-02	run-01	sub-039/ses-02/func/sub-039_ses-02_task-movie_run-01_bold.nii.gz	sub-039/ses-02/func/sub-039_ses-02_task-movie_run-01_events.tsv	WRITTEN	Movie1A.mp4	left	Movie1	1	HIGH	ProtocolName_MovieN_to_matlab_run_id+selected_run_id_mat_present	Movie1_AP		0.937	0.0	196.821333
/home/alexrees/scratch/bids	sub-039	ses-02	run-03	sub-039/ses-02/func/sub-039_ses-02_task-movie_run-03_bold.nii.gz	sub-039/ses-02/func/sub-039_ses-02_task-movie_run-03_events.tsv	WRITTEN	Movie2A.mp4	right	Movie2	2	HIGH	ProtocolName_MovieN_to_matlab_run_id+selected_run_id_mat_present	Movie2_AP		0.937	0.0	196.821333
/home/alexrees/scratch/bids	sub-039	ses-02	run-05	sub-039/ses-02/func/sub-039_ses-02_task-movie_run-05_bold.nii.gz	sub-039/ses-02/func/sub-039_ses-02_task-movie_run-05_events.tsv	WRITTEN	Movie1B.mp4	right	Movie3	3	HIGH	ProtocolName_MovieN_to_matlab_run_id+selected_run_id_mat_present	Movie3_AP		0.937	0.0	196.821333
/home/alexrees/scratch/bids	sub-039	ses-02	run-07	sub-039/ses-02/func/sub-039_ses-02_task-movie_run-07_bold.nii.gz	sub-039/ses-02/func/sub-039_ses-02_task-movie_run-07_events.tsv	WRITTEN	Movie2B.mp4	left	Movie4	4	HIGH	ProtocolName_MovieN_to_matlab_run_id+selected_run_id_mat_present	Movie4_AP		0.937	0.0	196.821333
/home/alexrees/scratch/bids	sub-040	ses-01	run-01	sub-040/ses-01/func/sub-040_ses-01_task-movie_run-01_bold.nii.gz	sub-040/ses-01/func/sub-040_ses-01_task-movie_run-01_events.tsv	WRITTEN	Movie1A.mp4	left	Movie1	1	HIGH	ProtocolName_MovieN_to_matlab_run_id+selected_run_id_mat_present	Movie1_AP		0.937	0.0	196.821333
/home/alexrees/scratch/bids	sub-040	ses-01	run-03	sub-040/ses-01/func/sub-040_ses-01_task-movie_run-03_bold.nii.gz	sub-040/ses-01/func/sub-040_ses-01_task-movie_run-03_events.tsv	WRITTEN	Movie2A.mp4	right	Movie2	2	HIGH	ProtocolName_MovieN_to_matlab_run_id+selected_run_id_mat_present	Movie2_AP		0.937	0.0	196.821333
/home/alexrees/scratch/bids	sub-040	ses-01	run-05	sub-040/ses-01/func/sub-040_ses-01_task-movie_run-05_bold.nii.gz	sub-040/ses-01/func/sub-040_ses-01_task-movie_run-05_events.tsv	WRITTEN	Movie1B.mp4	right	Movie3	3	HIGH	ProtocolName_MovieN_to_matlab_run_id+selected_run_id_mat_present	Movie3_AP		0.937	0.0	196.821333
/home/alexrees/scratch/bids	sub-040	ses-01	run-07	sub-040/ses-01/func/sub-040_ses-01_task-movie_run-07_bold.nii.gz	sub-040/ses-01/func/sub-040_ses-01_task-movie_run-07_events.tsv	WRITTEN	Movie2B.mp4	left	Movie4	4	HIGH	ProtocolName_MovieN_to_matlab_run_id+selected_run_id_mat_present	Movie4_AP		0.937	0.0	196.821333
/home/alexrees/scratch/bids	sub-040	ses-02	run-01	sub-040/ses-02/func/sub-040_ses-02_task-movie_run-01_bold.nii.gz	sub-040/ses-02/func/sub-040_ses-02_task-movie_run-01_events.tsv	WRITTEN	Movie1A.mp4	left	Movie1	1	HIGH	ProtocolName_MovieN_to_matlab_run_id+selected_run_id_mat_present	Movie1_AP		0.937	0.0	196.821333
/home/alexrees/scratch/bids	sub-040	ses-02	run-03	sub-040/ses-02/func/sub-040_ses-02_task-movie_run-03_bold.nii.gz	sub-040/ses-02/func/sub-040_ses-02_task-movie_run-03_events.tsv	WRITTEN	Movie2A.mp4	right	Movie2	2	HIGH	ProtocolName_MovieN_to_matlab_run_id+selected_run_id_mat_present	Movie2_AP		0.937	0.0	196.821333
/home/alexrees/scratch/bids	sub-040	ses-02	run-05	sub-040/ses-02/func/sub-040_ses-02_task-movie_run-05_bold.nii.gz	sub-040/ses-02/func/sub-040_ses-02_task-movie_run-05_events.tsv	WRITTEN	Movie1B.mp4	right	Movie3	3	HIGH	ProtocolName_MovieN_to_matlab_run_id+selected_run_id_mat_present	Movie3_AP		0.937	0.0	196.821333
/home/alexrees/scratch/bids	sub-040	ses-02	run-07	sub-040/ses-02/func/sub-040_ses-02_task-movie_run-07_bold.nii.gz	sub-040/ses-02/func/sub-040_ses-02_task-movie_run-07_events.tsv	WRITTEN	Movie2B.mp4	left	Movie4	4	HIGH	ProtocolName_MovieN_to_matlab_run_id+selected_run_id_mat_present	Movie4_AP		0.937	0.0	196.821333
/home/alexrees/scratch/bids	sub-041	ses-01	run-01	sub-041/ses-01/func/sub-041_ses-01_task-movie_run-01_bold.nii.gz	sub-041/ses-01/func/sub-041_ses-01_task-movie_run-01_events.tsv	WRITTEN	Movie1A.mp4	left	Movie1	1	HIGH	ProtocolName_MovieN_to_matlab_run_id+selected_run_id_mat_present	Movie1_AP		0.937	0.0	196.821333
/home/alexrees/scratch/bids	sub-041	ses-01	run-03	sub-041/ses-01/func/sub-041_ses-01_task-movie_run-03_bold.nii.gz	sub-041/ses-01/func/sub-041_ses-01_task-movie_run-03_events.tsv	WRITTEN	Movie2A.mp4	right	Movie2	2	HIGH	ProtocolName_MovieN_to_matlab_run_id+selected_run_id_mat_present	Movie2_AP		0.937	0.0	196.821333
/home/alexrees/scratch/bids	sub-041	ses-01	run-05	sub-041/ses-01/func/sub-041_ses-01_task-movie_run-05_bold.nii.gz	sub-041/ses-01/func/sub-041_ses-01_task-movie_run-05_events.tsv	WRITTEN	Movie1B.mp4	right	Movie3	3	HIGH	ProtocolName_MovieN_to_matlab_run_id+selected_run_id_mat_present	Movie3_AP		0.937	0.0	196.821333
/home/alexrees/scratch/bids	sub-041	ses-01	run-07	sub-041/ses-01/func/sub-041_ses-01_task-movie_run-07_bold.nii.gz	sub-041/ses-01/func/sub-041_ses-01_task-movie_run-07_events.tsv	WRITTEN	Movie2B.mp4	left	Movie4	4	HIGH	ProtocolName_MovieN_to_matlab_run_id+selected_run_id_mat_present	Movie4_AP		0.937	0.0	196.821333
/home/alexrees/scratch/bids	sub-041	ses-02	run-01	sub-041/ses-02/func/sub-041_ses-02_task-movie_run-01_bold.nii.gz	sub-041/ses-02/func/sub-041_ses-02_task-movie_run-01_events.tsv	WRITTEN	Movie1A.mp4	left	Movie1	1	HIGH	ProtocolName_MovieN_to_matlab_run_id+selected_run_id_mat_present	Movie1_AP		0.937	0.0	196.821333
/home/alexrees/scratch/bids	sub-041	ses-02	run-03	sub-041/ses-02/func/sub-041_ses-02_task-movie_run-03_bold.nii.gz	sub-041/ses-02/func/sub-041_ses-02_task-movie_run-03_events.tsv	WRITTEN	Movie2A.mp4	right	Movie2	2	HIGH	ProtocolName_MovieN_to_matlab_run_id+selected_run_id_mat_present	Movie2_AP		0.937	0.0	196.821333
/home/alexrees/scratch/bids	sub-041	ses-02	run-05	sub-041/ses-02/func/sub-041_ses-02_task-movie_run-05_bold.nii.gz	sub-041/ses-02/func/sub-041_ses-02_task-movie_run-05_events.tsv	WRITTEN	Movie1B.mp4	right	Movie3	3	HIGH	ProtocolName_MovieN_to_matlab_run_id+selected_run_id_mat_present	Movie3_AP		0.937	0.0	196.821333
/home/alexrees/scratch/bids	sub-041	ses-02	run-07	sub-041/ses-02/func/sub-041_ses-02_task-movie_run-07_bold.nii.gz	sub-041/ses-02/func/sub-041_ses-02_task-movie_run-07_events.tsv	WRITTEN	Movie2B.mp4	left	Movie4	4	HIGH	ProtocolName_MovieN_to_matlab_run_id+selected_run_id_mat_present	Movie4_AP		0.937	0.0	196.821333
/home/alexrees/scratch/bids	sub-042	ses-01	run-01	sub-042/ses-01/func/sub-042_ses-01_task-movie_run-01_bold.nii.gz	sub-042/ses-01/func/sub-042_ses-01_task-movie_run-01_events.tsv	WRITTEN	Movie1A.mp4	left	Movie1	1	HIGH	ProtocolName_MovieN_to_matlab_run_id+selected_run_id_mat_present	Movie1_AP		0.937	0.0	196.821333
/home/alexrees/scratch/bids	sub-042	ses-01	run-03	sub-042/ses-01/func/sub-042_ses-01_task-movie_run-03_bold.nii.gz	sub-042/ses-01/func/sub-042_ses-01_task-movie_run-03_events.tsv	WRITTEN	Movie2A.mp4	right	Movie2	2	HIGH	ProtocolName_MovieN_to_matlab_run_id+selected_run_id_mat_present	Movie2_AP		0.937	0.0	196.821333
/home/alexrees/scratch/bids	sub-042	ses-01	run-05	sub-042/ses-01/func/sub-042_ses-01_task-movie_run-05_bold.nii.gz	sub-042/ses-01/func/sub-042_ses-01_task-movie_run-05_events.tsv	WRITTEN	Movie1B.mp4	right	Movie3	3	HIGH	ProtocolName_MovieN_to_matlab_run_id+selected_run_id_mat_present	Movie3_AP		0.937	0.0	196.821333
/home/alexrees/scratch/bids	sub-042	ses-01	run-07	sub-042/ses-01/func/sub-042_ses-01_task-movie_run-07_bold.nii.gz	sub-042/ses-01/func/sub-042_ses-01_task-movie_run-07_events.tsv	WRITTEN	Movie2B.mp4	left	Movie4	4	HIGH	ProtocolName_MovieN_to_matlab_run_id+selected_run_id_mat_present	Movie4_AP		0.937	0.0	196.821333
/home/alexrees/scratch/bids	sub-043	ses-02	run-01	sub-043/ses-02/func/sub-043_ses-02_task-movie_run-01_bold.nii.gz	sub-043/ses-02/func/sub-043_ses-02_task-movie_run-01_events.tsv	WRITTEN	Movie1A.mp4	left	Movie1	1	MEDIUM	ProtocolName_MovieN_fallback_unassigned_or_ambiguous	Movie1_AP		0.937	0.0	196.821333
/home/alexrees/scratch/bids	sub-043	ses-02	run-02	sub-043/ses-02/func/sub-043_ses-02_task-movie_run-02_bold.nii.gz	sub-043/ses-02/func/sub-043_ses-02_task-movie_run-02_events.tsv	WRITTEN	Movie1A.mp4	left	Movie1	1	MEDIUM	ProtocolName_MovieN_fallback_unassigned_or_ambiguous	Movie1_AP		0.937	0.0	196.821333
/home/alexrees/scratch/bids	sub-043	ses-02	run-05	sub-043/ses-02/func/sub-043_ses-02_task-movie_run-05_bold.nii.gz	sub-043/ses-02/func/sub-043_ses-02_task-movie_run-05_events.tsv	WRITTEN	Movie2A.mp4	right	Movie2	2	MEDIUM	ProtocolName_MovieN_fallback_unassigned_or_ambiguous	Movie2_AP		0.937	0.0	196.821333
/home/alexrees/scratch/bids	sub-043	ses-02	run-06	sub-043/ses-02/func/sub-043_ses-02_task-movie_run-06_bold.nii.gz	sub-043/ses-02/func/sub-043_ses-02_task-movie_run-06_events.tsv	WRITTEN	Movie2A.mp4	right	Movie2	2	MEDIUM	ProtocolName_MovieN_fallback_unassigned_or_ambiguous	Movie2_AP		0.937	0.0	196.821333
/home/alexrees/scratch/bids	sub-043	ses-02	run-09	sub-043/ses-02/func/sub-043_ses-02_task-movie_run-09_bold.nii.gz	sub-043/ses-02/func/sub-043_ses-02_task-movie_run-09_events.tsv	WRITTEN	Movie1B.mp4	right	Movie3	3	MEDIUM	ProtocolName_MovieN_fallback_unassigned_or_ambiguous	Movie3_AP		0.937	0.0	196.821333
/home/alexrees/scratch/bids	sub-043	ses-02	run-10	sub-043/ses-02/func/sub-043_ses-02_task-movie_run-10_bold.nii.gz	sub-043/ses-02/func/sub-043_ses-02_task-movie_run-10_events.tsv	WRITTEN	Movie1B.mp4	right	Movie3	3	MEDIUM	ProtocolName_MovieN_fallback_unassigned_or_ambiguous	Movie3_AP		0.937	0.0	196.821333
/home/alexrees/scratch/bids	sub-043	ses-02	run-13	sub-043/ses-02/func/sub-043_ses-02_task-movie_run-13_bold.nii.gz	sub-043/ses-02/func/sub-043_ses-02_task-movie_run-13_events.tsv	WRITTEN	Movie2B.mp4	left	Movie4	4	MEDIUM	ProtocolName_MovieN_fallback_unassigned_or_ambiguous	Movie4_AP		0.937	0.0	196.821333
/home/alexrees/scratch/bids	sub-043	ses-02	run-14	sub-043/ses-02/func/sub-043_ses-02_task-movie_run-14_bold.nii.gz	sub-043/ses-02/func/sub-043_ses-02_task-movie_run-14_events.tsv	WRITTEN	Movie2B.mp4	left	Movie4	4	MEDIUM	ProtocolName_MovieN_fallback_unassigned_or_ambiguous	Movie4_AP		0.937	0.0	196.821333
/home/alexrees/scratch/bids	sub-044	ses-01	run-01	sub-044/ses-01/func/sub-044_ses-01_task-movie_run-01_bold.nii.gz	sub-044/ses-01/func/sub-044_ses-01_task-movie_run-01_events.tsv	WRITTEN	Movie1A.mp4	left	Movie1	1	HIGH	ProtocolName_MovieN_to_matlab_run_id+selected_run_id_mat_present	Movie1_AP		0.937	0.0	196.821333
/home/alexrees/scratch/bids	sub-044	ses-01	run-03	sub-044/ses-01/func/sub-044_ses-01_task-movie_run-03_bold.nii.gz	sub-044/ses-01/func/sub-044_ses-01_task-movie_run-03_events.tsv	WRITTEN	Movie2A.mp4	right	Movie2	2	HIGH	ProtocolName_MovieN_to_matlab_run_id+selected_run_id_mat_present	Movie2_AP		0.937	0.0	196.821333
/home/alexrees/scratch/bids	sub-044	ses-01	run-05	sub-044/ses-01/func/sub-044_ses-01_task-movie_run-05_bold.nii.gz	sub-044/ses-01/func/sub-044_ses-01_task-movie_run-05_events.tsv	WRITTEN	Movie1B.mp4	right	Movie3	3	HIGH	ProtocolName_MovieN_to_matlab_run_id+selected_run_id_mat_present	Movie3_AP		0.937	0.0	196.821333
/home/alexrees/scratch/bids	sub-044	ses-01	run-07	sub-044/ses-01/func/sub-044_ses-01_task-movie_run-07_bold.nii.gz	sub-044/ses-01/func/sub-044_ses-01_task-movie_run-07_events.tsv	WRITTEN	Movie2B.mp4	left	Movie4	4	HIGH	ProtocolName_MovieN_to_matlab_run_id+selected_run_id_mat_present	Movie4_AP		0.937	0.0	196.821333
/home/alexrees/scratch/bids	sub-044	ses-02	run-01	sub-044/ses-02/func/sub-044_ses-02_task-movie_run-01_bold.nii.gz	sub-044/ses-02/func/sub-044_ses-02_task-movie_run-01_events.tsv	WRITTEN	Movie1A.mp4	left	Movie1	1	HIGH	ProtocolName_MovieN_to_matlab_run_id+selected_run_id_mat_present	Movie1_AP		0.937	0.0	196.821333
/home/alexrees/scratch/bids	sub-044	ses-02	run-03	sub-044/ses-02/func/sub-044_ses-02_task-movie_run-03_bold.nii.gz	sub-044/ses-02/func/sub-044_ses-02_task-movie_run-03_events.tsv	WRITTEN	Movie2A.mp4	right	Movie2	2	HIGH	ProtocolName_MovieN_to_matlab_run_id+selected_run_id_mat_present	Movie2_AP		0.937	0.0	196.821333
/home/alexrees/scratch/bids	sub-044	ses-02	run-05	sub-044/ses-02/func/sub-044_ses-02_task-movie_run-05_bold.nii.gz	sub-044/ses-02/func/sub-044_ses-02_task-movie_run-05_events.tsv	WRITTEN	Movie1B.mp4	right	Movie3	3	HIGH	ProtocolName_MovieN_to_matlab_run_id+selected_run_id_mat_present	Movie3_AP		0.937	0.0	196.821333
/home/alexrees/scratch/bids	sub-044	ses-02	run-07	sub-044/ses-02/func/sub-044_ses-02_task-movie_run-07_bold.nii.gz	sub-044/ses-02/func/sub-044_ses-02_task-movie_run-07_events.tsv	WRITTEN	Movie2B.mp4	left	Movie4	4	HIGH	ProtocolName_MovieN_to_matlab_run_id+selected_run_id_mat_present	Movie4_AP		0.937	0.0	196.821333
/home/alexrees/scratch/bids	sub-045	ses-01	run-01	sub-045/ses-01/func/sub-045_ses-01_task-movie_run-01_bold.nii.gz	sub-045/ses-01/func/sub-045_ses-01_task-movie_run-01_events.tsv	WRITTEN	Movie1A.mp4	left	Movie1	1	HIGH	ProtocolName_MovieN_to_matlab_run_id+selected_run_id_mat_present	Movie1_AP		0.937	0.0	196.821333
/home/alexrees/scratch/bids	sub-045	ses-01	run-03	sub-045/ses-01/func/sub-045_ses-01_task-movie_run-03_bold.nii.gz	sub-045/ses-01/func/sub-045_ses-01_task-movie_run-03_events.tsv	WRITTEN	Movie2A.mp4	right	Movie2	2	HIGH	ProtocolName_MovieN_to_matlab_run_id+selected_run_id_mat_present	Movie2_AP		0.937	0.0	196.821333
/home/alexrees/scratch/bids	sub-045	ses-01	run-05	sub-045/ses-01/func/sub-045_ses-01_task-movie_run-05_bold.nii.gz	sub-045/ses-01/func/sub-045_ses-01_task-movie_run-05_events.tsv	WRITTEN	Movie1B.mp4	right	Movie3	3	HIGH	ProtocolName_MovieN_to_matlab_run_id+selected_run_id_mat_present	Movie3_AP		0.937	0.0	196.821333
/home/alexrees/scratch/bids	sub-045	ses-01	run-07	sub-045/ses-01/func/sub-045_ses-01_task-movie_run-07_bold.nii.gz	sub-045/ses-01/func/sub-045_ses-01_task-movie_run-07_events.tsv	WRITTEN	Movie2B.mp4	left	Movie4	4	HIGH	ProtocolName_MovieN_to_matlab_run_id+selected_run_id_mat_present	Movie4_AP		0.937	0.0	196.821333
/home/alexrees/scratch/bids	sub-046	ses-01	run-01	sub-046/ses-01/func/sub-046_ses-01_task-movie_run-01_bold.nii.gz	sub-046/ses-01/func/sub-046_ses-01_task-movie_run-01_events.tsv	WRITTEN	Movie1A.mp4	left	Movie1	1	HIGH	ProtocolName_MovieN_to_matlab_run_id+selected_run_id_mat_present	Movie1_AP		0.937	0.0	196.821333
/home/alexrees/scratch/bids	sub-046	ses-01	run-03	sub-046/ses-01/func/sub-046_ses-01_task-movie_run-03_bold.nii.gz	sub-046/ses-01/func/sub-046_ses-01_task-movie_run-03_events.tsv	WRITTEN	Movie2A.mp4	right	Movie2	2	HIGH	ProtocolName_MovieN_to_matlab_run_id+selected_run_id_mat_present	Movie2_AP		0.937	0.0	196.821333
/home/alexrees/scratch/bids	sub-046	ses-01	run-05	sub-046/ses-01/func/sub-046_ses-01_task-movie_run-05_bold.nii.gz	sub-046/ses-01/func/sub-046_ses-01_task-movie_run-05_events.tsv	WRITTEN	Movie1B.mp4	right	Movie3	3	HIGH	ProtocolName_MovieN_to_matlab_run_id+selected_run_id_mat_present	Movie3_AP		0.937	0.0	196.821333
/home/alexrees/scratch/bids	sub-046	ses-01	run-07	sub-046/ses-01/func/sub-046_ses-01_task-movie_run-07_bold.nii.gz	sub-046/ses-01/func/sub-046_ses-01_task-movie_run-07_events.tsv	WRITTEN	Movie2B.mp4	left	Movie4	4	HIGH	ProtocolName_MovieN_to_matlab_run_id+selected_run_id_mat_present	Movie4_AP		0.937	0.0	196.821333
/home/alexrees/scratch/bids	sub-046	ses-02	run-01	sub-046/ses-02/func/sub-046_ses-02_task-movie_run-01_bold.nii.gz	sub-046/ses-02/func/sub-046_ses-02_task-movie_run-01_events.tsv	WRITTEN	Movie1A.mp4	left	Movie1	1	HIGH	ProtocolName_MovieN_to_matlab_run_id+selected_run_id_mat_present	Movie1_AP		0.937	0.0	196.821333
/home/alexrees/scratch/bids	sub-046	ses-02	run-03	sub-046/ses-02/func/sub-046_ses-02_task-movie_run-03_bold.nii.gz	sub-046/ses-02/func/sub-046_ses-02_task-movie_run-03_events.tsv	WRITTEN	Movie2A.mp4	right	Movie2	2	HIGH	ProtocolName_MovieN_to_matlab_run_id+selected_run_id_mat_present	Movie2_AP		0.937	0.0	196.821333
/home/alexrees/scratch/bids	sub-046	ses-02	run-05	sub-046/ses-02/func/sub-046_ses-02_task-movie_run-05_bold.nii.gz	sub-046/ses-02/func/sub-046_ses-02_task-movie_run-05_events.tsv	WRITTEN	Movie1B.mp4	right	Movie3	3	HIGH	ProtocolName_MovieN_to_matlab_run_id+selected_run_id_mat_present	Movie3_AP		0.937	0.0	196.821333
/home/alexrees/scratch/bids	sub-046	ses-02	run-07	sub-046/ses-02/func/sub-046_ses-02_task-movie_run-07_bold.nii.gz	sub-046/ses-02/func/sub-046_ses-02_task-movie_run-07_events.tsv	WRITTEN	Movie2B.mp4	left	Movie4	4	HIGH	ProtocolName_MovieN_to_matlab_run_id+selected_run_id_mat_present	Movie4_AP		0.937	0.0	196.821333
/home/alexrees/scratch/bids	sub-047	ses-01	run-01	sub-047/ses-01/func/sub-047_ses-01_task-movie_run-01_bold.nii.gz	sub-047/ses-01/func/sub-047_ses-01_task-movie_run-01_events.tsv	WRITTEN	Movie1A.mp4	left	Movie1	1	HIGH	ProtocolName_MovieN_to_matlab_run_id	Movie1_AP		0.937	0.0	196.821333
/home/alexrees/scratch/bids	sub-047	ses-01	run-03	sub-047/ses-01/func/sub-047_ses-01_task-movie_run-03_bold.nii.gz	sub-047/ses-01/func/sub-047_ses-01_task-movie_run-03_events.tsv	WRITTEN	Movie2A.mp4	right	Movie2	2	HIGH	ProtocolName_MovieN_to_matlab_run_id	Movie2_AP		0.937	0.0	196.821333
/home/alexrees/scratch/bids	sub-047	ses-01	run-05	sub-047/ses-01/func/sub-047_ses-01_task-movie_run-05_bold.nii.gz	sub-047/ses-01/func/sub-047_ses-01_task-movie_run-05_events.tsv	WRITTEN	Movie1B.mp4	right	Movie3	3	HIGH	ProtocolName_MovieN_to_matlab_run_id	Movie3_AP		0.937	0.0	196.821333
/home/alexrees/scratch/bids	sub-047	ses-01	run-07	sub-047/ses-01/func/sub-047_ses-01_task-movie_run-07_bold.nii.gz	sub-047/ses-01/func/sub-047_ses-01_task-movie_run-07_events.tsv	WRITTEN	Movie2B.mp4	left	Movie4	4	HIGH	ProtocolName_MovieN_to_matlab_run_id	Movie4_AP		0.937	0.0	196.821333
/home/alexrees/scratch/bids	sub-047	ses-02	run-01	sub-047/ses-02/func/sub-047_ses-02_task-movie_run-01_bold.nii.gz	sub-047/ses-02/func/sub-047_ses-02_task-movie_run-01_events.tsv	WRITTEN	Movie1A.mp4	left	Movie1	1	HIGH	ProtocolName_MovieN_to_matlab_run_id+selected_run_id_mat_present	Movie1_AP		0.937	0.0	196.821333
/home/alexrees/scratch/bids	sub-047	ses-02	run-03	sub-047/ses-02/func/sub-047_ses-02_task-movie_run-03_bold.nii.gz	sub-047/ses-02/func/sub-047_ses-02_task-movie_run-03_events.tsv	WRITTEN	Movie2A.mp4	right	Movie2	2	HIGH	ProtocolName_MovieN_to_matlab_run_id+selected_run_id_mat_present	Movie2_AP		0.937	0.0	196.821333
/home/alexrees/scratch/bids	sub-047	ses-02	run-05	sub-047/ses-02/func/sub-047_ses-02_task-movie_run-05_bold.nii.gz	sub-047/ses-02/func/sub-047_ses-02_task-movie_run-05_events.tsv	WRITTEN	Movie1B.mp4	right	Movie3	3	HIGH	ProtocolName_MovieN_to_matlab_run_id+selected_run_id_mat_present	Movie3_AP		0.937	0.0	196.821333
/home/alexrees/scratch/bids	sub-047	ses-02	run-07	sub-047/ses-02/func/sub-047_ses-02_task-movie_run-07_bold.nii.gz	sub-047/ses-02/func/sub-047_ses-02_task-movie_run-07_events.tsv	WRITTEN	Movie2B.mp4	left	Movie4	4	HIGH	ProtocolName_MovieN_to_matlab_run_id+selected_run_id_mat_present	Movie4_AP		0.937	0.0	196.821333
/home/alexrees/scratch/bids	sub-048	ses-01	run-01	sub-048/ses-01/func/sub-048_ses-01_task-movie_run-01_bold.nii.gz	sub-048/ses-01/func/sub-048_ses-01_task-movie_run-01_events.tsv	WRITTEN	Movie1A.mp4	left	Movie1	1	HIGH	ProtocolName_MovieN_to_matlab_run_id+selected_run_id_mat_present	Movie1_AP		0.937	0.0	196.821333
/home/alexrees/scratch/bids	sub-048	ses-01	run-03	sub-048/ses-01/func/sub-048_ses-01_task-movie_run-03_bold.nii.gz	sub-048/ses-01/func/sub-048_ses-01_task-movie_run-03_events.tsv	WRITTEN	Movie2A.mp4	right	Movie2	2	HIGH	ProtocolName_MovieN_to_matlab_run_id+selected_run_id_mat_present	Movie2_AP		0.937	0.0	196.821333
/home/alexrees/scratch/bids	sub-048	ses-01	run-05	sub-048/ses-01/func/sub-048_ses-01_task-movie_run-05_bold.nii.gz	sub-048/ses-01/func/sub-048_ses-01_task-movie_run-05_events.tsv	WRITTEN	Movie1B.mp4	right	Movie3	3	HIGH	ProtocolName_MovieN_to_matlab_run_id+selected_run_id_mat_present	Movie3_AP		0.937	0.0	196.821333
/home/alexrees/scratch/bids	sub-048	ses-01	run-07	sub-048/ses-01/func/sub-048_ses-01_task-movie_run-07_bold.nii.gz	sub-048/ses-01/func/sub-048_ses-01_task-movie_run-07_events.tsv	WRITTEN	Movie2B.mp4	left	Movie4	4	HIGH	ProtocolName_MovieN_to_matlab_run_id+selected_run_id_mat_present	Movie4_AP		0.937	0.0	196.821333
/home/alexrees/scratch/bids	sub-048	ses-02	run-01	sub-048/ses-02/func/sub-048_ses-02_task-movie_run-01_bold.nii.gz	sub-048/ses-02/func/sub-048_ses-02_task-movie_run-01_events.tsv	WRITTEN	Movie1A.mp4	left	Movie1	1	HIGH	ProtocolName_MovieN_to_matlab_run_id+selected_run_id_mat_present	Movie1_AP		0.937	0.0	196.821333
/home/alexrees/scratch/bids	sub-048	ses-02	run-03	sub-048/ses-02/func/sub-048_ses-02_task-movie_run-03_bold.nii.gz	sub-048/ses-02/func/sub-048_ses-02_task-movie_run-03_events.tsv	WRITTEN	Movie2A.mp4	right	Movie2	2	HIGH	ProtocolName_MovieN_to_matlab_run_id+selected_run_id_mat_present	Movie2_AP		0.937	0.0	196.821333
/home/alexrees/scratch/bids	sub-048	ses-02	run-05	sub-048/ses-02/func/sub-048_ses-02_task-movie_run-05_bold.nii.gz	sub-048/ses-02/func/sub-048_ses-02_task-movie_run-05_events.tsv	WRITTEN	Movie1B.mp4	right	Movie3	3	HIGH	ProtocolName_MovieN_to_matlab_run_id+selected_run_id_mat_present	Movie3_AP		0.937	0.0	196.821333
/home/alexrees/scratch/bids	sub-048	ses-02	run-07	sub-048/ses-02/func/sub-048_ses-02_task-movie_run-07_bold.nii.gz	sub-048/ses-02/func/sub-048_ses-02_task-movie_run-07_events.tsv	WRITTEN	Movie2B.mp4	left	Movie4	4	HIGH	ProtocolName_MovieN_to_matlab_run_id+selected_run_id_mat_present	Movie4_AP		0.937	0.0	196.821333
/home/alexrees/scratch/bids	sub-049	ses-01	run-01	sub-049/ses-01/func/sub-049_ses-01_task-movie_run-01_bold.nii.gz	sub-049/ses-01/func/sub-049_ses-01_task-movie_run-01_events.tsv	WRITTEN	Movie1A.mp4	left	Movie1	1	HIGH	ProtocolName_MovieN_to_matlab_run_id+selected_run_id_mat_present	Movie1_AP		0.937	0.0	196.821333
/home/alexrees/scratch/bids	sub-049	ses-01	run-03	sub-049/ses-01/func/sub-049_ses-01_task-movie_run-03_bold.nii.gz	sub-049/ses-01/func/sub-049_ses-01_task-movie_run-03_events.tsv	WRITTEN	Movie2A.mp4	right	Movie2	2	HIGH	ProtocolName_MovieN_to_matlab_run_id+selected_run_id_mat_present	Movie2_AP		0.937	0.0	196.821333
/home/alexrees/scratch/bids	sub-049	ses-01	run-05	sub-049/ses-01/func/sub-049_ses-01_task-movie_run-05_bold.nii.gz	sub-049/ses-01/func/sub-049_ses-01_task-movie_run-05_events.tsv	WRITTEN	Movie1B.mp4	right	Movie3	3	HIGH	ProtocolName_MovieN_to_matlab_run_id+selected_run_id_mat_present	Movie3_AP		0.937	0.0	196.821333
/home/alexrees/scratch/bids	sub-049	ses-01	run-07	sub-049/ses-01/func/sub-049_ses-01_task-movie_run-07_bold.nii.gz	sub-049/ses-01/func/sub-049_ses-01_task-movie_run-07_events.tsv	WRITTEN	Movie2B.mp4	left	Movie4	4	HIGH	ProtocolName_MovieN_to_matlab_run_id+selected_run_id_mat_present	Movie4_AP		0.937	0.0	196.821333
/home/alexrees/scratch/bids	sub-049	ses-02	run-01	sub-049/ses-02/func/sub-049_ses-02_task-movie_run-01_bold.nii.gz	sub-049/ses-02/func/sub-049_ses-02_task-movie_run-01_events.tsv	WRITTEN	Movie1A.mp4	left	Movie1	1	HIGH	ProtocolName_MovieN_to_matlab_run_id+selected_run_id_mat_present	Movie1_AP		0.937	0.0	196.821333
/home/alexrees/scratch/bids	sub-049	ses-02	run-03	sub-049/ses-02/func/sub-049_ses-02_task-movie_run-03_bold.nii.gz	sub-049/ses-02/func/sub-049_ses-02_task-movie_run-03_events.tsv	WRITTEN	Movie2A.mp4	right	Movie2	2	HIGH	ProtocolName_MovieN_to_matlab_run_id+selected_run_id_mat_present	Movie2_AP		0.937	0.0	196.821333
/home/alexrees/scratch/bids	sub-049	ses-02	run-05	sub-049/ses-02/func/sub-049_ses-02_task-movie_run-05_bold.nii.gz	sub-049/ses-02/func/sub-049_ses-02_task-movie_run-05_events.tsv	WRITTEN	Movie1B.mp4	right	Movie3	3	HIGH	ProtocolName_MovieN_to_matlab_run_id+selected_run_id_mat_present	Movie3_AP		0.937	0.0	196.821333
/home/alexrees/scratch/bids	sub-050	ses-01	run-01	sub-050/ses-01/func/sub-050_ses-01_task-movie_run-01_bold.nii.gz	sub-050/ses-01/func/sub-050_ses-01_task-movie_run-01_events.tsv	WRITTEN	Movie1A.mp4	left	Movie1	1	HIGH	ProtocolName_MovieN_to_matlab_run_id+selected_run_id_mat_present	Movie1_AP		0.937	0.0	196.821333
/home/alexrees/scratch/bids	sub-050	ses-01	run-03	sub-050/ses-01/func/sub-050_ses-01_task-movie_run-03_bold.nii.gz	sub-050/ses-01/func/sub-050_ses-01_task-movie_run-03_events.tsv	WRITTEN	Movie2A.mp4	right	Movie2	2	HIGH	ProtocolName_MovieN_to_matlab_run_id+selected_run_id_mat_present	Movie2_AP		0.937	0.0	196.821333
/home/alexrees/scratch/bids	sub-050	ses-01	run-05	sub-050/ses-01/func/sub-050_ses-01_task-movie_run-05_bold.nii.gz	sub-050/ses-01/func/sub-050_ses-01_task-movie_run-05_events.tsv	WRITTEN	Movie1B.mp4	right	Movie3	3	HIGH	ProtocolName_MovieN_to_matlab_run_id+selected_run_id_mat_present	Movie3_AP		0.937	0.0	196.821333
/home/alexrees/scratch/bids	sub-050	ses-01	run-07	sub-050/ses-01/func/sub-050_ses-01_task-movie_run-07_bold.nii.gz	sub-050/ses-01/func/sub-050_ses-01_task-movie_run-07_events.tsv	WRITTEN	Movie2B.mp4	left	Movie4	4	HIGH	ProtocolName_MovieN_to_matlab_run_id+selected_run_id_mat_present	Movie4_AP		0.937	0.0	196.821333
/home/alexrees/scratch/bids	sub-051	ses-01	run-01	sub-051/ses-01/func/sub-051_ses-01_task-movie_run-01_bold.nii.gz	sub-051/ses-01/func/sub-051_ses-01_task-movie_run-01_events.tsv	WRITTEN	Movie1A.mp4	left	Movie1	1	HIGH	ProtocolName_MovieN_to_matlab_run_id	Movie1_AP		0.937	0.0	196.821333
/home/alexrees/scratch/bids	sub-051	ses-01	run-03	sub-051/ses-01/func/sub-051_ses-01_task-movie_run-03_bold.nii.gz	sub-051/ses-01/func/sub-051_ses-01_task-movie_run-03_events.tsv	WRITTEN	Movie2A.mp4	right	Movie2	2	HIGH	ProtocolName_MovieN_to_matlab_run_id	Movie2_AP		0.937	0.0	196.821333
/home/alexrees/scratch/bids	sub-051	ses-01	run-05	sub-051/ses-01/func/sub-051_ses-01_task-movie_run-05_bold.nii.gz	sub-051/ses-01/func/sub-051_ses-01_task-movie_run-05_events.tsv	WRITTEN	Movie1B.mp4	right	Movie3	3	HIGH	ProtocolName_MovieN_to_matlab_run_id	Movie3_AP		0.937	0.0	196.821333
/home/alexrees/scratch/bids	sub-051	ses-01	run-07	sub-051/ses-01/func/sub-051_ses-01_task-movie_run-07_bold.nii.gz	sub-051/ses-01/func/sub-051_ses-01_task-movie_run-07_events.tsv	WRITTEN	Movie2B.mp4	left	Movie4	4	HIGH	ProtocolName_MovieN_to_matlab_run_id	Movie4_AP		0.937	0.0	196.821333
/home/alexrees/scratch/bids	sub-052	ses-01	run-01	sub-052/ses-01/func/sub-052_ses-01_task-movie_run-01_bold.nii.gz	sub-052/ses-01/func/sub-052_ses-01_task-movie_run-01_events.tsv	WRITTEN	Movie1A.mp4	left	Movie1	1	HIGH	ProtocolName_MovieN_to_matlab_run_id+selected_run_id_mat_present	Movie1_AP		0.937	0.0	196.821333
/home/alexrees/scratch/bids	sub-052	ses-01	run-03	sub-052/ses-01/func/sub-052_ses-01_task-movie_run-03_bold.nii.gz	sub-052/ses-01/func/sub-052_ses-01_task-movie_run-03_events.tsv	WRITTEN	Movie2A.mp4	right	Movie2	2	HIGH	ProtocolName_MovieN_to_matlab_run_id+selected_run_id_mat_present	Movie2_AP		0.937	0.0	196.821333
/home/alexrees/scratch/bids	sub-052	ses-01	run-05	sub-052/ses-01/func/sub-052_ses-01_task-movie_run-05_bold.nii.gz	sub-052/ses-01/func/sub-052_ses-01_task-movie_run-05_events.tsv	WRITTEN	Movie1B.mp4	right	Movie3	3	HIGH	ProtocolName_MovieN_to_matlab_run_id+selected_run_id_mat_present	Movie3_AP		0.937	0.0	196.821333
/home/alexrees/scratch/bids	sub-052	ses-01	run-07	sub-052/ses-01/func/sub-052_ses-01_task-movie_run-07_bold.nii.gz	sub-052/ses-01/func/sub-052_ses-01_task-movie_run-07_events.tsv	WRITTEN	Movie2B.mp4	left	Movie4	4	HIGH	ProtocolName_MovieN_to_matlab_run_id+selected_run_id_mat_present	Movie4_AP		0.937	0.0	196.821333
/home/alexrees/scratch/bids	sub-052	ses-02	run-01	sub-052/ses-02/func/sub-052_ses-02_task-movie_run-01_bold.nii.gz	sub-052/ses-02/func/sub-052_ses-02_task-movie_run-01_events.tsv	WRITTEN	Movie1A.mp4	left	Movie1	1	HIGH	ProtocolName_MovieN_to_matlab_run_id+selected_run_id_mat_present	Movie1_AP		0.937	0.0	196.821333
/home/alexrees/scratch/bids	sub-052	ses-02	run-03	sub-052/ses-02/func/sub-052_ses-02_task-movie_run-03_bold.nii.gz	sub-052/ses-02/func/sub-052_ses-02_task-movie_run-03_events.tsv	WRITTEN	Movie2A.mp4	right	Movie2	2	HIGH	ProtocolName_MovieN_to_matlab_run_id+selected_run_id_mat_present	Movie2_AP		0.937	0.0	196.821333
/home/alexrees/scratch/bids	sub-052	ses-02	run-05	sub-052/ses-02/func/sub-052_ses-02_task-movie_run-05_bold.nii.gz	sub-052/ses-02/func/sub-052_ses-02_task-movie_run-05_events.tsv	WRITTEN	Movie1B.mp4	right	Movie3	3	HIGH	ProtocolName_MovieN_to_matlab_run_id+selected_run_id_mat_present	Movie3_AP		0.937	0.0	196.821333
/home/alexrees/scratch/bids	sub-052	ses-02	run-07	sub-052/ses-02/func/sub-052_ses-02_task-movie_run-07_bold.nii.gz	sub-052/ses-02/func/sub-052_ses-02_task-movie_run-07_events.tsv	WRITTEN	Movie2B.mp4	left	Movie4	4	HIGH	ProtocolName_MovieN_to_matlab_run_id+selected_run_id_mat_present	Movie4_AP		0.937	0.0	196.821333
/home/alexrees/scratch/bids	sub-053	ses-01	run-01	sub-053/ses-01/func/sub-053_ses-01_task-movie_run-01_bold.nii.gz	sub-053/ses-01/func/sub-053_ses-01_task-movie_run-01_events.tsv	WRITTEN	Movie1A.mp4	left	Movie1	1	HIGH	ProtocolName_MovieN_to_matlab_run_id+selected_run_id_mat_present	Movie1_AP		0.937	0.0	196.821333
/home/alexrees/scratch/bids	sub-053	ses-01	run-03	sub-053/ses-01/func/sub-053_ses-01_task-movie_run-03_bold.nii.gz	sub-053/ses-01/func/sub-053_ses-01_task-movie_run-03_events.tsv	WRITTEN	Movie2A.mp4	right	Movie2	2	HIGH	ProtocolName_MovieN_to_matlab_run_id+selected_run_id_mat_present	Movie2_AP		0.937	0.0	196.821333
/home/alexrees/scratch/bids	sub-053	ses-01	run-05	sub-053/ses-01/func/sub-053_ses-01_task-movie_run-05_bold.nii.gz	sub-053/ses-01/func/sub-053_ses-01_task-movie_run-05_events.tsv	WRITTEN	Movie1B.mp4	right	Movie3	3	HIGH	ProtocolName_MovieN_to_matlab_run_id+selected_run_id_mat_present	Movie3_AP		0.937	0.0	196.821333
/home/alexrees/scratch/bids	sub-053	ses-01	run-07	sub-053/ses-01/func/sub-053_ses-01_task-movie_run-07_bold.nii.gz	sub-053/ses-01/func/sub-053_ses-01_task-movie_run-07_events.tsv	WRITTEN	Movie2B.mp4	left	Movie4	4	HIGH	ProtocolName_MovieN_to_matlab_run_id+selected_run_id_mat_present	Movie4_AP		0.937	0.0	196.821333
/home/alexrees/scratch/bids	sub-054	ses-01	run-01	sub-054/ses-01/func/sub-054_ses-01_task-movie_run-01_bold.nii.gz	sub-054/ses-01/func/sub-054_ses-01_task-movie_run-01_events.tsv	WRITTEN	Movie1A.mp4	left	Movie1	1	HIGH	ProtocolName_MovieN_to_matlab_run_id+selected_run_id_mat_present	Movie1_AP		0.937	0.0	196.821333
/home/alexrees/scratch/bids	sub-054	ses-01	run-03	sub-054/ses-01/func/sub-054_ses-01_task-movie_run-03_bold.nii.gz	sub-054/ses-01/func/sub-054_ses-01_task-movie_run-03_events.tsv	WRITTEN	Movie2A.mp4	right	Movie2	2	HIGH	ProtocolName_MovieN_to_matlab_run_id+selected_run_id_mat_present	Movie2_AP		0.937	0.0	196.821333
/home/alexrees/scratch/bids	sub-054	ses-01	run-05	sub-054/ses-01/func/sub-054_ses-01_task-movie_run-05_bold.nii.gz	sub-054/ses-01/func/sub-054_ses-01_task-movie_run-05_events.tsv	WRITTEN	Movie1B.mp4	right	Movie3	3	HIGH	ProtocolName_MovieN_to_matlab_run_id+selected_run_id_mat_present	Movie3_AP		0.937	0.0	196.821333
/home/alexrees/scratch/bids	sub-054	ses-01	run-07	sub-054/ses-01/func/sub-054_ses-01_task-movie_run-07_bold.nii.gz	sub-054/ses-01/func/sub-054_ses-01_task-movie_run-07_events.tsv	WRITTEN	Movie2B.mp4	left	Movie4	4	HIGH	ProtocolName_MovieN_to_matlab_run_id+selected_run_id_mat_present	Movie4_AP		0.937	0.0	196.821333
/home/alexrees/scratch/bids	sub-054	ses-02	run-01	sub-054/ses-02/func/sub-054_ses-02_task-movie_run-01_bold.nii.gz	sub-054/ses-02/func/sub-054_ses-02_task-movie_run-01_events.tsv	WRITTEN	Movie1A.mp4	left	Movie1	1	HIGH	ProtocolName_MovieN_to_matlab_run_id+selected_run_id_mat_present	Movie1_AP		0.937	0.0	196.821333
/home/alexrees/scratch/bids	sub-054	ses-02	run-03	sub-054/ses-02/func/sub-054_ses-02_task-movie_run-03_bold.nii.gz	sub-054/ses-02/func/sub-054_ses-02_task-movie_run-03_events.tsv	WRITTEN	Movie2A.mp4	right	Movie2	2	HIGH	ProtocolName_MovieN_to_matlab_run_id+selected_run_id_mat_present	Movie2_AP		0.937	0.0	196.821333
/home/alexrees/scratch/bids	sub-054	ses-02	run-05	sub-054/ses-02/func/sub-054_ses-02_task-movie_run-05_bold.nii.gz	sub-054/ses-02/func/sub-054_ses-02_task-movie_run-05_events.tsv	WRITTEN	Movie1B.mp4	right	Movie3	3	HIGH	ProtocolName_MovieN_to_matlab_run_id+selected_run_id_mat_present	Movie3_AP		0.937	0.0	196.821333
/home/alexrees/scratch/bids	sub-054	ses-02	run-07	sub-054/ses-02/func/sub-054_ses-02_task-movie_run-07_bold.nii.gz	sub-054/ses-02/func/sub-054_ses-02_task-movie_run-07_events.tsv	WRITTEN	Movie2B.mp4	left	Movie4	4	HIGH	ProtocolName_MovieN_to_matlab_run_id+selected_run_id_mat_present	Movie4_AP		0.937	0.0	196.821333
/home/alexrees/scratch/bids	sub-055	ses-01	run-01	sub-055/ses-01/func/sub-055_ses-01_task-movie_run-01_bold.nii.gz	sub-055/ses-01/func/sub-055_ses-01_task-movie_run-01_events.tsv	WRITTEN	Movie1A.mp4	left	Movie1	1	HIGH	ProtocolName_MovieN_to_matlab_run_id+selected_run_id_mat_present	Movie1_AP		0.937	0.0	196.821333
/home/alexrees/scratch/bids	sub-055	ses-01	run-03	sub-055/ses-01/func/sub-055_ses-01_task-movie_run-03_bold.nii.gz	sub-055/ses-01/func/sub-055_ses-01_task-movie_run-03_events.tsv	WRITTEN	Movie2A.mp4	right	Movie2	2	HIGH	ProtocolName_MovieN_to_matlab_run_id+selected_run_id_mat_present	Movie2_AP		0.937	0.0	196.821333
/home/alexrees/scratch/bids	sub-055	ses-01	run-05	sub-055/ses-01/func/sub-055_ses-01_task-movie_run-05_bold.nii.gz	sub-055/ses-01/func/sub-055_ses-01_task-movie_run-05_events.tsv	WRITTEN	Movie1B.mp4	right	Movie3	3	HIGH	ProtocolName_MovieN_to_matlab_run_id+selected_run_id_mat_present	Movie3_AP		0.937	0.0	196.821333
/home/alexrees/scratch/bids	sub-056	ses-01	run-01	sub-056/ses-01/func/sub-056_ses-01_task-movie_run-01_bold.nii.gz	sub-056/ses-01/func/sub-056_ses-01_task-movie_run-01_events.tsv	WRITTEN	Movie1A.mp4	left	Movie1	1	HIGH	ProtocolName_MovieN_to_matlab_run_id+selected_run_id_mat_present	Movie1_AP		0.937	0.0	196.821333
/home/alexrees/scratch/bids	sub-056	ses-01	run-03	sub-056/ses-01/func/sub-056_ses-01_task-movie_run-03_bold.nii.gz	sub-056/ses-01/func/sub-056_ses-01_task-movie_run-03_events.tsv	WRITTEN	Movie2A.mp4	right	Movie2	2	HIGH	ProtocolName_MovieN_to_matlab_run_id+selected_run_id_mat_present	Movie2_AP		0.937	0.0	196.821333
/home/alexrees/scratch/bids	sub-056	ses-01	run-05	sub-056/ses-01/func/sub-056_ses-01_task-movie_run-05_bold.nii.gz	sub-056/ses-01/func/sub-056_ses-01_task-movie_run-05_events.tsv	WRITTEN	Movie1B.mp4	right	Movie3	3	HIGH	ProtocolName_MovieN_to_matlab_run_id+selected_run_id_mat_present	Movie3_AP		0.937	0.0	196.821333
/home/alexrees/scratch/bids	sub-056	ses-01	run-07	sub-056/ses-01/func/sub-056_ses-01_task-movie_run-07_bold.nii.gz	sub-056/ses-01/func/sub-056_ses-01_task-movie_run-07_events.tsv	WRITTEN	Movie2B.mp4	left	Movie4	4	HIGH	ProtocolName_MovieN_to_matlab_run_id+selected_run_id_mat_present	Movie4_AP		0.937	0.0	196.821333
/home/alexrees/scratch/bids	sub-057	ses-01	run-01	sub-057/ses-01/func/sub-057_ses-01_task-movie_run-01_bold.nii.gz	sub-057/ses-01/func/sub-057_ses-01_task-movie_run-01_events.tsv	WRITTEN	Movie1A.mp4	left	Movie1	1	HIGH	ProtocolName_MovieN_to_matlab_run_id+selected_run_id_mat_present	Movie1_AP		0.937	0.0	196.821333
/home/alexrees/scratch/bids	sub-057	ses-01	run-03	sub-057/ses-01/func/sub-057_ses-01_task-movie_run-03_bold.nii.gz	sub-057/ses-01/func/sub-057_ses-01_task-movie_run-03_events.tsv	WRITTEN	Movie2A.mp4	right	Movie2	2	HIGH	ProtocolName_MovieN_to_matlab_run_id+selected_run_id_mat_present	Movie2_AP		0.937	0.0	196.821333
/home/alexrees/scratch/bids	sub-057	ses-01	run-05	sub-057/ses-01/func/sub-057_ses-01_task-movie_run-05_bold.nii.gz	sub-057/ses-01/func/sub-057_ses-01_task-movie_run-05_events.tsv	WRITTEN	Movie1B.mp4	right	Movie3	3	HIGH	ProtocolName_MovieN_to_matlab_run_id+selected_run_id_mat_present	Movie3_AP		0.937	0.0	196.821333
/home/alexrees/scratch/bids	sub-057	ses-01	run-07	sub-057/ses-01/func/sub-057_ses-01_task-movie_run-07_bold.nii.gz	sub-057/ses-01/func/sub-057_ses-01_task-movie_run-07_events.tsv	WRITTEN	Movie2B.mp4	left	Movie4	4	HIGH	ProtocolName_MovieN_to_matlab_run_id+selected_run_id_mat_present	Movie4_AP		0.937	0.0	196.821333
/home/alexrees/scratch/bids	sub-057	ses-02	run-01	sub-057/ses-02/func/sub-057_ses-02_task-movie_run-01_bold.nii.gz	sub-057/ses-02/func/sub-057_ses-02_task-movie_run-01_events.tsv	WRITTEN	Movie1A.mp4	left	Movie1	1	HIGH	ProtocolName_MovieN_to_matlab_run_id+selected_run_id_mat_present	Movie1_AP		0.937	0.0	196.821333
/home/alexrees/scratch/bids	sub-057	ses-02	run-03	sub-057/ses-02/func/sub-057_ses-02_task-movie_run-03_bold.nii.gz	sub-057/ses-02/func/sub-057_ses-02_task-movie_run-03_events.tsv	WRITTEN	Movie2A.mp4	right	Movie2	2	HIGH	ProtocolName_MovieN_to_matlab_run_id+selected_run_id_mat_present	Movie2_AP		0.937	0.0	196.821333
/home/alexrees/scratch/bids	sub-057	ses-02	run-05	sub-057/ses-02/func/sub-057_ses-02_task-movie_run-05_bold.nii.gz	sub-057/ses-02/func/sub-057_ses-02_task-movie_run-05_events.tsv	WRITTEN	Movie1B.mp4	right	Movie3	3	HIGH	ProtocolName_MovieN_to_matlab_run_id+selected_run_id_mat_present	Movie3_AP		0.937	0.0	196.821333
/home/alexrees/scratch/bids	sub-057	ses-02	run-07	sub-057/ses-02/func/sub-057_ses-02_task-movie_run-07_bold.nii.gz	sub-057/ses-02/func/sub-057_ses-02_task-movie_run-07_events.tsv	WRITTEN	Movie2B.mp4	left	Movie4	4	HIGH	ProtocolName_MovieN_to_matlab_run_id+selected_run_id_mat_present	Movie4_AP		0.937	0.0	196.821333
/home/alexrees/scratch/bids	sub-058	ses-01	run-01	sub-058/ses-01/func/sub-058_ses-01_task-movie_run-01_bold.nii.gz	sub-058/ses-01/func/sub-058_ses-01_task-movie_run-01_events.tsv	WRITTEN	Movie1A.mp4	left	Movie1	1	HIGH	ProtocolName_MovieN_to_matlab_run_id+selected_run_id_mat_present	Movie1_AP		0.937	0.0	196.821333
/home/alexrees/scratch/bids	sub-058	ses-01	run-03	sub-058/ses-01/func/sub-058_ses-01_task-movie_run-03_bold.nii.gz	sub-058/ses-01/func/sub-058_ses-01_task-movie_run-03_events.tsv	WRITTEN	Movie2A.mp4	right	Movie2	2	HIGH	ProtocolName_MovieN_to_matlab_run_id+selected_run_id_mat_present	Movie2_AP		0.937	0.0	196.821333
/home/alexrees/scratch/bids	sub-058	ses-01	run-05	sub-058/ses-01/func/sub-058_ses-01_task-movie_run-05_bold.nii.gz	sub-058/ses-01/func/sub-058_ses-01_task-movie_run-05_events.tsv	WRITTEN	Movie1B.mp4	right	Movie3	3	HIGH	ProtocolName_MovieN_to_matlab_run_id+selected_run_id_mat_present	Movie3_AP		0.937	0.0	196.821333
/home/alexrees/scratch/bids	sub-058	ses-01	run-07	sub-058/ses-01/func/sub-058_ses-01_task-movie_run-07_bold.nii.gz	sub-058/ses-01/func/sub-058_ses-01_task-movie_run-07_events.tsv	WRITTEN	Movie2B.mp4	left	Movie4	4	HIGH	ProtocolName_MovieN_to_matlab_run_id+selected_run_id_mat_present	Movie4_AP		0.937	0.0	196.821333
/home/alexrees/scratch/bids	sub-059	ses-01	run-01	sub-059/ses-01/func/sub-059_ses-01_task-movie_run-01_bold.nii.gz	sub-059/ses-01/func/sub-059_ses-01_task-movie_run-01_events.tsv	WRITTEN	Movie1A.mp4	left	Movie1	1	HIGH	ProtocolName_MovieN_to_matlab_run_id+selected_run_id_mat_present	Movie1_AP		0.937	0.0	196.821333
/home/alexrees/scratch/bids	sub-059	ses-01	run-03	sub-059/ses-01/func/sub-059_ses-01_task-movie_run-03_bold.nii.gz	sub-059/ses-01/func/sub-059_ses-01_task-movie_run-03_events.tsv	WRITTEN	Movie2A.mp4	right	Movie2	2	HIGH	ProtocolName_MovieN_to_matlab_run_id+selected_run_id_mat_present	Movie2_AP		0.937	0.0	196.821333
/home/alexrees/scratch/bids	sub-059	ses-01	run-05	sub-059/ses-01/func/sub-059_ses-01_task-movie_run-05_bold.nii.gz	sub-059/ses-01/func/sub-059_ses-01_task-movie_run-05_events.tsv	WRITTEN	Movie1B.mp4	right	Movie3	3	HIGH	ProtocolName_MovieN_to_matlab_run_id+selected_run_id_mat_present	Movie3_AP		0.937	0.0	196.821333
/home/alexrees/scratch/bids	sub-059	ses-01	run-07	sub-059/ses-01/func/sub-059_ses-01_task-movie_run-07_bold.nii.gz	sub-059/ses-01/func/sub-059_ses-01_task-movie_run-07_events.tsv	WRITTEN	Movie2B.mp4	left	Movie4	4	HIGH	ProtocolName_MovieN_to_matlab_run_id+selected_run_id_mat_present	Movie4_AP		0.937	0.0	196.821333
/home/alexrees/scratch/bids	sub-060	ses-01	run-01	sub-060/ses-01/func/sub-060_ses-01_task-movie_run-01_bold.nii.gz	sub-060/ses-01/func/sub-060_ses-01_task-movie_run-01_events.tsv	WRITTEN	Movie1A.mp4	left	Movie1	1	MEDIUM	ProtocolName_MovieN_fallback_unassigned_or_ambiguous	Movie1_AP		0.937	0.0	196.821333
/home/alexrees/scratch/bids	sub-060	ses-01	run-03	sub-060/ses-01/func/sub-060_ses-01_task-movie_run-03_bold.nii.gz	sub-060/ses-01/func/sub-060_ses-01_task-movie_run-03_events.tsv	WRITTEN	Movie1A.mp4	left	Movie1	1	MEDIUM	ProtocolName_MovieN_fallback_unassigned_or_ambiguous	Movie1_AP		0.937	0.0	196.821333
/home/alexrees/scratch/bids	sub-060	ses-01	run-05	sub-060/ses-01/func/sub-060_ses-01_task-movie_run-05_bold.nii.gz	sub-060/ses-01/func/sub-060_ses-01_task-movie_run-05_events.tsv	WRITTEN	Movie2A.mp4	right	Movie2	2	HIGH	ProtocolName_MovieN_to_matlab_run_id+selected_run_id_mat_present	Movie2_AP		0.937	0.0	196.821333
/home/alexrees/scratch/bids	sub-060	ses-01	run-07	sub-060/ses-01/func/sub-060_ses-01_task-movie_run-07_bold.nii.gz	sub-060/ses-01/func/sub-060_ses-01_task-movie_run-07_events.tsv	WRITTEN	Movie1B.mp4	right	Movie3	3	HIGH	ProtocolName_MovieN_to_matlab_run_id+selected_run_id_mat_present	Movie3_AP		0.937	0.0	196.821333
/home/alexrees/scratch/bids	sub-060	ses-01	run-09	sub-060/ses-01/func/sub-060_ses-01_task-movie_run-09_bold.nii.gz	sub-060/ses-01/func/sub-060_ses-01_task-movie_run-09_events.tsv	WRITTEN	Movie2B.mp4	left	Movie4	4	HIGH	ProtocolName_MovieN_to_matlab_run_id+selected_run_id_mat_present	Movie4_AP		0.937	0.0	196.821333
/home/alexrees/scratch/bids	sub-061	ses-01	run-01	sub-061/ses-01/func/sub-061_ses-01_task-movie_run-01_bold.nii.gz	sub-061/ses-01/func/sub-061_ses-01_task-movie_run-01_events.tsv	WRITTEN	Movie1A.mp4	left	Movie1	1	HIGH	ProtocolName_MovieN_to_matlab_run_id+selected_run_id_mat_present	Movie1_AP		0.937	0.0	196.821333
/home/alexrees/scratch/bids	sub-061	ses-01	run-03	sub-061/ses-01/func/sub-061_ses-01_task-movie_run-03_bold.nii.gz	sub-061/ses-01/func/sub-061_ses-01_task-movie_run-03_events.tsv	WRITTEN	Movie2A.mp4	right	Movie2	2	HIGH	ProtocolName_MovieN_to_matlab_run_id+selected_run_id_mat_present	Movie2_AP		0.937	0.0	196.821333
/home/alexrees/scratch/bids	sub-061	ses-01	run-05	sub-061/ses-01/func/sub-061_ses-01_task-movie_run-05_bold.nii.gz	sub-061/ses-01/func/sub-061_ses-01_task-movie_run-05_events.tsv	WRITTEN	Movie1B.mp4	right	Movie3	3	HIGH	ProtocolName_MovieN_to_matlab_run_id+selected_run_id_mat_present	Movie3_AP		0.937	0.0	196.821333
/home/alexrees/scratch/bids	sub-061	ses-01	run-07	sub-061/ses-01/func/sub-061_ses-01_task-movie_run-07_bold.nii.gz	sub-061/ses-01/func/sub-061_ses-01_task-movie_run-07_events.tsv	WRITTEN	Movie2B.mp4	left	Movie4	4	HIGH	ProtocolName_MovieN_to_matlab_run_id+selected_run_id_mat_present	Movie4_AP		0.937	0.0	196.821333
/home/alexrees/scratch/bids	sub-062	ses-01	run-01	sub-062/ses-01/func/sub-062_ses-01_task-movie_run-01_bold.nii.gz	sub-062/ses-01/func/sub-062_ses-01_task-movie_run-01_events.tsv	WRITTEN	Movie1A.mp4	left	Movie1	1	HIGH	ProtocolName_MovieN_to_matlab_run_id+selected_run_id_mat_present	Movie1_AP		0.937	0.0	196.821333
/home/alexrees/scratch/bids	sub-062	ses-01	run-03	sub-062/ses-01/func/sub-062_ses-01_task-movie_run-03_bold.nii.gz	sub-062/ses-01/func/sub-062_ses-01_task-movie_run-03_events.tsv	WRITTEN	Movie2A.mp4	right	Movie2	2	HIGH	ProtocolName_MovieN_to_matlab_run_id+selected_run_id_mat_present	Movie2_AP		0.937	0.0	196.821333
/home/alexrees/scratch/bids	sub-062	ses-01	run-05	sub-062/ses-01/func/sub-062_ses-01_task-movie_run-05_bold.nii.gz	sub-062/ses-01/func/sub-062_ses-01_task-movie_run-05_events.tsv	WRITTEN	Movie1B.mp4	right	Movie3	3	HIGH	ProtocolName_MovieN_to_matlab_run_id+selected_run_id_mat_present	Movie3_AP		0.937	0.0	196.821333
/home/alexrees/scratch/bids	sub-062	ses-01	run-07	sub-062/ses-01/func/sub-062_ses-01_task-movie_run-07_bold.nii.gz	sub-062/ses-01/func/sub-062_ses-01_task-movie_run-07_events.tsv	WRITTEN	Movie2B.mp4	left	Movie4	4	HIGH	ProtocolName_MovieN_to_matlab_run_id+selected_run_id_mat_present	Movie4_AP		0.937	0.0	196.821333
/home/alexrees/scratch/bids	sub-064	ses-01	run-01	sub-064/ses-01/func/sub-064_ses-01_task-movie_run-01_bold.nii.gz	sub-064/ses-01/func/sub-064_ses-01_task-movie_run-01_events.tsv	WRITTEN	Movie1A.mp4	left	Movie1	1	HIGH	ProtocolName_MovieN_to_matlab_run_id+selected_run_id_mat_present	Movie1_AP		0.937	0.0	196.821333
/home/alexrees/scratch/bids	sub-064	ses-01	run-03	sub-064/ses-01/func/sub-064_ses-01_task-movie_run-03_bold.nii.gz	sub-064/ses-01/func/sub-064_ses-01_task-movie_run-03_events.tsv	WRITTEN	Movie2A.mp4	right	Movie2	2	HIGH	ProtocolName_MovieN_to_matlab_run_id+selected_run_id_mat_present	Movie2_AP		0.937	0.0	196.821333
/home/alexrees/scratch/bids	sub-064	ses-01	run-05	sub-064/ses-01/func/sub-064_ses-01_task-movie_run-05_bold.nii.gz	sub-064/ses-01/func/sub-064_ses-01_task-movie_run-05_events.tsv	WRITTEN	Movie1B.mp4	right	Movie3	3	HIGH	ProtocolName_MovieN_to_matlab_run_id+selected_run_id_mat_present	Movie3_AP		0.937	0.0	196.821333
/home/alexrees/scratch/bids	sub-064	ses-01	run-07	sub-064/ses-01/func/sub-064_ses-01_task-movie_run-07_bold.nii.gz	sub-064/ses-01/func/sub-064_ses-01_task-movie_run-07_events.tsv	WRITTEN	Movie2B.mp4	left	Movie4	4	HIGH	ProtocolName_MovieN_to_matlab_run_id+selected_run_id_mat_present	Movie4_AP		0.937	0.0	196.821333
/home/alexrees/scratch/bids	sub-064	ses-02	run-01	sub-064/ses-02/func/sub-064_ses-02_task-movie_run-01_bold.nii.gz	sub-064/ses-02/func/sub-064_ses-02_task-movie_run-01_events.tsv	WRITTEN	Movie1A.mp4	left	Movie1	1	HIGH	ProtocolName_MovieN_to_matlab_run_id+selected_run_id_mat_present	Movie1_AP		0.937	0.0	196.821333
/home/alexrees/scratch/bids	sub-064	ses-02	run-03	sub-064/ses-02/func/sub-064_ses-02_task-movie_run-03_bold.nii.gz	sub-064/ses-02/func/sub-064_ses-02_task-movie_run-03_events.tsv	WRITTEN	Movie2A.mp4	right	Movie2	2	HIGH	ProtocolName_MovieN_to_matlab_run_id+selected_run_id_mat_present	Movie2_AP		0.937	0.0	196.821333
/home/alexrees/scratch/bids	sub-064	ses-02	run-05	sub-064/ses-02/func/sub-064_ses-02_task-movie_run-05_bold.nii.gz	sub-064/ses-02/func/sub-064_ses-02_task-movie_run-05_events.tsv	WRITTEN	Movie1B.mp4	right	Movie3	3	HIGH	ProtocolName_MovieN_to_matlab_run_id+selected_run_id_mat_present	Movie3_AP		0.937	0.0	196.821333
/home/alexrees/scratch/bids	sub-064	ses-02	run-07	sub-064/ses-02/func/sub-064_ses-02_task-movie_run-07_bold.nii.gz	sub-064/ses-02/func/sub-064_ses-02_task-movie_run-07_events.tsv	WRITTEN	Movie2B.mp4	left	Movie4	4	HIGH	ProtocolName_MovieN_to_matlab_run_id+selected_run_id_mat_present	Movie4_AP		0.937	0.0	196.821333
/home/alexrees/scratch/bids	sub-065	ses-01	run-01	sub-065/ses-01/func/sub-065_ses-01_task-movie_run-01_bold.nii.gz	sub-065/ses-01/func/sub-065_ses-01_task-movie_run-01_events.tsv	WRITTEN	Movie1A.mp4	left	Movie1	1	HIGH	ProtocolName_MovieN_to_matlab_run_id+selected_run_id_mat_present	Movie1_AP		0.937	0.0	196.821333
/home/alexrees/scratch/bids	sub-065	ses-01	run-03	sub-065/ses-01/func/sub-065_ses-01_task-movie_run-03_bold.nii.gz	sub-065/ses-01/func/sub-065_ses-01_task-movie_run-03_events.tsv	WRITTEN	Movie2A.mp4	right	Movie2	2	HIGH	ProtocolName_MovieN_to_matlab_run_id+selected_run_id_mat_present	Movie2_AP		0.937	0.0	196.821333
/home/alexrees/scratch/bids	sub-065	ses-01	run-05	sub-065/ses-01/func/sub-065_ses-01_task-movie_run-05_bold.nii.gz	sub-065/ses-01/func/sub-065_ses-01_task-movie_run-05_events.tsv	WRITTEN	Movie1B.mp4	right	Movie3	3	HIGH	ProtocolName_MovieN_to_matlab_run_id+selected_run_id_mat_present	Movie3_AP		0.937	0.0	196.821333
/home/alexrees/scratch/bids	sub-065	ses-01	run-07	sub-065/ses-01/func/sub-065_ses-01_task-movie_run-07_bold.nii.gz	sub-065/ses-01/func/sub-065_ses-01_task-movie_run-07_events.tsv	WRITTEN	Movie2B.mp4	left	Movie4	4	HIGH	ProtocolName_MovieN_to_matlab_run_id+selected_run_id_mat_present	Movie4_AP		0.937	0.0	196.821333
/home/alexrees/scratch/bids	sub-066	ses-01	run-01	sub-066/ses-01/func/sub-066_ses-01_task-movie_run-01_bold.nii.gz	sub-066/ses-01/func/sub-066_ses-01_task-movie_run-01_events.tsv	WRITTEN	Movie1A.mp4	left	Movie1	1	HIGH	ProtocolName_MovieN_to_matlab_run_id+selected_run_id_mat_present	Movie1_AP		0.937	0.0	196.821333
/home/alexrees/scratch/bids	sub-066	ses-01	run-03	sub-066/ses-01/func/sub-066_ses-01_task-movie_run-03_bold.nii.gz	sub-066/ses-01/func/sub-066_ses-01_task-movie_run-03_events.tsv	WRITTEN	Movie2A.mp4	right	Movie2	2	HIGH	ProtocolName_MovieN_to_matlab_run_id+selected_run_id_mat_present	Movie2_AP		0.937	0.0	196.821333
/home/alexrees/scratch/bids	sub-066	ses-01	run-05	sub-066/ses-01/func/sub-066_ses-01_task-movie_run-05_bold.nii.gz	sub-066/ses-01/func/sub-066_ses-01_task-movie_run-05_events.tsv	WRITTEN	Movie1B.mp4	right	Movie3	3	HIGH	ProtocolName_MovieN_to_matlab_run_id+selected_run_id_mat_present	Movie3_AP		0.937	0.0	196.821333
/home/alexrees/scratch/bids	sub-066	ses-01	run-07	sub-066/ses-01/func/sub-066_ses-01_task-movie_run-07_bold.nii.gz	sub-066/ses-01/func/sub-066_ses-01_task-movie_run-07_events.tsv	WRITTEN	Movie2B.mp4	left	Movie4	4	HIGH	ProtocolName_MovieN_to_matlab_run_id+selected_run_id_mat_present	Movie4_AP		0.937	0.0	196.821333
/home/alexrees/scratch/bids	sub-066	ses-02	run-01	sub-066/ses-02/func/sub-066_ses-02_task-movie_run-01_bold.nii.gz	sub-066/ses-02/func/sub-066_ses-02_task-movie_run-01_events.tsv	WRITTEN	Movie1A.mp4	left	Movie1	1	HIGH	ProtocolName_MovieN_to_matlab_run_id+selected_run_id_mat_present	Movie1_AP		0.937	0.0	196.821333
/home/alexrees/scratch/bids	sub-066	ses-02	run-03	sub-066/ses-02/func/sub-066_ses-02_task-movie_run-03_bold.nii.gz	sub-066/ses-02/func/sub-066_ses-02_task-movie_run-03_events.tsv	WRITTEN	Movie2A.mp4	right	Movie2	2	HIGH	ProtocolName_MovieN_to_matlab_run_id+selected_run_id_mat_present	Movie2_AP		0.937	0.0	196.821333
/home/alexrees/scratch/bids	sub-066	ses-02	run-05	sub-066/ses-02/func/sub-066_ses-02_task-movie_run-05_bold.nii.gz	sub-066/ses-02/func/sub-066_ses-02_task-movie_run-05_events.tsv	WRITTEN	Movie1B.mp4	right	Movie3	3	HIGH	ProtocolName_MovieN_to_matlab_run_id+selected_run_id_mat_present	Movie3_AP		0.937	0.0	196.821333
/home/alexrees/scratch/bids	sub-066	ses-02	run-07	sub-066/ses-02/func/sub-066_ses-02_task-movie_run-07_bold.nii.gz	sub-066/ses-02/func/sub-066_ses-02_task-movie_run-07_events.tsv	WRITTEN	Movie2B.mp4	left	Movie4	4	HIGH	ProtocolName_MovieN_to_matlab_run_id+selected_run_id_mat_present	Movie4_AP		0.937	0.0	196.821333
/home/alexrees/scratch/bids	sub-067	ses-01	run-01	sub-067/ses-01/func/sub-067_ses-01_task-movie_run-01_bold.nii.gz	sub-067/ses-01/func/sub-067_ses-01_task-movie_run-01_events.tsv	WRITTEN	Movie1A.mp4	left	Movie1	1	HIGH	ProtocolName_MovieN_to_matlab_run_id+selected_run_id_mat_present	Movie1_AP		0.937	0.0	196.821333
/home/alexrees/scratch/bids	sub-067	ses-01	run-03	sub-067/ses-01/func/sub-067_ses-01_task-movie_run-03_bold.nii.gz	sub-067/ses-01/func/sub-067_ses-01_task-movie_run-03_events.tsv	WRITTEN	Movie2A.mp4	right	Movie2	2	HIGH	ProtocolName_MovieN_to_matlab_run_id+selected_run_id_mat_present	Movie2_AP		0.937	0.0	196.821333
/home/alexrees/scratch/bids	sub-067	ses-01	run-05	sub-067/ses-01/func/sub-067_ses-01_task-movie_run-05_bold.nii.gz	sub-067/ses-01/func/sub-067_ses-01_task-movie_run-05_events.tsv	WRITTEN	Movie1B.mp4	right	Movie3	3	HIGH	ProtocolName_MovieN_to_matlab_run_id+selected_run_id_mat_present	Movie3_AP		0.937	0.0	196.821333
/home/alexrees/scratch/bids	sub-067	ses-01	run-07	sub-067/ses-01/func/sub-067_ses-01_task-movie_run-07_bold.nii.gz	sub-067/ses-01/func/sub-067_ses-01_task-movie_run-07_events.tsv	WRITTEN	Movie2B.mp4	left	Movie4	4	HIGH	ProtocolName_MovieN_to_matlab_run_id+selected_run_id_mat_present	Movie4_AP		0.937	0.0	196.821333
/home/alexrees/scratch/bids	sub-067	ses-02	run-01	sub-067/ses-02/func/sub-067_ses-02_task-movie_run-01_bold.nii.gz	sub-067/ses-02/func/sub-067_ses-02_task-movie_run-01_events.tsv	WRITTEN	Movie1A.mp4	left	Movie1	1	HIGH	ProtocolName_MovieN_to_matlab_run_id+selected_run_id_mat_present	Movie1_AP		0.937	0.0	196.821333
/home/alexrees/scratch/bids	sub-067	ses-02	run-03	sub-067/ses-02/func/sub-067_ses-02_task-movie_run-03_bold.nii.gz	sub-067/ses-02/func/sub-067_ses-02_task-movie_run-03_events.tsv	WRITTEN	Movie2A.mp4	right	Movie2	2	HIGH	ProtocolName_MovieN_to_matlab_run_id+selected_run_id_mat_present	Movie2_AP		0.937	0.0	196.821333
/home/alexrees/scratch/bids	sub-067	ses-02	run-05	sub-067/ses-02/func/sub-067_ses-02_task-movie_run-05_bold.nii.gz	sub-067/ses-02/func/sub-067_ses-02_task-movie_run-05_events.tsv	WRITTEN	Movie1B.mp4	right	Movie3	3	HIGH	ProtocolName_MovieN_to_matlab_run_id+selected_run_id_mat_present	Movie3_AP		0.937	0.0	196.821333
/home/alexrees/scratch/bids	sub-067	ses-02	run-07	sub-067/ses-02/func/sub-067_ses-02_task-movie_run-07_bold.nii.gz	sub-067/ses-02/func/sub-067_ses-02_task-movie_run-07_events.tsv	WRITTEN	Movie2B.mp4	left	Movie4	4	HIGH	ProtocolName_MovieN_to_matlab_run_id+selected_run_id_mat_present	Movie4_AP		0.937	0.0	196.821333
/home/alexrees/scratch/bids	sub-068	ses-01	run-01	sub-068/ses-01/func/sub-068_ses-01_task-movie_run-01_bold.nii.gz	sub-068/ses-01/func/sub-068_ses-01_task-movie_run-01_events.tsv	WRITTEN	Movie1A.mp4	left	Movie1	1	HIGH	ProtocolName_MovieN_to_matlab_run_id+selected_run_id_mat_present	Movie1_AP		0.937	0.0	196.821333
/home/alexrees/scratch/bids	sub-068	ses-01	run-03	sub-068/ses-01/func/sub-068_ses-01_task-movie_run-03_bold.nii.gz	sub-068/ses-01/func/sub-068_ses-01_task-movie_run-03_events.tsv	WRITTEN	Movie2A.mp4	right	Movie2	2	HIGH	ProtocolName_MovieN_to_matlab_run_id+selected_run_id_mat_present	Movie2_AP		0.937	0.0	196.821333
/home/alexrees/scratch/bids	sub-068	ses-01	run-05	sub-068/ses-01/func/sub-068_ses-01_task-movie_run-05_bold.nii.gz	sub-068/ses-01/func/sub-068_ses-01_task-movie_run-05_events.tsv	WRITTEN	Movie1B.mp4	right	Movie3	3	HIGH	ProtocolName_MovieN_to_matlab_run_id+selected_run_id_mat_present	Movie3_AP		0.937	0.0	196.821333
/home/alexrees/scratch/bids	sub-068	ses-01	run-07	sub-068/ses-01/func/sub-068_ses-01_task-movie_run-07_bold.nii.gz	sub-068/ses-01/func/sub-068_ses-01_task-movie_run-07_events.tsv	WRITTEN	Movie2B.mp4	left	Movie4	4	HIGH	ProtocolName_MovieN_to_matlab_run_id+selected_run_id_mat_present	Movie4_AP		0.937	0.0	196.821333
/home/alexrees/scratch/bids	sub-068	ses-02	run-01	sub-068/ses-02/func/sub-068_ses-02_task-movie_run-01_bold.nii.gz	sub-068/ses-02/func/sub-068_ses-02_task-movie_run-01_events.tsv	WRITTEN	Movie1A.mp4	left	Movie1	1	HIGH	ProtocolName_MovieN_to_matlab_run_id+selected_run_id_mat_present	Movie1_AP		0.937	0.0	196.821333
/home/alexrees/scratch/bids	sub-068	ses-02	run-03	sub-068/ses-02/func/sub-068_ses-02_task-movie_run-03_bold.nii.gz	sub-068/ses-02/func/sub-068_ses-02_task-movie_run-03_events.tsv	WRITTEN	Movie2A.mp4	right	Movie2	2	HIGH	ProtocolName_MovieN_to_matlab_run_id+selected_run_id_mat_present	Movie2_AP		0.937	0.0	196.821333
/home/alexrees/scratch/bids	sub-068	ses-02	run-05	sub-068/ses-02/func/sub-068_ses-02_task-movie_run-05_bold.nii.gz	sub-068/ses-02/func/sub-068_ses-02_task-movie_run-05_events.tsv	WRITTEN	Movie1B.mp4	right	Movie3	3	HIGH	ProtocolName_MovieN_to_matlab_run_id+selected_run_id_mat_present	Movie3_AP		0.937	0.0	196.821333
/home/alexrees/scratch/bids	sub-068	ses-02	run-07	sub-068/ses-02/func/sub-068_ses-02_task-movie_run-07_bold.nii.gz	sub-068/ses-02/func/sub-068_ses-02_task-movie_run-07_events.tsv	WRITTEN	Movie2B.mp4	left	Movie4	4	HIGH	ProtocolName_MovieN_to_matlab_run_id+selected_run_id_mat_present	Movie4_AP		0.937	0.0	196.821333
/home/alexrees/scratch/bids	sub-069	ses-01	run-01	sub-069/ses-01/func/sub-069_ses-01_task-movie_run-01_bold.nii.gz	sub-069/ses-01/func/sub-069_ses-01_task-movie_run-01_events.tsv	WRITTEN	Movie1A.mp4	left	Movie1	1	HIGH	ProtocolName_MovieN_to_matlab_run_id+selected_run_id_mat_present	Movie1_AP		0.937	0.0	196.821333
/home/alexrees/scratch/bids	sub-069	ses-01	run-03	sub-069/ses-01/func/sub-069_ses-01_task-movie_run-03_bold.nii.gz	sub-069/ses-01/func/sub-069_ses-01_task-movie_run-03_events.tsv	WRITTEN	Movie2A.mp4	right	Movie2	2	HIGH	ProtocolName_MovieN_to_matlab_run_id+selected_run_id_mat_present	Movie2_AP		0.937	0.0	196.821333
/home/alexrees/scratch/bids	sub-069	ses-01	run-05	sub-069/ses-01/func/sub-069_ses-01_task-movie_run-05_bold.nii.gz	sub-069/ses-01/func/sub-069_ses-01_task-movie_run-05_events.tsv	WRITTEN	Movie1B.mp4	right	Movie3	3	HIGH	ProtocolName_MovieN_to_matlab_run_id+selected_run_id_mat_present	Movie3_AP		0.937	0.0	196.821333
/home/alexrees/scratch/bids	sub-069	ses-01	run-07	sub-069/ses-01/func/sub-069_ses-01_task-movie_run-07_bold.nii.gz	sub-069/ses-01/func/sub-069_ses-01_task-movie_run-07_events.tsv	WRITTEN	Movie2B.mp4	left	Movie4	4	HIGH	ProtocolName_MovieN_to_matlab_run_id+selected_run_id_mat_present	Movie4_AP		0.937	0.0	196.821333
/home/alexrees/scratch/bids	sub-069	ses-02	run-01	sub-069/ses-02/func/sub-069_ses-02_task-movie_run-01_bold.nii.gz	sub-069/ses-02/func/sub-069_ses-02_task-movie_run-01_events.tsv	WRITTEN	Movie1A.mp4	left	Movie1	1	HIGH	ProtocolName_MovieN_to_matlab_run_id+selected_run_id_mat_present	Movie1_AP		0.937	0.0	196.821333
/home/alexrees/scratch/bids	sub-069	ses-02	run-03	sub-069/ses-02/func/sub-069_ses-02_task-movie_run-03_bold.nii.gz	sub-069/ses-02/func/sub-069_ses-02_task-movie_run-03_events.tsv	WRITTEN	Movie2A.mp4	right	Movie2	2	HIGH	ProtocolName_MovieN_to_matlab_run_id+selected_run_id_mat_present	Movie2_AP		0.937	0.0	196.821333
/home/alexrees/scratch/bids	sub-069	ses-02	run-05	sub-069/ses-02/func/sub-069_ses-02_task-movie_run-05_bold.nii.gz	sub-069/ses-02/func/sub-069_ses-02_task-movie_run-05_events.tsv	WRITTEN	Movie1B.mp4	right	Movie3	3	HIGH	ProtocolName_MovieN_to_matlab_run_id+selected_run_id_mat_present	Movie3_AP		0.937	0.0	196.821333
/home/alexrees/scratch/bids	sub-069	ses-02	run-07	sub-069/ses-02/func/sub-069_ses-02_task-movie_run-07_bold.nii.gz	sub-069/ses-02/func/sub-069_ses-02_task-movie_run-07_events.tsv	WRITTEN	Movie2B.mp4	left	Movie4	4	HIGH	ProtocolName_MovieN_to_matlab_run_id+selected_run_id_mat_present	Movie4_AP		0.937	0.0	196.821333
/home/alexrees/scratch/bids	sub-070	ses-01	run-01	sub-070/ses-01/func/sub-070_ses-01_task-movie_run-01_bold.nii.gz	sub-070/ses-01/func/sub-070_ses-01_task-movie_run-01_events.tsv	WRITTEN	Movie1A.mp4	left	Movie1	1	HIGH	ProtocolName_MovieN_to_matlab_run_id+selected_run_id_mat_present	Movie1_AP		0.937	0.0	196.821333
/home/alexrees/scratch/bids	sub-070	ses-01	run-03	sub-070/ses-01/func/sub-070_ses-01_task-movie_run-03_bold.nii.gz	sub-070/ses-01/func/sub-070_ses-01_task-movie_run-03_events.tsv	WRITTEN	Movie2A.mp4	right	Movie2	2	HIGH	ProtocolName_MovieN_to_matlab_run_id+selected_run_id_mat_present	Movie2_AP		0.937	0.0	196.821333
/home/alexrees/scratch/bids	sub-070	ses-01	run-05	sub-070/ses-01/func/sub-070_ses-01_task-movie_run-05_bold.nii.gz	sub-070/ses-01/func/sub-070_ses-01_task-movie_run-05_events.tsv	WRITTEN	Movie1B.mp4	right	Movie3	3	HIGH	ProtocolName_MovieN_to_matlab_run_id+selected_run_id_mat_present	Movie3_AP		0.937	0.0	196.821333
/home/alexrees/scratch/bids	sub-070	ses-01	run-07	sub-070/ses-01/func/sub-070_ses-01_task-movie_run-07_bold.nii.gz	sub-070/ses-01/func/sub-070_ses-01_task-movie_run-07_events.tsv	WRITTEN	Movie2B.mp4	left	Movie4	4	HIGH	ProtocolName_MovieN_to_matlab_run_id+selected_run_id_mat_present	Movie4_AP		0.937	0.0	196.821333
/home/alexrees/scratch/bids	sub-071	ses-01	run-01	sub-071/ses-01/func/sub-071_ses-01_task-movie_run-01_bold.nii.gz	sub-071/ses-01/func/sub-071_ses-01_task-movie_run-01_events.tsv	WRITTEN	Movie1A.mp4	left	Movie1	1	HIGH	ProtocolName_MovieN_to_matlab_run_id+selected_run_id_mat_present	Movie1_AP		0.937	0.0	196.821333
/home/alexrees/scratch/bids	sub-071	ses-01	run-03	sub-071/ses-01/func/sub-071_ses-01_task-movie_run-03_bold.nii.gz	sub-071/ses-01/func/sub-071_ses-01_task-movie_run-03_events.tsv	WRITTEN	Movie2A.mp4	right	Movie2	2	HIGH	ProtocolName_MovieN_to_matlab_run_id+selected_run_id_mat_present	Movie2_AP		0.937	0.0	196.821333
/home/alexrees/scratch/bids	sub-071	ses-01	run-05	sub-071/ses-01/func/sub-071_ses-01_task-movie_run-05_bold.nii.gz	sub-071/ses-01/func/sub-071_ses-01_task-movie_run-05_events.tsv	WRITTEN	Movie1B.mp4	right	Movie3	3	HIGH	ProtocolName_MovieN_to_matlab_run_id+selected_run_id_mat_present	Movie3_AP		0.937	0.0	196.821333
/home/alexrees/scratch/bids	sub-071	ses-01	run-07	sub-071/ses-01/func/sub-071_ses-01_task-movie_run-07_bold.nii.gz	sub-071/ses-01/func/sub-071_ses-01_task-movie_run-07_events.tsv	WRITTEN	Movie2B.mp4	left	Movie4	4	HIGH	ProtocolName_MovieN_to_matlab_run_id+selected_run_id_mat_present	Movie4_AP		0.937	0.0	196.821333
/home/alexrees/scratch/bids	sub-072	ses-01	run-01	sub-072/ses-01/func/sub-072_ses-01_task-movie_run-01_bold.nii.gz	sub-072/ses-01/func/sub-072_ses-01_task-movie_run-01_events.tsv	WRITTEN	Movie1A.mp4	left	Movie1	1	HIGH	ProtocolName_MovieN_to_matlab_run_id+selected_run_id_mat_present	Movie1_AP		0.937	0.0	196.821333
/home/alexrees/scratch/bids	sub-072	ses-01	run-03	sub-072/ses-01/func/sub-072_ses-01_task-movie_run-03_bold.nii.gz	sub-072/ses-01/func/sub-072_ses-01_task-movie_run-03_events.tsv	WRITTEN	Movie2A.mp4	right	Movie2	2	HIGH	ProtocolName_MovieN_to_matlab_run_id+selected_run_id_mat_present	Movie2_AP		0.937	0.0	196.821333
/home/alexrees/scratch/bids	sub-072	ses-01	run-05	sub-072/ses-01/func/sub-072_ses-01_task-movie_run-05_bold.nii.gz	sub-072/ses-01/func/sub-072_ses-01_task-movie_run-05_events.tsv	WRITTEN	Movie1B.mp4	right	Movie3	3	HIGH	ProtocolName_MovieN_to_matlab_run_id+selected_run_id_mat_present	Movie3_AP		0.937	0.0	196.821333
/home/alexrees/scratch/bids	sub-072	ses-01	run-07	sub-072/ses-01/func/sub-072_ses-01_task-movie_run-07_bold.nii.gz	sub-072/ses-01/func/sub-072_ses-01_task-movie_run-07_events.tsv	WRITTEN	Movie2B.mp4	left	Movie4	4	HIGH	ProtocolName_MovieN_to_matlab_run_id+selected_run_id_mat_present	Movie4_AP		0.937	0.0	196.821333
/home/alexrees/scratch/bids	sub-072	ses-02	run-01	sub-072/ses-02/func/sub-072_ses-02_task-movie_run-01_bold.nii.gz	sub-072/ses-02/func/sub-072_ses-02_task-movie_run-01_events.tsv	WRITTEN	Movie1A.mp4	left	Movie1	1	HIGH	ProtocolName_MovieN_to_matlab_run_id+selected_run_id_mat_present	Movie1_AP		0.937	0.0	196.821333
/home/alexrees/scratch/bids	sub-072	ses-02	run-03	sub-072/ses-02/func/sub-072_ses-02_task-movie_run-03_bold.nii.gz	sub-072/ses-02/func/sub-072_ses-02_task-movie_run-03_events.tsv	WRITTEN	Movie2A.mp4	right	Movie2	2	HIGH	ProtocolName_MovieN_to_matlab_run_id+selected_run_id_mat_present	Movie2_AP		0.937	0.0	196.821333
/home/alexrees/scratch/bids	sub-072	ses-02	run-05	sub-072/ses-02/func/sub-072_ses-02_task-movie_run-05_bold.nii.gz	sub-072/ses-02/func/sub-072_ses-02_task-movie_run-05_events.tsv	WRITTEN	Movie1B.mp4	right	Movie3	3	HIGH	ProtocolName_MovieN_to_matlab_run_id+selected_run_id_mat_present	Movie3_AP		0.937	0.0	196.821333
/home/alexrees/scratch/bids	sub-072	ses-02	run-07	sub-072/ses-02/func/sub-072_ses-02_task-movie_run-07_bold.nii.gz	sub-072/ses-02/func/sub-072_ses-02_task-movie_run-07_events.tsv	WRITTEN	Movie2B.mp4	left	Movie4	4	HIGH	ProtocolName_MovieN_to_matlab_run_id+selected_run_id_mat_present	Movie4_AP		0.937	0.0	196.821333
/home/alexrees/scratch/bids	sub-073	ses-01	run-01	sub-073/ses-01/func/sub-073_ses-01_task-movie_run-01_bold.nii.gz	sub-073/ses-01/func/sub-073_ses-01_task-movie_run-01_events.tsv	WRITTEN	Movie1A.mp4	left	Movie1	1	HIGH	ProtocolName_MovieN_to_matlab_run_id+selected_run_id_mat_present	Movie1_AP		0.937	0.0	196.821333
/home/alexrees/scratch/bids	sub-073	ses-01	run-03	sub-073/ses-01/func/sub-073_ses-01_task-movie_run-03_bold.nii.gz	sub-073/ses-01/func/sub-073_ses-01_task-movie_run-03_events.tsv	WRITTEN	Movie2A.mp4	right	Movie2	2	HIGH	ProtocolName_MovieN_to_matlab_run_id+selected_run_id_mat_present	Movie2_AP		0.937	0.0	196.821333
/home/alexrees/scratch/bids	sub-073	ses-01	run-05	sub-073/ses-01/func/sub-073_ses-01_task-movie_run-05_bold.nii.gz	sub-073/ses-01/func/sub-073_ses-01_task-movie_run-05_events.tsv	WRITTEN	Movie1B.mp4	right	Movie3	3	HIGH	ProtocolName_MovieN_to_matlab_run_id+selected_run_id_mat_present	Movie3_AP		0.937	0.0	196.821333
/home/alexrees/scratch/bids	sub-073	ses-01	run-07	sub-073/ses-01/func/sub-073_ses-01_task-movie_run-07_bold.nii.gz	sub-073/ses-01/func/sub-073_ses-01_task-movie_run-07_events.tsv	WRITTEN	Movie2B.mp4	left	Movie4	4	HIGH	ProtocolName_MovieN_to_matlab_run_id+selected_run_id_mat_present	Movie4_AP		0.937	0.0	196.821333
/home/alexrees/scratch/bids	sub-073	ses-02	run-01	sub-073/ses-02/func/sub-073_ses-02_task-movie_run-01_bold.nii.gz	sub-073/ses-02/func/sub-073_ses-02_task-movie_run-01_events.tsv	WRITTEN	Movie1A.mp4	left	Movie1	1	HIGH	ProtocolName_MovieN_to_matlab_run_id+selected_run_id_mat_present	Movie1_AP		0.937	0.0	196.821333
/home/alexrees/scratch/bids	sub-073	ses-02	run-03	sub-073/ses-02/func/sub-073_ses-02_task-movie_run-03_bold.nii.gz	sub-073/ses-02/func/sub-073_ses-02_task-movie_run-03_events.tsv	WRITTEN	Movie2A.mp4	right	Movie2	2	HIGH	ProtocolName_MovieN_to_matlab_run_id+selected_run_id_mat_present	Movie2_AP		0.937	0.0	196.821333
/home/alexrees/scratch/bids	sub-073	ses-02	run-05	sub-073/ses-02/func/sub-073_ses-02_task-movie_run-05_bold.nii.gz	sub-073/ses-02/func/sub-073_ses-02_task-movie_run-05_events.tsv	WRITTEN	Movie1B.mp4	right	Movie3	3	HIGH	ProtocolName_MovieN_to_matlab_run_id+selected_run_id_mat_present	Movie3_AP		0.937	0.0	196.821333
/home/alexrees/scratch/bids	sub-073	ses-02	run-07	sub-073/ses-02/func/sub-073_ses-02_task-movie_run-07_bold.nii.gz	sub-073/ses-02/func/sub-073_ses-02_task-movie_run-07_events.tsv	WRITTEN	Movie2B.mp4	left	Movie4	4	HIGH	ProtocolName_MovieN_to_matlab_run_id+selected_run_id_mat_present	Movie4_AP		0.937	0.0	196.821333
/home/alexrees/scratch/bids	sub-074	ses-01	run-01	sub-074/ses-01/func/sub-074_ses-01_task-movie_run-01_bold.nii.gz	sub-074/ses-01/func/sub-074_ses-01_task-movie_run-01_events.tsv	WRITTEN	Movie1A.mp4	left	Movie1	1	HIGH	ProtocolName_MovieN_to_matlab_run_id+selected_run_id_mat_present	Movie1_AP		0.937	0.0	196.821333
/home/alexrees/scratch/bids	sub-074	ses-01	run-03	sub-074/ses-01/func/sub-074_ses-01_task-movie_run-03_bold.nii.gz	sub-074/ses-01/func/sub-074_ses-01_task-movie_run-03_events.tsv	WRITTEN	Movie2A.mp4	right	Movie2	2	HIGH	ProtocolName_MovieN_to_matlab_run_id+selected_run_id_mat_present	Movie2_AP		0.937	0.0	196.821333
/home/alexrees/scratch/bids	sub-074	ses-01	run-05	sub-074/ses-01/func/sub-074_ses-01_task-movie_run-05_bold.nii.gz	sub-074/ses-01/func/sub-074_ses-01_task-movie_run-05_events.tsv	WRITTEN	Movie1B.mp4	right	Movie3	3	HIGH	ProtocolName_MovieN_to_matlab_run_id+selected_run_id_mat_present	Movie3_AP		0.937	0.0	196.821333
/home/alexrees/scratch/bids	sub-074	ses-01	run-07	sub-074/ses-01/func/sub-074_ses-01_task-movie_run-07_bold.nii.gz	sub-074/ses-01/func/sub-074_ses-01_task-movie_run-07_events.tsv	WRITTEN	Movie2B.mp4	left	Movie4	4	HIGH	ProtocolName_MovieN_to_matlab_run_id+selected_run_id_mat_present	Movie4_AP		0.937	0.0	196.821333
/home/alexrees/scratch/bids	sub-074	ses-02	run-01	sub-074/ses-02/func/sub-074_ses-02_task-movie_run-01_bold.nii.gz	sub-074/ses-02/func/sub-074_ses-02_task-movie_run-01_events.tsv	WRITTEN	Movie1A.mp4	left	Movie1	1	HIGH	ProtocolName_MovieN_to_matlab_run_id+selected_run_id_mat_present	Movie1_AP		0.937	0.0	196.821333
/home/alexrees/scratch/bids	sub-074	ses-02	run-03	sub-074/ses-02/func/sub-074_ses-02_task-movie_run-03_bold.nii.gz	sub-074/ses-02/func/sub-074_ses-02_task-movie_run-03_events.tsv	WRITTEN	Movie2A.mp4	right	Movie2	2	HIGH	ProtocolName_MovieN_to_matlab_run_id+selected_run_id_mat_present	Movie2_AP		0.937	0.0	196.821333
/home/alexrees/scratch/bids	sub-074	ses-02	run-05	sub-074/ses-02/func/sub-074_ses-02_task-movie_run-05_bold.nii.gz	sub-074/ses-02/func/sub-074_ses-02_task-movie_run-05_events.tsv	WRITTEN	Movie1B.mp4	right	Movie3	3	HIGH	ProtocolName_MovieN_to_matlab_run_id+selected_run_id_mat_present	Movie3_AP		0.937	0.0	196.821333
/home/alexrees/scratch/bids	sub-074	ses-02	run-07	sub-074/ses-02/func/sub-074_ses-02_task-movie_run-07_bold.nii.gz	sub-074/ses-02/func/sub-074_ses-02_task-movie_run-07_events.tsv	WRITTEN	Movie2B.mp4	left	Movie4	4	HIGH	ProtocolName_MovieN_to_matlab_run_id+selected_run_id_mat_present	Movie4_AP		0.937	0.0	196.821333
/home/alexrees/scratch/bids	sub-075	ses-01	run-01	sub-075/ses-01/func/sub-075_ses-01_task-movie_run-01_bold.nii.gz	sub-075/ses-01/func/sub-075_ses-01_task-movie_run-01_events.tsv	WRITTEN	Movie1A.mp4	left	Movie1	1	HIGH	ProtocolName_MovieN_to_matlab_run_id+selected_run_id_mat_present	Movie1_AP		0.937	0.0	196.821333
/home/alexrees/scratch/bids	sub-075	ses-01	run-03	sub-075/ses-01/func/sub-075_ses-01_task-movie_run-03_bold.nii.gz	sub-075/ses-01/func/sub-075_ses-01_task-movie_run-03_events.tsv	WRITTEN	Movie2A.mp4	right	Movie2	2	HIGH	ProtocolName_MovieN_to_matlab_run_id+selected_run_id_mat_present	Movie2_AP		0.937	0.0	196.821333
/home/alexrees/scratch/bids	sub-075	ses-01	run-05	sub-075/ses-01/func/sub-075_ses-01_task-movie_run-05_bold.nii.gz	sub-075/ses-01/func/sub-075_ses-01_task-movie_run-05_events.tsv	WRITTEN	Movie1B.mp4	right	Movie3	3	HIGH	ProtocolName_MovieN_to_matlab_run_id+selected_run_id_mat_present	Movie3_AP		0.937	0.0	196.821333
/home/alexrees/scratch/bids	sub-075	ses-01	run-07	sub-075/ses-01/func/sub-075_ses-01_task-movie_run-07_bold.nii.gz	sub-075/ses-01/func/sub-075_ses-01_task-movie_run-07_events.tsv	WRITTEN	Movie2B.mp4	left	Movie4	4	HIGH	ProtocolName_MovieN_to_matlab_run_id+selected_run_id_mat_present	Movie4_AP		0.937	0.0	196.821333
/home/alexrees/scratch/bids	sub-076	ses-01	run-01	sub-076/ses-01/func/sub-076_ses-01_task-movie_run-01_bold.nii.gz	sub-076/ses-01/func/sub-076_ses-01_task-movie_run-01_events.tsv	WRITTEN	Movie1A.mp4	left	Movie1	1	HIGH	ProtocolName_MovieN_to_matlab_run_id+selected_run_id_mat_present	Movie1_AP		0.937	0.0	196.821333
/home/alexrees/scratch/bids	sub-076	ses-01	run-03	sub-076/ses-01/func/sub-076_ses-01_task-movie_run-03_bold.nii.gz	sub-076/ses-01/func/sub-076_ses-01_task-movie_run-03_events.tsv	WRITTEN	Movie2A.mp4	right	Movie2	2	HIGH	ProtocolName_MovieN_to_matlab_run_id+selected_run_id_mat_present	Movie2_AP		0.937	0.0	196.821333
/home/alexrees/scratch/bids	sub-076	ses-01	run-05	sub-076/ses-01/func/sub-076_ses-01_task-movie_run-05_bold.nii.gz	sub-076/ses-01/func/sub-076_ses-01_task-movie_run-05_events.tsv	WRITTEN	Movie1B.mp4	right	Movie3	3	HIGH	ProtocolName_MovieN_to_matlab_run_id+selected_run_id_mat_present	Movie3_AP		0.937	0.0	196.821333
/home/alexrees/scratch/bids	sub-076	ses-01	run-07	sub-076/ses-01/func/sub-076_ses-01_task-movie_run-07_bold.nii.gz	sub-076/ses-01/func/sub-076_ses-01_task-movie_run-07_events.tsv	WRITTEN	Movie2B.mp4	left	Movie4	4	HIGH	ProtocolName_MovieN_to_matlab_run_id+selected_run_id_mat_present	Movie4_AP		0.937	0.0	196.821333
/home/alexrees/scratch/bids	sub-077	ses-01	run-01	sub-077/ses-01/func/sub-077_ses-01_task-movie_run-01_bold.nii.gz	sub-077/ses-01/func/sub-077_ses-01_task-movie_run-01_events.tsv	WRITTEN	Movie1A.mp4	left	Movie1	1	HIGH	ProtocolName_MovieN_to_matlab_run_id+selected_run_id_mat_present	Movie1_AP		0.937	0.0	196.821333
/home/alexrees/scratch/bids	sub-077	ses-01	run-03	sub-077/ses-01/func/sub-077_ses-01_task-movie_run-03_bold.nii.gz	sub-077/ses-01/func/sub-077_ses-01_task-movie_run-03_events.tsv	WRITTEN	Movie2A.mp4	right	Movie2	2	HIGH	ProtocolName_MovieN_to_matlab_run_id+selected_run_id_mat_present	Movie2_AP		0.937	0.0	196.821333
/home/alexrees/scratch/bids	sub-077	ses-01	run-05	sub-077/ses-01/func/sub-077_ses-01_task-movie_run-05_bold.nii.gz	sub-077/ses-01/func/sub-077_ses-01_task-movie_run-05_events.tsv	WRITTEN	Movie1B.mp4	right	Movie3	3	HIGH	ProtocolName_MovieN_to_matlab_run_id+selected_run_id_mat_present	Movie3_AP		0.937	0.0	196.821333
/home/alexrees/scratch/bids	sub-077	ses-01	run-07	sub-077/ses-01/func/sub-077_ses-01_task-movie_run-07_bold.nii.gz	sub-077/ses-01/func/sub-077_ses-01_task-movie_run-07_events.tsv	WRITTEN	Movie2B.mp4	left	Movie4	4	HIGH	ProtocolName_MovieN_to_matlab_run_id+selected_run_id_mat_present	Movie4_AP		0.937	0.0	196.821333
/home/alexrees/scratch/bids	sub-078	ses-01	run-01	sub-078/ses-01/func/sub-078_ses-01_task-movie_run-01_bold.nii.gz	sub-078/ses-01/func/sub-078_ses-01_task-movie_run-01_events.tsv	WRITTEN	Movie1A.mp4	left	Movie1	1	HIGH	ProtocolName_MovieN_to_matlab_run_id	Movie1_AP		0.937	0.0	196.821333
/home/alexrees/scratch/bids	sub-078	ses-01	run-03	sub-078/ses-01/func/sub-078_ses-01_task-movie_run-03_bold.nii.gz	sub-078/ses-01/func/sub-078_ses-01_task-movie_run-03_events.tsv	WRITTEN	Movie2A.mp4	right	Movie2	2	HIGH	ProtocolName_MovieN_to_matlab_run_id	Movie2_AP		0.937	0.0	196.821333
/home/alexrees/scratch/bids	sub-078	ses-01	run-05	sub-078/ses-01/func/sub-078_ses-01_task-movie_run-05_bold.nii.gz	sub-078/ses-01/func/sub-078_ses-01_task-movie_run-05_events.tsv	WRITTEN	Movie1B.mp4	right	Movie3	3	HIGH	ProtocolName_MovieN_to_matlab_run_id	Movie3_AP		0.937	0.0	196.821333
/home/alexrees/scratch/bids	sub-078	ses-01	run-07	sub-078/ses-01/func/sub-078_ses-01_task-movie_run-07_bold.nii.gz	sub-078/ses-01/func/sub-078_ses-01_task-movie_run-07_events.tsv	WRITTEN	Movie2B.mp4	left	Movie4	4	HIGH	ProtocolName_MovieN_to_matlab_run_id	Movie4_AP		0.937	0.0	196.821333
/home/alexrees/scratch/bids	sub-078	ses-02	run-01	sub-078/ses-02/func/sub-078_ses-02_task-movie_run-01_bold.nii.gz	sub-078/ses-02/func/sub-078_ses-02_task-movie_run-01_events.tsv	WRITTEN	Movie1A.mp4	left	Movie1	1	HIGH	ProtocolName_MovieN_to_matlab_run_id+selected_run_id_mat_present	Movie1_AP		0.937	0.0	196.821333
/home/alexrees/scratch/bids	sub-079	ses-01	run-01	sub-079/ses-01/func/sub-079_ses-01_task-movie_run-01_bold.nii.gz	sub-079/ses-01/func/sub-079_ses-01_task-movie_run-01_events.tsv	WRITTEN	Movie1A.mp4	left	Movie1	1	HIGH	ProtocolName_MovieN_to_matlab_run_id+selected_run_id_mat_present	Movie1_AP		0.937	0.0	196.821333
/home/alexrees/scratch/bids	sub-079	ses-01	run-03	sub-079/ses-01/func/sub-079_ses-01_task-movie_run-03_bold.nii.gz	sub-079/ses-01/func/sub-079_ses-01_task-movie_run-03_events.tsv	WRITTEN	Movie2A.mp4	right	Movie2	2	HIGH	ProtocolName_MovieN_to_matlab_run_id+selected_run_id_mat_present	Movie2_AP		0.937	0.0	196.821333
/home/alexrees/scratch/bids	sub-079	ses-01	run-05	sub-079/ses-01/func/sub-079_ses-01_task-movie_run-05_bold.nii.gz	sub-079/ses-01/func/sub-079_ses-01_task-movie_run-05_events.tsv	WRITTEN	Movie1B.mp4	right	Movie3	3	HIGH	ProtocolName_MovieN_to_matlab_run_id+selected_run_id_mat_present	Movie3_AP		0.937	0.0	196.821333
/home/alexrees/scratch/bids	sub-079	ses-01	run-07	sub-079/ses-01/func/sub-079_ses-01_task-movie_run-07_bold.nii.gz	sub-079/ses-01/func/sub-079_ses-01_task-movie_run-07_events.tsv	WRITTEN	Movie2B.mp4	left	Movie4	4	HIGH	ProtocolName_MovieN_to_matlab_run_id+selected_run_id_mat_present	Movie4_AP		0.937	0.0	196.821333
/home/alexrees/scratch/bids	sub-080	ses-01	run-01	sub-080/ses-01/func/sub-080_ses-01_task-movie_run-01_bold.nii.gz	sub-080/ses-01/func/sub-080_ses-01_task-movie_run-01_events.tsv	WRITTEN	Movie1A.mp4	left	Movie1	1	HIGH	ProtocolName_MovieN_to_matlab_run_id+selected_run_id_mat_present	Movie1_AP		0.937	0.0	196.821333
/home/alexrees/scratch/bids	sub-080	ses-01	run-03	sub-080/ses-01/func/sub-080_ses-01_task-movie_run-03_bold.nii.gz	sub-080/ses-01/func/sub-080_ses-01_task-movie_run-03_events.tsv	WRITTEN	Movie2A.mp4	right	Movie2	2	HIGH	ProtocolName_MovieN_to_matlab_run_id+selected_run_id_mat_present	Movie2_AP		0.937	0.0	196.821333
/home/alexrees/scratch/bids	sub-080	ses-01	run-05	sub-080/ses-01/func/sub-080_ses-01_task-movie_run-05_bold.nii.gz	sub-080/ses-01/func/sub-080_ses-01_task-movie_run-05_events.tsv	WRITTEN	Movie1B.mp4	right	Movie3	3	HIGH	ProtocolName_MovieN_to_matlab_run_id+selected_run_id_mat_present	Movie3_AP		0.937	0.0	196.821333
/home/alexrees/scratch/bids	sub-080	ses-01	run-07	sub-080/ses-01/func/sub-080_ses-01_task-movie_run-07_bold.nii.gz	sub-080/ses-01/func/sub-080_ses-01_task-movie_run-07_events.tsv	WRITTEN	Movie2B.mp4	left	Movie4	4	HIGH	ProtocolName_MovieN_to_matlab_run_id+selected_run_id_mat_present	Movie4_AP		0.937	0.0	196.821333
/home/alexrees/scratch/bids	sub-081	ses-01	run-01	sub-081/ses-01/func/sub-081_ses-01_task-movie_run-01_bold.nii.gz	sub-081/ses-01/func/sub-081_ses-01_task-movie_run-01_events.tsv	WRITTEN	Movie1A.mp4	left	Movie1	1	HIGH	ProtocolName_MovieN_to_matlab_run_id+selected_run_id_mat_present	Movie1_AP		0.937	0.0	196.821333
/home/alexrees/scratch/bids	sub-081	ses-01	run-03	sub-081/ses-01/func/sub-081_ses-01_task-movie_run-03_bold.nii.gz	sub-081/ses-01/func/sub-081_ses-01_task-movie_run-03_events.tsv	WRITTEN	Movie2A.mp4	right	Movie2	2	HIGH	ProtocolName_MovieN_to_matlab_run_id+selected_run_id_mat_present	Movie2_AP		0.937	0.0	196.821333
/home/alexrees/scratch/bids	sub-081	ses-01	run-05	sub-081/ses-01/func/sub-081_ses-01_task-movie_run-05_bold.nii.gz	sub-081/ses-01/func/sub-081_ses-01_task-movie_run-05_events.tsv	WRITTEN	Movie1B.mp4	right	Movie3	3	HIGH	ProtocolName_MovieN_to_matlab_run_id+selected_run_id_mat_present	Movie3_AP		0.937	0.0	196.821333
/home/alexrees/scratch/bids	sub-081	ses-01	run-07	sub-081/ses-01/func/sub-081_ses-01_task-movie_run-07_bold.nii.gz	sub-081/ses-01/func/sub-081_ses-01_task-movie_run-07_events.tsv	WRITTEN	Movie2B.mp4	left	Movie4	4	HIGH	ProtocolName_MovieN_to_matlab_run_id+selected_run_id_mat_present	Movie4_AP		0.937	0.0	196.821333
/home/alexrees/scratch/bids	sub-081	ses-02	run-01	sub-081/ses-02/func/sub-081_ses-02_task-movie_run-01_bold.nii.gz	sub-081/ses-02/func/sub-081_ses-02_task-movie_run-01_events.tsv	WRITTEN	Movie1A.mp4	left	Movie1	1	HIGH	ProtocolName_MovieN_to_matlab_run_id+selected_run_id_mat_present	Movie1_AP		0.937	0.0	196.821333
/home/alexrees/scratch/bids	sub-081	ses-02	run-03	sub-081/ses-02/func/sub-081_ses-02_task-movie_run-03_bold.nii.gz	sub-081/ses-02/func/sub-081_ses-02_task-movie_run-03_events.tsv	WRITTEN	Movie2A.mp4	right	Movie2	2	HIGH	ProtocolName_MovieN_to_matlab_run_id+selected_run_id_mat_present	Movie2_AP		0.937	0.0	196.821333
/home/alexrees/scratch/bids	sub-081	ses-02	run-05	sub-081/ses-02/func/sub-081_ses-02_task-movie_run-05_bold.nii.gz	sub-081/ses-02/func/sub-081_ses-02_task-movie_run-05_events.tsv	WRITTEN	Movie1B.mp4	right	Movie3	3	HIGH	ProtocolName_MovieN_to_matlab_run_id+selected_run_id_mat_present	Movie3_AP		0.937	0.0	196.821333
/home/alexrees/scratch/bids	sub-081	ses-02	run-07	sub-081/ses-02/func/sub-081_ses-02_task-movie_run-07_bold.nii.gz	sub-081/ses-02/func/sub-081_ses-02_task-movie_run-07_events.tsv	WRITTEN	Movie2B.mp4	left	Movie4	4	HIGH	ProtocolName_MovieN_to_matlab_run_id+selected_run_id_mat_present	Movie4_AP		0.937	0.0	196.821333
/home/alexrees/scratch/bids	sub-082	ses-01	run-01	sub-082/ses-01/func/sub-082_ses-01_task-movie_run-01_bold.nii.gz	sub-082/ses-01/func/sub-082_ses-01_task-movie_run-01_events.tsv	WRITTEN	Movie1A.mp4	left	Movie1	1	HIGH	ProtocolName_MovieN_to_matlab_run_id+selected_run_id_mat_present	Movie1_AP		0.937	0.0	196.821333
/home/alexrees/scratch/bids	sub-082	ses-01	run-03	sub-082/ses-01/func/sub-082_ses-01_task-movie_run-03_bold.nii.gz	sub-082/ses-01/func/sub-082_ses-01_task-movie_run-03_events.tsv	WRITTEN	Movie2A.mp4	right	Movie2	2	HIGH	ProtocolName_MovieN_to_matlab_run_id+selected_run_id_mat_present	Movie2_AP		0.937	0.0	196.821333
/home/alexrees/scratch/bids	sub-082	ses-01	run-05	sub-082/ses-01/func/sub-082_ses-01_task-movie_run-05_bold.nii.gz	sub-082/ses-01/func/sub-082_ses-01_task-movie_run-05_events.tsv	WRITTEN	Movie1B.mp4	right	Movie3	3	MEDIUM	ProtocolName_MovieN_fallback_unassigned_or_ambiguous	Movie3_AP		0.937	0.0	196.821333
/home/alexrees/scratch/bids	sub-082	ses-01	run-07	sub-082/ses-01/func/sub-082_ses-01_task-movie_run-07_bold.nii.gz	sub-082/ses-01/func/sub-082_ses-01_task-movie_run-07_events.tsv	WRITTEN	Movie1B.mp4	right	Movie3	3	MEDIUM	ProtocolName_MovieN_fallback_unassigned_or_ambiguous	Movie3_AP		0.937	0.0	196.821333
/home/alexrees/scratch/bids	sub-082	ses-01	run-09	sub-082/ses-01/func/sub-082_ses-01_task-movie_run-09_bold.nii.gz	sub-082/ses-01/func/sub-082_ses-01_task-movie_run-09_events.tsv	WRITTEN	Movie2B.mp4	left	Movie4	4	HIGH	ProtocolName_MovieN_to_matlab_run_id+selected_run_id_mat_present	Movie4_AP		0.937	0.0	196.821333
/home/alexrees/scratch/bids	sub-083	ses-01	run-01	sub-083/ses-01/func/sub-083_ses-01_task-movie_run-01_bold.nii.gz	sub-083/ses-01/func/sub-083_ses-01_task-movie_run-01_events.tsv	WRITTEN	Movie1A.mp4	left	Movie1	1	HIGH	ProtocolName_MovieN_to_matlab_run_id+selected_run_id_mat_present	Movie1_AP		0.937	0.0	196.821333
/home/alexrees/scratch/bids	sub-083	ses-01	run-03	sub-083/ses-01/func/sub-083_ses-01_task-movie_run-03_bold.nii.gz	sub-083/ses-01/func/sub-083_ses-01_task-movie_run-03_events.tsv	WRITTEN	Movie2A.mp4	right	Movie2	2	HIGH	ProtocolName_MovieN_to_matlab_run_id+selected_run_id_mat_present	Movie2_AP		0.937	0.0	196.821333
/home/alexrees/scratch/bids	sub-083	ses-01	run-05	sub-083/ses-01/func/sub-083_ses-01_task-movie_run-05_bold.nii.gz	sub-083/ses-01/func/sub-083_ses-01_task-movie_run-05_events.tsv	WRITTEN	Movie1B.mp4	right	Movie3	3	HIGH	ProtocolName_MovieN_to_matlab_run_id+selected_run_id_mat_present	Movie3_AP		0.937	0.0	196.821333
/home/alexrees/scratch/bids	sub-083	ses-01	run-07	sub-083/ses-01/func/sub-083_ses-01_task-movie_run-07_bold.nii.gz	sub-083/ses-01/func/sub-083_ses-01_task-movie_run-07_events.tsv	WRITTEN	Movie2B.mp4	left	Movie4	4	HIGH	ProtocolName_MovieN_to_matlab_run_id+selected_run_id_mat_present	Movie4_AP		0.937	0.0	196.821333
/home/alexrees/scratch/bids	sub-084	ses-01	run-01	sub-084/ses-01/func/sub-084_ses-01_task-movie_run-01_bold.nii.gz	sub-084/ses-01/func/sub-084_ses-01_task-movie_run-01_events.tsv	WRITTEN	Movie1A.mp4	left	Movie1	1	HIGH	ProtocolName_MovieN_to_matlab_run_id+selected_run_id_mat_present	Movie1_AP		0.937	0.0	196.821333
/home/alexrees/scratch/bids	sub-084	ses-01	run-03	sub-084/ses-01/func/sub-084_ses-01_task-movie_run-03_bold.nii.gz	sub-084/ses-01/func/sub-084_ses-01_task-movie_run-03_events.tsv	WRITTEN	Movie2A.mp4	right	Movie2	2	HIGH	ProtocolName_MovieN_to_matlab_run_id+selected_run_id_mat_present	Movie2_AP		0.937	0.0	196.821333
/home/alexrees/scratch/bids	sub-084	ses-01	run-05	sub-084/ses-01/func/sub-084_ses-01_task-movie_run-05_bold.nii.gz	sub-084/ses-01/func/sub-084_ses-01_task-movie_run-05_events.tsv	WRITTEN	Movie1B.mp4	right	Movie3	3	HIGH	ProtocolName_MovieN_to_matlab_run_id+selected_run_id_mat_present	Movie3_AP		0.937	0.0	196.821333
/home/alexrees/scratch/bids	sub-084	ses-01	run-07	sub-084/ses-01/func/sub-084_ses-01_task-movie_run-07_bold.nii.gz	sub-084/ses-01/func/sub-084_ses-01_task-movie_run-07_events.tsv	WRITTEN	Movie2B.mp4	left	Movie4	4	HIGH	ProtocolName_MovieN_to_matlab_run_id+selected_run_id_mat_present	Movie4_AP		0.937	0.0	196.821333
/home/alexrees/scratch/release_dataset	sub-001	ses-01	run-01	sub-001/ses-01/func/sub-001_ses-01_task-movie_run-01_bold.nii.gz	sub-001/ses-01/func/sub-001_ses-01_task-movie_run-01_events.tsv	WRITTEN	Movie1A.mp4	left	Movie1	1	HIGH	ProtocolName_MovieN_to_matlab_run_id+selected_run_id_mat_present	Movie1_AP		0.937	0.0	196.821333
/home/alexrees/scratch/release_dataset	sub-001	ses-01	run-03	sub-001/ses-01/func/sub-001_ses-01_task-movie_run-03_bold.nii.gz	sub-001/ses-01/func/sub-001_ses-01_task-movie_run-03_events.tsv	WRITTEN	Movie2A.mp4	right	Movie2	2	HIGH	ProtocolName_MovieN_to_matlab_run_id+selected_run_id_mat_present	Movie2_AP		0.937	0.0	196.821333
/home/alexrees/scratch/release_dataset	sub-001	ses-01	run-05	sub-001/ses-01/func/sub-001_ses-01_task-movie_run-05_bold.nii.gz	sub-001/ses-01/func/sub-001_ses-01_task-movie_run-05_events.tsv	WRITTEN	Movie1B.mp4	right	Movie3	3	HIGH	ProtocolName_MovieN_to_matlab_run_id+selected_run_id_mat_present	Movie3_AP		0.937	0.0	196.821333
/home/alexrees/scratch/release_dataset	sub-001	ses-01	run-07	sub-001/ses-01/func/sub-001_ses-01_task-movie_run-07_bold.nii.gz	sub-001/ses-01/func/sub-001_ses-01_task-movie_run-07_events.tsv	WRITTEN	Movie2B.mp4	left	Movie4	4	HIGH	ProtocolName_MovieN_to_matlab_run_id+selected_run_id_mat_present	Movie4_AP		0.937	0.0	196.821333
/home/alexrees/scratch/release_dataset	sub-001	ses-02	run-01	sub-001/ses-02/func/sub-001_ses-02_task-movie_run-01_bold.nii.gz	sub-001/ses-02/func/sub-001_ses-02_task-movie_run-01_events.tsv	WRITTEN	Movie1A.mp4	left	Movie1	1	HIGH	ProtocolName_MovieN_to_matlab_run_id+selected_run_id_mat_present	Movie1_AP		0.937	0.0	196.821333
/home/alexrees/scratch/release_dataset	sub-001	ses-02	run-03	sub-001/ses-02/func/sub-001_ses-02_task-movie_run-03_bold.nii.gz	sub-001/ses-02/func/sub-001_ses-02_task-movie_run-03_events.tsv	WRITTEN	Movie2A.mp4	right	Movie2	2	HIGH	ProtocolName_MovieN_to_matlab_run_id+selected_run_id_mat_present	Movie2_AP		0.937	0.0	196.821333
/home/alexrees/scratch/release_dataset	sub-001	ses-02	run-05	sub-001/ses-02/func/sub-001_ses-02_task-movie_run-05_bold.nii.gz	sub-001/ses-02/func/sub-001_ses-02_task-movie_run-05_events.tsv	WRITTEN	Movie1B.mp4	right	Movie3	3	HIGH	ProtocolName_MovieN_to_matlab_run_id+selected_run_id_mat_present	Movie3_AP		0.937	0.0	196.821333
/home/alexrees/scratch/release_dataset	sub-001	ses-02	run-07	sub-001/ses-02/func/sub-001_ses-02_task-movie_run-07_bold.nii.gz	sub-001/ses-02/func/sub-001_ses-02_task-movie_run-07_events.tsv	WRITTEN	Movie2B.mp4	left	Movie4	4	HIGH	ProtocolName_MovieN_to_matlab_run_id+selected_run_id_mat_present	Movie4_AP		0.937	0.0	196.821333
/home/alexrees/scratch/release_dataset	sub-002	ses-01	run-01	sub-002/ses-01/func/sub-002_ses-01_task-movie_run-01_bold.nii.gz	sub-002/ses-01/func/sub-002_ses-01_task-movie_run-01_events.tsv	WRITTEN	Movie1A.mp4	left	Movie1	1	HIGH	ProtocolName_MovieN_to_matlab_run_id+selected_run_id_mat_present	Movie1_AP		0.937	0.0	196.821333
/home/alexrees/scratch/release_dataset	sub-002	ses-01	run-03	sub-002/ses-01/func/sub-002_ses-01_task-movie_run-03_bold.nii.gz	sub-002/ses-01/func/sub-002_ses-01_task-movie_run-03_events.tsv	WRITTEN	Movie2A.mp4	right	Movie2	2	HIGH	ProtocolName_MovieN_to_matlab_run_id+selected_run_id_mat_present	Movie2_AP		0.937	0.0	196.821333
/home/alexrees/scratch/release_dataset	sub-002	ses-01	run-05	sub-002/ses-01/func/sub-002_ses-01_task-movie_run-05_bold.nii.gz	sub-002/ses-01/func/sub-002_ses-01_task-movie_run-05_events.tsv	WRITTEN	Movie1B.mp4	right	Movie3	3	HIGH	ProtocolName_MovieN_to_matlab_run_id+selected_run_id_mat_present	Movie3_AP		0.937	0.0	196.821333
/home/alexrees/scratch/release_dataset	sub-002	ses-01	run-07	sub-002/ses-01/func/sub-002_ses-01_task-movie_run-07_bold.nii.gz	sub-002/ses-01/func/sub-002_ses-01_task-movie_run-07_events.tsv	WRITTEN	Movie2B.mp4	left	Movie4	4	HIGH	ProtocolName_MovieN_to_matlab_run_id+selected_run_id_mat_present	Movie4_AP		0.937	0.0	196.821333
/home/alexrees/scratch/release_dataset	sub-002	ses-02	run-01	sub-002/ses-02/func/sub-002_ses-02_task-movie_run-01_bold.nii.gz	sub-002/ses-02/func/sub-002_ses-02_task-movie_run-01_events.tsv	WRITTEN	Movie1A.mp4	left	Movie1	1	HIGH	ProtocolName_MovieN_to_matlab_run_id+selected_run_id_mat_present	Movie1_AP		0.937	0.0	196.821333
/home/alexrees/scratch/release_dataset	sub-002	ses-02	run-03	sub-002/ses-02/func/sub-002_ses-02_task-movie_run-03_bold.nii.gz	sub-002/ses-02/func/sub-002_ses-02_task-movie_run-03_events.tsv	WRITTEN	Movie2A.mp4	right	Movie2	2	HIGH	ProtocolName_MovieN_to_matlab_run_id+selected_run_id_mat_present	Movie2_AP		0.937	0.0	196.821333
/home/alexrees/scratch/release_dataset	sub-002	ses-02	run-05	sub-002/ses-02/func/sub-002_ses-02_task-movie_run-05_bold.nii.gz	sub-002/ses-02/func/sub-002_ses-02_task-movie_run-05_events.tsv	WRITTEN	Movie1B.mp4	right	Movie3	3	HIGH	ProtocolName_MovieN_to_matlab_run_id+selected_run_id_mat_present	Movie3_AP		0.937	0.0	196.821333
/home/alexrees/scratch/release_dataset	sub-002	ses-02	run-07	sub-002/ses-02/func/sub-002_ses-02_task-movie_run-07_bold.nii.gz	sub-002/ses-02/func/sub-002_ses-02_task-movie_run-07_events.tsv	WRITTEN	Movie2B.mp4	left	Movie4	4	HIGH	ProtocolName_MovieN_to_matlab_run_id+selected_run_id_mat_present	Movie4_AP		0.937	0.0	196.821333
/home/alexrees/scratch/release_dataset	sub-003	ses-01	run-01	sub-003/ses-01/func/sub-003_ses-01_task-movie_run-01_bold.nii.gz	sub-003/ses-01/func/sub-003_ses-01_task-movie_run-01_events.tsv	WRITTEN	Movie1A.mp4	left	Movie1	1	HIGH	ProtocolName_MovieN_to_matlab_run_id+selected_run_id_mat_present	Movie1_AP		0.937	0.0	196.821333
/home/alexrees/scratch/release_dataset	sub-003	ses-01	run-03	sub-003/ses-01/func/sub-003_ses-01_task-movie_run-03_bold.nii.gz	sub-003/ses-01/func/sub-003_ses-01_task-movie_run-03_events.tsv	WRITTEN	Movie2A.mp4	right	Movie2	2	HIGH	ProtocolName_MovieN_to_matlab_run_id+selected_run_id_mat_present	Movie2_AP		0.937	0.0	196.821333
/home/alexrees/scratch/release_dataset	sub-003	ses-01	run-05	sub-003/ses-01/func/sub-003_ses-01_task-movie_run-05_bold.nii.gz	sub-003/ses-01/func/sub-003_ses-01_task-movie_run-05_events.tsv	WRITTEN	Movie1B.mp4	right	Movie3	3	HIGH	ProtocolName_MovieN_to_matlab_run_id+selected_run_id_mat_present	Movie3_AP		0.937	0.0	196.821333
/home/alexrees/scratch/release_dataset	sub-003	ses-01	run-07	sub-003/ses-01/func/sub-003_ses-01_task-movie_run-07_bold.nii.gz	sub-003/ses-01/func/sub-003_ses-01_task-movie_run-07_events.tsv	WRITTEN	Movie2B.mp4	left	Movie4	4	HIGH	ProtocolName_MovieN_to_matlab_run_id+selected_run_id_mat_present	Movie4_AP		0.937	0.0	196.821333
/home/alexrees/scratch/release_dataset	sub-003	ses-02	run-01	sub-003/ses-02/func/sub-003_ses-02_task-movie_run-01_bold.nii.gz	sub-003/ses-02/func/sub-003_ses-02_task-movie_run-01_events.tsv	WRITTEN	Movie1A.mp4	left	Movie1	1	HIGH	ProtocolName_MovieN_to_matlab_run_id+selected_run_id_mat_present	Movie1_AP		0.937	0.0	196.821333
/home/alexrees/scratch/release_dataset	sub-003	ses-02	run-03	sub-003/ses-02/func/sub-003_ses-02_task-movie_run-03_bold.nii.gz	sub-003/ses-02/func/sub-003_ses-02_task-movie_run-03_events.tsv	WRITTEN	Movie2A.mp4	right	Movie2	2	HIGH	ProtocolName_MovieN_to_matlab_run_id+selected_run_id_mat_present	Movie2_AP		0.937	0.0	196.821333
/home/alexrees/scratch/release_dataset	sub-003	ses-02	run-05	sub-003/ses-02/func/sub-003_ses-02_task-movie_run-05_bold.nii.gz	sub-003/ses-02/func/sub-003_ses-02_task-movie_run-05_events.tsv	WRITTEN	Movie1B.mp4	right	Movie3	3	HIGH	ProtocolName_MovieN_to_matlab_run_id+selected_run_id_mat_present	Movie3_AP		0.937	0.0	196.821333
/home/alexrees/scratch/release_dataset	sub-003	ses-02	run-07	sub-003/ses-02/func/sub-003_ses-02_task-movie_run-07_bold.nii.gz	sub-003/ses-02/func/sub-003_ses-02_task-movie_run-07_events.tsv	WRITTEN	Movie2B.mp4	left	Movie4	4	HIGH	ProtocolName_MovieN_to_matlab_run_id+selected_run_id_mat_present	Movie4_AP		0.937	0.0	196.821333
/home/alexrees/scratch/release_dataset	sub-004	ses-01	run-01	sub-004/ses-01/func/sub-004_ses-01_task-movie_run-01_bold.nii.gz	sub-004/ses-01/func/sub-004_ses-01_task-movie_run-01_events.tsv	WRITTEN	Movie1A.mp4	left	Movie1	1	HIGH	ProtocolName_MovieN_to_matlab_run_id+selected_run_id_mat_present	Movie1_AP		0.937	0.0	196.821333
/home/alexrees/scratch/release_dataset	sub-004	ses-01	run-03	sub-004/ses-01/func/sub-004_ses-01_task-movie_run-03_bold.nii.gz	sub-004/ses-01/func/sub-004_ses-01_task-movie_run-03_events.tsv	WRITTEN	Movie2A.mp4	right	Movie2	2	HIGH	ProtocolName_MovieN_to_matlab_run_id+selected_run_id_mat_present	Movie2_AP		0.937	0.0	196.821333
/home/alexrees/scratch/release_dataset	sub-004	ses-01	run-05	sub-004/ses-01/func/sub-004_ses-01_task-movie_run-05_bold.nii.gz	sub-004/ses-01/func/sub-004_ses-01_task-movie_run-05_events.tsv	WRITTEN	Movie1B.mp4	right	Movie3	3	HIGH	ProtocolName_MovieN_to_matlab_run_id+selected_run_id_mat_present	Movie3_AP		0.937	0.0	196.821333
/home/alexrees/scratch/release_dataset	sub-004	ses-01	run-07	sub-004/ses-01/func/sub-004_ses-01_task-movie_run-07_bold.nii.gz	sub-004/ses-01/func/sub-004_ses-01_task-movie_run-07_events.tsv	WRITTEN	Movie2B.mp4	left	Movie4	4	HIGH	ProtocolName_MovieN_to_matlab_run_id+selected_run_id_mat_present	Movie4_AP		0.937	0.0	196.821333
/home/alexrees/scratch/release_dataset	sub-004	ses-02	run-01	sub-004/ses-02/func/sub-004_ses-02_task-movie_run-01_bold.nii.gz	sub-004/ses-02/func/sub-004_ses-02_task-movie_run-01_events.tsv	WRITTEN	Movie1A.mp4	left	Movie1	1	HIGH	ProtocolName_MovieN_to_matlab_run_id	Movie1_AP		0.937	0.0	196.821333
/home/alexrees/scratch/release_dataset	sub-004	ses-02	run-03	sub-004/ses-02/func/sub-004_ses-02_task-movie_run-03_bold.nii.gz	sub-004/ses-02/func/sub-004_ses-02_task-movie_run-03_events.tsv	WRITTEN	Movie2A.mp4	right	Movie2	2	HIGH	ProtocolName_MovieN_to_matlab_run_id	Movie2_AP		0.937	0.0	196.821333
/home/alexrees/scratch/release_dataset	sub-004	ses-02	run-05	sub-004/ses-02/func/sub-004_ses-02_task-movie_run-05_bold.nii.gz	sub-004/ses-02/func/sub-004_ses-02_task-movie_run-05_events.tsv	WRITTEN	Movie1B.mp4	right	Movie3	3	HIGH	ProtocolName_MovieN_to_matlab_run_id	Movie3_AP		0.937	0.0	196.821333
/home/alexrees/scratch/release_dataset	sub-004	ses-02	run-07	sub-004/ses-02/func/sub-004_ses-02_task-movie_run-07_bold.nii.gz	sub-004/ses-02/func/sub-004_ses-02_task-movie_run-07_events.tsv	WRITTEN	Movie2B.mp4	left	Movie4	4	HIGH	ProtocolName_MovieN_to_matlab_run_id	Movie4_AP		0.937	0.0	196.821333
/home/alexrees/scratch/release_dataset	sub-005	ses-01	run-01	sub-005/ses-01/func/sub-005_ses-01_task-movie_run-01_bold.nii.gz	sub-005/ses-01/func/sub-005_ses-01_task-movie_run-01_events.tsv	WRITTEN	Movie1A.mp4	left	Movie1	1	HIGH	ProtocolName_MovieN_to_matlab_run_id+selected_run_id_mat_present	Movie1_AP		0.937	0.0	196.821333
/home/alexrees/scratch/release_dataset	sub-005	ses-01	run-03	sub-005/ses-01/func/sub-005_ses-01_task-movie_run-03_bold.nii.gz	sub-005/ses-01/func/sub-005_ses-01_task-movie_run-03_events.tsv	WRITTEN	Movie2A.mp4	right	Movie2	2	HIGH	ProtocolName_MovieN_to_matlab_run_id+selected_run_id_mat_present	Movie2_AP		0.937	0.0	196.821333
/home/alexrees/scratch/release_dataset	sub-005	ses-01	run-05	sub-005/ses-01/func/sub-005_ses-01_task-movie_run-05_bold.nii.gz	sub-005/ses-01/func/sub-005_ses-01_task-movie_run-05_events.tsv	WRITTEN	Movie1B.mp4	right	Movie3	3	HIGH	ProtocolName_MovieN_to_matlab_run_id+selected_run_id_mat_present	Movie3_AP		0.937	0.0	196.821333
/home/alexrees/scratch/release_dataset	sub-005	ses-01	run-07	sub-005/ses-01/func/sub-005_ses-01_task-movie_run-07_bold.nii.gz	sub-005/ses-01/func/sub-005_ses-01_task-movie_run-07_events.tsv	WRITTEN	Movie2B.mp4	left	Movie4	4	HIGH	ProtocolName_MovieN_to_matlab_run_id+selected_run_id_mat_present	Movie4_AP		0.937	0.0	196.821333
/home/alexrees/scratch/release_dataset	sub-005	ses-02	run-01	sub-005/ses-02/func/sub-005_ses-02_task-movie_run-01_bold.nii.gz	sub-005/ses-02/func/sub-005_ses-02_task-movie_run-01_events.tsv	WRITTEN	Movie1A.mp4	left	Movie1	1	HIGH	ProtocolName_MovieN_to_matlab_run_id+selected_run_id_mat_present	Movie1_AP		0.937	0.0	196.821333
/home/alexrees/scratch/release_dataset	sub-005	ses-02	run-03	sub-005/ses-02/func/sub-005_ses-02_task-movie_run-03_bold.nii.gz	sub-005/ses-02/func/sub-005_ses-02_task-movie_run-03_events.tsv	WRITTEN	Movie2A.mp4	right	Movie2	2	HIGH	ProtocolName_MovieN_to_matlab_run_id+selected_run_id_mat_present	Movie2_AP		0.937	0.0	196.821333
/home/alexrees/scratch/release_dataset	sub-005	ses-02	run-05	sub-005/ses-02/func/sub-005_ses-02_task-movie_run-05_bold.nii.gz	sub-005/ses-02/func/sub-005_ses-02_task-movie_run-05_events.tsv	WRITTEN	Movie1B.mp4	right	Movie3	3	HIGH	ProtocolName_MovieN_to_matlab_run_id+selected_run_id_mat_present	Movie3_AP		0.937	0.0	196.821333
/home/alexrees/scratch/release_dataset	sub-005	ses-02	run-07	sub-005/ses-02/func/sub-005_ses-02_task-movie_run-07_bold.nii.gz	sub-005/ses-02/func/sub-005_ses-02_task-movie_run-07_events.tsv	WRITTEN	Movie2B.mp4	left	Movie4	4	HIGH	ProtocolName_MovieN_to_matlab_run_id+selected_run_id_mat_present	Movie4_AP		0.937	0.0	196.821333
/home/alexrees/scratch/release_dataset	sub-006	ses-01	run-01	sub-006/ses-01/func/sub-006_ses-01_task-movie_run-01_bold.nii.gz	sub-006/ses-01/func/sub-006_ses-01_task-movie_run-01_events.tsv	WRITTEN	Movie1A.mp4	left	Movie1	1	HIGH	ProtocolName_MovieN_to_matlab_run_id+selected_run_id_mat_present	Movie1_AP		0.937	0.0	196.821333
/home/alexrees/scratch/release_dataset	sub-006	ses-01	run-03	sub-006/ses-01/func/sub-006_ses-01_task-movie_run-03_bold.nii.gz	sub-006/ses-01/func/sub-006_ses-01_task-movie_run-03_events.tsv	WRITTEN	Movie2A.mp4	right	Movie2	2	HIGH	ProtocolName_MovieN_to_matlab_run_id+selected_run_id_mat_present	Movie2_AP		0.937	0.0	196.821333
/home/alexrees/scratch/release_dataset	sub-006	ses-01	run-05	sub-006/ses-01/func/sub-006_ses-01_task-movie_run-05_bold.nii.gz	sub-006/ses-01/func/sub-006_ses-01_task-movie_run-05_events.tsv	WRITTEN	Movie1B.mp4	right	Movie3	3	HIGH	ProtocolName_MovieN_to_matlab_run_id+selected_run_id_mat_present	Movie3_AP		0.937	0.0	196.821333
/home/alexrees/scratch/release_dataset	sub-006	ses-01	run-07	sub-006/ses-01/func/sub-006_ses-01_task-movie_run-07_bold.nii.gz	sub-006/ses-01/func/sub-006_ses-01_task-movie_run-07_events.tsv	WRITTEN	Movie2B.mp4	left	Movie4	4	HIGH	ProtocolName_MovieN_to_matlab_run_id+selected_run_id_mat_present	Movie4_AP		0.937	0.0	196.821333
/home/alexrees/scratch/release_dataset	sub-006	ses-02	run-01	sub-006/ses-02/func/sub-006_ses-02_task-movie_run-01_bold.nii.gz	sub-006/ses-02/func/sub-006_ses-02_task-movie_run-01_events.tsv	WRITTEN	Movie1A.mp4	left	Movie1	1	HIGH	ProtocolName_MovieN_to_matlab_run_id+selected_run_id_mat_present	Movie1_AP		0.937	0.0	196.821333
/home/alexrees/scratch/release_dataset	sub-006	ses-02	run-03	sub-006/ses-02/func/sub-006_ses-02_task-movie_run-03_bold.nii.gz	sub-006/ses-02/func/sub-006_ses-02_task-movie_run-03_events.tsv	WRITTEN	Movie2A.mp4	right	Movie2	2	HIGH	ProtocolName_MovieN_to_matlab_run_id+selected_run_id_mat_present	Movie2_AP		0.937	0.0	196.821333
/home/alexrees/scratch/release_dataset	sub-006	ses-02	run-05	sub-006/ses-02/func/sub-006_ses-02_task-movie_run-05_bold.nii.gz	sub-006/ses-02/func/sub-006_ses-02_task-movie_run-05_events.tsv	WRITTEN	Movie1B.mp4	right	Movie3	3	HIGH	ProtocolName_MovieN_to_matlab_run_id+selected_run_id_mat_present	Movie3_AP		0.937	0.0	196.821333
/home/alexrees/scratch/release_dataset	sub-006	ses-02	run-07	sub-006/ses-02/func/sub-006_ses-02_task-movie_run-07_bold.nii.gz	sub-006/ses-02/func/sub-006_ses-02_task-movie_run-07_events.tsv	WRITTEN	Movie2B.mp4	left	Movie4	4	HIGH	ProtocolName_MovieN_to_matlab_run_id+selected_run_id_mat_present	Movie4_AP		0.937	0.0	196.821333
/home/alexrees/scratch/release_dataset	sub-007	ses-01	run-01	sub-007/ses-01/func/sub-007_ses-01_task-movie_run-01_bold.nii.gz	sub-007/ses-01/func/sub-007_ses-01_task-movie_run-01_events.tsv	WRITTEN	Movie1A.mp4	left	Movie1	1	HIGH	ProtocolName_MovieN_to_matlab_run_id+selected_run_id_mat_present	Movie1_AP		0.937	0.0	196.821333
/home/alexrees/scratch/release_dataset	sub-007	ses-01	run-03	sub-007/ses-01/func/sub-007_ses-01_task-movie_run-03_bold.nii.gz	sub-007/ses-01/func/sub-007_ses-01_task-movie_run-03_events.tsv	WRITTEN	Movie2A.mp4	right	Movie2	2	HIGH	ProtocolName_MovieN_to_matlab_run_id+selected_run_id_mat_present	Movie2_AP		0.937	0.0	196.821333
/home/alexrees/scratch/release_dataset	sub-007	ses-01	run-05	sub-007/ses-01/func/sub-007_ses-01_task-movie_run-05_bold.nii.gz	sub-007/ses-01/func/sub-007_ses-01_task-movie_run-05_events.tsv	WRITTEN	Movie1B.mp4	right	Movie3	3	HIGH	ProtocolName_MovieN_to_matlab_run_id+selected_run_id_mat_present	Movie3_AP		0.937	0.0	196.821333
/home/alexrees/scratch/release_dataset	sub-007	ses-01	run-07	sub-007/ses-01/func/sub-007_ses-01_task-movie_run-07_bold.nii.gz	sub-007/ses-01/func/sub-007_ses-01_task-movie_run-07_events.tsv	WRITTEN	Movie2B.mp4	left	Movie4	4	MEDIUM	ProtocolName_MovieN_fallback_unassigned_or_ambiguous	Movie4_AP		0.937	0.0	196.821333
/home/alexrees/scratch/release_dataset	sub-007	ses-01	run-09	sub-007/ses-01/func/sub-007_ses-01_task-movie_run-09_bold.nii.gz	sub-007/ses-01/func/sub-007_ses-01_task-movie_run-09_events.tsv	WRITTEN	Movie2B.mp4	left	Movie4	4	MEDIUM	ProtocolName_MovieN_fallback_unassigned_or_ambiguous	Movie4_AP_redo_cuz_gogle_moved		0.937	0.0	196.821333
/home/alexrees/scratch/release_dataset	sub-007	ses-02	run-01	sub-007/ses-02/func/sub-007_ses-02_task-movie_run-01_bold.nii.gz	sub-007/ses-02/func/sub-007_ses-02_task-movie_run-01_events.tsv	WRITTEN	Movie1A.mp4	left	Movie1	1	HIGH	ProtocolName_MovieN_to_matlab_run_id+selected_run_id_mat_present	Movie1_AP		0.937	0.0	196.821333
/home/alexrees/scratch/release_dataset	sub-007	ses-02	run-03	sub-007/ses-02/func/sub-007_ses-02_task-movie_run-03_bold.nii.gz	sub-007/ses-02/func/sub-007_ses-02_task-movie_run-03_events.tsv	WRITTEN	Movie2A.mp4	right	Movie2	2	HIGH	ProtocolName_MovieN_to_matlab_run_id+selected_run_id_mat_present	Movie2_AP		0.937	0.0	196.821333
/home/alexrees/scratch/release_dataset	sub-007	ses-02	run-05	sub-007/ses-02/func/sub-007_ses-02_task-movie_run-05_bold.nii.gz	sub-007/ses-02/func/sub-007_ses-02_task-movie_run-05_events.tsv	WRITTEN	Movie1B.mp4	right	Movie3	3	HIGH	ProtocolName_MovieN_to_matlab_run_id+selected_run_id_mat_present	Movie3_AP		0.937	0.0	196.821333
/home/alexrees/scratch/release_dataset	sub-007	ses-02	run-07	sub-007/ses-02/func/sub-007_ses-02_task-movie_run-07_bold.nii.gz	sub-007/ses-02/func/sub-007_ses-02_task-movie_run-07_events.tsv	WRITTEN	Movie2B.mp4	left	Movie4	4	HIGH	ProtocolName_MovieN_to_matlab_run_id+selected_run_id_mat_present	Movie4_AP		0.937	0.0	196.821333
/home/alexrees/scratch/release_dataset	sub-008	ses-01	run-01	sub-008/ses-01/func/sub-008_ses-01_task-movie_run-01_bold.nii.gz	sub-008/ses-01/func/sub-008_ses-01_task-movie_run-01_events.tsv	WRITTEN	Movie1A.mp4	left	Movie1	1	HIGH	ProtocolName_MovieN_to_matlab_run_id+selected_run_id_mat_present	Movie1_AP		0.937	0.0	196.821333
/home/alexrees/scratch/release_dataset	sub-008	ses-01	run-03	sub-008/ses-01/func/sub-008_ses-01_task-movie_run-03_bold.nii.gz	sub-008/ses-01/func/sub-008_ses-01_task-movie_run-03_events.tsv	WRITTEN	Movie2A.mp4	right	Movie2	2	HIGH	ProtocolName_MovieN_to_matlab_run_id+selected_run_id_mat_present	Movie2_AP		0.937	0.0	196.821333
/home/alexrees/scratch/release_dataset	sub-008	ses-01	run-05	sub-008/ses-01/func/sub-008_ses-01_task-movie_run-05_bold.nii.gz	sub-008/ses-01/func/sub-008_ses-01_task-movie_run-05_events.tsv	WRITTEN	Movie1B.mp4	right	Movie3	3	HIGH	ProtocolName_MovieN_to_matlab_run_id+selected_run_id_mat_present	Movie3_AP		0.937	0.0	196.821333
/home/alexrees/scratch/release_dataset	sub-008	ses-01	run-07	sub-008/ses-01/func/sub-008_ses-01_task-movie_run-07_bold.nii.gz	sub-008/ses-01/func/sub-008_ses-01_task-movie_run-07_events.tsv	WRITTEN	Movie2B.mp4	left	Movie4	4	HIGH	ProtocolName_MovieN_to_matlab_run_id+selected_run_id_mat_present	Movie4_AP		0.937	0.0	196.821333
/home/alexrees/scratch/release_dataset	sub-008	ses-02	run-01	sub-008/ses-02/func/sub-008_ses-02_task-movie_run-01_bold.nii.gz	sub-008/ses-02/func/sub-008_ses-02_task-movie_run-01_events.tsv	WRITTEN	Movie1A.mp4	left	Movie1	1	HIGH	ProtocolName_MovieN_to_matlab_run_id+selected_run_id_mat_present	Movie1_AP		0.937	0.0	196.821333
/home/alexrees/scratch/release_dataset	sub-008	ses-02	run-03	sub-008/ses-02/func/sub-008_ses-02_task-movie_run-03_bold.nii.gz	sub-008/ses-02/func/sub-008_ses-02_task-movie_run-03_events.tsv	WRITTEN	Movie2A.mp4	right	Movie2	2	HIGH	ProtocolName_MovieN_to_matlab_run_id+selected_run_id_mat_present	Movie2_AP		0.937	0.0	196.821333
/home/alexrees/scratch/release_dataset	sub-008	ses-02	run-05	sub-008/ses-02/func/sub-008_ses-02_task-movie_run-05_bold.nii.gz	sub-008/ses-02/func/sub-008_ses-02_task-movie_run-05_events.tsv	WRITTEN	Movie1B.mp4	right	Movie3	3	HIGH	ProtocolName_MovieN_to_matlab_run_id+selected_run_id_mat_present	Movie3_AP		0.937	0.0	196.821333
/home/alexrees/scratch/release_dataset	sub-008	ses-02	run-07	sub-008/ses-02/func/sub-008_ses-02_task-movie_run-07_bold.nii.gz	sub-008/ses-02/func/sub-008_ses-02_task-movie_run-07_events.tsv	WRITTEN	Movie2B.mp4	left	Movie4	4	HIGH	ProtocolName_MovieN_to_matlab_run_id+selected_run_id_mat_present	Movie4_AP		0.937	0.0	196.821333
/home/alexrees/scratch/release_dataset	sub-009	ses-01	run-01	sub-009/ses-01/func/sub-009_ses-01_task-movie_run-01_bold.nii.gz	sub-009/ses-01/func/sub-009_ses-01_task-movie_run-01_events.tsv	WRITTEN	Movie1A.mp4	left	Movie1	1	HIGH	ProtocolName_MovieN_to_matlab_run_id+selected_run_id_mat_present	Movie1_AP		0.937	0.0	196.821333
/home/alexrees/scratch/release_dataset	sub-009	ses-01	run-03	sub-009/ses-01/func/sub-009_ses-01_task-movie_run-03_bold.nii.gz	sub-009/ses-01/func/sub-009_ses-01_task-movie_run-03_events.tsv	WRITTEN	Movie2A.mp4	right	Movie2	2	HIGH	ProtocolName_MovieN_to_matlab_run_id+selected_run_id_mat_present	Movie2_AP		0.937	0.0	196.821333
/home/alexrees/scratch/release_dataset	sub-009	ses-01	run-05	sub-009/ses-01/func/sub-009_ses-01_task-movie_run-05_bold.nii.gz	sub-009/ses-01/func/sub-009_ses-01_task-movie_run-05_events.tsv	WRITTEN	Movie1B.mp4	right	Movie3	3	HIGH	ProtocolName_MovieN_to_matlab_run_id+selected_run_id_mat_present	Movie3_AP		0.937	0.0	196.821333
/home/alexrees/scratch/release_dataset	sub-009	ses-01	run-07	sub-009/ses-01/func/sub-009_ses-01_task-movie_run-07_bold.nii.gz	sub-009/ses-01/func/sub-009_ses-01_task-movie_run-07_events.tsv	WRITTEN	Movie2B.mp4	left	Movie4	4	HIGH	ProtocolName_MovieN_to_matlab_run_id+selected_run_id_mat_present	Movie4_AP		0.937	0.0	196.821333
/home/alexrees/scratch/release_dataset	sub-009	ses-02	run-01	sub-009/ses-02/func/sub-009_ses-02_task-movie_run-01_bold.nii.gz	sub-009/ses-02/func/sub-009_ses-02_task-movie_run-01_events.tsv	WRITTEN	Movie1A.mp4	left	Movie1	1	HIGH	ProtocolName_MovieN_to_matlab_run_id+selected_run_id_mat_present	Movie1_AP		0.937	0.0	196.821333
/home/alexrees/scratch/release_dataset	sub-009	ses-02	run-03	sub-009/ses-02/func/sub-009_ses-02_task-movie_run-03_bold.nii.gz	sub-009/ses-02/func/sub-009_ses-02_task-movie_run-03_events.tsv	WRITTEN	Movie2A.mp4	right	Movie2	2	HIGH	ProtocolName_MovieN_to_matlab_run_id+selected_run_id_mat_present	Movie2_AP		0.937	0.0	196.821333
/home/alexrees/scratch/release_dataset	sub-009	ses-02	run-05	sub-009/ses-02/func/sub-009_ses-02_task-movie_run-05_bold.nii.gz	sub-009/ses-02/func/sub-009_ses-02_task-movie_run-05_events.tsv	WRITTEN	Movie1B.mp4	right	Movie3	3	HIGH	ProtocolName_MovieN_to_matlab_run_id+selected_run_id_mat_present	Movie3_AP		0.937	0.0	196.821333
/home/alexrees/scratch/release_dataset	sub-009	ses-02	run-07	sub-009/ses-02/func/sub-009_ses-02_task-movie_run-07_bold.nii.gz	sub-009/ses-02/func/sub-009_ses-02_task-movie_run-07_events.tsv	WRITTEN	Movie2B.mp4	left	Movie4	4	HIGH	ProtocolName_MovieN_to_matlab_run_id+selected_run_id_mat_present	Movie4_AP		0.937	0.0	196.821333
/home/alexrees/scratch/release_dataset	sub-010	ses-01	run-01	sub-010/ses-01/func/sub-010_ses-01_task-movie_run-01_bold.nii.gz	sub-010/ses-01/func/sub-010_ses-01_task-movie_run-01_events.tsv	WRITTEN	Movie1A.mp4	left	Movie1	1	MEDIUM	ProtocolName_MovieN_fallback_unassigned_or_ambiguous	Movie1_AP		0.937	0.0	196.821333
/home/alexrees/scratch/release_dataset	sub-010	ses-01	run-03	sub-010/ses-01/func/sub-010_ses-01_task-movie_run-03_bold.nii.gz	sub-010/ses-01/func/sub-010_ses-01_task-movie_run-03_events.tsv	WRITTEN	Movie1A.mp4	left	Movie1	1	MEDIUM	ProtocolName_MovieN_fallback_unassigned_or_ambiguous	Movie1_AP		0.937	0.0	196.821333
/home/alexrees/scratch/release_dataset	sub-011	ses-01	run-01	sub-011/ses-01/func/sub-011_ses-01_task-movie_run-01_bold.nii.gz	sub-011/ses-01/func/sub-011_ses-01_task-movie_run-01_events.tsv	WRITTEN	Movie1A.mp4	left	Movie1	1	HIGH	ProtocolName_MovieN_to_matlab_run_id+selected_run_id_mat_present	Movie1_AP		0.937	0.0	196.821333
/home/alexrees/scratch/release_dataset	sub-011	ses-01	run-03	sub-011/ses-01/func/sub-011_ses-01_task-movie_run-03_bold.nii.gz	sub-011/ses-01/func/sub-011_ses-01_task-movie_run-03_events.tsv	WRITTEN	Movie2A.mp4	right	Movie2	2	HIGH	ProtocolName_MovieN_to_matlab_run_id+selected_run_id_mat_present	Movie2_AP		0.937	0.0	196.821333
/home/alexrees/scratch/release_dataset	sub-011	ses-01	run-05	sub-011/ses-01/func/sub-011_ses-01_task-movie_run-05_bold.nii.gz	sub-011/ses-01/func/sub-011_ses-01_task-movie_run-05_events.tsv	WRITTEN	Movie1B.mp4	right	Movie3	3	HIGH	ProtocolName_MovieN_to_matlab_run_id+selected_run_id_mat_present	Movie3_AP		0.937	0.0	196.821333
/home/alexrees/scratch/release_dataset	sub-011	ses-01	run-07	sub-011/ses-01/func/sub-011_ses-01_task-movie_run-07_bold.nii.gz	sub-011/ses-01/func/sub-011_ses-01_task-movie_run-07_events.tsv	WRITTEN	Movie2B.mp4	left	Movie4	4	HIGH	ProtocolName_MovieN_to_matlab_run_id+selected_run_id_mat_present	Movie4_AP		0.937	0.0	196.821333
/home/alexrees/scratch/release_dataset	sub-011	ses-02	run-01	sub-011/ses-02/func/sub-011_ses-02_task-movie_run-01_bold.nii.gz	sub-011/ses-02/func/sub-011_ses-02_task-movie_run-01_events.tsv	WRITTEN	Movie1A.mp4	left	Movie1	1	HIGH	ProtocolName_MovieN_to_matlab_run_id+selected_run_id_mat_present	Movie1_AP		0.937	0.0	196.821333
/home/alexrees/scratch/release_dataset	sub-011	ses-02	run-03	sub-011/ses-02/func/sub-011_ses-02_task-movie_run-03_bold.nii.gz	sub-011/ses-02/func/sub-011_ses-02_task-movie_run-03_events.tsv	WRITTEN	Movie2A.mp4	right	Movie2	2	HIGH	ProtocolName_MovieN_to_matlab_run_id+selected_run_id_mat_present	Movie2_AP		0.937	0.0	196.821333
/home/alexrees/scratch/release_dataset	sub-011	ses-02	run-05	sub-011/ses-02/func/sub-011_ses-02_task-movie_run-05_bold.nii.gz	sub-011/ses-02/func/sub-011_ses-02_task-movie_run-05_events.tsv	WRITTEN	Movie1B.mp4	right	Movie3	3	HIGH	ProtocolName_MovieN_to_matlab_run_id+selected_run_id_mat_present	Movie3_AP		0.937	0.0	196.821333
/home/alexrees/scratch/release_dataset	sub-011	ses-02	run-07	sub-011/ses-02/func/sub-011_ses-02_task-movie_run-07_bold.nii.gz	sub-011/ses-02/func/sub-011_ses-02_task-movie_run-07_events.tsv	WRITTEN	Movie2B.mp4	left	Movie4	4	HIGH	ProtocolName_MovieN_to_matlab_run_id+selected_run_id_mat_present	Movie4_AP		0.937	0.0	196.821333
/home/alexrees/scratch/release_dataset	sub-012	ses-01	run-01	sub-012/ses-01/func/sub-012_ses-01_task-movie_run-01_bold.nii.gz	sub-012/ses-01/func/sub-012_ses-01_task-movie_run-01_events.tsv	WRITTEN	Movie1A.mp4	left	Movie1	1	HIGH	ProtocolName_MovieN_to_matlab_run_id+selected_run_id_mat_present	Movie1_AP		0.937	0.0	196.821333
/home/alexrees/scratch/release_dataset	sub-012	ses-01	run-03	sub-012/ses-01/func/sub-012_ses-01_task-movie_run-03_bold.nii.gz	sub-012/ses-01/func/sub-012_ses-01_task-movie_run-03_events.tsv	WRITTEN	Movie2A.mp4	right	Movie2	2	HIGH	ProtocolName_MovieN_to_matlab_run_id+selected_run_id_mat_present	Movie2_AP		0.937	0.0	196.821333
/home/alexrees/scratch/release_dataset	sub-012	ses-01	run-05	sub-012/ses-01/func/sub-012_ses-01_task-movie_run-05_bold.nii.gz	sub-012/ses-01/func/sub-012_ses-01_task-movie_run-05_events.tsv	WRITTEN	Movie1B.mp4	right	Movie3	3	HIGH	ProtocolName_MovieN_to_matlab_run_id+selected_run_id_mat_present	Movie3_AP		0.937	0.0	196.821333
/home/alexrees/scratch/release_dataset	sub-012	ses-01	run-07	sub-012/ses-01/func/sub-012_ses-01_task-movie_run-07_bold.nii.gz	sub-012/ses-01/func/sub-012_ses-01_task-movie_run-07_events.tsv	WRITTEN	Movie2B.mp4	left	Movie4	4	HIGH	ProtocolName_MovieN_to_matlab_run_id+selected_run_id_mat_present	Movie4_AP		0.937	0.0	196.821333
/home/alexrees/scratch/release_dataset	sub-012	ses-02	run-01	sub-012/ses-02/func/sub-012_ses-02_task-movie_run-01_bold.nii.gz	sub-012/ses-02/func/sub-012_ses-02_task-movie_run-01_events.tsv	WRITTEN	Movie1A.mp4	left	Movie1	1	HIGH	ProtocolName_MovieN_to_matlab_run_id+selected_run_id_mat_present	Movie1_AP		0.937	0.0	196.821333
/home/alexrees/scratch/release_dataset	sub-012	ses-02	run-03	sub-012/ses-02/func/sub-012_ses-02_task-movie_run-03_bold.nii.gz	sub-012/ses-02/func/sub-012_ses-02_task-movie_run-03_events.tsv	WRITTEN	Movie2A.mp4	right	Movie2	2	HIGH	ProtocolName_MovieN_to_matlab_run_id+selected_run_id_mat_present	Movie2_AP		0.937	0.0	196.821333
/home/alexrees/scratch/release_dataset	sub-012	ses-02	run-05	sub-012/ses-02/func/sub-012_ses-02_task-movie_run-05_bold.nii.gz	sub-012/ses-02/func/sub-012_ses-02_task-movie_run-05_events.tsv	WRITTEN	Movie1B.mp4	right	Movie3	3	HIGH	ProtocolName_MovieN_to_matlab_run_id+selected_run_id_mat_present	Movie3_AP		0.937	0.0	196.821333
/home/alexrees/scratch/release_dataset	sub-012	ses-02	run-07	sub-012/ses-02/func/sub-012_ses-02_task-movie_run-07_bold.nii.gz	sub-012/ses-02/func/sub-012_ses-02_task-movie_run-07_events.tsv	WRITTEN	Movie2B.mp4	left	Movie4	4	HIGH	ProtocolName_MovieN_to_matlab_run_id+selected_run_id_mat_present	Movie4_AP		0.937	0.0	196.821333
/home/alexrees/scratch/release_dataset	sub-013	ses-01	run-01	sub-013/ses-01/func/sub-013_ses-01_task-movie_run-01_bold.nii.gz	sub-013/ses-01/func/sub-013_ses-01_task-movie_run-01_events.tsv	WRITTEN	Movie1A.mp4	left	Movie1	1	HIGH	ProtocolName_MovieN_to_matlab_run_id+selected_run_id_mat_present	Movie1_AP		0.937	0.0	196.821333
/home/alexrees/scratch/release_dataset	sub-013	ses-01	run-03	sub-013/ses-01/func/sub-013_ses-01_task-movie_run-03_bold.nii.gz	sub-013/ses-01/func/sub-013_ses-01_task-movie_run-03_events.tsv	WRITTEN	Movie2A.mp4	right	Movie2	2	HIGH	ProtocolName_MovieN_to_matlab_run_id+selected_run_id_mat_present	Movie2_AP		0.937	0.0	196.821333
/home/alexrees/scratch/release_dataset	sub-013	ses-01	run-05	sub-013/ses-01/func/sub-013_ses-01_task-movie_run-05_bold.nii.gz	sub-013/ses-01/func/sub-013_ses-01_task-movie_run-05_events.tsv	WRITTEN	Movie1B.mp4	right	Movie3	3	HIGH	ProtocolName_MovieN_to_matlab_run_id+selected_run_id_mat_present	Movie3_AP		0.937	0.0	196.821333
/home/alexrees/scratch/release_dataset	sub-013	ses-01	run-07	sub-013/ses-01/func/sub-013_ses-01_task-movie_run-07_bold.nii.gz	sub-013/ses-01/func/sub-013_ses-01_task-movie_run-07_events.tsv	WRITTEN	Movie2B.mp4	left	Movie4	4	HIGH	ProtocolName_MovieN_to_matlab_run_id+selected_run_id_mat_present	Movie4_AP		0.937	0.0	196.821333
/home/alexrees/scratch/release_dataset	sub-014	ses-01	run-01	sub-014/ses-01/func/sub-014_ses-01_task-movie_run-01_bold.nii.gz	sub-014/ses-01/func/sub-014_ses-01_task-movie_run-01_events.tsv	WRITTEN	Movie1A.mp4	left	Movie1	1	HIGH	ProtocolName_MovieN_to_matlab_run_id+selected_run_id_mat_present	Movie1_AP		0.937	0.0	196.821333
/home/alexrees/scratch/release_dataset	sub-014	ses-01	run-03	sub-014/ses-01/func/sub-014_ses-01_task-movie_run-03_bold.nii.gz	sub-014/ses-01/func/sub-014_ses-01_task-movie_run-03_events.tsv	WRITTEN	Movie2A.mp4	right	Movie2	2	HIGH	ProtocolName_MovieN_to_matlab_run_id+selected_run_id_mat_present	Movie2_AP		0.937	0.0	196.821333
/home/alexrees/scratch/release_dataset	sub-014	ses-01	run-05	sub-014/ses-01/func/sub-014_ses-01_task-movie_run-05_bold.nii.gz	sub-014/ses-01/func/sub-014_ses-01_task-movie_run-05_events.tsv	WRITTEN	Movie1B.mp4	right	Movie3	3	HIGH	ProtocolName_MovieN_to_matlab_run_id+selected_run_id_mat_present	Movie3_AP		0.937	0.0	196.821333
/home/alexrees/scratch/release_dataset	sub-014	ses-01	run-07	sub-014/ses-01/func/sub-014_ses-01_task-movie_run-07_bold.nii.gz	sub-014/ses-01/func/sub-014_ses-01_task-movie_run-07_events.tsv	WRITTEN	Movie2B.mp4	left	Movie4	4	HIGH	ProtocolName_MovieN_to_matlab_run_id+selected_run_id_mat_present	Movie4_AP		0.937	0.0	196.821333
/home/alexrees/scratch/release_dataset	sub-015	ses-01	run-01	sub-015/ses-01/func/sub-015_ses-01_task-movie_run-01_bold.nii.gz	sub-015/ses-01/func/sub-015_ses-01_task-movie_run-01_events.tsv	WRITTEN	Movie1A.mp4	left	Movie1	1	HIGH	ProtocolName_MovieN_to_matlab_run_id+selected_run_id_mat_present	Movie1_AP		0.937	0.0	196.821333
/home/alexrees/scratch/release_dataset	sub-015	ses-01	run-03	sub-015/ses-01/func/sub-015_ses-01_task-movie_run-03_bold.nii.gz	sub-015/ses-01/func/sub-015_ses-01_task-movie_run-03_events.tsv	WRITTEN	Movie2A.mp4	right	Movie2	2	HIGH	ProtocolName_MovieN_to_matlab_run_id+selected_run_id_mat_present	Movie2_AP		0.937	0.0	196.821333
/home/alexrees/scratch/release_dataset	sub-015	ses-01	run-05	sub-015/ses-01/func/sub-015_ses-01_task-movie_run-05_bold.nii.gz	sub-015/ses-01/func/sub-015_ses-01_task-movie_run-05_events.tsv	WRITTEN	Movie1B.mp4	right	Movie3	3	HIGH	ProtocolName_MovieN_to_matlab_run_id+selected_run_id_mat_present	Movie3_AP		0.937	0.0	196.821333
/home/alexrees/scratch/release_dataset	sub-015	ses-01	run-07	sub-015/ses-01/func/sub-015_ses-01_task-movie_run-07_bold.nii.gz	sub-015/ses-01/func/sub-015_ses-01_task-movie_run-07_events.tsv	WRITTEN	Movie2B.mp4	left	Movie4	4	HIGH	ProtocolName_MovieN_to_matlab_run_id+selected_run_id_mat_present	Movie4_AP		0.937	0.0	196.821333
/home/alexrees/scratch/release_dataset	sub-015	ses-02	run-01	sub-015/ses-02/func/sub-015_ses-02_task-movie_run-01_bold.nii.gz	sub-015/ses-02/func/sub-015_ses-02_task-movie_run-01_events.tsv	WRITTEN	Movie1A.mp4	left	Movie1	1	HIGH	ProtocolName_MovieN_to_matlab_run_id+selected_run_id_mat_present	Movie1_AP		0.937	0.0	196.821333
/home/alexrees/scratch/release_dataset	sub-015	ses-02	run-03	sub-015/ses-02/func/sub-015_ses-02_task-movie_run-03_bold.nii.gz	sub-015/ses-02/func/sub-015_ses-02_task-movie_run-03_events.tsv	WRITTEN	Movie2A.mp4	right	Movie2	2	HIGH	ProtocolName_MovieN_to_matlab_run_id+selected_run_id_mat_present	Movie2_AP		0.937	0.0	196.821333
/home/alexrees/scratch/release_dataset	sub-015	ses-02	run-05	sub-015/ses-02/func/sub-015_ses-02_task-movie_run-05_bold.nii.gz	sub-015/ses-02/func/sub-015_ses-02_task-movie_run-05_events.tsv	WRITTEN	Movie1B.mp4	right	Movie3	3	HIGH	ProtocolName_MovieN_to_matlab_run_id+selected_run_id_mat_present	Movie3_AP		0.937	0.0	196.821333
/home/alexrees/scratch/release_dataset	sub-015	ses-02	run-07	sub-015/ses-02/func/sub-015_ses-02_task-movie_run-07_bold.nii.gz	sub-015/ses-02/func/sub-015_ses-02_task-movie_run-07_events.tsv	WRITTEN	Movie2B.mp4	left	Movie4	4	HIGH	ProtocolName_MovieN_to_matlab_run_id+selected_run_id_mat_present	Movie4_AP		0.937	0.0	196.821333
/home/alexrees/scratch/release_dataset	sub-016	ses-01	run-01	sub-016/ses-01/func/sub-016_ses-01_task-movie_run-01_bold.nii.gz	sub-016/ses-01/func/sub-016_ses-01_task-movie_run-01_events.tsv	WRITTEN	Movie1A.mp4	left	Movie1	1	HIGH	ProtocolName_MovieN_to_matlab_run_id+selected_run_id_mat_present	Movie1_AP		0.937	0.0	196.821333
/home/alexrees/scratch/release_dataset	sub-016	ses-01	run-03	sub-016/ses-01/func/sub-016_ses-01_task-movie_run-03_bold.nii.gz	sub-016/ses-01/func/sub-016_ses-01_task-movie_run-03_events.tsv	WRITTEN	Movie2A.mp4	right	Movie2	2	HIGH	ProtocolName_MovieN_to_matlab_run_id+selected_run_id_mat_present	Movie2_AP		0.937	0.0	196.821333
/home/alexrees/scratch/release_dataset	sub-016	ses-01	run-05	sub-016/ses-01/func/sub-016_ses-01_task-movie_run-05_bold.nii.gz	sub-016/ses-01/func/sub-016_ses-01_task-movie_run-05_events.tsv	WRITTEN	Movie1B.mp4	right	Movie3	3	HIGH	ProtocolName_MovieN_to_matlab_run_id+selected_run_id_mat_present	Movie3_AP		0.937	0.0	196.821333
/home/alexrees/scratch/release_dataset	sub-016	ses-01	run-07	sub-016/ses-01/func/sub-016_ses-01_task-movie_run-07_bold.nii.gz	sub-016/ses-01/func/sub-016_ses-01_task-movie_run-07_events.tsv	WRITTEN	Movie2B.mp4	left	Movie4	4	HIGH	ProtocolName_MovieN_to_matlab_run_id+selected_run_id_mat_present	Movie4_AP		0.937	0.0	196.821333
/home/alexrees/scratch/release_dataset	sub-016	ses-02	run-01	sub-016/ses-02/func/sub-016_ses-02_task-movie_run-01_bold.nii.gz	sub-016/ses-02/func/sub-016_ses-02_task-movie_run-01_events.tsv	WRITTEN	Movie1A.mp4	left	Movie1	1	HIGH	ProtocolName_MovieN_to_matlab_run_id+selected_run_id_mat_present	Movie1_AP		0.937	0.0	196.821333
/home/alexrees/scratch/release_dataset	sub-016	ses-02	run-03	sub-016/ses-02/func/sub-016_ses-02_task-movie_run-03_bold.nii.gz	sub-016/ses-02/func/sub-016_ses-02_task-movie_run-03_events.tsv	WRITTEN	Movie2A.mp4	right	Movie2	2	HIGH	ProtocolName_MovieN_to_matlab_run_id+selected_run_id_mat_present	Movie2_AP		0.937	0.0	196.821333
/home/alexrees/scratch/release_dataset	sub-016	ses-02	run-05	sub-016/ses-02/func/sub-016_ses-02_task-movie_run-05_bold.nii.gz	sub-016/ses-02/func/sub-016_ses-02_task-movie_run-05_events.tsv	WRITTEN	Movie1B.mp4	right	Movie3	3	HIGH	ProtocolName_MovieN_to_matlab_run_id+selected_run_id_mat_present	Movie3_AP		0.937	0.0	196.821333
/home/alexrees/scratch/release_dataset	sub-016	ses-02	run-07	sub-016/ses-02/func/sub-016_ses-02_task-movie_run-07_bold.nii.gz	sub-016/ses-02/func/sub-016_ses-02_task-movie_run-07_events.tsv	WRITTEN	Movie2B.mp4	left	Movie4	4	HIGH	ProtocolName_MovieN_to_matlab_run_id+selected_run_id_mat_present	Movie4_AP		0.937	0.0	196.821333
/home/alexrees/scratch/release_dataset	sub-017	ses-01	run-01	sub-017/ses-01/func/sub-017_ses-01_task-movie_run-01_bold.nii.gz	sub-017/ses-01/func/sub-017_ses-01_task-movie_run-01_events.tsv	WRITTEN	Movie1A.mp4	left	Movie1	1	HIGH	ProtocolName_MovieN_to_matlab_run_id+selected_run_id_mat_present	Movie1_AP		0.937	0.0	196.821333
/home/alexrees/scratch/release_dataset	sub-017	ses-01	run-03	sub-017/ses-01/func/sub-017_ses-01_task-movie_run-03_bold.nii.gz	sub-017/ses-01/func/sub-017_ses-01_task-movie_run-03_events.tsv	WRITTEN	Movie2A.mp4	right	Movie2	2	HIGH	ProtocolName_MovieN_to_matlab_run_id+selected_run_id_mat_present	Movie2_AP		0.937	0.0	196.821333
/home/alexrees/scratch/release_dataset	sub-017	ses-01	run-05	sub-017/ses-01/func/sub-017_ses-01_task-movie_run-05_bold.nii.gz	sub-017/ses-01/func/sub-017_ses-01_task-movie_run-05_events.tsv	WRITTEN	Movie1B.mp4	right	Movie3	3	HIGH	ProtocolName_MovieN_to_matlab_run_id+selected_run_id_mat_present	Movie3_AP		0.937	0.0	196.821333
/home/alexrees/scratch/release_dataset	sub-017	ses-01	run-07	sub-017/ses-01/func/sub-017_ses-01_task-movie_run-07_bold.nii.gz	sub-017/ses-01/func/sub-017_ses-01_task-movie_run-07_events.tsv	WRITTEN	Movie2B.mp4	left	Movie4	4	HIGH	ProtocolName_MovieN_to_matlab_run_id+selected_run_id_mat_present	Movie4_AP		0.937	0.0	196.821333
/home/alexrees/scratch/release_dataset	sub-017	ses-02	run-01	sub-017/ses-02/func/sub-017_ses-02_task-movie_run-01_bold.nii.gz	sub-017/ses-02/func/sub-017_ses-02_task-movie_run-01_events.tsv	WRITTEN	Movie1A.mp4	left	Movie1	1	HIGH	ProtocolName_MovieN_to_matlab_run_id+selected_run_id_mat_present	Movie1_AP		0.937	0.0	196.821333
/home/alexrees/scratch/release_dataset	sub-017	ses-02	run-03	sub-017/ses-02/func/sub-017_ses-02_task-movie_run-03_bold.nii.gz	sub-017/ses-02/func/sub-017_ses-02_task-movie_run-03_events.tsv	WRITTEN	Movie2A.mp4	right	Movie2	2	HIGH	ProtocolName_MovieN_to_matlab_run_id+selected_run_id_mat_present	Movie2_AP		0.937	0.0	196.821333
/home/alexrees/scratch/release_dataset	sub-017	ses-02	run-05	sub-017/ses-02/func/sub-017_ses-02_task-movie_run-05_bold.nii.gz	sub-017/ses-02/func/sub-017_ses-02_task-movie_run-05_events.tsv	WRITTEN	Movie1B.mp4	right	Movie3	3	HIGH	ProtocolName_MovieN_to_matlab_run_id+selected_run_id_mat_present	Movie3_AP		0.937	0.0	196.821333
/home/alexrees/scratch/release_dataset	sub-017	ses-02	run-07	sub-017/ses-02/func/sub-017_ses-02_task-movie_run-07_bold.nii.gz	sub-017/ses-02/func/sub-017_ses-02_task-movie_run-07_events.tsv	WRITTEN	Movie2B.mp4	left	Movie4	4	HIGH	ProtocolName_MovieN_to_matlab_run_id+selected_run_id_mat_present	Movie4_AP		0.937	0.0	196.821333
/home/alexrees/scratch/release_dataset	sub-018	ses-01	run-01	sub-018/ses-01/func/sub-018_ses-01_task-movie_run-01_bold.nii.gz	sub-018/ses-01/func/sub-018_ses-01_task-movie_run-01_events.tsv	WRITTEN	Movie1A.mp4	left	Movie1	1	HIGH	ProtocolName_MovieN_to_matlab_run_id+selected_run_id_mat_present	Movie1_AP		0.937	0.0	196.821333
/home/alexrees/scratch/release_dataset	sub-018	ses-01	run-03	sub-018/ses-01/func/sub-018_ses-01_task-movie_run-03_bold.nii.gz	sub-018/ses-01/func/sub-018_ses-01_task-movie_run-03_events.tsv	WRITTEN	Movie2A.mp4	right	Movie2	2	HIGH	ProtocolName_MovieN_to_matlab_run_id+selected_run_id_mat_present	Movie2_AP		0.937	0.0	196.821333
/home/alexrees/scratch/release_dataset	sub-018	ses-01	run-05	sub-018/ses-01/func/sub-018_ses-01_task-movie_run-05_bold.nii.gz	sub-018/ses-01/func/sub-018_ses-01_task-movie_run-05_events.tsv	WRITTEN	Movie1B.mp4	right	Movie3	3	HIGH	ProtocolName_MovieN_to_matlab_run_id+selected_run_id_mat_present	Movie3_AP		0.937	0.0	196.821333
/home/alexrees/scratch/release_dataset	sub-018	ses-01	run-07	sub-018/ses-01/func/sub-018_ses-01_task-movie_run-07_bold.nii.gz	sub-018/ses-01/func/sub-018_ses-01_task-movie_run-07_events.tsv	WRITTEN	Movie2B.mp4	left	Movie4	4	HIGH	ProtocolName_MovieN_to_matlab_run_id+selected_run_id_mat_present	Movie4_AP		0.937	0.0	196.821333
/home/alexrees/scratch/release_dataset	sub-019	ses-01	run-01	sub-019/ses-01/func/sub-019_ses-01_task-movie_run-01_bold.nii.gz	sub-019/ses-01/func/sub-019_ses-01_task-movie_run-01_events.tsv	WRITTEN	Movie1A.mp4	left	Movie1	1	HIGH	ProtocolName_MovieN_to_matlab_run_id+selected_run_id_mat_present	Movie1_AP		0.937	0.0	196.821333
/home/alexrees/scratch/release_dataset	sub-019	ses-01	run-03	sub-019/ses-01/func/sub-019_ses-01_task-movie_run-03_bold.nii.gz	sub-019/ses-01/func/sub-019_ses-01_task-movie_run-03_events.tsv	WRITTEN	Movie2A.mp4	right	Movie2	2	HIGH	ProtocolName_MovieN_to_matlab_run_id+selected_run_id_mat_present	Movie2_AP		0.937	0.0	196.821333
/home/alexrees/scratch/release_dataset	sub-019	ses-01	run-05	sub-019/ses-01/func/sub-019_ses-01_task-movie_run-05_bold.nii.gz	sub-019/ses-01/func/sub-019_ses-01_task-movie_run-05_events.tsv	WRITTEN	Movie1B.mp4	right	Movie3	3	HIGH	ProtocolName_MovieN_to_matlab_run_id+selected_run_id_mat_present	Movie3_AP		0.937	0.0	196.821333
/home/alexrees/scratch/release_dataset	sub-019	ses-01	run-07	sub-019/ses-01/func/sub-019_ses-01_task-movie_run-07_bold.nii.gz	sub-019/ses-01/func/sub-019_ses-01_task-movie_run-07_events.tsv	WRITTEN	Movie2B.mp4	left	Movie4	4	HIGH	ProtocolName_MovieN_to_matlab_run_id+selected_run_id_mat_present	Movie4_AP		0.937	0.0	196.821333
/home/alexrees/scratch/release_dataset	sub-019	ses-02	run-01	sub-019/ses-02/func/sub-019_ses-02_task-movie_run-01_bold.nii.gz	sub-019/ses-02/func/sub-019_ses-02_task-movie_run-01_events.tsv	WRITTEN	Movie1A.mp4	left	Movie1	1	HIGH	ProtocolName_MovieN_to_matlab_run_id+selected_run_id_mat_present	Movie1_AP		0.937	0.0	196.821333
/home/alexrees/scratch/release_dataset	sub-019	ses-02	run-03	sub-019/ses-02/func/sub-019_ses-02_task-movie_run-03_bold.nii.gz	sub-019/ses-02/func/sub-019_ses-02_task-movie_run-03_events.tsv	WRITTEN	Movie2A.mp4	right	Movie2	2	HIGH	ProtocolName_MovieN_to_matlab_run_id+selected_run_id_mat_present	Movie2_AP		0.937	0.0	196.821333
/home/alexrees/scratch/release_dataset	sub-019	ses-02	run-05	sub-019/ses-02/func/sub-019_ses-02_task-movie_run-05_bold.nii.gz	sub-019/ses-02/func/sub-019_ses-02_task-movie_run-05_events.tsv	WRITTEN	Movie1B.mp4	right	Movie3	3	HIGH	ProtocolName_MovieN_to_matlab_run_id+selected_run_id_mat_present	Movie3_AP		0.937	0.0	196.821333
/home/alexrees/scratch/release_dataset	sub-019	ses-02	run-07	sub-019/ses-02/func/sub-019_ses-02_task-movie_run-07_bold.nii.gz	sub-019/ses-02/func/sub-019_ses-02_task-movie_run-07_events.tsv	WRITTEN	Movie2B.mp4	left	Movie4	4	HIGH	ProtocolName_MovieN_to_matlab_run_id+selected_run_id_mat_present	Movie4_AP		0.937	0.0	196.821333
/home/alexrees/scratch/release_dataset	sub-020	ses-01	run-01	sub-020/ses-01/func/sub-020_ses-01_task-movie_run-01_bold.nii.gz	sub-020/ses-01/func/sub-020_ses-01_task-movie_run-01_events.tsv	WRITTEN	Movie1A.mp4	left	Movie1	1	HIGH	ProtocolName_MovieN_to_matlab_run_id+selected_run_id_mat_present	Movie1_AP		0.937	0.0	196.821333
/home/alexrees/scratch/release_dataset	sub-020	ses-01	run-03	sub-020/ses-01/func/sub-020_ses-01_task-movie_run-03_bold.nii.gz	sub-020/ses-01/func/sub-020_ses-01_task-movie_run-03_events.tsv	WRITTEN	Movie2A.mp4	right	Movie2	2	HIGH	ProtocolName_MovieN_to_matlab_run_id+selected_run_id_mat_present	Movie2_AP		0.937	0.0	196.821333
/home/alexrees/scratch/release_dataset	sub-020	ses-01	run-05	sub-020/ses-01/func/sub-020_ses-01_task-movie_run-05_bold.nii.gz	sub-020/ses-01/func/sub-020_ses-01_task-movie_run-05_events.tsv	WRITTEN	Movie1B.mp4	right	Movie3	3	HIGH	ProtocolName_MovieN_to_matlab_run_id+selected_run_id_mat_present	Movie3_AP		0.937	0.0	196.821333
/home/alexrees/scratch/release_dataset	sub-020	ses-01	run-07	sub-020/ses-01/func/sub-020_ses-01_task-movie_run-07_bold.nii.gz	sub-020/ses-01/func/sub-020_ses-01_task-movie_run-07_events.tsv	WRITTEN	Movie2B.mp4	left	Movie4	4	HIGH	ProtocolName_MovieN_to_matlab_run_id+selected_run_id_mat_present	Movie4_AP		0.937	0.0	196.821333
/home/alexrees/scratch/release_dataset	sub-021	ses-01	run-01	sub-021/ses-01/func/sub-021_ses-01_task-movie_run-01_bold.nii.gz	sub-021/ses-01/func/sub-021_ses-01_task-movie_run-01_events.tsv	WRITTEN	Movie1A.mp4	left	Movie1	1	HIGH	ProtocolName_MovieN_to_matlab_run_id+selected_run_id_mat_present	Movie1_AP		0.937	0.0	196.821333
/home/alexrees/scratch/release_dataset	sub-021	ses-01	run-03	sub-021/ses-01/func/sub-021_ses-01_task-movie_run-03_bold.nii.gz	sub-021/ses-01/func/sub-021_ses-01_task-movie_run-03_events.tsv	WRITTEN	Movie2A.mp4	right	Movie2	2	HIGH	ProtocolName_MovieN_to_matlab_run_id+selected_run_id_mat_present	Movie2_AP		0.937	0.0	196.821333
/home/alexrees/scratch/release_dataset	sub-021	ses-01	run-05	sub-021/ses-01/func/sub-021_ses-01_task-movie_run-05_bold.nii.gz	sub-021/ses-01/func/sub-021_ses-01_task-movie_run-05_events.tsv	WRITTEN	Movie1B.mp4	right	Movie3	3	HIGH	ProtocolName_MovieN_to_matlab_run_id+selected_run_id_mat_present	Movie3_AP		0.937	0.0	196.821333
/home/alexrees/scratch/release_dataset	sub-021	ses-01	run-07	sub-021/ses-01/func/sub-021_ses-01_task-movie_run-07_bold.nii.gz	sub-021/ses-01/func/sub-021_ses-01_task-movie_run-07_events.tsv	WRITTEN	Movie2B.mp4	left	Movie4	4	HIGH	ProtocolName_MovieN_to_matlab_run_id+selected_run_id_mat_present	Movie4_AP		0.937	0.0	196.821333
/home/alexrees/scratch/release_dataset	sub-021	ses-02	run-01	sub-021/ses-02/func/sub-021_ses-02_task-movie_run-01_bold.nii.gz	sub-021/ses-02/func/sub-021_ses-02_task-movie_run-01_events.tsv	WRITTEN	Movie1A.mp4	left	Movie1	1	HIGH	ProtocolName_MovieN_to_matlab_run_id+selected_run_id_mat_present	Movie1_AP		0.937	0.0	196.821333
/home/alexrees/scratch/release_dataset	sub-021	ses-02	run-03	sub-021/ses-02/func/sub-021_ses-02_task-movie_run-03_bold.nii.gz	sub-021/ses-02/func/sub-021_ses-02_task-movie_run-03_events.tsv	WRITTEN	Movie2A.mp4	right	Movie2	2	HIGH	ProtocolName_MovieN_to_matlab_run_id+selected_run_id_mat_present	Movie2_AP		0.937	0.0	196.821333
/home/alexrees/scratch/release_dataset	sub-021	ses-02	run-05	sub-021/ses-02/func/sub-021_ses-02_task-movie_run-05_bold.nii.gz	sub-021/ses-02/func/sub-021_ses-02_task-movie_run-05_events.tsv	WRITTEN	Movie1B.mp4	right	Movie3	3	HIGH	ProtocolName_MovieN_to_matlab_run_id+selected_run_id_mat_present	Movie3_AP		0.937	0.0	196.821333
/home/alexrees/scratch/release_dataset	sub-021	ses-02	run-07	sub-021/ses-02/func/sub-021_ses-02_task-movie_run-07_bold.nii.gz	sub-021/ses-02/func/sub-021_ses-02_task-movie_run-07_events.tsv	WRITTEN	Movie2B.mp4	left	Movie4	4	HIGH	ProtocolName_MovieN_to_matlab_run_id+selected_run_id_mat_present	Movie4_AP		0.937	0.0	196.821333
/home/alexrees/scratch/release_dataset	sub-022	ses-01	run-01	sub-022/ses-01/func/sub-022_ses-01_task-movie_run-01_bold.nii.gz	sub-022/ses-01/func/sub-022_ses-01_task-movie_run-01_events.tsv	WRITTEN	Movie1A.mp4	left	Movie1	1	HIGH	ProtocolName_MovieN_to_matlab_run_id+selected_run_id_mat_present	Movie1_AP		0.937	0.0	196.821333
/home/alexrees/scratch/release_dataset	sub-022	ses-01	run-03	sub-022/ses-01/func/sub-022_ses-01_task-movie_run-03_bold.nii.gz	sub-022/ses-01/func/sub-022_ses-01_task-movie_run-03_events.tsv	WRITTEN	Movie2A.mp4	right	Movie2	2	HIGH	ProtocolName_MovieN_to_matlab_run_id+selected_run_id_mat_present	Movie2_AP		0.937	0.0	196.821333
/home/alexrees/scratch/release_dataset	sub-022	ses-01	run-05	sub-022/ses-01/func/sub-022_ses-01_task-movie_run-05_bold.nii.gz	sub-022/ses-01/func/sub-022_ses-01_task-movie_run-05_events.tsv	WRITTEN	Movie1B.mp4	right	Movie3	3	HIGH	ProtocolName_MovieN_to_matlab_run_id+selected_run_id_mat_present	Movie3_AP		0.937	0.0	196.821333
/home/alexrees/scratch/release_dataset	sub-022	ses-01	run-07	sub-022/ses-01/func/sub-022_ses-01_task-movie_run-07_bold.nii.gz	sub-022/ses-01/func/sub-022_ses-01_task-movie_run-07_events.tsv	WRITTEN	Movie2B.mp4	left	Movie4	4	HIGH	ProtocolName_MovieN_to_matlab_run_id+selected_run_id_mat_present	Movie4_AP		0.937	0.0	196.821333
/home/alexrees/scratch/release_dataset	sub-022	ses-02	run-01	sub-022/ses-02/func/sub-022_ses-02_task-movie_run-01_bold.nii.gz	sub-022/ses-02/func/sub-022_ses-02_task-movie_run-01_events.tsv	WRITTEN	Movie1A.mp4	left	Movie1	1	HIGH	ProtocolName_MovieN_to_matlab_run_id+selected_run_id_mat_present	Movie1_AP		0.937	0.0	196.821333
/home/alexrees/scratch/release_dataset	sub-022	ses-02	run-03	sub-022/ses-02/func/sub-022_ses-02_task-movie_run-03_bold.nii.gz	sub-022/ses-02/func/sub-022_ses-02_task-movie_run-03_events.tsv	WRITTEN	Movie2A.mp4	right	Movie2	2	HIGH	ProtocolName_MovieN_to_matlab_run_id+selected_run_id_mat_present	Movie2_AP		0.937	0.0	196.821333
/home/alexrees/scratch/release_dataset	sub-022	ses-02	run-05	sub-022/ses-02/func/sub-022_ses-02_task-movie_run-05_bold.nii.gz	sub-022/ses-02/func/sub-022_ses-02_task-movie_run-05_events.tsv	WRITTEN	Movie1B.mp4	right	Movie3	3	HIGH	ProtocolName_MovieN_to_matlab_run_id+selected_run_id_mat_present	Movie3_AP		0.937	0.0	196.821333
/home/alexrees/scratch/release_dataset	sub-022	ses-02	run-07	sub-022/ses-02/func/sub-022_ses-02_task-movie_run-07_bold.nii.gz	sub-022/ses-02/func/sub-022_ses-02_task-movie_run-07_events.tsv	WRITTEN	Movie2B.mp4	left	Movie4	4	HIGH	ProtocolName_MovieN_to_matlab_run_id+selected_run_id_mat_present	Movie4_AP		0.937	0.0	196.821333
/home/alexrees/scratch/release_dataset	sub-023	ses-01	run-01	sub-023/ses-01/func/sub-023_ses-01_task-movie_run-01_bold.nii.gz	sub-023/ses-01/func/sub-023_ses-01_task-movie_run-01_events.tsv	WRITTEN	Movie1A.mp4	left	Movie1	1	HIGH	ProtocolName_MovieN_to_matlab_run_id+selected_run_id_mat_present	Movie1_AP		0.937	0.0	196.821333
/home/alexrees/scratch/release_dataset	sub-023	ses-01	run-03	sub-023/ses-01/func/sub-023_ses-01_task-movie_run-03_bold.nii.gz	sub-023/ses-01/func/sub-023_ses-01_task-movie_run-03_events.tsv	WRITTEN	Movie2A.mp4	right	Movie2	2	HIGH	ProtocolName_MovieN_to_matlab_run_id+selected_run_id_mat_present	Movie2_AP		0.937	0.0	196.821333
/home/alexrees/scratch/release_dataset	sub-023	ses-01	run-05	sub-023/ses-01/func/sub-023_ses-01_task-movie_run-05_bold.nii.gz	sub-023/ses-01/func/sub-023_ses-01_task-movie_run-05_events.tsv	WRITTEN	Movie1B.mp4	right	Movie3	3	HIGH	ProtocolName_MovieN_to_matlab_run_id+selected_run_id_mat_present	Movie3_AP		0.937	0.0	196.821333
/home/alexrees/scratch/release_dataset	sub-023	ses-01	run-07	sub-023/ses-01/func/sub-023_ses-01_task-movie_run-07_bold.nii.gz	sub-023/ses-01/func/sub-023_ses-01_task-movie_run-07_events.tsv	WRITTEN	Movie2B.mp4	left	Movie4	4	HIGH	ProtocolName_MovieN_to_matlab_run_id+selected_run_id_mat_present	Movie4_AP		0.937	0.0	196.821333
/home/alexrees/scratch/release_dataset	sub-023	ses-02	run-01	sub-023/ses-02/func/sub-023_ses-02_task-movie_run-01_bold.nii.gz	sub-023/ses-02/func/sub-023_ses-02_task-movie_run-01_events.tsv	WRITTEN	Movie1A.mp4	left	Movie1	1	HIGH	ProtocolName_MovieN_to_matlab_run_id+selected_run_id_mat_present	Movie1_AP		0.937	0.0	196.821333
/home/alexrees/scratch/release_dataset	sub-023	ses-02	run-03	sub-023/ses-02/func/sub-023_ses-02_task-movie_run-03_bold.nii.gz	sub-023/ses-02/func/sub-023_ses-02_task-movie_run-03_events.tsv	WRITTEN	Movie2A.mp4	right	Movie2	2	HIGH	ProtocolName_MovieN_to_matlab_run_id+selected_run_id_mat_present	Movie2_AP		0.937	0.0	196.821333
/home/alexrees/scratch/release_dataset	sub-023	ses-02	run-05	sub-023/ses-02/func/sub-023_ses-02_task-movie_run-05_bold.nii.gz	sub-023/ses-02/func/sub-023_ses-02_task-movie_run-05_events.tsv	WRITTEN	Movie1B.mp4	right	Movie3	3	HIGH	ProtocolName_MovieN_to_matlab_run_id+selected_run_id_mat_present	Movie3_AP		0.937	0.0	196.821333
/home/alexrees/scratch/release_dataset	sub-023	ses-02	run-07	sub-023/ses-02/func/sub-023_ses-02_task-movie_run-07_bold.nii.gz	sub-023/ses-02/func/sub-023_ses-02_task-movie_run-07_events.tsv	WRITTEN	Movie2B.mp4	left	Movie4	4	HIGH	ProtocolName_MovieN_to_matlab_run_id+selected_run_id_mat_present	Movie4_AP		0.937	0.0	196.821333
/home/alexrees/scratch/release_dataset	sub-024	ses-01	run-01	sub-024/ses-01/func/sub-024_ses-01_task-movie_run-01_bold.nii.gz	sub-024/ses-01/func/sub-024_ses-01_task-movie_run-01_events.tsv	WRITTEN	Movie1A.mp4	left	Movie1	1	HIGH	ProtocolName_MovieN_to_matlab_run_id+selected_run_id_mat_present	Movie1_AP		0.937	0.0	196.821333
/home/alexrees/scratch/release_dataset	sub-024	ses-01	run-03	sub-024/ses-01/func/sub-024_ses-01_task-movie_run-03_bold.nii.gz	sub-024/ses-01/func/sub-024_ses-01_task-movie_run-03_events.tsv	WRITTEN	Movie2A.mp4	right	Movie2	2	HIGH	ProtocolName_MovieN_to_matlab_run_id+selected_run_id_mat_present	Movie2_AP		0.937	0.0	196.821333
/home/alexrees/scratch/release_dataset	sub-024	ses-01	run-05	sub-024/ses-01/func/sub-024_ses-01_task-movie_run-05_bold.nii.gz	sub-024/ses-01/func/sub-024_ses-01_task-movie_run-05_events.tsv	WRITTEN	Movie1B.mp4	right	Movie3	3	HIGH	ProtocolName_MovieN_to_matlab_run_id+selected_run_id_mat_present	Movie3_AP		0.937	0.0	196.821333
/home/alexrees/scratch/release_dataset	sub-024	ses-01	run-07	sub-024/ses-01/func/sub-024_ses-01_task-movie_run-07_bold.nii.gz	sub-024/ses-01/func/sub-024_ses-01_task-movie_run-07_events.tsv	WRITTEN	Movie2B.mp4	left	Movie4	4	HIGH	ProtocolName_MovieN_to_matlab_run_id+selected_run_id_mat_present	Movie4_AP		0.937	0.0	196.821333
/home/alexrees/scratch/release_dataset	sub-024	ses-02	run-01	sub-024/ses-02/func/sub-024_ses-02_task-movie_run-01_bold.nii.gz	sub-024/ses-02/func/sub-024_ses-02_task-movie_run-01_events.tsv	WRITTEN	Movie1A.mp4	left	Movie1	1	HIGH	ProtocolName_MovieN_to_matlab_run_id+selected_run_id_mat_present	Movie1_AP		0.937	0.0	196.821333
/home/alexrees/scratch/release_dataset	sub-024	ses-02	run-03	sub-024/ses-02/func/sub-024_ses-02_task-movie_run-03_bold.nii.gz	sub-024/ses-02/func/sub-024_ses-02_task-movie_run-03_events.tsv	WRITTEN	Movie2A.mp4	right	Movie2	2	HIGH	ProtocolName_MovieN_to_matlab_run_id+selected_run_id_mat_present	Movie2_AP		0.937	0.0	196.821333
/home/alexrees/scratch/release_dataset	sub-024	ses-02	run-05	sub-024/ses-02/func/sub-024_ses-02_task-movie_run-05_bold.nii.gz	sub-024/ses-02/func/sub-024_ses-02_task-movie_run-05_events.tsv	WRITTEN	Movie1B.mp4	right	Movie3	3	HIGH	ProtocolName_MovieN_to_matlab_run_id+selected_run_id_mat_present	Movie3_AP		0.937	0.0	196.821333
/home/alexrees/scratch/release_dataset	sub-024	ses-02	run-07	sub-024/ses-02/func/sub-024_ses-02_task-movie_run-07_bold.nii.gz	sub-024/ses-02/func/sub-024_ses-02_task-movie_run-07_events.tsv	WRITTEN	Movie2B.mp4	left	Movie4	4	HIGH	ProtocolName_MovieN_to_matlab_run_id+selected_run_id_mat_present	Movie4_AP		0.937	0.0	196.821333
/home/alexrees/scratch/release_dataset	sub-025	ses-01	run-01	sub-025/ses-01/func/sub-025_ses-01_task-movie_run-01_bold.nii.gz	sub-025/ses-01/func/sub-025_ses-01_task-movie_run-01_events.tsv	WRITTEN	Movie1A.mp4	left	Movie1	1	HIGH	ProtocolName_MovieN_to_matlab_run_id+selected_run_id_mat_present	Movie1_AP		0.937	0.0	196.821333
/home/alexrees/scratch/release_dataset	sub-025	ses-01	run-03	sub-025/ses-01/func/sub-025_ses-01_task-movie_run-03_bold.nii.gz	sub-025/ses-01/func/sub-025_ses-01_task-movie_run-03_events.tsv	WRITTEN	Movie2A.mp4	right	Movie2	2	HIGH	ProtocolName_MovieN_to_matlab_run_id+selected_run_id_mat_present	Movie2_AP		0.937	0.0	196.821333
/home/alexrees/scratch/release_dataset	sub-025	ses-01	run-05	sub-025/ses-01/func/sub-025_ses-01_task-movie_run-05_bold.nii.gz	sub-025/ses-01/func/sub-025_ses-01_task-movie_run-05_events.tsv	WRITTEN	Movie1B.mp4	right	Movie3	3	HIGH	ProtocolName_MovieN_to_matlab_run_id+selected_run_id_mat_present	Movie3_AP		0.937	0.0	196.821333
/home/alexrees/scratch/release_dataset	sub-025	ses-01	run-07	sub-025/ses-01/func/sub-025_ses-01_task-movie_run-07_bold.nii.gz	sub-025/ses-01/func/sub-025_ses-01_task-movie_run-07_events.tsv	WRITTEN	Movie2B.mp4	left	Movie4	4	HIGH	ProtocolName_MovieN_to_matlab_run_id+selected_run_id_mat_present	Movie4_AP		0.937	0.0	196.821333
/home/alexrees/scratch/release_dataset	sub-025	ses-02	run-01	sub-025/ses-02/func/sub-025_ses-02_task-movie_run-01_bold.nii.gz	sub-025/ses-02/func/sub-025_ses-02_task-movie_run-01_events.tsv	WRITTEN	Movie1A.mp4	left	Movie1	1	HIGH	ProtocolName_MovieN_to_matlab_run_id+selected_run_id_mat_present	Movie1_AP		0.937	0.0	196.821333
/home/alexrees/scratch/release_dataset	sub-025	ses-02	run-03	sub-025/ses-02/func/sub-025_ses-02_task-movie_run-03_bold.nii.gz	sub-025/ses-02/func/sub-025_ses-02_task-movie_run-03_events.tsv	WRITTEN	Movie2A.mp4	right	Movie2	2	HIGH	ProtocolName_MovieN_to_matlab_run_id+selected_run_id_mat_present	Movie2_AP		0.937	0.0	196.821333
/home/alexrees/scratch/release_dataset	sub-025	ses-02	run-05	sub-025/ses-02/func/sub-025_ses-02_task-movie_run-05_bold.nii.gz	sub-025/ses-02/func/sub-025_ses-02_task-movie_run-05_events.tsv	WRITTEN	Movie1B.mp4	right	Movie3	3	HIGH	ProtocolName_MovieN_to_matlab_run_id+selected_run_id_mat_present	Movie3_AP		0.937	0.0	196.821333
/home/alexrees/scratch/release_dataset	sub-025	ses-02	run-07	sub-025/ses-02/func/sub-025_ses-02_task-movie_run-07_bold.nii.gz	sub-025/ses-02/func/sub-025_ses-02_task-movie_run-07_events.tsv	WRITTEN	Movie2B.mp4	left	Movie4	4	HIGH	ProtocolName_MovieN_to_matlab_run_id+selected_run_id_mat_present	Movie4_AP		0.937	0.0	196.821333
/home/alexrees/scratch/release_dataset	sub-026	ses-01	run-01	sub-026/ses-01/func/sub-026_ses-01_task-movie_run-01_bold.nii.gz	sub-026/ses-01/func/sub-026_ses-01_task-movie_run-01_events.tsv	WRITTEN	Movie1A.mp4	left	Movie1	1	HIGH	ProtocolName_MovieN_to_matlab_run_id+selected_run_id_mat_present	Movie1_AP		0.937	0.0	196.821333
/home/alexrees/scratch/release_dataset	sub-026	ses-01	run-03	sub-026/ses-01/func/sub-026_ses-01_task-movie_run-03_bold.nii.gz	sub-026/ses-01/func/sub-026_ses-01_task-movie_run-03_events.tsv	WRITTEN	Movie2A.mp4	right	Movie2	2	HIGH	ProtocolName_MovieN_to_matlab_run_id+selected_run_id_mat_present	Movie2_AP		0.937	0.0	196.821333
/home/alexrees/scratch/release_dataset	sub-026	ses-01	run-05	sub-026/ses-01/func/sub-026_ses-01_task-movie_run-05_bold.nii.gz	sub-026/ses-01/func/sub-026_ses-01_task-movie_run-05_events.tsv	WRITTEN	Movie1B.mp4	right	Movie3	3	HIGH	ProtocolName_MovieN_to_matlab_run_id+selected_run_id_mat_present	Movie3_AP		0.937	0.0	196.821333
/home/alexrees/scratch/release_dataset	sub-026	ses-01	run-07	sub-026/ses-01/func/sub-026_ses-01_task-movie_run-07_bold.nii.gz	sub-026/ses-01/func/sub-026_ses-01_task-movie_run-07_events.tsv	WRITTEN	Movie2B.mp4	left	Movie4	4	HIGH	ProtocolName_MovieN_to_matlab_run_id+selected_run_id_mat_present	Movie4_AP		0.937	0.0	196.821333
/home/alexrees/scratch/release_dataset	sub-026	ses-02	run-01	sub-026/ses-02/func/sub-026_ses-02_task-movie_run-01_bold.nii.gz	sub-026/ses-02/func/sub-026_ses-02_task-movie_run-01_events.tsv	WRITTEN	Movie1A.mp4	left	Movie1	1	HIGH	ProtocolName_MovieN_to_matlab_run_id+selected_run_id_mat_present	Movie1_AP		0.937	0.0	196.821333
/home/alexrees/scratch/release_dataset	sub-026	ses-02	run-03	sub-026/ses-02/func/sub-026_ses-02_task-movie_run-03_bold.nii.gz	sub-026/ses-02/func/sub-026_ses-02_task-movie_run-03_events.tsv	WRITTEN	Movie2A.mp4	right	Movie2	2	HIGH	ProtocolName_MovieN_to_matlab_run_id+selected_run_id_mat_present	Movie2_AP		0.937	0.0	196.821333
/home/alexrees/scratch/release_dataset	sub-026	ses-02	run-05	sub-026/ses-02/func/sub-026_ses-02_task-movie_run-05_bold.nii.gz	sub-026/ses-02/func/sub-026_ses-02_task-movie_run-05_events.tsv	WRITTEN	Movie1B.mp4	right	Movie3	3	HIGH	ProtocolName_MovieN_to_matlab_run_id+selected_run_id_mat_present	Movie3_AP		0.937	0.0	196.821333
/home/alexrees/scratch/release_dataset	sub-026	ses-02	run-07	sub-026/ses-02/func/sub-026_ses-02_task-movie_run-07_bold.nii.gz	sub-026/ses-02/func/sub-026_ses-02_task-movie_run-07_events.tsv	WRITTEN	Movie2B.mp4	left	Movie4	4	HIGH	ProtocolName_MovieN_to_matlab_run_id+selected_run_id_mat_present	Movie4_AP		0.937	0.0	196.821333
/home/alexrees/scratch/release_dataset	sub-027	ses-01	run-01	sub-027/ses-01/func/sub-027_ses-01_task-movie_run-01_bold.nii.gz	sub-027/ses-01/func/sub-027_ses-01_task-movie_run-01_events.tsv	WRITTEN	Movie1A.mp4	left	Movie1	1	HIGH	ProtocolName_MovieN_to_matlab_run_id+selected_run_id_mat_present	Movie1_AP		0.937	0.0	196.821333
/home/alexrees/scratch/release_dataset	sub-027	ses-01	run-03	sub-027/ses-01/func/sub-027_ses-01_task-movie_run-03_bold.nii.gz	sub-027/ses-01/func/sub-027_ses-01_task-movie_run-03_events.tsv	WRITTEN	Movie2A.mp4	right	Movie2	2	HIGH	ProtocolName_MovieN_to_matlab_run_id+selected_run_id_mat_present	Movie2_AP		0.937	0.0	196.821333
/home/alexrees/scratch/release_dataset	sub-027	ses-01	run-05	sub-027/ses-01/func/sub-027_ses-01_task-movie_run-05_bold.nii.gz	sub-027/ses-01/func/sub-027_ses-01_task-movie_run-05_events.tsv	WRITTEN	Movie1B.mp4	right	Movie3	3	HIGH	ProtocolName_MovieN_to_matlab_run_id+selected_run_id_mat_present	Movie3_AP		0.937	0.0	196.821333
/home/alexrees/scratch/release_dataset	sub-027	ses-01	run-07	sub-027/ses-01/func/sub-027_ses-01_task-movie_run-07_bold.nii.gz	sub-027/ses-01/func/sub-027_ses-01_task-movie_run-07_events.tsv	WRITTEN	Movie2B.mp4	left	Movie4	4	HIGH	ProtocolName_MovieN_to_matlab_run_id+selected_run_id_mat_present	Movie4_AP		0.937	0.0	196.821333
/home/alexrees/scratch/release_dataset	sub-027	ses-02	run-01	sub-027/ses-02/func/sub-027_ses-02_task-movie_run-01_bold.nii.gz	sub-027/ses-02/func/sub-027_ses-02_task-movie_run-01_events.tsv	WRITTEN	Movie1A.mp4	left	Movie1	1	HIGH	ProtocolName_MovieN_to_matlab_run_id+selected_run_id_mat_present	Movie1_AP		0.937	0.0	196.821333
/home/alexrees/scratch/release_dataset	sub-027	ses-02	run-03	sub-027/ses-02/func/sub-027_ses-02_task-movie_run-03_bold.nii.gz	sub-027/ses-02/func/sub-027_ses-02_task-movie_run-03_events.tsv	WRITTEN	Movie2A.mp4	right	Movie2	2	HIGH	ProtocolName_MovieN_to_matlab_run_id+selected_run_id_mat_present	Movie2_AP		0.937	0.0	196.821333
/home/alexrees/scratch/release_dataset	sub-027	ses-02	run-05	sub-027/ses-02/func/sub-027_ses-02_task-movie_run-05_bold.nii.gz	sub-027/ses-02/func/sub-027_ses-02_task-movie_run-05_events.tsv	WRITTEN	Movie1B.mp4	right	Movie3	3	HIGH	ProtocolName_MovieN_to_matlab_run_id+selected_run_id_mat_present	Movie3_AP		0.937	0.0	196.821333
/home/alexrees/scratch/release_dataset	sub-027	ses-02	run-07	sub-027/ses-02/func/sub-027_ses-02_task-movie_run-07_bold.nii.gz	sub-027/ses-02/func/sub-027_ses-02_task-movie_run-07_events.tsv	WRITTEN	Movie2B.mp4	left	Movie4	4	HIGH	ProtocolName_MovieN_to_matlab_run_id+selected_run_id_mat_present	Movie4_AP		0.937	0.0	196.821333
/home/alexrees/scratch/release_dataset	sub-028	ses-01	run-01	sub-028/ses-01/func/sub-028_ses-01_task-movie_run-01_bold.nii.gz	sub-028/ses-01/func/sub-028_ses-01_task-movie_run-01_events.tsv	WRITTEN	Movie1A.mp4	left	Movie1	1	HIGH	ProtocolName_MovieN_to_matlab_run_id+selected_run_id_mat_present	Movie1_AP		0.937	0.0	196.821333
/home/alexrees/scratch/release_dataset	sub-028	ses-01	run-03	sub-028/ses-01/func/sub-028_ses-01_task-movie_run-03_bold.nii.gz	sub-028/ses-01/func/sub-028_ses-01_task-movie_run-03_events.tsv	WRITTEN	Movie2A.mp4	right	Movie2	2	HIGH	ProtocolName_MovieN_to_matlab_run_id+selected_run_id_mat_present	Movie2_AP		0.937	0.0	196.821333
/home/alexrees/scratch/release_dataset	sub-028	ses-01	run-05	sub-028/ses-01/func/sub-028_ses-01_task-movie_run-05_bold.nii.gz	sub-028/ses-01/func/sub-028_ses-01_task-movie_run-05_events.tsv	WRITTEN	Movie1B.mp4	right	Movie3	3	HIGH	ProtocolName_MovieN_to_matlab_run_id+selected_run_id_mat_present	Movie3_AP		0.937	0.0	196.821333
/home/alexrees/scratch/release_dataset	sub-028	ses-01	run-07	sub-028/ses-01/func/sub-028_ses-01_task-movie_run-07_bold.nii.gz	sub-028/ses-01/func/sub-028_ses-01_task-movie_run-07_events.tsv	WRITTEN	Movie2B.mp4	left	Movie4	4	HIGH	ProtocolName_MovieN_to_matlab_run_id+selected_run_id_mat_present	Movie4_AP		0.937	0.0	196.821333
/home/alexrees/scratch/release_dataset	sub-028	ses-02	run-01	sub-028/ses-02/func/sub-028_ses-02_task-movie_run-01_bold.nii.gz	sub-028/ses-02/func/sub-028_ses-02_task-movie_run-01_events.tsv	WRITTEN	Movie1A.mp4	left	Movie1	1	HIGH	ProtocolName_MovieN_to_matlab_run_id+selected_run_id_mat_present	Movie1_AP		0.937	0.0	196.821333
/home/alexrees/scratch/release_dataset	sub-028	ses-02	run-03	sub-028/ses-02/func/sub-028_ses-02_task-movie_run-03_bold.nii.gz	sub-028/ses-02/func/sub-028_ses-02_task-movie_run-03_events.tsv	WRITTEN	Movie2A.mp4	right	Movie2	2	HIGH	ProtocolName_MovieN_to_matlab_run_id+selected_run_id_mat_present	Movie2_AP		0.937	0.0	196.821333
/home/alexrees/scratch/release_dataset	sub-028	ses-02	run-05	sub-028/ses-02/func/sub-028_ses-02_task-movie_run-05_bold.nii.gz	sub-028/ses-02/func/sub-028_ses-02_task-movie_run-05_events.tsv	WRITTEN	Movie1B.mp4	right	Movie3	3	HIGH	ProtocolName_MovieN_to_matlab_run_id+selected_run_id_mat_present	Movie3_AP		0.937	0.0	196.821333
/home/alexrees/scratch/release_dataset	sub-028	ses-02	run-07	sub-028/ses-02/func/sub-028_ses-02_task-movie_run-07_bold.nii.gz	sub-028/ses-02/func/sub-028_ses-02_task-movie_run-07_events.tsv	WRITTEN	Movie2B.mp4	left	Movie4	4	HIGH	ProtocolName_MovieN_to_matlab_run_id+selected_run_id_mat_present	Movie4_AP		0.937	0.0	196.821333
/home/alexrees/scratch/release_dataset	sub-029	ses-01	run-01	sub-029/ses-01/func/sub-029_ses-01_task-movie_run-01_bold.nii.gz	sub-029/ses-01/func/sub-029_ses-01_task-movie_run-01_events.tsv	WRITTEN	Movie1A.mp4	left	Movie1	1	HIGH	ProtocolName_MovieN_to_matlab_run_id+selected_run_id_mat_present	Movie1_AP		0.937	0.0	196.821333
/home/alexrees/scratch/release_dataset	sub-029	ses-01	run-03	sub-029/ses-01/func/sub-029_ses-01_task-movie_run-03_bold.nii.gz	sub-029/ses-01/func/sub-029_ses-01_task-movie_run-03_events.tsv	WRITTEN	Movie2A.mp4	right	Movie2	2	HIGH	ProtocolName_MovieN_to_matlab_run_id+selected_run_id_mat_present	Movie2_AP		0.937	0.0	196.821333
/home/alexrees/scratch/release_dataset	sub-029	ses-01	run-05	sub-029/ses-01/func/sub-029_ses-01_task-movie_run-05_bold.nii.gz	sub-029/ses-01/func/sub-029_ses-01_task-movie_run-05_events.tsv	WRITTEN	Movie1B.mp4	right	Movie3	3	HIGH	ProtocolName_MovieN_to_matlab_run_id+selected_run_id_mat_present	Movie3_AP		0.937	0.0	196.821333
/home/alexrees/scratch/release_dataset	sub-029	ses-01	run-07	sub-029/ses-01/func/sub-029_ses-01_task-movie_run-07_bold.nii.gz	sub-029/ses-01/func/sub-029_ses-01_task-movie_run-07_events.tsv	WRITTEN	Movie2B.mp4	left	Movie4	4	HIGH	ProtocolName_MovieN_to_matlab_run_id+selected_run_id_mat_present	Movie4_AP		0.937	0.0	196.821333
/home/alexrees/scratch/release_dataset	sub-029	ses-02	run-01	sub-029/ses-02/func/sub-029_ses-02_task-movie_run-01_bold.nii.gz	sub-029/ses-02/func/sub-029_ses-02_task-movie_run-01_events.tsv	WRITTEN	Movie1A.mp4	left	Movie1	1	HIGH	ProtocolName_MovieN_to_matlab_run_id+selected_run_id_mat_present	Movie1_AP		0.937	0.0	196.821333
/home/alexrees/scratch/release_dataset	sub-029	ses-02	run-03	sub-029/ses-02/func/sub-029_ses-02_task-movie_run-03_bold.nii.gz	sub-029/ses-02/func/sub-029_ses-02_task-movie_run-03_events.tsv	WRITTEN	Movie2A.mp4	right	Movie2	2	HIGH	ProtocolName_MovieN_to_matlab_run_id+selected_run_id_mat_present	Movie2_AP		0.937	0.0	196.821333
/home/alexrees/scratch/release_dataset	sub-029	ses-02	run-05	sub-029/ses-02/func/sub-029_ses-02_task-movie_run-05_bold.nii.gz	sub-029/ses-02/func/sub-029_ses-02_task-movie_run-05_events.tsv	WRITTEN	Movie1B.mp4	right	Movie3	3	HIGH	ProtocolName_MovieN_to_matlab_run_id+selected_run_id_mat_present	Movie3_AP		0.937	0.0	196.821333
/home/alexrees/scratch/release_dataset	sub-029	ses-02	run-07	sub-029/ses-02/func/sub-029_ses-02_task-movie_run-07_bold.nii.gz	sub-029/ses-02/func/sub-029_ses-02_task-movie_run-07_events.tsv	WRITTEN	Movie2B.mp4	left	Movie4	4	HIGH	ProtocolName_MovieN_to_matlab_run_id+selected_run_id_mat_present	Movie4_AP		0.937	0.0	196.821333
/home/alexrees/scratch/release_dataset	sub-030	ses-01	run-01	sub-030/ses-01/func/sub-030_ses-01_task-movie_run-01_bold.nii.gz	sub-030/ses-01/func/sub-030_ses-01_task-movie_run-01_events.tsv	WRITTEN	Movie1A.mp4	left	Movie1	1	HIGH	ProtocolName_MovieN_to_matlab_run_id+selected_run_id_mat_present	Movie1_AP		0.937	0.0	196.821333
/home/alexrees/scratch/release_dataset	sub-030	ses-01	run-03	sub-030/ses-01/func/sub-030_ses-01_task-movie_run-03_bold.nii.gz	sub-030/ses-01/func/sub-030_ses-01_task-movie_run-03_events.tsv	WRITTEN	Movie2A.mp4	right	Movie2	2	HIGH	ProtocolName_MovieN_to_matlab_run_id+selected_run_id_mat_present	Movie2_AP		0.937	0.0	196.821333
/home/alexrees/scratch/release_dataset	sub-030	ses-01	run-05	sub-030/ses-01/func/sub-030_ses-01_task-movie_run-05_bold.nii.gz	sub-030/ses-01/func/sub-030_ses-01_task-movie_run-05_events.tsv	WRITTEN	Movie1B.mp4	right	Movie3	3	HIGH	ProtocolName_MovieN_to_matlab_run_id+selected_run_id_mat_present	Movie3_AP		0.937	0.0	196.821333
/home/alexrees/scratch/release_dataset	sub-030	ses-01	run-07	sub-030/ses-01/func/sub-030_ses-01_task-movie_run-07_bold.nii.gz	sub-030/ses-01/func/sub-030_ses-01_task-movie_run-07_events.tsv	WRITTEN	Movie2B.mp4	left	Movie4	4	HIGH	ProtocolName_MovieN_to_matlab_run_id+selected_run_id_mat_present	Movie4_AP		0.937	0.0	196.821333
/home/alexrees/scratch/release_dataset	sub-030	ses-02	run-01	sub-030/ses-02/func/sub-030_ses-02_task-movie_run-01_bold.nii.gz	sub-030/ses-02/func/sub-030_ses-02_task-movie_run-01_events.tsv	WRITTEN	Movie1A.mp4	left	Movie1	1	HIGH	ProtocolName_MovieN_to_matlab_run_id+selected_run_id_mat_present	Movie1_AP		0.937	0.0	196.821333
/home/alexrees/scratch/release_dataset	sub-030	ses-02	run-03	sub-030/ses-02/func/sub-030_ses-02_task-movie_run-03_bold.nii.gz	sub-030/ses-02/func/sub-030_ses-02_task-movie_run-03_events.tsv	WRITTEN	Movie2A.mp4	right	Movie2	2	HIGH	ProtocolName_MovieN_to_matlab_run_id+selected_run_id_mat_present	Movie2_AP		0.937	0.0	196.821333
/home/alexrees/scratch/release_dataset	sub-030	ses-02	run-05	sub-030/ses-02/func/sub-030_ses-02_task-movie_run-05_bold.nii.gz	sub-030/ses-02/func/sub-030_ses-02_task-movie_run-05_events.tsv	WRITTEN	Movie1B.mp4	right	Movie3	3	HIGH	ProtocolName_MovieN_to_matlab_run_id+selected_run_id_mat_present	Movie3_AP		0.937	0.0	196.821333
/home/alexrees/scratch/release_dataset	sub-030	ses-02	run-07	sub-030/ses-02/func/sub-030_ses-02_task-movie_run-07_bold.nii.gz	sub-030/ses-02/func/sub-030_ses-02_task-movie_run-07_events.tsv	WRITTEN	Movie2B.mp4	left	Movie4	4	HIGH	ProtocolName_MovieN_to_matlab_run_id+selected_run_id_mat_present	Movie4_AP		0.937	0.0	196.821333
/home/alexrees/scratch/release_dataset	sub-031	ses-01	run-01	sub-031/ses-01/func/sub-031_ses-01_task-movie_run-01_bold.nii.gz	sub-031/ses-01/func/sub-031_ses-01_task-movie_run-01_events.tsv	WRITTEN	Movie1A.mp4	left	Movie1	1	HIGH	ProtocolName_MovieN_to_matlab_run_id+selected_run_id_mat_present	Movie1_AP		0.937	0.0	196.821333
/home/alexrees/scratch/release_dataset	sub-031	ses-01	run-03	sub-031/ses-01/func/sub-031_ses-01_task-movie_run-03_bold.nii.gz	sub-031/ses-01/func/sub-031_ses-01_task-movie_run-03_events.tsv	WRITTEN	Movie2A.mp4	right	Movie2	2	HIGH	ProtocolName_MovieN_to_matlab_run_id+selected_run_id_mat_present	Movie2_AP		0.937	0.0	196.821333
/home/alexrees/scratch/release_dataset	sub-031	ses-01	run-05	sub-031/ses-01/func/sub-031_ses-01_task-movie_run-05_bold.nii.gz	sub-031/ses-01/func/sub-031_ses-01_task-movie_run-05_events.tsv	WRITTEN	Movie1B.mp4	right	Movie3	3	HIGH	ProtocolName_MovieN_to_matlab_run_id+selected_run_id_mat_present	Movie3_AP		0.937	0.0	196.821333
/home/alexrees/scratch/release_dataset	sub-031	ses-01	run-07	sub-031/ses-01/func/sub-031_ses-01_task-movie_run-07_bold.nii.gz	sub-031/ses-01/func/sub-031_ses-01_task-movie_run-07_events.tsv	WRITTEN	Movie2B.mp4	left	Movie4	4	HIGH	ProtocolName_MovieN_to_matlab_run_id+selected_run_id_mat_present	Movie4_AP		0.937	0.0	196.821333
/home/alexrees/scratch/release_dataset	sub-031	ses-02	run-01	sub-031/ses-02/func/sub-031_ses-02_task-movie_run-01_bold.nii.gz	sub-031/ses-02/func/sub-031_ses-02_task-movie_run-01_events.tsv	WRITTEN	Movie1A.mp4	left	Movie1	1	HIGH	ProtocolName_MovieN_to_matlab_run_id+selected_run_id_mat_present	Movie1_AP		0.937	0.0	196.821333
/home/alexrees/scratch/release_dataset	sub-031	ses-02	run-03	sub-031/ses-02/func/sub-031_ses-02_task-movie_run-03_bold.nii.gz	sub-031/ses-02/func/sub-031_ses-02_task-movie_run-03_events.tsv	WRITTEN	Movie2A.mp4	right	Movie2	2	HIGH	ProtocolName_MovieN_to_matlab_run_id+selected_run_id_mat_present	Movie2_AP		0.937	0.0	196.821333
/home/alexrees/scratch/release_dataset	sub-031	ses-02	run-05	sub-031/ses-02/func/sub-031_ses-02_task-movie_run-05_bold.nii.gz	sub-031/ses-02/func/sub-031_ses-02_task-movie_run-05_events.tsv	WRITTEN	Movie1B.mp4	right	Movie3	3	HIGH	ProtocolName_MovieN_to_matlab_run_id+selected_run_id_mat_present	Movie3_AP		0.937	0.0	196.821333
/home/alexrees/scratch/release_dataset	sub-031	ses-02	run-07	sub-031/ses-02/func/sub-031_ses-02_task-movie_run-07_bold.nii.gz	sub-031/ses-02/func/sub-031_ses-02_task-movie_run-07_events.tsv	WRITTEN	Movie2B.mp4	left	Movie4	4	HIGH	ProtocolName_MovieN_to_matlab_run_id+selected_run_id_mat_present	Movie4_AP		0.937	0.0	196.821333
/home/alexrees/scratch/release_dataset	sub-032	ses-01	run-01	sub-032/ses-01/func/sub-032_ses-01_task-movie_run-01_bold.nii.gz	sub-032/ses-01/func/sub-032_ses-01_task-movie_run-01_events.tsv	WRITTEN	Movie1A.mp4	left	Movie1	1	HIGH	ProtocolName_MovieN_to_matlab_run_id+selected_run_id_mat_present	Movie1_AP		0.937	0.0	196.821333
/home/alexrees/scratch/release_dataset	sub-032	ses-01	run-03	sub-032/ses-01/func/sub-032_ses-01_task-movie_run-03_bold.nii.gz	sub-032/ses-01/func/sub-032_ses-01_task-movie_run-03_events.tsv	WRITTEN	Movie2A.mp4	right	Movie2	2	HIGH	ProtocolName_MovieN_to_matlab_run_id+selected_run_id_mat_present	Movie2_AP		0.937	0.0	196.821333
/home/alexrees/scratch/release_dataset	sub-032	ses-01	run-05	sub-032/ses-01/func/sub-032_ses-01_task-movie_run-05_bold.nii.gz	sub-032/ses-01/func/sub-032_ses-01_task-movie_run-05_events.tsv	WRITTEN	Movie1B.mp4	right	Movie3	3	HIGH	ProtocolName_MovieN_to_matlab_run_id+selected_run_id_mat_present	Movie3_AP		0.937	0.0	196.821333
/home/alexrees/scratch/release_dataset	sub-032	ses-01	run-07	sub-032/ses-01/func/sub-032_ses-01_task-movie_run-07_bold.nii.gz	sub-032/ses-01/func/sub-032_ses-01_task-movie_run-07_events.tsv	WRITTEN	Movie2B.mp4	left	Movie4	4	HIGH	ProtocolName_MovieN_to_matlab_run_id+selected_run_id_mat_present	Movie4_AP		0.937	0.0	196.821333
/home/alexrees/scratch/release_dataset	sub-033	ses-01	run-01	sub-033/ses-01/func/sub-033_ses-01_task-movie_run-01_bold.nii.gz	sub-033/ses-01/func/sub-033_ses-01_task-movie_run-01_events.tsv	WRITTEN	Movie1A.mp4	left	Movie1	1	HIGH	ProtocolName_MovieN_to_matlab_run_id+selected_run_id_mat_present	Movie1_AP		0.937	0.0	196.821333
/home/alexrees/scratch/release_dataset	sub-033	ses-01	run-03	sub-033/ses-01/func/sub-033_ses-01_task-movie_run-03_bold.nii.gz	sub-033/ses-01/func/sub-033_ses-01_task-movie_run-03_events.tsv	WRITTEN	Movie2A.mp4	right	Movie2	2	HIGH	ProtocolName_MovieN_to_matlab_run_id+selected_run_id_mat_present	Movie2_AP		0.937	0.0	196.821333
/home/alexrees/scratch/release_dataset	sub-033	ses-01	run-05	sub-033/ses-01/func/sub-033_ses-01_task-movie_run-05_bold.nii.gz	sub-033/ses-01/func/sub-033_ses-01_task-movie_run-05_events.tsv	WRITTEN	Movie1B.mp4	right	Movie3	3	HIGH	ProtocolName_MovieN_to_matlab_run_id+selected_run_id_mat_present	Movie3_AP		0.937	0.0	196.821333
/home/alexrees/scratch/release_dataset	sub-033	ses-01	run-07	sub-033/ses-01/func/sub-033_ses-01_task-movie_run-07_bold.nii.gz	sub-033/ses-01/func/sub-033_ses-01_task-movie_run-07_events.tsv	WRITTEN	Movie2B.mp4	left	Movie4	4	HIGH	ProtocolName_MovieN_to_matlab_run_id+selected_run_id_mat_present	Movie4_AP		0.937	0.0	196.821333
/home/alexrees/scratch/release_dataset	sub-034	ses-01	run-01	sub-034/ses-01/func/sub-034_ses-01_task-movie_run-01_bold.nii.gz	sub-034/ses-01/func/sub-034_ses-01_task-movie_run-01_events.tsv	WRITTEN	Movie1A.mp4	left	Movie1	1	HIGH	ProtocolName_MovieN_to_matlab_run_id+selected_run_id_mat_present	Movie1_AP		0.937	0.0	196.821333
/home/alexrees/scratch/release_dataset	sub-034	ses-01	run-03	sub-034/ses-01/func/sub-034_ses-01_task-movie_run-03_bold.nii.gz	sub-034/ses-01/func/sub-034_ses-01_task-movie_run-03_events.tsv	WRITTEN	Movie2A.mp4	right	Movie2	2	HIGH	ProtocolName_MovieN_to_matlab_run_id+selected_run_id_mat_present	Movie2_AP		0.937	0.0	196.821333
/home/alexrees/scratch/release_dataset	sub-034	ses-01	run-05	sub-034/ses-01/func/sub-034_ses-01_task-movie_run-05_bold.nii.gz	sub-034/ses-01/func/sub-034_ses-01_task-movie_run-05_events.tsv	WRITTEN	Movie1B.mp4	right	Movie3	3	HIGH	ProtocolName_MovieN_to_matlab_run_id+selected_run_id_mat_present	Movie3_AP		0.937	0.0	196.821333
/home/alexrees/scratch/release_dataset	sub-034	ses-01	run-07	sub-034/ses-01/func/sub-034_ses-01_task-movie_run-07_bold.nii.gz	sub-034/ses-01/func/sub-034_ses-01_task-movie_run-07_events.tsv	WRITTEN	Movie2B.mp4	left	Movie4	4	HIGH	ProtocolName_MovieN_to_matlab_run_id+selected_run_id_mat_present	Movie4_AP		0.937	0.0	196.821333
/home/alexrees/scratch/release_dataset	sub-034	ses-02	run-01	sub-034/ses-02/func/sub-034_ses-02_task-movie_run-01_bold.nii.gz	sub-034/ses-02/func/sub-034_ses-02_task-movie_run-01_events.tsv	WRITTEN	Movie1A.mp4	left	Movie1	1	HIGH	ProtocolName_MovieN_to_matlab_run_id+selected_run_id_mat_present	Movie1_AP		0.937	0.0	196.821333
/home/alexrees/scratch/release_dataset	sub-034	ses-02	run-03	sub-034/ses-02/func/sub-034_ses-02_task-movie_run-03_bold.nii.gz	sub-034/ses-02/func/sub-034_ses-02_task-movie_run-03_events.tsv	WRITTEN	Movie2A.mp4	right	Movie2	2	HIGH	ProtocolName_MovieN_to_matlab_run_id+selected_run_id_mat_present	Movie2_AP		0.937	0.0	196.821333
/home/alexrees/scratch/release_dataset	sub-034	ses-02	run-05	sub-034/ses-02/func/sub-034_ses-02_task-movie_run-05_bold.nii.gz	sub-034/ses-02/func/sub-034_ses-02_task-movie_run-05_events.tsv	WRITTEN	Movie1B.mp4	right	Movie3	3	HIGH	ProtocolName_MovieN_to_matlab_run_id+selected_run_id_mat_present	Movie3_AP		0.937	0.0	196.821333
/home/alexrees/scratch/release_dataset	sub-034	ses-02	run-07	sub-034/ses-02/func/sub-034_ses-02_task-movie_run-07_bold.nii.gz	sub-034/ses-02/func/sub-034_ses-02_task-movie_run-07_events.tsv	WRITTEN	Movie2B.mp4	left	Movie4	4	HIGH	ProtocolName_MovieN_to_matlab_run_id+selected_run_id_mat_present	Movie4_AP		0.937	0.0	196.821333
/home/alexrees/scratch/release_dataset	sub-035	ses-01	run-01	sub-035/ses-01/func/sub-035_ses-01_task-movie_run-01_bold.nii.gz	sub-035/ses-01/func/sub-035_ses-01_task-movie_run-01_events.tsv	WRITTEN	Movie1A.mp4	left	Movie1	1	HIGH	ProtocolName_MovieN_to_matlab_run_id+selected_run_id_mat_present	Movie1_AP		0.937	0.0	196.821333
/home/alexrees/scratch/release_dataset	sub-035	ses-01	run-03	sub-035/ses-01/func/sub-035_ses-01_task-movie_run-03_bold.nii.gz	sub-035/ses-01/func/sub-035_ses-01_task-movie_run-03_events.tsv	WRITTEN	Movie2A.mp4	right	Movie2	2	HIGH	ProtocolName_MovieN_to_matlab_run_id+selected_run_id_mat_present	Movie2_AP		0.937	0.0	196.821333
/home/alexrees/scratch/release_dataset	sub-035	ses-01	run-05	sub-035/ses-01/func/sub-035_ses-01_task-movie_run-05_bold.nii.gz	sub-035/ses-01/func/sub-035_ses-01_task-movie_run-05_events.tsv	WRITTEN	Movie1B.mp4	right	Movie3	3	HIGH	ProtocolName_MovieN_to_matlab_run_id+selected_run_id_mat_present	Movie3_AP		0.937	0.0	196.821333
/home/alexrees/scratch/release_dataset	sub-035	ses-01	run-07	sub-035/ses-01/func/sub-035_ses-01_task-movie_run-07_bold.nii.gz	sub-035/ses-01/func/sub-035_ses-01_task-movie_run-07_events.tsv	WRITTEN	Movie2B.mp4	left	Movie4	4	HIGH	ProtocolName_MovieN_to_matlab_run_id+selected_run_id_mat_present	Movie4_AP		0.937	0.0	196.821333
/home/alexrees/scratch/release_dataset	sub-035	ses-02	run-01	sub-035/ses-02/func/sub-035_ses-02_task-movie_run-01_bold.nii.gz	sub-035/ses-02/func/sub-035_ses-02_task-movie_run-01_events.tsv	WRITTEN	Movie1A.mp4	left	Movie1	1	HIGH	ProtocolName_MovieN_to_matlab_run_id+selected_run_id_mat_present	Movie1_AP		0.937	0.0	196.821333
/home/alexrees/scratch/release_dataset	sub-035	ses-02	run-03	sub-035/ses-02/func/sub-035_ses-02_task-movie_run-03_bold.nii.gz	sub-035/ses-02/func/sub-035_ses-02_task-movie_run-03_events.tsv	WRITTEN	Movie2A.mp4	right	Movie2	2	HIGH	ProtocolName_MovieN_to_matlab_run_id+selected_run_id_mat_present	Movie2_AP		0.937	0.0	196.821333
/home/alexrees/scratch/release_dataset	sub-035	ses-02	run-05	sub-035/ses-02/func/sub-035_ses-02_task-movie_run-05_bold.nii.gz	sub-035/ses-02/func/sub-035_ses-02_task-movie_run-05_events.tsv	WRITTEN	Movie1B.mp4	right	Movie3	3	HIGH	ProtocolName_MovieN_to_matlab_run_id+selected_run_id_mat_present	Movie3_AP		0.937	0.0	196.821333
/home/alexrees/scratch/release_dataset	sub-035	ses-02	run-07	sub-035/ses-02/func/sub-035_ses-02_task-movie_run-07_bold.nii.gz	sub-035/ses-02/func/sub-035_ses-02_task-movie_run-07_events.tsv	WRITTEN	Movie2B.mp4	left	Movie4	4	HIGH	ProtocolName_MovieN_to_matlab_run_id+selected_run_id_mat_present	Movie4_AP		0.937	0.0	196.821333
/home/alexrees/scratch/release_dataset	sub-036	ses-01	run-01	sub-036/ses-01/func/sub-036_ses-01_task-movie_run-01_bold.nii.gz	sub-036/ses-01/func/sub-036_ses-01_task-movie_run-01_events.tsv	WRITTEN	Movie1A.mp4	left	Movie1	1	HIGH	ProtocolName_MovieN_to_matlab_run_id+selected_run_id_mat_present	Movie1_AP		0.937	0.0	196.821333
/home/alexrees/scratch/release_dataset	sub-036	ses-01	run-03	sub-036/ses-01/func/sub-036_ses-01_task-movie_run-03_bold.nii.gz	sub-036/ses-01/func/sub-036_ses-01_task-movie_run-03_events.tsv	WRITTEN	Movie2A.mp4	right	Movie2	2	HIGH	ProtocolName_MovieN_to_matlab_run_id+selected_run_id_mat_present	Movie2_AP		0.937	0.0	196.821333
/home/alexrees/scratch/release_dataset	sub-036	ses-01	run-05	sub-036/ses-01/func/sub-036_ses-01_task-movie_run-05_bold.nii.gz	sub-036/ses-01/func/sub-036_ses-01_task-movie_run-05_events.tsv	WRITTEN	Movie1B.mp4	right	Movie3	3	HIGH	ProtocolName_MovieN_to_matlab_run_id+selected_run_id_mat_present	Movie3_AP		0.937	0.0	196.821333
/home/alexrees/scratch/release_dataset	sub-036	ses-01	run-07	sub-036/ses-01/func/sub-036_ses-01_task-movie_run-07_bold.nii.gz	sub-036/ses-01/func/sub-036_ses-01_task-movie_run-07_events.tsv	WRITTEN	Movie2B.mp4	left	Movie4	4	HIGH	ProtocolName_MovieN_to_matlab_run_id+selected_run_id_mat_present	Movie4_AP		0.937	0.0	196.821333
/home/alexrees/scratch/release_dataset	sub-036	ses-02	run-01	sub-036/ses-02/func/sub-036_ses-02_task-movie_run-01_bold.nii.gz	sub-036/ses-02/func/sub-036_ses-02_task-movie_run-01_events.tsv	WRITTEN	Movie1A.mp4	left	Movie1	1	HIGH	ProtocolName_MovieN_to_matlab_run_id+selected_run_id_mat_present	Movie1_AP		0.937	0.0	196.821333
/home/alexrees/scratch/release_dataset	sub-036	ses-02	run-03	sub-036/ses-02/func/sub-036_ses-02_task-movie_run-03_bold.nii.gz	sub-036/ses-02/func/sub-036_ses-02_task-movie_run-03_events.tsv	WRITTEN	Movie2A.mp4	right	Movie2	2	HIGH	ProtocolName_MovieN_to_matlab_run_id+selected_run_id_mat_present	Movie2_AP		0.937	0.0	196.821333
/home/alexrees/scratch/release_dataset	sub-036	ses-02	run-05	sub-036/ses-02/func/sub-036_ses-02_task-movie_run-05_bold.nii.gz	sub-036/ses-02/func/sub-036_ses-02_task-movie_run-05_events.tsv	WRITTEN	Movie1B.mp4	right	Movie3	3	HIGH	ProtocolName_MovieN_to_matlab_run_id+selected_run_id_mat_present	Movie3_AP		0.937	0.0	196.821333
/home/alexrees/scratch/release_dataset	sub-036	ses-02	run-07	sub-036/ses-02/func/sub-036_ses-02_task-movie_run-07_bold.nii.gz	sub-036/ses-02/func/sub-036_ses-02_task-movie_run-07_events.tsv	WRITTEN	Movie2B.mp4	left	Movie4	4	HIGH	ProtocolName_MovieN_to_matlab_run_id+selected_run_id_mat_present	Movie4_AP		0.937	0.0	196.821333
/home/alexrees/scratch/release_dataset	sub-037	ses-01	run-01	sub-037/ses-01/func/sub-037_ses-01_task-movie_run-01_bold.nii.gz	sub-037/ses-01/func/sub-037_ses-01_task-movie_run-01_events.tsv	WRITTEN	Movie1A.mp4	left	Movie1	1	HIGH	ProtocolName_MovieN_to_matlab_run_id+selected_run_id_mat_present	Movie1_AP		0.937	0.0	196.821333
/home/alexrees/scratch/release_dataset	sub-037	ses-01	run-03	sub-037/ses-01/func/sub-037_ses-01_task-movie_run-03_bold.nii.gz	sub-037/ses-01/func/sub-037_ses-01_task-movie_run-03_events.tsv	WRITTEN	Movie2A.mp4	right	Movie2	2	HIGH	ProtocolName_MovieN_to_matlab_run_id+selected_run_id_mat_present	Movie2_AP		0.937	0.0	196.821333
/home/alexrees/scratch/release_dataset	sub-037	ses-01	run-05	sub-037/ses-01/func/sub-037_ses-01_task-movie_run-05_bold.nii.gz	sub-037/ses-01/func/sub-037_ses-01_task-movie_run-05_events.tsv	WRITTEN	Movie1B.mp4	right	Movie3	3	HIGH	ProtocolName_MovieN_to_matlab_run_id+selected_run_id_mat_present	Movie3_AP		0.937	0.0	196.821333
/home/alexrees/scratch/release_dataset	sub-037	ses-01	run-07	sub-037/ses-01/func/sub-037_ses-01_task-movie_run-07_bold.nii.gz	sub-037/ses-01/func/sub-037_ses-01_task-movie_run-07_events.tsv	WRITTEN	Movie2B.mp4	left	Movie4	4	HIGH	ProtocolName_MovieN_to_matlab_run_id+selected_run_id_mat_present	Movie4_AP		0.937	0.0	196.821333
/home/alexrees/scratch/release_dataset	sub-038	ses-01	run-01	sub-038/ses-01/func/sub-038_ses-01_task-movie_run-01_bold.nii.gz	sub-038/ses-01/func/sub-038_ses-01_task-movie_run-01_events.tsv	WRITTEN	Movie1A.mp4	left	Movie1	1	HIGH	ProtocolName_MovieN_to_matlab_run_id+selected_run_id_mat_present	Movie1_AP		0.937	0.0	196.821333
/home/alexrees/scratch/release_dataset	sub-038	ses-01	run-03	sub-038/ses-01/func/sub-038_ses-01_task-movie_run-03_bold.nii.gz	sub-038/ses-01/func/sub-038_ses-01_task-movie_run-03_events.tsv	WRITTEN	Movie2A.mp4	right	Movie2	2	HIGH	ProtocolName_MovieN_to_matlab_run_id+selected_run_id_mat_present	Movie2_AP		0.937	0.0	196.821333
/home/alexrees/scratch/release_dataset	sub-038	ses-01	run-05	sub-038/ses-01/func/sub-038_ses-01_task-movie_run-05_bold.nii.gz	sub-038/ses-01/func/sub-038_ses-01_task-movie_run-05_events.tsv	WRITTEN	Movie1B.mp4	right	Movie3	3	HIGH	ProtocolName_MovieN_to_matlab_run_id+selected_run_id_mat_present	Movie3_AP		0.937	0.0	196.821333
/home/alexrees/scratch/release_dataset	sub-038	ses-01	run-07	sub-038/ses-01/func/sub-038_ses-01_task-movie_run-07_bold.nii.gz	sub-038/ses-01/func/sub-038_ses-01_task-movie_run-07_events.tsv	WRITTEN	Movie2B.mp4	left	Movie4	4	HIGH	ProtocolName_MovieN_to_matlab_run_id+selected_run_id_mat_present	Movie4_AP		0.937	0.0	196.821333
/home/alexrees/scratch/release_dataset	sub-038	ses-02	run-01	sub-038/ses-02/func/sub-038_ses-02_task-movie_run-01_bold.nii.gz	sub-038/ses-02/func/sub-038_ses-02_task-movie_run-01_events.tsv	WRITTEN	Movie1A.mp4	left	Movie1	1	HIGH	ProtocolName_MovieN_to_matlab_run_id+selected_run_id_mat_present	Movie1_AP		0.937	0.0	196.821333
/home/alexrees/scratch/release_dataset	sub-038	ses-02	run-03	sub-038/ses-02/func/sub-038_ses-02_task-movie_run-03_bold.nii.gz	sub-038/ses-02/func/sub-038_ses-02_task-movie_run-03_events.tsv	WRITTEN	Movie2A.mp4	right	Movie2	2	HIGH	ProtocolName_MovieN_to_matlab_run_id+selected_run_id_mat_present	Movie2_AP		0.937	0.0	196.821333
/home/alexrees/scratch/release_dataset	sub-038	ses-02	run-05	sub-038/ses-02/func/sub-038_ses-02_task-movie_run-05_bold.nii.gz	sub-038/ses-02/func/sub-038_ses-02_task-movie_run-05_events.tsv	WRITTEN	Movie1B.mp4	right	Movie3	3	HIGH	ProtocolName_MovieN_to_matlab_run_id+selected_run_id_mat_present	Movie3_AP		0.937	0.0	196.821333
/home/alexrees/scratch/release_dataset	sub-038	ses-02	run-07	sub-038/ses-02/func/sub-038_ses-02_task-movie_run-07_bold.nii.gz	sub-038/ses-02/func/sub-038_ses-02_task-movie_run-07_events.tsv	WRITTEN	Movie2B.mp4	left	Movie4	4	HIGH	ProtocolName_MovieN_to_matlab_run_id+selected_run_id_mat_present	Movie4_AP		0.937	0.0	196.821333
/home/alexrees/scratch/release_dataset	sub-039	ses-01	run-01	sub-039/ses-01/func/sub-039_ses-01_task-movie_run-01_bold.nii.gz	sub-039/ses-01/func/sub-039_ses-01_task-movie_run-01_events.tsv	WRITTEN	Movie1A.mp4	left	Movie1	1	HIGH	ProtocolName_MovieN_to_matlab_run_id+selected_run_id_mat_present	Movie1_AP		0.937	0.0	196.821333
/home/alexrees/scratch/release_dataset	sub-039	ses-01	run-03	sub-039/ses-01/func/sub-039_ses-01_task-movie_run-03_bold.nii.gz	sub-039/ses-01/func/sub-039_ses-01_task-movie_run-03_events.tsv	WRITTEN	Movie2A.mp4	right	Movie2	2	HIGH	ProtocolName_MovieN_to_matlab_run_id+selected_run_id_mat_present	Movie2_AP		0.937	0.0	196.821333
/home/alexrees/scratch/release_dataset	sub-039	ses-01	run-05	sub-039/ses-01/func/sub-039_ses-01_task-movie_run-05_bold.nii.gz	sub-039/ses-01/func/sub-039_ses-01_task-movie_run-05_events.tsv	WRITTEN	Movie1B.mp4	right	Movie3	3	HIGH	ProtocolName_MovieN_to_matlab_run_id+selected_run_id_mat_present	Movie3_AP		0.937	0.0	196.821333
/home/alexrees/scratch/release_dataset	sub-039	ses-01	run-07	sub-039/ses-01/func/sub-039_ses-01_task-movie_run-07_bold.nii.gz	sub-039/ses-01/func/sub-039_ses-01_task-movie_run-07_events.tsv	WRITTEN	Movie2B.mp4	left	Movie4	4	HIGH	ProtocolName_MovieN_to_matlab_run_id+selected_run_id_mat_present	Movie4_AP		0.937	0.0	196.821333
/home/alexrees/scratch/release_dataset	sub-039	ses-02	run-01	sub-039/ses-02/func/sub-039_ses-02_task-movie_run-01_bold.nii.gz	sub-039/ses-02/func/sub-039_ses-02_task-movie_run-01_events.tsv	WRITTEN	Movie1A.mp4	left	Movie1	1	HIGH	ProtocolName_MovieN_to_matlab_run_id+selected_run_id_mat_present	Movie1_AP		0.937	0.0	196.821333
/home/alexrees/scratch/release_dataset	sub-039	ses-02	run-03	sub-039/ses-02/func/sub-039_ses-02_task-movie_run-03_bold.nii.gz	sub-039/ses-02/func/sub-039_ses-02_task-movie_run-03_events.tsv	WRITTEN	Movie2A.mp4	right	Movie2	2	HIGH	ProtocolName_MovieN_to_matlab_run_id+selected_run_id_mat_present	Movie2_AP		0.937	0.0	196.821333
/home/alexrees/scratch/release_dataset	sub-039	ses-02	run-05	sub-039/ses-02/func/sub-039_ses-02_task-movie_run-05_bold.nii.gz	sub-039/ses-02/func/sub-039_ses-02_task-movie_run-05_events.tsv	WRITTEN	Movie1B.mp4	right	Movie3	3	HIGH	ProtocolName_MovieN_to_matlab_run_id+selected_run_id_mat_present	Movie3_AP		0.937	0.0	196.821333
/home/alexrees/scratch/release_dataset	sub-039	ses-02	run-07	sub-039/ses-02/func/sub-039_ses-02_task-movie_run-07_bold.nii.gz	sub-039/ses-02/func/sub-039_ses-02_task-movie_run-07_events.tsv	WRITTEN	Movie2B.mp4	left	Movie4	4	HIGH	ProtocolName_MovieN_to_matlab_run_id+selected_run_id_mat_present	Movie4_AP		0.937	0.0	196.821333
/home/alexrees/scratch/release_dataset	sub-040	ses-01	run-01	sub-040/ses-01/func/sub-040_ses-01_task-movie_run-01_bold.nii.gz	sub-040/ses-01/func/sub-040_ses-01_task-movie_run-01_events.tsv	WRITTEN	Movie1A.mp4	left	Movie1	1	HIGH	ProtocolName_MovieN_to_matlab_run_id+selected_run_id_mat_present	Movie1_AP		0.937	0.0	196.821333
/home/alexrees/scratch/release_dataset	sub-040	ses-01	run-03	sub-040/ses-01/func/sub-040_ses-01_task-movie_run-03_bold.nii.gz	sub-040/ses-01/func/sub-040_ses-01_task-movie_run-03_events.tsv	WRITTEN	Movie2A.mp4	right	Movie2	2	HIGH	ProtocolName_MovieN_to_matlab_run_id+selected_run_id_mat_present	Movie2_AP		0.937	0.0	196.821333
/home/alexrees/scratch/release_dataset	sub-040	ses-01	run-05	sub-040/ses-01/func/sub-040_ses-01_task-movie_run-05_bold.nii.gz	sub-040/ses-01/func/sub-040_ses-01_task-movie_run-05_events.tsv	WRITTEN	Movie1B.mp4	right	Movie3	3	HIGH	ProtocolName_MovieN_to_matlab_run_id+selected_run_id_mat_present	Movie3_AP		0.937	0.0	196.821333
/home/alexrees/scratch/release_dataset	sub-040	ses-01	run-07	sub-040/ses-01/func/sub-040_ses-01_task-movie_run-07_bold.nii.gz	sub-040/ses-01/func/sub-040_ses-01_task-movie_run-07_events.tsv	WRITTEN	Movie2B.mp4	left	Movie4	4	HIGH	ProtocolName_MovieN_to_matlab_run_id+selected_run_id_mat_present	Movie4_AP		0.937	0.0	196.821333
/home/alexrees/scratch/release_dataset	sub-040	ses-02	run-01	sub-040/ses-02/func/sub-040_ses-02_task-movie_run-01_bold.nii.gz	sub-040/ses-02/func/sub-040_ses-02_task-movie_run-01_events.tsv	WRITTEN	Movie1A.mp4	left	Movie1	1	HIGH	ProtocolName_MovieN_to_matlab_run_id+selected_run_id_mat_present	Movie1_AP		0.937	0.0	196.821333
/home/alexrees/scratch/release_dataset	sub-040	ses-02	run-03	sub-040/ses-02/func/sub-040_ses-02_task-movie_run-03_bold.nii.gz	sub-040/ses-02/func/sub-040_ses-02_task-movie_run-03_events.tsv	WRITTEN	Movie2A.mp4	right	Movie2	2	HIGH	ProtocolName_MovieN_to_matlab_run_id+selected_run_id_mat_present	Movie2_AP		0.937	0.0	196.821333
/home/alexrees/scratch/release_dataset	sub-040	ses-02	run-05	sub-040/ses-02/func/sub-040_ses-02_task-movie_run-05_bold.nii.gz	sub-040/ses-02/func/sub-040_ses-02_task-movie_run-05_events.tsv	WRITTEN	Movie1B.mp4	right	Movie3	3	HIGH	ProtocolName_MovieN_to_matlab_run_id+selected_run_id_mat_present	Movie3_AP		0.937	0.0	196.821333
/home/alexrees/scratch/release_dataset	sub-040	ses-02	run-07	sub-040/ses-02/func/sub-040_ses-02_task-movie_run-07_bold.nii.gz	sub-040/ses-02/func/sub-040_ses-02_task-movie_run-07_events.tsv	WRITTEN	Movie2B.mp4	left	Movie4	4	HIGH	ProtocolName_MovieN_to_matlab_run_id+selected_run_id_mat_present	Movie4_AP		0.937	0.0	196.821333
/home/alexrees/scratch/release_dataset	sub-041	ses-01	run-01	sub-041/ses-01/func/sub-041_ses-01_task-movie_run-01_bold.nii.gz	sub-041/ses-01/func/sub-041_ses-01_task-movie_run-01_events.tsv	WRITTEN	Movie1A.mp4	left	Movie1	1	HIGH	ProtocolName_MovieN_to_matlab_run_id+selected_run_id_mat_present	Movie1_AP		0.937	0.0	196.821333
/home/alexrees/scratch/release_dataset	sub-041	ses-01	run-03	sub-041/ses-01/func/sub-041_ses-01_task-movie_run-03_bold.nii.gz	sub-041/ses-01/func/sub-041_ses-01_task-movie_run-03_events.tsv	WRITTEN	Movie2A.mp4	right	Movie2	2	HIGH	ProtocolName_MovieN_to_matlab_run_id+selected_run_id_mat_present	Movie2_AP		0.937	0.0	196.821333
/home/alexrees/scratch/release_dataset	sub-041	ses-01	run-05	sub-041/ses-01/func/sub-041_ses-01_task-movie_run-05_bold.nii.gz	sub-041/ses-01/func/sub-041_ses-01_task-movie_run-05_events.tsv	WRITTEN	Movie1B.mp4	right	Movie3	3	HIGH	ProtocolName_MovieN_to_matlab_run_id+selected_run_id_mat_present	Movie3_AP		0.937	0.0	196.821333
/home/alexrees/scratch/release_dataset	sub-041	ses-01	run-07	sub-041/ses-01/func/sub-041_ses-01_task-movie_run-07_bold.nii.gz	sub-041/ses-01/func/sub-041_ses-01_task-movie_run-07_events.tsv	WRITTEN	Movie2B.mp4	left	Movie4	4	HIGH	ProtocolName_MovieN_to_matlab_run_id+selected_run_id_mat_present	Movie4_AP		0.937	0.0	196.821333
/home/alexrees/scratch/release_dataset	sub-041	ses-02	run-01	sub-041/ses-02/func/sub-041_ses-02_task-movie_run-01_bold.nii.gz	sub-041/ses-02/func/sub-041_ses-02_task-movie_run-01_events.tsv	WRITTEN	Movie1A.mp4	left	Movie1	1	HIGH	ProtocolName_MovieN_to_matlab_run_id+selected_run_id_mat_present	Movie1_AP		0.937	0.0	196.821333
/home/alexrees/scratch/release_dataset	sub-041	ses-02	run-03	sub-041/ses-02/func/sub-041_ses-02_task-movie_run-03_bold.nii.gz	sub-041/ses-02/func/sub-041_ses-02_task-movie_run-03_events.tsv	WRITTEN	Movie2A.mp4	right	Movie2	2	HIGH	ProtocolName_MovieN_to_matlab_run_id+selected_run_id_mat_present	Movie2_AP		0.937	0.0	196.821333
/home/alexrees/scratch/release_dataset	sub-041	ses-02	run-05	sub-041/ses-02/func/sub-041_ses-02_task-movie_run-05_bold.nii.gz	sub-041/ses-02/func/sub-041_ses-02_task-movie_run-05_events.tsv	WRITTEN	Movie1B.mp4	right	Movie3	3	HIGH	ProtocolName_MovieN_to_matlab_run_id+selected_run_id_mat_present	Movie3_AP		0.937	0.0	196.821333
/home/alexrees/scratch/release_dataset	sub-041	ses-02	run-07	sub-041/ses-02/func/sub-041_ses-02_task-movie_run-07_bold.nii.gz	sub-041/ses-02/func/sub-041_ses-02_task-movie_run-07_events.tsv	WRITTEN	Movie2B.mp4	left	Movie4	4	HIGH	ProtocolName_MovieN_to_matlab_run_id+selected_run_id_mat_present	Movie4_AP		0.937	0.0	196.821333
/home/alexrees/scratch/release_dataset	sub-042	ses-01	run-01	sub-042/ses-01/func/sub-042_ses-01_task-movie_run-01_bold.nii.gz	sub-042/ses-01/func/sub-042_ses-01_task-movie_run-01_events.tsv	WRITTEN	Movie1A.mp4	left	Movie1	1	HIGH	ProtocolName_MovieN_to_matlab_run_id+selected_run_id_mat_present	Movie1_AP		0.937	0.0	196.821333
/home/alexrees/scratch/release_dataset	sub-042	ses-01	run-03	sub-042/ses-01/func/sub-042_ses-01_task-movie_run-03_bold.nii.gz	sub-042/ses-01/func/sub-042_ses-01_task-movie_run-03_events.tsv	WRITTEN	Movie2A.mp4	right	Movie2	2	HIGH	ProtocolName_MovieN_to_matlab_run_id+selected_run_id_mat_present	Movie2_AP		0.937	0.0	196.821333
/home/alexrees/scratch/release_dataset	sub-042	ses-01	run-05	sub-042/ses-01/func/sub-042_ses-01_task-movie_run-05_bold.nii.gz	sub-042/ses-01/func/sub-042_ses-01_task-movie_run-05_events.tsv	WRITTEN	Movie1B.mp4	right	Movie3	3	HIGH	ProtocolName_MovieN_to_matlab_run_id+selected_run_id_mat_present	Movie3_AP		0.937	0.0	196.821333
/home/alexrees/scratch/release_dataset	sub-042	ses-01	run-07	sub-042/ses-01/func/sub-042_ses-01_task-movie_run-07_bold.nii.gz	sub-042/ses-01/func/sub-042_ses-01_task-movie_run-07_events.tsv	WRITTEN	Movie2B.mp4	left	Movie4	4	HIGH	ProtocolName_MovieN_to_matlab_run_id+selected_run_id_mat_present	Movie4_AP		0.937	0.0	196.821333
/home/alexrees/scratch/release_dataset	sub-043	ses-02	run-01	sub-043/ses-02/func/sub-043_ses-02_task-movie_run-01_bold.nii.gz	sub-043/ses-02/func/sub-043_ses-02_task-movie_run-01_events.tsv	WRITTEN	Movie1A.mp4	left	Movie1	1	MEDIUM	ProtocolName_MovieN_fallback_unassigned_or_ambiguous	Movie1_AP		0.937	0.0	196.821333
/home/alexrees/scratch/release_dataset	sub-043	ses-02	run-02	sub-043/ses-02/func/sub-043_ses-02_task-movie_run-02_bold.nii.gz	sub-043/ses-02/func/sub-043_ses-02_task-movie_run-02_events.tsv	WRITTEN	Movie1A.mp4	left	Movie1	1	MEDIUM	ProtocolName_MovieN_fallback_unassigned_or_ambiguous	Movie1_AP		0.937	0.0	196.821333
/home/alexrees/scratch/release_dataset	sub-043	ses-02	run-05	sub-043/ses-02/func/sub-043_ses-02_task-movie_run-05_bold.nii.gz	sub-043/ses-02/func/sub-043_ses-02_task-movie_run-05_events.tsv	WRITTEN	Movie2A.mp4	right	Movie2	2	MEDIUM	ProtocolName_MovieN_fallback_unassigned_or_ambiguous	Movie2_AP		0.937	0.0	196.821333
/home/alexrees/scratch/release_dataset	sub-043	ses-02	run-06	sub-043/ses-02/func/sub-043_ses-02_task-movie_run-06_bold.nii.gz	sub-043/ses-02/func/sub-043_ses-02_task-movie_run-06_events.tsv	WRITTEN	Movie2A.mp4	right	Movie2	2	MEDIUM	ProtocolName_MovieN_fallback_unassigned_or_ambiguous	Movie2_AP		0.937	0.0	196.821333
/home/alexrees/scratch/release_dataset	sub-043	ses-02	run-09	sub-043/ses-02/func/sub-043_ses-02_task-movie_run-09_bold.nii.gz	sub-043/ses-02/func/sub-043_ses-02_task-movie_run-09_events.tsv	WRITTEN	Movie1B.mp4	right	Movie3	3	MEDIUM	ProtocolName_MovieN_fallback_unassigned_or_ambiguous	Movie3_AP		0.937	0.0	196.821333
/home/alexrees/scratch/release_dataset	sub-043	ses-02	run-10	sub-043/ses-02/func/sub-043_ses-02_task-movie_run-10_bold.nii.gz	sub-043/ses-02/func/sub-043_ses-02_task-movie_run-10_events.tsv	WRITTEN	Movie1B.mp4	right	Movie3	3	MEDIUM	ProtocolName_MovieN_fallback_unassigned_or_ambiguous	Movie3_AP		0.937	0.0	196.821333
/home/alexrees/scratch/release_dataset	sub-043	ses-02	run-13	sub-043/ses-02/func/sub-043_ses-02_task-movie_run-13_bold.nii.gz	sub-043/ses-02/func/sub-043_ses-02_task-movie_run-13_events.tsv	WRITTEN	Movie2B.mp4	left	Movie4	4	MEDIUM	ProtocolName_MovieN_fallback_unassigned_or_ambiguous	Movie4_AP		0.937	0.0	196.821333
/home/alexrees/scratch/release_dataset	sub-043	ses-02	run-14	sub-043/ses-02/func/sub-043_ses-02_task-movie_run-14_bold.nii.gz	sub-043/ses-02/func/sub-043_ses-02_task-movie_run-14_events.tsv	WRITTEN	Movie2B.mp4	left	Movie4	4	MEDIUM	ProtocolName_MovieN_fallback_unassigned_or_ambiguous	Movie4_AP		0.937	0.0	196.821333
/home/alexrees/scratch/release_dataset	sub-044	ses-01	run-01	sub-044/ses-01/func/sub-044_ses-01_task-movie_run-01_bold.nii.gz	sub-044/ses-01/func/sub-044_ses-01_task-movie_run-01_events.tsv	WRITTEN	Movie1A.mp4	left	Movie1	1	HIGH	ProtocolName_MovieN_to_matlab_run_id+selected_run_id_mat_present	Movie1_AP		0.937	0.0	196.821333
/home/alexrees/scratch/release_dataset	sub-044	ses-01	run-03	sub-044/ses-01/func/sub-044_ses-01_task-movie_run-03_bold.nii.gz	sub-044/ses-01/func/sub-044_ses-01_task-movie_run-03_events.tsv	WRITTEN	Movie2A.mp4	right	Movie2	2	HIGH	ProtocolName_MovieN_to_matlab_run_id+selected_run_id_mat_present	Movie2_AP		0.937	0.0	196.821333
/home/alexrees/scratch/release_dataset	sub-044	ses-01	run-05	sub-044/ses-01/func/sub-044_ses-01_task-movie_run-05_bold.nii.gz	sub-044/ses-01/func/sub-044_ses-01_task-movie_run-05_events.tsv	WRITTEN	Movie1B.mp4	right	Movie3	3	HIGH	ProtocolName_MovieN_to_matlab_run_id+selected_run_id_mat_present	Movie3_AP		0.937	0.0	196.821333
/home/alexrees/scratch/release_dataset	sub-044	ses-01	run-07	sub-044/ses-01/func/sub-044_ses-01_task-movie_run-07_bold.nii.gz	sub-044/ses-01/func/sub-044_ses-01_task-movie_run-07_events.tsv	WRITTEN	Movie2B.mp4	left	Movie4	4	HIGH	ProtocolName_MovieN_to_matlab_run_id+selected_run_id_mat_present	Movie4_AP		0.937	0.0	196.821333
/home/alexrees/scratch/release_dataset	sub-044	ses-02	run-01	sub-044/ses-02/func/sub-044_ses-02_task-movie_run-01_bold.nii.gz	sub-044/ses-02/func/sub-044_ses-02_task-movie_run-01_events.tsv	WRITTEN	Movie1A.mp4	left	Movie1	1	HIGH	ProtocolName_MovieN_to_matlab_run_id+selected_run_id_mat_present	Movie1_AP		0.937	0.0	196.821333
/home/alexrees/scratch/release_dataset	sub-044	ses-02	run-03	sub-044/ses-02/func/sub-044_ses-02_task-movie_run-03_bold.nii.gz	sub-044/ses-02/func/sub-044_ses-02_task-movie_run-03_events.tsv	WRITTEN	Movie2A.mp4	right	Movie2	2	HIGH	ProtocolName_MovieN_to_matlab_run_id+selected_run_id_mat_present	Movie2_AP		0.937	0.0	196.821333
/home/alexrees/scratch/release_dataset	sub-044	ses-02	run-05	sub-044/ses-02/func/sub-044_ses-02_task-movie_run-05_bold.nii.gz	sub-044/ses-02/func/sub-044_ses-02_task-movie_run-05_events.tsv	WRITTEN	Movie1B.mp4	right	Movie3	3	HIGH	ProtocolName_MovieN_to_matlab_run_id+selected_run_id_mat_present	Movie3_AP		0.937	0.0	196.821333
/home/alexrees/scratch/release_dataset	sub-044	ses-02	run-07	sub-044/ses-02/func/sub-044_ses-02_task-movie_run-07_bold.nii.gz	sub-044/ses-02/func/sub-044_ses-02_task-movie_run-07_events.tsv	WRITTEN	Movie2B.mp4	left	Movie4	4	HIGH	ProtocolName_MovieN_to_matlab_run_id+selected_run_id_mat_present	Movie4_AP		0.937	0.0	196.821333
/home/alexrees/scratch/release_dataset	sub-045	ses-01	run-01	sub-045/ses-01/func/sub-045_ses-01_task-movie_run-01_bold.nii.gz	sub-045/ses-01/func/sub-045_ses-01_task-movie_run-01_events.tsv	WRITTEN	Movie1A.mp4	left	Movie1	1	HIGH	ProtocolName_MovieN_to_matlab_run_id+selected_run_id_mat_present	Movie1_AP		0.937	0.0	196.821333
/home/alexrees/scratch/release_dataset	sub-045	ses-01	run-03	sub-045/ses-01/func/sub-045_ses-01_task-movie_run-03_bold.nii.gz	sub-045/ses-01/func/sub-045_ses-01_task-movie_run-03_events.tsv	WRITTEN	Movie2A.mp4	right	Movie2	2	HIGH	ProtocolName_MovieN_to_matlab_run_id+selected_run_id_mat_present	Movie2_AP		0.937	0.0	196.821333
/home/alexrees/scratch/release_dataset	sub-045	ses-01	run-05	sub-045/ses-01/func/sub-045_ses-01_task-movie_run-05_bold.nii.gz	sub-045/ses-01/func/sub-045_ses-01_task-movie_run-05_events.tsv	WRITTEN	Movie1B.mp4	right	Movie3	3	HIGH	ProtocolName_MovieN_to_matlab_run_id+selected_run_id_mat_present	Movie3_AP		0.937	0.0	196.821333
/home/alexrees/scratch/release_dataset	sub-045	ses-01	run-07	sub-045/ses-01/func/sub-045_ses-01_task-movie_run-07_bold.nii.gz	sub-045/ses-01/func/sub-045_ses-01_task-movie_run-07_events.tsv	WRITTEN	Movie2B.mp4	left	Movie4	4	HIGH	ProtocolName_MovieN_to_matlab_run_id+selected_run_id_mat_present	Movie4_AP		0.937	0.0	196.821333
/home/alexrees/scratch/release_dataset	sub-046	ses-01	run-01	sub-046/ses-01/func/sub-046_ses-01_task-movie_run-01_bold.nii.gz	sub-046/ses-01/func/sub-046_ses-01_task-movie_run-01_events.tsv	WRITTEN	Movie1A.mp4	left	Movie1	1	HIGH	ProtocolName_MovieN_to_matlab_run_id+selected_run_id_mat_present	Movie1_AP		0.937	0.0	196.821333
/home/alexrees/scratch/release_dataset	sub-046	ses-01	run-03	sub-046/ses-01/func/sub-046_ses-01_task-movie_run-03_bold.nii.gz	sub-046/ses-01/func/sub-046_ses-01_task-movie_run-03_events.tsv	WRITTEN	Movie2A.mp4	right	Movie2	2	HIGH	ProtocolName_MovieN_to_matlab_run_id+selected_run_id_mat_present	Movie2_AP		0.937	0.0	196.821333
/home/alexrees/scratch/release_dataset	sub-046	ses-01	run-05	sub-046/ses-01/func/sub-046_ses-01_task-movie_run-05_bold.nii.gz	sub-046/ses-01/func/sub-046_ses-01_task-movie_run-05_events.tsv	WRITTEN	Movie1B.mp4	right	Movie3	3	HIGH	ProtocolName_MovieN_to_matlab_run_id+selected_run_id_mat_present	Movie3_AP		0.937	0.0	196.821333
/home/alexrees/scratch/release_dataset	sub-046	ses-01	run-07	sub-046/ses-01/func/sub-046_ses-01_task-movie_run-07_bold.nii.gz	sub-046/ses-01/func/sub-046_ses-01_task-movie_run-07_events.tsv	WRITTEN	Movie2B.mp4	left	Movie4	4	HIGH	ProtocolName_MovieN_to_matlab_run_id+selected_run_id_mat_present	Movie4_AP		0.937	0.0	196.821333
/home/alexrees/scratch/release_dataset	sub-046	ses-02	run-01	sub-046/ses-02/func/sub-046_ses-02_task-movie_run-01_bold.nii.gz	sub-046/ses-02/func/sub-046_ses-02_task-movie_run-01_events.tsv	WRITTEN	Movie1A.mp4	left	Movie1	1	HIGH	ProtocolName_MovieN_to_matlab_run_id+selected_run_id_mat_present	Movie1_AP		0.937	0.0	196.821333
/home/alexrees/scratch/release_dataset	sub-046	ses-02	run-03	sub-046/ses-02/func/sub-046_ses-02_task-movie_run-03_bold.nii.gz	sub-046/ses-02/func/sub-046_ses-02_task-movie_run-03_events.tsv	WRITTEN	Movie2A.mp4	right	Movie2	2	HIGH	ProtocolName_MovieN_to_matlab_run_id+selected_run_id_mat_present	Movie2_AP		0.937	0.0	196.821333
/home/alexrees/scratch/release_dataset	sub-046	ses-02	run-05	sub-046/ses-02/func/sub-046_ses-02_task-movie_run-05_bold.nii.gz	sub-046/ses-02/func/sub-046_ses-02_task-movie_run-05_events.tsv	WRITTEN	Movie1B.mp4	right	Movie3	3	HIGH	ProtocolName_MovieN_to_matlab_run_id+selected_run_id_mat_present	Movie3_AP		0.937	0.0	196.821333
/home/alexrees/scratch/release_dataset	sub-046	ses-02	run-07	sub-046/ses-02/func/sub-046_ses-02_task-movie_run-07_bold.nii.gz	sub-046/ses-02/func/sub-046_ses-02_task-movie_run-07_events.tsv	WRITTEN	Movie2B.mp4	left	Movie4	4	HIGH	ProtocolName_MovieN_to_matlab_run_id+selected_run_id_mat_present	Movie4_AP		0.937	0.0	196.821333
/home/alexrees/scratch/release_dataset	sub-047	ses-01	run-01	sub-047/ses-01/func/sub-047_ses-01_task-movie_run-01_bold.nii.gz	sub-047/ses-01/func/sub-047_ses-01_task-movie_run-01_events.tsv	WRITTEN	Movie1A.mp4	left	Movie1	1	HIGH	ProtocolName_MovieN_to_matlab_run_id	Movie1_AP		0.937	0.0	196.821333
/home/alexrees/scratch/release_dataset	sub-047	ses-01	run-03	sub-047/ses-01/func/sub-047_ses-01_task-movie_run-03_bold.nii.gz	sub-047/ses-01/func/sub-047_ses-01_task-movie_run-03_events.tsv	WRITTEN	Movie2A.mp4	right	Movie2	2	HIGH	ProtocolName_MovieN_to_matlab_run_id	Movie2_AP		0.937	0.0	196.821333
/home/alexrees/scratch/release_dataset	sub-047	ses-01	run-05	sub-047/ses-01/func/sub-047_ses-01_task-movie_run-05_bold.nii.gz	sub-047/ses-01/func/sub-047_ses-01_task-movie_run-05_events.tsv	WRITTEN	Movie1B.mp4	right	Movie3	3	HIGH	ProtocolName_MovieN_to_matlab_run_id	Movie3_AP		0.937	0.0	196.821333
/home/alexrees/scratch/release_dataset	sub-047	ses-01	run-07	sub-047/ses-01/func/sub-047_ses-01_task-movie_run-07_bold.nii.gz	sub-047/ses-01/func/sub-047_ses-01_task-movie_run-07_events.tsv	WRITTEN	Movie2B.mp4	left	Movie4	4	HIGH	ProtocolName_MovieN_to_matlab_run_id	Movie4_AP		0.937	0.0	196.821333
/home/alexrees/scratch/release_dataset	sub-047	ses-02	run-01	sub-047/ses-02/func/sub-047_ses-02_task-movie_run-01_bold.nii.gz	sub-047/ses-02/func/sub-047_ses-02_task-movie_run-01_events.tsv	WRITTEN	Movie1A.mp4	left	Movie1	1	HIGH	ProtocolName_MovieN_to_matlab_run_id+selected_run_id_mat_present	Movie1_AP		0.937	0.0	196.821333
/home/alexrees/scratch/release_dataset	sub-047	ses-02	run-03	sub-047/ses-02/func/sub-047_ses-02_task-movie_run-03_bold.nii.gz	sub-047/ses-02/func/sub-047_ses-02_task-movie_run-03_events.tsv	WRITTEN	Movie2A.mp4	right	Movie2	2	HIGH	ProtocolName_MovieN_to_matlab_run_id+selected_run_id_mat_present	Movie2_AP		0.937	0.0	196.821333
/home/alexrees/scratch/release_dataset	sub-047	ses-02	run-05	sub-047/ses-02/func/sub-047_ses-02_task-movie_run-05_bold.nii.gz	sub-047/ses-02/func/sub-047_ses-02_task-movie_run-05_events.tsv	WRITTEN	Movie1B.mp4	right	Movie3	3	HIGH	ProtocolName_MovieN_to_matlab_run_id+selected_run_id_mat_present	Movie3_AP		0.937	0.0	196.821333
/home/alexrees/scratch/release_dataset	sub-047	ses-02	run-07	sub-047/ses-02/func/sub-047_ses-02_task-movie_run-07_bold.nii.gz	sub-047/ses-02/func/sub-047_ses-02_task-movie_run-07_events.tsv	WRITTEN	Movie2B.mp4	left	Movie4	4	HIGH	ProtocolName_MovieN_to_matlab_run_id+selected_run_id_mat_present	Movie4_AP		0.937	0.0	196.821333
/home/alexrees/scratch/release_dataset	sub-048	ses-01	run-01	sub-048/ses-01/func/sub-048_ses-01_task-movie_run-01_bold.nii.gz	sub-048/ses-01/func/sub-048_ses-01_task-movie_run-01_events.tsv	WRITTEN	Movie1A.mp4	left	Movie1	1	HIGH	ProtocolName_MovieN_to_matlab_run_id+selected_run_id_mat_present	Movie1_AP		0.937	0.0	196.821333
/home/alexrees/scratch/release_dataset	sub-048	ses-01	run-03	sub-048/ses-01/func/sub-048_ses-01_task-movie_run-03_bold.nii.gz	sub-048/ses-01/func/sub-048_ses-01_task-movie_run-03_events.tsv	WRITTEN	Movie2A.mp4	right	Movie2	2	HIGH	ProtocolName_MovieN_to_matlab_run_id+selected_run_id_mat_present	Movie2_AP		0.937	0.0	196.821333
/home/alexrees/scratch/release_dataset	sub-048	ses-01	run-05	sub-048/ses-01/func/sub-048_ses-01_task-movie_run-05_bold.nii.gz	sub-048/ses-01/func/sub-048_ses-01_task-movie_run-05_events.tsv	WRITTEN	Movie1B.mp4	right	Movie3	3	HIGH	ProtocolName_MovieN_to_matlab_run_id+selected_run_id_mat_present	Movie3_AP		0.937	0.0	196.821333
/home/alexrees/scratch/release_dataset	sub-048	ses-01	run-07	sub-048/ses-01/func/sub-048_ses-01_task-movie_run-07_bold.nii.gz	sub-048/ses-01/func/sub-048_ses-01_task-movie_run-07_events.tsv	WRITTEN	Movie2B.mp4	left	Movie4	4	HIGH	ProtocolName_MovieN_to_matlab_run_id+selected_run_id_mat_present	Movie4_AP		0.937	0.0	196.821333
/home/alexrees/scratch/release_dataset	sub-048	ses-02	run-01	sub-048/ses-02/func/sub-048_ses-02_task-movie_run-01_bold.nii.gz	sub-048/ses-02/func/sub-048_ses-02_task-movie_run-01_events.tsv	WRITTEN	Movie1A.mp4	left	Movie1	1	HIGH	ProtocolName_MovieN_to_matlab_run_id+selected_run_id_mat_present	Movie1_AP		0.937	0.0	196.821333
/home/alexrees/scratch/release_dataset	sub-048	ses-02	run-03	sub-048/ses-02/func/sub-048_ses-02_task-movie_run-03_bold.nii.gz	sub-048/ses-02/func/sub-048_ses-02_task-movie_run-03_events.tsv	WRITTEN	Movie2A.mp4	right	Movie2	2	HIGH	ProtocolName_MovieN_to_matlab_run_id+selected_run_id_mat_present	Movie2_AP		0.937	0.0	196.821333
/home/alexrees/scratch/release_dataset	sub-048	ses-02	run-05	sub-048/ses-02/func/sub-048_ses-02_task-movie_run-05_bold.nii.gz	sub-048/ses-02/func/sub-048_ses-02_task-movie_run-05_events.tsv	WRITTEN	Movie1B.mp4	right	Movie3	3	HIGH	ProtocolName_MovieN_to_matlab_run_id+selected_run_id_mat_present	Movie3_AP		0.937	0.0	196.821333
/home/alexrees/scratch/release_dataset	sub-048	ses-02	run-07	sub-048/ses-02/func/sub-048_ses-02_task-movie_run-07_bold.nii.gz	sub-048/ses-02/func/sub-048_ses-02_task-movie_run-07_events.tsv	WRITTEN	Movie2B.mp4	left	Movie4	4	HIGH	ProtocolName_MovieN_to_matlab_run_id+selected_run_id_mat_present	Movie4_AP		0.937	0.0	196.821333
/home/alexrees/scratch/release_dataset	sub-049	ses-01	run-01	sub-049/ses-01/func/sub-049_ses-01_task-movie_run-01_bold.nii.gz	sub-049/ses-01/func/sub-049_ses-01_task-movie_run-01_events.tsv	WRITTEN	Movie1A.mp4	left	Movie1	1	HIGH	ProtocolName_MovieN_to_matlab_run_id+selected_run_id_mat_present	Movie1_AP		0.937	0.0	196.821333
/home/alexrees/scratch/release_dataset	sub-049	ses-01	run-03	sub-049/ses-01/func/sub-049_ses-01_task-movie_run-03_bold.nii.gz	sub-049/ses-01/func/sub-049_ses-01_task-movie_run-03_events.tsv	WRITTEN	Movie2A.mp4	right	Movie2	2	HIGH	ProtocolName_MovieN_to_matlab_run_id+selected_run_id_mat_present	Movie2_AP		0.937	0.0	196.821333
/home/alexrees/scratch/release_dataset	sub-049	ses-01	run-05	sub-049/ses-01/func/sub-049_ses-01_task-movie_run-05_bold.nii.gz	sub-049/ses-01/func/sub-049_ses-01_task-movie_run-05_events.tsv	WRITTEN	Movie1B.mp4	right	Movie3	3	HIGH	ProtocolName_MovieN_to_matlab_run_id+selected_run_id_mat_present	Movie3_AP		0.937	0.0	196.821333
/home/alexrees/scratch/release_dataset	sub-049	ses-01	run-07	sub-049/ses-01/func/sub-049_ses-01_task-movie_run-07_bold.nii.gz	sub-049/ses-01/func/sub-049_ses-01_task-movie_run-07_events.tsv	WRITTEN	Movie2B.mp4	left	Movie4	4	HIGH	ProtocolName_MovieN_to_matlab_run_id+selected_run_id_mat_present	Movie4_AP		0.937	0.0	196.821333
/home/alexrees/scratch/release_dataset	sub-049	ses-02	run-01	sub-049/ses-02/func/sub-049_ses-02_task-movie_run-01_bold.nii.gz	sub-049/ses-02/func/sub-049_ses-02_task-movie_run-01_events.tsv	WRITTEN	Movie1A.mp4	left	Movie1	1	HIGH	ProtocolName_MovieN_to_matlab_run_id+selected_run_id_mat_present	Movie1_AP		0.937	0.0	196.821333
/home/alexrees/scratch/release_dataset	sub-049	ses-02	run-03	sub-049/ses-02/func/sub-049_ses-02_task-movie_run-03_bold.nii.gz	sub-049/ses-02/func/sub-049_ses-02_task-movie_run-03_events.tsv	WRITTEN	Movie2A.mp4	right	Movie2	2	HIGH	ProtocolName_MovieN_to_matlab_run_id+selected_run_id_mat_present	Movie2_AP		0.937	0.0	196.821333
/home/alexrees/scratch/release_dataset	sub-049	ses-02	run-05	sub-049/ses-02/func/sub-049_ses-02_task-movie_run-05_bold.nii.gz	sub-049/ses-02/func/sub-049_ses-02_task-movie_run-05_events.tsv	WRITTEN	Movie1B.mp4	right	Movie3	3	HIGH	ProtocolName_MovieN_to_matlab_run_id+selected_run_id_mat_present	Movie3_AP		0.937	0.0	196.821333
/home/alexrees/scratch/release_dataset	sub-050	ses-01	run-01	sub-050/ses-01/func/sub-050_ses-01_task-movie_run-01_bold.nii.gz	sub-050/ses-01/func/sub-050_ses-01_task-movie_run-01_events.tsv	WRITTEN	Movie1A.mp4	left	Movie1	1	HIGH	ProtocolName_MovieN_to_matlab_run_id+selected_run_id_mat_present	Movie1_AP		0.937	0.0	196.821333
/home/alexrees/scratch/release_dataset	sub-050	ses-01	run-03	sub-050/ses-01/func/sub-050_ses-01_task-movie_run-03_bold.nii.gz	sub-050/ses-01/func/sub-050_ses-01_task-movie_run-03_events.tsv	WRITTEN	Movie2A.mp4	right	Movie2	2	HIGH	ProtocolName_MovieN_to_matlab_run_id+selected_run_id_mat_present	Movie2_AP		0.937	0.0	196.821333
/home/alexrees/scratch/release_dataset	sub-050	ses-01	run-05	sub-050/ses-01/func/sub-050_ses-01_task-movie_run-05_bold.nii.gz	sub-050/ses-01/func/sub-050_ses-01_task-movie_run-05_events.tsv	WRITTEN	Movie1B.mp4	right	Movie3	3	HIGH	ProtocolName_MovieN_to_matlab_run_id+selected_run_id_mat_present	Movie3_AP		0.937	0.0	196.821333
/home/alexrees/scratch/release_dataset	sub-050	ses-01	run-07	sub-050/ses-01/func/sub-050_ses-01_task-movie_run-07_bold.nii.gz	sub-050/ses-01/func/sub-050_ses-01_task-movie_run-07_events.tsv	WRITTEN	Movie2B.mp4	left	Movie4	4	HIGH	ProtocolName_MovieN_to_matlab_run_id+selected_run_id_mat_present	Movie4_AP		0.937	0.0	196.821333
/home/alexrees/scratch/release_dataset	sub-051	ses-01	run-01	sub-051/ses-01/func/sub-051_ses-01_task-movie_run-01_bold.nii.gz	sub-051/ses-01/func/sub-051_ses-01_task-movie_run-01_events.tsv	WRITTEN	Movie1A.mp4	left	Movie1	1	HIGH	ProtocolName_MovieN_to_matlab_run_id	Movie1_AP		0.937	0.0	196.821333
/home/alexrees/scratch/release_dataset	sub-051	ses-01	run-03	sub-051/ses-01/func/sub-051_ses-01_task-movie_run-03_bold.nii.gz	sub-051/ses-01/func/sub-051_ses-01_task-movie_run-03_events.tsv	WRITTEN	Movie2A.mp4	right	Movie2	2	HIGH	ProtocolName_MovieN_to_matlab_run_id	Movie2_AP		0.937	0.0	196.821333
/home/alexrees/scratch/release_dataset	sub-051	ses-01	run-05	sub-051/ses-01/func/sub-051_ses-01_task-movie_run-05_bold.nii.gz	sub-051/ses-01/func/sub-051_ses-01_task-movie_run-05_events.tsv	WRITTEN	Movie1B.mp4	right	Movie3	3	HIGH	ProtocolName_MovieN_to_matlab_run_id	Movie3_AP		0.937	0.0	196.821333
/home/alexrees/scratch/release_dataset	sub-051	ses-01	run-07	sub-051/ses-01/func/sub-051_ses-01_task-movie_run-07_bold.nii.gz	sub-051/ses-01/func/sub-051_ses-01_task-movie_run-07_events.tsv	WRITTEN	Movie2B.mp4	left	Movie4	4	HIGH	ProtocolName_MovieN_to_matlab_run_id	Movie4_AP		0.937	0.0	196.821333
/home/alexrees/scratch/release_dataset	sub-052	ses-01	run-01	sub-052/ses-01/func/sub-052_ses-01_task-movie_run-01_bold.nii.gz	sub-052/ses-01/func/sub-052_ses-01_task-movie_run-01_events.tsv	WRITTEN	Movie1A.mp4	left	Movie1	1	HIGH	ProtocolName_MovieN_to_matlab_run_id+selected_run_id_mat_present	Movie1_AP		0.937	0.0	196.821333
/home/alexrees/scratch/release_dataset	sub-052	ses-01	run-03	sub-052/ses-01/func/sub-052_ses-01_task-movie_run-03_bold.nii.gz	sub-052/ses-01/func/sub-052_ses-01_task-movie_run-03_events.tsv	WRITTEN	Movie2A.mp4	right	Movie2	2	HIGH	ProtocolName_MovieN_to_matlab_run_id+selected_run_id_mat_present	Movie2_AP		0.937	0.0	196.821333
/home/alexrees/scratch/release_dataset	sub-052	ses-01	run-05	sub-052/ses-01/func/sub-052_ses-01_task-movie_run-05_bold.nii.gz	sub-052/ses-01/func/sub-052_ses-01_task-movie_run-05_events.tsv	WRITTEN	Movie1B.mp4	right	Movie3	3	HIGH	ProtocolName_MovieN_to_matlab_run_id+selected_run_id_mat_present	Movie3_AP		0.937	0.0	196.821333
/home/alexrees/scratch/release_dataset	sub-052	ses-01	run-07	sub-052/ses-01/func/sub-052_ses-01_task-movie_run-07_bold.nii.gz	sub-052/ses-01/func/sub-052_ses-01_task-movie_run-07_events.tsv	WRITTEN	Movie2B.mp4	left	Movie4	4	HIGH	ProtocolName_MovieN_to_matlab_run_id+selected_run_id_mat_present	Movie4_AP		0.937	0.0	196.821333
/home/alexrees/scratch/release_dataset	sub-052	ses-02	run-01	sub-052/ses-02/func/sub-052_ses-02_task-movie_run-01_bold.nii.gz	sub-052/ses-02/func/sub-052_ses-02_task-movie_run-01_events.tsv	WRITTEN	Movie1A.mp4	left	Movie1	1	HIGH	ProtocolName_MovieN_to_matlab_run_id+selected_run_id_mat_present	Movie1_AP		0.937	0.0	196.821333
/home/alexrees/scratch/release_dataset	sub-052	ses-02	run-03	sub-052/ses-02/func/sub-052_ses-02_task-movie_run-03_bold.nii.gz	sub-052/ses-02/func/sub-052_ses-02_task-movie_run-03_events.tsv	WRITTEN	Movie2A.mp4	right	Movie2	2	HIGH	ProtocolName_MovieN_to_matlab_run_id+selected_run_id_mat_present	Movie2_AP		0.937	0.0	196.821333
/home/alexrees/scratch/release_dataset	sub-052	ses-02	run-05	sub-052/ses-02/func/sub-052_ses-02_task-movie_run-05_bold.nii.gz	sub-052/ses-02/func/sub-052_ses-02_task-movie_run-05_events.tsv	WRITTEN	Movie1B.mp4	right	Movie3	3	HIGH	ProtocolName_MovieN_to_matlab_run_id+selected_run_id_mat_present	Movie3_AP		0.937	0.0	196.821333
/home/alexrees/scratch/release_dataset	sub-052	ses-02	run-07	sub-052/ses-02/func/sub-052_ses-02_task-movie_run-07_bold.nii.gz	sub-052/ses-02/func/sub-052_ses-02_task-movie_run-07_events.tsv	WRITTEN	Movie2B.mp4	left	Movie4	4	HIGH	ProtocolName_MovieN_to_matlab_run_id+selected_run_id_mat_present	Movie4_AP		0.937	0.0	196.821333
/home/alexrees/scratch/release_dataset	sub-053	ses-01	run-01	sub-053/ses-01/func/sub-053_ses-01_task-movie_run-01_bold.nii.gz	sub-053/ses-01/func/sub-053_ses-01_task-movie_run-01_events.tsv	WRITTEN	Movie1A.mp4	left	Movie1	1	HIGH	ProtocolName_MovieN_to_matlab_run_id+selected_run_id_mat_present	Movie1_AP		0.937	0.0	196.821333
/home/alexrees/scratch/release_dataset	sub-053	ses-01	run-03	sub-053/ses-01/func/sub-053_ses-01_task-movie_run-03_bold.nii.gz	sub-053/ses-01/func/sub-053_ses-01_task-movie_run-03_events.tsv	WRITTEN	Movie2A.mp4	right	Movie2	2	HIGH	ProtocolName_MovieN_to_matlab_run_id+selected_run_id_mat_present	Movie2_AP		0.937	0.0	196.821333
/home/alexrees/scratch/release_dataset	sub-053	ses-01	run-05	sub-053/ses-01/func/sub-053_ses-01_task-movie_run-05_bold.nii.gz	sub-053/ses-01/func/sub-053_ses-01_task-movie_run-05_events.tsv	WRITTEN	Movie1B.mp4	right	Movie3	3	HIGH	ProtocolName_MovieN_to_matlab_run_id+selected_run_id_mat_present	Movie3_AP		0.937	0.0	196.821333
/home/alexrees/scratch/release_dataset	sub-053	ses-01	run-07	sub-053/ses-01/func/sub-053_ses-01_task-movie_run-07_bold.nii.gz	sub-053/ses-01/func/sub-053_ses-01_task-movie_run-07_events.tsv	WRITTEN	Movie2B.mp4	left	Movie4	4	HIGH	ProtocolName_MovieN_to_matlab_run_id+selected_run_id_mat_present	Movie4_AP		0.937	0.0	196.821333
/home/alexrees/scratch/release_dataset	sub-054	ses-01	run-01	sub-054/ses-01/func/sub-054_ses-01_task-movie_run-01_bold.nii.gz	sub-054/ses-01/func/sub-054_ses-01_task-movie_run-01_events.tsv	WRITTEN	Movie1A.mp4	left	Movie1	1	HIGH	ProtocolName_MovieN_to_matlab_run_id+selected_run_id_mat_present	Movie1_AP		0.937	0.0	196.821333
/home/alexrees/scratch/release_dataset	sub-054	ses-01	run-03	sub-054/ses-01/func/sub-054_ses-01_task-movie_run-03_bold.nii.gz	sub-054/ses-01/func/sub-054_ses-01_task-movie_run-03_events.tsv	WRITTEN	Movie2A.mp4	right	Movie2	2	HIGH	ProtocolName_MovieN_to_matlab_run_id+selected_run_id_mat_present	Movie2_AP		0.937	0.0	196.821333
/home/alexrees/scratch/release_dataset	sub-054	ses-01	run-05	sub-054/ses-01/func/sub-054_ses-01_task-movie_run-05_bold.nii.gz	sub-054/ses-01/func/sub-054_ses-01_task-movie_run-05_events.tsv	WRITTEN	Movie1B.mp4	right	Movie3	3	HIGH	ProtocolName_MovieN_to_matlab_run_id+selected_run_id_mat_present	Movie3_AP		0.937	0.0	196.821333
/home/alexrees/scratch/release_dataset	sub-054	ses-01	run-07	sub-054/ses-01/func/sub-054_ses-01_task-movie_run-07_bold.nii.gz	sub-054/ses-01/func/sub-054_ses-01_task-movie_run-07_events.tsv	WRITTEN	Movie2B.mp4	left	Movie4	4	HIGH	ProtocolName_MovieN_to_matlab_run_id+selected_run_id_mat_present	Movie4_AP		0.937	0.0	196.821333
/home/alexrees/scratch/release_dataset	sub-054	ses-02	run-01	sub-054/ses-02/func/sub-054_ses-02_task-movie_run-01_bold.nii.gz	sub-054/ses-02/func/sub-054_ses-02_task-movie_run-01_events.tsv	WRITTEN	Movie1A.mp4	left	Movie1	1	HIGH	ProtocolName_MovieN_to_matlab_run_id+selected_run_id_mat_present	Movie1_AP		0.937	0.0	196.821333
/home/alexrees/scratch/release_dataset	sub-054	ses-02	run-03	sub-054/ses-02/func/sub-054_ses-02_task-movie_run-03_bold.nii.gz	sub-054/ses-02/func/sub-054_ses-02_task-movie_run-03_events.tsv	WRITTEN	Movie2A.mp4	right	Movie2	2	HIGH	ProtocolName_MovieN_to_matlab_run_id+selected_run_id_mat_present	Movie2_AP		0.937	0.0	196.821333
/home/alexrees/scratch/release_dataset	sub-054	ses-02	run-05	sub-054/ses-02/func/sub-054_ses-02_task-movie_run-05_bold.nii.gz	sub-054/ses-02/func/sub-054_ses-02_task-movie_run-05_events.tsv	WRITTEN	Movie1B.mp4	right	Movie3	3	HIGH	ProtocolName_MovieN_to_matlab_run_id+selected_run_id_mat_present	Movie3_AP		0.937	0.0	196.821333
/home/alexrees/scratch/release_dataset	sub-054	ses-02	run-07	sub-054/ses-02/func/sub-054_ses-02_task-movie_run-07_bold.nii.gz	sub-054/ses-02/func/sub-054_ses-02_task-movie_run-07_events.tsv	WRITTEN	Movie2B.mp4	left	Movie4	4	HIGH	ProtocolName_MovieN_to_matlab_run_id+selected_run_id_mat_present	Movie4_AP		0.937	0.0	196.821333
/home/alexrees/scratch/release_dataset	sub-055	ses-01	run-01	sub-055/ses-01/func/sub-055_ses-01_task-movie_run-01_bold.nii.gz	sub-055/ses-01/func/sub-055_ses-01_task-movie_run-01_events.tsv	WRITTEN	Movie1A.mp4	left	Movie1	1	HIGH	ProtocolName_MovieN_to_matlab_run_id+selected_run_id_mat_present	Movie1_AP		0.937	0.0	196.821333
/home/alexrees/scratch/release_dataset	sub-055	ses-01	run-03	sub-055/ses-01/func/sub-055_ses-01_task-movie_run-03_bold.nii.gz	sub-055/ses-01/func/sub-055_ses-01_task-movie_run-03_events.tsv	WRITTEN	Movie2A.mp4	right	Movie2	2	HIGH	ProtocolName_MovieN_to_matlab_run_id+selected_run_id_mat_present	Movie2_AP		0.937	0.0	196.821333
/home/alexrees/scratch/release_dataset	sub-055	ses-01	run-05	sub-055/ses-01/func/sub-055_ses-01_task-movie_run-05_bold.nii.gz	sub-055/ses-01/func/sub-055_ses-01_task-movie_run-05_events.tsv	WRITTEN	Movie1B.mp4	right	Movie3	3	HIGH	ProtocolName_MovieN_to_matlab_run_id+selected_run_id_mat_present	Movie3_AP		0.937	0.0	196.821333
/home/alexrees/scratch/release_dataset	sub-056	ses-01	run-01	sub-056/ses-01/func/sub-056_ses-01_task-movie_run-01_bold.nii.gz	sub-056/ses-01/func/sub-056_ses-01_task-movie_run-01_events.tsv	WRITTEN	Movie1A.mp4	left	Movie1	1	HIGH	ProtocolName_MovieN_to_matlab_run_id+selected_run_id_mat_present	Movie1_AP		0.937	0.0	196.821333
/home/alexrees/scratch/release_dataset	sub-056	ses-01	run-03	sub-056/ses-01/func/sub-056_ses-01_task-movie_run-03_bold.nii.gz	sub-056/ses-01/func/sub-056_ses-01_task-movie_run-03_events.tsv	WRITTEN	Movie2A.mp4	right	Movie2	2	HIGH	ProtocolName_MovieN_to_matlab_run_id+selected_run_id_mat_present	Movie2_AP		0.937	0.0	196.821333
/home/alexrees/scratch/release_dataset	sub-056	ses-01	run-05	sub-056/ses-01/func/sub-056_ses-01_task-movie_run-05_bold.nii.gz	sub-056/ses-01/func/sub-056_ses-01_task-movie_run-05_events.tsv	WRITTEN	Movie1B.mp4	right	Movie3	3	HIGH	ProtocolName_MovieN_to_matlab_run_id+selected_run_id_mat_present	Movie3_AP		0.937	0.0	196.821333
/home/alexrees/scratch/release_dataset	sub-056	ses-01	run-07	sub-056/ses-01/func/sub-056_ses-01_task-movie_run-07_bold.nii.gz	sub-056/ses-01/func/sub-056_ses-01_task-movie_run-07_events.tsv	WRITTEN	Movie2B.mp4	left	Movie4	4	HIGH	ProtocolName_MovieN_to_matlab_run_id+selected_run_id_mat_present	Movie4_AP		0.937	0.0	196.821333
/home/alexrees/scratch/release_dataset	sub-057	ses-01	run-01	sub-057/ses-01/func/sub-057_ses-01_task-movie_run-01_bold.nii.gz	sub-057/ses-01/func/sub-057_ses-01_task-movie_run-01_events.tsv	WRITTEN	Movie1A.mp4	left	Movie1	1	HIGH	ProtocolName_MovieN_to_matlab_run_id+selected_run_id_mat_present	Movie1_AP		0.937	0.0	196.821333
/home/alexrees/scratch/release_dataset	sub-057	ses-01	run-03	sub-057/ses-01/func/sub-057_ses-01_task-movie_run-03_bold.nii.gz	sub-057/ses-01/func/sub-057_ses-01_task-movie_run-03_events.tsv	WRITTEN	Movie2A.mp4	right	Movie2	2	HIGH	ProtocolName_MovieN_to_matlab_run_id+selected_run_id_mat_present	Movie2_AP		0.937	0.0	196.821333
/home/alexrees/scratch/release_dataset	sub-057	ses-01	run-05	sub-057/ses-01/func/sub-057_ses-01_task-movie_run-05_bold.nii.gz	sub-057/ses-01/func/sub-057_ses-01_task-movie_run-05_events.tsv	WRITTEN	Movie1B.mp4	right	Movie3	3	HIGH	ProtocolName_MovieN_to_matlab_run_id+selected_run_id_mat_present	Movie3_AP		0.937	0.0	196.821333
/home/alexrees/scratch/release_dataset	sub-057	ses-01	run-07	sub-057/ses-01/func/sub-057_ses-01_task-movie_run-07_bold.nii.gz	sub-057/ses-01/func/sub-057_ses-01_task-movie_run-07_events.tsv	WRITTEN	Movie2B.mp4	left	Movie4	4	HIGH	ProtocolName_MovieN_to_matlab_run_id+selected_run_id_mat_present	Movie4_AP		0.937	0.0	196.821333
/home/alexrees/scratch/release_dataset	sub-057	ses-02	run-01	sub-057/ses-02/func/sub-057_ses-02_task-movie_run-01_bold.nii.gz	sub-057/ses-02/func/sub-057_ses-02_task-movie_run-01_events.tsv	WRITTEN	Movie1A.mp4	left	Movie1	1	HIGH	ProtocolName_MovieN_to_matlab_run_id+selected_run_id_mat_present	Movie1_AP		0.937	0.0	196.821333
/home/alexrees/scratch/release_dataset	sub-057	ses-02	run-03	sub-057/ses-02/func/sub-057_ses-02_task-movie_run-03_bold.nii.gz	sub-057/ses-02/func/sub-057_ses-02_task-movie_run-03_events.tsv	WRITTEN	Movie2A.mp4	right	Movie2	2	HIGH	ProtocolName_MovieN_to_matlab_run_id+selected_run_id_mat_present	Movie2_AP		0.937	0.0	196.821333
/home/alexrees/scratch/release_dataset	sub-057	ses-02	run-05	sub-057/ses-02/func/sub-057_ses-02_task-movie_run-05_bold.nii.gz	sub-057/ses-02/func/sub-057_ses-02_task-movie_run-05_events.tsv	WRITTEN	Movie1B.mp4	right	Movie3	3	HIGH	ProtocolName_MovieN_to_matlab_run_id+selected_run_id_mat_present	Movie3_AP		0.937	0.0	196.821333
/home/alexrees/scratch/release_dataset	sub-057	ses-02	run-07	sub-057/ses-02/func/sub-057_ses-02_task-movie_run-07_bold.nii.gz	sub-057/ses-02/func/sub-057_ses-02_task-movie_run-07_events.tsv	WRITTEN	Movie2B.mp4	left	Movie4	4	HIGH	ProtocolName_MovieN_to_matlab_run_id+selected_run_id_mat_present	Movie4_AP		0.937	0.0	196.821333
/home/alexrees/scratch/release_dataset	sub-058	ses-01	run-01	sub-058/ses-01/func/sub-058_ses-01_task-movie_run-01_bold.nii.gz	sub-058/ses-01/func/sub-058_ses-01_task-movie_run-01_events.tsv	WRITTEN	Movie1A.mp4	left	Movie1	1	HIGH	ProtocolName_MovieN_to_matlab_run_id+selected_run_id_mat_present	Movie1_AP		0.937	0.0	196.821333
/home/alexrees/scratch/release_dataset	sub-058	ses-01	run-03	sub-058/ses-01/func/sub-058_ses-01_task-movie_run-03_bold.nii.gz	sub-058/ses-01/func/sub-058_ses-01_task-movie_run-03_events.tsv	WRITTEN	Movie2A.mp4	right	Movie2	2	HIGH	ProtocolName_MovieN_to_matlab_run_id+selected_run_id_mat_present	Movie2_AP		0.937	0.0	196.821333
/home/alexrees/scratch/release_dataset	sub-058	ses-01	run-05	sub-058/ses-01/func/sub-058_ses-01_task-movie_run-05_bold.nii.gz	sub-058/ses-01/func/sub-058_ses-01_task-movie_run-05_events.tsv	WRITTEN	Movie1B.mp4	right	Movie3	3	HIGH	ProtocolName_MovieN_to_matlab_run_id+selected_run_id_mat_present	Movie3_AP		0.937	0.0	196.821333
/home/alexrees/scratch/release_dataset	sub-058	ses-01	run-07	sub-058/ses-01/func/sub-058_ses-01_task-movie_run-07_bold.nii.gz	sub-058/ses-01/func/sub-058_ses-01_task-movie_run-07_events.tsv	WRITTEN	Movie2B.mp4	left	Movie4	4	HIGH	ProtocolName_MovieN_to_matlab_run_id+selected_run_id_mat_present	Movie4_AP		0.937	0.0	196.821333
/home/alexrees/scratch/release_dataset	sub-059	ses-01	run-01	sub-059/ses-01/func/sub-059_ses-01_task-movie_run-01_bold.nii.gz	sub-059/ses-01/func/sub-059_ses-01_task-movie_run-01_events.tsv	WRITTEN	Movie1A.mp4	left	Movie1	1	HIGH	ProtocolName_MovieN_to_matlab_run_id+selected_run_id_mat_present	Movie1_AP		0.937	0.0	196.821333
/home/alexrees/scratch/release_dataset	sub-059	ses-01	run-03	sub-059/ses-01/func/sub-059_ses-01_task-movie_run-03_bold.nii.gz	sub-059/ses-01/func/sub-059_ses-01_task-movie_run-03_events.tsv	WRITTEN	Movie2A.mp4	right	Movie2	2	HIGH	ProtocolName_MovieN_to_matlab_run_id+selected_run_id_mat_present	Movie2_AP		0.937	0.0	196.821333
/home/alexrees/scratch/release_dataset	sub-059	ses-01	run-05	sub-059/ses-01/func/sub-059_ses-01_task-movie_run-05_bold.nii.gz	sub-059/ses-01/func/sub-059_ses-01_task-movie_run-05_events.tsv	WRITTEN	Movie1B.mp4	right	Movie3	3	HIGH	ProtocolName_MovieN_to_matlab_run_id+selected_run_id_mat_present	Movie3_AP		0.937	0.0	196.821333
/home/alexrees/scratch/release_dataset	sub-059	ses-01	run-07	sub-059/ses-01/func/sub-059_ses-01_task-movie_run-07_bold.nii.gz	sub-059/ses-01/func/sub-059_ses-01_task-movie_run-07_events.tsv	WRITTEN	Movie2B.mp4	left	Movie4	4	HIGH	ProtocolName_MovieN_to_matlab_run_id+selected_run_id_mat_present	Movie4_AP		0.937	0.0	196.821333
/home/alexrees/scratch/release_dataset	sub-060	ses-01	run-01	sub-060/ses-01/func/sub-060_ses-01_task-movie_run-01_bold.nii.gz	sub-060/ses-01/func/sub-060_ses-01_task-movie_run-01_events.tsv	WRITTEN	Movie1A.mp4	left	Movie1	1	MEDIUM	ProtocolName_MovieN_fallback_unassigned_or_ambiguous	Movie1_AP		0.937	0.0	196.821333
/home/alexrees/scratch/release_dataset	sub-060	ses-01	run-03	sub-060/ses-01/func/sub-060_ses-01_task-movie_run-03_bold.nii.gz	sub-060/ses-01/func/sub-060_ses-01_task-movie_run-03_events.tsv	WRITTEN	Movie1A.mp4	left	Movie1	1	MEDIUM	ProtocolName_MovieN_fallback_unassigned_or_ambiguous	Movie1_AP		0.937	0.0	196.821333
/home/alexrees/scratch/release_dataset	sub-060	ses-01	run-05	sub-060/ses-01/func/sub-060_ses-01_task-movie_run-05_bold.nii.gz	sub-060/ses-01/func/sub-060_ses-01_task-movie_run-05_events.tsv	WRITTEN	Movie2A.mp4	right	Movie2	2	HIGH	ProtocolName_MovieN_to_matlab_run_id+selected_run_id_mat_present	Movie2_AP		0.937	0.0	196.821333
/home/alexrees/scratch/release_dataset	sub-060	ses-01	run-07	sub-060/ses-01/func/sub-060_ses-01_task-movie_run-07_bold.nii.gz	sub-060/ses-01/func/sub-060_ses-01_task-movie_run-07_events.tsv	WRITTEN	Movie1B.mp4	right	Movie3	3	HIGH	ProtocolName_MovieN_to_matlab_run_id+selected_run_id_mat_present	Movie3_AP		0.937	0.0	196.821333
/home/alexrees/scratch/release_dataset	sub-060	ses-01	run-09	sub-060/ses-01/func/sub-060_ses-01_task-movie_run-09_bold.nii.gz	sub-060/ses-01/func/sub-060_ses-01_task-movie_run-09_events.tsv	WRITTEN	Movie2B.mp4	left	Movie4	4	HIGH	ProtocolName_MovieN_to_matlab_run_id+selected_run_id_mat_present	Movie4_AP		0.937	0.0	196.821333
/home/alexrees/scratch/release_dataset	sub-061	ses-01	run-01	sub-061/ses-01/func/sub-061_ses-01_task-movie_run-01_bold.nii.gz	sub-061/ses-01/func/sub-061_ses-01_task-movie_run-01_events.tsv	WRITTEN	Movie1A.mp4	left	Movie1	1	HIGH	ProtocolName_MovieN_to_matlab_run_id+selected_run_id_mat_present	Movie1_AP		0.937	0.0	196.821333
/home/alexrees/scratch/release_dataset	sub-061	ses-01	run-03	sub-061/ses-01/func/sub-061_ses-01_task-movie_run-03_bold.nii.gz	sub-061/ses-01/func/sub-061_ses-01_task-movie_run-03_events.tsv	WRITTEN	Movie2A.mp4	right	Movie2	2	HIGH	ProtocolName_MovieN_to_matlab_run_id+selected_run_id_mat_present	Movie2_AP		0.937	0.0	196.821333
/home/alexrees/scratch/release_dataset	sub-061	ses-01	run-05	sub-061/ses-01/func/sub-061_ses-01_task-movie_run-05_bold.nii.gz	sub-061/ses-01/func/sub-061_ses-01_task-movie_run-05_events.tsv	WRITTEN	Movie1B.mp4	right	Movie3	3	HIGH	ProtocolName_MovieN_to_matlab_run_id+selected_run_id_mat_present	Movie3_AP		0.937	0.0	196.821333
/home/alexrees/scratch/release_dataset	sub-061	ses-01	run-07	sub-061/ses-01/func/sub-061_ses-01_task-movie_run-07_bold.nii.gz	sub-061/ses-01/func/sub-061_ses-01_task-movie_run-07_events.tsv	WRITTEN	Movie2B.mp4	left	Movie4	4	HIGH	ProtocolName_MovieN_to_matlab_run_id+selected_run_id_mat_present	Movie4_AP		0.937	0.0	196.821333
/home/alexrees/scratch/release_dataset	sub-062	ses-01	run-01	sub-062/ses-01/func/sub-062_ses-01_task-movie_run-01_bold.nii.gz	sub-062/ses-01/func/sub-062_ses-01_task-movie_run-01_events.tsv	WRITTEN	Movie1A.mp4	left	Movie1	1	HIGH	ProtocolName_MovieN_to_matlab_run_id+selected_run_id_mat_present	Movie1_AP		0.937	0.0	196.821333
/home/alexrees/scratch/release_dataset	sub-062	ses-01	run-03	sub-062/ses-01/func/sub-062_ses-01_task-movie_run-03_bold.nii.gz	sub-062/ses-01/func/sub-062_ses-01_task-movie_run-03_events.tsv	WRITTEN	Movie2A.mp4	right	Movie2	2	HIGH	ProtocolName_MovieN_to_matlab_run_id+selected_run_id_mat_present	Movie2_AP		0.937	0.0	196.821333
/home/alexrees/scratch/release_dataset	sub-062	ses-01	run-05	sub-062/ses-01/func/sub-062_ses-01_task-movie_run-05_bold.nii.gz	sub-062/ses-01/func/sub-062_ses-01_task-movie_run-05_events.tsv	WRITTEN	Movie1B.mp4	right	Movie3	3	HIGH	ProtocolName_MovieN_to_matlab_run_id+selected_run_id_mat_present	Movie3_AP		0.937	0.0	196.821333
/home/alexrees/scratch/release_dataset	sub-062	ses-01	run-07	sub-062/ses-01/func/sub-062_ses-01_task-movie_run-07_bold.nii.gz	sub-062/ses-01/func/sub-062_ses-01_task-movie_run-07_events.tsv	WRITTEN	Movie2B.mp4	left	Movie4	4	HIGH	ProtocolName_MovieN_to_matlab_run_id+selected_run_id_mat_present	Movie4_AP		0.937	0.0	196.821333
/home/alexrees/scratch/release_dataset	sub-064	ses-01	run-01	sub-064/ses-01/func/sub-064_ses-01_task-movie_run-01_bold.nii.gz	sub-064/ses-01/func/sub-064_ses-01_task-movie_run-01_events.tsv	WRITTEN	Movie1A.mp4	left	Movie1	1	HIGH	ProtocolName_MovieN_to_matlab_run_id+selected_run_id_mat_present	Movie1_AP		0.937	0.0	196.821333
/home/alexrees/scratch/release_dataset	sub-064	ses-01	run-03	sub-064/ses-01/func/sub-064_ses-01_task-movie_run-03_bold.nii.gz	sub-064/ses-01/func/sub-064_ses-01_task-movie_run-03_events.tsv	WRITTEN	Movie2A.mp4	right	Movie2	2	HIGH	ProtocolName_MovieN_to_matlab_run_id+selected_run_id_mat_present	Movie2_AP		0.937	0.0	196.821333
/home/alexrees/scratch/release_dataset	sub-064	ses-01	run-05	sub-064/ses-01/func/sub-064_ses-01_task-movie_run-05_bold.nii.gz	sub-064/ses-01/func/sub-064_ses-01_task-movie_run-05_events.tsv	WRITTEN	Movie1B.mp4	right	Movie3	3	HIGH	ProtocolName_MovieN_to_matlab_run_id+selected_run_id_mat_present	Movie3_AP		0.937	0.0	196.821333
/home/alexrees/scratch/release_dataset	sub-064	ses-01	run-07	sub-064/ses-01/func/sub-064_ses-01_task-movie_run-07_bold.nii.gz	sub-064/ses-01/func/sub-064_ses-01_task-movie_run-07_events.tsv	WRITTEN	Movie2B.mp4	left	Movie4	4	HIGH	ProtocolName_MovieN_to_matlab_run_id+selected_run_id_mat_present	Movie4_AP		0.937	0.0	196.821333
/home/alexrees/scratch/release_dataset	sub-064	ses-02	run-01	sub-064/ses-02/func/sub-064_ses-02_task-movie_run-01_bold.nii.gz	sub-064/ses-02/func/sub-064_ses-02_task-movie_run-01_events.tsv	WRITTEN	Movie1A.mp4	left	Movie1	1	HIGH	ProtocolName_MovieN_to_matlab_run_id+selected_run_id_mat_present	Movie1_AP		0.937	0.0	196.821333
/home/alexrees/scratch/release_dataset	sub-064	ses-02	run-03	sub-064/ses-02/func/sub-064_ses-02_task-movie_run-03_bold.nii.gz	sub-064/ses-02/func/sub-064_ses-02_task-movie_run-03_events.tsv	WRITTEN	Movie2A.mp4	right	Movie2	2	HIGH	ProtocolName_MovieN_to_matlab_run_id+selected_run_id_mat_present	Movie2_AP		0.937	0.0	196.821333
/home/alexrees/scratch/release_dataset	sub-064	ses-02	run-05	sub-064/ses-02/func/sub-064_ses-02_task-movie_run-05_bold.nii.gz	sub-064/ses-02/func/sub-064_ses-02_task-movie_run-05_events.tsv	WRITTEN	Movie1B.mp4	right	Movie3	3	HIGH	ProtocolName_MovieN_to_matlab_run_id+selected_run_id_mat_present	Movie3_AP		0.937	0.0	196.821333
/home/alexrees/scratch/release_dataset	sub-064	ses-02	run-07	sub-064/ses-02/func/sub-064_ses-02_task-movie_run-07_bold.nii.gz	sub-064/ses-02/func/sub-064_ses-02_task-movie_run-07_events.tsv	WRITTEN	Movie2B.mp4	left	Movie4	4	HIGH	ProtocolName_MovieN_to_matlab_run_id+selected_run_id_mat_present	Movie4_AP		0.937	0.0	196.821333
/home/alexrees/scratch/release_dataset	sub-065	ses-01	run-01	sub-065/ses-01/func/sub-065_ses-01_task-movie_run-01_bold.nii.gz	sub-065/ses-01/func/sub-065_ses-01_task-movie_run-01_events.tsv	WRITTEN	Movie1A.mp4	left	Movie1	1	HIGH	ProtocolName_MovieN_to_matlab_run_id+selected_run_id_mat_present	Movie1_AP		0.937	0.0	196.821333
/home/alexrees/scratch/release_dataset	sub-065	ses-01	run-03	sub-065/ses-01/func/sub-065_ses-01_task-movie_run-03_bold.nii.gz	sub-065/ses-01/func/sub-065_ses-01_task-movie_run-03_events.tsv	WRITTEN	Movie2A.mp4	right	Movie2	2	HIGH	ProtocolName_MovieN_to_matlab_run_id+selected_run_id_mat_present	Movie2_AP		0.937	0.0	196.821333
/home/alexrees/scratch/release_dataset	sub-065	ses-01	run-05	sub-065/ses-01/func/sub-065_ses-01_task-movie_run-05_bold.nii.gz	sub-065/ses-01/func/sub-065_ses-01_task-movie_run-05_events.tsv	WRITTEN	Movie1B.mp4	right	Movie3	3	HIGH	ProtocolName_MovieN_to_matlab_run_id+selected_run_id_mat_present	Movie3_AP		0.937	0.0	196.821333
/home/alexrees/scratch/release_dataset	sub-065	ses-01	run-07	sub-065/ses-01/func/sub-065_ses-01_task-movie_run-07_bold.nii.gz	sub-065/ses-01/func/sub-065_ses-01_task-movie_run-07_events.tsv	WRITTEN	Movie2B.mp4	left	Movie4	4	HIGH	ProtocolName_MovieN_to_matlab_run_id+selected_run_id_mat_present	Movie4_AP		0.937	0.0	196.821333
/home/alexrees/scratch/release_dataset	sub-066	ses-01	run-01	sub-066/ses-01/func/sub-066_ses-01_task-movie_run-01_bold.nii.gz	sub-066/ses-01/func/sub-066_ses-01_task-movie_run-01_events.tsv	WRITTEN	Movie1A.mp4	left	Movie1	1	HIGH	ProtocolName_MovieN_to_matlab_run_id+selected_run_id_mat_present	Movie1_AP		0.937	0.0	196.821333
/home/alexrees/scratch/release_dataset	sub-066	ses-01	run-03	sub-066/ses-01/func/sub-066_ses-01_task-movie_run-03_bold.nii.gz	sub-066/ses-01/func/sub-066_ses-01_task-movie_run-03_events.tsv	WRITTEN	Movie2A.mp4	right	Movie2	2	HIGH	ProtocolName_MovieN_to_matlab_run_id+selected_run_id_mat_present	Movie2_AP		0.937	0.0	196.821333
/home/alexrees/scratch/release_dataset	sub-066	ses-01	run-05	sub-066/ses-01/func/sub-066_ses-01_task-movie_run-05_bold.nii.gz	sub-066/ses-01/func/sub-066_ses-01_task-movie_run-05_events.tsv	WRITTEN	Movie1B.mp4	right	Movie3	3	HIGH	ProtocolName_MovieN_to_matlab_run_id+selected_run_id_mat_present	Movie3_AP		0.937	0.0	196.821333
/home/alexrees/scratch/release_dataset	sub-066	ses-01	run-07	sub-066/ses-01/func/sub-066_ses-01_task-movie_run-07_bold.nii.gz	sub-066/ses-01/func/sub-066_ses-01_task-movie_run-07_events.tsv	WRITTEN	Movie2B.mp4	left	Movie4	4	HIGH	ProtocolName_MovieN_to_matlab_run_id+selected_run_id_mat_present	Movie4_AP		0.937	0.0	196.821333
/home/alexrees/scratch/release_dataset	sub-066	ses-02	run-01	sub-066/ses-02/func/sub-066_ses-02_task-movie_run-01_bold.nii.gz	sub-066/ses-02/func/sub-066_ses-02_task-movie_run-01_events.tsv	WRITTEN	Movie1A.mp4	left	Movie1	1	HIGH	ProtocolName_MovieN_to_matlab_run_id+selected_run_id_mat_present	Movie1_AP		0.937	0.0	196.821333
/home/alexrees/scratch/release_dataset	sub-066	ses-02	run-03	sub-066/ses-02/func/sub-066_ses-02_task-movie_run-03_bold.nii.gz	sub-066/ses-02/func/sub-066_ses-02_task-movie_run-03_events.tsv	WRITTEN	Movie2A.mp4	right	Movie2	2	HIGH	ProtocolName_MovieN_to_matlab_run_id+selected_run_id_mat_present	Movie2_AP		0.937	0.0	196.821333
/home/alexrees/scratch/release_dataset	sub-066	ses-02	run-05	sub-066/ses-02/func/sub-066_ses-02_task-movie_run-05_bold.nii.gz	sub-066/ses-02/func/sub-066_ses-02_task-movie_run-05_events.tsv	WRITTEN	Movie1B.mp4	right	Movie3	3	HIGH	ProtocolName_MovieN_to_matlab_run_id+selected_run_id_mat_present	Movie3_AP		0.937	0.0	196.821333
/home/alexrees/scratch/release_dataset	sub-066	ses-02	run-07	sub-066/ses-02/func/sub-066_ses-02_task-movie_run-07_bold.nii.gz	sub-066/ses-02/func/sub-066_ses-02_task-movie_run-07_events.tsv	WRITTEN	Movie2B.mp4	left	Movie4	4	HIGH	ProtocolName_MovieN_to_matlab_run_id+selected_run_id_mat_present	Movie4_AP		0.937	0.0	196.821333
/home/alexrees/scratch/release_dataset	sub-067	ses-01	run-01	sub-067/ses-01/func/sub-067_ses-01_task-movie_run-01_bold.nii.gz	sub-067/ses-01/func/sub-067_ses-01_task-movie_run-01_events.tsv	WRITTEN	Movie1A.mp4	left	Movie1	1	HIGH	ProtocolName_MovieN_to_matlab_run_id+selected_run_id_mat_present	Movie1_AP		0.937	0.0	196.821333
/home/alexrees/scratch/release_dataset	sub-067	ses-01	run-03	sub-067/ses-01/func/sub-067_ses-01_task-movie_run-03_bold.nii.gz	sub-067/ses-01/func/sub-067_ses-01_task-movie_run-03_events.tsv	WRITTEN	Movie2A.mp4	right	Movie2	2	HIGH	ProtocolName_MovieN_to_matlab_run_id+selected_run_id_mat_present	Movie2_AP		0.937	0.0	196.821333
/home/alexrees/scratch/release_dataset	sub-067	ses-01	run-05	sub-067/ses-01/func/sub-067_ses-01_task-movie_run-05_bold.nii.gz	sub-067/ses-01/func/sub-067_ses-01_task-movie_run-05_events.tsv	WRITTEN	Movie1B.mp4	right	Movie3	3	HIGH	ProtocolName_MovieN_to_matlab_run_id+selected_run_id_mat_present	Movie3_AP		0.937	0.0	196.821333
/home/alexrees/scratch/release_dataset	sub-067	ses-01	run-07	sub-067/ses-01/func/sub-067_ses-01_task-movie_run-07_bold.nii.gz	sub-067/ses-01/func/sub-067_ses-01_task-movie_run-07_events.tsv	WRITTEN	Movie2B.mp4	left	Movie4	4	HIGH	ProtocolName_MovieN_to_matlab_run_id+selected_run_id_mat_present	Movie4_AP		0.937	0.0	196.821333
/home/alexrees/scratch/release_dataset	sub-067	ses-02	run-01	sub-067/ses-02/func/sub-067_ses-02_task-movie_run-01_bold.nii.gz	sub-067/ses-02/func/sub-067_ses-02_task-movie_run-01_events.tsv	WRITTEN	Movie1A.mp4	left	Movie1	1	HIGH	ProtocolName_MovieN_to_matlab_run_id+selected_run_id_mat_present	Movie1_AP		0.937	0.0	196.821333
/home/alexrees/scratch/release_dataset	sub-067	ses-02	run-03	sub-067/ses-02/func/sub-067_ses-02_task-movie_run-03_bold.nii.gz	sub-067/ses-02/func/sub-067_ses-02_task-movie_run-03_events.tsv	WRITTEN	Movie2A.mp4	right	Movie2	2	HIGH	ProtocolName_MovieN_to_matlab_run_id+selected_run_id_mat_present	Movie2_AP		0.937	0.0	196.821333
/home/alexrees/scratch/release_dataset	sub-067	ses-02	run-05	sub-067/ses-02/func/sub-067_ses-02_task-movie_run-05_bold.nii.gz	sub-067/ses-02/func/sub-067_ses-02_task-movie_run-05_events.tsv	WRITTEN	Movie1B.mp4	right	Movie3	3	HIGH	ProtocolName_MovieN_to_matlab_run_id+selected_run_id_mat_present	Movie3_AP		0.937	0.0	196.821333
/home/alexrees/scratch/release_dataset	sub-067	ses-02	run-07	sub-067/ses-02/func/sub-067_ses-02_task-movie_run-07_bold.nii.gz	sub-067/ses-02/func/sub-067_ses-02_task-movie_run-07_events.tsv	WRITTEN	Movie2B.mp4	left	Movie4	4	HIGH	ProtocolName_MovieN_to_matlab_run_id+selected_run_id_mat_present	Movie4_AP		0.937	0.0	196.821333
/home/alexrees/scratch/release_dataset	sub-068	ses-01	run-01	sub-068/ses-01/func/sub-068_ses-01_task-movie_run-01_bold.nii.gz	sub-068/ses-01/func/sub-068_ses-01_task-movie_run-01_events.tsv	WRITTEN	Movie1A.mp4	left	Movie1	1	HIGH	ProtocolName_MovieN_to_matlab_run_id+selected_run_id_mat_present	Movie1_AP		0.937	0.0	196.821333
/home/alexrees/scratch/release_dataset	sub-068	ses-01	run-03	sub-068/ses-01/func/sub-068_ses-01_task-movie_run-03_bold.nii.gz	sub-068/ses-01/func/sub-068_ses-01_task-movie_run-03_events.tsv	WRITTEN	Movie2A.mp4	right	Movie2	2	HIGH	ProtocolName_MovieN_to_matlab_run_id+selected_run_id_mat_present	Movie2_AP		0.937	0.0	196.821333
/home/alexrees/scratch/release_dataset	sub-068	ses-01	run-05	sub-068/ses-01/func/sub-068_ses-01_task-movie_run-05_bold.nii.gz	sub-068/ses-01/func/sub-068_ses-01_task-movie_run-05_events.tsv	WRITTEN	Movie1B.mp4	right	Movie3	3	HIGH	ProtocolName_MovieN_to_matlab_run_id+selected_run_id_mat_present	Movie3_AP		0.937	0.0	196.821333
/home/alexrees/scratch/release_dataset	sub-068	ses-01	run-07	sub-068/ses-01/func/sub-068_ses-01_task-movie_run-07_bold.nii.gz	sub-068/ses-01/func/sub-068_ses-01_task-movie_run-07_events.tsv	WRITTEN	Movie2B.mp4	left	Movie4	4	HIGH	ProtocolName_MovieN_to_matlab_run_id+selected_run_id_mat_present	Movie4_AP		0.937	0.0	196.821333
/home/alexrees/scratch/release_dataset	sub-068	ses-02	run-01	sub-068/ses-02/func/sub-068_ses-02_task-movie_run-01_bold.nii.gz	sub-068/ses-02/func/sub-068_ses-02_task-movie_run-01_events.tsv	WRITTEN	Movie1A.mp4	left	Movie1	1	HIGH	ProtocolName_MovieN_to_matlab_run_id+selected_run_id_mat_present	Movie1_AP		0.937	0.0	196.821333
/home/alexrees/scratch/release_dataset	sub-068	ses-02	run-03	sub-068/ses-02/func/sub-068_ses-02_task-movie_run-03_bold.nii.gz	sub-068/ses-02/func/sub-068_ses-02_task-movie_run-03_events.tsv	WRITTEN	Movie2A.mp4	right	Movie2	2	HIGH	ProtocolName_MovieN_to_matlab_run_id+selected_run_id_mat_present	Movie2_AP		0.937	0.0	196.821333
/home/alexrees/scratch/release_dataset	sub-068	ses-02	run-05	sub-068/ses-02/func/sub-068_ses-02_task-movie_run-05_bold.nii.gz	sub-068/ses-02/func/sub-068_ses-02_task-movie_run-05_events.tsv	WRITTEN	Movie1B.mp4	right	Movie3	3	HIGH	ProtocolName_MovieN_to_matlab_run_id+selected_run_id_mat_present	Movie3_AP		0.937	0.0	196.821333
/home/alexrees/scratch/release_dataset	sub-068	ses-02	run-07	sub-068/ses-02/func/sub-068_ses-02_task-movie_run-07_bold.nii.gz	sub-068/ses-02/func/sub-068_ses-02_task-movie_run-07_events.tsv	WRITTEN	Movie2B.mp4	left	Movie4	4	HIGH	ProtocolName_MovieN_to_matlab_run_id+selected_run_id_mat_present	Movie4_AP		0.937	0.0	196.821333
/home/alexrees/scratch/release_dataset	sub-069	ses-01	run-01	sub-069/ses-01/func/sub-069_ses-01_task-movie_run-01_bold.nii.gz	sub-069/ses-01/func/sub-069_ses-01_task-movie_run-01_events.tsv	WRITTEN	Movie1A.mp4	left	Movie1	1	HIGH	ProtocolName_MovieN_to_matlab_run_id+selected_run_id_mat_present	Movie1_AP		0.937	0.0	196.821333
/home/alexrees/scratch/release_dataset	sub-069	ses-01	run-03	sub-069/ses-01/func/sub-069_ses-01_task-movie_run-03_bold.nii.gz	sub-069/ses-01/func/sub-069_ses-01_task-movie_run-03_events.tsv	WRITTEN	Movie2A.mp4	right	Movie2	2	HIGH	ProtocolName_MovieN_to_matlab_run_id+selected_run_id_mat_present	Movie2_AP		0.937	0.0	196.821333
/home/alexrees/scratch/release_dataset	sub-069	ses-01	run-05	sub-069/ses-01/func/sub-069_ses-01_task-movie_run-05_bold.nii.gz	sub-069/ses-01/func/sub-069_ses-01_task-movie_run-05_events.tsv	WRITTEN	Movie1B.mp4	right	Movie3	3	HIGH	ProtocolName_MovieN_to_matlab_run_id+selected_run_id_mat_present	Movie3_AP		0.937	0.0	196.821333
/home/alexrees/scratch/release_dataset	sub-069	ses-01	run-07	sub-069/ses-01/func/sub-069_ses-01_task-movie_run-07_bold.nii.gz	sub-069/ses-01/func/sub-069_ses-01_task-movie_run-07_events.tsv	WRITTEN	Movie2B.mp4	left	Movie4	4	HIGH	ProtocolName_MovieN_to_matlab_run_id+selected_run_id_mat_present	Movie4_AP		0.937	0.0	196.821333
/home/alexrees/scratch/release_dataset	sub-069	ses-02	run-01	sub-069/ses-02/func/sub-069_ses-02_task-movie_run-01_bold.nii.gz	sub-069/ses-02/func/sub-069_ses-02_task-movie_run-01_events.tsv	WRITTEN	Movie1A.mp4	left	Movie1	1	HIGH	ProtocolName_MovieN_to_matlab_run_id+selected_run_id_mat_present	Movie1_AP		0.937	0.0	196.821333
/home/alexrees/scratch/release_dataset	sub-069	ses-02	run-03	sub-069/ses-02/func/sub-069_ses-02_task-movie_run-03_bold.nii.gz	sub-069/ses-02/func/sub-069_ses-02_task-movie_run-03_events.tsv	WRITTEN	Movie2A.mp4	right	Movie2	2	HIGH	ProtocolName_MovieN_to_matlab_run_id+selected_run_id_mat_present	Movie2_AP		0.937	0.0	196.821333
/home/alexrees/scratch/release_dataset	sub-069	ses-02	run-05	sub-069/ses-02/func/sub-069_ses-02_task-movie_run-05_bold.nii.gz	sub-069/ses-02/func/sub-069_ses-02_task-movie_run-05_events.tsv	WRITTEN	Movie1B.mp4	right	Movie3	3	HIGH	ProtocolName_MovieN_to_matlab_run_id+selected_run_id_mat_present	Movie3_AP		0.937	0.0	196.821333
/home/alexrees/scratch/release_dataset	sub-069	ses-02	run-07	sub-069/ses-02/func/sub-069_ses-02_task-movie_run-07_bold.nii.gz	sub-069/ses-02/func/sub-069_ses-02_task-movie_run-07_events.tsv	WRITTEN	Movie2B.mp4	left	Movie4	4	HIGH	ProtocolName_MovieN_to_matlab_run_id+selected_run_id_mat_present	Movie4_AP		0.937	0.0	196.821333
/home/alexrees/scratch/release_dataset	sub-070	ses-01	run-01	sub-070/ses-01/func/sub-070_ses-01_task-movie_run-01_bold.nii.gz	sub-070/ses-01/func/sub-070_ses-01_task-movie_run-01_events.tsv	WRITTEN	Movie1A.mp4	left	Movie1	1	HIGH	ProtocolName_MovieN_to_matlab_run_id+selected_run_id_mat_present	Movie1_AP		0.937	0.0	196.821333
/home/alexrees/scratch/release_dataset	sub-070	ses-01	run-03	sub-070/ses-01/func/sub-070_ses-01_task-movie_run-03_bold.nii.gz	sub-070/ses-01/func/sub-070_ses-01_task-movie_run-03_events.tsv	WRITTEN	Movie2A.mp4	right	Movie2	2	HIGH	ProtocolName_MovieN_to_matlab_run_id+selected_run_id_mat_present	Movie2_AP		0.937	0.0	196.821333
/home/alexrees/scratch/release_dataset	sub-070	ses-01	run-05	sub-070/ses-01/func/sub-070_ses-01_task-movie_run-05_bold.nii.gz	sub-070/ses-01/func/sub-070_ses-01_task-movie_run-05_events.tsv	WRITTEN	Movie1B.mp4	right	Movie3	3	HIGH	ProtocolName_MovieN_to_matlab_run_id+selected_run_id_mat_present	Movie3_AP		0.937	0.0	196.821333
/home/alexrees/scratch/release_dataset	sub-070	ses-01	run-07	sub-070/ses-01/func/sub-070_ses-01_task-movie_run-07_bold.nii.gz	sub-070/ses-01/func/sub-070_ses-01_task-movie_run-07_events.tsv	WRITTEN	Movie2B.mp4	left	Movie4	4	HIGH	ProtocolName_MovieN_to_matlab_run_id+selected_run_id_mat_present	Movie4_AP		0.937	0.0	196.821333
/home/alexrees/scratch/release_dataset	sub-071	ses-01	run-01	sub-071/ses-01/func/sub-071_ses-01_task-movie_run-01_bold.nii.gz	sub-071/ses-01/func/sub-071_ses-01_task-movie_run-01_events.tsv	WRITTEN	Movie1A.mp4	left	Movie1	1	HIGH	ProtocolName_MovieN_to_matlab_run_id+selected_run_id_mat_present	Movie1_AP		0.937	0.0	196.821333
/home/alexrees/scratch/release_dataset	sub-071	ses-01	run-03	sub-071/ses-01/func/sub-071_ses-01_task-movie_run-03_bold.nii.gz	sub-071/ses-01/func/sub-071_ses-01_task-movie_run-03_events.tsv	WRITTEN	Movie2A.mp4	right	Movie2	2	HIGH	ProtocolName_MovieN_to_matlab_run_id+selected_run_id_mat_present	Movie2_AP		0.937	0.0	196.821333
/home/alexrees/scratch/release_dataset	sub-071	ses-01	run-05	sub-071/ses-01/func/sub-071_ses-01_task-movie_run-05_bold.nii.gz	sub-071/ses-01/func/sub-071_ses-01_task-movie_run-05_events.tsv	WRITTEN	Movie1B.mp4	right	Movie3	3	HIGH	ProtocolName_MovieN_to_matlab_run_id+selected_run_id_mat_present	Movie3_AP		0.937	0.0	196.821333
/home/alexrees/scratch/release_dataset	sub-071	ses-01	run-07	sub-071/ses-01/func/sub-071_ses-01_task-movie_run-07_bold.nii.gz	sub-071/ses-01/func/sub-071_ses-01_task-movie_run-07_events.tsv	WRITTEN	Movie2B.mp4	left	Movie4	4	HIGH	ProtocolName_MovieN_to_matlab_run_id+selected_run_id_mat_present	Movie4_AP		0.937	0.0	196.821333
/home/alexrees/scratch/release_dataset	sub-072	ses-01	run-01	sub-072/ses-01/func/sub-072_ses-01_task-movie_run-01_bold.nii.gz	sub-072/ses-01/func/sub-072_ses-01_task-movie_run-01_events.tsv	WRITTEN	Movie1A.mp4	left	Movie1	1	HIGH	ProtocolName_MovieN_to_matlab_run_id+selected_run_id_mat_present	Movie1_AP		0.937	0.0	196.821333
/home/alexrees/scratch/release_dataset	sub-072	ses-01	run-03	sub-072/ses-01/func/sub-072_ses-01_task-movie_run-03_bold.nii.gz	sub-072/ses-01/func/sub-072_ses-01_task-movie_run-03_events.tsv	WRITTEN	Movie2A.mp4	right	Movie2	2	HIGH	ProtocolName_MovieN_to_matlab_run_id+selected_run_id_mat_present	Movie2_AP		0.937	0.0	196.821333
/home/alexrees/scratch/release_dataset	sub-072	ses-01	run-05	sub-072/ses-01/func/sub-072_ses-01_task-movie_run-05_bold.nii.gz	sub-072/ses-01/func/sub-072_ses-01_task-movie_run-05_events.tsv	WRITTEN	Movie1B.mp4	right	Movie3	3	HIGH	ProtocolName_MovieN_to_matlab_run_id+selected_run_id_mat_present	Movie3_AP		0.937	0.0	196.821333
/home/alexrees/scratch/release_dataset	sub-072	ses-01	run-07	sub-072/ses-01/func/sub-072_ses-01_task-movie_run-07_bold.nii.gz	sub-072/ses-01/func/sub-072_ses-01_task-movie_run-07_events.tsv	WRITTEN	Movie2B.mp4	left	Movie4	4	HIGH	ProtocolName_MovieN_to_matlab_run_id+selected_run_id_mat_present	Movie4_AP		0.937	0.0	196.821333
/home/alexrees/scratch/release_dataset	sub-072	ses-02	run-01	sub-072/ses-02/func/sub-072_ses-02_task-movie_run-01_bold.nii.gz	sub-072/ses-02/func/sub-072_ses-02_task-movie_run-01_events.tsv	WRITTEN	Movie1A.mp4	left	Movie1	1	HIGH	ProtocolName_MovieN_to_matlab_run_id+selected_run_id_mat_present	Movie1_AP		0.937	0.0	196.821333
/home/alexrees/scratch/release_dataset	sub-072	ses-02	run-03	sub-072/ses-02/func/sub-072_ses-02_task-movie_run-03_bold.nii.gz	sub-072/ses-02/func/sub-072_ses-02_task-movie_run-03_events.tsv	WRITTEN	Movie2A.mp4	right	Movie2	2	HIGH	ProtocolName_MovieN_to_matlab_run_id+selected_run_id_mat_present	Movie2_AP		0.937	0.0	196.821333
/home/alexrees/scratch/release_dataset	sub-072	ses-02	run-05	sub-072/ses-02/func/sub-072_ses-02_task-movie_run-05_bold.nii.gz	sub-072/ses-02/func/sub-072_ses-02_task-movie_run-05_events.tsv	WRITTEN	Movie1B.mp4	right	Movie3	3	HIGH	ProtocolName_MovieN_to_matlab_run_id+selected_run_id_mat_present	Movie3_AP		0.937	0.0	196.821333
/home/alexrees/scratch/release_dataset	sub-072	ses-02	run-07	sub-072/ses-02/func/sub-072_ses-02_task-movie_run-07_bold.nii.gz	sub-072/ses-02/func/sub-072_ses-02_task-movie_run-07_events.tsv	WRITTEN	Movie2B.mp4	left	Movie4	4	HIGH	ProtocolName_MovieN_to_matlab_run_id+selected_run_id_mat_present	Movie4_AP		0.937	0.0	196.821333
/home/alexrees/scratch/release_dataset	sub-073	ses-01	run-01	sub-073/ses-01/func/sub-073_ses-01_task-movie_run-01_bold.nii.gz	sub-073/ses-01/func/sub-073_ses-01_task-movie_run-01_events.tsv	WRITTEN	Movie1A.mp4	left	Movie1	1	HIGH	ProtocolName_MovieN_to_matlab_run_id+selected_run_id_mat_present	Movie1_AP		0.937	0.0	196.821333
/home/alexrees/scratch/release_dataset	sub-073	ses-01	run-03	sub-073/ses-01/func/sub-073_ses-01_task-movie_run-03_bold.nii.gz	sub-073/ses-01/func/sub-073_ses-01_task-movie_run-03_events.tsv	WRITTEN	Movie2A.mp4	right	Movie2	2	HIGH	ProtocolName_MovieN_to_matlab_run_id+selected_run_id_mat_present	Movie2_AP		0.937	0.0	196.821333
/home/alexrees/scratch/release_dataset	sub-073	ses-01	run-05	sub-073/ses-01/func/sub-073_ses-01_task-movie_run-05_bold.nii.gz	sub-073/ses-01/func/sub-073_ses-01_task-movie_run-05_events.tsv	WRITTEN	Movie1B.mp4	right	Movie3	3	HIGH	ProtocolName_MovieN_to_matlab_run_id+selected_run_id_mat_present	Movie3_AP		0.937	0.0	196.821333
/home/alexrees/scratch/release_dataset	sub-073	ses-01	run-07	sub-073/ses-01/func/sub-073_ses-01_task-movie_run-07_bold.nii.gz	sub-073/ses-01/func/sub-073_ses-01_task-movie_run-07_events.tsv	WRITTEN	Movie2B.mp4	left	Movie4	4	HIGH	ProtocolName_MovieN_to_matlab_run_id+selected_run_id_mat_present	Movie4_AP		0.937	0.0	196.821333
/home/alexrees/scratch/release_dataset	sub-073	ses-02	run-01	sub-073/ses-02/func/sub-073_ses-02_task-movie_run-01_bold.nii.gz	sub-073/ses-02/func/sub-073_ses-02_task-movie_run-01_events.tsv	WRITTEN	Movie1A.mp4	left	Movie1	1	HIGH	ProtocolName_MovieN_to_matlab_run_id+selected_run_id_mat_present	Movie1_AP		0.937	0.0	196.821333
/home/alexrees/scratch/release_dataset	sub-073	ses-02	run-03	sub-073/ses-02/func/sub-073_ses-02_task-movie_run-03_bold.nii.gz	sub-073/ses-02/func/sub-073_ses-02_task-movie_run-03_events.tsv	WRITTEN	Movie2A.mp4	right	Movie2	2	HIGH	ProtocolName_MovieN_to_matlab_run_id+selected_run_id_mat_present	Movie2_AP		0.937	0.0	196.821333
/home/alexrees/scratch/release_dataset	sub-073	ses-02	run-05	sub-073/ses-02/func/sub-073_ses-02_task-movie_run-05_bold.nii.gz	sub-073/ses-02/func/sub-073_ses-02_task-movie_run-05_events.tsv	WRITTEN	Movie1B.mp4	right	Movie3	3	HIGH	ProtocolName_MovieN_to_matlab_run_id+selected_run_id_mat_present	Movie3_AP		0.937	0.0	196.821333
/home/alexrees/scratch/release_dataset	sub-073	ses-02	run-07	sub-073/ses-02/func/sub-073_ses-02_task-movie_run-07_bold.nii.gz	sub-073/ses-02/func/sub-073_ses-02_task-movie_run-07_events.tsv	WRITTEN	Movie2B.mp4	left	Movie4	4	HIGH	ProtocolName_MovieN_to_matlab_run_id+selected_run_id_mat_present	Movie4_AP		0.937	0.0	196.821333
/home/alexrees/scratch/release_dataset	sub-074	ses-01	run-01	sub-074/ses-01/func/sub-074_ses-01_task-movie_run-01_bold.nii.gz	sub-074/ses-01/func/sub-074_ses-01_task-movie_run-01_events.tsv	WRITTEN	Movie1A.mp4	left	Movie1	1	HIGH	ProtocolName_MovieN_to_matlab_run_id+selected_run_id_mat_present	Movie1_AP		0.937	0.0	196.821333
/home/alexrees/scratch/release_dataset	sub-074	ses-01	run-03	sub-074/ses-01/func/sub-074_ses-01_task-movie_run-03_bold.nii.gz	sub-074/ses-01/func/sub-074_ses-01_task-movie_run-03_events.tsv	WRITTEN	Movie2A.mp4	right	Movie2	2	HIGH	ProtocolName_MovieN_to_matlab_run_id+selected_run_id_mat_present	Movie2_AP		0.937	0.0	196.821333
/home/alexrees/scratch/release_dataset	sub-074	ses-01	run-05	sub-074/ses-01/func/sub-074_ses-01_task-movie_run-05_bold.nii.gz	sub-074/ses-01/func/sub-074_ses-01_task-movie_run-05_events.tsv	WRITTEN	Movie1B.mp4	right	Movie3	3	HIGH	ProtocolName_MovieN_to_matlab_run_id+selected_run_id_mat_present	Movie3_AP		0.937	0.0	196.821333
/home/alexrees/scratch/release_dataset	sub-074	ses-01	run-07	sub-074/ses-01/func/sub-074_ses-01_task-movie_run-07_bold.nii.gz	sub-074/ses-01/func/sub-074_ses-01_task-movie_run-07_events.tsv	WRITTEN	Movie2B.mp4	left	Movie4	4	HIGH	ProtocolName_MovieN_to_matlab_run_id+selected_run_id_mat_present	Movie4_AP		0.937	0.0	196.821333
/home/alexrees/scratch/release_dataset	sub-074	ses-02	run-01	sub-074/ses-02/func/sub-074_ses-02_task-movie_run-01_bold.nii.gz	sub-074/ses-02/func/sub-074_ses-02_task-movie_run-01_events.tsv	WRITTEN	Movie1A.mp4	left	Movie1	1	HIGH	ProtocolName_MovieN_to_matlab_run_id+selected_run_id_mat_present	Movie1_AP		0.937	0.0	196.821333
/home/alexrees/scratch/release_dataset	sub-074	ses-02	run-03	sub-074/ses-02/func/sub-074_ses-02_task-movie_run-03_bold.nii.gz	sub-074/ses-02/func/sub-074_ses-02_task-movie_run-03_events.tsv	WRITTEN	Movie2A.mp4	right	Movie2	2	HIGH	ProtocolName_MovieN_to_matlab_run_id+selected_run_id_mat_present	Movie2_AP		0.937	0.0	196.821333
/home/alexrees/scratch/release_dataset	sub-074	ses-02	run-05	sub-074/ses-02/func/sub-074_ses-02_task-movie_run-05_bold.nii.gz	sub-074/ses-02/func/sub-074_ses-02_task-movie_run-05_events.tsv	WRITTEN	Movie1B.mp4	right	Movie3	3	HIGH	ProtocolName_MovieN_to_matlab_run_id+selected_run_id_mat_present	Movie3_AP		0.937	0.0	196.821333
/home/alexrees/scratch/release_dataset	sub-074	ses-02	run-07	sub-074/ses-02/func/sub-074_ses-02_task-movie_run-07_bold.nii.gz	sub-074/ses-02/func/sub-074_ses-02_task-movie_run-07_events.tsv	WRITTEN	Movie2B.mp4	left	Movie4	4	HIGH	ProtocolName_MovieN_to_matlab_run_id+selected_run_id_mat_present	Movie4_AP		0.937	0.0	196.821333
/home/alexrees/scratch/release_dataset	sub-075	ses-01	run-01	sub-075/ses-01/func/sub-075_ses-01_task-movie_run-01_bold.nii.gz	sub-075/ses-01/func/sub-075_ses-01_task-movie_run-01_events.tsv	WRITTEN	Movie1A.mp4	left	Movie1	1	HIGH	ProtocolName_MovieN_to_matlab_run_id+selected_run_id_mat_present	Movie1_AP		0.937	0.0	196.821333
/home/alexrees/scratch/release_dataset	sub-075	ses-01	run-03	sub-075/ses-01/func/sub-075_ses-01_task-movie_run-03_bold.nii.gz	sub-075/ses-01/func/sub-075_ses-01_task-movie_run-03_events.tsv	WRITTEN	Movie2A.mp4	right	Movie2	2	HIGH	ProtocolName_MovieN_to_matlab_run_id+selected_run_id_mat_present	Movie2_AP		0.937	0.0	196.821333
/home/alexrees/scratch/release_dataset	sub-075	ses-01	run-05	sub-075/ses-01/func/sub-075_ses-01_task-movie_run-05_bold.nii.gz	sub-075/ses-01/func/sub-075_ses-01_task-movie_run-05_events.tsv	WRITTEN	Movie1B.mp4	right	Movie3	3	HIGH	ProtocolName_MovieN_to_matlab_run_id+selected_run_id_mat_present	Movie3_AP		0.937	0.0	196.821333
/home/alexrees/scratch/release_dataset	sub-075	ses-01	run-07	sub-075/ses-01/func/sub-075_ses-01_task-movie_run-07_bold.nii.gz	sub-075/ses-01/func/sub-075_ses-01_task-movie_run-07_events.tsv	WRITTEN	Movie2B.mp4	left	Movie4	4	HIGH	ProtocolName_MovieN_to_matlab_run_id+selected_run_id_mat_present	Movie4_AP		0.937	0.0	196.821333
/home/alexrees/scratch/release_dataset	sub-076	ses-01	run-01	sub-076/ses-01/func/sub-076_ses-01_task-movie_run-01_bold.nii.gz	sub-076/ses-01/func/sub-076_ses-01_task-movie_run-01_events.tsv	WRITTEN	Movie1A.mp4	left	Movie1	1	HIGH	ProtocolName_MovieN_to_matlab_run_id+selected_run_id_mat_present	Movie1_AP		0.937	0.0	196.821333
/home/alexrees/scratch/release_dataset	sub-076	ses-01	run-03	sub-076/ses-01/func/sub-076_ses-01_task-movie_run-03_bold.nii.gz	sub-076/ses-01/func/sub-076_ses-01_task-movie_run-03_events.tsv	WRITTEN	Movie2A.mp4	right	Movie2	2	HIGH	ProtocolName_MovieN_to_matlab_run_id+selected_run_id_mat_present	Movie2_AP		0.937	0.0	196.821333
/home/alexrees/scratch/release_dataset	sub-076	ses-01	run-05	sub-076/ses-01/func/sub-076_ses-01_task-movie_run-05_bold.nii.gz	sub-076/ses-01/func/sub-076_ses-01_task-movie_run-05_events.tsv	WRITTEN	Movie1B.mp4	right	Movie3	3	HIGH	ProtocolName_MovieN_to_matlab_run_id+selected_run_id_mat_present	Movie3_AP		0.937	0.0	196.821333
/home/alexrees/scratch/release_dataset	sub-076	ses-01	run-07	sub-076/ses-01/func/sub-076_ses-01_task-movie_run-07_bold.nii.gz	sub-076/ses-01/func/sub-076_ses-01_task-movie_run-07_events.tsv	WRITTEN	Movie2B.mp4	left	Movie4	4	HIGH	ProtocolName_MovieN_to_matlab_run_id+selected_run_id_mat_present	Movie4_AP		0.937	0.0	196.821333
/home/alexrees/scratch/release_dataset	sub-077	ses-01	run-01	sub-077/ses-01/func/sub-077_ses-01_task-movie_run-01_bold.nii.gz	sub-077/ses-01/func/sub-077_ses-01_task-movie_run-01_events.tsv	WRITTEN	Movie1A.mp4	left	Movie1	1	HIGH	ProtocolName_MovieN_to_matlab_run_id+selected_run_id_mat_present	Movie1_AP		0.937	0.0	196.821333
/home/alexrees/scratch/release_dataset	sub-077	ses-01	run-03	sub-077/ses-01/func/sub-077_ses-01_task-movie_run-03_bold.nii.gz	sub-077/ses-01/func/sub-077_ses-01_task-movie_run-03_events.tsv	WRITTEN	Movie2A.mp4	right	Movie2	2	HIGH	ProtocolName_MovieN_to_matlab_run_id+selected_run_id_mat_present	Movie2_AP		0.937	0.0	196.821333
/home/alexrees/scratch/release_dataset	sub-077	ses-01	run-05	sub-077/ses-01/func/sub-077_ses-01_task-movie_run-05_bold.nii.gz	sub-077/ses-01/func/sub-077_ses-01_task-movie_run-05_events.tsv	WRITTEN	Movie1B.mp4	right	Movie3	3	HIGH	ProtocolName_MovieN_to_matlab_run_id+selected_run_id_mat_present	Movie3_AP		0.937	0.0	196.821333
/home/alexrees/scratch/release_dataset	sub-077	ses-01	run-07	sub-077/ses-01/func/sub-077_ses-01_task-movie_run-07_bold.nii.gz	sub-077/ses-01/func/sub-077_ses-01_task-movie_run-07_events.tsv	WRITTEN	Movie2B.mp4	left	Movie4	4	HIGH	ProtocolName_MovieN_to_matlab_run_id+selected_run_id_mat_present	Movie4_AP		0.937	0.0	196.821333
/home/alexrees/scratch/release_dataset	sub-078	ses-01	run-01	sub-078/ses-01/func/sub-078_ses-01_task-movie_run-01_bold.nii.gz	sub-078/ses-01/func/sub-078_ses-01_task-movie_run-01_events.tsv	WRITTEN	Movie1A.mp4	left	Movie1	1	HIGH	ProtocolName_MovieN_to_matlab_run_id	Movie1_AP		0.937	0.0	196.821333
/home/alexrees/scratch/release_dataset	sub-078	ses-01	run-03	sub-078/ses-01/func/sub-078_ses-01_task-movie_run-03_bold.nii.gz	sub-078/ses-01/func/sub-078_ses-01_task-movie_run-03_events.tsv	WRITTEN	Movie2A.mp4	right	Movie2	2	HIGH	ProtocolName_MovieN_to_matlab_run_id	Movie2_AP		0.937	0.0	196.821333
/home/alexrees/scratch/release_dataset	sub-078	ses-01	run-05	sub-078/ses-01/func/sub-078_ses-01_task-movie_run-05_bold.nii.gz	sub-078/ses-01/func/sub-078_ses-01_task-movie_run-05_events.tsv	WRITTEN	Movie1B.mp4	right	Movie3	3	HIGH	ProtocolName_MovieN_to_matlab_run_id	Movie3_AP		0.937	0.0	196.821333
/home/alexrees/scratch/release_dataset	sub-078	ses-01	run-07	sub-078/ses-01/func/sub-078_ses-01_task-movie_run-07_bold.nii.gz	sub-078/ses-01/func/sub-078_ses-01_task-movie_run-07_events.tsv	WRITTEN	Movie2B.mp4	left	Movie4	4	HIGH	ProtocolName_MovieN_to_matlab_run_id	Movie4_AP		0.937	0.0	196.821333
/home/alexrees/scratch/release_dataset	sub-078	ses-02	run-01	sub-078/ses-02/func/sub-078_ses-02_task-movie_run-01_bold.nii.gz	sub-078/ses-02/func/sub-078_ses-02_task-movie_run-01_events.tsv	WRITTEN	Movie1A.mp4	left	Movie1	1	HIGH	ProtocolName_MovieN_to_matlab_run_id+selected_run_id_mat_present	Movie1_AP		0.937	0.0	196.821333
/home/alexrees/scratch/release_dataset	sub-079	ses-01	run-01	sub-079/ses-01/func/sub-079_ses-01_task-movie_run-01_bold.nii.gz	sub-079/ses-01/func/sub-079_ses-01_task-movie_run-01_events.tsv	WRITTEN	Movie1A.mp4	left	Movie1	1	HIGH	ProtocolName_MovieN_to_matlab_run_id+selected_run_id_mat_present	Movie1_AP		0.937	0.0	196.821333
/home/alexrees/scratch/release_dataset	sub-079	ses-01	run-03	sub-079/ses-01/func/sub-079_ses-01_task-movie_run-03_bold.nii.gz	sub-079/ses-01/func/sub-079_ses-01_task-movie_run-03_events.tsv	WRITTEN	Movie2A.mp4	right	Movie2	2	HIGH	ProtocolName_MovieN_to_matlab_run_id+selected_run_id_mat_present	Movie2_AP		0.937	0.0	196.821333
/home/alexrees/scratch/release_dataset	sub-079	ses-01	run-05	sub-079/ses-01/func/sub-079_ses-01_task-movie_run-05_bold.nii.gz	sub-079/ses-01/func/sub-079_ses-01_task-movie_run-05_events.tsv	WRITTEN	Movie1B.mp4	right	Movie3	3	HIGH	ProtocolName_MovieN_to_matlab_run_id+selected_run_id_mat_present	Movie3_AP		0.937	0.0	196.821333
/home/alexrees/scratch/release_dataset	sub-079	ses-01	run-07	sub-079/ses-01/func/sub-079_ses-01_task-movie_run-07_bold.nii.gz	sub-079/ses-01/func/sub-079_ses-01_task-movie_run-07_events.tsv	WRITTEN	Movie2B.mp4	left	Movie4	4	HIGH	ProtocolName_MovieN_to_matlab_run_id+selected_run_id_mat_present	Movie4_AP		0.937	0.0	196.821333
/home/alexrees/scratch/release_dataset	sub-080	ses-01	run-01	sub-080/ses-01/func/sub-080_ses-01_task-movie_run-01_bold.nii.gz	sub-080/ses-01/func/sub-080_ses-01_task-movie_run-01_events.tsv	WRITTEN	Movie1A.mp4	left	Movie1	1	HIGH	ProtocolName_MovieN_to_matlab_run_id+selected_run_id_mat_present	Movie1_AP		0.937	0.0	196.821333
/home/alexrees/scratch/release_dataset	sub-080	ses-01	run-03	sub-080/ses-01/func/sub-080_ses-01_task-movie_run-03_bold.nii.gz	sub-080/ses-01/func/sub-080_ses-01_task-movie_run-03_events.tsv	WRITTEN	Movie2A.mp4	right	Movie2	2	HIGH	ProtocolName_MovieN_to_matlab_run_id+selected_run_id_mat_present	Movie2_AP		0.937	0.0	196.821333
/home/alexrees/scratch/release_dataset	sub-080	ses-01	run-05	sub-080/ses-01/func/sub-080_ses-01_task-movie_run-05_bold.nii.gz	sub-080/ses-01/func/sub-080_ses-01_task-movie_run-05_events.tsv	WRITTEN	Movie1B.mp4	right	Movie3	3	HIGH	ProtocolName_MovieN_to_matlab_run_id+selected_run_id_mat_present	Movie3_AP		0.937	0.0	196.821333
/home/alexrees/scratch/release_dataset	sub-080	ses-01	run-07	sub-080/ses-01/func/sub-080_ses-01_task-movie_run-07_bold.nii.gz	sub-080/ses-01/func/sub-080_ses-01_task-movie_run-07_events.tsv	WRITTEN	Movie2B.mp4	left	Movie4	4	HIGH	ProtocolName_MovieN_to_matlab_run_id+selected_run_id_mat_present	Movie4_AP		0.937	0.0	196.821333
/home/alexrees/scratch/release_dataset	sub-081	ses-01	run-01	sub-081/ses-01/func/sub-081_ses-01_task-movie_run-01_bold.nii.gz	sub-081/ses-01/func/sub-081_ses-01_task-movie_run-01_events.tsv	WRITTEN	Movie1A.mp4	left	Movie1	1	HIGH	ProtocolName_MovieN_to_matlab_run_id+selected_run_id_mat_present	Movie1_AP		0.937	0.0	196.821333
/home/alexrees/scratch/release_dataset	sub-081	ses-01	run-03	sub-081/ses-01/func/sub-081_ses-01_task-movie_run-03_bold.nii.gz	sub-081/ses-01/func/sub-081_ses-01_task-movie_run-03_events.tsv	WRITTEN	Movie2A.mp4	right	Movie2	2	HIGH	ProtocolName_MovieN_to_matlab_run_id+selected_run_id_mat_present	Movie2_AP		0.937	0.0	196.821333
/home/alexrees/scratch/release_dataset	sub-081	ses-01	run-05	sub-081/ses-01/func/sub-081_ses-01_task-movie_run-05_bold.nii.gz	sub-081/ses-01/func/sub-081_ses-01_task-movie_run-05_events.tsv	WRITTEN	Movie1B.mp4	right	Movie3	3	HIGH	ProtocolName_MovieN_to_matlab_run_id+selected_run_id_mat_present	Movie3_AP		0.937	0.0	196.821333
/home/alexrees/scratch/release_dataset	sub-081	ses-01	run-07	sub-081/ses-01/func/sub-081_ses-01_task-movie_run-07_bold.nii.gz	sub-081/ses-01/func/sub-081_ses-01_task-movie_run-07_events.tsv	WRITTEN	Movie2B.mp4	left	Movie4	4	HIGH	ProtocolName_MovieN_to_matlab_run_id+selected_run_id_mat_present	Movie4_AP		0.937	0.0	196.821333
/home/alexrees/scratch/release_dataset	sub-081	ses-02	run-01	sub-081/ses-02/func/sub-081_ses-02_task-movie_run-01_bold.nii.gz	sub-081/ses-02/func/sub-081_ses-02_task-movie_run-01_events.tsv	WRITTEN	Movie1A.mp4	left	Movie1	1	HIGH	ProtocolName_MovieN_to_matlab_run_id+selected_run_id_mat_present	Movie1_AP		0.937	0.0	196.821333
/home/alexrees/scratch/release_dataset	sub-081	ses-02	run-03	sub-081/ses-02/func/sub-081_ses-02_task-movie_run-03_bold.nii.gz	sub-081/ses-02/func/sub-081_ses-02_task-movie_run-03_events.tsv	WRITTEN	Movie2A.mp4	right	Movie2	2	HIGH	ProtocolName_MovieN_to_matlab_run_id+selected_run_id_mat_present	Movie2_AP		0.937	0.0	196.821333
/home/alexrees/scratch/release_dataset	sub-081	ses-02	run-05	sub-081/ses-02/func/sub-081_ses-02_task-movie_run-05_bold.nii.gz	sub-081/ses-02/func/sub-081_ses-02_task-movie_run-05_events.tsv	WRITTEN	Movie1B.mp4	right	Movie3	3	HIGH	ProtocolName_MovieN_to_matlab_run_id+selected_run_id_mat_present	Movie3_AP		0.937	0.0	196.821333
/home/alexrees/scratch/release_dataset	sub-081	ses-02	run-07	sub-081/ses-02/func/sub-081_ses-02_task-movie_run-07_bold.nii.gz	sub-081/ses-02/func/sub-081_ses-02_task-movie_run-07_events.tsv	WRITTEN	Movie2B.mp4	left	Movie4	4	HIGH	ProtocolName_MovieN_to_matlab_run_id+selected_run_id_mat_present	Movie4_AP		0.937	0.0	196.821333
/home/alexrees/scratch/release_dataset	sub-082	ses-01	run-01	sub-082/ses-01/func/sub-082_ses-01_task-movie_run-01_bold.nii.gz	sub-082/ses-01/func/sub-082_ses-01_task-movie_run-01_events.tsv	WRITTEN	Movie1A.mp4	left	Movie1	1	HIGH	ProtocolName_MovieN_to_matlab_run_id+selected_run_id_mat_present	Movie1_AP		0.937	0.0	196.821333
/home/alexrees/scratch/release_dataset	sub-082	ses-01	run-03	sub-082/ses-01/func/sub-082_ses-01_task-movie_run-03_bold.nii.gz	sub-082/ses-01/func/sub-082_ses-01_task-movie_run-03_events.tsv	WRITTEN	Movie2A.mp4	right	Movie2	2	HIGH	ProtocolName_MovieN_to_matlab_run_id+selected_run_id_mat_present	Movie2_AP		0.937	0.0	196.821333
/home/alexrees/scratch/release_dataset	sub-082	ses-01	run-05	sub-082/ses-01/func/sub-082_ses-01_task-movie_run-05_bold.nii.gz	sub-082/ses-01/func/sub-082_ses-01_task-movie_run-05_events.tsv	WRITTEN	Movie1B.mp4	right	Movie3	3	MEDIUM	ProtocolName_MovieN_fallback_unassigned_or_ambiguous	Movie3_AP		0.937	0.0	196.821333
/home/alexrees/scratch/release_dataset	sub-082	ses-01	run-07	sub-082/ses-01/func/sub-082_ses-01_task-movie_run-07_bold.nii.gz	sub-082/ses-01/func/sub-082_ses-01_task-movie_run-07_events.tsv	WRITTEN	Movie1B.mp4	right	Movie3	3	MEDIUM	ProtocolName_MovieN_fallback_unassigned_or_ambiguous	Movie3_AP		0.937	0.0	196.821333
/home/alexrees/scratch/release_dataset	sub-082	ses-01	run-09	sub-082/ses-01/func/sub-082_ses-01_task-movie_run-09_bold.nii.gz	sub-082/ses-01/func/sub-082_ses-01_task-movie_run-09_events.tsv	WRITTEN	Movie2B.mp4	left	Movie4	4	HIGH	ProtocolName_MovieN_to_matlab_run_id+selected_run_id_mat_present	Movie4_AP		0.937	0.0	196.821333
/home/alexrees/scratch/release_dataset	sub-083	ses-01	run-01	sub-083/ses-01/func/sub-083_ses-01_task-movie_run-01_bold.nii.gz	sub-083/ses-01/func/sub-083_ses-01_task-movie_run-01_events.tsv	WRITTEN	Movie1A.mp4	left	Movie1	1	HIGH	ProtocolName_MovieN_to_matlab_run_id+selected_run_id_mat_present	Movie1_AP		0.937	0.0	196.821333
/home/alexrees/scratch/release_dataset	sub-083	ses-01	run-03	sub-083/ses-01/func/sub-083_ses-01_task-movie_run-03_bold.nii.gz	sub-083/ses-01/func/sub-083_ses-01_task-movie_run-03_events.tsv	WRITTEN	Movie2A.mp4	right	Movie2	2	HIGH	ProtocolName_MovieN_to_matlab_run_id+selected_run_id_mat_present	Movie2_AP		0.937	0.0	196.821333
/home/alexrees/scratch/release_dataset	sub-083	ses-01	run-05	sub-083/ses-01/func/sub-083_ses-01_task-movie_run-05_bold.nii.gz	sub-083/ses-01/func/sub-083_ses-01_task-movie_run-05_events.tsv	WRITTEN	Movie1B.mp4	right	Movie3	3	HIGH	ProtocolName_MovieN_to_matlab_run_id+selected_run_id_mat_present	Movie3_AP		0.937	0.0	196.821333
/home/alexrees/scratch/release_dataset	sub-083	ses-01	run-07	sub-083/ses-01/func/sub-083_ses-01_task-movie_run-07_bold.nii.gz	sub-083/ses-01/func/sub-083_ses-01_task-movie_run-07_events.tsv	WRITTEN	Movie2B.mp4	left	Movie4	4	HIGH	ProtocolName_MovieN_to_matlab_run_id+selected_run_id_mat_present	Movie4_AP		0.937	0.0	196.821333
/home/alexrees/scratch/release_dataset	sub-084	ses-01	run-01	sub-084/ses-01/func/sub-084_ses-01_task-movie_run-01_bold.nii.gz	sub-084/ses-01/func/sub-084_ses-01_task-movie_run-01_events.tsv	WRITTEN	Movie1A.mp4	left	Movie1	1	HIGH	ProtocolName_MovieN_to_matlab_run_id+selected_run_id_mat_present	Movie1_AP		0.937	0.0	196.821333
/home/alexrees/scratch/release_dataset	sub-084	ses-01	run-03	sub-084/ses-01/func/sub-084_ses-01_task-movie_run-03_bold.nii.gz	sub-084/ses-01/func/sub-084_ses-01_task-movie_run-03_events.tsv	WRITTEN	Movie2A.mp4	right	Movie2	2	HIGH	ProtocolName_MovieN_to_matlab_run_id+selected_run_id_mat_present	Movie2_AP		0.937	0.0	196.821333
/home/alexrees/scratch/release_dataset	sub-084	ses-01	run-05	sub-084/ses-01/func/sub-084_ses-01_task-movie_run-05_bold.nii.gz	sub-084/ses-01/func/sub-084_ses-01_task-movie_run-05_events.tsv	WRITTEN	Movie1B.mp4	right	Movie3	3	HIGH	ProtocolName_MovieN_to_matlab_run_id+selected_run_id_mat_present	Movie3_AP		0.937	0.0	196.821333
/home/alexrees/scratch/release_dataset	sub-084	ses-01	run-07	sub-084/ses-01/func/sub-084_ses-01_task-movie_run-07_bold.nii.gz	sub-084/ses-01/func/sub-084_ses-01_task-movie_run-07_events.tsv	WRITTEN	Movie2B.mp4	left	Movie4	4	HIGH	ProtocolName_MovieN_to_matlab_run_id+selected_run_id_mat_present	Movie4_AP		0.937	0.0	196.821333
