iqm	family_group	model	n_obs	n_subjects	r2	r2_adj	term	beta	se	p	ci_low	ci_high	vif	anatomy_sensitive_by_construction	selected_anatomy	fdr_q
cjv	contrast	A_acquisition_age_sex	132	83	0.1866123490924002	0.16754857602425333	"C(software_platform, Treatment(""E11""))[T.XA30]"	-0.015082311927590429	0.028186969403176595	0.5935222075125263	-0.07085504663032166	0.0406904227751408	1.054672241057326	TRUE	icv_etiv+total_wm+mean_cortical_thickness	0.7973352210726662
cjv	contrast	A_acquisition_age_sex	132	83	0.1866123490924002	0.16754857602425333	C(sex)[T.M]	0.01637641630097872	0.011676378002283945	0.16317915523828994	-0.0067272924835775315	0.03948012508553497	1.0341868013958861	TRUE	icv_etiv+total_wm+mean_cortical_thickness	0.2610866483812639
cjv	contrast	A_acquisition_age_sex	132	83	0.1866123490924002	0.16754857602425333	age	0.003049333530823201	0.0006233544926201232	2.942902804746628e-06	0.0018159201671736945	0.004282746894472707	1.0789157431589922	TRUE	icv_etiv+total_wm+mean_cortical_thickness	5.493418568860373e-05
cjv	contrast	B_acquisition_age_sex_anatomy	132	83	0.2800247145694188	0.24546590086875086	"C(software_platform, Treatment(""E11""))[T.XA30]"	-0.0027070124203246873	0.027460159964335477	0.9216299522646679	-0.057054077053711155	0.05164005221306178	1.1043504240334137	TRUE	icv_etiv+total_wm+mean_cortical_thickness	0.9420839472194914
cjv	contrast	B_acquisition_age_sex_anatomy	132	83	0.2800247145694188	0.24546590086875086	C(sex)[T.M]	0.017580204377735265	0.012397503028633093	0.15866609309719382	-0.006955992762587258	0.04211640151805779	1.2862671374116312	TRUE	icv_etiv+total_wm+mean_cortical_thickness	0.22546188046741233
cjv	contrast	B_acquisition_age_sex_anatomy	132	83	0.2800247145694188	0.24546590086875086	age	0.0021683946919733074	0.0006340350724080709	0.0008463491120313115	0.0009135605939655624	0.0034232287899810523	1.2314702819886814	TRUE	icv_etiv+total_wm+mean_cortical_thickness	0.011848887568438361
cjv	contrast	B_acquisition_age_sex_anatomy	132	83	0.2800247145694188	0.24546590086875086	icv_etiv	1.9856611378012714e-08	5.334108478080621e-08	0.7103316109732061	-8.571201553320983e-08	1.2542523828923527e-07	2.7808277107323653	TRUE	icv_etiv+total_wm+mean_cortical_thickness	0.8287202128020738
cjv	contrast	B_acquisition_age_sex_anatomy	132	83	0.2800247145694188	0.24546590086875086	total_wm	-8.100287964674416e-08	1.4942813245306996e-07	0.5887244034275312	-3.7673969920717424e-07	2.1473393991368596e-07	2.7625549912036185	TRUE	icv_etiv+total_wm+mean_cortical_thickness	0.6464424821949362
cjv	contrast	B_acquisition_age_sex_anatomy	132	83	0.2800247145694188	0.24546590086875086	mean_cortical_thickness	-0.2753289366172795	0.07103397393685382	0.0001705123556009262	-0.41591398702217086	-0.13474388621238806	1.1686380010010804	TRUE	icv_etiv+total_wm+mean_cortical_thickness	0.0013640988448074096
cnr	contrast	A_acquisition_age_sex	132	83	0.18117811946969842	0.16198698164476943	"C(software_platform, Treatment(""E11""))[T.XA30]"	-0.014286376576754653	0.08623852884714975	0.8686849648599817	-0.1849240397376573	0.15635128658414799	1.054672241057326	TRUE	icv_etiv+total_wm+mean_cortical_thickness	0.9170116298149038
cnr	contrast	A_acquisition_age_sex	132	83	0.18117811946969842	0.16198698164476943	C(sex)[T.M]	-0.0997155453807105	0.03572408394734014	0.006054773678748896	-0.17040174892370508	-0.029029341837715925	1.0341868013958861	TRUE	icv_etiv+total_wm+mean_cortical_thickness	0.013562693040397526
cnr	contrast	A_acquisition_age_sex	132	83	0.18117811946969842	0.16198698164476943	age	-0.007424598185031088	0.0019071640382794255	0.00015853575787860212	-0.011198248073392644	-0.003650948296669532	1.0789157431589922	TRUE	icv_etiv+total_wm+mean_cortical_thickness	0.0011097503051502148
cnr	contrast	B_acquisition_age_sex_anatomy	132	83	0.26134786159360657	0.22589255895009963	"C(software_platform, Treatment(""E11""))[T.XA30]"	-0.061081534359012465	0.08481472747644114	0.47276113587272284	-0.2289404063397953	0.10677733762177034	1.1043504240334137	TRUE	icv_etiv+total_wm+mean_cortical_thickness	0.678836502791602
cnr	contrast	B_acquisition_age_sex_anatomy	132	83	0.26134786159360657	0.22589255895009963	C(sex)[T.M]	-0.09611885874787508	0.038291504569802855	0.013343923370404118	-0.1719024986271575	-0.020335218868592644	1.2862671374116312	TRUE	icv_etiv+total_wm+mean_cortical_thickness	0.04395645345544886
cnr	contrast	B_acquisition_age_sex_anatomy	132	83	0.26134786159360657	0.22589255895009963	age	-0.004892821821266831	0.001958310219118838	0.013770172618741392	-0.008768560789608571	-0.0010170828529250915	1.2314702819886814	TRUE	icv_etiv+total_wm+mean_cortical_thickness	0.06787723962181998
cnr	contrast	B_acquisition_age_sex_anatomy	132	83	0.26134786159360657	0.22589255895009963	icv_etiv	-1.9030697061043323e-07	1.647517558112412e-07	0.25024729845275	-5.163711426023791e-07	1.357572013815127e-07	2.7808277107323653	TRUE	icv_etiv+total_wm+mean_cortical_thickness	0.5839103630564167
cnr	contrast	B_acquisition_age_sex_anatomy	132	83	0.26134786159360657	0.22589255895009963	total_wm	4.5917080624292425e-07	4.6153068109511927e-07	0.3217132975405642	-4.5425569194005234e-07	1.3725973044259008e-06	2.7625549912036185	TRUE	icv_etiv+total_wm+mean_cortical_thickness	0.46194729903260506
cnr	contrast	B_acquisition_age_sex_anatomy	132	83	0.26134786159360657	0.22589255895009963	mean_cortical_thickness	0.7521230006093422	0.21939883630858795	0.0008235692825678167	0.31790547409679576	1.1863405271218888	1.1686380010010804	TRUE	icv_etiv+total_wm+mean_cortical_thickness	0.005124431091533081
efc	entropy / information	A_acquisition_age_sex	132	83	0.3148120119520811	0.298752918482208	"C(software_platform, Treatment(""E11""))[T.XA30]"	0.007502321973626016	0.013978800993390945	0.5924114277292545	-0.02015712406738065	0.03516176801463268	1.054672241057326	FALSE	icv_etiv+total_wm+mean_cortical_thickness	0.7973352210726662
efc	entropy / information	A_acquisition_age_sex	132	83	0.3148120119520811	0.298752918482208	C(sex)[T.M]	0.041035965513057285	0.005790681576400347	8.217467551032942e-11	0.029578112677265258	0.05249381834884931	1.0341868013958861	FALSE	icv_etiv+total_wm+mean_cortical_thickness	4.601781828578448e-09
efc	entropy / information	A_acquisition_age_sex	132	83	0.3148120119520811	0.298752918482208	age	0.0004966828072105862	0.0003091410174692591	0.11059432418733925	-0.0001150055125384076	0.00110837112695958	1.0789157431589922	FALSE	icv_etiv+total_wm+mean_cortical_thickness	0.2477312861796399
efc	entropy / information	B_acquisition_age_sex_anatomy	132	83	0.39729393366001065	0.3683640424756911	"C(software_platform, Treatment(""E11""))[T.XA30]"	0.012802982137490374	0.013575708520987077	0.3474590572188393	-0.014065029898576966	0.03967099417355771	1.1043504240334137	FALSE	icv_etiv+total_wm+mean_cortical_thickness	0.5853698343092762
efc	entropy / information	B_acquisition_age_sex_anatomy	132	83	0.39729393366001065	0.3683640424756911	C(sex)[T.M]	0.03053134709769778	0.006129057067524999	2.0512033350698322e-06	0.01840118248747294	0.04266151170792262	1.2862671374116312	FALSE	icv_etiv+total_wm+mean_cortical_thickness	0.00011486738676391061
efc	entropy / information	B_acquisition_age_sex_anatomy	132	83	0.39729393366001065	0.3683640424756911	age	0.00030281879010632466	0.0003134532117174141	0.3358728585913381	-0.0003175440183723521	0.0009231815985850014	1.2314702819886814	FALSE	icv_etiv+total_wm+mean_cortical_thickness	0.5877775025348417
efc	entropy / information	B_acquisition_age_sex_anatomy	132	83	0.39729393366001065	0.3683640424756911	icv_etiv	3.320479101098134e-08	2.637067737835404e-08	0.21032034266534969	-1.8986052369718227e-08	8.53956343916809e-08	2.7808277107323653	FALSE	icv_etiv+total_wm+mean_cortical_thickness	0.5353608722390719
efc	entropy / information	B_acquisition_age_sex_anatomy	132	83	0.39729393366001065	0.3683640424756911	total_wm	1.1205426500154114e-07	7.38740332777744e-08	0.13183484207170137	-3.415161531709179e-08	2.582601453201741e-07	2.7625549912036185	FALSE	icv_etiv+total_wm+mean_cortical_thickness	0.26366968414340275
efc	entropy / information	B_acquisition_age_sex_anatomy	132	83	0.39729393366001065	0.3683640424756911	mean_cortical_thickness	-0.07334414370351977	0.03511765869195864	0.03877966775056844	-0.14284634868644214	-0.0038419387205974043	1.1686380010010804	FALSE	icv_etiv+total_wm+mean_cortical_thickness	0.09442006061007968
fber	entropy / information	A_acquisition_age_sex	132	83	0.0562820996192136	0.03416371132903895	"C(software_platform, Treatment(""E11""))[T.XA30]"	-232.71986646816202	2180.073774113369	0.9151555370974624	-4546.368293755425	4080.928560819101	1.054672241057326	TRUE	icv_etiv+total_wm+mean_cortical_thickness	0.9317947286810527
fber	entropy / information	A_acquisition_age_sex	132	83	0.0562820996192136	0.03416371132903895	C(sex)[T.M]	-1118.196139621846	903.0898318761693	0.2179120386936891	-2905.1136647207813	668.7213854770896	1.0341868013958861	TRUE	icv_etiv+total_wm+mean_cortical_thickness	0.31186641975579377
fber	entropy / information	A_acquisition_age_sex	132	83	0.0562820996192136	0.03416371132903895	age	-104.29142556479012	48.212305547957385	0.03238612218367402	-199.68770915497305	-8.89514197460717	1.0789157431589922	TRUE	icv_etiv+total_wm+mean_cortical_thickness	0.09068114211428724
fber	entropy / information	B_acquisition_age_sex_anatomy	132	83	0.1281292752631944	0.08627948047582767	"C(software_platform, Treatment(""E11""))[T.XA30]"	-884.0597821418963	2169.8055386001893	0.6843837302605533	-5178.374236294352	3410.2546720105597	1.1043504240334137	TRUE	icv_etiv+total_wm+mean_cortical_thickness	0.7820845178370038
fber	entropy / information	B_acquisition_age_sex_anatomy	132	83	0.1281292752631944	0.08627948047582767	C(sex)[T.M]	-1467.2881914278928	979.6072117306646	0.1366976184435857	-3406.0524419057865	471.4760590500009	1.2862671374116312	TRUE	icv_etiv+total_wm+mean_cortical_thickness	0.2140214694189088
fber	entropy / information	B_acquisition_age_sex_anatomy	132	83	0.1281292752631944	0.08627948047582767	age	-51.63712730985873	50.09922788376212	0.3046730680547689	-150.7897170769179	47.51546245720044	1.2314702819886814	TRUE	icv_etiv+total_wm+mean_cortical_thickness	0.555487404560981
fber	entropy / information	B_acquisition_age_sex_anatomy	132	83	0.1281292752631944	0.08627948047582767	icv_etiv	-0.00018092894407979124	0.004214825454136294	0.9658283848439402	-0.008522591617272122	0.008160733729112538	2.7808277107323653	TRUE	icv_etiv+total_wm+mean_cortical_thickness	0.9801997465390107
fber	entropy / information	B_acquisition_age_sex_anatomy	132	83	0.1281292752631944	0.08627948047582767	total_wm	0.0074651216557401695	0.011807286987419414	0.5283802390196608	-0.015902964687661964	0.0308332079991423	2.7625549912036185	TRUE	icv_etiv+total_wm+mean_cortical_thickness	0.6038631303081837
fber	entropy / information	B_acquisition_age_sex_anatomy	132	83	0.1281292752631944	0.08627948047582767	mean_cortical_thickness	16238.041230868177	5612.855506928828	0.004502765003653236	5129.503574528924	27346.57888720743	1.1686380010010804	TRUE	icv_etiv+total_wm+mean_cortical_thickness	0.02101290335038177
fwhm_avg	smoothness / sharpness	A_acquisition_age_sex	132	83	0.07726020895971031	0.0556334951072035	"C(software_platform, Treatment(""E11""))[T.XA30]"	0.2284528812125877	0.07867335699986308	0.004343412083719125	0.07278420305976258	0.3841215593654128	1.054672241057326	TRUE	icv_etiv+total_wm+mean_cortical_thickness	0.081077025562757
fwhm_avg	smoothness / sharpness	A_acquisition_age_sex	132	83	0.07726020895971031	0.0556334951072035	C(sex)[T.M]	-0.03014648198157871	0.032590231390236195	0.3566982825716417	-0.09463182282220924	0.034338858859051816	1.0341868013958861	TRUE	icv_etiv+total_wm+mean_cortical_thickness	0.45397963236390765
fwhm_avg	smoothness / sharpness	A_acquisition_age_sex	132	83	0.07726020895971031	0.0556334951072035	age	0.0007620382317109153	0.0017398603529844056	0.6621330954989522	-0.0026805727314905344	0.004204649194912365	1.0789157431589922	TRUE	icv_etiv+total_wm+mean_cortical_thickness	0.9320236028916243
fwhm_avg	smoothness / sharpness	B_acquisition_age_sex_anatomy	132	83	0.13532472819469787	0.09382031514804334	"C(software_platform, Treatment(""E11""))[T.XA30]"	0.19579786946646838	0.07886044959112506	0.014359619218856853	0.039723252402579595	0.3518724865303572	1.1043504240334137	TRUE	icv_etiv+total_wm+mean_cortical_thickness	0.11487695375085483
fwhm_avg	smoothness / sharpness	B_acquisition_age_sex_anatomy	132	83	0.13532472819469787	0.09382031514804334	C(sex)[T.M]	-0.04317437202046913	0.03560331272341878	0.22755035739023335	-0.11363774660588138	0.027289002564943127	1.2862671374116312	TRUE	icv_etiv+total_wm+mean_cortical_thickness	0.2885342830275185
fwhm_avg	smoothness / sharpness	B_acquisition_age_sex_anatomy	132	83	0.13532472819469787	0.09382031514804334	age	0.0010021028944920117	0.0018208302840034818	0.5830581246560728	-0.002601546219704231	0.004605752008688254	1.2314702819886814	TRUE	icv_etiv+total_wm+mean_cortical_thickness	0.7593315111800016
fwhm_avg	smoothness / sharpness	B_acquisition_age_sex_anatomy	132	83	0.13532472819469787	0.09382031514804334	icv_etiv	-3.588002878876266e-07	1.5318563085415338e-07	0.020748023301388932	-6.619736631246714e-07	-5.562691265058181e-08	2.7808277107323653	TRUE	icv_etiv+total_wm+mean_cortical_thickness	0.11618893048777802
fwhm_avg	smoothness / sharpness	B_acquisition_age_sex_anatomy	132	83	0.13532472819469787	0.09382031514804334	total_wm	1.2304578386119217e-06	4.291296817686419e-07	0.004859749663148867	3.811569393646172e-07	2.079758737859226e-06	2.7625549912036185	TRUE	icv_etiv+total_wm+mean_cortical_thickness	0.03486066828233379
fwhm_avg	smoothness / sharpness	B_acquisition_age_sex_anatomy	132	83	0.13532472819469787	0.09382031514804334	mean_cortical_thickness	-0.10098693601173148	0.2039963033055883	0.6214388513960496	-0.5047209381122181	0.3027470660887551	1.1686380010010804	TRUE	icv_etiv+total_wm+mean_cortical_thickness	0.7317357375979663
fwhm_x	smoothness / sharpness	A_acquisition_age_sex	132	83	0.059316763024932495	0.037269499658329375	"C(software_platform, Treatment(""E11""))[T.XA30]"	0.17229968274111998	0.07640932196428823	0.025834663248533663	0.021110784716149744	0.3234885807660902	1.054672241057326	TRUE	icv_etiv+total_wm+mean_cortical_thickness	0.3616852854794713
fwhm_x	smoothness / sharpness	A_acquisition_age_sex	132	83	0.059316763024932495	0.037269499658329375	C(sex)[T.M]	-0.04575367129969175	0.03165236082644273	0.15075976992664944	-0.10838327499484332	0.016875932395459814	1.0341868013958861	TRUE	icv_etiv+total_wm+mean_cortical_thickness	0.2558347610876475
fwhm_x	smoothness / sharpness	A_acquisition_age_sex	132	83	0.059316763024932495	0.037269499658329375	age	0.000401527556612122	0.0016897912451392784	0.8125560568627092	-0.0029420131224198627	0.0037450682356441065	1.0789157431589922	TRUE	icv_etiv+total_wm+mean_cortical_thickness	0.9533202656311612
fwhm_x	smoothness / sharpness	B_acquisition_age_sex_anatomy	132	83	0.10621005952127271	0.06330814237829374	"C(software_platform, Treatment(""E11""))[T.XA30]"	0.1432651225837771	0.0771235561016361	0.06557825801180972	-0.009371966699604828	0.29590221186715904	1.1043504240334137	TRUE	icv_etiv+total_wm+mean_cortical_thickness	0.30603187072177873
fwhm_x	smoothness / sharpness	B_acquisition_age_sex_anatomy	132	83	0.10621005952127271	0.06330814237829374	C(sex)[T.M]	-0.05606381212873239	0.03481915333307586	0.10988915331952914	-0.12497523795910485	0.012847613701640073	1.2862671374116312	TRUE	icv_etiv+total_wm+mean_cortical_thickness	0.18099389958510684
fwhm_x	smoothness / sharpness	B_acquisition_age_sex_anatomy	132	83	0.10621005952127271	0.06330814237829374	age	0.0006337686658099262	0.0017807266796980618	0.722512016168906	-0.0028905104382316374	0.00415804776985149	1.2314702819886814	TRUE	icv_etiv+total_wm+mean_cortical_thickness	0.8257280184787498
fwhm_x	smoothness / sharpness	B_acquisition_age_sex_anatomy	132	83	0.10621005952127271	0.06330814237829374	icv_etiv	-3.160318511544154e-07	1.498117327050388e-07	0.0368936200053143	-6.125278632218888e-07	-1.9535839086942025e-08	2.7808277107323653	TRUE	icv_etiv+total_wm+mean_cortical_thickness	0.17217022669146675
fwhm_x	smoothness / sharpness	B_acquisition_age_sex_anatomy	132	83	0.10621005952127271	0.06330814237829374	total_wm	1.0613311483753318e-06	4.19678143586005e-07	0.012685889960772195	2.3073601621619496e-07	1.8919262805344686e-06	2.7625549912036185	TRUE	icv_etiv+total_wm+mean_cortical_thickness	0.043271721772737325
fwhm_x	smoothness / sharpness	B_acquisition_age_sex_anatomy	132	83	0.10621005952127271	0.06330814237829374	mean_cortical_thickness	-0.07951571231731525	0.19950330519400805	0.6908912522167057	-0.4743575135316864	0.31532608889705593	1.1686380010010804	TRUE	icv_etiv+total_wm+mean_cortical_thickness	0.7737982024827103
fwhm_y	smoothness / sharpness	A_acquisition_age_sex	132	83	0.0793646968750723	0.05778730695808176	"C(software_platform, Treatment(""E11""))[T.XA30]"	0.25957671852490677	0.08929606029274632	0.004303182863503114	0.0828892070202053	0.43626423002960824	1.054672241057326	TRUE	icv_etiv+total_wm+mean_cortical_thickness	0.081077025562757
fwhm_y	smoothness / sharpness	A_acquisition_age_sex	132	83	0.0793646968750723	0.05778730695808176	C(sex)[T.M]	-0.012982694638834752	0.03699065831374336	0.7261861614178267	-0.08617503195975601	0.060209642682086506	1.0341868013958861	TRUE	icv_etiv+total_wm+mean_cortical_thickness	0.8613982024394334
fwhm_y	smoothness / sharpness	A_acquisition_age_sex	132	83	0.0793646968750723	0.05778730695808176	age	0.0017396447809953177	0.0019747813097809558	0.3800066296544984	-0.0021677974314304343	0.00564708699342107	1.0789157431589922	TRUE	icv_etiv+total_wm+mean_cortical_thickness	0.6516226493557599
fwhm_y	smoothness / sharpness	B_acquisition_age_sex_anatomy	132	83	0.14092845825618616	0.09969302425248305	"C(software_platform, Treatment(""E11""))[T.XA30]"	0.22663374115461957	0.08931981688988139	0.012399924204252373	0.04985873810069619	0.40340874420854295	1.1043504240334137	TRUE	icv_etiv+total_wm+mean_cortical_thickness	0.11487695375085483
fwhm_y	smoothness / sharpness	B_acquisition_age_sex_anatomy	132	83	0.14092845825618616	0.09969302425248305	C(sex)[T.M]	-0.033196149679179734	0.04032542788707148	0.411958401634432	-0.11300517623233856	0.046612876873979095	1.2862671374116312	TRUE	icv_etiv+total_wm+mean_cortical_thickness	0.45234648022604296
fwhm_y	smoothness / sharpness	B_acquisition_age_sex_anatomy	132	83	0.14092845825618616	0.09969302425248305	age	0.0018420890414891505	0.0020623294490200923	0.373462244353839	-0.0022395168925913424	0.0059236949755696435	1.2314702819886814	TRUE	icv_etiv+total_wm+mean_cortical_thickness	0.6337541116307571
fwhm_y	smoothness / sharpness	B_acquisition_age_sex_anatomy	132	83	0.14092845825618616	0.09969302425248305	icv_etiv	-3.8372781852528143e-07	1.7350284672475123e-07	0.028808313386769212	-7.27111485527703e-07	-4.034415152285986e-08	2.7808277107323653	TRUE	icv_etiv+total_wm+mean_cortical_thickness	0.14666050451446144
fwhm_y	smoothness / sharpness	B_acquisition_age_sex_anatomy	132	83	0.14092845825618616	0.09969302425248305	total_wm	1.436856402416336e-06	4.860457275645786e-07	0.0037239962603428235	4.749115847226004e-07	2.3988012201100715e-06	2.7625549912036185	TRUE	icv_etiv+total_wm+mean_cortical_thickness	0.03475729842986636
fwhm_y	smoothness / sharpness	B_acquisition_age_sex_anatomy	132	83	0.14092845825618616	0.09969302425248305	mean_cortical_thickness	-0.17258230492242133	0.2310526068763172	0.4565027843011562	-0.6298640897309724	0.2846994798861298	1.1686380010010804	TRUE	icv_etiv+total_wm+mean_cortical_thickness	0.5945152539735987
fwhm_z	smoothness / sharpness	A_acquisition_age_sex	132	83	0.08197927077940104	0.06046315993829321	"C(software_platform, Treatment(""E11""))[T.XA30]"	0.25348224237173567	0.08186162367111305	0.0024067266978897643	0.0915050338950672	0.41545945084840413	1.054672241057326	TRUE	icv_etiv+total_wm+mean_cortical_thickness	0.081077025562757
fwhm_z	smoothness / sharpness	A_acquisition_age_sex	132	83	0.08197927077940104	0.06046315993829321	C(sex)[T.M]	-0.03170308000621014	0.03391096248030516	0.3516044458401071	-0.09880171295520632	0.03539555294278604	1.0341868013958861	TRUE	icv_etiv+total_wm+mean_cortical_thickness	0.45397963236390765
fwhm_z	smoothness / sharpness	A_acquisition_age_sex	132	83	0.08197927077940104	0.06046315993829321	age	0.00014494235752527057	0.0018103688324440912	0.9363127187797546	-0.003437181678647935	0.003727066393698476	1.0789157431589922	TRUE	icv_etiv+total_wm+mean_cortical_thickness	0.953336586393932
fwhm_z	smoothness / sharpness	B_acquisition_age_sex_anatomy	132	83	0.13337840258916345	0.0917805659134433	"C(software_platform, Treatment(""E11""))[T.XA30]"	0.2174947446610084	0.08235946866380481	0.00932625680213219	0.054495134591130034	0.3804943547308868	1.1043504240334137	TRUE	icv_etiv+total_wm+mean_cortical_thickness	0.11487695375085483
fwhm_z	smoothness / sharpness	B_acquisition_age_sex_anatomy	132	83	0.13337840258916345	0.0917805659134433	C(sex)[T.M]	-0.04026315425349561	0.037183023096815426	0.28096514130694633	-0.11385297172476583	0.03332666321777461	1.2862671374116312	TRUE	icv_etiv+total_wm+mean_cortical_thickness	0.32779266485810404
fwhm_z	smoothness / sharpness	B_acquisition_age_sex_anatomy	132	83	0.13337840258916345	0.0917805659134433	age	0.0005304509761769689	0.0019016200832612082	0.78074656614917	-0.0032330911775237956	0.004293993129877733	1.2314702819886814	TRUE	icv_etiv+total_wm+mean_cortical_thickness	0.8744361540870704
fwhm_z	smoothness / sharpness	B_acquisition_age_sex_anatomy	132	83	0.13337840258916345	0.0917805659134433	icv_etiv	-3.766411939831842e-07	1.599824402408384e-07	0.020117927614510565	-6.932662985444109e-07	-6.001608942195743e-08	2.7808277107323653	TRUE	icv_etiv+total_wm+mean_cortical_thickness	0.11618893048777802
fwhm_z	smoothness / sharpness	B_acquisition_age_sex_anatomy	132	83	0.13337840258916345	0.0917805659134433	total_wm	1.1931859650440956e-06	4.4817006194586124e-07	0.008779999091039638	3.062017903359218e-07	2.0801701397522692e-06	2.7625549912036185	TRUE	icv_etiv+total_wm+mean_cortical_thickness	0.03924228137699082
fwhm_z	smoothness / sharpness	B_acquisition_age_sex_anatomy	132	83	0.13337840258916345	0.0917805659134433	mean_cortical_thickness	-0.050862790795460466	0.21304756993826982	0.811698835935207	-0.4725103729092913	0.3707847913183704	1.1686380010010804	TRUE	icv_etiv+total_wm+mean_cortical_thickness	0.8587209049743408
icvs_csf	morphology / tissue	A_acquisition_age_sex	132	83	0.11139339749048549	0.0905666802441687	"C(software_platform, Treatment(""E11""))[T.XA30]"	0.0032822962197038806	0.002615115990570193	0.21172022130531443	-0.001892157559726001	0.008456749999133761	1.054672241057326	TRUE	icv_etiv+total_wm+mean_cortical_thickness	0.7973352210726662
icvs_csf	morphology / tissue	A_acquisition_age_sex	132	83	0.11139339749048549	0.0905666802441687	C(sex)[T.M]	-0.003391034072152975	0.001083304926789099	0.0021638873445670413	-0.005534537952253013	-0.0012475301920529362	1.0341868013958861	TRUE	icv_etiv+total_wm+mean_cortical_thickness	0.005648918190324988
icvs_csf	morphology / tissue	A_acquisition_age_sex	132	83	0.11139339749048549	0.0905666802441687	age	0.0001226004183118151	5.7833258983171876e-05	0.035945388227285456	8.16743461193263e-06	0.00023703340201169755	1.0789157431589922	TRUE	icv_etiv+total_wm+mean_cortical_thickness	0.09585436860609454
icvs_csf	morphology / tissue	B_acquisition_age_sex_anatomy	132	83	0.18389440822180325	0.14472133981644975	"C(software_platform, Treatment(""E11""))[T.XA30]"	0.003856732064265102	0.0025950996364676442	0.1397547961554343	-0.001279292192562195	0.008992756321092399	1.1043504240334137	TRUE	icv_etiv+total_wm+mean_cortical_thickness	0.43479269915024
icvs_csf	morphology / tissue	B_acquisition_age_sex_anatomy	132	83	0.18389440822180325	0.14472133981644975	C(sex)[T.M]	-0.0022111413719343737	0.0011716157387465101	0.06144460540306133	-0.004529914327439635	0.00010763158357088732	1.2862671374116312	TRUE	icv_etiv+total_wm+mean_cortical_thickness	0.12744066305820126
icvs_csf	morphology / tissue	B_acquisition_age_sex_anatomy	132	83	0.18389440822180325	0.14472133981644975	age	7.618059661821674e-05	5.99189585221245e-05	0.20594919930791675	-4.240645880303551e-05	0.00019476765203946898	1.2314702819886814	TRUE	icv_etiv+total_wm+mean_cortical_thickness	0.44358289081705143
icvs_csf	morphology / tissue	B_acquisition_age_sex_anatomy	132	83	0.18389440822180325	0.14472133981644975	icv_etiv	3.285219777066262e-10	5.0409549654205665e-09	0.9481422938969544	-9.64815352875493e-09	1.0305197484168182e-08	2.7808277107323653	TRUE	icv_etiv+total_wm+mean_cortical_thickness	0.9801997465390107
icvs_csf	morphology / tissue	B_acquisition_age_sex_anatomy	132	83	0.18389440822180325	0.14472133981644975	total_wm	-2.392015804478466e-08	1.4121581691827007e-08	0.09277989818293693	-5.186852083393572e-08	4.028204744366403e-09	2.7625549912036185	TRUE	icv_etiv+total_wm+mean_cortical_thickness	0.2164864290935195
icvs_csf	morphology / tissue	B_acquisition_age_sex_anatomy	132	83	0.18389440822180325	0.14472133981644975	mean_cortical_thickness	-0.012242004014624518	0.006713006777083514	0.07059790398581667	-0.025527877573713522	0.0010438695444644867	1.1686380010010804	TRUE	icv_etiv+total_wm+mean_cortical_thickness	0.13632698700709425
icvs_gm	morphology / tissue	A_acquisition_age_sex	132	83	0.3058518591712729	0.28958276212059963	"C(software_platform, Treatment(""E11""))[T.XA30]"	-0.0013873655053570516	0.0024381845761663494	0.5703425273889688	-0.006211730252689269	0.0034369992419751656	1.054672241057326	TRUE	icv_etiv+total_wm+mean_cortical_thickness	0.7973352210726662
icvs_gm	morphology / tissue	A_acquisition_age_sex	132	83	0.3058518591712729	0.28958276212059963	C(sex)[T.M]	-0.001396580828541009	0.0010100115533331643	0.1691529581877014	-0.003395061247099085	0.0006018995900170672	1.0341868013958861	TRUE	icv_etiv+total_wm+mean_cortical_thickness	0.2631268238475355
icvs_gm	morphology / tissue	A_acquisition_age_sex	132	83	0.3058518591712729	0.28958276212059963	age	-0.00036450968354538675	5.3920422861036685e-05	4.393912407341155e-10	-0.00047120045247029177	-0.0002578189146204817	1.0789157431589922	TRUE	icv_etiv+total_wm+mean_cortical_thickness	2.4605909481110472e-08
icvs_gm	morphology / tissue	B_acquisition_age_sex_anatomy	132	83	0.48411984544934894	0.4593575980309177	"C(software_platform, Treatment(""E11""))[T.XA30]"	-0.003371367758079849	0.0021765045507242653	0.12391404690098104	-0.007678940388636224	0.0009362048724765263	1.1043504240334137	TRUE	icv_etiv+total_wm+mean_cortical_thickness	0.4081874486149964
icvs_gm	morphology / tissue	B_acquisition_age_sex_anatomy	132	83	0.48411984544934894	0.4593575980309177	C(sex)[T.M]	-0.0008586521379368014	0.000982631630496067	0.38388701114975476	-0.0028034020885102234	0.0010860978126366206	1.2862671374116312	TRUE	icv_etiv+total_wm+mean_cortical_thickness	0.4299534524877253
icvs_gm	morphology / tissue	B_acquisition_age_sex_anatomy	132	83	0.48411984544934894	0.4593575980309177	age	-0.00024897082033795815	5.025390318946564e-05	2.3054308100036424e-06	-0.00034842953173166394	-0.00014951210894425238	1.2314702819886814	TRUE	icv_etiv+total_wm+mean_cortical_thickness	0.000129104125360204
icvs_gm	morphology / tissue	B_acquisition_age_sex_anatomy	132	83	0.48411984544934894	0.4593575980309177	icv_etiv	-6.797416292360663e-09	4.227838217868264e-09	0.11040726449533755	-1.5164832839984855e-08	1.5700002552635283e-09	2.7808277107323653	TRUE	icv_etiv+total_wm+mean_cortical_thickness	0.381266466741455
icvs_gm	morphology / tissue	B_acquisition_age_sex_anatomy	132	83	0.48411984544934894	0.4593575980309177	total_wm	8.579489014601826e-09	1.1843740557692905e-08	0.47017991734012243	-1.4860743468602268e-08	3.201972149780592e-08	2.7625549912036185	TRUE	icv_etiv+total_wm+mean_cortical_thickness	0.5851127860232634
icvs_gm	morphology / tissue	B_acquisition_age_sex_anatomy	132	83	0.48411984544934894	0.4593575980309177	mean_cortical_thickness	0.03596630943014715	0.005630184519332336	3.010542086140432e-09	0.024823475507568027	0.04710914335272627	1.1686380010010804	TRUE	icv_etiv+total_wm+mean_cortical_thickness	8.42951784119321e-08
icvs_wm	morphology / tissue	A_acquisition_age_sex	132	83	0.2657347825853149	0.24852544155215828	"C(software_platform, Treatment(""E11""))[T.XA30]"	-0.0018949307143469774	0.002572597448143332	0.46272403802721107	-0.0069852542933001496	0.0031953928646061944	1.054672241057326	TRUE	icv_etiv+total_wm+mean_cortical_thickness	0.7973352210726662
icvs_wm	morphology / tissue	A_acquisition_age_sex	132	83	0.2657347825853149	0.24852544155215828	C(sex)[T.M]	0.004787614900694044	0.0010656917323239208	1.5549999343295175e-05	0.0026789617350544003	0.006896268066333687	1.0341868013958861	TRUE	icv_etiv+total_wm+mean_cortical_thickness	5.442499770153312e-05
icvs_wm	morphology / tissue	A_acquisition_age_sex	132	83	0.2657347825853149	0.24852544155215828	age	0.00024190926523358163	5.689296192383437e-05	4.05321794797963e-05	0.00012933681991517834	0.0003544817105519849	1.0789157431589922	TRUE	icv_etiv+total_wm+mean_cortical_thickness	0.0004539604101737185
icvs_wm	morphology / tissue	B_acquisition_age_sex_anatomy	132	83	0.3782616301118903	0.348418188357261	"C(software_platform, Treatment(""E11""))[T.XA30]"	-0.000485364306185601	0.002451285314184776	0.8433635794255174	-0.005336762170505906	0.0043660335581347035	1.1043504240334137	TRUE	icv_etiv+total_wm+mean_cortical_thickness	0.891101140525075
icvs_wm	morphology / tissue	B_acquisition_age_sex_anatomy	132	83	0.3782616301118903	0.348418188357261	C(sex)[T.M]	0.003069793509871011	0.001106687548292474	0.006389245282638979	0.0008795215014730231	0.005260065518268999	1.2862671374116312	TRUE	icv_etiv+total_wm+mean_cortical_thickness	0.025556981130555916
icvs_wm	morphology / tissue	B_acquisition_age_sex_anatomy	132	83	0.3782616301118903	0.348418188357261	age	0.0001727902237194741	5.6598390675456364e-05	0.0027693469030598368	6.077498418045993e-05	0.0002848054632584883	1.2314702819886814	TRUE	icv_etiv+total_wm+mean_cortical_thickness	0.025847237761891812
icvs_wm	morphology / tissue	B_acquisition_age_sex_anatomy	132	83	0.3782616301118903	0.348418188357261	icv_etiv	6.4688943202323375e-09	4.761597089590716e-09	0.1767341043979449	-2.9548972790236966e-09	1.589268591948837e-08	2.7808277107323653	TRUE	icv_etiv+total_wm+mean_cortical_thickness	0.4712909450611864
icvs_wm	morphology / tissue	B_acquisition_age_sex_anatomy	132	83	0.3782616301118903	0.348418188357261	total_wm	1.5340669037857944e-08	1.333899682609267e-08	0.25231397224003443	-1.1058861175867028e-08	4.1740199251582916e-08	2.7625549912036185	TRUE	icv_etiv+total_wm+mean_cortical_thickness	0.39248840126227574
icvs_wm	morphology / tissue	B_acquisition_age_sex_anatomy	132	83	0.3782616301118903	0.348418188357261	mean_cortical_thickness	-0.023724305415522586	0.006340987719872798	0.0002775787233937826	-0.036273907089329746	-0.011174703741715426	1.1686380010010804	TRUE	icv_etiv+total_wm+mean_cortical_thickness	0.0019430510637564783
inu_med	homogeneity / bias field	A_acquisition_age_sex	132	83	0.02861673410258747	0.005849938808116906	"C(software_platform, Treatment(""E11""))[T.XA30]"	-0.0009235889993505263	0.025962529224555313	0.9716775196562459	-0.052294888763483524	0.050447710764782466	1.054672241057326	TRUE	icv_etiv+total_wm+mean_cortical_thickness	0.9716775196562459
inu_med	homogeneity / bias field	A_acquisition_age_sex	132	83	0.02861673410258747	0.005849938808116906	C(sex)[T.M]	0.01317656836156593	0.01075490950393155	0.22276172839699557	-0.008103857566276379	0.03445699428940824	1.0341868013958861	TRUE	icv_etiv+total_wm+mean_cortical_thickness	0.31186641975579377
inu_med	homogeneity / bias field	A_acquisition_age_sex	132	83	0.02861673410258747	0.005849938808116906	age	0.0007237249448393552	0.0005741610245649154	0.20978515965434982	-0.00041235073756793915	0.0018598006272466496	1.0789157431589922	TRUE	icv_etiv+total_wm+mean_cortical_thickness	0.41957031930869965
inu_med	homogeneity / bias field	B_acquisition_age_sex_anatomy	132	83	0.05860165870009726	0.013414538317701896	"C(software_platform, Treatment(""E11""))[T.XA30]"	0.007676888639555808	0.026465681133631166	0.7722436576238549	-0.044701978963696216	0.06005575624280784	1.1043504240334137	TRUE	icv_etiv+total_wm+mean_cortical_thickness	0.8479538201359976
inu_med	homogeneity / bias field	B_acquisition_age_sex_anatomy	132	83	0.05860165870009726	0.013414538317701896	C(sex)[T.M]	0.012324118666847603	0.011948523331079224	0.3043286735658446	-0.011323491929415112	0.03597172926311032	1.2862671374116312	TRUE	icv_etiv+total_wm+mean_cortical_thickness	0.34780419836096527
inu_med	homogeneity / bias field	B_acquisition_age_sex_anatomy	132	83	0.05860165870009726	0.013414538317701896	age	0.0002997240113038315	0.0006110732812803854	0.6246486292240437	-0.000909665852288113	0.001509113874895776	1.2314702819886814	TRUE	icv_etiv+total_wm+mean_cortical_thickness	0.7773405163676989
inu_med	homogeneity / bias field	B_acquisition_age_sex_anatomy	132	83	0.05860165870009726	0.013414538317701896	icv_etiv	4.097556194348999e-08	5.1409319645781095e-08	0.4269360101665637	-6.076986201530677e-08	1.4272098590228673e-07	2.7808277107323653	TRUE	icv_etiv+total_wm+mean_cortical_thickness	0.6137447076295072
inu_med	homogeneity / bias field	B_acquisition_age_sex_anatomy	132	83	0.05860165870009726	0.013414538317701896	total_wm	-9.6857724353906e-08	1.4401654291283205e-07	0.5024776199078008	-3.8188433658507645e-07	1.881688878772644e-07	2.7625549912036185	TRUE	icv_etiv+total_wm+mean_cortical_thickness	0.5862238898924343
inu_med	homogeneity / bias field	B_acquisition_age_sex_anatomy	132	83	0.05860165870009726	0.013414538317701896	mean_cortical_thickness	-0.12275049155642122	0.0684614549335869	0.07539326374622306	-0.2582442075800584	0.012743224467215972	1.1686380010010804	TRUE	icv_etiv+total_wm+mean_cortical_thickness	0.14073409232628303
inu_range	homogeneity / bias field	A_acquisition_age_sex	132	83	0.056283257423180855	0.034164896269036626	"C(software_platform, Treatment(""E11""))[T.XA30]"	0.013009625140829689	0.022655512328327986	0.566815447236773	-0.031818176690888114	0.0578374269725475	1.054672241057326	TRUE	icv_etiv+total_wm+mean_cortical_thickness	0.7973352210726662
inu_range	homogeneity / bias field	A_acquisition_age_sex	132	83	0.056283257423180855	0.034164896269036626	C(sex)[T.M]	0.024093710108177426	0.009384986445231296	0.011400446127989156	0.00552391100307658	0.04266350921327827	1.0341868013958861	TRUE	icv_etiv+total_wm+mean_cortical_thickness	0.022014654591979058
inu_range	homogeneity / bias field	A_acquisition_age_sex	132	83	0.056283257423180855	0.034164896269036626	age	0.00020377872751195237	0.0005010263852942728	0.6848910465715878	-0.0007875875760586866	0.0011951450310825912	1.0789157431589922	TRUE	icv_etiv+total_wm+mean_cortical_thickness	0.9320236028916243
inu_range	homogeneity / bias field	B_acquisition_age_sex_anatomy	132	83	0.07510951132068233	0.03071476786407501	"C(software_platform, Treatment(""E11""))[T.XA30]"	0.018155359022630463	0.023224313539135337	0.4358460004231035	-0.02780843982692823	0.06411915787218916	1.1043504240334137	TRUE	icv_etiv+total_wm+mean_cortical_thickness	0.6422993690445735
inu_range	homogeneity / bias field	B_acquisition_age_sex_anatomy	132	83	0.07510951132068233	0.03071476786407501	C(sex)[T.M]	0.018912336370728	0.010485135476752583	0.07368226072652606	-0.0018390480416342857	0.03966372078309029	1.2862671374116312	TRUE	icv_etiv+total_wm+mean_cortical_thickness	0.14736452145305212
inu_range	homogeneity / bias field	B_acquisition_age_sex_anatomy	132	83	0.07510951132068233	0.03071476786407501	age	-2.9567233199433583e-05	0.0005362324668005536	0.9561158909138239	-0.001090837836487239	0.0010317033700883718	1.2314702819886814	TRUE	icv_etiv+total_wm+mean_cortical_thickness	0.9734998162031662
inu_range	homogeneity / bias field	B_acquisition_age_sex_anatomy	132	83	0.07510951132068233	0.03071476786407501	icv_etiv	2.65957235955139e-08	4.511299566630263e-08	0.5565659992532138	-6.268849377490608e-08	1.1587994096593387e-07	2.7808277107323653	TRUE	icv_etiv+total_wm+mean_cortical_thickness	0.6775586077865212
inu_range	homogeneity / bias field	B_acquisition_age_sex_anatomy	132	83	0.07510951132068233	0.03071476786407501	total_wm	2.6873078312668915e-08	1.2637820770763025e-07	0.8319540466546067	-2.2324507946421461e-07	2.7699123608955243e-07	2.7625549912036185	TRUE	icv_etiv+total_wm+mean_cortical_thickness	0.8627671594936662
inu_range	homogeneity / bias field	B_acquisition_age_sex_anatomy	132	83	0.07510951132068233	0.03071476786407501	mean_cortical_thickness	-0.076697237385564	0.0600766814462431	0.2040904749522007	-0.19559644604854437	0.04220197127741637	1.1686380010010804	TRUE	icv_etiv+total_wm+mean_cortical_thickness	0.308893691819547
qi_2	artifact	A_acquisition_age_sex	132	83	0.11402108638004171	0.09325595559207389	"C(software_platform, Treatment(""E11""))[T.XA30]"	0.0004083275399318142	0.00023685594109751224	0.08713137802443452	-6.033240632365454e-05	0.000876987486187283	1.054672241057326	FALSE	icv_etiv+total_wm+mean_cortical_thickness	0.6099196461710417
qi_2	artifact	A_acquisition_age_sex	132	83	0.11402108638004171	0.09325595559207389	C(sex)[T.M]	0.00037061691875997743	9.811695116217694e-05	0.00024175723063477617	0.0001764757676225223	0.0005647580698974325	1.0341868013958861	FALSE	icv_etiv+total_wm+mean_cortical_thickness	0.0007521336064193035
qi_2	artifact	A_acquisition_age_sex	132	83	0.11402108638004171	0.09325595559207389	age	-7.5732832334398604e-06	5.238066316212849e-06	0.15067269535467137	-1.79376923627352e-05	2.7911258958554786e-06	1.0789157431589922	FALSE	icv_etiv+total_wm+mean_cortical_thickness	0.3186331194475184
qi_2	artifact	B_acquisition_age_sex_anatomy	132	83	0.18607870732266785	0.14701048527415583	"C(software_platform, Treatment(""E11""))[T.XA30]"	0.0004638741750129492	0.00023507609432244905	0.0506683793937051	-1.3705908041081595e-06	0.0009291189408300066	1.1043504240334137	FALSE	icv_etiv+total_wm+mean_cortical_thickness	0.2978980636708134
qi_2	artifact	B_acquisition_age_sex_anatomy	132	83	0.18607870732266785	0.14701048527415583	C(sex)[T.M]	0.00021450311427739622	0.00010613035740166442	0.045402381469521594	4.457965204564089e-06	0.00042454826335022836	1.2862671374116312	FALSE	icv_etiv+total_wm+mean_cortical_thickness	0.10170133449172837
qi_2	artifact	B_acquisition_age_sex_anatomy	132	83	0.18607870732266785	0.14701048527415583	age	-8.096323307675969e-06	5.427735624217706e-06	0.13830834371083348	-1.8838485741012413e-05	2.6458391256604745e-06	1.2314702819886814	FALSE	icv_etiv+total_wm+mean_cortical_thickness	0.35205760217303067
qi_2	artifact	B_acquisition_age_sex_anatomy	132	83	0.18607870732266785	0.14701048527415583	icv_etiv	5.595529171024862e-10	4.566329509179898e-10	0.22273262950641243	-3.441803652055995e-10	1.4632861994105718e-09	2.7808277107323653	FALSE	icv_etiv+total_wm+mean_cortical_thickness	0.542305532711265
qi_2	artifact	B_acquisition_age_sex_anatomy	132	83	0.18607870732266785	0.14701048527415583	total_wm	1.4949719600110686e-09	1.279198001926692e-09	0.2447569180979505	-1.0367196462978653e-09	4.026663566320003e-09	2.7625549912036185	FALSE	icv_etiv+total_wm+mean_cortical_thickness	0.39248840126227574
qi_2	artifact	B_acquisition_age_sex_anatomy	132	83	0.18607870732266785	0.14701048527415583	mean_cortical_thickness	-0.0002960641528895713	0.000608095115941264	0.6272020607982568	-0.0014995598576570822	0.0009074315518779397	1.1686380010010804	FALSE	icv_etiv+total_wm+mean_cortical_thickness	0.7317357375979663
rpve_csf	morphology / tissue	A_acquisition_age_sex	132	83	0.2323449134055081	0.2143529973134497	"C(software_platform, Treatment(""E11""))[T.XA30]"	-0.10571475104462774	0.23600217872930854	0.6549539315954044	-0.5726853825894617	0.3612558805002062	1.054672241057326	TRUE	icv_etiv+total_wm+mean_cortical_thickness	0.7973352210726662
rpve_csf	morphology / tissue	A_acquisition_age_sex	132	83	0.2323449134055081	0.2143529973134497	C(sex)[T.M]	-0.6083788058533033	0.09776328234476418	6.4177006612373194e-09	-0.8018201628112548	-0.4149374488953518	1.0341868013958861	TRUE	icv_etiv+total_wm+mean_cortical_thickness	8.984780925732248e-08
rpve_csf	morphology / tissue	A_acquisition_age_sex	132	83	0.2323449134055081	0.2143529973134497	age	0.005220567337613979	0.005219185371609071	0.3190695821851659	-0.005106482616976868	0.015547617292204826	1.0789157431589922	TRUE	icv_etiv+total_wm+mean_cortical_thickness	0.5763837613667513
rpve_csf	morphology / tissue	B_acquisition_age_sex_anatomy	132	83	0.7718983346796928	0.7609494547443181	"C(software_platform, Treatment(""E11""))[T.XA30]"	-0.34662019085269047	0.1332115390768026	0.010386663089643	-0.6102623594898198	-0.08297802221556122	1.1043504240334137	TRUE	icv_etiv+total_wm+mean_cortical_thickness	0.11487695375085483
rpve_csf	morphology / tissue	B_acquisition_age_sex_anatomy	132	83	0.7718983346796928	0.7609494547443181	C(sex)[T.M]	-0.16489371515395118	0.06014132697327502	0.007007914690910027	-0.2839208653380453	-0.045866564969857096	1.2862671374116312	TRUE	icv_etiv+total_wm+mean_cortical_thickness	0.026162881512730767
rpve_csf	morphology / tissue	B_acquisition_age_sex_anatomy	132	83	0.7718983346796928	0.7609494547443181	age	0.0076218273760813365	0.0030757573129161133	0.01454512277610428	0.0015345219234268745	0.013709132828735798	1.2314702819886814	TRUE	icv_etiv+total_wm+mean_cortical_thickness	0.06787723962181998
rpve_csf	morphology / tissue	B_acquisition_age_sex_anatomy	132	83	0.7718983346796928	0.7609494547443181	icv_etiv	-2.4519410416009223e-06	2.5876207600050524e-07	2.206024281465715e-16	-2.9640633048118184e-06	-1.9398187783900262e-06	2.7808277107323653	TRUE	icv_etiv+total_wm+mean_cortical_thickness	1.0698665993640636e-14
rpve_csf	morphology / tissue	B_acquisition_age_sex_anatomy	132	83	0.7718983346796928	0.7609494547443181	total_wm	-1.8940955447713975e-06	7.248884031010222e-07	0.010077523221419136	-3.328739659972819e-06	-4.594514295699762e-07	2.7625549912036185	TRUE	icv_etiv+total_wm+mean_cortical_thickness	0.03924228137699082
rpve_csf	morphology / tissue	B_acquisition_age_sex_anatomy	132	83	0.7718983346796928	0.7609494547443181	mean_cortical_thickness	0.7802549501407029	0.34459176520309726	0.025279262628263414	0.09826507972668108	1.4622448205547247	1.1686380010010804	TRUE	icv_etiv+total_wm+mean_cortical_thickness	0.06741136700870244
rpve_gm	morphology / tissue	A_acquisition_age_sex	132	83	0.2334450043539108	0.21547887164345558	"C(software_platform, Treatment(""E11""))[T.XA30]"	-0.10803456848433915	0.23649777670368893	0.6485818304133766	-0.5759858252943075	0.3599166883256293	1.054672241057326	TRUE	icv_etiv+total_wm+mean_cortical_thickness	0.7973352210726662
rpve_gm	morphology / tissue	A_acquisition_age_sex	132	83	0.2334450043539108	0.21547887164345558	C(sex)[T.M]	-0.6112695212945007	0.09796858250326151	5.9205534865529984e-09	-0.8051170996915336	-0.4174219428974679	1.0341868013958861	TRUE	icv_etiv+total_wm+mean_cortical_thickness	8.984780925732248e-08
rpve_gm	morphology / tissue	A_acquisition_age_sex	132	83	0.2334450043539108	0.21547887164345558	age	0.004568864557283931	0.005230145514909494	0.3839919183703585	-0.005779871913365271	0.014917601027933134	1.0789157431589922	TRUE	icv_etiv+total_wm+mean_cortical_thickness	0.6516226493557599
rpve_gm	morphology / tissue	B_acquisition_age_sex_anatomy	132	83	0.7658005195059614	0.7545589444422476	"C(software_platform, Treatment(""E11""))[T.XA30]"	-0.35212101374282107	0.13536083930765322	0.010406124250208513	-0.6200169142851649	-0.08422511320047721	1.1043504240334137	TRUE	icv_etiv+total_wm+mean_cortical_thickness	0.11487695375085483
rpve_gm	morphology / tissue	B_acquisition_age_sex_anatomy	132	83	0.7658005195059614	0.7545589444422476	C(sex)[T.M]	-0.1701465206372416	0.06111167660547014	0.006200872515109627	-0.2910941131729601	-0.049198928101523084	1.2862671374116312	TRUE	icv_etiv+total_wm+mean_cortical_thickness	0.025556981130555916
rpve_gm	morphology / tissue	B_acquisition_age_sex_anatomy	132	83	0.7658005195059614	0.7545589444422476	age	0.007140899837711268	0.0031253830881943314	0.02400964533523122	0.0009553788167560367	0.013326420858666498	1.2314702819886814	TRUE	icv_etiv+total_wm+mean_cortical_thickness	0.09399023357462301
rpve_gm	morphology / tissue	B_acquisition_age_sex_anatomy	132	83	0.7658005195059614	0.7545589444422476	icv_etiv	-2.465568944833884e-06	2.6293707010039787e-07	3.820952140585941e-16	-2.9859540395244787e-06	-1.9451838501432897e-06	2.7808277107323653	TRUE	icv_etiv+total_wm+mean_cortical_thickness	1.0698665993640636e-14
rpve_gm	morphology / tissue	B_acquisition_age_sex_anatomy	132	83	0.7658005195059614	0.7545589444422476	total_wm	-1.8105590334520964e-06	7.365841077143267e-07	0.015339450144861162	-3.268350399630125e-06	-3.5276766727406805e-07	2.7625549912036185	TRUE	icv_etiv+total_wm+mean_cortical_thickness	0.045211010953275
rpve_gm	morphology / tissue	B_acquisition_age_sex_anatomy	132	83	0.7658005195059614	0.7545589444422476	mean_cortical_thickness	0.8246763589505717	0.35015157755593873	0.020069718145436916	0.1316829298653035	1.5176697880358399	1.1686380010010804	TRUE	icv_etiv+total_wm+mean_cortical_thickness	0.06243912311913707
rpve_wm	morphology / tissue	A_acquisition_age_sex	132	83	0.22951184127153834	0.21145352505134007	"C(software_platform, Treatment(""E11""))[T.XA30]"	-0.11060968597817314	0.23593191989307247	0.6399955325605642	-0.5774412984118047	0.35622192645545847	1.054672241057326	TRUE	icv_etiv+total_wm+mean_cortical_thickness	0.7973352210726662
rpve_wm	morphology / tissue	A_acquisition_age_sex	132	83	0.22951184127153834	0.21145352505134007	C(sex)[T.M]	-0.6030241622832587	0.09773417780648769	8.31083359399348e-09	-0.7964079309397252	-0.4096403936267923	1.0341868013958861	TRUE	icv_etiv+total_wm+mean_cortical_thickness	9.308133625272697e-08
rpve_wm	morphology / tissue	A_acquisition_age_sex	132	83	0.22951184127153834	0.21145352505134007	age	0.00437043952454147	0.005217631598282553	0.4038004011392534	-0.005953536024060973	0.014694415073143913	1.0789157431589922	TRUE	icv_etiv+total_wm+mean_cortical_thickness	0.6650830136411233
rpve_wm	morphology / tissue	B_acquisition_age_sex_anatomy	132	83	0.7615216516255997	0.7500746909036284	"C(software_platform, Treatment(""E11""))[T.XA30]"	-0.35304640443419644	0.1359167141679655	0.010516763100015293	-0.6220424503143935	-0.0840503585539994	1.1043504240334137	TRUE	icv_etiv+total_wm+mean_cortical_thickness	0.11487695375085483
rpve_wm	morphology / tissue	B_acquisition_age_sex_anatomy	132	83	0.7615216516255997	0.7500746909036284	C(sex)[T.M]	-0.16423551967567332	0.061362638736543414	0.008437904645006876	-0.2856797974155453	-0.04279124193580139	1.2862671374116312	TRUE	icv_etiv+total_wm+mean_cortical_thickness	0.029532666257524067
rpve_wm	morphology / tissue	B_acquisition_age_sex_anatomy	132	83	0.7615216516255997	0.7500746909036284	age	0.006899218704083308	0.0031382178334312737	0.02975798067200433	0.0006882961293916421	0.013110141278774974	1.2314702819886814	TRUE	icv_etiv+total_wm+mean_cortical_thickness	0.10415293235201516
rpve_wm	morphology / tissue	B_acquisition_age_sex_anatomy	132	83	0.7615216516255997	0.7500746909036284	icv_etiv	-2.4525609267257086e-06	2.640168514305119e-07	6.219944638661624e-16	-2.9750830426796116e-06	-1.9300388107718055e-06	2.7808277107323653	TRUE	icv_etiv+total_wm+mean_cortical_thickness	1.1610563325501699e-14
rpve_wm	morphology / tissue	B_acquisition_age_sex_anatomy	132	83	0.7615216516255997	0.7500746909036284	total_wm	-1.8009922267842995e-06	7.396089750990017e-07	0.016300746512644834	-3.264770180931075e-06	-3.3721427263752424e-07	2.7625549912036185	TRUE	icv_etiv+total_wm+mean_cortical_thickness	0.04564209023540553
rpve_wm	morphology / tissue	B_acquisition_age_sex_anatomy	132	83	0.7615216516255997	0.7500746909036284	mean_cortical_thickness	0.8106598601568136	0.3515895152952257	0.022774852038772487	0.11482057382390698	1.5064991464897202	1.1686380010010804	TRUE	icv_etiv+total_wm+mean_cortical_thickness	0.06376958570856296
snr_csf	signal / SNR	A_acquisition_age_sex	132	83	0.1899890882322659	0.17100445748770965	"C(software_platform, Treatment(""E11""))[T.XA30]"	0.026167688663328928	0.05829765189785597	0.6542891243953572	-0.0891841757597002	0.14151955308635805	1.054672241057326	TRUE	icv_etiv+total_wm+mean_cortical_thickness	0.7973352210726662
snr_csf	signal / SNR	A_acquisition_age_sex	132	83	0.1899890882322659	0.17100445748770965	C(sex)[T.M]	0.13171638557119736	0.02414964909736691	2.444162114432199e-07	0.08393217886894344	0.17950059227345128	1.0341868013958861	TRUE	icv_etiv+total_wm+mean_cortical_thickness	1.9553296915457594e-06
snr_csf	signal / SNR	A_acquisition_age_sex	132	83	0.1899890882322659	0.17100445748770965	age	-0.0005652841868500715	0.0012892518773457474	0.6617926547061784	-0.003116289294625122	0.001985720920924979	1.0789157431589922	TRUE	icv_etiv+total_wm+mean_cortical_thickness	0.9320236028916243
snr_csf	signal / SNR	B_acquisition_age_sex_anatomy	132	83	0.2887390561928086	0.25459853089006335	"C(software_platform, Treatment(""E11""))[T.XA30]"	0.06403151769069644	0.056567212798689245	0.2598203342315615	-0.04792201696072804	0.17598505234212092	1.1043504240334137	TRUE	icv_etiv+total_wm+mean_cortical_thickness	0.5853698343092762
snr_csf	signal / SNR	B_acquisition_age_sex_anatomy	132	83	0.2887390561928086	0.25459853089006335	C(sex)[T.M]	0.0944226156490468	0.025538532656179065	0.0003248581637902857	0.043878689950513375	0.14496654134758025	1.2862671374116312	TRUE	icv_etiv+total_wm+mean_cortical_thickness	0.0025988653103222858
snr_csf	signal / SNR	B_acquisition_age_sex_anatomy	132	83	0.2887390561928086	0.25459853089006335	age	-0.0010017536184029514	0.0013060957004373233	0.4445376345165386	-0.003586679108321638	0.001583171871515735	1.2314702819886814	TRUE	icv_etiv+total_wm+mean_cortical_thickness	0.6728137171061125
snr_csf	signal / SNR	B_acquisition_age_sex_anatomy	132	83	0.2887390561928086	0.25459853089006335	icv_etiv	3.8293557567176966e-07	1.0988124241183048e-07	0.0006793575584640257	1.6546695964373222e-07	6.00404191699807e-07	2.7808277107323653	TRUE	icv_etiv+total_wm+mean_cortical_thickness	0.00634067054566424
snr_csf	signal / SNR	B_acquisition_age_sex_anatomy	132	83	0.2887390561928086	0.25459853089006335	total_wm	-3.231242086800424e-07	3.07818052682931e-07	0.29586999424774324	-9.323343380532725e-07	2.860859206931878e-07	2.7625549912036185	TRUE	icv_etiv+total_wm+mean_cortical_thickness	0.4360189388914111
snr_csf	signal / SNR	B_acquisition_age_sex_anatomy	132	83	0.2887390561928086	0.25459853089006335	mean_cortical_thickness	-0.06840531171821926	0.1463281322774987	0.6409712326859189	-0.35800684619203316	0.22119622275559467	1.1686380010010804	TRUE	icv_etiv+total_wm+mean_cortical_thickness	0.7325385516410502
snr_gm	signal / SNR	A_acquisition_age_sex	132	83	0.18013119007395018	0.1609155148413084	"C(software_platform, Treatment(""E11""))[T.XA30]"	-0.19515654712991548	0.2337108276945631	0.4052542934184493	-0.6575933491756021	0.26728025491577106	1.054672241057326	TRUE	icv_etiv+total_wm+mean_cortical_thickness	0.7973352210726662
snr_gm	signal / SNR	A_acquisition_age_sex	132	83	0.18013119007395018	0.1609155148413084	C(sex)[T.M]	-0.2569299570062991	0.09681409620009844	0.008967090110952359	-0.44849318700875096	-0.0653667270038473	1.0341868013958861	TRUE	icv_etiv+total_wm+mean_cortical_thickness	0.0185984091190123
snr_gm	signal / SNR	A_acquisition_age_sex	132	83	0.18013119007395018	0.1609155148413084	age	-0.019620213218395834	0.005168512170767643	0.0002258675477996551	-0.029846997587614856	-0.009393428849176811	1.0789157431589922	TRUE	icv_etiv+total_wm+mean_cortical_thickness	0.0014053980751978538
snr_gm	signal / SNR	B_acquisition_age_sex_anatomy	132	83	0.35593988846517854	0.32502500311150706	"C(software_platform, Treatment(""E11""))[T.XA30]"	-0.34973731410894965	0.2144936917551921	0.10550781859608889	-0.7742469507757801	0.07477232255788085	1.1043504240334137	TRUE	icv_etiv+total_wm+mean_cortical_thickness	0.4081874486149964
snr_gm	signal / SNR	B_acquisition_age_sex_anatomy	132	83	0.35593988846517854	0.32502500311150706	C(sex)[T.M]	-0.23723619687399655	0.0968379716873961	0.015677302279662755	-0.42889056134587966	-0.04558183240211344	1.2862671374116312	TRUE	icv_etiv+total_wm+mean_cortical_thickness	0.04877382931450635
snr_gm	signal / SNR	B_acquisition_age_sex_anatomy	132	83	0.35593988846517854	0.32502500311150706	age	-0.009507875624460182	0.004952502955543824	0.05716023298159906	-0.019309493625649824	0.00029374237672945974	1.2314702819886814	TRUE	icv_etiv+total_wm+mean_cortical_thickness	0.1710772996247979
snr_gm	signal / SNR	B_acquisition_age_sex_anatomy	132	83	0.35593988846517854	0.32502500311150706	icv_etiv	-3.7164806109593985e-07	4.1665184076573125e-07	0.37411371888124845	-1.1962537643811287e-06	4.529576421892491e-07	2.7808277107323653	TRUE	icv_etiv+total_wm+mean_cortical_thickness	0.6137447076295072
snr_gm	signal / SNR	B_acquisition_age_sex_anatomy	132	83	0.35593988846517854	0.32502500311150706	total_wm	6.727331890419846e-07	1.1671961060521968e-06	0.5654036017868159	-1.6372927648432702e-06	2.982759142927239e-06	2.7625549912036185	TRUE	icv_etiv+total_wm+mean_cortical_thickness	0.6332520340012338
snr_gm	signal / SNR	B_acquisition_age_sex_anatomy	132	83	0.35593988846517854	0.32502500311150706	mean_cortical_thickness	3.1777670925180854	0.5548525328893358	7.186735908846839e-08	2.079645067515357	4.275889117520814	1.1686380010010804	TRUE	icv_etiv+total_wm+mean_cortical_thickness	1.0061430272385576e-06
snr_total	signal / SNR	A_acquisition_age_sex	132	83	0.026510187051622447	0.0036940195606448567	"C(software_platform, Treatment(""E11""))[T.XA30]"	-0.1890779755640513	0.25853442847541147	0.4659049329269257	-0.7006325128622811	0.3224765617341786	1.054672241057326	TRUE	icv_etiv+total_wm+mean_cortical_thickness	0.7973352210726662
snr_total	signal / SNR	A_acquisition_age_sex	132	83	0.026510187051622447	0.0036940195606448567	C(sex)[T.M]	-0.033672168292100055	0.10709720758923243	0.7537234271345042	-0.24558229104564594	0.1782379544614458	1.0341868013958861	TRUE	icv_etiv+total_wm+mean_cortical_thickness	0.8613982024394334
snr_total	signal / SNR	A_acquisition_age_sex	132	83	0.026510187051622447	0.0036940195606448567	age	-0.008206589336074292	0.005717485806365601	0.15362668259076778	-0.019519611835368704	0.00310643316322012	1.0789157431589922	TRUE	icv_etiv+total_wm+mean_cortical_thickness	0.3186331194475184
snr_total	signal / SNR	B_acquisition_age_sex_anatomy	132	83	0.13126244094930373	0.08956303811487032	"C(software_platform, Treatment(""E11""))[T.XA30]"	-0.27452033765808126	0.2528958196444509	0.2797859160370709	-0.7750325514827914	0.22599187616662886	1.1043504240334137	TRUE	icv_etiv+total_wm+mean_cortical_thickness	0.5853698343092762
snr_total	signal / SNR	B_acquisition_age_sex_anatomy	132	83	0.13126244094930373	0.08956303811487032	C(sex)[T.M]	-0.16893266488360598	0.11417547071986259	0.14149905305057742	-0.3949000916873361	0.057034761920124105	1.2862671374116312	TRUE	icv_etiv+total_wm+mean_cortical_thickness	0.2140214694189088
snr_total	signal / SNR	B_acquisition_age_sex_anatomy	132	83	0.13126244094930373	0.08956303811487032	age	-0.0033755560653197045	0.005839180089563186	0.5642451460868705	-0.014932018159700421	0.008180906029061012	1.2314702819886814	TRUE	icv_etiv+total_wm+mean_cortical_thickness	0.7593315111800016
snr_total	signal / SNR	B_acquisition_age_sex_anatomy	132	83	0.13126244094930373	0.08956303811487032	icv_etiv	-3.4410761677718604e-07	4.912475882837624e-07	0.4849312634596501	-1.316347562433997e-06	6.281323288796248e-07	2.7808277107323653	TRUE	icv_etiv+total_wm+mean_cortical_thickness	0.6297540107500159
snr_total	signal / SNR	B_acquisition_age_sex_anatomy	132	83	0.13126244094930373	0.08956303811487032	total_wm	3.5748779278950677e-06	1.3761664201424542e-06	0.010511325368836826	8.512737872449739e-07	6.298482068545162e-06	2.7625549912036185	TRUE	icv_etiv+total_wm+mean_cortical_thickness	0.03924228137699082
snr_total	signal / SNR	B_acquisition_age_sex_anatomy	132	83	0.13126244094930373	0.08956303811487032	mean_cortical_thickness	1.1166422531945002	0.6541912022615537	0.09032263922801136	-0.1780833273584621	2.4113678337474624	1.1686380010010804	TRUE	icv_etiv+total_wm+mean_cortical_thickness	0.15806461864901988
snr_wm	signal / SNR	A_acquisition_age_sex	132	83	0.005498026480326823	-0.017810613524040564	"C(software_platform, Treatment(""E11""))[T.XA30]"	-0.3982450682255656	0.5927464939585565	0.5028810922999197	-1.5710952771522118	0.7746051407010806	1.054672241057326	TRUE	icv_etiv+total_wm+mean_cortical_thickness	0.7973352210726662
snr_wm	signal / SNR	A_acquisition_age_sex	132	83	0.005498026480326823	-0.017810613524040564	C(sex)[T.M]	0.02419706655880141	0.2455436774344613	0.9216538108812284	-0.46165305033747883	0.5100471834550816	1.0341868013958861	TRUE	icv_etiv+total_wm+mean_cortical_thickness	0.9384111528972509
snr_wm	signal / SNR	A_acquisition_age_sex	132	83	0.005498026480326823	-0.017810613524040564	age	-0.004434270602976998	0.013108581653771273	0.735712172989909	-0.030371839003731776	0.02150329779777778	1.0789157431589922	TRUE	icv_etiv+total_wm+mean_cortical_thickness	0.9533202656311612
snr_wm	signal / SNR	B_acquisition_age_sex_anatomy	132	83	0.12264143867813337	0.08052822773468371	"C(software_platform, Treatment(""E11""))[T.XA30]"	-0.5378552165559921	0.5765001173623041	0.3526359483110062	-1.6788204978994368	0.6031100647874527	1.1043504240334137	TRUE	icv_etiv+total_wm+mean_cortical_thickness	0.5853698343092762
snr_wm	signal / SNR	B_acquisition_age_sex_anatomy	132	83	0.12264143867813337	0.08052822773468371	C(sex)[T.M]	-0.3639844134258683	0.260273864401702	0.1644489579472492	-0.8790986935098835	0.15112986665814687	1.2862671374116312	TRUE	icv_etiv+total_wm+mean_cortical_thickness	0.22546188046741233
snr_wm	signal / SNR	B_acquisition_age_sex_anatomy	132	83	0.12264143867813337	0.08052822773468371	age	0.00038296104690398484	0.013310967384377918	0.9770936403572428	-0.025961095422950314	0.026727017516758284	1.2314702819886814	TRUE	icv_etiv+total_wm+mean_cortical_thickness	0.9770936403572428
snr_wm	signal / SNR	B_acquisition_age_sex_anatomy	132	83	0.12264143867813337	0.08052822773468371	icv_etiv	-1.0436103649073933e-06	1.1198456846684854e-06	0.353172610241414	-3.2599239582419137e-06	1.172703228427127e-06	2.7808277107323653	TRUE	icv_etiv+total_wm+mean_cortical_thickness	0.6137447076295072
snr_wm	signal / SNR	B_acquisition_age_sex_anatomy	132	83	0.12264143867813337	0.08052822773468371	total_wm	1.0375024803323276e-05	3.137102478947975e-06	0.00123069365614024	4.166309653580034e-06	1.658373995306652e-05	2.7625549912036185	TRUE	icv_etiv+total_wm+mean_cortical_thickness	0.01722971118596336
snr_wm	signal / SNR	B_acquisition_age_sex_anatomy	132	83	0.12264143867813337	0.08052822773468371	mean_cortical_thickness	0.24056497878363658	1.4912911783650666	0.8721071482020515	-2.7108853464536313	3.192015304020905	1.1686380010010804	TRUE	icv_etiv+total_wm+mean_cortical_thickness	0.8970797537862184
snrd_csf	signal / SNR	A_acquisition_age_sex	132	83	0.1666953800979163	0.14716480306896118	"C(software_platform, Treatment(""E11""))[T.XA30]"	-3.889949611891701	6.517850375283809	0.5516851852972442	-16.78663015293041	9.006730929147007	1.054672241057326	TRUE	icv_etiv+total_wm+mean_cortical_thickness	0.7973352210726662
snrd_csf	signal / SNR	A_acquisition_age_sex	132	83	0.1666953800979163	0.14716480306896118	C(sex)[T.M]	-13.357766730148597	2.7000023895994016	2.3187958913759604e-06	-18.700182752883453	-8.015350707413742	1.0341868013958861	TRUE	icv_etiv+total_wm+mean_cortical_thickness	1.1804779083368527e-05
snrd_csf	signal / SNR	A_acquisition_age_sex	132	83	0.1666953800979163	0.14716480306896118	age	-0.017144801992215512	0.14414218341617943	0.9055064439183169	-0.3023547385466932	0.26806513456226216	1.0789157431589922	TRUE	icv_etiv+total_wm+mean_cortical_thickness	0.9533202656311612
snrd_csf	signal / SNR	B_acquisition_age_sex_anatomy	132	83	0.24860932760370968	0.2125425753286877	"C(software_platform, Treatment(""E11""))[T.XA30]"	-3.3914975764599946	6.408849353411694	0.5976123168096631	-16.075405845307223	9.292410692387236	1.1043504240334137	TRUE	icv_etiv+total_wm+mean_cortical_thickness	0.7377974625312399
snrd_csf	signal / SNR	B_acquisition_age_sex_anatomy	132	83	0.24860932760370968	0.2125425753286877	C(sex)[T.M]	-9.652922907398697	2.8934182966219826	0.0011188231630955485	-15.379356816821236	-3.9264889979761586	1.2862671374116312	TRUE	icv_etiv+total_wm+mean_cortical_thickness	0.005695827012122792
snrd_csf	signal / SNR	B_acquisition_age_sex_anatomy	132	83	0.24860932760370968	0.2125425753286877	age	-0.12122345088752048	0.14797565888619305	0.41422458143992336	-0.4140856449934788	0.17163874321843783	1.2314702819886814	TRUE	icv_etiv+total_wm+mean_cortical_thickness	0.6477001046316424
snrd_csf	signal / SNR	B_acquisition_age_sex_anatomy	132	83	0.24860932760370968	0.2125425753286877	icv_etiv	-8.523800078864544e-06	1.2449125465829052e-05	0.4948067227321553	-3.3162164429227557e-05	1.6114564271498472e-05	2.7808277107323653	TRUE	icv_etiv+total_wm+mean_cortical_thickness	0.6297540107500159
snrd_csf	signal / SNR	B_acquisition_age_sex_anatomy	132	83	0.24860932760370968	0.2125425753286877	total_wm	-4.890976559554992e-05	3.487461075598834e-05	0.16326071090820574	-0.00011793094854865364	2.01114173575538e-05	2.7625549912036185	TRUE	icv_etiv+total_wm+mean_cortical_thickness	0.31526206244343175
snrd_csf	signal / SNR	B_acquisition_age_sex_anatomy	132	83	0.24860932760370968	0.2125425753286877	mean_cortical_thickness	-28.862812402347174	16.57841900872865	0.08414634470888244	-61.67356115825094	3.9479363535565923	1.1686380010010804	TRUE	icv_etiv+total_wm+mean_cortical_thickness	0.1520063001192715
snrd_gm	signal / SNR	A_acquisition_age_sex	132	83	0.17548975908984066	0.15616530031850884	"C(software_platform, Treatment(""E11""))[T.XA30]"	-6.621802959614784	12.475080845013775	0.5964754855656	-31.30588177674601	18.062275857516443	1.054672241057326	TRUE	icv_etiv+total_wm+mean_cortical_thickness	0.7973352210726662
snrd_gm	signal / SNR	A_acquisition_age_sex	132	83	0.17548975908984066	0.15616530031850884	C(sex)[T.M]	-26.684448810166927	5.167769456585025	9.018362668935347e-07	-36.90976359248306	-16.459134027850794	1.0341868013958861	TRUE	icv_etiv+total_wm+mean_cortical_thickness	5.764186117471477e-06
snrd_gm	signal / SNR	A_acquisition_age_sex	132	83	0.17548975908984066	0.15616530031850884	age	0.05039171219847164	0.2758862642985024	0.8553585415781677	-0.49549639683370755	0.5962798212306508	1.0789157431589922	TRUE	icv_etiv+total_wm+mean_cortical_thickness	0.9533202656311612
snrd_gm	signal / SNR	B_acquisition_age_sex_anatomy	132	83	0.2633186849286767	0.22795798180525317	"C(software_platform, Treatment(""E11""))[T.XA30]"	-5.952897096913437	12.210398579468123	0.6267389694866117	-30.118791310917636	18.212997117090758	1.1043504240334137	TRUE	icv_etiv+total_wm+mean_cortical_thickness	0.7377974625312399
snrd_gm	signal / SNR	B_acquisition_age_sex_anatomy	132	83	0.2633186849286767	0.22795798180525317	C(sex)[T.M]	-19.43355409743281	5.512657375863052	0.0005920240693295322	-30.343787216863003	-8.52332097800262	1.2862671374116312	TRUE	icv_etiv+total_wm+mean_cortical_thickness	0.003682105430807284
snrd_gm	signal / SNR	B_acquisition_age_sex_anatomy	132	83	0.2633186849286767	0.22795798180525317	age	-0.16011078390061545	0.2819292006135196	0.5711138753996774	-0.7180836619785935	0.39786209417736257	1.2314702819886814	TRUE	icv_etiv+total_wm+mean_cortical_thickness	0.7593315111800016
snrd_gm	signal / SNR	B_acquisition_age_sex_anatomy	132	83	0.2633186849286767	0.22795798180525317	icv_etiv	-2.135172298766014e-05	2.3718576537090698e-05	0.36973902087892474	-6.829372965285642e-05	2.559028367753614e-05	2.7808277107323653	TRUE	icv_etiv+total_wm+mean_cortical_thickness	0.6137447076295072
snrd_gm	signal / SNR	B_acquisition_age_sex_anatomy	132	83	0.2633186849286767	0.22795798180525317	total_wm	-8.30319587729973e-05	6.644451666003591e-05	0.21376454115137428	-0.0002145339036322789	4.8469986086284295e-05	2.7625549912036185	TRUE	icv_etiv+total_wm+mean_cortical_thickness	0.386155300144418
snrd_gm	signal / SNR	B_acquisition_age_sex_anatomy	132	83	0.2633186849286767	0.22795798180525317	mean_cortical_thickness	-60.64117756655413	31.585873337192158	0.0571512121206203	-123.15354100463367	1.8711858715254124	1.1686380010010804	TRUE	icv_etiv+total_wm+mean_cortical_thickness	0.13153362305558775
snrd_total	signal / SNR	A_acquisition_age_sex	132	83	0.17440290064876685	0.15505296863272233	"C(software_platform, Treatment(""E11""))[T.XA30]"	-6.370285324735094	11.870581376894853	0.5924445252178319	-29.858258665569913	17.117688016099727	1.054672241057326	TRUE	icv_etiv+total_wm+mean_cortical_thickness	0.7973352210726662
snrd_total	signal / SNR	A_acquisition_age_sex	132	83	0.17440290064876685	0.15505296863272233	C(sex)[T.M]	-25.23191513537486	4.917357140490459	1.0406275541272405e-06	-34.96174636739967	-15.502083903350046	1.0341868013958861	TRUE	icv_etiv+total_wm+mean_cortical_thickness	5.8275143031125465e-06
snrd_total	signal / SNR	A_acquisition_age_sex	132	83	0.17440290064876685	0.15505296863272233	age	0.0266585661707619	0.26251776576116276	0.9192731132871912	-0.49277768449977066	0.5460948168412945	1.0789157431589922	TRUE	icv_etiv+total_wm+mean_cortical_thickness	0.9533202656311612
snrd_total	signal / SNR	B_acquisition_age_sex_anatomy	132	83	0.2607761753297878	0.22529343174561756	"C(software_platform, Treatment(""E11""))[T.XA30]"	-5.7279060772844	11.631093844046998	0.6232545629956132	-28.747284322727282	17.291472168158485	1.1043504240334137	TRUE	icv_etiv+total_wm+mean_cortical_thickness	0.7377974625312399
snrd_total	signal / SNR	B_acquisition_age_sex_anatomy	132	83	0.2607761753297878	0.22529343174561756	C(sex)[T.M]	-18.35048007205835	5.251117303947499	0.0006575188269298722	-28.74309292958636	-7.957867214530337	1.2862671374116312	TRUE	icv_etiv+total_wm+mean_cortical_thickness	0.003682105430807284
snrd_total	signal / SNR	B_acquisition_age_sex_anatomy	132	83	0.2607761753297878	0.22529343174561756	age	-0.17010294652548222	0.26855347664300705	0.5276268270461668	-0.7016036068127444	0.36139771376178	1.2314702819886814	TRUE	icv_etiv+total_wm+mean_cortical_thickness	0.7593315111800016
snrd_total	signal / SNR	B_acquisition_age_sex_anatomy	132	83	0.2607761753297878	0.22529343174561756	icv_etiv	-1.9732726133150116e-05	2.2593282910026842e-05	0.3841258169185999	-6.444763705087058e-05	2.4982184784570348e-05	2.7808277107323653	TRUE	icv_etiv+total_wm+mean_cortical_thickness	0.6137447076295072
snrd_total	signal / SNR	B_acquisition_age_sex_anatomy	132	83	0.2607761753297878	0.22529343174561756	total_wm	-8.023532303674267e-05	6.329215247688381e-05	0.20726224448105346	-0.0002054983479395401	4.5027701866054765e-05	2.7625549912036185	TRUE	icv_etiv+total_wm+mean_cortical_thickness	0.386155300144418
snrd_total	signal / SNR	B_acquisition_age_sex_anatomy	132	83	0.2607761753297878	0.22529343174561756	mean_cortical_thickness	-56.35056820281177	30.08732716954983	0.06341799683037266	-115.89712279146198	3.195986385838438	1.1686380010010804	TRUE	icv_etiv+total_wm+mean_cortical_thickness	0.13153362305558775
snrd_wm	signal / SNR	A_acquisition_age_sex	132	83	0.1755966392408893	0.15627468547309764	"C(software_platform, Treatment(""E11""))[T.XA30]"	-8.599103402698798	16.687799156783257	0.6072371964759831	-41.6187651418159	24.4205583364183	1.054672241057326	TRUE	icv_etiv+total_wm+mean_cortical_thickness	0.7973352210726662
snrd_wm	signal / SNR	A_acquisition_age_sex	132	83	0.1755966392408893	0.15627468547309764	C(sex)[T.M]	-35.653529865809055	6.9128769465665645	9.263870545936304e-07	-49.331837968347855	-21.975221763270255	1.0341868013958861	TRUE	icv_etiv+total_wm+mean_cortical_thickness	5.764186117471477e-06
snrd_wm	signal / SNR	A_acquisition_age_sex	132	83	0.1755966392408893	0.15627468547309764	age	0.04672878830602954	0.3690504795861744	0.8994406725084394	-0.6835006377618821	0.7769582143739412	1.0789157431589922	TRUE	icv_etiv+total_wm+mean_cortical_thickness	0.9533202656311612
snrd_wm	signal / SNR	B_acquisition_age_sex_anatomy	132	83	0.2621408653541253	0.22672362689112324	"C(software_platform, Treatment(""E11""))[T.XA30]"	-7.83932355847977	16.347847894097026	0.632397825026777	-40.19374346248495	24.515096345525414	1.1043504240334137	TRUE	icv_etiv+total_wm+mean_cortical_thickness	0.7377974625312399
snrd_wm	signal / SNR	B_acquisition_age_sex_anatomy	132	83	0.2621408653541253	0.22672362689112324	C(sex)[T.M]	-25.96496321134354	7.380601352720691	0.0006069446403269286	-40.57208929038049	-11.357837132306594	1.2862671374116312	TRUE	icv_etiv+total_wm+mean_cortical_thickness	0.003682105430807284
snrd_wm	signal / SNR	B_acquisition_age_sex_anatomy	132	83	0.2621408653541253	0.22672362689112324	age	-0.22897460478831072	0.37745988867915786	0.5452034959219028	-0.9760145708045276	0.5180653612279063	1.2314702819886814	TRUE	icv_etiv+total_wm+mean_cortical_thickness	0.7593315111800016
snrd_wm	signal / SNR	B_acquisition_age_sex_anatomy	132	83	0.2621408653541253	0.22672362689112324	icv_etiv	-2.9322655332925646e-05	3.175553025311213e-05	0.3575843689106837	-9.217079086362878e-05	3.3525480197777485e-05	2.7808277107323653	TRUE	icv_etiv+total_wm+mean_cortical_thickness	0.6137447076295072
snrd_wm	signal / SNR	B_acquisition_age_sex_anatomy	132	83	0.2621408653541253	0.22672362689112324	total_wm	-0.00010876424474168081	8.895900037051684e-05	0.22376843392138085	-0.00028482514712306015	6.729665763969852e-05	2.7625549912036185	TRUE	icv_etiv+total_wm+mean_cortical_thickness	0.39069923408402424
snrd_wm	signal / SNR	B_acquisition_age_sex_anatomy	132	83	0.2621408653541253	0.22672362689112324	mean_cortical_thickness	-79.54771463953404	42.288632067006986	0.06228926217949515	-163.24216591687733	4.146736637809255	1.1686380010010804	TRUE	icv_etiv+total_wm+mean_cortical_thickness	0.13153362305558775
summary_bg_k	intensity	A_acquisition_age_sex	132	83	0.015480491944165897	-0.007594184025892625	"C(software_platform, Treatment(""E11""))[T.XA30]"	-139.99022507111266	668.7968589160366	0.8345339305460708	-1463.3190742570205	1183.338624114795	1.054672241057326	FALSE	icv_etiv+total_wm+mean_cortical_thickness	0.9112587570050414
summary_bg_k	intensity	A_acquisition_age_sex	132	83	0.015480491944165897	-0.007594184025892625	C(sex)[T.M]	-390.3778490358472	277.04734126414246	0.1612405400147308	-938.5633472143315	157.80764914263722	1.0341868013958861	FALSE	icv_etiv+total_wm+mean_cortical_thickness	0.2610866483812639
summary_bg_k	intensity	A_acquisition_age_sex	132	83	0.015480491944165897	-0.007594184025892625	age	5.910023265389561	14.790434568980476	0.6901287983908053	-23.355378472368336	35.17542500314746	1.0789157431589922	FALSE	icv_etiv+total_wm+mean_cortical_thickness	0.9320236028916243
summary_bg_k	intensity	B_acquisition_age_sex_anatomy	132	83	0.05619609938062531	0.01089351215089529	"C(software_platform, Treatment(""E11""))[T.XA30]"	-263.44181812537715	678.0592069221444	0.6982897480687534	-1605.4051421453769	1078.5215058946224	1.1043504240334137	FALSE	icv_etiv+total_wm+mean_cortical_thickness	0.7820845178370038
summary_bg_k	intensity	B_acquisition_age_sex_anatomy	132	83	0.05619609938062531	0.01089351215089529	C(sex)[T.M]	-221.64741480958295	306.12498551820676	0.4703927311627737	-827.5067541382746	384.2119245191086	1.2862671374116312	FALSE	icv_etiv+total_wm+mean_cortical_thickness	0.5065767874060639
summary_bg_k	intensity	B_acquisition_age_sex_anatomy	132	83	0.05619609938062531	0.01089351215089529	age	16.041985267212414	15.6558927157089	0.30750195609625736	-14.942969460620915	47.026939995045744	1.2314702819886814	FALSE	icv_etiv+total_wm+mean_cortical_thickness	0.555487404560981
summary_bg_k	intensity	B_acquisition_age_sex_anatomy	132	83	0.05619609938062531	0.01089351215089529	icv_etiv	3.2754485753974715e-05	0.001317123195560947	0.9801997465390107	-0.002573995785630162	0.0026395047571381113	2.7808277107323653	FALSE	icv_etiv+total_wm+mean_cortical_thickness	0.9801997465390107
summary_bg_k	intensity	B_acquisition_age_sex_anatomy	132	83	0.05619609938062531	0.01089351215089529	total_wm	-0.0033130733754597554	0.003689749845397075	0.37095831951975355	-0.010615546252138616	0.0039893995012191055	2.7625549912036185	FALSE	icv_etiv+total_wm+mean_cortical_thickness	0.4983932097950194
summary_bg_k	intensity	B_acquisition_age_sex_anatomy	132	83	0.05619609938062531	0.01089351215089529	mean_cortical_thickness	3694.505168264467	1754.0043501096538	0.037175853512288526	223.1128709706445	7165.89746555829	1.1686380010010804	FALSE	icv_etiv+total_wm+mean_cortical_thickness	0.09442006061007968
summary_bg_mad	intensity	A_acquisition_age_sex	132	83	0.014975042662848215	-0.008111479774741248	"C(software_platform, Treatment(""E11""))[T.XA30]"	-0.5834672757904107	1.1300647602343887	0.6065265505674284	-2.819493475270912	1.6525589236900906	1.054672241057326	FALSE	icv_etiv+total_wm+mean_cortical_thickness	0.7973352210726662
summary_bg_mad	intensity	A_acquisition_age_sex	132	83	0.014975042662848215	-0.008111479774741248	C(sex)[T.M]	-0.5875231395037113	0.46812635721206874	0.2117462921219456	-1.5137911165499531	0.3387448375425307	1.0341868013958861	FALSE	icv_etiv+total_wm+mean_cortical_thickness	0.31186641975579377
summary_bg_mad	intensity	A_acquisition_age_sex	132	83	0.014975042662848215	-0.008111479774741248	age	-0.003371670918635388	0.024991368712537116	0.892892252677669	-0.05282136368714525	0.046078021849874466	1.0789157431589922	FALSE	icv_etiv+total_wm+mean_cortical_thickness	0.9533202656311612
summary_bg_mad	intensity	B_acquisition_age_sex_anatomy	132	83	0.11872293959313363	0.07642164069360402	"C(software_platform, Treatment(""E11""))[T.XA30]"	-0.5479879952406929	1.1068292292904787	0.621400718730251	-2.738540407917676	1.6425644174362901	1.1043504240334137	FALSE	icv_etiv+total_wm+mean_cortical_thickness	0.7377974625312399
summary_bg_mad	intensity	B_acquisition_age_sex_anatomy	132	83	0.11872293959313363	0.07642164069360402	C(sex)[T.M]	-0.3346068782185808	0.4997027963467803	0.5043403130414781	-1.3235807300029006	0.6543669735657389	1.2862671374116312	FALSE	icv_etiv+total_wm+mean_cortical_thickness	0.5230195838948664
summary_bg_mad	intensity	B_acquisition_age_sex_anatomy	132	83	0.11872293959313363	0.07642164069360402	age	-0.029492936339167216	0.02555587991650435	0.25067859352574157	-0.08007119441884245	0.021085321740508017	1.2314702819886814	FALSE	icv_etiv+total_wm+mean_cortical_thickness	0.5013571870514834
summary_bg_mad	intensity	B_acquisition_age_sex_anatomy	132	83	0.11872293959313363	0.07642164069360402	icv_etiv	-3.342575003210199e-06	2.1500046552582614e-06	0.12254993573832473	-7.5977010517532366e-06	9.125510453328388e-07	2.7808277107323653	FALSE	icv_etiv+total_wm+mean_cortical_thickness	0.381266466741455
summary_bg_mad	intensity	B_acquisition_age_sex_anatomy	132	83	0.11872293959313363	0.07642164069360402	total_wm	4.102878091032485e-06	6.022959257781199e-06	0.49700098163989115	-7.817305785973909e-06	1.602306196803888e-05	2.7625549912036185	FALSE	icv_etiv+total_wm+mean_cortical_thickness	0.5862238898924343
summary_bg_mad	intensity	B_acquisition_age_sex_anatomy	132	83	0.11872293959313363	0.07642164069360402	mean_cortical_thickness	-9.298659595263434	2.863147145831657	0.0014940125264320098	-14.965183140337569	-3.6321360501893	1.1686380010010804	FALSE	icv_etiv+total_wm+mean_cortical_thickness	0.007605881952744808
summary_bg_mean	intensity	A_acquisition_age_sex	132	83	0.032545451658856694	0.009870735682111165	"C(software_platform, Treatment(""E11""))[T.XA30]"	-2.0049777195268756	2.183469205691495	0.3602133478546795	-6.325344588300323	2.315389149246572	1.054672241057326	FALSE	icv_etiv+total_wm+mean_cortical_thickness	0.7973352210726662
summary_bg_mean	intensity	A_acquisition_age_sex	132	83	0.032545451658856694	0.009870735682111165	C(sex)[T.M]	1.5034909888828272	0.9044963804844999	0.09891150335731227	-0.2862096329462618	3.293191610711916	1.0341868013958861	FALSE	icv_etiv+total_wm+mean_cortical_thickness	0.1730951308752965
summary_bg_mean	intensity	A_acquisition_age_sex	132	83	0.032545451658856694	0.009870735682111165	age	0.02593868578242028	0.048287395476865135	0.5920806794051147	-0.06960617606120721	0.12148354762604778	1.0789157431589922	FALSE	icv_etiv+total_wm+mean_cortical_thickness	0.9210143901857338
summary_bg_mean	intensity	B_acquisition_age_sex_anatomy	132	83	0.08795255136019975	0.04417427382548933	"C(software_platform, Treatment(""E11""))[T.XA30]"	-1.8807047834945367	2.1952560059001884	0.39324283622308853	-6.225388871075907	2.463979304086834	1.1043504240334137	FALSE	icv_etiv+total_wm+mean_cortical_thickness	0.6117110785692488
summary_bg_mean	intensity	B_acquisition_age_sex_anatomy	132	83	0.08795255136019975	0.04417427382548933	C(sex)[T.M]	1.3839634142794996	0.9910973940836321	0.1650703053422126	-0.57754133311455	3.3454681616735495	1.2862671374116312	FALSE	icv_etiv+total_wm+mean_cortical_thickness	0.22546188046741233
summary_bg_mean	intensity	B_acquisition_age_sex_anatomy	132	83	0.08795255136019975	0.04417427382548933	age	-0.01253930447125518	0.05068686061781509	0.80501409332142	-0.11285489234975099	0.08777628340724064	1.2314702819886814	FALSE	icv_etiv+total_wm+mean_cortical_thickness	0.8839370436470495
summary_bg_mean	intensity	B_acquisition_age_sex_anatomy	132	83	0.08795255136019975	0.04417427382548933	icv_etiv	-4.15460874838597e-06	4.2642627311122314e-06	0.33179653285661925	-1.2594113928344443e-05	4.284896431572503e-06	2.7808277107323653	FALSE	icv_etiv+total_wm+mean_cortical_thickness	0.6137447076295072
summary_bg_mean	intensity	B_acquisition_age_sex_anatomy	132	83	0.08795255136019975	0.04417427382548933	total_wm	1.3472000309066106e-05	1.194577910850087e-05	0.26158032660296304	-1.017017913013023e-05	3.711417974826244e-05	2.7625549912036185	FALSE	icv_etiv+total_wm+mean_cortical_thickness	0.395905359182863
summary_bg_mean	intensity	B_acquisition_age_sex_anatomy	132	83	0.08795255136019975	0.04417427382548933	mean_cortical_thickness	-14.508032885728321	5.678690805529305	0.011823727144099745	-25.746866768777302	-3.2691990026793416	1.1686380010010804	FALSE	icv_etiv+total_wm+mean_cortical_thickness	0.04729490857639898
summary_bg_median	intensity	A_acquisition_age_sex	132	83	0.014975042662848437	-0.008111479774741026	"C(software_platform, Treatment(""E11""))[T.XA30]"	-0.3935432859776141	0.7622182383882293	0.6065265505674284	-1.9017222954747823	1.1146357235195539	1.054672241057326	FALSE	icv_etiv+total_wm+mean_cortical_thickness	0.7973352210726662
summary_bg_median	intensity	A_acquisition_age_sex	132	83	0.014975042662848437	-0.008111479774741026	C(sex)[T.M]	-0.39627892857393165	0.3157469022069801	0.21174629212194576	-1.0210381198907008	0.2284802627428374	1.0341868013958861	FALSE	icv_etiv+total_wm+mean_cortical_thickness	0.31186641975579377
summary_bg_median	intensity	A_acquisition_age_sex	132	83	0.014975042662848437	-0.008111479774741026	age	-0.002274160878615532	0.016856447263278777	0.892892252677669	-0.03562752170993204	0.031079199952700975	1.0789157431589922	FALSE	icv_etiv+total_wm+mean_cortical_thickness	0.9533202656311612
summary_bg_median	intensity	B_acquisition_age_sex_anatomy	132	83	0.11872293959313329	0.07642164069360369	"C(software_platform, Treatment(""E11""))[T.XA30]"	-0.3696128390939517	0.7465460874750297	0.6214007187302513	-1.8471201995937385	1.107894521405835	1.1043504240334137	FALSE	icv_etiv+total_wm+mean_cortical_thickness	0.7377974625312399
summary_bg_median	intensity	B_acquisition_age_sex_anatomy	132	83	0.11872293959313329	0.07642164069360369	C(sex)[T.M]	-0.22568924741574314	0.33704491862051833	0.5043403130414783	-0.8927429718082429	0.4413644769767566	1.2862671374116312	FALSE	icv_etiv+total_wm+mean_cortical_thickness	0.5230195838948664
summary_bg_median	intensity	B_acquisition_age_sex_anatomy	132	83	0.11872293959313329	0.07642164069360369	age	-0.01989271303059977	0.01723720485397569	0.2506785935257417	-0.05400728073576316	0.01422185467456363	1.2314702819886814	FALSE	icv_etiv+total_wm+mean_cortical_thickness	0.5013571870514834
summary_bg_median	intensity	B_acquisition_age_sex_anatomy	132	83	0.11872293959313329	0.07642164069360369	icv_etiv	-2.25453595252273e-06	1.4501582728033605e-06	0.12254993573832482	-5.124579152673168e-06	6.155072476277077e-07	2.7808277107323653	FALSE	icv_etiv+total_wm+mean_cortical_thickness	0.381266466741455
summary_bg_median	intensity	B_acquisition_age_sex_anatomy	132	83	0.11872293959313329	0.07642164069360369	total_wm	2.767353359660383e-06	4.062430364077431e-06	0.49700098163989137	-5.2727005166423255e-06	1.0807407235963091e-05	2.7625549912036185	FALSE	icv_etiv+total_wm+mean_cortical_thickness	0.5862238898924343
summary_bg_median	intensity	B_acquisition_age_sex_anatomy	132	83	0.11872293959313329	0.07642164069360369	mean_cortical_thickness	-6.271859972523562	1.9311662928852409	0.0014940125264320157	-10.093877742032625	-2.4498422030144997	1.1686380010010804	FALSE	icv_etiv+total_wm+mean_cortical_thickness	0.007605881952744808
summary_bg_p95	intensity	A_acquisition_age_sex	132	83	0.006468120925787968	-0.016817782490013977	"C(software_platform, Treatment(""E11""))[T.XA30]"	-5.937625325030313	6.676211915518781	0.3754724591779516	-19.147651229463982	7.272400579403357	1.054672241057326	FALSE	icv_etiv+total_wm+mean_cortical_thickness	0.7973352210726662
summary_bg_p95	intensity	A_acquisition_age_sex	132	83	0.006468120925787968	-0.016817782490013977	C(sex)[T.M]	-0.7846019517588384	2.765603241480947	0.7770985784273333	-6.256820467834829	4.687616564317152	1.0341868013958861	FALSE	icv_etiv+total_wm+mean_cortical_thickness	0.8703504078386133
summary_bg_p95	intensity	A_acquisition_age_sex	132	83	0.006468120925787968	-0.016817782490013977	age	0.031038117031939108	0.14764434699225323	0.8338285314011551	-0.26110144850180445	0.32317768256568263	1.0789157431589922	FALSE	icv_etiv+total_wm+mean_cortical_thickness	0.9533202656311612
summary_bg_p95	intensity	B_acquisition_age_sex_anatomy	132	83	0.07219417126868033	0.027659491489576915	"C(software_platform, Treatment(""E11""))[T.XA30]"	-6.323026167150997	6.680553251431526	0.34572865769118233	-19.544670171187132	6.898617836885138	1.1043504240334137	FALSE	icv_etiv+total_wm+mean_cortical_thickness	0.5853698343092762
summary_bg_p95	intensity	B_acquisition_age_sex_anatomy	132	83	0.07219417126868033	0.027659491489576915	C(sex)[T.M]	0.3682015117730376	3.016085094738495	0.9030322730133615	-5.601005215224746	6.337408238770821	1.2862671374116312	FALSE	icv_etiv+total_wm+mean_cortical_thickness	0.9030322730133615
summary_bg_p95	intensity	B_acquisition_age_sex_anatomy	132	83	0.07219417126868033	0.027659491489576915	age	-0.07757560840051918	0.15424910379249726	0.6159025413260248	-0.3828537285695344	0.22770251176849604	1.2314702819886814	FALSE	icv_etiv+total_wm+mean_cortical_thickness	0.7773405163676989
summary_bg_p95	intensity	B_acquisition_age_sex_anatomy	132	83	0.07219417126868033	0.027659491489576915	icv_etiv	-2.026668054083363e-05	1.2976907557352716e-05	0.1208752217445823	-4.594959115304048e-05	5.416230071373225e-06	2.7808277107323653	FALSE	icv_etiv+total_wm+mean_cortical_thickness	0.381266466741455
summary_bg_p95	intensity	B_acquisition_age_sex_anatomy	132	83	0.07219417126868033	0.027659491489576915	total_wm	3.244823008206038e-05	3.635312384965033e-05	0.3737949073462645	-3.949911378077282e-05	0.00010439557394489357	2.7625549912036185	FALSE	icv_etiv+total_wm+mean_cortical_thickness	0.4983932097950194
summary_bg_p95	intensity	B_acquisition_age_sex_anatomy	132	83	0.07219417126868033	0.027659491489576915	mean_cortical_thickness	-41.07818930309431	17.281262970145807	0.018969328215862852	-75.27995348818472	-6.876425118003908	1.1686380010010804	FALSE	icv_etiv+total_wm+mean_cortical_thickness	0.06243912311913707
summary_bg_stdv	intensity	A_acquisition_age_sex	132	83	0.15948988529130537	0.1397904294778204	"C(software_platform, Treatment(""E11""))[T.XA30]"	-3.3415705007175234	9.469084082811957	0.7247493532848764	-22.077771149837645	15.394630148402598	1.054672241057326	FALSE	icv_etiv+total_wm+mean_cortical_thickness	0.8635311443394272
summary_bg_stdv	intensity	A_acquisition_age_sex	132	83	0.15948988529130537	0.1397904294778204	C(sex)[T.M]	18.537475648757457	3.9225431973492775	5.9415864820479225e-06	10.776053767016972	26.298897530497943	1.0341868013958861	FALSE	icv_etiv+total_wm+mean_cortical_thickness	2.376634592819169e-05
summary_bg_stdv	intensity	A_acquisition_age_sex	132	83	0.15948988529130537	0.1397904294778204	age	0.09542641905080153	0.2094086817064244	0.6493816826453426	-0.3189244351401733	0.5097772732417764	1.0789157431589922	FALSE	icv_etiv+total_wm+mean_cortical_thickness	0.9320236028916243
summary_bg_stdv	intensity	B_acquisition_age_sex_anatomy	132	83	0.2174290839615598	0.17986567999171466	"C(software_platform, Treatment(""E11""))[T.XA30]"	-0.6887426993216827	9.461130314332127	0.9420839472194914	-19.413493806587972	18.036008407944607	1.1043504240334137	FALSE	icv_etiv+total_wm+mean_cortical_thickness	0.9420839472194914
summary_bg_stdv	intensity	B_acquisition_age_sex_anatomy	132	83	0.2174290839615598	0.17986567999171466	C(sex)[T.M]	13.498585027967271	4.27143876359656	0.001978003905736722	5.044877589109229	21.952292466825313	1.2862671374116312	FALSE	icv_etiv+total_wm+mean_cortical_thickness	0.009230684893438037
summary_bg_stdv	intensity	B_acquisition_age_sex_anatomy	132	83	0.2174290839615598	0.17986567999171466	age	-0.027828679164318644	0.21845060085959808	0.8988355062675542	-0.4601695300383819	0.40451217170974463	1.2314702819886814	FALSE	icv_etiv+total_wm+mean_cortical_thickness	0.9321257102033895
summary_bg_stdv	intensity	B_acquisition_age_sex_anatomy	132	83	0.2174290839615598	0.17986567999171466	icv_etiv	1.282749983845703e-05	1.8378150559737948e-05	0.4864888335858567	-2.354514102049641e-05	4.920014069741047e-05	2.7808277107323653	FALSE	icv_etiv+total_wm+mean_cortical_thickness	0.6297540107500159
summary_bg_stdv	intensity	B_acquisition_age_sex_anatomy	132	83	0.2174290839615598	0.17986567999171466	total_wm	6.207119049332802e-05	5.148400575968708e-05	0.2302334772280857	-3.982204655413743e-05	0.00016396442754079346	2.7625549912036185	FALSE	icv_etiv+total_wm+mean_cortical_thickness	0.39069923408402424
summary_bg_stdv	intensity	B_acquisition_age_sex_anatomy	132	83	0.2174290839615598	0.17986567999171466	mean_cortical_thickness	-46.30669990252838	24.474062971020622	0.060794538176658336	-94.74390798343971	2.1305081783829536	1.1686380010010804	FALSE	icv_etiv+total_wm+mean_cortical_thickness	0.13153362305558775
summary_csf_k	intensity	A_acquisition_age_sex	132	83	0.15718780211434913	0.13743439122640422	"C(software_platform, Treatment(""E11""))[T.XA30]"	0.037461556838252426	0.05999758671232034	0.5334864907518369	-0.08125391904874535	0.1561770327252502	1.054672241057326	TRUE	icv_etiv+total_wm+mean_cortical_thickness	0.7973352210726662
summary_csf_k	intensity	A_acquisition_age_sex	132	83	0.15718780211434913	0.13743439122640422	C(sex)[T.M]	0.12066194208021154	0.024853842626973235	3.4458157182875094e-06	0.07148436816829629	0.1698395159921268	1.0341868013958861	TRUE	icv_etiv+total_wm+mean_cortical_thickness	1.608047335200838e-05
summary_csf_k	intensity	A_acquisition_age_sex	132	83	0.15718780211434913	0.13743439122640422	age	-0.0005141743091135047	0.0013268459155199367	0.6990177021687183	-0.003139565644350707	0.0021112170261236973	1.0789157431589922	TRUE	icv_etiv+total_wm+mean_cortical_thickness	0.9320236028916243
summary_csf_k	intensity	B_acquisition_age_sex_anatomy	132	83	0.26472352969631807	0.2294302591217413	"C(software_platform, Treatment(""E11""))[T.XA30]"	0.08991201535447572	0.058028104124260634	0.12380022096162437	-0.024932804540599846	0.2047568352495513	1.1043504240334137	TRUE	icv_etiv+total_wm+mean_cortical_thickness	0.4081874486149964
summary_csf_k	intensity	B_acquisition_age_sex_anatomy	132	83	0.26472352969631807	0.2294302591217413	C(sex)[T.M]	0.10191543340908005	0.026198084700187467	0.00016187508404432498	0.05006617235884579	0.1537646944593143	1.2862671374116312	TRUE	icv_etiv+total_wm+mean_cortical_thickness	0.0018130009412964398
summary_csf_k	intensity	B_acquisition_age_sex_anatomy	132	83	0.26472352969631807	0.2294302591217413	age	-0.001796500131063584	0.0013398266160107204	0.1824022524935397	-0.004448183289225704	0.0008551830270985359	1.2314702819886814	TRUE	icv_etiv+total_wm+mean_cortical_thickness	0.4085810455855289
summary_csf_k	intensity	B_acquisition_age_sex_anatomy	132	83	0.26472352969631807	0.2294302591217413	icv_etiv	4.377305574991019e-07	1.1271900913110871e-07	0.0001659719596525662	2.1464564894008907e-07	6.608154660581147e-07	2.7808277107323653	TRUE	icv_etiv+total_wm+mean_cortical_thickness	0.0018588859481087415
summary_csf_k	intensity	B_acquisition_age_sex_anatomy	132	83	0.26472352969631807	0.2294302591217413	total_wm	-8.348029902653786e-07	3.157676881832538e-07	0.009250315720314284	-1.4597464349182367e-06	-2.0985954561252043e-07	2.7625549912036185	TRUE	icv_etiv+total_wm+mean_cortical_thickness	0.03924228137699082
summary_csf_k	intensity	B_acquisition_age_sex_anatomy	132	83	0.26472352969631807	0.2294302591217413	mean_cortical_thickness	-0.2779773372727777	0.1501071676684065	0.06640553063204359	-0.5750580517990117	0.019103377253456344	1.1686380010010804	TRUE	icv_etiv+total_wm+mean_cortical_thickness	0.13281106126408718
summary_csf_mad	intensity	A_acquisition_age_sex	132	83	0.16081454459353983	0.14114613548245092	"C(software_platform, Treatment(""E11""))[T.XA30]"	-6.410488222877071	4.814398050509855	0.1853829654415908	-15.936597304833644	3.1156208590795	1.054672241057326	TRUE	icv_etiv+total_wm+mean_cortical_thickness	0.7973352210726662
summary_csf_mad	intensity	A_acquisition_age_sex	132	83	0.16081454459353983	0.14114613548245092	C(sex)[T.M]	-9.52393556533153	1.9943517405910522	4.8242874952880935e-06	-13.47010121871957	-5.577769911943492	1.0341868013958861	TRUE	icv_etiv+total_wm+mean_cortical_thickness	2.078154613354871e-05
summary_csf_mad	intensity	A_acquisition_age_sex	132	83	0.16081454459353983	0.14114613548245092	age	0.011235464109999243	0.10647035554339046	0.9161230865551254	-0.1994343247732914	0.22190525299328986	1.0789157431589922	TRUE	icv_etiv+total_wm+mean_cortical_thickness	0.9533202656311612
summary_csf_mad	intensity	B_acquisition_age_sex_anatomy	132	83	0.2722957788848943	0.23736597627136924	"C(software_platform, Treatment(""E11""))[T.XA30]"	-10.62506811134931	4.642320701961551	0.02377280888462872	-19.81279693616637	-1.4373392865322518	1.1043504240334137	TRUE	icv_etiv+total_wm+mean_cortical_thickness	0.16640966219240105
summary_csf_mad	intensity	B_acquisition_age_sex_anatomy	132	83	0.2722957788848943	0.23736597627136924	C(sex)[T.M]	-8.246564476012875	2.0958794499814632	0.00013739150206794343	-12.394570025866397	-4.0985589261593525	1.2862671374116312	TRUE	icv_etiv+total_wm+mean_cortical_thickness	0.0018130009412964398
summary_csf_mad	intensity	B_acquisition_age_sex_anatomy	132	83	0.2722957788848943	0.23736597627136924	age	0.1443313095971422	0.10718780029804927	0.18056901697879557	-0.06780665020623858	0.3564692694005229	1.2314702819886814	TRUE	icv_etiv+total_wm+mean_cortical_thickness	0.4085810455855289
summary_csf_mad	intensity	B_acquisition_age_sex_anatomy	132	83	0.2722957788848943	0.23736597627136924	icv_etiv	-3.0825929888125163e-05	9.017661312411635e-06	0.0008508988941466064	-4.867300080191922e-05	-1.2978858974331107e-05	2.7808277107323653	TRUE	icv_etiv+total_wm+mean_cortical_thickness	0.006807191153172851
summary_csf_mad	intensity	B_acquisition_age_sex_anatomy	132	83	0.2722957788848943	0.23736597627136924	total_wm	5.9792661244494896e-05	2.526180887668862e-05	0.019472295737459542	9.796406249595195e-06	0.00010978891623939459	2.7625549912036185	TRUE	icv_etiv+total_wm+mean_cortical_thickness	0.051926121966558776
summary_csf_mad	intensity	B_acquisition_age_sex_anatomy	132	83	0.2722957788848943	0.23736597627136924	mean_cortical_thickness	33.386703322131126	12.00876062550038	0.006273086724552301	9.6198756441945	57.15353100006775	1.1686380010010804	TRUE	icv_etiv+total_wm+mean_cortical_thickness	0.02702252742884068
summary_csf_mean	intensity	A_acquisition_age_sex	132	83	0.1617438749729312	0.1420972470426093	"C(software_platform, Treatment(""E11""))[T.XA30]"	-14.095227558733278	12.509354768295239	0.2619456015468177	-38.84712318877038	10.656668071303823	1.054672241057326	TRUE	icv_etiv+total_wm+mean_cortical_thickness	0.7973352210726662
summary_csf_mean	intensity	A_acquisition_age_sex	132	83	0.1617438749729312	0.1420972470426093	C(sex)[T.M]	21.156421021304848	5.181967339235388	7.790099653950628e-05	10.903013302459328	31.409828740150367	1.0341868013958861	TRUE	icv_etiv+total_wm+mean_cortical_thickness	0.000256615047424256
summary_csf_mean	intensity	A_acquisition_age_sex	132	83	0.1617438749729312	0.1420972470426093	age	-0.7513795138387593	0.27664423170364	0.007520046169319986	-1.2987673908805952	-0.20399163679692345	1.0789157431589922	TRUE	icv_etiv+total_wm+mean_cortical_thickness	0.030080184677279943
summary_csf_mean	intensity	B_acquisition_age_sex_anatomy	132	83	0.27018060562769497	0.23514927469782432	"C(software_platform, Treatment(""E11""))[T.XA30]"	-11.53447755656635	12.086454277237053	0.3417580280756123	-35.45507061380232	12.386115500669623	1.1043504240334137	TRUE	icv_etiv+total_wm+mean_cortical_thickness	0.5853698343092762
summary_csf_mean	intensity	B_acquisition_age_sex_anatomy	132	83	0.27018060562769497	0.23514927469782432	C(sex)[T.M]	11.896896096526362	5.456699950112903	0.031113073886651153	1.097409667498228	22.696382525554498	1.2862671374116312	TRUE	icv_etiv+total_wm+mean_cortical_thickness	0.07575357120228107
summary_csf_mean	intensity	B_acquisition_age_sex_anatomy	132	83	0.27018060562769497	0.23514927469782432	age	-0.6323453826554929	0.27906741704264065	0.02517595542177402	-1.1846544358724604	-0.08003632943852523	1.2314702819886814	TRUE	icv_etiv+total_wm+mean_cortical_thickness	0.09399023357462301
summary_csf_mean	intensity	B_acquisition_age_sex_anatomy	132	83	0.27018060562769497	0.23514927469782432	icv_etiv	4.6314726602671325e-05	2.3477815975535633e-05	0.05073666989481085	-1.5078503055873725e-07	9.278023823590139e-05	2.7808277107323653	TRUE	icv_etiv+total_wm+mean_cortical_thickness	0.2029466795792434
summary_csf_mean	intensity	B_acquisition_age_sex_anatomy	132	83	0.27018060562769497	0.23514927469782432	total_wm	5.3532540842957024e-05	6.577005716545752e-05	0.4172300885762801	-7.663456496979099e-05	0.00018369964665570503	2.7625549912036185	TRUE	icv_etiv+total_wm+mean_cortical_thickness	0.5310201127334474
summary_csf_mean	intensity	B_acquisition_age_sex_anatomy	132	83	0.27018060562769497	0.23514927469782432	mean_cortical_thickness	36.66942567516766	31.265254071108565	0.24308651607474385	-25.20839244346783	98.54724379380315	1.1686380010010804	TRUE	icv_etiv+total_wm+mean_cortical_thickness	0.34904730513296556
summary_csf_median	intensity	A_acquisition_age_sex	132	83	0.14397183767246335	0.12390867761791169	"C(software_platform, Treatment(""E11""))[T.XA30]"	-14.753760232760305	14.780621322612948	0.3200740544428652	-43.99974478598871	14.492224320468098	1.054672241057326	TRUE	icv_etiv+total_wm+mean_cortical_thickness	0.7973352210726662
summary_csf_median	intensity	A_acquisition_age_sex	132	83	0.14397183767246335	0.12390867761791169	C(sex)[T.M]	20.345710454061255	6.122833540664257	0.0011616973299921455	8.230638208870984	32.460782699251524	1.0341868013958861	TRUE	icv_etiv+total_wm+mean_cortical_thickness	0.003423950025240008
summary_csf_median	intensity	A_acquisition_age_sex	132	83	0.14397183767246335	0.12390867761791169	age	-1.0342649408812816	0.3268732644996316	0.0019436118683224832	-1.6810395409310162	-0.387490340831547	1.0789157431589922	TRUE	icv_etiv+total_wm+mean_cortical_thickness	0.009894751329641733
summary_csf_median	intensity	B_acquisition_age_sex_anatomy	132	83	0.22973255669849013	0.19275971942001757	"C(software_platform, Treatment(""E11""))[T.XA30]"	-13.387367833907321	14.518244530113131	0.35824938156872455	-42.12077560961333	15.346039941798692	1.1043504240334137	TRUE	icv_etiv+total_wm+mean_cortical_thickness	0.5853698343092762
summary_csf_median	intensity	B_acquisition_age_sex_anatomy	132	83	0.22973255669849013	0.19275971942001757	C(sex)[T.M]	11.042746225027908	6.554586017207458	0.09453474652456734	-1.9295929887609855	24.015085438816804	1.2862671374116312	TRUE	icv_etiv+total_wm+mean_cortical_thickness	0.16543580641799285
summary_csf_median	intensity	B_acquisition_age_sex_anatomy	132	83	0.22973255669849013	0.19275971942001757	age	-0.8663363877716064	0.3352156809663041	0.010903341549915407	-1.5297698238208293	-0.2029029517223836	1.2314702819886814	TRUE	icv_etiv+total_wm+mean_cortical_thickness	0.06105871267952628
summary_csf_median	intensity	B_acquisition_age_sex_anatomy	132	83	0.22973255669849013	0.19275971942001757	icv_etiv	3.913451615785675e-05	2.8201544104442037e-05	0.16770545483948224	-1.6679839701541116e-05	9.494887201725463e-05	2.7808277107323653	TRUE	icv_etiv+total_wm+mean_cortical_thickness	0.46957527355055023
summary_csf_median	intensity	B_acquisition_age_sex_anatomy	132	83	0.22973255669849013	0.19275971942001757	total_wm	7.413231745850943e-05	7.900296900853479e-05	0.3498749202013832	-8.222436322043254e-05	0.0002304889981374514	2.7625549912036185	TRUE	icv_etiv+total_wm+mean_cortical_thickness	0.4898248882819365
summary_csf_median	intensity	B_acquisition_age_sex_anatomy	132	83	0.22973255669849013	0.19275971942001757	mean_cortical_thickness	49.478892795266866	37.555811943569765	0.19008875458422547	-24.84872007033014	123.80650566086388	1.1686380010010804	TRUE	icv_etiv+total_wm+mean_cortical_thickness	0.2956936182421285
summary_csf_p05	intensity	A_acquisition_age_sex	132	83	0.2662842064826635	0.24908774257210087	"C(software_platform, Treatment(""E11""))[T.XA30]"	1.3968928503844147	9.576930274502075	0.8842612144643716	-17.552699914496653	20.346485615265482	1.054672241057326	TRUE	icv_etiv+total_wm+mean_cortical_thickness	0.9170116298149038
summary_csf_p05	intensity	A_acquisition_age_sex	132	83	0.2662842064826635	0.24908774257210087	C(sex)[T.M]	23.359381110745115	3.967218198846199	3.2314580661485795e-08	15.509562105827168	31.209200115663062	1.0341868013958861	TRUE	icv_etiv+total_wm+mean_cortical_thickness	3.016027528405341e-07
summary_csf_p05	intensity	A_acquisition_age_sex	132	83	0.2662842064826635	0.24908774257210087	age	0.4952449204157533	0.21179369895111017	0.020919891533019392	0.07617490212640937	0.9143149387050973	1.0789157431589922	TRUE	icv_etiv+total_wm+mean_cortical_thickness	0.06508410699161588
summary_csf_p05	intensity	B_acquisition_age_sex_anatomy	132	83	0.40843756436595213	0.3800425674555178	"C(software_platform, Treatment(""E11""))[T.XA30]"	8.96892120160181	8.904455290193175	0.31576538760322925	-8.654100944290464	26.591943347494087	1.1043504240334137	TRUE	icv_etiv+total_wm+mean_cortical_thickness	0.5853698343092762
summary_csf_p05	intensity	B_acquisition_age_sex_anatomy	132	83	0.40843756436595213	0.3800425674555178	C(sex)[T.M]	15.096778695137717	4.020115380677802	0.00026411142813312545	7.14047142267006	23.053085967605373	1.2862671374116312	TRUE	icv_etiv+total_wm+mean_cortical_thickness	0.002465039995909171
summary_csf_p05	intensity	B_acquisition_age_sex_anatomy	132	83	0.40843756436595213	0.3800425674555178	age	0.3885404055295836	0.20559738042329656	0.06109903558028497	-0.018362326895567493	0.7954431379547346	1.2314702819886814	TRUE	icv_etiv+total_wm+mean_cortical_thickness	0.1710772996247979
summary_csf_p05	intensity	B_acquisition_age_sex_anatomy	132	83	0.40843756436595213	0.3800425674555178	icv_etiv	7.358918355594058e-05	1.7296814919431464e-05	4.0717493783047704e-05	3.935664013307077e-05	0.00010782172697881039	2.7808277107323653	TRUE	icv_etiv+total_wm+mean_cortical_thickness	0.0005700449129626679
summary_csf_p05	intensity	B_acquisition_age_sex_anatomy	132	83	0.40843756436595213	0.3800425674555178	total_wm	-4.098145400920598e-05	4.845478417655039e-05	0.39929888035455097	-0.00013687948558877193	5.491657757035996e-05	2.7625549912036185	TRUE	icv_etiv+total_wm+mean_cortical_thickness	0.5200171465082524
summary_csf_p05	intensity	B_acquisition_age_sex_anatomy	132	83	0.40843756436595213	0.3800425674555178	mean_cortical_thickness	-23.08247053763703	23.034055367010268	0.3182303227525644	-68.6697248517327	22.504783776458638	1.1686380010010804	TRUE	icv_etiv+total_wm+mean_cortical_thickness	0.4455224518535902
summary_csf_p95	intensity	A_acquisition_age_sex	132	83	0.11966049738206797	0.09902754028946015	"C(software_platform, Treatment(""E11""))[T.XA30]"	-22.81852992556729	12.944100126186113	0.08031207986894545	-48.43064352235605	2.793583671221466	1.054672241057326	TRUE	icv_etiv+total_wm+mean_cortical_thickness	0.6099196461710417
summary_csf_p95	intensity	A_acquisition_age_sex	132	83	0.11966049738206797	0.09902754028946015	C(sex)[T.M]	10.858307700327348	5.362059461267492	0.044944616012354215	0.24855694933533456	21.46805845131936	1.0341868013958861	TRUE	icv_etiv+total_wm+mean_cortical_thickness	0.08389661655639453
summary_csf_p95	intensity	A_acquisition_age_sex	132	83	0.11966049738206797	0.09902754028946015	age	-0.8341307235122157	0.2862586201152043	0.0042140128577684965	-1.4005423106428263	-0.26771913638160527	1.0789157431589922	TRUE	icv_etiv+total_wm+mean_cortical_thickness	0.01815267077192583
summary_csf_p95	intensity	B_acquisition_age_sex_anatomy	132	83	0.22044181442880184	0.18302302152138428	"C(software_platform, Treatment(""E11""))[T.XA30]"	-24.61811753374734	12.61292195415874	0.05319608279835954	-49.58065546319864	0.34442039570395266	1.1043504240334137	TRUE	icv_etiv+total_wm+mean_cortical_thickness	0.2978980636708134
summary_csf_p95	intensity	B_acquisition_age_sex_anatomy	132	83	0.22044181442880184	0.18302302152138428	C(sex)[T.M]	2.586933442767233	5.69438555091024	0.6504040670731159	-8.682962289256043	13.856829174790509	1.2862671374116312	TRUE	icv_etiv+total_wm+mean_cortical_thickness	0.6622295955653544
summary_csf_p95	intensity	B_acquisition_age_sex_anatomy	132	83	0.22044181442880184	0.18302302152138428	age	-0.6298237097386983	0.29122317185583474	0.03246927852136435	-1.2061905103744088	-0.053456909102987726	1.2314702819886814	TRUE	icv_etiv+total_wm+mean_cortical_thickness	0.10695762336449434
summary_csf_p95	intensity	B_acquisition_age_sex_anatomy	132	83	0.22044181442880184	0.18302302152138428	icv_etiv	6.700152632755312e-06	2.450047414742925e-05	0.7849430351006615	-4.178932644414395e-05	5.518963170965457e-05	2.7808277107323653	TRUE	icv_etiv+total_wm+mean_cortical_thickness	0.8791361993127409
summary_csf_p95	intensity	B_acquisition_age_sex_anatomy	132	83	0.22044181442880184	0.18302302152138428	total_wm	0.00014266562720910707	6.8634901429347e-05	0.039698062140040416	6.828639044020185e-06	0.00027850261537419396	2.7625549912036185	TRUE	icv_etiv+total_wm+mean_cortical_thickness	0.09665615129748971
summary_csf_p95	intensity	B_acquisition_age_sex_anatomy	132	83	0.22044181442880184	0.18302302152138428	mean_cortical_thickness	50.195172153424394	32.627121273980705	0.1264663676291915	-14.377950180215961	114.76829448706475	1.1686380010010804	TRUE	icv_etiv+total_wm+mean_cortical_thickness	0.2146095935525674
summary_csf_stdv	intensity	A_acquisition_age_sex	132	83	0.17474510035683166	0.15540318864644487	"C(software_platform, Treatment(""E11""))[T.XA30]"	-9.727411579178646	5.104534181301268	0.05893936408547213	-19.827604565610695	0.37278140725340236	1.054672241057326	TRUE	icv_etiv+total_wm+mean_cortical_thickness	0.5501007314644066
summary_csf_stdv	intensity	A_acquisition_age_sex	132	83	0.17474510035683166	0.15540318864644487	C(sex)[T.M]	-2.391816742672792	2.1145398703180764	0.2601157652373032	-6.575795144845641	1.7921616595000565	1.0341868013958861	TRUE	icv_etiv+total_wm+mean_cortical_thickness	0.3552800695924141
summary_csf_stdv	intensity	A_acquisition_age_sex	132	83	0.17474510035683166	0.15540318864644487	age	-0.4514456720943491	0.11288671262007091	0.00010684771956186032	-0.6748113196872803	-0.22808002450141796	1.0789157431589922	TRUE	icv_etiv+total_wm+mean_cortical_thickness	0.0008547817564948826
summary_csf_stdv	intensity	B_acquisition_age_sex_anatomy	132	83	0.2568145268706823	0.221141624160475	"C(software_platform, Treatment(""E11""))[T.XA30]"	-12.878032590407013	5.015974711228916	0.01142417606367693	-22.805269073538945	-2.9507961072750835	1.1043504240334137	TRUE	icv_etiv+total_wm+mean_cortical_thickness	0.11487695375085483
summary_csf_stdv	intensity	B_acquisition_age_sex_anatomy	132	83	0.2568145268706823	0.221141624160475	C(sex)[T.M]	-3.319287062552823	2.264573904695837	0.14522885424854526	-7.8011598748535835	1.162585749747938	1.2862671374116312	TRUE	icv_etiv+total_wm+mean_cortical_thickness	0.2140214694189088
summary_csf_stdv	intensity	B_acquisition_age_sex_anatomy	132	83	0.2568145268706823	0.221141624160475	age	-0.3269995079951878	0.11581519894135983	0.0055302207404389105	-0.556212160454946	-0.09778685553542954	1.2314702819886814	TRUE	icv_etiv+total_wm+mean_cortical_thickness	0.03656118193147248
summary_csf_stdv	intensity	B_acquisition_age_sex_anatomy	132	83	0.2568145268706823	0.221141624160475	icv_etiv	-1.975823032692344e-05	9.743480470526686e-06	0.04470215549828678	-3.904178743560713e-05	-4.7467321823975006e-07	2.7808277107323653	TRUE	icv_etiv+total_wm+mean_cortical_thickness	0.19256313137723535
summary_csf_stdv	intensity	B_acquisition_age_sex_anatomy	132	83	0.2568145268706823	0.221141624160475	total_wm	7.228030485191119e-05	2.7295097133601203e-05	0.00913769954220178	1.825992004639667e-05	0.0001263006896574257	2.7625549912036185	TRUE	icv_etiv+total_wm+mean_cortical_thickness	0.03924228137699082
summary_csf_stdv	intensity	B_acquisition_age_sex_anatomy	132	83	0.2568145268706823	0.221141624160475	mean_cortical_thickness	30.110059607749783	12.97532925402152	0.021930749425701914	4.430272653717644	55.78984656178192	1.1686380010010804	TRUE	icv_etiv+total_wm+mean_cortical_thickness	0.06376958570856296
summary_gm_k	intensity	A_acquisition_age_sex	132	83	0.08674817508221722	0.06534383543570665	"C(software_platform, Treatment(""E11""))[T.XA30]"	0.1527261559164278	0.12313180393361277	0.2171159164505076	-0.09091115521231546	0.39636346704517106	1.054672241057326	TRUE	icv_etiv+total_wm+mean_cortical_thickness	0.7973352210726662
summary_gm_k	intensity	A_acquisition_age_sex	132	83	0.08674817508221722	0.06534383543570665	C(sex)[T.M]	-0.15925764110345622	0.05100702619948731	0.0022192178604848165	-0.26018375698020124	-0.058331525226711214	1.0341868013958861	TRUE	icv_etiv+total_wm+mean_cortical_thickness	0.005648918190324988
summary_gm_k	intensity	A_acquisition_age_sex	132	83	0.08674817508221722	0.06534383543570665	age	-0.00012288844188699076	0.002723058377385815	0.9640749501782867	-0.005510924675568545	0.005265147791794564	1.0789157431589922	TRUE	icv_etiv+total_wm+mean_cortical_thickness	0.9640749501782867
summary_gm_k	intensity	B_acquisition_age_sex_anatomy	132	83	0.10405833869649206	0.061053138953923614	"C(software_platform, Treatment(""E11""))[T.XA30]"	0.13790268386688875	0.1262872497271455	0.2769437223182505	-0.1120354567778751	0.3878408245116526	1.1043504240334137	TRUE	icv_etiv+total_wm+mean_cortical_thickness	0.5853698343092762
summary_gm_k	intensity	B_acquisition_age_sex_anatomy	132	83	0.10405833869649206	0.061053138953923614	C(sex)[T.M]	-0.1288600264351828	0.05701520176879705	0.02554551782710053	-0.24170018685809272	-0.01601986601227287	1.2862671374116312	TRUE	icv_etiv+total_wm+mean_cortical_thickness	0.07152744991588149
summary_gm_k	intensity	B_acquisition_age_sex_anatomy	132	83	0.10405833869649206	0.061053138953923614	age	-0.0006001480356474847	0.0029158805203232723	0.8372659457173326	-0.006371037473547973	0.005170741402253003	1.2314702819886814	TRUE	icv_etiv+total_wm+mean_cortical_thickness	0.900083254106716
summary_gm_k	intensity	B_acquisition_age_sex_anatomy	132	83	0.10405833869649206	0.061053138953923614	icv_etiv	-2.415891570852459e-07	2.453117135216779e-07	0.326612334874128	-7.270914836341307e-07	2.4391316946363886e-07	2.7808277107323653	TRUE	icv_etiv+total_wm+mean_cortical_thickness	0.6137447076295072
summary_gm_k	intensity	B_acquisition_age_sex_anatomy	132	83	0.10405833869649206	0.061053138953923614	total_wm	6.781829991018774e-08	6.872089566801796e-07	0.921545207903754	-1.2922535144509127e-06	1.4278901142712882e-06	2.7625549912036185	TRUE	icv_etiv+total_wm+mean_cortical_thickness	0.921545207903754
summary_gm_k	intensity	B_acquisition_age_sex_anatomy	132	83	0.10405833869649206	0.061053138953923614	mean_cortical_thickness	-0.1857023677764421	0.3266800054087773	0.5707469443726094	-0.8322426425397506	0.46083790698686633	1.1686380010010804	TRUE	icv_etiv+total_wm+mean_cortical_thickness	0.7102628641081361
summary_gm_mad	intensity	A_acquisition_age_sex	132	83	0.12567993356191176	0.10518805700476908	"C(software_platform, Treatment(""E11""))[T.XA30]"	-0.8734468443805813	1.880494269509727	0.6430949106393475	-4.594326038706192	2.8474323499450294	1.054672241057326	TRUE	icv_etiv+total_wm+mean_cortical_thickness	0.7973352210726662
summary_gm_mad	intensity	A_acquisition_age_sex	132	83	0.12567993356191176	0.10518805700476908	C(sex)[T.M]	2.3018613774298444	0.7789898093638211	0.0037235483818714903	0.7604969493376466	3.8432258055220423	1.0341868013958861	TRUE	icv_etiv+total_wm+mean_cortical_thickness	0.008688279557700145
summary_gm_mad	intensity	A_acquisition_age_sex	132	83	0.12567993356191176	0.10518805700476908	age	0.10589106889416128	0.041587108371898246	0.012074020631511419	0.023603869830532226	0.18817826795779033	1.0789157431589922	TRUE	icv_etiv+total_wm+mean_cortical_thickness	0.04225907221028997
summary_gm_mad	intensity	B_acquisition_age_sex_anatomy	132	83	0.37111102636781934	0.3409243556334747	"C(software_platform, Treatment(""E11""))[T.XA30]"	-0.3394980888343817	1.6514614984349707	0.8374578474491743	-3.60794535613225	2.928949178463487	1.1043504240334137	TRUE	icv_etiv+total_wm+mean_cortical_thickness	0.891101140525075
summary_gm_mad	intensity	B_acquisition_age_sex_anatomy	132	83	0.37111102636781934	0.3409243556334747	C(sex)[T.M]	1.4702802645682218	0.7455892083334393	0.0508210636168065	-0.00533331335266185	2.9458938424891055	1.2862671374116312	TRUE	icv_etiv+total_wm+mean_cortical_thickness	0.10946075240542938
summary_gm_mad	intensity	B_acquisition_age_sex_anatomy	132	83	0.37111102636781934	0.3409243556334747	age	0.032142790611894886	0.038131041920341446	0.40086315020529617	-0.04332327376918034	0.10760885499297011	1.2314702819886814	TRUE	icv_etiv+total_wm+mean_cortical_thickness	0.6477001046316424
summary_gm_mad	intensity	B_acquisition_age_sex_anatomy	132	83	0.37111102636781934	0.3409243556334747	icv_etiv	-4.532976067552036e-06	3.207947365006866e-06	0.16012753192084883	-1.0881902039322099e-05	1.8159499042180259e-06	2.7808277107323653	TRUE	icv_etiv+total_wm+mean_cortical_thickness	0.46957527355055023
summary_gm_mad	intensity	B_acquisition_age_sex_anatomy	132	83	0.37111102636781934	0.3409243556334747	total_wm	2.813826284552409e-05	8.986648579243192e-06	0.0021686862672022043	1.0352569979642076e-05	4.5923955711406106e-05	2.7625549912036185	TRUE	icv_etiv+total_wm+mean_cortical_thickness	0.024289286192664686
summary_gm_mad	intensity	B_acquisition_age_sex_anatomy	132	83	0.37111102636781934	0.3409243556334747	mean_cortical_thickness	-27.76517764929107	4.272002537126739	1.7366715037092872e-09	-36.22000086593493	-19.31035443264721	1.1686380010010804	TRUE	icv_etiv+total_wm+mean_cortical_thickness	8.42951784119321e-08
summary_gm_mean	intensity	A_acquisition_age_sex	132	83	0.0744612755997418	0.05276896174661072	"C(software_platform, Treatment(""E11""))[T.XA30]"	-6.193545445747251	4.956515813959005	0.21373436176334126	-16.000858803481755	3.6137679119872512	1.054672241057326	TRUE	icv_etiv+total_wm+mean_cortical_thickness	0.7973352210726662
summary_gm_mean	intensity	A_acquisition_age_sex	132	83	0.0744612755997418	0.05276896174661072	C(sex)[T.M]	-0.29277530366678484	2.053223650626348	0.8868358453051761	-4.355429089314674	3.769878481981104	1.0341868013958861	TRUE	icv_etiv+total_wm+mean_cortical_thickness	0.919681617353516
summary_gm_mean	intensity	A_acquisition_age_sex	132	83	0.0744612755997418	0.05276896174661072	age	0.3427869705247514	0.10961328818932323	0.0021846824382125178	0.12589835243201739	0.5596755886174853	1.0789157431589922	TRUE	icv_etiv+total_wm+mean_cortical_thickness	0.010195184711658417
summary_gm_mean	intensity	B_acquisition_age_sex_anatomy	132	83	0.1730536103174548	0.13336018361269264	"C(software_platform, Treatment(""E11""))[T.XA30]"	-6.4823674215525955	4.851349335995043	0.1839116651406791	-16.08378985554021	3.119055012435018	1.1043504240334137	TRUE	icv_etiv+total_wm+mean_cortical_thickness	0.5149526623939015
summary_gm_mean	intensity	B_acquisition_age_sex_anatomy	132	83	0.1730536103174548	0.13336018361269264	C(sex)[T.M]	-3.7498157618984926	2.1902500992008025	0.08936743721252277	-8.084592538841704	0.5849610150447182	1.2862671374116312	TRUE	icv_etiv+total_wm+mean_cortical_thickness	0.16143795109358952
summary_gm_mean	intensity	B_acquisition_age_sex_anatomy	132	83	0.1730536103174548	0.13336018361269264	age	0.36008650077962023	0.1120141190553658	0.0016621303736194363	0.13839665716398672	0.5817763443952537	1.2314702819886814	TRUE	icv_etiv+total_wm+mean_cortical_thickness	0.018615860184537685
summary_gm_mean	intensity	B_acquisition_age_sex_anatomy	132	83	0.1730536103174548	0.13336018361269264	icv_etiv	-1.5940111756845592e-06	9.423697333471878e-06	0.8659526809189966	-2.0244677768043635e-05	1.7056655416674517e-05	2.7808277107323653	TRUE	icv_etiv+total_wm+mean_cortical_thickness	0.9325644256050732
summary_gm_mean	intensity	B_acquisition_age_sex_anatomy	132	83	0.1730536103174548	0.13336018361269264	total_wm	7.13176289998109e-05	2.639926614035379e-05	0.007861221030300486	1.9070204910979744e-05	0.00012356505308864206	2.7625549912036185	TRUE	icv_etiv+total_wm+mean_cortical_thickness	0.03924228137699082
summary_gm_mean	intensity	B_acquisition_age_sex_anatomy	132	83	0.1730536103174548	0.13336018361269264	mean_cortical_thickness	-2.979523669185312	12.54947614067857	0.8127179993507154	-27.81649445953753	21.857447121166906	1.1686380010010804	TRUE	icv_etiv+total_wm+mean_cortical_thickness	0.8587209049743408
summary_gm_median	intensity	A_acquisition_age_sex	132	83	0.11572049644166293	0.09499519557701441	"C(software_platform, Treatment(""E11""))[T.XA30]"	-4.896921717631978	4.652585549591811	0.2945456526215578	-14.102857120886133	4.309013685622178	1.054672241057326	TRUE	icv_etiv+total_wm+mean_cortical_thickness	0.7973352210726662
summary_gm_median	intensity	A_acquisition_age_sex	132	83	0.11572049644166293	0.09499519557701441	C(sex)[T.M]	-0.4874469745021859	1.927321337315379	0.8007402251753096	-4.300981522877215	3.326087573872843	1.0341868013958861	TRUE	icv_etiv+total_wm+mean_cortical_thickness	0.8792441688199478
summary_gm_median	intensity	A_acquisition_age_sex	132	83	0.11572049644166293	0.09499519557701441	age	0.4180123739302996	0.10289187401291444	8.407207034429623e-05	0.21442322213796813	0.621601525722631	1.0789157431589922	TRUE	icv_etiv+total_wm+mean_cortical_thickness	0.0007846726565467648
summary_gm_median	intensity	B_acquisition_age_sex_anatomy	132	83	0.19925834305012646	0.16082274351653247	"C(software_platform, Treatment(""E11""))[T.XA30]"	-4.863601317378804	4.584484101481547	0.2907885606920591	-13.936864331780175	4.209661697022567	1.1043504240334137	TRUE	icv_etiv+total_wm+mean_cortical_thickness	0.5853698343092762
summary_gm_median	intensity	B_acquisition_age_sex_anatomy	132	83	0.19925834305012646	0.16082274351653247	C(sex)[T.M]	-3.580318356999223	2.069767823882127	0.08613139757387715	-7.676645758103922	0.5160090441054752	1.2862671374116312	TRUE	icv_etiv+total_wm+mean_cortical_thickness	0.16077860880457068
summary_gm_median	intensity	B_acquisition_age_sex_anatomy	132	83	0.19925834305012646	0.16082274351653247	age	0.4132884445253283	0.10585239536155937	0.0001536388950187989	0.20379341682756597	0.6227834722230907	1.2314702819886814	TRUE	icv_etiv+total_wm+mean_cortical_thickness	0.002867926040350913
summary_gm_median	intensity	B_acquisition_age_sex_anatomy	132	83	0.19925834305012646	0.16082274351653247	icv_etiv	-8.809158232258137e-07	8.905314297185056e-06	0.9213600581895645	-1.8505638050565863e-05	1.6743806404114236e-05	2.7808277107323653	TRUE	icv_etiv+total_wm+mean_cortical_thickness	0.973512514313502
summary_gm_median	intensity	B_acquisition_age_sex_anatomy	132	83	0.19925834305012646	0.16082274351653247	total_wm	6.22369470786898e-05	2.4947083281193702e-05	0.01390876771266557	1.2863573097679232e-05	0.00011161032105970036	2.7625549912036185	TRUE	icv_etiv+total_wm+mean_cortical_thickness	0.043271721772737325
summary_gm_median	intensity	B_acquisition_age_sex_anatomy	132	83	0.19925834305012646	0.16082274351653247	mean_cortical_thickness	-9.005387724228541	11.859148839683085	0.4490656555503093	-32.47611510980383	14.465339661346746	1.1686380010010804	TRUE	icv_etiv+total_wm+mean_cortical_thickness	0.5945152539735987
summary_gm_p05	intensity	A_acquisition_age_sex	132	83	0.09145489580798905	0.0701608699284888	"C(software_platform, Treatment(""E11""))[T.XA30]"	-13.352076908655189	11.78453364189188	0.2593249259989162	-36.669790104546905	9.965636287236524	1.054672241057326	TRUE	icv_etiv+total_wm+mean_cortical_thickness	0.7973352210726662
summary_gm_p05	intensity	A_acquisition_age_sex	132	83	0.09145489580798905	0.0701608699284888	C(sex)[T.M]	-8.292961757686802	4.8817120923916795	0.09178974071685606	-17.952263172098256	1.3663396567246533	1.0341868013958861	TRUE	icv_etiv+total_wm+mean_cortical_thickness	0.1658137251659335
summary_gm_p05	intensity	A_acquisition_age_sex	132	83	0.09145489580798905	0.0701608699284888	age	-0.6237206421407431	0.26061482112647477	0.018151111785414106	-1.139391591733804	-0.10804969254768204	1.0789157431589922	TRUE	icv_etiv+total_wm+mean_cortical_thickness	0.05979189764607
summary_gm_p05	intensity	B_acquisition_age_sex_anatomy	132	83	0.2323805428036153	0.19553480885818886	"C(software_platform, Treatment(""E11""))[T.XA30]"	-19.71860085031116	11.21648586079212	0.0811949362177325	-41.91741844014476	2.4802167395224437	1.1043504240334137	TRUE	icv_etiv+total_wm+mean_cortical_thickness	0.3497628021686938
summary_gm_p05	intensity	B_acquisition_age_sex_anatomy	132	83	0.2323805428036153	0.19553480885818886	C(sex)[T.M]	-10.862282349907929	5.063933262238579	0.033884842893804605	-20.884434757594953	-0.840129942220905	1.2862671374116312	TRUE	icv_etiv+total_wm+mean_cortical_thickness	0.07906463341887741
summary_gm_p05	intensity	B_acquisition_age_sex_anatomy	132	83	0.2323805428036153	0.19553480885818886	age	-0.21117982070244767	0.25898048059981627	0.41637863869177016	-0.7237343337214438	0.30137469231654845	1.2314702819886814	TRUE	icv_etiv+total_wm+mean_cortical_thickness	0.6477001046316424
summary_gm_p05	intensity	B_acquisition_age_sex_anatomy	132	83	0.2323805428036153	0.19553480885818886	icv_etiv	-1.6527708139929253e-05	2.178791106899166e-05	0.4495363235402855	-5.964868823002543e-05	2.659327195016692e-05	2.7808277107323653	TRUE	icv_etiv+total_wm+mean_cortical_thickness	0.6293508529563997
summary_gm_p05	intensity	B_acquisition_age_sex_anatomy	132	83	0.2323805428036153	0.19553480885818886	total_wm	9.643884481091465e-05	6.103600769410125e-05	0.1166267324987368	-2.4358989557981644e-05	0.00021723667917981096	2.7625549912036185	TRUE	icv_etiv+total_wm+mean_cortical_thickness	0.24702668051746432
summary_gm_p05	intensity	B_acquisition_age_sex_anatomy	132	83	0.2323805428036153	0.19553480885818886	mean_cortical_thickness	121.32522264468014	29.014818753182666	5.404550129796069e-05	63.90129532039619	178.7491499689641	1.1686380010010804	TRUE	icv_etiv+total_wm+mean_cortical_thickness	0.0005044246787809665
summary_gm_p95	intensity	A_acquisition_age_sex	132	83	0.28274348407397465	0.26593278448195845	"C(software_platform, Treatment(""E11""))[T.XA30]"	1.6054814478653503	7.821537648837458	0.8376918086388783	-13.870767098630534	17.081729994361233	1.054672241057326	TRUE	icv_etiv+total_wm+mean_cortical_thickness	0.9112587570050414
summary_gm_p95	intensity	A_acquisition_age_sex	132	83	0.28274348407397465	0.26593278448195845	C(sex)[T.M]	8.852190888287737	3.2400514166886296	0.007182479324007943	2.441195598179738	15.263186178395735	1.0341868013958861	TRUE	icv_etiv+total_wm+mean_cortical_thickness	0.01546995546709403
summary_gm_p95	intensity	A_acquisition_age_sex	132	83	0.28274348407397465	0.26593278448195845	age	1.01101931608717	0.172973211942778	3.966464428619075e-08	0.6687622638168877	1.3532763683574525	1.0789157431589922	TRUE	icv_etiv+total_wm+mean_cortical_thickness	1.1106100400133412e-06
summary_gm_p95	intensity	B_acquisition_age_sex_anatomy	132	83	0.4371956020154184	0.4101809909121584	"C(software_platform, Treatment(""E11""))[T.XA30]"	6.511101570383791	7.174279660864037	0.36585614644329767	-7.687688274007532	20.709891414775115	1.1043504240334137	TRUE	icv_etiv+total_wm+mean_cortical_thickness	0.5853698343092762
summary_gm_p95	intensity	B_acquisition_age_sex_anatomy	132	83	0.4371956020154184	0.4101809909121584	C(sex)[T.M]	4.368378861539508	3.2389889184673244	0.17987624289984636	-2.041982197077364	10.77873992015638	1.2862671374116312	TRUE	icv_etiv+total_wm+mean_cortical_thickness	0.23972489004950928
summary_gm_p95	intensity	B_acquisition_age_sex_anatomy	132	83	0.4371956020154184	0.4101809909121584	age	0.7153060966069494	0.16564888661098362	3.171796501263716e-05	0.3874663914199483	1.0431458017939506	1.2314702819886814	TRUE	icv_etiv+total_wm+mean_cortical_thickness	0.0008881030203538405
summary_gm_p95	intensity	B_acquisition_age_sex_anatomy	132	83	0.4371956020154184	0.4101809909121584	icv_etiv	1.4739683276250421e-05	1.3935966146168912e-05	0.2922446431247771	-1.284132331140934e-05	4.232068986391018e-05	2.7808277107323653	TRUE	icv_etiv+total_wm+mean_cortical_thickness	0.6137447076295072
summary_gm_p95	intensity	B_acquisition_age_sex_anatomy	132	83	0.4371956020154184	0.4101809909121584	total_wm	4.541174806564267e-05	3.903980212829397e-05	0.24695733774037928	-3.185286555265441e-05	0.00012267636168393974	2.7625549912036185	TRUE	icv_etiv+total_wm+mean_cortical_thickness	0.39248840126227574
summary_gm_p95	intensity	B_acquisition_age_sex_anatomy	132	83	0.4371956020154184	0.4101809909121584	mean_cortical_thickness	-100.29389120968634	18.55843502395449	3.169298890188609e-07	-137.02333739832093	-63.564445021051746	1.1686380010010804	TRUE	icv_etiv+total_wm+mean_cortical_thickness	3.549614757011242e-06
summary_gm_stdv	intensity	A_acquisition_age_sex	132	83	0.22033613254831363	0.20206276065491469	"C(software_platform, Treatment(""E11""))[T.XA30]"	2.671655912139283	4.705600896239832	0.5711919121025212	-6.639179412120221	11.982491236398786	1.054672241057326	TRUE	icv_etiv+total_wm+mean_cortical_thickness	0.7973352210726662
summary_gm_stdv	intensity	A_acquisition_age_sex	132	83	0.22033613254831363	0.20206276065491469	C(sex)[T.M]	5.1398306907047475	1.9492828053444549	0.009405928077000556	1.2828416257214128	8.996819755688083	1.0341868013958861	TRUE	icv_etiv+total_wm+mean_cortical_thickness	0.018811856154001112
summary_gm_stdv	intensity	A_acquisition_age_sex	132	83	0.22033613254831363	0.20206276065491469	age	0.4855944228915958	0.10406430777257689	7.618425166651046e-06	0.27968541059567964	0.691503435187512	1.0789157431589922	TRUE	icv_etiv+total_wm+mean_cortical_thickness	0.00010665795233311465
summary_gm_stdv	intensity	B_acquisition_age_sex_anatomy	132	83	0.3978358971715684	0.3689320202358036	"C(software_platform, Treatment(""E11""))[T.XA30]"	5.876544234066856	4.2821658993035765	0.17241829733288105	-2.5983935376937453	14.351482005827457	1.1043504240334137	TRUE	icv_etiv+total_wm+mean_cortical_thickness	0.5081802447705968
summary_gm_stdv	intensity	B_acquisition_age_sex_anatomy	132	83	0.3978358971715684	0.3689320202358036	C(sex)[T.M]	4.276962363957784	1.9332795138365881	0.02876351031693591	0.45076226791542195	8.103162460000146	1.2862671374116312	TRUE	icv_etiv+total_wm+mean_cortical_thickness	0.07575357120228107
summary_gm_stdv	intensity	B_acquisition_age_sex_anatomy	132	83	0.3978358971715684	0.3689320202358036	age	0.2771094953206149	0.09887208849309476	0.005875904238986649	0.08142936123723862	0.47278962940399116	1.2314702819886814	TRUE	icv_etiv+total_wm+mean_cortical_thickness	0.03656118193147248
summary_gm_stdv	intensity	B_acquisition_age_sex_anatomy	132	83	0.3978358971715684	0.3689320202358036	icv_etiv	7.789763186096174e-06	8.318064227480433e-06	0.3508280349290098	-8.672718270044849e-06	2.4252244642237198e-05	2.7808277107323653	TRUE	icv_etiv+total_wm+mean_cortical_thickness	0.6137447076295072
summary_gm_stdv	intensity	B_acquisition_age_sex_anatomy	132	83	0.3978358971715684	0.3689320202358036	total_wm	-5.37568715742268e-06	2.330197835767192e-05	0.8179276692115821	-5.1493194321799276e-05	4.0741820006953915e-05	2.7625549912036185	TRUE	icv_etiv+total_wm+mean_cortical_thickness	0.8627671594936662
summary_gm_stdv	intensity	B_acquisition_age_sex_anatomy	132	83	0.3978358971715684	0.3689320202358036	mean_cortical_thickness	-66.51197005346813	11.077111760436733	1.9396848155153552e-08	-88.4349490010625	-44.58899110587376	1.1686380010010804	TRUE	icv_etiv+total_wm+mean_cortical_thickness	3.620744988961997e-07
summary_wm_k	intensity	A_acquisition_age_sex	132	83	0.07007266970642745	0.048277497902671884	"C(software_platform, Treatment(""E11""))[T.XA30]"	-0.08553524553368042	0.05453199988606337	0.11922561235358298	-0.1934361240904232	0.022365633023062367	1.054672241057326	TRUE	icv_etiv+total_wm+mean_cortical_thickness	0.7418482546445162
summary_wm_k	intensity	A_acquisition_age_sex	132	83	0.07007266970642745	0.048277497902671884	C(sex)[T.M]	-0.0012604966305482584	0.022589737647298207	0.9555885185650728	-0.04595815201825647	0.04343715875715995	1.0341868013958861	TRUE	icv_etiv+total_wm+mean_cortical_thickness	0.9555885185650728
summary_wm_k	intensity	A_acquisition_age_sex	132	83	0.07007266970642745	0.048277497902671884	age	-0.0027070412954954904	0.0012059745279571188	0.026504625205484852	-0.005093267939585288	-0.00032081465140569197	1.0789157431589922	TRUE	icv_etiv+total_wm+mean_cortical_thickness	0.07811889534248166
summary_wm_k	intensity	B_acquisition_age_sex_anatomy	132	83	0.12512673876070102	0.08313282222121465	"C(software_platform, Treatment(""E11""))[T.XA30]"	-0.08703640700973975	0.05477017929926006	0.11455938366196328	-0.19543338933704515	0.02136057531756566	1.1043504240334137	TRUE	icv_etiv+total_wm+mean_cortical_thickness	0.4081874486149964
summary_wm_k	intensity	B_acquisition_age_sex_anatomy	132	83	0.12512673876070102	0.08313282222121465	C(sex)[T.M]	-0.029707894443376355	0.02472722171404823	0.23185790600425593	-0.07864613509611892	0.01923034620936622	1.2862671374116312	TRUE	icv_etiv+total_wm+mean_cortical_thickness	0.2885342830275185
summary_wm_k	intensity	B_acquisition_age_sex_anatomy	132	83	0.12512673876070102	0.08313282222121465	age	-0.002391275704494357	0.0012646035071503903	0.0609483832231022	-0.004894082994327005	0.00011153158533829151	1.2314702819886814	TRUE	icv_etiv+total_wm+mean_cortical_thickness	0.1710772996247979
summary_wm_k	intensity	B_acquisition_age_sex_anatomy	132	83	0.12512673876070102	0.08313282222121465	icv_etiv	2.2710160232772113e-08	1.0639052289776007e-07	0.8313156669474632	-1.8784988864581685e-07	2.3327020911136108e-07	2.7808277107323653	TRUE	icv_etiv+total_wm+mean_cortical_thickness	0.9128172029227046
summary_wm_k	intensity	B_acquisition_age_sex_anatomy	132	83	0.12512673876070102	0.08313282222121465	total_wm	4.899831600954018e-07	2.980392545942067e-07	0.10268442888057891	-9.987351421948323e-08	1.0798398344102868e-06	2.7625549912036185	TRUE	icv_etiv+total_wm+mean_cortical_thickness	0.23001312069249674
summary_wm_k	intensity	B_acquisition_age_sex_anatomy	132	83	0.12512673876070102	0.08313282222121465	mean_cortical_thickness	0.046735894699874256	0.14167956391781344	0.7420500503582974	-0.2336655460590944	0.32713733545884294	1.1686380010010804	TRUE	icv_etiv+total_wm+mean_cortical_thickness	0.8148000552953854
summary_wm_mad	intensity	A_acquisition_age_sex	132	83	0.062083386494782844	0.04010096586575429	"C(software_platform, Treatment(""E11""))[T.XA30]"	0.751818465756154	3.1385891967979394	0.8110698373167337	-5.4584164874964785	6.962053419008786	1.054672241057326	TRUE	icv_etiv+total_wm+mean_cortical_thickness	0.9112587570050414
summary_wm_mad	intensity	A_acquisition_age_sex	132	83	0.062083386494782844	0.04010096586575429	C(sex)[T.M]	0.8722134621269639	1.3001523268254387	0.5035217423630619	-1.7003600472834475	3.4447869715373756	1.0341868013958861	TRUE	icv_etiv+total_wm+mean_cortical_thickness	0.6266048349406992
summary_wm_mad	intensity	A_acquisition_age_sex	132	83	0.062083386494782844	0.04010096586575429	age	0.1781930542599126	0.06940986270388091	0.011400528206530867	0.04085378223798755	0.3155323262818377	1.0789157431589922	TRUE	icv_etiv+total_wm+mean_cortical_thickness	0.04225907221028997
summary_wm_mad	intensity	B_acquisition_age_sex_anatomy	132	83	0.18243170988586832	0.14318843196039	"C(software_platform, Treatment(""E11""))[T.XA30]"	2.041963051160884	3.0343037391267274	0.5022153907253029	-3.963300634186228	8.047226736507996	1.1043504240334137	TRUE	icv_etiv+total_wm+mean_cortical_thickness	0.7031015470154239
summary_wm_mad	intensity	B_acquisition_age_sex_anatomy	132	83	0.18243170988586832	0.14318843196039	C(sex)[T.M]	2.424913847148255	1.3699042483537351	0.07914282150658059	-0.28629667833758266	5.136124372634093	1.2862671374116312	TRUE	icv_etiv+total_wm+mean_cortical_thickness	0.15282751739201766
summary_wm_mad	intensity	B_acquisition_age_sex_anatomy	132	83	0.18243170988586832	0.14318843196039	age	0.10273760758078196	0.0700598610293584	0.1450434888619298	-0.035919552483607925	0.24139476764517184	1.2314702819886814	TRUE	icv_etiv+total_wm+mean_cortical_thickness	0.35314936418556825
summary_wm_mad	intensity	B_acquisition_age_sex_anatomy	132	83	0.18243170988586832	0.14318843196039	icv_etiv	4.7359316355833104e-06	5.8941045212295356e-06	0.4232092713724661	-6.92923272570335e-06	1.640109599686997e-05	2.7808277107323653	TRUE	icv_etiv+total_wm+mean_cortical_thickness	0.6137447076295072
summary_wm_mad	intensity	B_acquisition_age_sex_anatomy	132	83	0.18243170988586832	0.14318843196039	total_wm	-4.3259818372066186e-05	1.6511569547371584e-05	0.009883122308441484	-7.593826374729781e-05	-1.0581372996834563e-05	2.7625549912036185	TRUE	icv_etiv+total_wm+mean_cortical_thickness	0.03924228137699082
summary_wm_mad	intensity	B_acquisition_age_sex_anatomy	132	83	0.18243170988586832	0.14318843196039	mean_cortical_thickness	-18.992163414803706	7.8491404639143365	0.016974842972729554	-34.52658654500066	-3.457740284606748	1.1686380010010804	TRUE	icv_etiv+total_wm+mean_cortical_thickness	0.05941195040455344
summary_wm_mean	intensity	A_acquisition_age_sex	132	83	0.013049902990323048	-0.01008173990834127	"C(software_platform, Treatment(""E11""))[T.XA30]"	-4.123310225059524	5.972747679074139	0.49122149013362126	-15.941411950951856	7.694791500832808	1.054672241057326	TRUE	icv_etiv+total_wm+mean_cortical_thickness	0.7973352210726662
summary_wm_mean	intensity	A_acquisition_age_sex	132	83	0.013049902990323048	-0.01008173990834127	C(sex)[T.M]	-1.1694990087932755	2.474195030178528	0.637247479237353	-6.065116591768043	3.726118574181492	1.0341868013958861	TRUE	icv_etiv+total_wm+mean_cortical_thickness	0.7757795399411255
summary_wm_mean	intensity	A_acquisition_age_sex	132	83	0.013049902990323048	-0.01008173990834127	age	-0.1013859585327816	0.132087243782146	0.4441574044843779	-0.3627431374371014	0.15997122037153821	1.0789157431589922	TRUE	icv_etiv+total_wm+mean_cortical_thickness	0.7106518471750046
summary_wm_mean	intensity	B_acquisition_age_sex_anatomy	132	83	0.15617038555257312	0.11566656405909659	"C(software_platform, Treatment(""E11""))[T.XA30]"	-5.391975201891259	5.718717250822829	0.34756898610487674	-16.710026387834215	5.926075984051699	1.1043504240334137	TRUE	icv_etiv+total_wm+mean_cortical_thickness	0.5853698343092762
summary_wm_mean	intensity	B_acquisition_age_sex_anatomy	132	83	0.15617038555257312	0.11566656405909659	C(sex)[T.M]	-5.656006923015264	2.581842732491454	0.030329259203517152	-10.765794121567286	-0.5462197244632412	1.2862671374116312	TRUE	icv_etiv+total_wm+mean_cortical_thickness	0.07575357120228107
summary_wm_mean	intensity	B_acquisition_age_sex_anatomy	132	83	0.15617038555257312	0.11566656405909659	age	-0.057492024656400825	0.13204101181187278	0.6640154932169607	-0.3188175745627978	0.20383352524999618	1.2314702819886814	TRUE	icv_etiv+total_wm+mean_cortical_thickness	0.808366687394561
summary_wm_mean	intensity	B_acquisition_age_sex_anatomy	132	83	0.15617038555257312	0.11566656405909659	icv_etiv	-9.649131064489528e-06	1.1108550791757246e-05	0.38671863220877134	-3.16343317569465e-05	1.2336069627967442e-05	2.7808277107323653	TRUE	icv_etiv+total_wm+mean_cortical_thickness	0.6137447076295072
summary_wm_mean	intensity	B_acquisition_age_sex_anatomy	132	83	0.15617038555257312	0.11566656405909659	total_wm	0.0001132917484241074	3.111916463441801e-05	0.00039677556594214144	5.1703059431754795e-05	0.00017488043741646	2.7625549912036185	TRUE	icv_etiv+total_wm+mean_cortical_thickness	0.01110971584637996
summary_wm_mean	intensity	B_acquisition_age_sex_anatomy	132	83	0.15617038555257312	0.11566656405909659	mean_cortical_thickness	-0.04688539847387574	14.793184477977443	0.9974762479360378	-29.32443345363522	29.230662656687468	1.1686380010010804	TRUE	icv_etiv+total_wm+mean_cortical_thickness	0.9974762479360378
summary_wm_median	intensity	A_acquisition_age_sex	132	83	0.03826472054361996	0.015724049931361006	"C(software_platform, Treatment(""E11""))[T.XA30]"	-0.9934377168331352	5.110207606157978	0.8461688457903956	-11.104856543647779	9.117981109981509	1.054672241057326	TRUE	icv_etiv+total_wm+mean_cortical_thickness	0.9112587570050414
summary_wm_median	intensity	A_acquisition_age_sex	132	83	0.03826472054361996	0.015724049931361006	C(sex)[T.M]	-2.3333976969280634	2.1168900716556855	0.2724098320914414	-6.522026373978838	1.8552309801227116	1.0341868013958861	TRUE	icv_etiv+total_wm+mean_cortical_thickness	0.36321310945525515
summary_wm_median	intensity	A_acquisition_age_sex	132	83	0.03826472054361996	0.015724049931361006	age	-0.19005880332773725	0.11301218034320165	0.09505457697991257	-0.41367271024702	0.03355510359154554	1.0789157431589922	TRUE	icv_etiv+total_wm+mean_cortical_thickness	0.22179401295312934
summary_wm_median	intensity	B_acquisition_age_sex_anatomy	132	83	0.13472577802665076	0.09319261537192991	"C(software_platform, Treatment(""E11""))[T.XA30]"	-2.45620477329026	5.019174843948276	0.6254414713885725	-12.389774716240353	7.4773651696598336	1.1043504240334137	TRUE	icv_etiv+total_wm+mean_cortical_thickness	0.7377974625312399
summary_wm_median	intensity	B_acquisition_age_sex_anatomy	132	83	0.13472577802665076	0.09319261537192991	C(sex)[T.M]	-5.194728911491557	2.266018676144067	0.02355145767599339	-9.679461105798083	-0.7099967171850317	1.2862671374116312	TRUE	icv_etiv+total_wm+mean_cortical_thickness	0.06941482262398052
summary_wm_median	intensity	B_acquisition_age_sex_anatomy	132	83	0.13472577802665076	0.09319261537192991	age	-0.12269435968214465	0.1158890876726371	0.29176787724462333	-0.3520532471113867	0.10666452774709739	1.2314702819886814	TRUE	icv_etiv+total_wm+mean_cortical_thickness	0.555487404560981
summary_wm_median	intensity	B_acquisition_age_sex_anatomy	132	83	0.13472577802665076	0.09319261537192991	icv_etiv	-8.236613442139036e-06	9.749696696175588e-06	0.39983257714899034	-2.7532473232873935e-05	1.1059246348595864e-05	2.7808277107323653	TRUE	icv_etiv+total_wm+mean_cortical_thickness	0.6137447076295072
summary_wm_median	intensity	B_acquisition_age_sex_anatomy	132	83	0.13472577802665076	0.09319261537192991	total_wm	7.808827553229484e-05	2.7312511083719378e-05	0.004980095468904828	2.403342635826156e-05	0.00013214312470632812	2.7625549912036185	TRUE	icv_etiv+total_wm+mean_cortical_thickness	0.03486066828233379
summary_wm_median	intensity	B_acquisition_age_sex_anatomy	132	83	0.13472577802665076	0.09319261537192991	mean_cortical_thickness	11.901827911343588	12.9836073610856	0.3610749417835504	-13.794342443959263	37.59799826664644	1.1686380010010804	TRUE	icv_etiv+total_wm+mean_cortical_thickness	0.4931755302409469
summary_wm_p05	intensity	A_acquisition_age_sex	132	83	0.007380076399938762	-0.015884453059437753	"C(software_platform, Treatment(""E11""))[T.XA30]"	-10.994679008473682	12.072418023987588	0.3641510203807343	-34.882020639335565	12.892662622388205	1.054672241057326	TRUE	icv_etiv+total_wm+mean_cortical_thickness	0.7973352210726662
summary_wm_p05	intensity	A_acquisition_age_sex	132	83	0.007380076399938762	-0.015884453059437753	C(sex)[T.M]	1.159770161516402	5.000967441138913	0.8169789213903829	-8.73549833514589	11.055038658178693	1.0341868013958861	TRUE	icv_etiv+total_wm+mean_cortical_thickness	0.8798234538050277
summary_wm_p05	intensity	A_acquisition_age_sex	132	83	0.007380076399938762	-0.015884453059437753	age	0.08000485355238834	0.2669813808075699	0.7649191109408136	-0.44826342209527176	0.6082731292000485	1.0789157431589922	TRUE	icv_etiv+total_wm+mean_cortical_thickness	0.9533202656311612
summary_wm_p05	intensity	B_acquisition_age_sex_anatomy	132	83	0.1602890565423446	0.11998293125637716	"C(software_platform, Treatment(""E11""))[T.XA30]"	-12.666277978812833	11.497736443469865	0.27273824745097774	-35.42172537760665	10.089169419980983	1.1043504240334137	TRUE	icv_etiv+total_wm+mean_cortical_thickness	0.5853698343092762
summary_wm_p05	intensity	B_acquisition_age_sex_anatomy	132	83	0.1602890565423446	0.11998293125637716	C(sex)[T.M]	-8.44982156349157	5.190910124539481	0.10608294575939434	-18.723276940694227	1.8236338137110852	1.2862671374116312	TRUE	icv_etiv+total_wm+mean_cortical_thickness	0.1800195443189722
summary_wm_p05	intensity	B_acquisition_age_sex_anatomy	132	83	0.1602890565423446	0.11998293125637716	age	0.10797484010434255	0.2654743514943958	0.6849061275705196	-0.4174318493654444	0.6333815295741295	1.2314702819886814	TRUE	icv_etiv+total_wm+mean_cortical_thickness	0.8115973391279134
summary_wm_p05	intensity	B_acquisition_age_sex_anatomy	132	83	0.1602890565423446	0.11998293125637716	icv_etiv	-1.7782364331622468e-05	2.233423749952772e-05	0.4274293499562639	-6.198459223199479e-05	2.641986356874986e-05	2.7808277107323653	TRUE	icv_etiv+total_wm+mean_cortical_thickness	0.6137447076295072
summary_wm_p05	intensity	B_acquisition_age_sex_anatomy	132	83	0.1602890565423446	0.11998293125637716	total_wm	0.00023452839489930953	6.256647034892396e-05	0.0002706665322037695	0.00011070158499171785	0.00035835520480690124	2.7625549912036185	TRUE	icv_etiv+total_wm+mean_cortical_thickness	0.01110971584637996
summary_wm_p05	intensity	B_acquisition_age_sex_anatomy	132	83	0.1602890565423446	0.11998293125637716	mean_cortical_thickness	-20.369493332580376	29.742358089646952	0.4946972195491197	-79.23331129819739	38.49432463303664	1.1686380010010804	TRUE	icv_etiv+total_wm+mean_cortical_thickness	0.629614643062516
summary_wm_p95	intensity	A_acquisition_age_sex	132	83	0.01754811359378905	-0.005478102493856607	"C(software_platform, Treatment(""E11""))[T.XA30]"	-4.446134855164587	3.442042144097236	0.19878365294000788	-11.256803309529198	2.3645335992000245	1.054672241057326	TRUE	icv_etiv+total_wm+mean_cortical_thickness	0.7973352210726662
summary_wm_p95	intensity	A_acquisition_age_sex	132	83	0.01754811359378905	-0.005478102493856607	C(sex)[T.M]	-0.26973512219732854	1.4258569127953808	0.8502560425385537	-3.091036631554699	2.551566387160042	1.0341868013958861	TRUE	icv_etiv+total_wm+mean_cortical_thickness	0.8983837430596039
summary_wm_p95	intensity	A_acquisition_age_sex	132	83	0.01754811359378905	-0.005478102493856607	age	0.08001422774200456	0.07612072101901841	0.2951705613818986	-0.07060362400533082	0.23063207948933995	1.0789157431589922	TRUE	icv_etiv+total_wm+mean_cortical_thickness	0.558901514043817
summary_wm_p95	intensity	B_acquisition_age_sex_anatomy	132	83	0.12137638383035876	0.0792024502542159	"C(software_platform, Treatment(""E11""))[T.XA30]"	-4.059024430366198	3.3705955718918355	0.2307700398146732	-10.72985138973292	2.6118025290005242	1.1043504240334137	TRUE	icv_etiv+total_wm+mean_cortical_thickness	0.5853698343092762
summary_wm_p95	intensity	B_acquisition_age_sex_anatomy	132	83	0.12137638383035876	0.0792024502542159	C(sex)[T.M]	-2.2463699356721136	1.5217307133351778	0.14240651225537654	-5.258063878447642	0.765324007103414	1.2862671374116312	TRUE	icv_etiv+total_wm+mean_cortical_thickness	0.2140214694189088
summary_wm_p95	intensity	B_acquisition_age_sex_anatomy	132	83	0.12137638383035876	0.0792024502542159	age	0.03051472622061252	0.07782459425794824	0.69565486210964	-0.12350980457953584	0.18453925702076088	1.2314702819886814	TRUE	icv_etiv+total_wm+mean_cortical_thickness	0.8115973391279134
summary_wm_p95	intensity	B_acquisition_age_sex_anatomy	132	83	0.12137638383035876	0.0792024502542159	icv_etiv	-2.9688742393174704e-06	6.547348026945233e-06	0.6510132238554998	-1.5926888572074796e-05	9.989140093439853e-06	2.7808277107323653	TRUE	icv_etiv+total_wm+mean_cortical_thickness	0.7756753305512337
summary_wm_p95	intensity	B_acquisition_age_sex_anatomy	132	83	0.12137638383035876	0.0792024502542159	total_wm	4.613777372914271e-05	1.834154652472989e-05	0.01315499032606978	9.83757679837502e-06	8.24379706599104e-05	2.7625549912036185	TRUE	icv_etiv+total_wm+mean_cortical_thickness	0.043271721772737325
summary_wm_p95	intensity	B_acquisition_age_sex_anatomy	132	83	0.12137638383035876	0.0792024502542159	mean_cortical_thickness	-21.863288109586193	8.719060570528383	0.013439801096179852	-39.11939109603449	-4.607185123137892	1.1686380010010804	TRUE	icv_etiv+total_wm+mean_cortical_thickness	0.05017525742573811
summary_wm_stdv	intensity	A_acquisition_age_sex	132	83	0.004406715007357231	-0.01892750260965781	"C(software_platform, Treatment(""E11""))[T.XA30]"	2.3246577984321304	3.867732959352631	0.5488769830330331	-5.328312663112893	9.977628259977154	1.054672241057326	TRUE	icv_etiv+total_wm+mean_cortical_thickness	0.7973352210726662
summary_wm_stdv	intensity	A_acquisition_age_sex	132	83	0.004406715007357231	-0.01892750260965781	C(sex)[T.M]	-0.5139727490643369	1.6021982143353128	0.7488909893699551	-3.684195651397448	2.6562501532687746	1.0341868013958861	TRUE	icv_etiv+total_wm+mean_cortical_thickness	0.8613982024394334
summary_wm_stdv	intensity	A_acquisition_age_sex	132	83	0.004406715007357231	-0.01892750260965781	age	0.014386336426524992	0.08553486832804653	0.8666971888612482	-0.1548590141770615	0.18363168703011146	1.0789157431589922	TRUE	icv_etiv+total_wm+mean_cortical_thickness	0.9533202656311612
summary_wm_stdv	intensity	B_acquisition_age_sex_anatomy	132	83	0.13343680726509666	0.09184177401382121	"C(software_platform, Treatment(""E11""))[T.XA30]"	3.0781526634854437	3.736459617487054	0.41161357475870364	-4.3167646492812555	10.473069976252143	1.1043504240334137	TRUE	icv_etiv+total_wm+mean_cortical_thickness	0.6229827077429028
summary_wm_stdv	intensity	B_acquisition_age_sex_anatomy	132	83	0.13343680726509666	0.09184177401382121	C(sex)[T.M]	2.2532023060868642	1.686908214821901	0.18407446914515893	-1.0853984122114286	5.5918030243851575	1.2862671374116312	TRUE	icv_etiv+total_wm+mean_cortical_thickness	0.23972489004950928
summary_wm_stdv	intensity	B_acquisition_age_sex_anatomy	132	83	0.13343680726509666	0.09184177401382121	age	-0.016143837952785865	0.08627212831972178	0.851864508350999	-0.18688708707956472	0.15459941117399298	1.2314702819886814	TRUE	icv_etiv+total_wm+mean_cortical_thickness	0.900083254106716
summary_wm_stdv	intensity	B_acquisition_age_sex_anatomy	132	83	0.13343680726509666	0.09184177401382121	icv_etiv	5.098826966115593e-06	7.258035258909271e-06	0.4836686662078482	-9.265725601664237e-06	1.946337953389542e-05	2.7808277107323653	TRUE	icv_etiv+total_wm+mean_cortical_thickness	0.6297540107500159
summary_wm_stdv	intensity	B_acquisition_age_sex_anatomy	132	83	0.13343680726509666	0.09184177401382121	total_wm	-6.756771525022404e-05	2.0332444652636747e-05	0.0011678693670281754	-0.00010780814666529075	-2.7327283835157327e-05	2.7625549912036185	TRUE	icv_etiv+total_wm+mean_cortical_thickness	0.01722971118596336
summary_wm_stdv	intensity	B_acquisition_age_sex_anatomy	132	83	0.13343680726509666	0.09184177401382121	mean_cortical_thickness	-1.4491576528064396	9.66547811190455	0.8810604724686073	-20.578338412951027	17.680023107338144	1.1686380010010804	TRUE	icv_etiv+total_wm+mean_cortical_thickness	0.8970797537862184
tpm_overlap_csf	morphology / tissue	A_acquisition_age_sex	132	83	0.27299033082761726	0.2559510417063895	"C(software_platform, Treatment(""E11""))[T.XA30]"	-0.00255780278434623	0.005267485415126092	0.6280928099356423	-0.012980422627089067	0.007864817058396607	1.054672241057326	TRUE	icv_etiv+total_wm+mean_cortical_thickness	0.7973352210726662
tpm_overlap_csf	morphology / tissue	A_acquisition_age_sex	132	83	0.27299033082761726	0.2559510417063895	C(sex)[T.M]	0.014807061921440778	0.002182041990707889	3.8545999472034265e-10	0.010489519041351814	0.019124604801529742	1.0341868013958861	TRUE	icv_etiv+total_wm+mean_cortical_thickness	1.0792879852169595e-08
tpm_overlap_csf	morphology / tissue	A_acquisition_age_sex	132	83	0.27299033082761726	0.2559510417063895	age	-0.00021209379321005808	0.00011649037721521709	0.07098864479941307	-0.00044258990688992027	1.8402320469804113e-05	1.0789157431589922	TRUE	icv_etiv+total_wm+mean_cortical_thickness	0.172841917772484
tpm_overlap_csf	morphology / tissue	B_acquisition_age_sex_anatomy	132	83	0.3763431402501036	0.3464076109821086	"C(software_platform, Treatment(""E11""))[T.XA30]"	-0.0004259117595580015	0.005051853778469117	0.9329464154741015	-0.010424157369687782	0.00957233385057178	1.1043504240334137	TRUE	icv_etiv+total_wm+mean_cortical_thickness	0.9420839472194914
tpm_overlap_csf	morphology / tissue	B_acquisition_age_sex_anatomy	132	83	0.3763431402501036	0.3464076109821086	C(sex)[T.M]	0.010637784100433176	0.002280772311600699	7.840056857114827e-06	0.006123852630493137	0.015151715570373217	1.2862671374116312	TRUE	icv_etiv+total_wm+mean_cortical_thickness	0.00021952159199921517
tpm_overlap_csf	morphology / tissue	B_acquisition_age_sex_anatomy	132	83	0.3763431402501036	0.3464076109821086	age	-0.00019568331152344546	0.00011664362044455282	0.09592065609698593	-0.000426535512952918	3.5168889906027096e-05	1.2314702819886814	TRUE	icv_etiv+total_wm+mean_cortical_thickness	0.25578841625862914
tpm_overlap_csf	morphology / tissue	B_acquisition_age_sex_anatomy	132	83	0.3763431402501036	0.3464076109821086	icv_etiv	2.71535824051758e-08	9.813175198088413e-09	0.006516114992873971	7.732090780876658e-09	4.657507402947494e-08	2.7808277107323653	TRUE	icv_etiv+total_wm+mean_cortical_thickness	0.045612804950117804
tpm_overlap_csf	morphology / tissue	B_acquisition_age_sex_anatomy	132	83	0.3763431402501036	0.3464076109821086	total_wm	6.792041849015344e-09	2.7490337875782766e-08	0.805259266605818	-4.7614748616487783e-08	6.119883231451846e-08	2.7625549912036185	TRUE	icv_etiv+total_wm+mean_cortical_thickness	0.8627671594936662
tpm_overlap_csf	morphology / tissue	B_acquisition_age_sex_anatomy	132	83	0.3763431402501036	0.3464076109821086	mean_cortical_thickness	0.0070413680179110365	0.013068141267153605	0.5909697917603425	-0.018822105428952726	0.0329048414647748	1.1686380010010804	TRUE	icv_etiv+total_wm+mean_cortical_thickness	0.7194414856212865
tpm_overlap_gm	morphology / tissue	A_acquisition_age_sex	132	83	0.16740561189770053	0.14789168092655292	"C(software_platform, Treatment(""E11""))[T.XA30]"	-0.0007394159647461668	0.003274209648082902	0.8216935517570768	-0.007217999151595295	0.005739167222102961	1.054672241057326	TRUE	icv_etiv+total_wm+mean_cortical_thickness	0.9112587570050414
tpm_overlap_gm	morphology / tissue	A_acquisition_age_sex	132	83	0.16740561189770053	0.14789168092655292	C(sex)[T.M]	-0.0040365410742872684	0.001356332742371109	0.0034918603939556544	-0.006720277134268468	-0.0013528050143060692	1.0341868013958861	TRUE	icv_etiv+total_wm+mean_cortical_thickness	0.008501920959196376
tpm_overlap_gm	morphology / tissue	A_acquisition_age_sex	132	83	0.16740561189770053	0.14789168092655292	age	-0.00024947965830563043	7.240910736869125e-05	0.0007715957562805962	-0.00039275344831728295	-0.0001062058682939779	1.0789157431589922	TRUE	icv_etiv+total_wm+mean_cortical_thickness	0.004320936235171339
tpm_overlap_gm	morphology / tissue	B_acquisition_age_sex_anatomy	132	83	0.25555432805176037	0.2198209357982448	"C(software_platform, Treatment(""E11""))[T.XA30]"	-0.0017166668783509705	0.003205907006204746	0.5932763443446503	-0.008061554726823931	0.00462822097012199	1.1043504240334137	TRUE	icv_etiv+total_wm+mean_cortical_thickness	0.7377974625312399
tpm_overlap_gm	morphology / tissue	B_acquisition_age_sex_anatomy	132	83	0.25555432805176037	0.2198209357982448	C(sex)[T.M]	-0.0016305271985333995	0.0014473783790975524	0.2620957871037354	-0.004495068644029104	0.001234014246962305	1.2862671374116312	TRUE	icv_etiv+total_wm+mean_cortical_thickness	0.3122843420810464
tpm_overlap_gm	morphology / tissue	B_acquisition_age_sex_anatomy	132	83	0.25555432805176037	0.2198209357982448	age	-0.00022036181104841173	7.402205535046151e-05	0.003496603265109327	-0.00036686064541982305	-7.386297667700043e-05	1.2314702819886814	TRUE	icv_etiv+total_wm+mean_cortical_thickness	0.027972826120874615
tpm_overlap_gm	morphology / tissue	B_acquisition_age_sex_anatomy	132	83	0.25555432805176037	0.2198209357982448	icv_etiv	-6.99987240031513e-09	6.227442143070058e-09	0.26315151056425323	-1.93247532855563e-08	5.325008484926042e-09	2.7808277107323653	TRUE	icv_etiv+total_wm+mean_cortical_thickness	0.5894593836639272
tpm_overlap_gm	morphology / tissue	B_acquisition_age_sex_anatomy	132	83	0.25555432805176037	0.2198209357982448	total_wm	-2.7377312052011596e-08	1.7445371672181393e-08	0.11910214953520601	-6.19038677258629e-08	7.1492436218397105e-09	2.7625549912036185	TRUE	icv_etiv+total_wm+mean_cortical_thickness	0.24702668051746432
tpm_overlap_gm	morphology / tissue	B_acquisition_age_sex_anatomy	132	83	0.25555432805176037	0.2198209357982448	mean_cortical_thickness	0.01208213146730766	0.008293043996047089	0.14765159657723573	-0.004330831845580873	0.028495094780196194	1.1686380010010804	TRUE	icv_etiv+total_wm+mean_cortical_thickness	0.23624255452357718
tpm_overlap_wm	morphology / tissue	A_acquisition_age_sex	132	83	0.11137500333754202	0.09054785497826567	"C(software_platform, Treatment(""E11""))[T.XA30]"	0.005897013349014785	0.004365164903775503	0.17910245505775718	-0.0027402112007272467	0.014534237898756817	1.054672241057326	TRUE	icv_etiv+total_wm+mean_cortical_thickness	0.7973352210726662
tpm_overlap_wm	morphology / tissue	A_acquisition_age_sex	132	83	0.11137500333754202	0.09054785497826567	C(sex)[T.M]	-0.005682002862076459	0.0018082580901032268	0.0020833740356082037	-0.009259950433908322	-0.0021040552902445954	1.0341868013958861	TRUE	icv_etiv+total_wm+mean_cortical_thickness	0.005648918190324988
tpm_overlap_wm	morphology / tissue	A_acquisition_age_sex	132	83	0.11137500333754202	0.09054785497826567	age	0.00019350736478132737	9.653556985411468e-05	0.04712460314084658	2.4952467405794747e-06	0.00038451948282207523	1.0789157431589922	TRUE	icv_etiv+total_wm+mean_cortical_thickness	0.11995353526760948
tpm_overlap_wm	morphology / tissue	B_acquisition_age_sex_anatomy	132	83	0.2223702302931425	0.18504400134721333	"C(software_platform, Treatment(""E11""))[T.XA30]"	0.005031067115149116	0.004228365325454483	0.23636532517736802	-0.0033373926438072105	0.013399526874105443	1.1043504240334137	TRUE	icv_etiv+total_wm+mean_cortical_thickness	0.5853698343092762
tpm_overlap_wm	morphology / tissue	B_acquisition_age_sex_anatomy	132	83	0.2223702302931425	0.18504400134721333	C(sex)[T.M]	-0.002240280935679984	0.0019089900421764595	0.24280955623128053	-0.006018409152755207	0.0015378472813952389	1.2862671374116312	TRUE	icv_etiv+total_wm+mean_cortical_thickness	0.29559424236851545
tpm_overlap_wm	morphology / tissue	B_acquisition_age_sex_anatomy	132	83	0.2223702302931425	0.18504400134721333	age	0.00022641853702580478	9.76298724688506e-05	0.022009631487750723	3.3196902625092656e-05	0.0004196401714265169	1.2314702819886814	TRUE	icv_etiv+total_wm+mean_cortical_thickness	0.09399023357462301
tpm_overlap_wm	morphology / tissue	B_acquisition_age_sex_anatomy	132	83	0.2223702302931425	0.18504400134721333	icv_etiv	-4.9140399346176704e-09	8.21355715342596e-09	0.5507329662711605	-2.116968892089468e-08	1.1341609051659338e-08	2.7808277107323653	TRUE	icv_etiv+total_wm+mean_cortical_thickness	0.6775586077865212
tpm_overlap_wm	morphology / tissue	B_acquisition_age_sex_anatomy	132	83	0.2223702302931425	0.18504400134721333	total_wm	-5.308757611401318e-08	2.300921534079166e-08	0.022686582815622105	-9.862566893334147e-08	-7.549483294684882e-09	2.7625549912036185	TRUE	icv_etiv+total_wm+mean_cortical_thickness	0.05774766534885627
tpm_overlap_wm	morphology / tissue	B_acquisition_age_sex_anatomy	132	83	0.2223702302931425	0.18504400134721333	mean_cortical_thickness	0.016560739638122574	0.0109379403730323	0.13253412143655527	-0.005086801861321093	0.03820828113756624	1.1686380010010804	TRUE	icv_etiv+total_wm+mean_cortical_thickness	0.21829149413079693
wm2max	intensity	A_acquisition_age_sex	132	83	0.19114749297948108	0.1721900123461877	"C(software_platform, Treatment(""E11""))[T.XA30]"	0.055355556756184726	0.02602444865347225	0.03533374611910378	0.0038617388230165056	0.10684937468935295	1.054672241057326	TRUE	icv_etiv+total_wm+mean_cortical_thickness	0.3957379565339623
wm2max	intensity	A_acquisition_age_sex	132	83	0.19114749297948108	0.1721900123461877	C(sex)[T.M]	-0.05035580357343752	0.010780559464641345	7.471337406958653e-06	-0.07168698233083523	-0.0290246248160398	1.0341868013958861	TRUE	icv_etiv+total_wm+mean_cortical_thickness	2.7892992985978972e-05
wm2max	intensity	A_acquisition_age_sex	132	83	0.19114749297948108	0.1721900123461877	age	-0.0005996580829682227	0.0005755303719978996	0.2994115253806163	-0.0017384432532244337	0.0005391270872879884	1.0789157431589922	TRUE	icv_etiv+total_wm+mean_cortical_thickness	0.558901514043817
wm2max	intensity	B_acquisition_age_sex_anatomy	132	83	0.20175176289612184	0.16343584751513562	"C(software_platform, Treatment(""E11""))[T.XA30]"	0.05084625569360609	0.02677074918716048	0.0598266065579702	-0.002136379449393419	0.1038288908366056	1.1043504240334137	TRUE	icv_etiv+total_wm+mean_cortical_thickness	0.30457181520421195
wm2max	intensity	B_acquisition_age_sex_anatomy	132	83	0.20175176289612184	0.16343584751513562	C(sex)[T.M]	-0.04720898123973253	0.012086253122984331	0.00015272385746104133	-0.07112917618773723	-0.023288786291727825	1.2862671374116312	TRUE	icv_etiv+total_wm+mean_cortical_thickness	0.0018130009412964398
wm2max	intensity	B_acquisition_age_sex_anatomy	132	83	0.20175176289612184	0.16343584751513562	age	-0.00034222641990200173	0.0006181170802116394	0.5808008809592613	-0.0015655568357805542	0.0008811039959765506	1.2314702819886814	TRUE	icv_etiv+total_wm+mean_cortical_thickness	0.7593315111800016
wm2max	intensity	B_acquisition_age_sex_anatomy	132	83	0.20175176289612184	0.16343584751513562	icv_etiv	-1.5837300383131618e-08	5.200191127410217e-08	0.761213629347422	-1.1875553672056698e-07	8.708093595430375e-08	2.7808277107323653	TRUE	icv_etiv+total_wm+mean_cortical_thickness	0.8699584335399109
wm2max	intensity	B_acquisition_age_sex_anatomy	132	83	0.20175176289612184	0.16343584751513562	total_wm	-1.6704194083228628e-08	1.4567661152019576e-07	0.9088936322930395	-3.0501628811849006e-07	2.7160789995203283e-07	2.7625549912036185	TRUE	icv_etiv+total_wm+mean_cortical_thickness	0.921545207903754
wm2max	intensity	B_acquisition_age_sex_anatomy	132	83	0.20175176289612184	0.16343584751513562	mean_cortical_thickness	0.08432369034055764	0.06925060533152749	0.2256468263129189	-0.05273185226158608	0.22137923294270137	1.1686380010010804	TRUE	icv_etiv+total_wm+mean_cortical_thickness	0.3325321650927226
