filepath	file_type	sha256	variables_found	keywords_found	trigger_present	vbl_present	frame_timing_present	scanner_sync_present	saves_timing	confidence	classification	comments
<RAW>/Control/SUBC01-Session1-2023MAY5/SUBC01_2023MAY05_session1_MATLAB/1-Check_FOV_and_EyeTracking/3-Movie_Data/Show_movie.m	.m	88923aeac42f475df28b7e0534d7bff21269fa4989bf60bbfdef003a68b6ac90		KbCheck;KbQueueWait;trigger;Trigger;FORP;flip;frame;time	yes	no	yes	yes	no	HIGH	NO_TIMING	runtime_sync_without_logged_timestamps
<RAW>/Control/SUBC01-Session1-2023MAY5/SUBC01_2023MAY05_session1_MATLAB/1-Check_FOV_and_EyeTracking/3-Movie_Data/main.m	.m	fa01b62dff72ec1d7a9358caa3da20518d215b02aaad0cc9ce171974ab3839d3		trigger;Trigger	yes	no	no	yes	no	MEDIUM	PARTIAL	runtime_sync_without_logged_timestamps
<RAW>/Control/SUBC01-Session1-2023MAY5/SUBC01_2023MAY05_session1_MATLAB/3-Movie_Data/Show_movie.m	.m	83ade7957408103126c86b4ef0ac8892e804caafd7f901bd353ee8318027ccb4		KbCheck;KbQueueWait;trigger;Trigger;FORP;flip;frame;time	yes	no	yes	yes	no	HIGH	NO_TIMING	runtime_sync_without_logged_timestamps
<RAW>/Control/SUBC01-Session1-2023MAY5/SUBC01_2023MAY05_session1_MATLAB/3-Movie_Data/main.m	.m	fa01b62dff72ec1d7a9358caa3da20518d215b02aaad0cc9ce171974ab3839d3		trigger;Trigger	yes	no	no	yes	no	MEDIUM	PARTIAL	runtime_sync_without_logged_timestamps
<RAW>/Control/SUBC01-Session2-2023NOV08/SUBC01-Session-2023NOV08-MATLAB/3-Movie_Data/Show_movie.m	.m	83ade7957408103126c86b4ef0ac8892e804caafd7f901bd353ee8318027ccb4		KbCheck;KbQueueWait;trigger;Trigger;FORP;flip;frame;time	yes	no	yes	yes	no	HIGH	NO_TIMING	runtime_sync_without_logged_timestamps
<RAW>/Control/SUBC01-Session2-2023NOV08/SUBC01-Session-2023NOV08-MATLAB/3-Movie_Data/main.m	.m	1aab337d9f67bc7fea3f0b95dfdff182ad43057c04c553e95b256c38a0ae6f01		trigger;Trigger	yes	no	no	yes	no	MEDIUM	PARTIAL	runtime_sync_without_logged_timestamps
<RAW>/Control/SUBC02-Session1-2023MAY11/SUBC02_2023MAY11_session01_MATLAB/3-Movie_Data/Show_movie.m	.m	83ade7957408103126c86b4ef0ac8892e804caafd7f901bd353ee8318027ccb4		KbCheck;KbQueueWait;trigger;Trigger;FORP;flip;frame;time	yes	no	yes	yes	no	HIGH	NO_TIMING	runtime_sync_without_logged_timestamps
<RAW>/Control/SUBC02-Session1-2023MAY11/SUBC02_2023MAY11_session01_MATLAB/3-Movie_Data/main.m	.m	fa01b62dff72ec1d7a9358caa3da20518d215b02aaad0cc9ce171974ab3839d3		trigger;Trigger	yes	no	no	yes	no	MEDIUM	PARTIAL	runtime_sync_without_logged_timestamps
<RAW>/Control/SUBC028_Session01_2023DEC09/SUBC028_Session01_2023DEC09_MATLAB/3-Movie_Data/Show_movie.m	.m	83ade7957408103126c86b4ef0ac8892e804caafd7f901bd353ee8318027ccb4		KbCheck;KbQueueWait;trigger;Trigger;FORP;flip;frame;time	yes	no	yes	yes	no	HIGH	NO_TIMING	runtime_sync_without_logged_timestamps
<RAW>/Control/SUBC028_Session01_2023DEC09/SUBC028_Session01_2023DEC09_MATLAB/3-Movie_Data/main.m	.m	1aab337d9f67bc7fea3f0b95dfdff182ad43057c04c553e95b256c38a0ae6f01		trigger;Trigger	yes	no	no	yes	no	MEDIUM	PARTIAL	runtime_sync_without_logged_timestamps
<RAW>/Control/SUBC029_Session01_2023DEC16/SUBC029_Session01_2023DEC16_MATLAB/3-Movie_Data/Show_movie.m	.m	83ade7957408103126c86b4ef0ac8892e804caafd7f901bd353ee8318027ccb4		KbCheck;KbQueueWait;trigger;Trigger;FORP;flip;frame;time	yes	no	yes	yes	no	HIGH	NO_TIMING	runtime_sync_without_logged_timestamps
<RAW>/Control/SUBC029_Session01_2023DEC16/SUBC029_Session01_2023DEC16_MATLAB/3-Movie_Data/main.m	.m	1aab337d9f67bc7fea3f0b95dfdff182ad43057c04c553e95b256c38a0ae6f01		trigger;Trigger	yes	no	no	yes	no	MEDIUM	PARTIAL	runtime_sync_without_logged_timestamps
<RAW>/Control/SUBC02_SESSION02_20NOV2023/SUB-C02-SESSION02-Matlab-Code/3-Movie_Data/Show_movie.m	.m	83ade7957408103126c86b4ef0ac8892e804caafd7f901bd353ee8318027ccb4		KbCheck;KbQueueWait;trigger;Trigger;FORP;flip;frame;time	yes	no	yes	yes	no	HIGH	NO_TIMING	runtime_sync_without_logged_timestamps
<RAW>/Control/SUBC02_SESSION02_20NOV2023/SUB-C02-SESSION02-Matlab-Code/3-Movie_Data/main.m	.m	1aab337d9f67bc7fea3f0b95dfdff182ad43057c04c553e95b256c38a0ae6f01		trigger;Trigger	yes	no	no	yes	no	MEDIUM	PARTIAL	runtime_sync_without_logged_timestamps
<RAW>/Control/SUBC03-Session01-2023MAY19/SUBC03_Session01_2023MAY19_MATLAB/1-Check_FOV_and_EyeTracking/3-Movie_Data/Show_movie.m	.m	88923aeac42f475df28b7e0534d7bff21269fa4989bf60bbfdef003a68b6ac90		KbCheck;KbQueueWait;trigger;Trigger;FORP;flip;frame;time	yes	no	yes	yes	no	HIGH	NO_TIMING	runtime_sync_without_logged_timestamps
<RAW>/Control/SUBC03-Session01-2023MAY19/SUBC03_Session01_2023MAY19_MATLAB/1-Check_FOV_and_EyeTracking/3-Movie_Data/main.m	.m	fa01b62dff72ec1d7a9358caa3da20518d215b02aaad0cc9ce171974ab3839d3		trigger;Trigger	yes	no	no	yes	no	MEDIUM	PARTIAL	runtime_sync_without_logged_timestamps
<RAW>/Control/SUBC03-Session01-2023MAY19/SUBC03_Session01_2023MAY19_MATLAB/3-Movie_Data/Show_movie.m	.m	83ade7957408103126c86b4ef0ac8892e804caafd7f901bd353ee8318027ccb4		KbCheck;KbQueueWait;trigger;Trigger;FORP;flip;frame;time	yes	no	yes	yes	no	HIGH	NO_TIMING	runtime_sync_without_logged_timestamps
<RAW>/Control/SUBC03-Session01-2023MAY19/SUBC03_Session01_2023MAY19_MATLAB/3-Movie_Data/main.m	.m	fa01b62dff72ec1d7a9358caa3da20518d215b02aaad0cc9ce171974ab3839d3		trigger;Trigger	yes	no	no	yes	no	MEDIUM	PARTIAL	runtime_sync_without_logged_timestamps
<RAW>/Control/SUBC031_Session2_2024JUL30/3-Movie_Data/Show_movie.m	.m	83ade7957408103126c86b4ef0ac8892e804caafd7f901bd353ee8318027ccb4		KbCheck;KbQueueWait;trigger;Trigger;FORP;flip;frame;time	yes	no	yes	yes	no	HIGH	NO_TIMING	runtime_sync_without_logged_timestamps
<RAW>/Control/SUBC031_Session2_2024JUL30/3-Movie_Data/main.m	.m	1aab337d9f67bc7fea3f0b95dfdff182ad43057c04c553e95b256c38a0ae6f01		trigger;Trigger	yes	no	no	yes	no	MEDIUM	PARTIAL	runtime_sync_without_logged_timestamps
<RAW>/Control/SUBC031_Session2_2024JUL30/SUBC031_Session2_2024JUL30_MATLAB/3-Movie_Data/Show_movie.m	.m	83ade7957408103126c86b4ef0ac8892e804caafd7f901bd353ee8318027ccb4		KbCheck;KbQueueWait;trigger;Trigger;FORP;flip;frame;time	yes	no	yes	yes	no	HIGH	NO_TIMING	runtime_sync_without_logged_timestamps
<RAW>/Control/SUBC031_Session2_2024JUL30/SUBC031_Session2_2024JUL30_MATLAB/3-Movie_Data/main.m	.m	1aab337d9f67bc7fea3f0b95dfdff182ad43057c04c553e95b256c38a0ae6f01		trigger;Trigger	yes	no	no	yes	no	MEDIUM	PARTIAL	runtime_sync_without_logged_timestamps
<RAW>/Control/SUBC035_Session02_2024AUG27/SUBC035_Session02_2024AUG27_matlab/3-Movie_Data/Show_movie.m	.m	83ade7957408103126c86b4ef0ac8892e804caafd7f901bd353ee8318027ccb4		KbCheck;KbQueueWait;trigger;Trigger;FORP;flip;frame;time	yes	no	yes	yes	no	HIGH	NO_TIMING	runtime_sync_without_logged_timestamps
<RAW>/Control/SUBC035_Session02_2024AUG27/SUBC035_Session02_2024AUG27_matlab/3-Movie_Data/main.m	.m	1aab337d9f67bc7fea3f0b95dfdff182ad43057c04c553e95b256c38a0ae6f01		trigger;Trigger	yes	no	no	yes	no	MEDIUM	PARTIAL	runtime_sync_without_logged_timestamps
<RAW>/Control/SUBC037_Session02_2024AUG30/SUBC037_Session02_2024AUG30_matlab/3-Movie_Data/Show_movie.m	.m	83ade7957408103126c86b4ef0ac8892e804caafd7f901bd353ee8318027ccb4		KbCheck;KbQueueWait;trigger;Trigger;FORP;flip;frame;time	yes	no	yes	yes	no	HIGH	NO_TIMING	runtime_sync_without_logged_timestamps
<RAW>/Control/SUBC037_Session02_2024AUG30/SUBC037_Session02_2024AUG30_matlab/3-Movie_Data/main.m	.m	1aab337d9f67bc7fea3f0b95dfdff182ad43057c04c553e95b256c38a0ae6f01		trigger;Trigger	yes	no	no	yes	no	MEDIUM	PARTIAL	runtime_sync_without_logged_timestamps
<RAW>/Control/SUBC03_Session2_2023NOV10/SUBC03_Session02_2023NOV10_Matlab/3-Movie_Data/Show_movie.m	.m	83ade7957408103126c86b4ef0ac8892e804caafd7f901bd353ee8318027ccb4		KbCheck;KbQueueWait;trigger;Trigger;FORP;flip;frame;time	yes	no	yes	yes	no	HIGH	NO_TIMING	runtime_sync_without_logged_timestamps
<RAW>/Control/SUBC03_Session2_2023NOV10/SUBC03_Session02_2023NOV10_Matlab/3-Movie_Data/main.m	.m	1aab337d9f67bc7fea3f0b95dfdff182ad43057c04c553e95b256c38a0ae6f01		trigger;Trigger	yes	no	no	yes	no	MEDIUM	PARTIAL	runtime_sync_without_logged_timestamps
<RAW>/Control/SUBC04-SESSION01-2023MAY22/SUBC04-Session2-2023NOV19_MATLAB/3-Movie_Data/Show_movie.m	.m	83ade7957408103126c86b4ef0ac8892e804caafd7f901bd353ee8318027ccb4		KbCheck;KbQueueWait;trigger;Trigger;FORP;flip;frame;time	yes	no	yes	yes	no	HIGH	NO_TIMING	runtime_sync_without_logged_timestamps
<RAW>/Control/SUBC04-SESSION01-2023MAY22/SUBC04-Session2-2023NOV19_MATLAB/3-Movie_Data/main.m	.m	1aab337d9f67bc7fea3f0b95dfdff182ad43057c04c553e95b256c38a0ae6f01		trigger;Trigger	yes	no	no	yes	no	MEDIUM	PARTIAL	runtime_sync_without_logged_timestamps
<RAW>/Control/SUBC05-Session1-2023MAY24/SUBC05_Session01_2023MAY24_MATLAB/1-Check_FOV_and_EyeTracking/3-Movie_Data/Show_movie.m	.m	88923aeac42f475df28b7e0534d7bff21269fa4989bf60bbfdef003a68b6ac90		KbCheck;KbQueueWait;trigger;Trigger;FORP;flip;frame;time	yes	no	yes	yes	no	HIGH	NO_TIMING	runtime_sync_without_logged_timestamps
<RAW>/Control/SUBC05-Session1-2023MAY24/SUBC05_Session01_2023MAY24_MATLAB/1-Check_FOV_and_EyeTracking/3-Movie_Data/main.m	.m	fa01b62dff72ec1d7a9358caa3da20518d215b02aaad0cc9ce171974ab3839d3		trigger;Trigger	yes	no	no	yes	no	MEDIUM	PARTIAL	runtime_sync_without_logged_timestamps
<RAW>/Control/SUBC05-Session1-2023MAY24/SUBC05_Session01_2023MAY24_MATLAB/3-Movie_Data/Show_movie.m	.m	83ade7957408103126c86b4ef0ac8892e804caafd7f901bd353ee8318027ccb4		KbCheck;KbQueueWait;trigger;Trigger;FORP;flip;frame;time	yes	no	yes	yes	no	HIGH	NO_TIMING	runtime_sync_without_logged_timestamps
<RAW>/Control/SUBC05-Session1-2023MAY24/SUBC05_Session01_2023MAY24_MATLAB/3-Movie_Data/main.m	.m	fa01b62dff72ec1d7a9358caa3da20518d215b02aaad0cc9ce171974ab3839d3		trigger;Trigger	yes	no	no	yes	no	MEDIUM	PARTIAL	runtime_sync_without_logged_timestamps
<RAW>/Control/SUBC05-Session2-2023NOV25/SUBC05-Session2-2023NOV25-MATLAB/3-Movie_Data/Show_movie.m	.m	83ade7957408103126c86b4ef0ac8892e804caafd7f901bd353ee8318027ccb4		KbCheck;KbQueueWait;trigger;Trigger;FORP;flip;frame;time	yes	no	yes	yes	no	HIGH	NO_TIMING	runtime_sync_without_logged_timestamps
<RAW>/Control/SUBC05-Session2-2023NOV25/SUBC05-Session2-2023NOV25-MATLAB/3-Movie_Data/main.m	.m	1aab337d9f67bc7fea3f0b95dfdff182ad43057c04c553e95b256c38a0ae6f01		trigger;Trigger	yes	no	no	yes	no	MEDIUM	PARTIAL	runtime_sync_without_logged_timestamps
<RAW>/Control/SUBC06-Session1-2023MAY25/SUBC06_Session01_2023MAY25_MATLAB/1-Check_FOV_and_EyeTracking/3-Movie_Data/Show_movie.m	.m	88923aeac42f475df28b7e0534d7bff21269fa4989bf60bbfdef003a68b6ac90		KbCheck;KbQueueWait;trigger;Trigger;FORP;flip;frame;time	yes	no	yes	yes	no	HIGH	NO_TIMING	runtime_sync_without_logged_timestamps
<RAW>/Control/SUBC06-Session1-2023MAY25/SUBC06_Session01_2023MAY25_MATLAB/1-Check_FOV_and_EyeTracking/3-Movie_Data/main.m	.m	fa01b62dff72ec1d7a9358caa3da20518d215b02aaad0cc9ce171974ab3839d3		trigger;Trigger	yes	no	no	yes	no	MEDIUM	PARTIAL	runtime_sync_without_logged_timestamps
<RAW>/Control/SUBC06-Session1-2023MAY25/SUBC06_Session01_2023MAY25_MATLAB/3-Movie_Data/Show_movie.m	.m	83ade7957408103126c86b4ef0ac8892e804caafd7f901bd353ee8318027ccb4		KbCheck;KbQueueWait;trigger;Trigger;FORP;flip;frame;time	yes	no	yes	yes	no	HIGH	NO_TIMING	runtime_sync_without_logged_timestamps
<RAW>/Control/SUBC06-Session1-2023MAY25/SUBC06_Session01_2023MAY25_MATLAB/3-Movie_Data/main.m	.m	fa01b62dff72ec1d7a9358caa3da20518d215b02aaad0cc9ce171974ab3839d3		trigger;Trigger	yes	no	no	yes	no	MEDIUM	PARTIAL	runtime_sync_without_logged_timestamps
<RAW>/Control/SUBC06_Session02_2023DEC14/SUBC06_Session02_2023DEC14_MATLAB/3-Movie_Data/Show_movie.m	.m	83ade7957408103126c86b4ef0ac8892e804caafd7f901bd353ee8318027ccb4		KbCheck;KbQueueWait;trigger;Trigger;FORP;flip;frame;time	yes	no	yes	yes	no	HIGH	NO_TIMING	runtime_sync_without_logged_timestamps
<RAW>/Control/SUBC06_Session02_2023DEC14/SUBC06_Session02_2023DEC14_MATLAB/3-Movie_Data/main.m	.m	1aab337d9f67bc7fea3f0b95dfdff182ad43057c04c553e95b256c38a0ae6f01		trigger;Trigger	yes	no	no	yes	no	MEDIUM	PARTIAL	runtime_sync_without_logged_timestamps
<RAW>/Control/SUBC07-Session1-2023MAY31/SUBC07_Session01_2023MAY31_Matlab/1-Check_FOV_and_EyeTracking/3-Movie_Data/Show_movie.m	.m	88923aeac42f475df28b7e0534d7bff21269fa4989bf60bbfdef003a68b6ac90		KbCheck;KbQueueWait;trigger;Trigger;FORP;flip;frame;time	yes	no	yes	yes	no	HIGH	NO_TIMING	runtime_sync_without_logged_timestamps
<RAW>/Control/SUBC07-Session1-2023MAY31/SUBC07_Session01_2023MAY31_Matlab/1-Check_FOV_and_EyeTracking/3-Movie_Data/main.m	.m	fa01b62dff72ec1d7a9358caa3da20518d215b02aaad0cc9ce171974ab3839d3		trigger;Trigger	yes	no	no	yes	no	MEDIUM	PARTIAL	runtime_sync_without_logged_timestamps
<RAW>/Control/SUBC07-Session1-2023MAY31/SUBC07_Session01_2023MAY31_Matlab/3-Movie_Data/Show_movie.m	.m	83ade7957408103126c86b4ef0ac8892e804caafd7f901bd353ee8318027ccb4		KbCheck;KbQueueWait;trigger;Trigger;FORP;flip;frame;time	yes	no	yes	yes	no	HIGH	NO_TIMING	runtime_sync_without_logged_timestamps
<RAW>/Control/SUBC07-Session1-2023MAY31/SUBC07_Session01_2023MAY31_Matlab/3-Movie_Data/main.m	.m	fa01b62dff72ec1d7a9358caa3da20518d215b02aaad0cc9ce171974ab3839d3		trigger;Trigger	yes	no	no	yes	no	MEDIUM	PARTIAL	runtime_sync_without_logged_timestamps
<RAW>/Control/SUBC07-Session2-2023NOV24/SUBC07-Session2-2023NOV24-MATLAB/3-Movie_Data/Show_movie.m	.m	83ade7957408103126c86b4ef0ac8892e804caafd7f901bd353ee8318027ccb4		KbCheck;KbQueueWait;trigger;Trigger;FORP;flip;frame;time	yes	no	yes	yes	no	HIGH	NO_TIMING	runtime_sync_without_logged_timestamps
<RAW>/Control/SUBC07-Session2-2023NOV24/SUBC07-Session2-2023NOV24-MATLAB/3-Movie_Data/main.m	.m	1aab337d9f67bc7fea3f0b95dfdff182ad43057c04c553e95b256c38a0ae6f01		trigger;Trigger	yes	no	no	yes	no	MEDIUM	PARTIAL	runtime_sync_without_logged_timestamps
<RAW>/Control/SUBC08-Session1-2023Jun02/SUBC08_Session01_2023JUN02_Matlab/1-Check_FOV_and_EyeTracking/3-Movie_Data/Show_movie.m	.m	88923aeac42f475df28b7e0534d7bff21269fa4989bf60bbfdef003a68b6ac90		KbCheck;KbQueueWait;trigger;Trigger;FORP;flip;frame;time	yes	no	yes	yes	no	HIGH	NO_TIMING	runtime_sync_without_logged_timestamps
<RAW>/Control/SUBC08-Session1-2023Jun02/SUBC08_Session01_2023JUN02_Matlab/1-Check_FOV_and_EyeTracking/3-Movie_Data/main.m	.m	fa01b62dff72ec1d7a9358caa3da20518d215b02aaad0cc9ce171974ab3839d3		trigger;Trigger	yes	no	no	yes	no	MEDIUM	PARTIAL	runtime_sync_without_logged_timestamps
<RAW>/Control/SUBC08-Session1-2023Jun02/SUBC08_Session01_2023JUN02_Matlab/3-Movie_Data/Show_movie.m	.m	83ade7957408103126c86b4ef0ac8892e804caafd7f901bd353ee8318027ccb4		KbCheck;KbQueueWait;trigger;Trigger;FORP;flip;frame;time	yes	no	yes	yes	no	HIGH	NO_TIMING	runtime_sync_without_logged_timestamps
<RAW>/Control/SUBC08-Session1-2023Jun02/SUBC08_Session01_2023JUN02_Matlab/3-Movie_Data/main.m	.m	fa01b62dff72ec1d7a9358caa3da20518d215b02aaad0cc9ce171974ab3839d3		trigger;Trigger	yes	no	no	yes	no	MEDIUM	PARTIAL	runtime_sync_without_logged_timestamps
<RAW>/Control/SUBC08-Session2-2023DEC11/SUBC08-Session2-2023DC11-MATLAB/3-Movie_Data/Show_movie.m	.m	83ade7957408103126c86b4ef0ac8892e804caafd7f901bd353ee8318027ccb4		KbCheck;KbQueueWait;trigger;Trigger;FORP;flip;frame;time	yes	no	yes	yes	no	HIGH	NO_TIMING	runtime_sync_without_logged_timestamps
<RAW>/Control/SUBC08-Session2-2023DEC11/SUBC08-Session2-2023DC11-MATLAB/3-Movie_Data/main.m	.m	1aab337d9f67bc7fea3f0b95dfdff182ad43057c04c553e95b256c38a0ae6f01		trigger;Trigger	yes	no	no	yes	no	MEDIUM	PARTIAL	runtime_sync_without_logged_timestamps
<RAW>/Control/SUBC09-Session1-2023JUN08/SUBC09_Session01_2023JUN08_Matlab/1-Check_FOV_and_EyeTracking/3-Movie_Data/Show_movie.m	.m	88923aeac42f475df28b7e0534d7bff21269fa4989bf60bbfdef003a68b6ac90		KbCheck;KbQueueWait;trigger;Trigger;FORP;flip;frame;time	yes	no	yes	yes	no	HIGH	NO_TIMING	runtime_sync_without_logged_timestamps
<RAW>/Control/SUBC09-Session1-2023JUN08/SUBC09_Session01_2023JUN08_Matlab/1-Check_FOV_and_EyeTracking/3-Movie_Data/main.m	.m	fa01b62dff72ec1d7a9358caa3da20518d215b02aaad0cc9ce171974ab3839d3		trigger;Trigger	yes	no	no	yes	no	MEDIUM	PARTIAL	runtime_sync_without_logged_timestamps
<RAW>/Control/SUBC09-Session1-2023JUN08/SUBC09_Session01_2023JUN08_Matlab/3-Movie_Data/Show_movie.m	.m	83ade7957408103126c86b4ef0ac8892e804caafd7f901bd353ee8318027ccb4		KbCheck;KbQueueWait;trigger;Trigger;FORP;flip;frame;time	yes	no	yes	yes	no	HIGH	NO_TIMING	runtime_sync_without_logged_timestamps
<RAW>/Control/SUBC09-Session1-2023JUN08/SUBC09_Session01_2023JUN08_Matlab/3-Movie_Data/main.m	.m	fa01b62dff72ec1d7a9358caa3da20518d215b02aaad0cc9ce171974ab3839d3		trigger;Trigger	yes	no	no	yes	no	MEDIUM	PARTIAL	runtime_sync_without_logged_timestamps
<RAW>/Control/SUBC09_Session02_2023DEC02/SUBC09_Session02_2023DEC02_MATLAB/3-Movie_Data/Show_movie.m	.m	83ade7957408103126c86b4ef0ac8892e804caafd7f901bd353ee8318027ccb4		KbCheck;KbQueueWait;trigger;Trigger;FORP;flip;frame;time	yes	no	yes	yes	no	HIGH	NO_TIMING	runtime_sync_without_logged_timestamps
<RAW>/Control/SUBC09_Session02_2023DEC02/SUBC09_Session02_2023DEC02_MATLAB/3-Movie_Data/main.m	.m	1aab337d9f67bc7fea3f0b95dfdff182ad43057c04c553e95b256c38a0ae6f01		trigger;Trigger	yes	no	no	yes	no	MEDIUM	PARTIAL	runtime_sync_without_logged_timestamps
<RAW>/Control/SUBC10-Session1-2023JUL05/SUBC10_Session01_2023JUL05_Matlab/3-Movie_Data/Show_movie.m	.m	eb9dc42739c61be26c0a798ab16472c6de12d77008a5bb5fd0f7bf034b14fbf5		KbCheck;KbQueueWait;trigger;Trigger;FORP;flip;frame;time	yes	no	yes	yes	no	HIGH	NO_TIMING	runtime_sync_without_logged_timestamps
<RAW>/Control/SUBC10-Session1-2023JUL05/SUBC10_Session01_2023JUL05_Matlab/3-Movie_Data/main.m	.m	8a7291c3500c94528364c25f6ebd4c8f500e342dfa3df74428b3e3e566f787f2		trigger;Trigger	yes	no	no	yes	no	MEDIUM	PARTIAL	runtime_sync_without_logged_timestamps
<RAW>/Control/SUBC11-Session1-2023JUL11/SUBC11_Session01_2023JUL11_Matlab/1-Check_FOV_and_EyeTracking/3-Movie_Data/Show_movie.m	.m	88923aeac42f475df28b7e0534d7bff21269fa4989bf60bbfdef003a68b6ac90		KbCheck;KbQueueWait;trigger;Trigger;FORP;flip;frame;time	yes	no	yes	yes	no	HIGH	NO_TIMING	runtime_sync_without_logged_timestamps
<RAW>/Control/SUBC11-Session1-2023JUL11/SUBC11_Session01_2023JUL11_Matlab/1-Check_FOV_and_EyeTracking/3-Movie_Data/main.m	.m	fa01b62dff72ec1d7a9358caa3da20518d215b02aaad0cc9ce171974ab3839d3		trigger;Trigger	yes	no	no	yes	no	MEDIUM	PARTIAL	runtime_sync_without_logged_timestamps
<RAW>/Control/SUBC11-Session1-2023JUL11/SUBC11_Session01_2023JUL11_Matlab/3-Movie_Data/Show_movie.m	.m	83ade7957408103126c86b4ef0ac8892e804caafd7f901bd353ee8318027ccb4		KbCheck;KbQueueWait;trigger;Trigger;FORP;flip;frame;time	yes	no	yes	yes	no	HIGH	NO_TIMING	runtime_sync_without_logged_timestamps
<RAW>/Control/SUBC11-Session1-2023JUL11/SUBC11_Session01_2023JUL11_Matlab/3-Movie_Data/main.m	.m	1aab337d9f67bc7fea3f0b95dfdff182ad43057c04c553e95b256c38a0ae6f01		trigger;Trigger	yes	no	no	yes	no	MEDIUM	PARTIAL	runtime_sync_without_logged_timestamps
<RAW>/Control/SUBC11_Session02_2024JAN10/SUBC11_Session01_2024JAN10_MATLAB/3-Movie_Data/Show_movie.m	.m	83ade7957408103126c86b4ef0ac8892e804caafd7f901bd353ee8318027ccb4		KbCheck;KbQueueWait;trigger;Trigger;FORP;flip;frame;time	yes	no	yes	yes	no	HIGH	NO_TIMING	runtime_sync_without_logged_timestamps
<RAW>/Control/SUBC11_Session02_2024JAN10/SUBC11_Session01_2024JAN10_MATLAB/3-Movie_Data/main.m	.m	1aab337d9f67bc7fea3f0b95dfdff182ad43057c04c553e95b256c38a0ae6f01		trigger;Trigger	yes	no	no	yes	no	MEDIUM	PARTIAL	runtime_sync_without_logged_timestamps
<RAW>/Control/SUBC12-Session01-2023JUL12/SUBC12_Session01_2023JUL12_Matlab/1-Check_FOV_and_EyeTracking/3-Movie_Data/Show_movie.m	.m	88923aeac42f475df28b7e0534d7bff21269fa4989bf60bbfdef003a68b6ac90		KbCheck;KbQueueWait;trigger;Trigger;FORP;flip;frame;time	yes	no	yes	yes	no	HIGH	NO_TIMING	runtime_sync_without_logged_timestamps
<RAW>/Control/SUBC12-Session01-2023JUL12/SUBC12_Session01_2023JUL12_Matlab/1-Check_FOV_and_EyeTracking/3-Movie_Data/main.m	.m	fa01b62dff72ec1d7a9358caa3da20518d215b02aaad0cc9ce171974ab3839d3		trigger;Trigger	yes	no	no	yes	no	MEDIUM	PARTIAL	runtime_sync_without_logged_timestamps
<RAW>/Control/SUBC12-Session01-2023JUL12/SUBC12_Session01_2023JUL12_Matlab/3-Movie_Data/Show_movie.m	.m	83ade7957408103126c86b4ef0ac8892e804caafd7f901bd353ee8318027ccb4		KbCheck;KbQueueWait;trigger;Trigger;FORP;flip;frame;time	yes	no	yes	yes	no	HIGH	NO_TIMING	runtime_sync_without_logged_timestamps
<RAW>/Control/SUBC12-Session01-2023JUL12/SUBC12_Session01_2023JUL12_Matlab/3-Movie_Data/main.m	.m	1aab337d9f67bc7fea3f0b95dfdff182ad43057c04c553e95b256c38a0ae6f01		trigger;Trigger	yes	no	no	yes	no	MEDIUM	PARTIAL	runtime_sync_without_logged_timestamps
<RAW>/Control/SUBC12-Session1-2023JUL12/SUBC12_Session01_2023JUL12_Matlab/1-Check_FOV_and_EyeTracking/3-Movie_Data/Show_movie.m	.m	88923aeac42f475df28b7e0534d7bff21269fa4989bf60bbfdef003a68b6ac90		KbCheck;KbQueueWait;trigger;Trigger;FORP;flip;frame;time	yes	no	yes	yes	no	HIGH	NO_TIMING	runtime_sync_without_logged_timestamps
<RAW>/Control/SUBC12-Session1-2023JUL12/SUBC12_Session01_2023JUL12_Matlab/1-Check_FOV_and_EyeTracking/3-Movie_Data/main.m	.m	fa01b62dff72ec1d7a9358caa3da20518d215b02aaad0cc9ce171974ab3839d3		trigger;Trigger	yes	no	no	yes	no	MEDIUM	PARTIAL	runtime_sync_without_logged_timestamps
<RAW>/Control/SUBC12-Session1-2023JUL12/SUBC12_Session01_2023JUL12_Matlab/3-Movie_Data/Show_movie.m	.m	83ade7957408103126c86b4ef0ac8892e804caafd7f901bd353ee8318027ccb4		KbCheck;KbQueueWait;trigger;Trigger;FORP;flip;frame;time	yes	no	yes	yes	no	HIGH	NO_TIMING	runtime_sync_without_logged_timestamps
<RAW>/Control/SUBC12-Session1-2023JUL12/SUBC12_Session01_2023JUL12_Matlab/3-Movie_Data/main.m	.m	1aab337d9f67bc7fea3f0b95dfdff182ad43057c04c553e95b256c38a0ae6f01		trigger;Trigger	yes	no	no	yes	no	MEDIUM	PARTIAL	runtime_sync_without_logged_timestamps
<RAW>/Control/SUBC12_Session02_2024JAN09/SUBC12-Session2_2024JAN09_MATLAB/3-Movie_Data/Show_movie.m	.m	83ade7957408103126c86b4ef0ac8892e804caafd7f901bd353ee8318027ccb4		KbCheck;KbQueueWait;trigger;Trigger;FORP;flip;frame;time	yes	no	yes	yes	no	HIGH	NO_TIMING	runtime_sync_without_logged_timestamps
<RAW>/Control/SUBC12_Session02_2024JAN09/SUBC12-Session2_2024JAN09_MATLAB/3-Movie_Data/main.m	.m	1aab337d9f67bc7fea3f0b95dfdff182ad43057c04c553e95b256c38a0ae6f01		trigger;Trigger	yes	no	no	yes	no	MEDIUM	PARTIAL	runtime_sync_without_logged_timestamps
<RAW>/Control/SUBC13-Session1-2023JUL17/SUBC13_Session01_2023JUL17_Matlab/3-Movie_Data/Show_movie.m	.m	83ade7957408103126c86b4ef0ac8892e804caafd7f901bd353ee8318027ccb4		KbCheck;KbQueueWait;trigger;Trigger;FORP;flip;frame;time	yes	no	yes	yes	no	HIGH	NO_TIMING	runtime_sync_without_logged_timestamps
<RAW>/Control/SUBC13-Session1-2023JUL17/SUBC13_Session01_2023JUL17_Matlab/3-Movie_Data/main.m	.m	1aab337d9f67bc7fea3f0b95dfdff182ad43057c04c553e95b256c38a0ae6f01		trigger;Trigger	yes	no	no	yes	no	MEDIUM	PARTIAL	runtime_sync_without_logged_timestamps
<RAW>/Control/SUBC13-Session1-2023JUL17/SUBC13_Session01_2023JUL17_Matlab/SUBC13_Session01_2023JUL17_Matlab/3-Movie_Data/Show_movie.m	.m	83ade7957408103126c86b4ef0ac8892e804caafd7f901bd353ee8318027ccb4		KbCheck;KbQueueWait;trigger;Trigger;FORP;flip;frame;time	yes	no	yes	yes	no	HIGH	NO_TIMING	runtime_sync_without_logged_timestamps
<RAW>/Control/SUBC13-Session1-2023JUL17/SUBC13_Session01_2023JUL17_Matlab/SUBC13_Session01_2023JUL17_Matlab/3-Movie_Data/main.m	.m	1aab337d9f67bc7fea3f0b95dfdff182ad43057c04c553e95b256c38a0ae6f01		trigger;Trigger	yes	no	no	yes	no	MEDIUM	PARTIAL	runtime_sync_without_logged_timestamps
<RAW>/Control/SUBC14-Session1-2023JUL19/SUBC14_Session01_2023JUL19_Matlab/1-Check_FOV_and_EyeTracking/3-Movie_Data/Show_movie.m	.m	88923aeac42f475df28b7e0534d7bff21269fa4989bf60bbfdef003a68b6ac90		KbCheck;KbQueueWait;trigger;Trigger;FORP;flip;frame;time	yes	no	yes	yes	no	HIGH	NO_TIMING	runtime_sync_without_logged_timestamps
<RAW>/Control/SUBC14-Session1-2023JUL19/SUBC14_Session01_2023JUL19_Matlab/1-Check_FOV_and_EyeTracking/3-Movie_Data/main.m	.m	fa01b62dff72ec1d7a9358caa3da20518d215b02aaad0cc9ce171974ab3839d3		trigger;Trigger	yes	no	no	yes	no	MEDIUM	PARTIAL	runtime_sync_without_logged_timestamps
<RAW>/Control/SUBC14-Session1-2023JUL19/SUBC14_Session01_2023JUL19_Matlab/3-Movie_Data/Show_movie.m	.m	83ade7957408103126c86b4ef0ac8892e804caafd7f901bd353ee8318027ccb4		KbCheck;KbQueueWait;trigger;Trigger;FORP;flip;frame;time	yes	no	yes	yes	no	HIGH	NO_TIMING	runtime_sync_without_logged_timestamps
<RAW>/Control/SUBC14-Session1-2023JUL19/SUBC14_Session01_2023JUL19_Matlab/3-Movie_Data/main.m	.m	1aab337d9f67bc7fea3f0b95dfdff182ad43057c04c553e95b256c38a0ae6f01		trigger;Trigger	yes	no	no	yes	no	MEDIUM	PARTIAL	runtime_sync_without_logged_timestamps
<RAW>/Control/SUBC15-Session1-2023AUG07/subC015-Session01_2023AUG07_Matlab/3-Movie_Data/Show_movie.m	.m	83ade7957408103126c86b4ef0ac8892e804caafd7f901bd353ee8318027ccb4		KbCheck;KbQueueWait;trigger;Trigger;FORP;flip;frame;time	yes	no	yes	yes	no	HIGH	NO_TIMING	runtime_sync_without_logged_timestamps
<RAW>/Control/SUBC15-Session1-2023AUG07/subC015-Session01_2023AUG07_Matlab/3-Movie_Data/main.m	.m	1aab337d9f67bc7fea3f0b95dfdff182ad43057c04c553e95b256c38a0ae6f01		trigger;Trigger	yes	no	no	yes	no	MEDIUM	PARTIAL	runtime_sync_without_logged_timestamps
<RAW>/Control/SUBC15_Session02_2024FEB08/SUBC15_SESSION02_2024FEB8_MATLAB/3-Movie_Data/Show_movie.m	.m	83ade7957408103126c86b4ef0ac8892e804caafd7f901bd353ee8318027ccb4		KbCheck;KbQueueWait;trigger;Trigger;FORP;flip;frame;time	yes	no	yes	yes	no	HIGH	NO_TIMING	runtime_sync_without_logged_timestamps
<RAW>/Control/SUBC15_Session02_2024FEB08/SUBC15_SESSION02_2024FEB8_MATLAB/3-Movie_Data/main.m	.m	1aab337d9f67bc7fea3f0b95dfdff182ad43057c04c553e95b256c38a0ae6f01		trigger;Trigger	yes	no	no	yes	no	MEDIUM	PARTIAL	runtime_sync_without_logged_timestamps
<RAW>/Control/SUBC16-SESSION2-2024FEB07/SUBC016-Session02-2023FEB07_MATLAB/3-Movie_Data/Show_movie.m	.m	83ade7957408103126c86b4ef0ac8892e804caafd7f901bd353ee8318027ccb4		KbCheck;KbQueueWait;trigger;Trigger;FORP;flip;frame;time	yes	no	yes	yes	no	HIGH	NO_TIMING	runtime_sync_without_logged_timestamps
<RAW>/Control/SUBC16-SESSION2-2024FEB07/SUBC016-Session02-2023FEB07_MATLAB/3-Movie_Data/main.m	.m	1aab337d9f67bc7fea3f0b95dfdff182ad43057c04c553e95b256c38a0ae6f01		trigger;Trigger	yes	no	no	yes	no	MEDIUM	PARTIAL	runtime_sync_without_logged_timestamps
<RAW>/Control/SUBC16-Session1-2023AUG08/SUBC16_Session01_2023AUG08_Matlab/3-Movie_Data/Show_movie.m	.m	83ade7957408103126c86b4ef0ac8892e804caafd7f901bd353ee8318027ccb4		KbCheck;KbQueueWait;trigger;Trigger;FORP;flip;frame;time	yes	no	yes	yes	no	HIGH	NO_TIMING	runtime_sync_without_logged_timestamps
<RAW>/Control/SUBC16-Session1-2023AUG08/SUBC16_Session01_2023AUG08_Matlab/3-Movie_Data/main.m	.m	1aab337d9f67bc7fea3f0b95dfdff182ad43057c04c553e95b256c38a0ae6f01		trigger;Trigger	yes	no	no	yes	no	MEDIUM	PARTIAL	runtime_sync_without_logged_timestamps
<RAW>/Control/SUBC17-Session1-2023AUG18/SUBC17_Control_Session01_2023AUG18_MATLAB/3-Movie_Data/Show_movie.m	.m	83ade7957408103126c86b4ef0ac8892e804caafd7f901bd353ee8318027ccb4		KbCheck;KbQueueWait;trigger;Trigger;FORP;flip;frame;time	yes	no	yes	yes	no	HIGH	NO_TIMING	runtime_sync_without_logged_timestamps
<RAW>/Control/SUBC17-Session1-2023AUG18/SUBC17_Control_Session01_2023AUG18_MATLAB/3-Movie_Data/main.m	.m	1aab337d9f67bc7fea3f0b95dfdff182ad43057c04c553e95b256c38a0ae6f01		trigger;Trigger	yes	no	no	yes	no	MEDIUM	PARTIAL	runtime_sync_without_logged_timestamps
<RAW>/Control/SUBC17_Session02_2024APR09/SUBC17_Session02_2024APR09_MATLAB/3-Movie_Data/Show_movie.m	.m	83ade7957408103126c86b4ef0ac8892e804caafd7f901bd353ee8318027ccb4		KbCheck;KbQueueWait;trigger;Trigger;FORP;flip;frame;time	yes	no	yes	yes	no	HIGH	NO_TIMING	runtime_sync_without_logged_timestamps
<RAW>/Control/SUBC17_Session02_2024APR09/SUBC17_Session02_2024APR09_MATLAB/3-Movie_Data/main.m	.m	1aab337d9f67bc7fea3f0b95dfdff182ad43057c04c553e95b256c38a0ae6f01		trigger;Trigger	yes	no	no	yes	no	MEDIUM	PARTIAL	runtime_sync_without_logged_timestamps
<RAW>/Control/SUBC18-Session1-2023AUG28/SUBC018_Control_Session01_2023AUG28_MATLAB/3-Movie_Data/Show_movie.m	.m	83ade7957408103126c86b4ef0ac8892e804caafd7f901bd353ee8318027ccb4		KbCheck;KbQueueWait;trigger;Trigger;FORP;flip;frame;time	yes	no	yes	yes	no	HIGH	NO_TIMING	runtime_sync_without_logged_timestamps
<RAW>/Control/SUBC18-Session1-2023AUG28/SUBC018_Control_Session01_2023AUG28_MATLAB/3-Movie_Data/main.m	.m	1aab337d9f67bc7fea3f0b95dfdff182ad43057c04c553e95b256c38a0ae6f01		trigger;Trigger	yes	no	no	yes	no	MEDIUM	PARTIAL	runtime_sync_without_logged_timestamps
<RAW>/Control/SUBC20-Session1_2023SEP07/SUB020_Session01_2023SEP07_MATLAB/3-Movie_Data/Show_movie.m	.m	83ade7957408103126c86b4ef0ac8892e804caafd7f901bd353ee8318027ccb4		KbCheck;KbQueueWait;trigger;Trigger;FORP;flip;frame;time	yes	no	yes	yes	no	HIGH	NO_TIMING	runtime_sync_without_logged_timestamps
<RAW>/Control/SUBC20-Session1_2023SEP07/SUB020_Session01_2023SEP07_MATLAB/3-Movie_Data/main.m	.m	1aab337d9f67bc7fea3f0b95dfdff182ad43057c04c553e95b256c38a0ae6f01		trigger;Trigger	yes	no	no	yes	no	MEDIUM	PARTIAL	runtime_sync_without_logged_timestamps
<RAW>/Control/SUBC20_Session02_2024MAR05/SUBC20_Session02_2024MAR5_MATLAB/3-Movie_Data/Show_movie.m	.m	83ade7957408103126c86b4ef0ac8892e804caafd7f901bd353ee8318027ccb4		KbCheck;KbQueueWait;trigger;Trigger;FORP;flip;frame;time	yes	no	yes	yes	no	HIGH	NO_TIMING	runtime_sync_without_logged_timestamps
<RAW>/Control/SUBC20_Session02_2024MAR05/SUBC20_Session02_2024MAR5_MATLAB/3-Movie_Data/main.m	.m	1aab337d9f67bc7fea3f0b95dfdff182ad43057c04c553e95b256c38a0ae6f01		trigger;Trigger	yes	no	no	yes	no	MEDIUM	PARTIAL	runtime_sync_without_logged_timestamps
<RAW>/Control/SUBC21-Session1-2023SEP09/SUBC021_Session01_2023SEP09_MATLAB/3-Movie_Data/Show_movie.m	.m	83ade7957408103126c86b4ef0ac8892e804caafd7f901bd353ee8318027ccb4		KbCheck;KbQueueWait;trigger;Trigger;FORP;flip;frame;time	yes	no	yes	yes	no	HIGH	NO_TIMING	runtime_sync_without_logged_timestamps
<RAW>/Control/SUBC21-Session1-2023SEP09/SUBC021_Session01_2023SEP09_MATLAB/3-Movie_Data/main.m	.m	1aab337d9f67bc7fea3f0b95dfdff182ad43057c04c553e95b256c38a0ae6f01		trigger;Trigger	yes	no	no	yes	no	MEDIUM	PARTIAL	runtime_sync_without_logged_timestamps
<RAW>/Control/SUBC22-Session1-2023SEPT28/SUBC22-Session1-2023SEPT28-2023SEP28_MATLAB/3-Movie_Data/Show_movie.m	.m	83ade7957408103126c86b4ef0ac8892e804caafd7f901bd353ee8318027ccb4		KbCheck;KbQueueWait;trigger;Trigger;FORP;flip;frame;time	yes	no	yes	yes	no	HIGH	NO_TIMING	runtime_sync_without_logged_timestamps
<RAW>/Control/SUBC22-Session1-2023SEPT28/SUBC22-Session1-2023SEPT28-2023SEP28_MATLAB/3-Movie_Data/main.m	.m	1aab337d9f67bc7fea3f0b95dfdff182ad43057c04c553e95b256c38a0ae6f01		trigger;Trigger	yes	no	no	yes	no	MEDIUM	PARTIAL	runtime_sync_without_logged_timestamps
<RAW>/Control/SUBC22_Session02_2024MAR25/SUBC22_Session02_2024MAR25_MATLAB/3-Movie_Data/Show_movie.m	.m	83ade7957408103126c86b4ef0ac8892e804caafd7f901bd353ee8318027ccb4		KbCheck;KbQueueWait;trigger;Trigger;FORP;flip;frame;time	yes	no	yes	yes	no	HIGH	NO_TIMING	runtime_sync_without_logged_timestamps
<RAW>/Control/SUBC22_Session02_2024MAR25/SUBC22_Session02_2024MAR25_MATLAB/3-Movie_Data/main.m	.m	1aab337d9f67bc7fea3f0b95dfdff182ad43057c04c553e95b256c38a0ae6f01		trigger;Trigger	yes	no	no	yes	no	MEDIUM	PARTIAL	runtime_sync_without_logged_timestamps
<RAW>/Control/SUBC23-Session01-2023OCT05/SUBC23-Session01-2023OCT05-MATLAB/3-Movie_Data/Show_movie.m	.m	83ade7957408103126c86b4ef0ac8892e804caafd7f901bd353ee8318027ccb4		KbCheck;KbQueueWait;trigger;Trigger;FORP;flip;frame;time	yes	no	yes	yes	no	HIGH	NO_TIMING	runtime_sync_without_logged_timestamps
<RAW>/Control/SUBC23-Session01-2023OCT05/SUBC23-Session01-2023OCT05-MATLAB/3-Movie_Data/main.m	.m	1aab337d9f67bc7fea3f0b95dfdff182ad43057c04c553e95b256c38a0ae6f01		trigger;Trigger	yes	no	no	yes	no	MEDIUM	PARTIAL	runtime_sync_without_logged_timestamps
<RAW>/Control/SUBC23_Session02_2024APR22/SUBC23_Session02_2024APR22_MATLAB/3-Movie_Data/Show_movie.m	.m	83ade7957408103126c86b4ef0ac8892e804caafd7f901bd353ee8318027ccb4		KbCheck;KbQueueWait;trigger;Trigger;FORP;flip;frame;time	yes	no	yes	yes	no	HIGH	NO_TIMING	runtime_sync_without_logged_timestamps
<RAW>/Control/SUBC23_Session02_2024APR22/SUBC23_Session02_2024APR22_MATLAB/3-Movie_Data/main.m	.m	1aab337d9f67bc7fea3f0b95dfdff182ad43057c04c553e95b256c38a0ae6f01		trigger;Trigger	yes	no	no	yes	no	MEDIUM	PARTIAL	runtime_sync_without_logged_timestamps
<RAW>/Control/SUBC24-SESSION2-2024APR27/SUBC24-session2-2024-APR-27-Matlab/3-Movie_Data/Show_movie.m	.m	83ade7957408103126c86b4ef0ac8892e804caafd7f901bd353ee8318027ccb4		KbCheck;KbQueueWait;trigger;Trigger;FORP;flip;frame;time	yes	no	yes	yes	no	HIGH	NO_TIMING	runtime_sync_without_logged_timestamps
<RAW>/Control/SUBC24-SESSION2-2024APR27/SUBC24-session2-2024-APR-27-Matlab/3-Movie_Data/main.m	.m	1aab337d9f67bc7fea3f0b95dfdff182ad43057c04c553e95b256c38a0ae6f01		trigger;Trigger	yes	no	no	yes	no	MEDIUM	PARTIAL	runtime_sync_without_logged_timestamps
<RAW>/Control/SUBC24-Session01-2023OCT17/SUBC24-Session01-2023OCT17-MATLAB/3-Movie_Data/Show_movie.m	.m	83ade7957408103126c86b4ef0ac8892e804caafd7f901bd353ee8318027ccb4		KbCheck;KbQueueWait;trigger;Trigger;FORP;flip;frame;time	yes	no	yes	yes	no	HIGH	NO_TIMING	runtime_sync_without_logged_timestamps
<RAW>/Control/SUBC24-Session01-2023OCT17/SUBC24-Session01-2023OCT17-MATLAB/3-Movie_Data/main.m	.m	1aab337d9f67bc7fea3f0b95dfdff182ad43057c04c553e95b256c38a0ae6f01		trigger;Trigger	yes	no	no	yes	no	MEDIUM	PARTIAL	runtime_sync_without_logged_timestamps
<RAW>/Control/SUBC25-Session01-2023NOV08/SUBC25-SESSION01-2023OCT19-Matlab/3-Movie_Data/Show_movie.m	.m	83ade7957408103126c86b4ef0ac8892e804caafd7f901bd353ee8318027ccb4		KbCheck;KbQueueWait;trigger;Trigger;FORP;flip;frame;time	yes	no	yes	yes	no	HIGH	NO_TIMING	runtime_sync_without_logged_timestamps
<RAW>/Control/SUBC25-Session01-2023NOV08/SUBC25-SESSION01-2023OCT19-Matlab/3-Movie_Data/main.m	.m	1aab337d9f67bc7fea3f0b95dfdff182ad43057c04c553e95b256c38a0ae6f01		trigger;Trigger	yes	no	no	yes	no	MEDIUM	PARTIAL	runtime_sync_without_logged_timestamps
<RAW>/Control/SUBC25_Session02_2024APR23/SUBC25_Session02_2024APR23_MATLAB/3-Movie_Data/Show_movie.m	.m	83ade7957408103126c86b4ef0ac8892e804caafd7f901bd353ee8318027ccb4		KbCheck;KbQueueWait;trigger;Trigger;FORP;flip;frame;time	yes	no	yes	yes	no	HIGH	NO_TIMING	runtime_sync_without_logged_timestamps
<RAW>/Control/SUBC25_Session02_2024APR23/SUBC25_Session02_2024APR23_MATLAB/3-Movie_Data/main.m	.m	1aab337d9f67bc7fea3f0b95dfdff182ad43057c04c553e95b256c38a0ae6f01		trigger;Trigger	yes	no	no	yes	no	MEDIUM	PARTIAL	runtime_sync_without_logged_timestamps
<RAW>/Control/SUBC26-Session1-2023OCT20/SUBC26-Session1-2023OCT20-MATLAB/3-Movie_Data/Show_movie.m	.m	83ade7957408103126c86b4ef0ac8892e804caafd7f901bd353ee8318027ccb4		KbCheck;KbQueueWait;trigger;Trigger;FORP;flip;frame;time	yes	no	yes	yes	no	HIGH	NO_TIMING	runtime_sync_without_logged_timestamps
<RAW>/Control/SUBC26-Session1-2023OCT20/SUBC26-Session1-2023OCT20-MATLAB/3-Movie_Data/main.m	.m	1aab337d9f67bc7fea3f0b95dfdff182ad43057c04c553e95b256c38a0ae6f01		trigger;Trigger	yes	no	no	yes	no	MEDIUM	PARTIAL	runtime_sync_without_logged_timestamps
<RAW>/Control/SUBC26_Session2_2024APR19/SUBC26-Session2-2024Apr19_MATLAB/3-Movie_Data/Show_movie.m	.m	83ade7957408103126c86b4ef0ac8892e804caafd7f901bd353ee8318027ccb4		KbCheck;KbQueueWait;trigger;Trigger;FORP;flip;frame;time	yes	no	yes	yes	no	HIGH	NO_TIMING	runtime_sync_without_logged_timestamps
<RAW>/Control/SUBC26_Session2_2024APR19/SUBC26-Session2-2024Apr19_MATLAB/3-Movie_Data/main.m	.m	1aab337d9f67bc7fea3f0b95dfdff182ad43057c04c553e95b256c38a0ae6f01		trigger;Trigger	yes	no	no	yes	no	MEDIUM	PARTIAL	runtime_sync_without_logged_timestamps
<RAW>/Control/SUBC27-Session2-2024JUL17/SUBC27-Session2-2024JUL17-MATALB/3-Movie_Data/Show_movie.m	.m	83ade7957408103126c86b4ef0ac8892e804caafd7f901bd353ee8318027ccb4		KbCheck;KbQueueWait;trigger;Trigger;FORP;flip;frame;time	yes	no	yes	yes	no	HIGH	NO_TIMING	runtime_sync_without_logged_timestamps
<RAW>/Control/SUBC27-Session2-2024JUL17/SUBC27-Session2-2024JUL17-MATALB/3-Movie_Data/main.m	.m	1aab337d9f67bc7fea3f0b95dfdff182ad43057c04c553e95b256c38a0ae6f01		trigger;Trigger	yes	no	no	yes	no	MEDIUM	PARTIAL	runtime_sync_without_logged_timestamps
<RAW>/Control/SUBC27_Session01_2023DEC01/SUBC27_Session01_2023DEC01_MATLAB/3-Movie_Data/Show_movie.m	.m	83ade7957408103126c86b4ef0ac8892e804caafd7f901bd353ee8318027ccb4		KbCheck;KbQueueWait;trigger;Trigger;FORP;flip;frame;time	yes	no	yes	yes	no	HIGH	NO_TIMING	runtime_sync_without_logged_timestamps
<RAW>/Control/SUBC27_Session01_2023DEC01/SUBC27_Session01_2023DEC01_MATLAB/3-Movie_Data/main.m	.m	1aab337d9f67bc7fea3f0b95dfdff182ad43057c04c553e95b256c38a0ae6f01		trigger;Trigger	yes	no	no	yes	no	MEDIUM	PARTIAL	runtime_sync_without_logged_timestamps
<RAW>/Control/SUBC28-Session2-2024JUL13/SUBC28_Session02_2024JULY13_matlab/3-Movie_Data/Show_movie.m	.m	83ade7957408103126c86b4ef0ac8892e804caafd7f901bd353ee8318027ccb4		KbCheck;KbQueueWait;trigger;Trigger;FORP;flip;frame;time	yes	no	yes	yes	no	HIGH	NO_TIMING	runtime_sync_without_logged_timestamps
<RAW>/Control/SUBC28-Session2-2024JUL13/SUBC28_Session02_2024JULY13_matlab/3-Movie_Data/main.m	.m	1aab337d9f67bc7fea3f0b95dfdff182ad43057c04c553e95b256c38a0ae6f01		trigger;Trigger	yes	no	no	yes	no	MEDIUM	PARTIAL	runtime_sync_without_logged_timestamps
<RAW>/Control/SUBC29-Session2-2024JUL14/SUBC29_Session02_2024JULY14_Matlab/3-Movie_Data/Show_movie.m	.m	83ade7957408103126c86b4ef0ac8892e804caafd7f901bd353ee8318027ccb4		KbCheck;KbQueueWait;trigger;Trigger;FORP;flip;frame;time	yes	no	yes	yes	no	HIGH	NO_TIMING	runtime_sync_without_logged_timestamps
<RAW>/Control/SUBC29-Session2-2024JUL14/SUBC29_Session02_2024JULY14_Matlab/3-Movie_Data/main.m	.m	1aab337d9f67bc7fea3f0b95dfdff182ad43057c04c553e95b256c38a0ae6f01		trigger;Trigger	yes	no	no	yes	no	MEDIUM	PARTIAL	runtime_sync_without_logged_timestamps
<RAW>/Control/SUBC30-SESSION2-2024JUL20/SUBC30-Session02-2024JUL20-MATLAB/3-Movie_Data/Show_movie.m	.m	83ade7957408103126c86b4ef0ac8892e804caafd7f901bd353ee8318027ccb4		KbCheck;KbQueueWait;trigger;Trigger;FORP;flip;frame;time	yes	no	yes	yes	no	HIGH	NO_TIMING	runtime_sync_without_logged_timestamps
<RAW>/Control/SUBC30-SESSION2-2024JUL20/SUBC30-Session02-2024JUL20-MATLAB/3-Movie_Data/main.m	.m	1aab337d9f67bc7fea3f0b95dfdff182ad43057c04c553e95b256c38a0ae6f01		trigger;Trigger	yes	no	no	yes	no	MEDIUM	PARTIAL	runtime_sync_without_logged_timestamps
<RAW>/Control/SUBC30_Session01_2024JAN19/SUBC30_Session01_2024JAN19_MATLAB/3-Movie_Data/Show_movie.m	.m	83ade7957408103126c86b4ef0ac8892e804caafd7f901bd353ee8318027ccb4		KbCheck;KbQueueWait;trigger;Trigger;FORP;flip;frame;time	yes	no	yes	yes	no	HIGH	NO_TIMING	runtime_sync_without_logged_timestamps
<RAW>/Control/SUBC30_Session01_2024JAN19/SUBC30_Session01_2024JAN19_MATLAB/3-Movie_Data/main.m	.m	1aab337d9f67bc7fea3f0b95dfdff182ad43057c04c553e95b256c38a0ae6f01		trigger;Trigger	yes	no	no	yes	no	MEDIUM	PARTIAL	runtime_sync_without_logged_timestamps
<RAW>/Control/SUBC31_Session01_2024FEB01/SUBC031_Session01_2024FEB01_MATLAB/3-Movie_Data/Show_movie.m	.m	83ade7957408103126c86b4ef0ac8892e804caafd7f901bd353ee8318027ccb4		KbCheck;KbQueueWait;trigger;Trigger;FORP;flip;frame;time	yes	no	yes	yes	no	HIGH	NO_TIMING	runtime_sync_without_logged_timestamps
<RAW>/Control/SUBC31_Session01_2024FEB01/SUBC031_Session01_2024FEB01_MATLAB/3-Movie_Data/main.m	.m	1aab337d9f67bc7fea3f0b95dfdff182ad43057c04c553e95b256c38a0ae6f01		trigger;Trigger	yes	no	no	yes	no	MEDIUM	PARTIAL	runtime_sync_without_logged_timestamps
<RAW>/Control/SUBC32_Session01_2024FEB03/SUBC32_Session01_2024FEB03_MATLAB/3-Movie_Data/Show_movie.m	.m	83ade7957408103126c86b4ef0ac8892e804caafd7f901bd353ee8318027ccb4		KbCheck;KbQueueWait;trigger;Trigger;FORP;flip;frame;time	yes	no	yes	yes	no	HIGH	NO_TIMING	runtime_sync_without_logged_timestamps
<RAW>/Control/SUBC32_Session01_2024FEB03/SUBC32_Session01_2024FEB03_MATLAB/3-Movie_Data/main.m	.m	1aab337d9f67bc7fea3f0b95dfdff182ad43057c04c553e95b256c38a0ae6f01		trigger;Trigger	yes	no	no	yes	no	MEDIUM	PARTIAL	runtime_sync_without_logged_timestamps
<RAW>/Control/SUBC32_Session2_2024AUG03/3-Movie_Data/Show_movie.m	.m	83ade7957408103126c86b4ef0ac8892e804caafd7f901bd353ee8318027ccb4		KbCheck;KbQueueWait;trigger;Trigger;FORP;flip;frame;time	yes	no	yes	yes	no	HIGH	NO_TIMING	runtime_sync_without_logged_timestamps
<RAW>/Control/SUBC32_Session2_2024AUG03/3-Movie_Data/main.m	.m	1aab337d9f67bc7fea3f0b95dfdff182ad43057c04c553e95b256c38a0ae6f01		trigger;Trigger	yes	no	no	yes	no	MEDIUM	PARTIAL	runtime_sync_without_logged_timestamps
<RAW>/Control/SUBC33_Session01_2024FEB09/SUBC33_Session01_2024FEB09_MATLAB/3-Movie_Data/Show_movie.m	.m	83ade7957408103126c86b4ef0ac8892e804caafd7f901bd353ee8318027ccb4		KbCheck;KbQueueWait;trigger;Trigger;FORP;flip;frame;time	yes	no	yes	yes	no	HIGH	NO_TIMING	runtime_sync_without_logged_timestamps
<RAW>/Control/SUBC33_Session01_2024FEB09/SUBC33_Session01_2024FEB09_MATLAB/3-Movie_Data/main.m	.m	1aab337d9f67bc7fea3f0b95dfdff182ad43057c04c553e95b256c38a0ae6f01		trigger;Trigger	yes	no	no	yes	no	MEDIUM	PARTIAL	runtime_sync_without_logged_timestamps
<RAW>/Control/SUBC33_Session02_2024AUG15/SUBC033_Session02_2024AUG15_MATLAB/3-Movie_Data/Show_movie.m	.m	83ade7957408103126c86b4ef0ac8892e804caafd7f901bd353ee8318027ccb4		KbCheck;KbQueueWait;trigger;Trigger;FORP;flip;frame;time	yes	no	yes	yes	no	HIGH	NO_TIMING	runtime_sync_without_logged_timestamps
<RAW>/Control/SUBC33_Session02_2024AUG15/SUBC033_Session02_2024AUG15_MATLAB/3-Movie_Data/main.m	.m	1aab337d9f67bc7fea3f0b95dfdff182ad43057c04c553e95b256c38a0ae6f01		trigger;Trigger	yes	no	no	yes	no	MEDIUM	PARTIAL	runtime_sync_without_logged_timestamps
<RAW>/Control/SUBC34_Session1_2024FEB12/SUBC34_Session1_2024FEB12_MATLAB/3-Movie_Data/Show_movie.m	.m	83ade7957408103126c86b4ef0ac8892e804caafd7f901bd353ee8318027ccb4		KbCheck;KbQueueWait;trigger;Trigger;FORP;flip;frame;time	yes	no	yes	yes	no	HIGH	NO_TIMING	runtime_sync_without_logged_timestamps
<RAW>/Control/SUBC34_Session1_2024FEB12/SUBC34_Session1_2024FEB12_MATLAB/3-Movie_Data/main.m	.m	1aab337d9f67bc7fea3f0b95dfdff182ad43057c04c553e95b256c38a0ae6f01		trigger;Trigger	yes	no	no	yes	no	MEDIUM	PARTIAL	runtime_sync_without_logged_timestamps
<RAW>/Control/SUBC35_SESSION01_2024FEB20/SUBC35_Session1_2024FEB20_MATLAB/3-Movie_Data/Show_movie.m	.m	83ade7957408103126c86b4ef0ac8892e804caafd7f901bd353ee8318027ccb4		KbCheck;KbQueueWait;trigger;Trigger;FORP;flip;frame;time	yes	no	yes	yes	no	HIGH	NO_TIMING	runtime_sync_without_logged_timestamps
<RAW>/Control/SUBC35_SESSION01_2024FEB20/SUBC35_Session1_2024FEB20_MATLAB/3-Movie_Data/main.m	.m	1aab337d9f67bc7fea3f0b95dfdff182ad43057c04c553e95b256c38a0ae6f01		trigger;Trigger	yes	no	no	yes	no	MEDIUM	PARTIAL	runtime_sync_without_logged_timestamps
<RAW>/Control/SUBC36_SESSION01_27_FEB2024/SUBC36_Session01_2024FEB27_MATLAB/3-Movie_Data/Show_movie.m	.m	83ade7957408103126c86b4ef0ac8892e804caafd7f901bd353ee8318027ccb4		KbCheck;KbQueueWait;trigger;Trigger;FORP;flip;frame;time	yes	no	yes	yes	no	HIGH	NO_TIMING	runtime_sync_without_logged_timestamps
<RAW>/Control/SUBC36_SESSION01_27_FEB2024/SUBC36_Session01_2024FEB27_MATLAB/3-Movie_Data/main.m	.m	1aab337d9f67bc7fea3f0b95dfdff182ad43057c04c553e95b256c38a0ae6f01		trigger;Trigger	yes	no	no	yes	no	MEDIUM	PARTIAL	runtime_sync_without_logged_timestamps
<RAW>/Control/SUBC36_Session02_2024AUG24/SUBC036_Session02_2024AUG24-MATLAB/3-Movie_Data/Show_movie.m	.m	83ade7957408103126c86b4ef0ac8892e804caafd7f901bd353ee8318027ccb4		KbCheck;KbQueueWait;trigger;Trigger;FORP;flip;frame;time	yes	no	yes	yes	no	HIGH	NO_TIMING	runtime_sync_without_logged_timestamps
<RAW>/Control/SUBC36_Session02_2024AUG24/SUBC036_Session02_2024AUG24-MATLAB/3-Movie_Data/main.m	.m	1aab337d9f67bc7fea3f0b95dfdff182ad43057c04c553e95b256c38a0ae6f01		trigger;Trigger	yes	no	no	yes	no	MEDIUM	PARTIAL	runtime_sync_without_logged_timestamps
<RAW>/Control/SUBC37_SESSION01_29FEB2024/SUBC37_Session01_2024FEB29_MATLAB/3-Movie_Data/Show_movie.m	.m	83ade7957408103126c86b4ef0ac8892e804caafd7f901bd353ee8318027ccb4		KbCheck;KbQueueWait;trigger;Trigger;FORP;flip;frame;time	yes	no	yes	yes	no	HIGH	NO_TIMING	runtime_sync_without_logged_timestamps
<RAW>/Control/SUBC37_SESSION01_29FEB2024/SUBC37_Session01_2024FEB29_MATLAB/3-Movie_Data/main.m	.m	1aab337d9f67bc7fea3f0b95dfdff182ad43057c04c553e95b256c38a0ae6f01		trigger;Trigger	yes	no	no	yes	no	MEDIUM	PARTIAL	runtime_sync_without_logged_timestamps
<RAW>/Control/SUBC38_Session01_2024MAR07/SUBC38_Session01_2024MAR07_MATLAB/3-Movie_Data/Show_movie.m	.m	83ade7957408103126c86b4ef0ac8892e804caafd7f901bd353ee8318027ccb4		KbCheck;KbQueueWait;trigger;Trigger;FORP;flip;frame;time	yes	no	yes	yes	no	HIGH	NO_TIMING	runtime_sync_without_logged_timestamps
<RAW>/Control/SUBC38_Session01_2024MAR07/SUBC38_Session01_2024MAR07_MATLAB/3-Movie_Data/main.m	.m	1aab337d9f67bc7fea3f0b95dfdff182ad43057c04c553e95b256c38a0ae6f01		trigger;Trigger	yes	no	no	yes	no	MEDIUM	PARTIAL	runtime_sync_without_logged_timestamps
<RAW>/Control/SUBC39_Session01_2024MAR10/SUBC39_Session1_2024MAR10_MATLAB/3-Movie_Data/Show_movie.m	.m	83ade7957408103126c86b4ef0ac8892e804caafd7f901bd353ee8318027ccb4		KbCheck;KbQueueWait;trigger;Trigger;FORP;flip;frame;time	yes	no	yes	yes	no	HIGH	NO_TIMING	runtime_sync_without_logged_timestamps
<RAW>/Control/SUBC39_Session01_2024MAR10/SUBC39_Session1_2024MAR10_MATLAB/3-Movie_Data/main.m	.m	1aab337d9f67bc7fea3f0b95dfdff182ad43057c04c553e95b256c38a0ae6f01		trigger;Trigger	yes	no	no	yes	no	MEDIUM	PARTIAL	runtime_sync_without_logged_timestamps
<RAW>/Control/SUBC39_Session2_2024SEP08/SUBC39_Session2_2024SEP08_MATLAB/3-Movie_Data/Show_movie.m	.m	83ade7957408103126c86b4ef0ac8892e804caafd7f901bd353ee8318027ccb4		KbCheck;KbQueueWait;trigger;Trigger;FORP;flip;frame;time	yes	no	yes	yes	no	HIGH	NO_TIMING	runtime_sync_without_logged_timestamps
<RAW>/Control/SUBC39_Session2_2024SEP08/SUBC39_Session2_2024SEP08_MATLAB/3-Movie_Data/main.m	.m	1aab337d9f67bc7fea3f0b95dfdff182ad43057c04c553e95b256c38a0ae6f01		trigger;Trigger	yes	no	no	yes	no	MEDIUM	PARTIAL	runtime_sync_without_logged_timestamps
<RAW>/Control/SUBC40_SESSION01_2024MAR18/SUBC40_SESSION01_2024MAR18_MATLAB/3-Movie_Data/Show_movie.m	.m	83ade7957408103126c86b4ef0ac8892e804caafd7f901bd353ee8318027ccb4		KbCheck;KbQueueWait;trigger;Trigger;FORP;flip;frame;time	yes	no	yes	yes	no	HIGH	NO_TIMING	runtime_sync_without_logged_timestamps
<RAW>/Control/SUBC40_SESSION01_2024MAR18/SUBC40_SESSION01_2024MAR18_MATLAB/3-Movie_Data/main.m	.m	1aab337d9f67bc7fea3f0b95dfdff182ad43057c04c553e95b256c38a0ae6f01		trigger;Trigger	yes	no	no	yes	no	MEDIUM	PARTIAL	runtime_sync_without_logged_timestamps
<RAW>/Control/SUBC40_Session02_2024OCT05/SUBC040_Session02_2024OCT05_matlab/3-Movie_Data/Show_movie.m	.m	83ade7957408103126c86b4ef0ac8892e804caafd7f901bd353ee8318027ccb4		KbCheck;KbQueueWait;trigger;Trigger;FORP;flip;frame;time	yes	no	yes	yes	no	HIGH	NO_TIMING	runtime_sync_without_logged_timestamps
<RAW>/Control/SUBC40_Session02_2024OCT05/SUBC040_Session02_2024OCT05_matlab/3-Movie_Data/main.m	.m	1aab337d9f67bc7fea3f0b95dfdff182ad43057c04c553e95b256c38a0ae6f01		trigger;Trigger	yes	no	no	yes	no	MEDIUM	PARTIAL	runtime_sync_without_logged_timestamps
<RAW>/Control/SUBC41_Session01_2024MAR21/SUBC41_Session01_2024MAR21_MATLAB/3-Movie_Data/Show_movie.m	.m	83ade7957408103126c86b4ef0ac8892e804caafd7f901bd353ee8318027ccb4		KbCheck;KbQueueWait;trigger;Trigger;FORP;flip;frame;time	yes	no	yes	yes	no	HIGH	NO_TIMING	runtime_sync_without_logged_timestamps
<RAW>/Control/SUBC41_Session01_2024MAR21/SUBC41_Session01_2024MAR21_MATLAB/3-Movie_Data/main.m	.m	1aab337d9f67bc7fea3f0b95dfdff182ad43057c04c553e95b256c38a0ae6f01		trigger;Trigger	yes	no	no	yes	no	MEDIUM	PARTIAL	runtime_sync_without_logged_timestamps
<RAW>/Control/SUBC41_Session02_2024OCT04/SUBC041_Session02_2024OCT04_MATLAB/3-Movie_Data/Show_movie.m	.m	83ade7957408103126c86b4ef0ac8892e804caafd7f901bd353ee8318027ccb4		KbCheck;KbQueueWait;trigger;Trigger;FORP;flip;frame;time	yes	no	yes	yes	no	HIGH	NO_TIMING	runtime_sync_without_logged_timestamps
<RAW>/Control/SUBC41_Session02_2024OCT04/SUBC041_Session02_2024OCT04_MATLAB/3-Movie_Data/main.m	.m	1aab337d9f67bc7fea3f0b95dfdff182ad43057c04c553e95b256c38a0ae6f01		trigger;Trigger	yes	no	no	yes	no	MEDIUM	PARTIAL	runtime_sync_without_logged_timestamps
<RAW>/Control/SUBC42_Session01_2024MAY06/SUBC42_Session01_2024MAY06_MATLAB/3-Movie_Data/Show_movie.m	.m	83ade7957408103126c86b4ef0ac8892e804caafd7f901bd353ee8318027ccb4		KbCheck;KbQueueWait;trigger;Trigger;FORP;flip;frame;time	yes	no	yes	yes	no	HIGH	NO_TIMING	runtime_sync_without_logged_timestamps
<RAW>/Control/SUBC42_Session01_2024MAY06/SUBC42_Session01_2024MAY06_MATLAB/3-Movie_Data/main.m	.m	1aab337d9f67bc7fea3f0b95dfdff182ad43057c04c553e95b256c38a0ae6f01		trigger;Trigger	yes	no	no	yes	no	MEDIUM	PARTIAL	runtime_sync_without_logged_timestamps
<RAW>/Control/SUBC42_Session02_2024NOV08/SUBC042_Session02_2024NOV08_matlab/3-Movie_Data/Show_movie.m	.m	83ade7957408103126c86b4ef0ac8892e804caafd7f901bd353ee8318027ccb4		KbCheck;KbQueueWait;trigger;Trigger;FORP;flip;frame;time	yes	no	yes	yes	no	HIGH	NO_TIMING	runtime_sync_without_logged_timestamps
<RAW>/Control/SUBC42_Session02_2024NOV08/SUBC042_Session02_2024NOV08_matlab/3-Movie_Data/main.m	.m	1aab337d9f67bc7fea3f0b95dfdff182ad43057c04c553e95b256c38a0ae6f01		trigger;Trigger	yes	no	no	yes	no	MEDIUM	PARTIAL	runtime_sync_without_logged_timestamps
<RAW>/Control/SUBC43_SESSION01_2024MAY13/SUBC43_Session01_2024MAY13_MATLAB/3-Movie_Data/Show_movie.m	.m	83ade7957408103126c86b4ef0ac8892e804caafd7f901bd353ee8318027ccb4		KbCheck;KbQueueWait;trigger;Trigger;FORP;flip;frame;time	yes	no	yes	yes	no	HIGH	NO_TIMING	runtime_sync_without_logged_timestamps
<RAW>/Control/SUBC43_SESSION01_2024MAY13/SUBC43_Session01_2024MAY13_MATLAB/3-Movie_Data/main.m	.m	1aab337d9f67bc7fea3f0b95dfdff182ad43057c04c553e95b256c38a0ae6f01		trigger;Trigger	yes	no	no	yes	no	MEDIUM	PARTIAL	runtime_sync_without_logged_timestamps
<RAW>/Control/SUBC44_SESSION01_2024JUL25/SUBC044_Session1_2024JUL25_MATALB/3-Movie_Data/Show_movie.m	.m	83ade7957408103126c86b4ef0ac8892e804caafd7f901bd353ee8318027ccb4		KbCheck;KbQueueWait;trigger;Trigger;FORP;flip;frame;time	yes	no	yes	yes	no	HIGH	NO_TIMING	runtime_sync_without_logged_timestamps
<RAW>/Control/SUBC44_SESSION01_2024JUL25/SUBC044_Session1_2024JUL25_MATALB/3-Movie_Data/main.m	.m	1aab337d9f67bc7fea3f0b95dfdff182ad43057c04c553e95b256c38a0ae6f01		trigger;Trigger	yes	no	no	yes	no	MEDIUM	PARTIAL	runtime_sync_without_logged_timestamps
<RAW>/Control/SUBC44_Session02_2025FEB19/SUBC44_Session02_2025FEB19_matlab/3-Movie_Data/Show_movie.m	.m	83ade7957408103126c86b4ef0ac8892e804caafd7f901bd353ee8318027ccb4		KbCheck;KbQueueWait;trigger;Trigger;FORP;flip;frame;time	yes	no	yes	yes	no	HIGH	NO_TIMING	runtime_sync_without_logged_timestamps
<RAW>/Control/SUBC44_Session02_2025FEB19/SUBC44_Session02_2025FEB19_matlab/3-Movie_Data/main.m	.m	1aab337d9f67bc7fea3f0b95dfdff182ad43057c04c553e95b256c38a0ae6f01		trigger;Trigger	yes	no	no	yes	no	MEDIUM	PARTIAL	runtime_sync_without_logged_timestamps
<RAW>/Control/SUBC45_SESSION02_2025FEB10/SUBC045_Session02_2025FEB10/3-Movie_Data/Show_movie.m	.m	83ade7957408103126c86b4ef0ac8892e804caafd7f901bd353ee8318027ccb4		KbCheck;KbQueueWait;trigger;Trigger;FORP;flip;frame;time	yes	no	yes	yes	no	HIGH	NO_TIMING	runtime_sync_without_logged_timestamps
<RAW>/Control/SUBC45_SESSION02_2025FEB10/SUBC045_Session02_2025FEB10/3-Movie_Data/main.m	.m	1aab337d9f67bc7fea3f0b95dfdff182ad43057c04c553e95b256c38a0ae6f01		trigger;Trigger	yes	no	no	yes	no	MEDIUM	PARTIAL	runtime_sync_without_logged_timestamps
<RAW>/Control/SUBC45_Session01_29JUL2024/SUBC045_Session01_29JUL2024/3-Movie_Data/Show_movie.m	.m	83ade7957408103126c86b4ef0ac8892e804caafd7f901bd353ee8318027ccb4		KbCheck;KbQueueWait;trigger;Trigger;FORP;flip;frame;time	yes	no	yes	yes	no	HIGH	NO_TIMING	runtime_sync_without_logged_timestamps
<RAW>/Control/SUBC45_Session01_29JUL2024/SUBC045_Session01_29JUL2024/3-Movie_Data/main.m	.m	1aab337d9f67bc7fea3f0b95dfdff182ad43057c04c553e95b256c38a0ae6f01		trigger;Trigger	yes	no	no	yes	no	MEDIUM	PARTIAL	runtime_sync_without_logged_timestamps
<RAW>/Control/SUBC46_Session01_2024AUG23/SUBC046_Session01_2024AUG23_MATLAB/3-Movie_Data/Show_movie.m	.m	83ade7957408103126c86b4ef0ac8892e804caafd7f901bd353ee8318027ccb4		KbCheck;KbQueueWait;trigger;Trigger;FORP;flip;frame;time	yes	no	yes	yes	no	HIGH	NO_TIMING	runtime_sync_without_logged_timestamps
<RAW>/Control/SUBC46_Session01_2024AUG23/SUBC046_Session01_2024AUG23_MATLAB/3-Movie_Data/main.m	.m	1aab337d9f67bc7fea3f0b95dfdff182ad43057c04c553e95b256c38a0ae6f01		trigger;Trigger	yes	no	no	yes	no	MEDIUM	PARTIAL	runtime_sync_without_logged_timestamps
<RAW>/Control/SUBC47_Session02_2025FEB23/SUBC47_Session02_2025FEB23_matlab/3-Movie_Data/Show_movie.m	.m	83ade7957408103126c86b4ef0ac8892e804caafd7f901bd353ee8318027ccb4		KbCheck;KbQueueWait;trigger;Trigger;FORP;flip;frame;time	yes	no	yes	yes	no	HIGH	NO_TIMING	runtime_sync_without_logged_timestamps
<RAW>/Control/SUBC47_Session02_2025FEB23/SUBC47_Session02_2025FEB23_matlab/3-Movie_Data/main.m	.m	1aab337d9f67bc7fea3f0b95dfdff182ad43057c04c553e95b256c38a0ae6f01		trigger;Trigger	yes	no	no	yes	no	MEDIUM	PARTIAL	runtime_sync_without_logged_timestamps
<RAW>/Control/SUBC47_Session1_2024AUG27/SUBC47_Session1_2024AUG27_MATLAB/3-Movie_Data/Show_movie.m	.m	83ade7957408103126c86b4ef0ac8892e804caafd7f901bd353ee8318027ccb4		KbCheck;KbQueueWait;trigger;Trigger;FORP;flip;frame;time	yes	no	yes	yes	no	HIGH	NO_TIMING	runtime_sync_without_logged_timestamps
<RAW>/Control/SUBC47_Session1_2024AUG27/SUBC47_Session1_2024AUG27_MATLAB/3-Movie_Data/main.m	.m	1aab337d9f67bc7fea3f0b95dfdff182ad43057c04c553e95b256c38a0ae6f01		trigger;Trigger	yes	no	no	yes	no	MEDIUM	PARTIAL	runtime_sync_without_logged_timestamps
<RAW>/Control/SUBC48_SESSION02_2025MARCH17/SUBC048_SESSION2_2025MARCH17_MATLAB/3-Movie_Data/Show_movie.m	.m	83ade7957408103126c86b4ef0ac8892e804caafd7f901bd353ee8318027ccb4		KbCheck;KbQueueWait;trigger;Trigger;FORP;flip;frame;time	yes	no	yes	yes	no	HIGH	NO_TIMING	runtime_sync_without_logged_timestamps
<RAW>/Control/SUBC48_SESSION02_2025MARCH17/SUBC048_SESSION2_2025MARCH17_MATLAB/3-Movie_Data/main.m	.m	1aab337d9f67bc7fea3f0b95dfdff182ad43057c04c553e95b256c38a0ae6f01		trigger;Trigger	yes	no	no	yes	no	MEDIUM	PARTIAL	runtime_sync_without_logged_timestamps
<RAW>/Control/SUBC48_Session01_2024SEP20/SUB48_Session1_2024SEP20_MATLAB/3-Movie_Data/Show_movie.m	.m	83ade7957408103126c86b4ef0ac8892e804caafd7f901bd353ee8318027ccb4		KbCheck;KbQueueWait;trigger;Trigger;FORP;flip;frame;time	yes	no	yes	yes	no	HIGH	NO_TIMING	runtime_sync_without_logged_timestamps
<RAW>/Control/SUBC48_Session01_2024SEP20/SUB48_Session1_2024SEP20_MATLAB/3-Movie_Data/main.m	.m	1aab337d9f67bc7fea3f0b95dfdff182ad43057c04c553e95b256c38a0ae6f01		trigger;Trigger	yes	no	no	yes	no	MEDIUM	PARTIAL	runtime_sync_without_logged_timestamps
<RAW>/Control/SUBC49_Session01_2024SEP19/SUBC049_Session01_2024SEP19_MATLAB/3-Movie_Data/Show_movie.m	.m	83ade7957408103126c86b4ef0ac8892e804caafd7f901bd353ee8318027ccb4		KbCheck;KbQueueWait;trigger;Trigger;FORP;flip;frame;time	yes	no	yes	yes	no	HIGH	NO_TIMING	runtime_sync_without_logged_timestamps
<RAW>/Control/SUBC49_Session01_2024SEP19/SUBC049_Session01_2024SEP19_MATLAB/3-Movie_Data/main.m	.m	1aab337d9f67bc7fea3f0b95dfdff182ad43057c04c553e95b256c38a0ae6f01		trigger;Trigger	yes	no	no	yes	no	MEDIUM	PARTIAL	runtime_sync_without_logged_timestamps
<RAW>/Control/SUBC49_Session2_2025March21/SUBC49_Session2-2025March21_MATLAB/3-Movie_Data/Show_movie.m	.m	83ade7957408103126c86b4ef0ac8892e804caafd7f901bd353ee8318027ccb4		KbCheck;KbQueueWait;trigger;Trigger;FORP;flip;frame;time	yes	no	yes	yes	no	HIGH	NO_TIMING	runtime_sync_without_logged_timestamps
<RAW>/Control/SUBC49_Session2_2025March21/SUBC49_Session2-2025March21_MATLAB/3-Movie_Data/main.m	.m	1aab337d9f67bc7fea3f0b95dfdff182ad43057c04c553e95b256c38a0ae6f01		trigger;Trigger	yes	no	no	yes	no	MEDIUM	PARTIAL	runtime_sync_without_logged_timestamps
<RAW>/Control/SUBC50_Session01_2024OCT11/SUBC050_Session01_2024OCT11_MATLAB/3-Movie_Data/Show_movie.m	.m	83ade7957408103126c86b4ef0ac8892e804caafd7f901bd353ee8318027ccb4		KbCheck;KbQueueWait;trigger;Trigger;FORP;flip;frame;time	yes	no	yes	yes	no	HIGH	NO_TIMING	runtime_sync_without_logged_timestamps
<RAW>/Control/SUBC50_Session01_2024OCT11/SUBC050_Session01_2024OCT11_MATLAB/3-Movie_Data/main.m	.m	1aab337d9f67bc7fea3f0b95dfdff182ad43057c04c553e95b256c38a0ae6f01		trigger;Trigger	yes	no	no	yes	no	MEDIUM	PARTIAL	runtime_sync_without_logged_timestamps
<RAW>/Control/SUBC50_Session02_2025MAY08/SUBC50_Session02_2025MAY08_matlab/1-Check_FOV_and_EyeTracking/3-Movie_Data/Show_movie.m	.m	88923aeac42f475df28b7e0534d7bff21269fa4989bf60bbfdef003a68b6ac90		KbCheck;KbQueueWait;trigger;Trigger;FORP;flip;frame;time	yes	no	yes	yes	no	HIGH	NO_TIMING	runtime_sync_without_logged_timestamps
<RAW>/Control/SUBC50_Session02_2025MAY08/SUBC50_Session02_2025MAY08_matlab/1-Check_FOV_and_EyeTracking/3-Movie_Data/main.m	.m	fa01b62dff72ec1d7a9358caa3da20518d215b02aaad0cc9ce171974ab3839d3		trigger;Trigger	yes	no	no	yes	no	MEDIUM	PARTIAL	runtime_sync_without_logged_timestamps
<RAW>/Control/SUBC50_Session02_2025MAY08/SUBC50_Session02_2025MAY08_matlab/3-Movie_Data/Show_movie.m	.m	83ade7957408103126c86b4ef0ac8892e804caafd7f901bd353ee8318027ccb4		KbCheck;KbQueueWait;trigger;Trigger;FORP;flip;frame;time	yes	no	yes	yes	no	HIGH	NO_TIMING	runtime_sync_without_logged_timestamps
<RAW>/Control/SUBC50_Session02_2025MAY08/SUBC50_Session02_2025MAY08_matlab/3-Movie_Data/main.m	.m	1aab337d9f67bc7fea3f0b95dfdff182ad43057c04c553e95b256c38a0ae6f01		trigger;Trigger	yes	no	no	yes	no	MEDIUM	PARTIAL	runtime_sync_without_logged_timestamps
<RAW>/Control/SUBC51_Session01_2024OCT15/SUBC051_Session01_2024OCT15_matlab/3-Movie_Data/Show_movie.m	.m	83ade7957408103126c86b4ef0ac8892e804caafd7f901bd353ee8318027ccb4		KbCheck;KbQueueWait;trigger;Trigger;FORP;flip;frame;time	yes	no	yes	yes	no	HIGH	NO_TIMING	runtime_sync_without_logged_timestamps
<RAW>/Control/SUBC51_Session01_2024OCT15/SUBC051_Session01_2024OCT15_matlab/3-Movie_Data/main.m	.m	1aab337d9f67bc7fea3f0b95dfdff182ad43057c04c553e95b256c38a0ae6f01		trigger;Trigger	yes	no	no	yes	no	MEDIUM	PARTIAL	runtime_sync_without_logged_timestamps
<RAW>/Control/SUBC53_Session01_2024NOV08/SUBC053_Session01_2024NOV08_MATLAB/3-Movie_Data/Show_movie.m	.m	83ade7957408103126c86b4ef0ac8892e804caafd7f901bd353ee8318027ccb4		KbCheck;KbQueueWait;trigger;Trigger;FORP;flip;frame;time	yes	no	yes	yes	no	HIGH	NO_TIMING	runtime_sync_without_logged_timestamps
<RAW>/Control/SUBC53_Session01_2024NOV08/SUBC053_Session01_2024NOV08_MATLAB/3-Movie_Data/main.m	.m	1aab337d9f67bc7fea3f0b95dfdff182ad43057c04c553e95b256c38a0ae6f01		trigger;Trigger	yes	no	no	yes	no	MEDIUM	PARTIAL	runtime_sync_without_logged_timestamps
<RAW>/Control/SUBC53_Session02_2025MAY05/SUBC053_Session02_2025MAY05_matlab/3-Movie_Data/Show_movie.m	.m	83ade7957408103126c86b4ef0ac8892e804caafd7f901bd353ee8318027ccb4		KbCheck;KbQueueWait;trigger;Trigger;FORP;flip;frame;time	yes	no	yes	yes	no	HIGH	NO_TIMING	runtime_sync_without_logged_timestamps
<RAW>/Control/SUBC53_Session02_2025MAY05/SUBC053_Session02_2025MAY05_matlab/3-Movie_Data/main.m	.m	1aab337d9f67bc7fea3f0b95dfdff182ad43057c04c553e95b256c38a0ae6f01		trigger;Trigger	yes	no	no	yes	no	MEDIUM	PARTIAL	runtime_sync_without_logged_timestamps
<RAW>/Control/SUBC54_SESSION02_2025MAY27/1-Check_FOV_and_EyeTracking/3-Movie_Data/Show_movie.m	.m	88923aeac42f475df28b7e0534d7bff21269fa4989bf60bbfdef003a68b6ac90		KbCheck;KbQueueWait;trigger;Trigger;FORP;flip;frame;time	yes	no	yes	yes	no	HIGH	NO_TIMING	runtime_sync_without_logged_timestamps
<RAW>/Control/SUBC54_SESSION02_2025MAY27/1-Check_FOV_and_EyeTracking/3-Movie_Data/main.m	.m	fa01b62dff72ec1d7a9358caa3da20518d215b02aaad0cc9ce171974ab3839d3		trigger;Trigger	yes	no	no	yes	no	MEDIUM	PARTIAL	runtime_sync_without_logged_timestamps
<RAW>/Control/SUBC54_SESSION02_2025MAY27/3-Movie_Data/Show_movie.m	.m	83ade7957408103126c86b4ef0ac8892e804caafd7f901bd353ee8318027ccb4		KbCheck;KbQueueWait;trigger;Trigger;FORP;flip;frame;time	yes	no	yes	yes	no	HIGH	NO_TIMING	runtime_sync_without_logged_timestamps
<RAW>/Control/SUBC54_SESSION02_2025MAY27/3-Movie_Data/main.m	.m	1aab337d9f67bc7fea3f0b95dfdff182ad43057c04c553e95b256c38a0ae6f01		trigger;Trigger	yes	no	no	yes	no	MEDIUM	PARTIAL	runtime_sync_without_logged_timestamps
<RAW>/Control/SUBC54_Session01_2024NOV29/SUBC054_Session01_2024NOV29_matlab/3-Movie_Data/Show_movie.m	.m	83ade7957408103126c86b4ef0ac8892e804caafd7f901bd353ee8318027ccb4		KbCheck;KbQueueWait;trigger;Trigger;FORP;flip;frame;time	yes	no	yes	yes	no	HIGH	NO_TIMING	runtime_sync_without_logged_timestamps
<RAW>/Control/SUBC54_Session01_2024NOV29/SUBC054_Session01_2024NOV29_matlab/3-Movie_Data/main.m	.m	1aab337d9f67bc7fea3f0b95dfdff182ad43057c04c553e95b256c38a0ae6f01		trigger;Trigger	yes	no	no	yes	no	MEDIUM	PARTIAL	runtime_sync_without_logged_timestamps
<RAW>/Control/SUBC55_SESSION01_2025FEB11/SUBC55_SESSION01_2025FEB11-MTALAB/3-Movie_Data/Show_movie.m	.m	83ade7957408103126c86b4ef0ac8892e804caafd7f901bd353ee8318027ccb4		KbCheck;KbQueueWait;trigger;Trigger;FORP;flip;frame;time	yes	no	yes	yes	no	HIGH	NO_TIMING	runtime_sync_without_logged_timestamps
<RAW>/Control/SUBC55_SESSION01_2025FEB11/SUBC55_SESSION01_2025FEB11-MTALAB/3-Movie_Data/main.m	.m	1aab337d9f67bc7fea3f0b95dfdff182ad43057c04c553e95b256c38a0ae6f01		trigger;Trigger	yes	no	no	yes	no	MEDIUM	PARTIAL	runtime_sync_without_logged_timestamps
<RAW>/Control/SUBC55_SESSION02_2025AUG14/SUBC55-Session2-2025AUG14/1-Check_FOV_and_EyeTracking/3-Movie_Data/Show_movie.m	.m	88923aeac42f475df28b7e0534d7bff21269fa4989bf60bbfdef003a68b6ac90		KbCheck;KbQueueWait;trigger;Trigger;FORP;flip;frame;time	yes	no	yes	yes	no	HIGH	NO_TIMING	runtime_sync_without_logged_timestamps
<RAW>/Control/SUBC55_SESSION02_2025AUG14/SUBC55-Session2-2025AUG14/1-Check_FOV_and_EyeTracking/3-Movie_Data/main.m	.m	fa01b62dff72ec1d7a9358caa3da20518d215b02aaad0cc9ce171974ab3839d3		trigger;Trigger	yes	no	no	yes	no	MEDIUM	PARTIAL	runtime_sync_without_logged_timestamps
<RAW>/Control/SUBC55_SESSION02_2025AUG14/SUBC55-Session2-2025AUG14/3-Movie_Data/Show_movie.m	.m	83ade7957408103126c86b4ef0ac8892e804caafd7f901bd353ee8318027ccb4		KbCheck;KbQueueWait;trigger;Trigger;FORP;flip;frame;time	yes	no	yes	yes	no	HIGH	NO_TIMING	runtime_sync_without_logged_timestamps
<RAW>/Control/SUBC55_SESSION02_2025AUG14/SUBC55-Session2-2025AUG14/3-Movie_Data/main.m	.m	1aab337d9f67bc7fea3f0b95dfdff182ad43057c04c553e95b256c38a0ae6f01		trigger;Trigger	yes	no	no	yes	no	MEDIUM	PARTIAL	runtime_sync_without_logged_timestamps
<RAW>/Control/SUBC56_Session01_2025MAY15/SUBC56_Session01_2025MAY15_MATLAB/1-Check_FOV_and_EyeTracking/3-Movie_Data/Show_movie.m	.m	88923aeac42f475df28b7e0534d7bff21269fa4989bf60bbfdef003a68b6ac90		KbCheck;KbQueueWait;trigger;Trigger;FORP;flip;frame;time	yes	no	yes	yes	no	HIGH	NO_TIMING	runtime_sync_without_logged_timestamps
<RAW>/Control/SUBC56_Session01_2025MAY15/SUBC56_Session01_2025MAY15_MATLAB/1-Check_FOV_and_EyeTracking/3-Movie_Data/main.m	.m	fa01b62dff72ec1d7a9358caa3da20518d215b02aaad0cc9ce171974ab3839d3		trigger;Trigger	yes	no	no	yes	no	MEDIUM	PARTIAL	runtime_sync_without_logged_timestamps
<RAW>/Control/SUBC56_Session01_2025MAY15/SUBC56_Session01_2025MAY15_MATLAB/3-Movie_Data/Show_movie.m	.m	83ade7957408103126c86b4ef0ac8892e804caafd7f901bd353ee8318027ccb4		KbCheck;KbQueueWait;trigger;Trigger;FORP;flip;frame;time	yes	no	yes	yes	no	HIGH	NO_TIMING	runtime_sync_without_logged_timestamps
<RAW>/Control/SUBC56_Session01_2025MAY15/SUBC56_Session01_2025MAY15_MATLAB/3-Movie_Data/main.m	.m	1aab337d9f67bc7fea3f0b95dfdff182ad43057c04c553e95b256c38a0ae6f01		trigger;Trigger	yes	no	no	yes	no	MEDIUM	PARTIAL	runtime_sync_without_logged_timestamps
<RAW>/Control/SUBC57_Session01_2025AUG11/SUBC057_SESSION01_2025AUG11-matlab/3-Movie_Data/Show_movie.m	.m	83ade7957408103126c86b4ef0ac8892e804caafd7f901bd353ee8318027ccb4		KbCheck;KbQueueWait;trigger;Trigger;FORP;flip;frame;time	yes	no	yes	yes	no	HIGH	NO_TIMING	runtime_sync_without_logged_timestamps
<RAW>/Control/SUBC57_Session01_2025AUG11/SUBC057_SESSION01_2025AUG11-matlab/3-Movie_Data/main.m	.m	1aab337d9f67bc7fea3f0b95dfdff182ad43057c04c553e95b256c38a0ae6f01		trigger;Trigger	yes	no	no	yes	no	MEDIUM	PARTIAL	runtime_sync_without_logged_timestamps
<RAW>/Data_ON/SUBON01_Session01_2024MAY28/SUBON01-Session1-202May28_MATLAB/3-Movie_Data/Show_movie.m	.m	83ade7957408103126c86b4ef0ac8892e804caafd7f901bd353ee8318027ccb4		KbCheck;KbQueueWait;trigger;Trigger;FORP;flip;frame;time	yes	no	yes	yes	no	HIGH	NO_TIMING	runtime_sync_without_logged_timestamps
<RAW>/Data_ON/SUBON01_Session01_2024MAY28/SUBON01-Session1-202May28_MATLAB/3-Movie_Data/main.m	.m	1aab337d9f67bc7fea3f0b95dfdff182ad43057c04c553e95b256c38a0ae6f01		trigger;Trigger	yes	no	no	yes	no	MEDIUM	PARTIAL	runtime_sync_without_logged_timestamps
<RAW>/Data_ON/SUBON04-Session1-2025MAY17/SUBON04-Session1-2025MAY17_MATLAB/1-Check_FOV_and_EyeTracking/3-Movie_Data/Show_movie.m	.m	88923aeac42f475df28b7e0534d7bff21269fa4989bf60bbfdef003a68b6ac90		KbCheck;KbQueueWait;trigger;Trigger;FORP;flip;frame;time	yes	no	yes	yes	no	HIGH	NO_TIMING	runtime_sync_without_logged_timestamps
<RAW>/Data_ON/SUBON04-Session1-2025MAY17/SUBON04-Session1-2025MAY17_MATLAB/1-Check_FOV_and_EyeTracking/3-Movie_Data/main.m	.m	fa01b62dff72ec1d7a9358caa3da20518d215b02aaad0cc9ce171974ab3839d3		trigger;Trigger	yes	no	no	yes	no	MEDIUM	PARTIAL	runtime_sync_without_logged_timestamps
<RAW>/Data_ON/SUBON04-Session1-2025MAY17/SUBON04-Session1-2025MAY17_MATLAB/3-Movie_Data/Show_movie.m	.m	83ade7957408103126c86b4ef0ac8892e804caafd7f901bd353ee8318027ccb4		KbCheck;KbQueueWait;trigger;Trigger;FORP;flip;frame;time	yes	no	yes	yes	no	HIGH	NO_TIMING	runtime_sync_without_logged_timestamps
<RAW>/Data_ON/SUBON04-Session1-2025MAY17/SUBON04-Session1-2025MAY17_MATLAB/3-Movie_Data/main.m	.m	1aab337d9f67bc7fea3f0b95dfdff182ad43057c04c553e95b256c38a0ae6f01		trigger;Trigger	yes	no	no	yes	no	MEDIUM	PARTIAL	runtime_sync_without_logged_timestamps
<RAW>/Data_ON/SUBON06_Session01_2025AUG13/SUBON06_SESSION01_2025AUG13_matlab/3-Movie_Data/Show_movie.m	.m	83ade7957408103126c86b4ef0ac8892e804caafd7f901bd353ee8318027ccb4		KbCheck;KbQueueWait;trigger;Trigger;FORP;flip;frame;time	yes	no	yes	yes	no	HIGH	NO_TIMING	runtime_sync_without_logged_timestamps
<RAW>/Data_ON/SUBON06_Session01_2025AUG13/SUBON06_SESSION01_2025AUG13_matlab/3-Movie_Data/main.m	.m	1aab337d9f67bc7fea3f0b95dfdff182ad43057c04c553e95b256c38a0ae6f01		trigger;Trigger	yes	no	no	yes	no	MEDIUM	PARTIAL	runtime_sync_without_logged_timestamps
<RAW>/Data_ON/SUBON07_Session01_2025AUG15/SUBON07_SESSION01_2025AUG15_matlab/3-Movie_Data/Show_movie.m	.m	83ade7957408103126c86b4ef0ac8892e804caafd7f901bd353ee8318027ccb4		KbCheck;KbQueueWait;trigger;Trigger;FORP;flip;frame;time	yes	no	yes	yes	no	HIGH	NO_TIMING	runtime_sync_without_logged_timestamps
<RAW>/Data_ON/SUBON07_Session01_2025AUG15/SUBON07_SESSION01_2025AUG15_matlab/3-Movie_Data/main.m	.m	1aab337d9f67bc7fea3f0b95dfdff182ad43057c04c553e95b256c38a0ae6f01		trigger;Trigger	yes	no	no	yes	no	MEDIUM	PARTIAL	runtime_sync_without_logged_timestamps
<RAW>/Data_ON/SUBON1_Session02_12DEC2024/SUBON1-Session2-2024DEC13-MATLAB/SUBON-session2-2024DEC13/3-Movie_Data/Show_movie.m	.m	83ade7957408103126c86b4ef0ac8892e804caafd7f901bd353ee8318027ccb4		KbCheck;KbQueueWait;trigger;Trigger;FORP;flip;frame;time	yes	no	yes	yes	no	HIGH	NO_TIMING	runtime_sync_without_logged_timestamps
<RAW>/Data_ON/SUBON1_Session02_12DEC2024/SUBON1-Session2-2024DEC13-MATLAB/SUBON-session2-2024DEC13/3-Movie_Data/main.m	.m	1aab337d9f67bc7fea3f0b95dfdff182ad43057c04c553e95b256c38a0ae6f01		trigger;Trigger	yes	no	no	yes	no	MEDIUM	PARTIAL	runtime_sync_without_logged_timestamps
<RAW>/Data_ON/SUBON2_Session01_26FEB2025/SUBON2-Session1-2025FEB26-MATLAB/3-Movie_Data/Show_movie.m	.m	83ade7957408103126c86b4ef0ac8892e804caafd7f901bd353ee8318027ccb4		KbCheck;KbQueueWait;trigger;Trigger;FORP;flip;frame;time	yes	no	yes	yes	no	HIGH	NO_TIMING	runtime_sync_without_logged_timestamps
<RAW>/Data_ON/SUBON2_Session01_26FEB2025/SUBON2-Session1-2025FEB26-MATLAB/3-Movie_Data/main.m	.m	1aab337d9f67bc7fea3f0b95dfdff182ad43057c04c553e95b256c38a0ae6f01		trigger;Trigger	yes	no	no	yes	no	MEDIUM	PARTIAL	runtime_sync_without_logged_timestamps
<RAW>/Data_ON/SUBON3_Session01_03MAY2025/matlab/SUBON03-Session1-2025MAY03/3-Movie_Data/Show_movie.m	.m	83ade7957408103126c86b4ef0ac8892e804caafd7f901bd353ee8318027ccb4		KbCheck;KbQueueWait;trigger;Trigger;FORP;flip;frame;time	yes	no	yes	yes	no	HIGH	NO_TIMING	runtime_sync_without_logged_timestamps
<RAW>/Data_ON/SUBON3_Session01_03MAY2025/matlab/SUBON03-Session1-2025MAY03/3-Movie_Data/main.m	.m	1aab337d9f67bc7fea3f0b95dfdff182ad43057c04c553e95b256c38a0ae6f01		trigger;Trigger	yes	no	no	yes	no	MEDIUM	PARTIAL	runtime_sync_without_logged_timestamps
<RAW>/Data_TON/SUBT01_Session02_2024JUN01/SUBT01_Session02_2024JUN01_MATLAB/3-Movie_Data/Show_movie.m	.m	83ade7957408103126c86b4ef0ac8892e804caafd7f901bd353ee8318027ccb4		KbCheck;KbQueueWait;trigger;Trigger;FORP;flip;frame;time	yes	no	yes	yes	no	HIGH	NO_TIMING	runtime_sync_without_logged_timestamps
<RAW>/Data_TON/SUBT01_Session02_2024JUN01/SUBT01_Session02_2024JUN01_MATLAB/3-Movie_Data/main.m	.m	1aab337d9f67bc7fea3f0b95dfdff182ad43057c04c553e95b256c38a0ae6f01		trigger;Trigger	yes	no	no	yes	no	MEDIUM	PARTIAL	runtime_sync_without_logged_timestamps
<RAW>/Data_TON/SUBT01_Session1_2023NOV25/SUBT01_Session01_2023NOV25_Matlab/3-Movie_Data/Show_movie.m	.m	83ade7957408103126c86b4ef0ac8892e804caafd7f901bd353ee8318027ccb4		KbCheck;KbQueueWait;trigger;Trigger;FORP;flip;frame;time	yes	no	yes	yes	no	HIGH	NO_TIMING	runtime_sync_without_logged_timestamps
<RAW>/Data_TON/SUBT01_Session1_2023NOV25/SUBT01_Session01_2023NOV25_Matlab/3-Movie_Data/main.m	.m	1aab337d9f67bc7fea3f0b95dfdff182ad43057c04c553e95b256c38a0ae6f01		trigger;Trigger	yes	no	no	yes	no	MEDIUM	PARTIAL	runtime_sync_without_logged_timestamps
<RAW>/Data_TON/SUBTON02-session1-2025MAR07/TON02-Session1-2025March07-MATLAB/3-Movie_Data/Show_movie.m	.m	83ade7957408103126c86b4ef0ac8892e804caafd7f901bd353ee8318027ccb4		KbCheck;KbQueueWait;trigger;Trigger;FORP;flip;frame;time	yes	no	yes	yes	no	HIGH	NO_TIMING	runtime_sync_without_logged_timestamps
<RAW>/Data_TON/SUBTON02-session1-2025MAR07/TON02-Session1-2025March07-MATLAB/3-Movie_Data/main.m	.m	620c8c7b6425be2ae3441f93f2f1b4253414322a5c25f4ffac306c329cdd3007		trigger;Trigger	yes	no	no	yes	no	MEDIUM	PARTIAL	runtime_sync_without_logged_timestamps
<RAW>/Glaucoma/SUBG01_Session01_2023AUG23/SUBG01_Session01_2023AUG23_Matlab/3-Movie_Data/Show_movie.m	.m	83ade7957408103126c86b4ef0ac8892e804caafd7f901bd353ee8318027ccb4		KbCheck;KbQueueWait;trigger;Trigger;FORP;flip;frame;time	yes	no	yes	yes	no	HIGH	NO_TIMING	runtime_sync_without_logged_timestamps
<RAW>/Glaucoma/SUBG01_Session01_2023AUG23/SUBG01_Session01_2023AUG23_Matlab/3-Movie_Data/main.m	.m	1aab337d9f67bc7fea3f0b95dfdff182ad43057c04c553e95b256c38a0ae6f01		trigger;Trigger	yes	no	no	yes	no	MEDIUM	PARTIAL	runtime_sync_without_logged_timestamps
<RAW>/Glaucoma/SUBG01_Session2_2024FEB21/SUBG01-Session2-2024FEB21-MATLAB/3-Movie_Data/Show_movie.m	.m	83ade7957408103126c86b4ef0ac8892e804caafd7f901bd353ee8318027ccb4		KbCheck;KbQueueWait;trigger;Trigger;FORP;flip;frame;time	yes	no	yes	yes	no	HIGH	NO_TIMING	runtime_sync_without_logged_timestamps
<RAW>/Glaucoma/SUBG01_Session2_2024FEB21/SUBG01-Session2-2024FEB21-MATLAB/3-Movie_Data/main.m	.m	1aab337d9f67bc7fea3f0b95dfdff182ad43057c04c553e95b256c38a0ae6f01		trigger;Trigger	yes	no	no	yes	no	MEDIUM	PARTIAL	runtime_sync_without_logged_timestamps
<RAW>/Glaucoma/SUBG02-Session01-2023SEP13/SUBG02-Session02-2023SEP13-MATLAB/3-Movie_Data/Show_movie.m	.m	83ade7957408103126c86b4ef0ac8892e804caafd7f901bd353ee8318027ccb4		KbCheck;KbQueueWait;trigger;Trigger;FORP;flip;frame;time	yes	no	yes	yes	no	HIGH	NO_TIMING	runtime_sync_without_logged_timestamps
<RAW>/Glaucoma/SUBG02-Session01-2023SEP13/SUBG02-Session02-2023SEP13-MATLAB/3-Movie_Data/main.m	.m	1aab337d9f67bc7fea3f0b95dfdff182ad43057c04c553e95b256c38a0ae6f01		trigger;Trigger	yes	no	no	yes	no	MEDIUM	PARTIAL	runtime_sync_without_logged_timestamps
<RAW>/Glaucoma/SUBG02_SESSION2_2024MAR18/SUBG02-Matlab/3-Movie_Data/Show_movie.m	.m	83ade7957408103126c86b4ef0ac8892e804caafd7f901bd353ee8318027ccb4		KbCheck;KbQueueWait;trigger;Trigger;FORP;flip;frame;time	yes	no	yes	yes	no	HIGH	NO_TIMING	runtime_sync_without_logged_timestamps
<RAW>/Glaucoma/SUBG02_SESSION2_2024MAR18/SUBG02-Matlab/3-Movie_Data/main.m	.m	c0ca9dbb15a8af64e5786e9c8e735e932539dcff6a02b1d94f45060390ec4af9		trigger;Trigger	yes	no	no	yes	no	MEDIUM	PARTIAL	runtime_sync_without_logged_timestamps
<RAW>/Glaucoma/SUBG03-SESSION01-2023OCT14/SUBG03-SESSION01-2023OCT14-MATLAB/3-Movie_Data/Show_movie.m	.m	83ade7957408103126c86b4ef0ac8892e804caafd7f901bd353ee8318027ccb4		KbCheck;KbQueueWait;trigger;Trigger;FORP;flip;frame;time	yes	no	yes	yes	no	HIGH	NO_TIMING	runtime_sync_without_logged_timestamps
<RAW>/Glaucoma/SUBG03-SESSION01-2023OCT14/SUBG03-SESSION01-2023OCT14-MATLAB/3-Movie_Data/main.m	.m	1aab337d9f67bc7fea3f0b95dfdff182ad43057c04c553e95b256c38a0ae6f01		trigger;Trigger	yes	no	no	yes	no	MEDIUM	PARTIAL	runtime_sync_without_logged_timestamps
<RAW>/Glaucoma/SUBG03_Session02_2024APR14/SUBG03_Session02_2024APR14_matlab/3-Movie_Data/Show_movie.m	.m	83ade7957408103126c86b4ef0ac8892e804caafd7f901bd353ee8318027ccb4		KbCheck;KbQueueWait;trigger;Trigger;FORP;flip;frame;time	yes	no	yes	yes	no	HIGH	NO_TIMING	runtime_sync_without_logged_timestamps
<RAW>/Glaucoma/SUBG03_Session02_2024APR14/SUBG03_Session02_2024APR14_matlab/3-Movie_Data/main.m	.m	1aab337d9f67bc7fea3f0b95dfdff182ad43057c04c553e95b256c38a0ae6f01		trigger;Trigger	yes	no	no	yes	no	MEDIUM	PARTIAL	runtime_sync_without_logged_timestamps
<RAW>/Glaucoma/SUBG04-SESSION01-2023OCT15/SUBG04-SESSION01-2023OCT15-MATLAB/3-Movie_Data/Show_movie.m	.m	83ade7957408103126c86b4ef0ac8892e804caafd7f901bd353ee8318027ccb4		KbCheck;KbQueueWait;trigger;Trigger;FORP;flip;frame;time	yes	no	yes	yes	no	HIGH	NO_TIMING	runtime_sync_without_logged_timestamps
<RAW>/Glaucoma/SUBG04-SESSION01-2023OCT15/SUBG04-SESSION01-2023OCT15-MATLAB/3-Movie_Data/main.m	.m	1aab337d9f67bc7fea3f0b95dfdff182ad43057c04c553e95b256c38a0ae6f01		trigger;Trigger	yes	no	no	yes	no	MEDIUM	PARTIAL	runtime_sync_without_logged_timestamps
<RAW>/Glaucoma/SUBG04_Session02_2024APR13/SUBG04_Session02_2024APR13_MATLAB/3-Movie_Data/Show_movie.m	.m	83ade7957408103126c86b4ef0ac8892e804caafd7f901bd353ee8318027ccb4		KbCheck;KbQueueWait;trigger;Trigger;FORP;flip;frame;time	yes	no	yes	yes	no	HIGH	NO_TIMING	runtime_sync_without_logged_timestamps
<RAW>/Glaucoma/SUBG04_Session02_2024APR13/SUBG04_Session02_2024APR13_MATLAB/3-Movie_Data/main.m	.m	1aab337d9f67bc7fea3f0b95dfdff182ad43057c04c553e95b256c38a0ae6f01		trigger;Trigger	yes	no	no	yes	no	MEDIUM	PARTIAL	runtime_sync_without_logged_timestamps
<RAW>/Glaucoma/SUBG05_Session01-2023NOV04/SUBG05_Session01_2023NOV04_Matlab/3-Movie_Data/Show_movie.m	.m	83ade7957408103126c86b4ef0ac8892e804caafd7f901bd353ee8318027ccb4		KbCheck;KbQueueWait;trigger;Trigger;FORP;flip;frame;time	yes	no	yes	yes	no	HIGH	NO_TIMING	runtime_sync_without_logged_timestamps
<RAW>/Glaucoma/SUBG05_Session01-2023NOV04/SUBG05_Session01_2023NOV04_Matlab/3-Movie_Data/main.m	.m	1aab337d9f67bc7fea3f0b95dfdff182ad43057c04c553e95b256c38a0ae6f01		trigger;Trigger	yes	no	no	yes	no	MEDIUM	PARTIAL	runtime_sync_without_logged_timestamps
<RAW>/Glaucoma/SUBG06-SESSION1-2023NOV14/SUBG06_Session01_2023NOV14_Matlab/3-Movie_Data/Show_movie.m	.m	83ade7957408103126c86b4ef0ac8892e804caafd7f901bd353ee8318027ccb4		KbCheck;KbQueueWait;trigger;Trigger;FORP;flip;frame;time	yes	no	yes	yes	no	HIGH	NO_TIMING	runtime_sync_without_logged_timestamps
<RAW>/Glaucoma/SUBG06-SESSION1-2023NOV14/SUBG06_Session01_2023NOV14_Matlab/3-Movie_Data/main.m	.m	1aab337d9f67bc7fea3f0b95dfdff182ad43057c04c553e95b256c38a0ae6f01		trigger;Trigger	yes	no	no	yes	no	MEDIUM	PARTIAL	runtime_sync_without_logged_timestamps
<RAW>/Glaucoma/SUBG07-SESSION2-2024JUL21/SUBG07-Session2-2024JUL21-MATLAB/3-Movie_Data/Show_movie.m	.m	83ade7957408103126c86b4ef0ac8892e804caafd7f901bd353ee8318027ccb4		KbCheck;KbQueueWait;trigger;Trigger;FORP;flip;frame;time	yes	no	yes	yes	no	HIGH	NO_TIMING	runtime_sync_without_logged_timestamps
<RAW>/Glaucoma/SUBG07-SESSION2-2024JUL21/SUBG07-Session2-2024JUL21-MATLAB/3-Movie_Data/main.m	.m	1aab337d9f67bc7fea3f0b95dfdff182ad43057c04c553e95b256c38a0ae6f01		trigger;Trigger	yes	no	no	yes	no	MEDIUM	PARTIAL	runtime_sync_without_logged_timestamps
<RAW>/Glaucoma/SUBG07_Session01_2023DEC02/SUBG07_Session01_2023DEC02_MATLAB/3-Movie_Data/Show_movie.m	.m	83ade7957408103126c86b4ef0ac8892e804caafd7f901bd353ee8318027ccb4		KbCheck;KbQueueWait;trigger;Trigger;FORP;flip;frame;time	yes	no	yes	yes	no	HIGH	NO_TIMING	runtime_sync_without_logged_timestamps
<RAW>/Glaucoma/SUBG07_Session01_2023DEC02/SUBG07_Session01_2023DEC02_MATLAB/3-Movie_Data/main.m	.m	1aab337d9f67bc7fea3f0b95dfdff182ad43057c04c553e95b256c38a0ae6f01		trigger;Trigger	yes	no	no	yes	no	MEDIUM	PARTIAL	runtime_sync_without_logged_timestamps
<RAW>/Glaucoma/SUBG08_Session01_2024FEB10/SUBG08_Session01_2024FEB10_MATLAB/3-Movie_Data/Show_movie.m	.m	83ade7957408103126c86b4ef0ac8892e804caafd7f901bd353ee8318027ccb4		KbCheck;KbQueueWait;trigger;Trigger;FORP;flip;frame;time	yes	no	yes	yes	no	HIGH	NO_TIMING	runtime_sync_without_logged_timestamps
<RAW>/Glaucoma/SUBG08_Session01_2024FEB10/SUBG08_Session01_2024FEB10_MATLAB/3-Movie_Data/main.m	.m	1aab337d9f67bc7fea3f0b95dfdff182ad43057c04c553e95b256c38a0ae6f01		trigger;Trigger	yes	no	no	yes	no	MEDIUM	PARTIAL	runtime_sync_without_logged_timestamps
<RAW>/Glaucoma/SUBG08_Session02_2024AUG18/SUBG08_Session02_2024AUG18_matlab/3-Movie_Data/Show_movie.m	.m	83ade7957408103126c86b4ef0ac8892e804caafd7f901bd353ee8318027ccb4		KbCheck;KbQueueWait;trigger;Trigger;FORP;flip;frame;time	yes	no	yes	yes	no	HIGH	NO_TIMING	runtime_sync_without_logged_timestamps
<RAW>/Glaucoma/SUBG08_Session02_2024AUG18/SUBG08_Session02_2024AUG18_matlab/3-Movie_Data/main.m	.m	1aab337d9f67bc7fea3f0b95dfdff182ad43057c04c553e95b256c38a0ae6f01		trigger;Trigger	yes	no	no	yes	no	MEDIUM	PARTIAL	runtime_sync_without_logged_timestamps
<RAW>/Glaucoma/SUBG09_Session01_2024MAY23/SUBG09_Session01_2024MAY23_MATLAB/3-Movie_Data/Show_movie.m	.m	83ade7957408103126c86b4ef0ac8892e804caafd7f901bd353ee8318027ccb4		KbCheck;KbQueueWait;trigger;Trigger;FORP;flip;frame;time	yes	no	yes	yes	no	HIGH	NO_TIMING	runtime_sync_without_logged_timestamps
<RAW>/Glaucoma/SUBG09_Session01_2024MAY23/SUBG09_Session01_2024MAY23_MATLAB/3-Movie_Data/main.m	.m	1aab337d9f67bc7fea3f0b95dfdff182ad43057c04c553e95b256c38a0ae6f01		trigger;Trigger	yes	no	no	yes	no	MEDIUM	PARTIAL	runtime_sync_without_logged_timestamps
<RAW>/Glaucoma/SUBG09_Session02_2024NOV19/SUBG09-Session2-2024NOV19-matlab/3-Movie_Data/Show_movie.m	.m	83ade7957408103126c86b4ef0ac8892e804caafd7f901bd353ee8318027ccb4		KbCheck;KbQueueWait;trigger;Trigger;FORP;flip;frame;time	yes	no	yes	yes	no	HIGH	NO_TIMING	runtime_sync_without_logged_timestamps
<RAW>/Glaucoma/SUBG09_Session02_2024NOV19/SUBG09-Session2-2024NOV19-matlab/3-Movie_Data/main.m	.m	1aab337d9f67bc7fea3f0b95dfdff182ad43057c04c553e95b256c38a0ae6f01		trigger;Trigger	yes	no	no	yes	no	MEDIUM	PARTIAL	runtime_sync_without_logged_timestamps
<RAW>/Glaucoma/SUBG10_Session01_2024SEP13/SUBG10_Session01_2024SEP13_Matlab/3-Movie_Data/Show_movie.m	.m	83ade7957408103126c86b4ef0ac8892e804caafd7f901bd353ee8318027ccb4		KbCheck;KbQueueWait;trigger;Trigger;FORP;flip;frame;time	yes	no	yes	yes	no	HIGH	NO_TIMING	runtime_sync_without_logged_timestamps
<RAW>/Glaucoma/SUBG10_Session01_2024SEP13/SUBG10_Session01_2024SEP13_Matlab/3-Movie_Data/main.m	.m	1aab337d9f67bc7fea3f0b95dfdff182ad43057c04c553e95b256c38a0ae6f01		trigger;Trigger	yes	no	no	yes	no	MEDIUM	PARTIAL	runtime_sync_without_logged_timestamps
<RAW>/Glaucoma/SUBG11_Session01_2024OCT06/SUBG11-Session2-2024OCT06/3-Movie_Data/Show_movie.m	.m	83ade7957408103126c86b4ef0ac8892e804caafd7f901bd353ee8318027ccb4		KbCheck;KbQueueWait;trigger;Trigger;FORP;flip;frame;time	yes	no	yes	yes	no	HIGH	NO_TIMING	runtime_sync_without_logged_timestamps
<RAW>/Glaucoma/SUBG11_Session01_2024OCT06/SUBG11-Session2-2024OCT06/3-Movie_Data/main.m	.m	1aab337d9f67bc7fea3f0b95dfdff182ad43057c04c553e95b256c38a0ae6f01		trigger;Trigger	yes	no	no	yes	no	MEDIUM	PARTIAL	runtime_sync_without_logged_timestamps
<RAW>/Glaucoma/SUBG12_Session01_2024NOV20/SUBG12_Session01_2024NOV20_MATLAB/3-Movie_Data/Show_movie.m	.m	83ade7957408103126c86b4ef0ac8892e804caafd7f901bd353ee8318027ccb4		KbCheck;KbQueueWait;trigger;Trigger;FORP;flip;frame;time	yes	no	yes	yes	no	HIGH	NO_TIMING	runtime_sync_without_logged_timestamps
<RAW>/Glaucoma/SUBG12_Session01_2024NOV20/SUBG12_Session01_2024NOV20_MATLAB/3-Movie_Data/main.m	.m	1aab337d9f67bc7fea3f0b95dfdff182ad43057c04c553e95b256c38a0ae6f01		trigger;Trigger	yes	no	no	yes	no	MEDIUM	PARTIAL	runtime_sync_without_logged_timestamps
<RAW>/Glaucoma/SUBG13_SESSION02_2025MAY22/SUBG13_SESSION02_2025MAY22_MATLAB/1-Check_FOV_and_EyeTracking/3-Movie_Data/Show_movie.m	.m	88923aeac42f475df28b7e0534d7bff21269fa4989bf60bbfdef003a68b6ac90		KbCheck;KbQueueWait;trigger;Trigger;FORP;flip;frame;time	yes	no	yes	yes	no	HIGH	NO_TIMING	runtime_sync_without_logged_timestamps
<RAW>/Glaucoma/SUBG13_SESSION02_2025MAY22/SUBG13_SESSION02_2025MAY22_MATLAB/1-Check_FOV_and_EyeTracking/3-Movie_Data/main.m	.m	fa01b62dff72ec1d7a9358caa3da20518d215b02aaad0cc9ce171974ab3839d3		trigger;Trigger	yes	no	no	yes	no	MEDIUM	PARTIAL	runtime_sync_without_logged_timestamps
<RAW>/Glaucoma/SUBG13_SESSION02_2025MAY22/SUBG13_SESSION02_2025MAY22_MATLAB/3-Movie_Data/Show_movie.m	.m	83ade7957408103126c86b4ef0ac8892e804caafd7f901bd353ee8318027ccb4		KbCheck;KbQueueWait;trigger;Trigger;FORP;flip;frame;time	yes	no	yes	yes	no	HIGH	NO_TIMING	runtime_sync_without_logged_timestamps
<RAW>/Glaucoma/SUBG13_SESSION02_2025MAY22/SUBG13_SESSION02_2025MAY22_MATLAB/3-Movie_Data/main.m	.m	1aab337d9f67bc7fea3f0b95dfdff182ad43057c04c553e95b256c38a0ae6f01		trigger;Trigger	yes	no	no	yes	no	MEDIUM	PARTIAL	runtime_sync_without_logged_timestamps
<RAW>/Glaucoma/SUBG14_Session01_2024DEC01/SUBG14_Session01_2024DEC01_matlab/3-Movie_Data/Show_movie.m	.m	83ade7957408103126c86b4ef0ac8892e804caafd7f901bd353ee8318027ccb4		KbCheck;KbQueueWait;trigger;Trigger;FORP;flip;frame;time	yes	no	yes	yes	no	HIGH	NO_TIMING	runtime_sync_without_logged_timestamps
<RAW>/Glaucoma/SUBG14_Session01_2024DEC01/SUBG14_Session01_2024DEC01_matlab/3-Movie_Data/main.m	.m	1aab337d9f67bc7fea3f0b95dfdff182ad43057c04c553e95b256c38a0ae6f01		trigger;Trigger	yes	no	no	yes	no	MEDIUM	PARTIAL	runtime_sync_without_logged_timestamps
<RAW>/Glaucoma/SUBG15_Session01_2024DEC08/SUBG15-Session1-2024DEC08-MATLAB/3-Movie_Data/Show_movie.m	.m	83ade7957408103126c86b4ef0ac8892e804caafd7f901bd353ee8318027ccb4		KbCheck;KbQueueWait;trigger;Trigger;FORP;flip;frame;time	yes	no	yes	yes	no	HIGH	NO_TIMING	runtime_sync_without_logged_timestamps
<RAW>/Glaucoma/SUBG15_Session01_2024DEC08/SUBG15-Session1-2024DEC08-MATLAB/3-Movie_Data/main.m	.m	1aab337d9f67bc7fea3f0b95dfdff182ad43057c04c553e95b256c38a0ae6f01		trigger;Trigger	yes	no	no	yes	no	MEDIUM	PARTIAL	runtime_sync_without_logged_timestamps
<RAW>/Glaucoma/SUBG16_SESSION02_2025AUG17/1-Check_FOV_and_EyeTracking/3-Movie_Data/Show_movie.m	.m	88923aeac42f475df28b7e0534d7bff21269fa4989bf60bbfdef003a68b6ac90		KbCheck;KbQueueWait;trigger;Trigger;FORP;flip;frame;time	yes	no	yes	yes	no	HIGH	NO_TIMING	runtime_sync_without_logged_timestamps
<RAW>/Glaucoma/SUBG16_SESSION02_2025AUG17/1-Check_FOV_and_EyeTracking/3-Movie_Data/main.m	.m	fa01b62dff72ec1d7a9358caa3da20518d215b02aaad0cc9ce171974ab3839d3		trigger;Trigger	yes	no	no	yes	no	MEDIUM	PARTIAL	runtime_sync_without_logged_timestamps
<RAW>/Glaucoma/SUBG16_SESSION02_2025AUG17/3-Movie_Data/Show_movie.m	.m	83ade7957408103126c86b4ef0ac8892e804caafd7f901bd353ee8318027ccb4		KbCheck;KbQueueWait;trigger;Trigger;FORP;flip;frame;time	yes	no	yes	yes	no	HIGH	NO_TIMING	runtime_sync_without_logged_timestamps
<RAW>/Glaucoma/SUBG16_SESSION02_2025AUG17/3-Movie_Data/main.m	.m	1aab337d9f67bc7fea3f0b95dfdff182ad43057c04c553e95b256c38a0ae6f01		trigger;Trigger	yes	no	no	yes	no	MEDIUM	PARTIAL	runtime_sync_without_logged_timestamps
<RAW>/Glaucoma/SUBG16_Session01_2024DEC14/SUBG16_Session01_2024DEC14_matlab/3-Movie_Data/Show_movie.m	.m	83ade7957408103126c86b4ef0ac8892e804caafd7f901bd353ee8318027ccb4		KbCheck;KbQueueWait;trigger;Trigger;FORP;flip;frame;time	yes	no	yes	yes	no	HIGH	NO_TIMING	runtime_sync_without_logged_timestamps
<RAW>/Glaucoma/SUBG16_Session01_2024DEC14/SUBG16_Session01_2024DEC14_matlab/3-Movie_Data/main.m	.m	1aab337d9f67bc7fea3f0b95dfdff182ad43057c04c553e95b256c38a0ae6f01		trigger;Trigger	yes	no	no	yes	no	MEDIUM	PARTIAL	runtime_sync_without_logged_timestamps
<RAW>/Glaucoma/SUBG17_SESSION02_2025AUG19/SUBG17_Session02_2025AUG19_matlab/3-Movie_Data/Show_movie.m	.m	83ade7957408103126c86b4ef0ac8892e804caafd7f901bd353ee8318027ccb4		KbCheck;KbQueueWait;trigger;Trigger;FORP;flip;frame;time	yes	no	yes	yes	no	HIGH	NO_TIMING	runtime_sync_without_logged_timestamps
<RAW>/Glaucoma/SUBG17_SESSION02_2025AUG19/SUBG17_Session02_2025AUG19_matlab/3-Movie_Data/main.m	.m	1aab337d9f67bc7fea3f0b95dfdff182ad43057c04c553e95b256c38a0ae6f01		trigger;Trigger	yes	no	no	yes	no	MEDIUM	PARTIAL	runtime_sync_without_logged_timestamps
<RAW>/Glaucoma/SUBG17_Session01_2025FEB06/SUBG17_MATLAB/SUBG17_Session01_2025FEB02_matlab/3-Movie_Data/Show_movie.m	.m	83ade7957408103126c86b4ef0ac8892e804caafd7f901bd353ee8318027ccb4		KbCheck;KbQueueWait;trigger;Trigger;FORP;flip;frame;time	yes	no	yes	yes	no	HIGH	NO_TIMING	runtime_sync_without_logged_timestamps
<RAW>/Glaucoma/SUBG17_Session01_2025FEB06/SUBG17_MATLAB/SUBG17_Session01_2025FEB02_matlab/3-Movie_Data/main.m	.m	1aab337d9f67bc7fea3f0b95dfdff182ad43057c04c553e95b256c38a0ae6f01		trigger;Trigger	yes	no	no	yes	no	MEDIUM	PARTIAL	runtime_sync_without_logged_timestamps
<RAW>/Glaucoma/SUBG18_SESSION01_2025MAR14/SUBG18_SESSION01_2025MAR14_matlab/3-Movie_Data/Show_movie.m	.m	83ade7957408103126c86b4ef0ac8892e804caafd7f901bd353ee8318027ccb4		KbCheck;KbQueueWait;trigger;Trigger;FORP;flip;frame;time	yes	no	yes	yes	no	HIGH	NO_TIMING	runtime_sync_without_logged_timestamps
<RAW>/Glaucoma/SUBG18_SESSION01_2025MAR14/SUBG18_SESSION01_2025MAR14_matlab/3-Movie_Data/main.m	.m	1aab337d9f67bc7fea3f0b95dfdff182ad43057c04c553e95b256c38a0ae6f01		trigger;Trigger	yes	no	no	yes	no	MEDIUM	PARTIAL	runtime_sync_without_logged_timestamps
<RAW>/Glaucoma/SUBG19_Session1-2025Mar30/SUBG19-Session2-2025Mar30-MATLAB/3-Movie_Data/Show_movie.m	.m	83ade7957408103126c86b4ef0ac8892e804caafd7f901bd353ee8318027ccb4		KbCheck;KbQueueWait;trigger;Trigger;FORP;flip;frame;time	yes	no	yes	yes	no	HIGH	NO_TIMING	runtime_sync_without_logged_timestamps
<RAW>/Glaucoma/SUBG19_Session1-2025Mar30/SUBG19-Session2-2025Mar30-MATLAB/3-Movie_Data/main.m	.m	1aab337d9f67bc7fea3f0b95dfdff182ad43057c04c553e95b256c38a0ae6f01		trigger;Trigger	yes	no	no	yes	no	MEDIUM	PARTIAL	runtime_sync_without_logged_timestamps
<RAW>/Control/SUBC01-Session1-2023MAY5/SUBC01_2023MAY05_session1_MATLAB/3-Movie_Data/Results/May-05-2023_ 3-10-18_PM_Subject_is_050_selected_run_id_1.mat	.mat	29b3f47d140626bfbedd18179c92124bd564580f48b72c0aa66e89373d7792a6	answer:char[1]; change_eye:double[1x1]; comment:char[1]; resultdir:char[1]; run_id:double[1x1]; t:char[1]; x:cell[1x1]; y:cell[1x1]		no	no	no	no	no	HIGH	PARTIAL	run_id_identity_only;_t_is_datestr_not_GetSecs
<RAW>/Control/SUBC01-Session1-2023MAY5/SUBC01_2023MAY05_session1_MATLAB/3-Movie_Data/Results/May-05-2023_ 3-14-38_PM_Subject_is_050_selected_run_id_2.mat	.mat	f6d50816f0738a5b0d62d32d2c5f1ea39beff32e09d0eb8e6ef982efdbbc37a2	answer:char[1]; change_eye:double[1x1]; comment:char[1]; resultdir:char[1]; run_id:double[1x1]; t:char[1]; x:cell[1x1]; y:cell[1x1]		no	no	no	no	no	HIGH	PARTIAL	run_id_identity_only;_t_is_datestr_not_GetSecs
<RAW>/Control/SUBC01-Session1-2023MAY5/SUBC01_2023MAY05_session1_MATLAB/3-Movie_Data/Results/May-05-2023_ 3-18-37_PM_Subject_is_050_selected_run_id_3.mat	.mat	ed222cf75b7d56d69054ca68b20b0a06fe28007f819c7731a90b10dd4d12554c	answer:char[1]; change_eye:double[1x1]; comment:char[1]; resultdir:char[1]; run_id:double[1x1]; t:char[1]; x:cell[1x1]; y:cell[1x1]		no	no	no	no	no	HIGH	PARTIAL	run_id_identity_only;_t_is_datestr_not_GetSecs
<RAW>/Control/SUBC01-Session1-2023MAY5/SUBC01_2023MAY05_session1_MATLAB/3-Movie_Data/Results/May-05-2023_ 3-22-30_PM_Subject_is_050_selected_run_id_4.mat	.mat	51473f129d5955c2e72998afe84941e74aff47bfb0f4028f5d44c7a18f0dded8	answer:char[1]; change_eye:double[1x1]; comment:char[1]; resultdir:char[1]; run_id:double[1x1]; t:char[1]; x:cell[1x1]; y:cell[1x1]		no	no	no	no	no	HIGH	PARTIAL	run_id_identity_only;_t_is_datestr_not_GetSecs
<RAW>/Control/SUBC01-Session2-2023NOV08/SUBC01-Session-2023NOV08-MATLAB/3-Movie_Data/Results/November-08-2023_ 9-50-07_AM_Subject_is_subc01-session02_selected_run_id_1.mat	.mat	88a8b204be6ecc7571ae6a0215ec00d9472ef5367b9ced53d7278e40798adbff	ans:double[1x1]; answer:char[1]; change_eye:double[1x1]; comment:char[1]; outputFile:char[1]; outputFileID:double[1x1]; resultdir:char[1]; run_id:double[1x1]; t:char[1]; x:cell[1x1]; y:cell[1x1]		no	no	no	no	no	HIGH	PARTIAL	run_id_identity_only;_t_is_datestr_not_GetSecs
<RAW>/Control/SUBC01-Session2-2023NOV08/SUBC01-Session-2023NOV08-MATLAB/3-Movie_Data/Results/November-08-2023_ 9-54-23_AM_Subject_is_subc01-session2_selected_run_id_2.mat	.mat	a1bf70f47eee70b3b658e47b688022f39312d2445207bb53b7f594a1c51d9872	ans:double[1x1]; answer:char[1]; change_eye:double[1x1]; comment:char[1]; outputFile:char[1]; outputFileID:double[1x1]; resultdir:char[1]; run_id:double[1x1]; t:char[1]; x:cell[1x1]; y:cell[1x1]		no	no	no	no	no	HIGH	PARTIAL	run_id_identity_only;_t_is_datestr_not_GetSecs
<RAW>/Control/SUBC01-Session2-2023NOV08/SUBC01-Session-2023NOV08-MATLAB/3-Movie_Data/Results/November-08-2023_ 9-58-36_AM_Subject_is_subc01-session2_selected_run_id_3.mat	.mat	8a25913e7476782751dac76093bade609e2f47188bcbfd5b8caeb75442bb8473	ans:double[1x1]; answer:char[1]; change_eye:double[1x1]; comment:char[1]; outputFile:char[1]; outputFileID:double[1x1]; resultdir:char[1]; run_id:double[1x1]; t:char[1]; x:cell[1x1]; y:cell[1x1]		no	no	no	no	no	HIGH	PARTIAL	run_id_identity_only;_t_is_datestr_not_GetSecs
<RAW>/Control/SUBC01-Session2-2023NOV08/SUBC01-Session-2023NOV08-MATLAB/3-Movie_Data/Results/November-08-2023_10-03-59_AM_Subject_is_subc01-session2_selected_run_id_4.mat	.mat	006bf2e8ffcf21d4379d773323c60759465e68ac02fb64e21af84283ff5af488	ans:double[1x1]; answer:char[1]; change_eye:double[1x1]; comment:char[1]; outputFile:char[1]; outputFileID:double[1x1]; resultdir:char[1]; run_id:double[1x1]; t:char[1]; x:cell[1x1]; y:cell[1x1]		no	no	no	no	no	HIGH	PARTIAL	run_id_identity_only;_t_is_datestr_not_GetSecs
<RAW>/Control/SUBC02-Session1-2023MAY11/SUBC02_2023MAY11_session01_MATLAB/3-Movie_Data/Results/May-11-2023_ 3-24-31_PM_Subject_is_C02_selected_run_id_1.mat	.mat	829e94967cf624f599082e28eed41b3983b0937412ad4f75f43bd7f7c251c53e	answer:char[1]; change_eye:double[1x1]; comment:char[1]; resultdir:char[1]; run_id:double[1x1]; t:char[1]; x:cell[1x1]; y:cell[1x1]		no	no	no	no	no	HIGH	PARTIAL	run_id_identity_only;_t_is_datestr_not_GetSecs
<RAW>/Control/SUBC02-Session1-2023MAY11/SUBC02_2023MAY11_session01_MATLAB/3-Movie_Data/Results/May-11-2023_ 3-29-20_PM_Subject_is_C02_selected_run_id_2.mat	.mat	836acecc3b78eb639b7188eff45c256a1f11d8cf8a308a5e40e293eead1ecd9f	answer:char[1]; change_eye:double[1x1]; comment:char[1]; resultdir:char[1]; run_id:double[1x1]; t:char[1]; x:cell[1x1]; y:cell[1x1]		no	no	no	no	no	HIGH	PARTIAL	run_id_identity_only;_t_is_datestr_not_GetSecs
<RAW>/Control/SUBC02-Session1-2023MAY11/SUBC02_2023MAY11_session01_MATLAB/3-Movie_Data/Results/May-11-2023_ 3-33-31_PM_Subject_is_C02_selected_run_id_3.mat	.mat	4bf8883bb58620fccaa29ef46074ed489f3a0dc7026ac7d81a1e78349ad482b0	answer:char[1]; change_eye:double[1x1]; comment:char[1]; resultdir:char[1]; run_id:double[1x1]; t:char[1]; x:cell[1x1]; y:cell[1x1]		no	no	no	no	no	HIGH	PARTIAL	run_id_identity_only;_t_is_datestr_not_GetSecs
<RAW>/Control/SUBC02-Session1-2023MAY11/SUBC02_2023MAY11_session01_MATLAB/3-Movie_Data/Results/May-11-2023_ 3-38-49_PM_Subject_is_C02_selected_run_id_3.mat	.mat	02253a931c814f0a5d5a64a6c61b8fb7cdf27aa677a480573514180459404183	answer:char[1]; change_eye:double[1x1]; comment:char[1]; resultdir:char[1]; run_id:double[1x1]; t:char[1]; x:cell[1x1]; y:cell[1x1]		no	no	no	no	no	HIGH	PARTIAL	run_id_identity_only;_t_is_datestr_not_GetSecs
<RAW>/Control/SUBC02-Session1-2023MAY11/SUBC02_2023MAY11_session01_MATLAB/3-Movie_Data/Results/May-11-2023_ 3-39-17_PM_Subject_is_C02_selected_run_id_4.mat	.mat	bf8c0bb8c64eaa5e84344f3efc177f4cf89ed1e17279cebdde87970d4344a799	answer:char[1]; change_eye:double[1x1]; comment:char[1]; resultdir:char[1]; run_id:double[1x1]; t:char[1]; x:cell[1x1]; y:cell[1x1]		no	no	no	no	no	HIGH	PARTIAL	run_id_identity_only;_t_is_datestr_not_GetSecs
<RAW>/Control/SUBC028_Session01_2023DEC09/SUBC028_Session01_2023DEC09_MATLAB/3-Movie_Data/Results/December-09-2023_11-51-08_AM_Subject_is_SUBC028_selected_run_id_1.mat	.mat	1ae3eced752367eba5ace200acf8d31f45c9cdc3b0f28334d1e3b5fcc09ebdda	ans:double[1x1]; answer:char[1]; change_eye:double[1x1]; comment:char[1]; outputFile:char[1]; outputFileID:double[1x1]; resultdir:char[1]; run_id:double[1x1]; t:char[1]; x:cell[1x1]; y:cell[1x1]		no	no	no	no	no	HIGH	PARTIAL	run_id_identity_only;_t_is_datestr_not_GetSecs
<RAW>/Control/SUBC028_Session01_2023DEC09/SUBC028_Session01_2023DEC09_MATLAB/3-Movie_Data/Results/December-09-2023_11-55-00_AM_Subject_is_SUBC028_selected_run_id_2.mat	.mat	4d5cfb9c5550505b48fd9fe2831024737a328e2f0f7dbc6c2a0f7ad6f256b631	ans:double[1x1]; answer:char[1]; change_eye:double[1x1]; comment:char[1]; outputFile:char[1]; outputFileID:double[1x1]; resultdir:char[1]; run_id:double[1x1]; t:char[1]; x:cell[1x1]; y:cell[1x1]		no	no	no	no	no	HIGH	PARTIAL	run_id_identity_only;_t_is_datestr_not_GetSecs
<RAW>/Control/SUBC028_Session01_2023DEC09/SUBC028_Session01_2023DEC09_MATLAB/3-Movie_Data/Results/December-09-2023_11-59-19_AM_Subject_is_SUBC028_selected_run_id_3.mat	.mat	8596320944dbfb7d8a0bb381e493ea00743543a2897678722f5c35ef9844c6af	ans:double[1x1]; answer:char[1]; change_eye:double[1x1]; comment:char[1]; outputFile:char[1]; outputFileID:double[1x1]; resultdir:char[1]; run_id:double[1x1]; t:char[1]; x:cell[1x1]; y:cell[1x1]		no	no	no	no	no	HIGH	PARTIAL	run_id_identity_only;_t_is_datestr_not_GetSecs
<RAW>/Control/SUBC028_Session01_2023DEC09/SUBC028_Session01_2023DEC09_MATLAB/3-Movie_Data/Results/December-09-2023_12-04-18_PM_Subject_is_SUBC028_selected_run_id_4.mat	.mat	704ffb46152aa4765ea7d49671680aee6b85cab84be936187627110b249bd2fc	ans:double[1x1]; answer:char[1]; change_eye:double[1x1]; comment:char[1]; outputFile:char[1]; outputFileID:double[1x1]; resultdir:char[1]; run_id:double[1x1]; t:char[1]; x:cell[1x1]; y:cell[1x1]		no	no	no	no	no	HIGH	PARTIAL	run_id_identity_only;_t_is_datestr_not_GetSecs
<RAW>/Control/SUBC029_Session01_2023DEC16/SUBC029_Session01_2023DEC16_MATLAB/3-Movie_Data/Results/December-16-2023_12-25-20_PM_Subject_is_SUBC028_selected_run_id_1.mat	.mat	51f081dcf985c54d2849854ad1531f41c2328c3aca738bc8d1fb99d6fbaedd12	ans:double[1x1]; answer:char[1]; change_eye:double[1x1]; comment:char[1]; outputFile:char[1]; outputFileID:double[1x1]; resultdir:char[1]; run_id:double[1x1]; t:char[1]; x:cell[1x1]; y:cell[1x1]		no	no	no	no	no	HIGH	PARTIAL	run_id_identity_only;_t_is_datestr_not_GetSecs
<RAW>/Control/SUBC029_Session01_2023DEC16/SUBC029_Session01_2023DEC16_MATLAB/3-Movie_Data/Results/December-16-2023_12-30-21_PM_Subject_is_SUBC028_selected_run_id_2.mat	.mat	85fc7e0277d75c3f11f9df355cb86238d9c6370c355b2e90183ddc66ce1bf6d7	ans:double[1x1]; answer:char[1]; change_eye:double[1x1]; comment:char[1]; outputFile:char[1]; outputFileID:double[1x1]; resultdir:char[1]; run_id:double[1x1]; t:char[1]; x:cell[1x1]; y:cell[1x1]		no	no	no	no	no	HIGH	PARTIAL	run_id_identity_only;_t_is_datestr_not_GetSecs
<RAW>/Control/SUBC029_Session01_2023DEC16/SUBC029_Session01_2023DEC16_MATLAB/3-Movie_Data/Results/December-16-2023_12-34-45_PM_Subject_is_SUBC028_selected_run_id_3.mat	.mat	88d2b2f6685ae29973dd7292da933cbdad1d5b2ac17532840e7182900a1dea63	ans:double[1x1]; answer:char[1]; change_eye:double[1x1]; comment:char[1]; outputFile:char[1]; outputFileID:double[1x1]; resultdir:char[1]; run_id:double[1x1]; t:char[1]; x:cell[1x1]; y:cell[1x1]		no	no	no	no	no	HIGH	PARTIAL	run_id_identity_only;_t_is_datestr_not_GetSecs
<RAW>/Control/SUBC029_Session01_2023DEC16/SUBC029_Session01_2023DEC16_MATLAB/3-Movie_Data/Results/December-16-2023_12-40-01_PM_Subject_is_SUBC028_selected_run_id_4.mat	.mat	3c41b9ab20780152302883d65356fb913710e18f8b5ddf1c444a0443d1b176e9	ans:double[1x1]; answer:char[1]; change_eye:double[1x1]; comment:char[1]; outputFile:char[1]; outputFileID:double[1x1]; resultdir:char[1]; run_id:double[1x1]; t:char[1]; x:cell[1x1]; y:cell[1x1]		no	no	no	no	no	HIGH	PARTIAL	run_id_identity_only;_t_is_datestr_not_GetSecs
<RAW>/Control/SUBC02_SESSION02_20NOV2023/SUB-C02-SESSION02-Matlab-Code/3-Movie_Data/Results/November-20-2023_ 3-19-32_PM_Subject_is_subC02-session2_selected_run_id_1.mat	.mat	eb45f0c105985e4f47f3aa9c560caa4abc69485ca3954791a1386277ddd861e1	ans:double[1x1]; answer:char[1]; change_eye:double[1x1]; comment:char[1]; outputFile:char[1]; outputFileID:double[1x1]; resultdir:char[1]; run_id:double[1x1]; t:char[1]; x:cell[1x1]; y:cell[1x1]		no	no	no	no	no	HIGH	PARTIAL	run_id_identity_only;_t_is_datestr_not_GetSecs
<RAW>/Control/SUBC02_SESSION02_20NOV2023/SUB-C02-SESSION02-Matlab-Code/3-Movie_Data/Results/November-20-2023_ 3-23-58_PM_Subject_is_subC02-session2_selected_run_id_2.mat	.mat	1d1a5571d12bdbcae918b8153585263b760dd3d97d3450bda98368bdbd460293	ans:double[1x1]; answer:char[1]; change_eye:double[1x1]; comment:char[1]; outputFile:char[1]; outputFileID:double[1x1]; resultdir:char[1]; run_id:double[1x1]; t:char[1]; x:cell[1x1]; y:cell[1x1]		no	no	no	no	no	HIGH	PARTIAL	run_id_identity_only;_t_is_datestr_not_GetSecs
<RAW>/Control/SUBC02_SESSION02_20NOV2023/SUB-C02-SESSION02-Matlab-Code/3-Movie_Data/Results/November-20-2023_ 3-28-52_PM_Subject_is_subC02-session2_selected_run_id_3.mat	.mat	dd55a2fac45bccba67278810e2d27586fc82ade50004abfa5aa4360296a10e44	ans:double[1x1]; answer:char[1]; change_eye:double[1x1]; comment:char[1]; outputFile:char[1]; outputFileID:double[1x1]; resultdir:char[1]; run_id:double[1x1]; t:char[1]; x:cell[1x1]; y:cell[1x1]		no	no	no	no	no	HIGH	PARTIAL	run_id_identity_only;_t_is_datestr_not_GetSecs
<RAW>/Control/SUBC02_SESSION02_20NOV2023/SUB-C02-SESSION02-Matlab-Code/3-Movie_Data/Results/November-20-2023_ 3-34-47_PM_Subject_is_subC02-session2_selected_run_id_4.mat	.mat	a02762a278fe1280f86547c004e7a670e64495a03f30e36d3ce936a5b403d283	ans:double[1x1]; answer:char[1]; change_eye:double[1x1]; comment:char[1]; outputFile:char[1]; outputFileID:double[1x1]; resultdir:char[1]; run_id:double[1x1]; t:char[1]; x:cell[1x1]; y:cell[1x1]		no	no	no	no	no	HIGH	PARTIAL	run_id_identity_only;_t_is_datestr_not_GetSecs
<RAW>/Control/SUBC03-Session01-2023MAY19/SUBC03_Session01_2023MAY19_MATLAB/3-Movie_Data/Results/May-19-2023_ 1-43-31_PM_Subject_is_C03_selected_run_id_1.mat	.mat	6bca6ee2d4f2c1eb639f384c685f353c31b45559a5bc8fbbc986e075315ea742	answer:char[1]; change_eye:double[1x1]; comment:char[1]; resultdir:char[1]; run_id:double[1x1]; t:char[1]; x:cell[1x1]; y:cell[1x1]		no	no	no	no	no	HIGH	PARTIAL	run_id_identity_only;_t_is_datestr_not_GetSecs
<RAW>/Control/SUBC03-Session01-2023MAY19/SUBC03_Session01_2023MAY19_MATLAB/3-Movie_Data/Results/May-19-2023_ 1-47-53_PM_Subject_is_C03_selected_run_id_2.mat	.mat	34747ca82cbf6d2f8bffd5206f1df9f03c900551e2793d1afd17d4a5a1675f28	answer:char[1]; change_eye:double[1x1]; comment:char[1]; resultdir:char[1]; run_id:double[1x1]; t:char[1]; x:cell[1x1]; y:cell[1x1]		no	no	no	no	no	HIGH	PARTIAL	run_id_identity_only;_t_is_datestr_not_GetSecs
<RAW>/Control/SUBC03-Session01-2023MAY19/SUBC03_Session01_2023MAY19_MATLAB/3-Movie_Data/Results/May-19-2023_ 1-51-51_PM_Subject_is_C03_selected_run_id_3.mat	.mat	1773e488012e686ca7d77f69079bcfccbbacd170939954d0fc5385925b568ff3	answer:char[1]; change_eye:double[1x1]; comment:char[1]; resultdir:char[1]; run_id:double[1x1]; t:char[1]; x:cell[1x1]; y:cell[1x1]		no	no	no	no	no	HIGH	PARTIAL	run_id_identity_only;_t_is_datestr_not_GetSecs
<RAW>/Control/SUBC03-Session01-2023MAY19/SUBC03_Session01_2023MAY19_MATLAB/3-Movie_Data/Results/May-19-2023_ 1-55-52_PM_Subject_is_C03_selected_run_id_4.mat	.mat	b1b5f64f72ee6b6f1165277a73672c124fccf4f34ac3b2c00fc6ae85145448b5	answer:char[1]; change_eye:double[1x1]; comment:char[1]; resultdir:char[1]; run_id:double[1x1]; t:char[1]; x:cell[1x1]; y:cell[1x1]		no	no	no	no	no	HIGH	PARTIAL	run_id_identity_only;_t_is_datestr_not_GetSecs
<RAW>/Control/SUBC031_Session2_2024JUL30/3-Movie_Data/Results/July-30-2024_ 9-51-43_AM_Subject_is_SUB031_selected_run_id_1.mat	.mat	ef5906a89ef49b656eee8887118eae8f4554e2dfc387093a685c486790ae077c	ans:double[1x1]; answer:char[1]; change_eye:double[1x1]; comment:char[1]; outputFile:char[1]; outputFileID:double[1x1]; resultdir:char[1]; run_id:double[1x1]; t:char[1]; x:cell[1x1]; y:cell[1x1]		no	no	no	no	no	HIGH	PARTIAL	run_id_identity_only;_t_is_datestr_not_GetSecs
<RAW>/Control/SUBC031_Session2_2024JUL30/3-Movie_Data/Results/July-30-2024_ 9-55-46_AM_Subject_is_SUB031_selected_run_id_2.mat	.mat	db48627be3330a1a6adaf50d1c8786da675cb33492591d9aa5f3458f91f048cc	ans:double[1x1]; answer:char[1]; change_eye:double[1x1]; comment:char[1]; outputFile:char[1]; outputFileID:double[1x1]; resultdir:char[1]; run_id:double[1x1]; t:char[1]; x:cell[1x1]; y:cell[1x1]		no	no	no	no	no	HIGH	PARTIAL	run_id_identity_only;_t_is_datestr_not_GetSecs
<RAW>/Control/SUBC031_Session2_2024JUL30/3-Movie_Data/Results/July-30-2024_ 9-59-34_AM_Subject_is_SUB031_selected_run_id_3.mat	.mat	1fc011217d336b7885ca654873b9d1ebe7ce5ac39a7d24203abbbb1ec42e5a7e	ans:double[1x1]; answer:char[1]; change_eye:double[1x1]; comment:char[1]; outputFile:char[1]; outputFileID:double[1x1]; resultdir:char[1]; run_id:double[1x1]; t:char[1]; x:cell[1x1]; y:cell[1x1]		no	no	no	no	no	HIGH	PARTIAL	run_id_identity_only;_t_is_datestr_not_GetSecs
<RAW>/Control/SUBC031_Session2_2024JUL30/3-Movie_Data/Results/July-30-2024_10-03-17_AM_Subject_is_SUB031_selected_run_id_4.mat	.mat	4be4e5d01a6c4ff9ae741396decdb4852fc9ff100616cb12bc60188812f2536d	ans:double[1x1]; answer:char[1]; change_eye:double[1x1]; comment:char[1]; outputFile:char[1]; outputFileID:double[1x1]; resultdir:char[1]; run_id:double[1x1]; t:char[1]; x:cell[1x1]; y:cell[1x1]		no	no	no	no	no	HIGH	PARTIAL	run_id_identity_only;_t_is_datestr_not_GetSecs
<RAW>/Control/SUBC031_Session2_2024JUL30/SUBC031_Session2_2024JUL30_MATLAB/3-Movie_Data/Results/July-30-2024_ 9-51-43_AM_Subject_is_SUB031_selected_run_id_1.mat	.mat	ef5906a89ef49b656eee8887118eae8f4554e2dfc387093a685c486790ae077c	ans:double[1x1]; answer:char[1]; change_eye:double[1x1]; comment:char[1]; outputFile:char[1]; outputFileID:double[1x1]; resultdir:char[1]; run_id:double[1x1]; t:char[1]; x:cell[1x1]; y:cell[1x1]		no	no	no	no	no	HIGH	PARTIAL	run_id_identity_only;_t_is_datestr_not_GetSecs
<RAW>/Control/SUBC031_Session2_2024JUL30/SUBC031_Session2_2024JUL30_MATLAB/3-Movie_Data/Results/July-30-2024_ 9-55-46_AM_Subject_is_SUB031_selected_run_id_2.mat	.mat	db48627be3330a1a6adaf50d1c8786da675cb33492591d9aa5f3458f91f048cc	ans:double[1x1]; answer:char[1]; change_eye:double[1x1]; comment:char[1]; outputFile:char[1]; outputFileID:double[1x1]; resultdir:char[1]; run_id:double[1x1]; t:char[1]; x:cell[1x1]; y:cell[1x1]		no	no	no	no	no	HIGH	PARTIAL	run_id_identity_only;_t_is_datestr_not_GetSecs
<RAW>/Control/SUBC031_Session2_2024JUL30/SUBC031_Session2_2024JUL30_MATLAB/3-Movie_Data/Results/July-30-2024_ 9-59-34_AM_Subject_is_SUB031_selected_run_id_3.mat	.mat	1fc011217d336b7885ca654873b9d1ebe7ce5ac39a7d24203abbbb1ec42e5a7e	ans:double[1x1]; answer:char[1]; change_eye:double[1x1]; comment:char[1]; outputFile:char[1]; outputFileID:double[1x1]; resultdir:char[1]; run_id:double[1x1]; t:char[1]; x:cell[1x1]; y:cell[1x1]		no	no	no	no	no	HIGH	PARTIAL	run_id_identity_only;_t_is_datestr_not_GetSecs
<RAW>/Control/SUBC031_Session2_2024JUL30/SUBC031_Session2_2024JUL30_MATLAB/3-Movie_Data/Results/July-30-2024_10-03-17_AM_Subject_is_SUB031_selected_run_id_4.mat	.mat	4be4e5d01a6c4ff9ae741396decdb4852fc9ff100616cb12bc60188812f2536d	ans:double[1x1]; answer:char[1]; change_eye:double[1x1]; comment:char[1]; outputFile:char[1]; outputFileID:double[1x1]; resultdir:char[1]; run_id:double[1x1]; t:char[1]; x:cell[1x1]; y:cell[1x1]		no	no	no	no	no	HIGH	PARTIAL	run_id_identity_only;_t_is_datestr_not_GetSecs
<RAW>/Control/SUBC035_Session02_2024AUG27/SUBC035_Session02_2024AUG27_matlab/3-Movie_Data/Results/August-27-2024_ 6-25-15_PM_Subject_is_SUBC035_Session02_2024AUG27_selected_run_id_1.mat	.mat	1f7c6c9efc2ca9f408fdbb5cf8fc52b25a841f328ed1c13d879c87a802ec4490	ans:double[1x1]; answer:char[1]; change_eye:double[1x1]; comment:char[1]; outputFile:char[1]; outputFileID:double[1x1]; resultdir:char[1]; run_id:double[1x1]; t:char[1]; x:cell[1x1]; y:cell[1x1]		no	no	no	no	no	HIGH	PARTIAL	run_id_identity_only;_t_is_datestr_not_GetSecs
<RAW>/Control/SUBC035_Session02_2024AUG27/SUBC035_Session02_2024AUG27_matlab/3-Movie_Data/Results/August-27-2024_ 6-29-22_PM_Subject_is_SUBC035_Session02_2024AUG27_selected_run_id_2.mat	.mat	0a15186e9fc92ea2bd43160c49e82c1d93a136943cf07724bab3753e95120954	ans:double[1x1]; answer:char[1]; change_eye:double[1x1]; comment:char[1]; outputFile:char[1]; outputFileID:double[1x1]; resultdir:char[1]; run_id:double[1x1]; t:char[1]; x:cell[1x1]; y:cell[1x1]		no	no	no	no	no	HIGH	PARTIAL	run_id_identity_only;_t_is_datestr_not_GetSecs
<RAW>/Control/SUBC035_Session02_2024AUG27/SUBC035_Session02_2024AUG27_matlab/3-Movie_Data/Results/August-27-2024_ 6-33-18_PM_Subject_is_SUBC035_Session02_2024AUG27_selected_run_id_3.mat	.mat	cec3616180f273c5280553e303830952b306c2f358725c7e07e64d3e33d915d5	ans:double[1x1]; answer:char[1]; change_eye:double[1x1]; comment:char[1]; outputFile:char[1]; outputFileID:double[1x1]; resultdir:char[1]; run_id:double[1x1]; t:char[1]; x:cell[1x1]; y:cell[1x1]		no	no	no	no	no	HIGH	PARTIAL	run_id_identity_only;_t_is_datestr_not_GetSecs
<RAW>/Control/SUBC035_Session02_2024AUG27/SUBC035_Session02_2024AUG27_matlab/3-Movie_Data/Results/August-27-2024_ 6-37-12_PM_Subject_is_SUBC035_Session02_2024AUG27_selected_run_id_4.mat	.mat	1335246844078095fb0eb69995a9359911ea330a9946b3e9497786c05bc8ef9c	ans:double[1x1]; answer:char[1]; change_eye:double[1x1]; comment:char[1]; outputFile:char[1]; outputFileID:double[1x1]; resultdir:char[1]; run_id:double[1x1]; t:char[1]; x:cell[1x1]; y:cell[1x1]		no	no	no	no	no	HIGH	PARTIAL	run_id_identity_only;_t_is_datestr_not_GetSecs
<RAW>/Control/SUBC037_Session02_2024AUG30/SUBC037_Session02_2024AUG30_matlab/3-Movie_Data/Results/August-30-2024_ 9-52-36_AM_Subject_is_SUBC037_Session02_2024AUG30_selected_run_id_1.mat	.mat	df0413e19a37ebb626e3f942b30702095cba66c8be571f773abb7f7f183c3de3	ans:double[1x1]; answer:char[1]; change_eye:double[1x1]; comment:char[1]; outputFile:char[1]; outputFileID:double[1x1]; resultdir:char[1]; run_id:double[1x1]; t:char[1]; x:cell[1x1]; y:cell[1x1]		no	no	no	no	no	HIGH	PARTIAL	run_id_identity_only;_t_is_datestr_not_GetSecs
<RAW>/Control/SUBC037_Session02_2024AUG30/SUBC037_Session02_2024AUG30_matlab/3-Movie_Data/Results/August-30-2024_ 9-56-21_AM_Subject_is_SUBC037_Session02_2024AUG30_selected_run_id_2.mat	.mat	d3eca69d542f291eac623c21dd22c0b3fe048356a07ba6dd84d9f05b849847de	ans:double[1x1]; answer:char[1]; change_eye:double[1x1]; comment:char[1]; outputFile:char[1]; outputFileID:double[1x1]; resultdir:char[1]; run_id:double[1x1]; t:char[1]; x:cell[1x1]; y:cell[1x1]		no	no	no	no	no	HIGH	PARTIAL	run_id_identity_only;_t_is_datestr_not_GetSecs
<RAW>/Control/SUBC037_Session02_2024AUG30/SUBC037_Session02_2024AUG30_matlab/3-Movie_Data/Results/August-30-2024_10-00-10_AM_Subject_is_SUBC037_Session02_2024AUG30_selected_run_id_3.mat	.mat	126da3718bd96fe6774f51ac8533b122fc5a0f4812050884dd328e39225d53b0	ans:double[1x1]; answer:char[1]; change_eye:double[1x1]; comment:char[1]; outputFile:char[1]; outputFileID:double[1x1]; resultdir:char[1]; run_id:double[1x1]; t:char[1]; x:cell[1x1]; y:cell[1x1]		no	no	no	no	no	HIGH	PARTIAL	run_id_identity_only;_t_is_datestr_not_GetSecs
<RAW>/Control/SUBC037_Session02_2024AUG30/SUBC037_Session02_2024AUG30_matlab/3-Movie_Data/Results/August-30-2024_10-03-59_AM_Subject_is_SUBC037_Session02_2024AUG30_selected_run_id_4.mat	.mat	be4d8fe2d2b4de468e0e049d7a328157539ca1dd233c6b549f16d1edaf72c727	ans:double[1x1]; answer:char[1]; change_eye:double[1x1]; comment:char[1]; outputFile:char[1]; outputFileID:double[1x1]; resultdir:char[1]; run_id:double[1x1]; t:char[1]; x:cell[1x1]; y:cell[1x1]		no	no	no	no	no	HIGH	PARTIAL	run_id_identity_only;_t_is_datestr_not_GetSecs
<RAW>/Control/SUBC03_Session2_2023NOV10/SUBC03_Session02_2023NOV10_Matlab/3-Movie_Data/Results/November-10-2023_ 3-50-03_PM_Subject_is_SUBC03_SESSION2_selected_run_id_1.mat	.mat	dffabfa7827bf6d2613364f93e491d738681210fe81b739ed2c8456dcab4e78b	ans:double[1x1]; answer:char[1]; change_eye:double[1x1]; comment:char[1]; outputFile:char[1]; outputFileID:double[1x1]; resultdir:char[1]; run_id:double[1x1]; t:char[1]; x:cell[1x1]; y:cell[1x1]		no	no	no	no	no	HIGH	PARTIAL	run_id_identity_only;_t_is_datestr_not_GetSecs
<RAW>/Control/SUBC03_Session2_2023NOV10/SUBC03_Session02_2023NOV10_Matlab/3-Movie_Data/Results/November-10-2023_ 3-53-52_PM_Subject_is_SUBC03_SESSION2_selected_run_id_2.mat	.mat	8678fb9c976dc9f99c945a8487aa833aeacdc692db160b574a40b367d4597a40	ans:double[1x1]; answer:char[1]; change_eye:double[1x1]; comment:char[1]; outputFile:char[1]; outputFileID:double[1x1]; resultdir:char[1]; run_id:double[1x1]; t:char[1]; x:cell[1x1]; y:cell[1x1]		no	no	no	no	no	HIGH	PARTIAL	run_id_identity_only;_t_is_datestr_not_GetSecs
<RAW>/Control/SUBC03_Session2_2023NOV10/SUBC03_Session02_2023NOV10_Matlab/3-Movie_Data/Results/November-10-2023_ 3-58-41_PM_Subject_is_SUBC03_SESSION2_selected_run_id_3.mat	.mat	3db18c357940ada66ba58276c0b2ea6114475f9270e13b79fb77504525bba776	ans:double[1x1]; answer:char[1]; change_eye:double[1x1]; comment:char[1]; outputFile:char[1]; outputFileID:double[1x1]; resultdir:char[1]; run_id:double[1x1]; t:char[1]; x:cell[1x1]; y:cell[1x1]		no	no	no	no	no	HIGH	PARTIAL	run_id_identity_only;_t_is_datestr_not_GetSecs
<RAW>/Control/SUBC03_Session2_2023NOV10/SUBC03_Session02_2023NOV10_Matlab/3-Movie_Data/Results/November-10-2023_ 4-02-40_PM_Subject_is_SUBC03_SESSION2_selected_run_id_4.mat	.mat	8e9f44bd340de462cc8034b8fe84fba71f6df26ef3e2564bed1c6de982c3bd1d	ans:double[1x1]; answer:char[1]; change_eye:double[1x1]; comment:char[1]; outputFile:char[1]; outputFileID:double[1x1]; resultdir:char[1]; run_id:double[1x1]; t:char[1]; x:cell[1x1]; y:cell[1x1]		no	no	no	no	no	HIGH	PARTIAL	run_id_identity_only;_t_is_datestr_not_GetSecs
<RAW>/Control/SUBC04-SESSION01-2023MAY22/SUBC04-Session2-2023NOV19_MATLAB/3-Movie_Data/Results/November-19-2023_ 1-02-49_PM_Subject_is_SUBC04-session2_selected_run_id_1.mat	.mat	957213acae367cf9a173ce63784d250b54a94a4c0cc4b621b551f0ea942f619f	ans:double[1x1]; answer:char[1]; change_eye:double[1x1]; comment:char[1]; outputFile:char[1]; outputFileID:double[1x1]; resultdir:char[1]; run_id:double[1x1]; t:char[1]; x:cell[1x1]; y:cell[1x1]		no	no	no	no	no	HIGH	PARTIAL	run_id_identity_only;_t_is_datestr_not_GetSecs
<RAW>/Control/SUBC04-SESSION01-2023MAY22/SUBC04-Session2-2023NOV19_MATLAB/3-Movie_Data/Results/November-19-2023_ 1-06-47_PM_Subject_is_SUBC04-session2_selected_run_id_2.mat	.mat	a308bfdc2821f4ad1a923c5b3f4aefa42d0459b80602e00cf6fc8d465957af23	ans:double[1x1]; answer:char[1]; change_eye:double[1x1]; comment:char[1]; outputFile:char[1]; outputFileID:double[1x1]; resultdir:char[1]; run_id:double[1x1]; t:char[1]; x:cell[1x1]; y:cell[1x1]		no	no	no	no	no	HIGH	PARTIAL	run_id_identity_only;_t_is_datestr_not_GetSecs
<RAW>/Control/SUBC04-SESSION01-2023MAY22/SUBC04-Session2-2023NOV19_MATLAB/3-Movie_Data/Results/November-19-2023_ 1-10-46_PM_Subject_is_SUBC04-session2_selected_run_id_3.mat	.mat	c7ce1e8aae9cdb2f62f97dfd467a93c703431797f533e70278b19106bc9d2291	ans:double[1x1]; answer:char[1]; change_eye:double[1x1]; comment:char[1]; outputFile:char[1]; outputFileID:double[1x1]; resultdir:char[1]; run_id:double[1x1]; t:char[1]; x:cell[1x1]; y:cell[1x1]		no	no	no	no	no	HIGH	PARTIAL	run_id_identity_only;_t_is_datestr_not_GetSecs
<RAW>/Control/SUBC04-SESSION01-2023MAY22/SUBC04-Session2-2023NOV19_MATLAB/3-Movie_Data/Results/November-19-2023_ 1-15-31_PM_Subject_is_SUBC04-session2_selected_run_id_4.mat	.mat	226c7c7bf43d0039bffc2a134e51683f649c6d2e119ecabcc7e894873acf6d60	ans:double[1x1]; answer:char[1]; change_eye:double[1x1]; comment:char[1]; outputFile:char[1]; outputFileID:double[1x1]; resultdir:char[1]; run_id:double[1x1]; t:char[1]; x:cell[1x1]; y:cell[1x1]		no	no	no	no	no	HIGH	PARTIAL	run_id_identity_only;_t_is_datestr_not_GetSecs
<RAW>/Control/SUBC05-Session1-2023MAY24/SUBC05_Session01_2023MAY24_MATLAB/3-Movie_Data/Results/May-24-2023_11-04-21_AM_Subject_is_C05_selected_run_id_1.mat	.mat	c9e31bf2c32581971d72bc6ee4152cf6fc958182ea9c5c32999c4707ac67c793	answer:char[1]; change_eye:double[1x1]; comment:char[1]; resultdir:char[1]; run_id:double[1x1]; t:char[1]; x:cell[1x1]; y:cell[1x1]		no	no	no	no	no	HIGH	PARTIAL	run_id_identity_only;_t_is_datestr_not_GetSecs
<RAW>/Control/SUBC05-Session1-2023MAY24/SUBC05_Session01_2023MAY24_MATLAB/3-Movie_Data/Results/May-24-2023_11-08-38_AM_Subject_is_C05_selected_run_id_2.mat	.mat	4bfdfd8a1363e3235cca752379f5cd2302c8d9e1ec2c5779d92f8c8c7f8b171b	answer:char[1]; change_eye:double[1x1]; comment:char[1]; resultdir:char[1]; run_id:double[1x1]; t:char[1]; x:cell[1x1]; y:cell[1x1]		no	no	no	no	no	HIGH	PARTIAL	run_id_identity_only;_t_is_datestr_not_GetSecs
<RAW>/Control/SUBC05-Session1-2023MAY24/SUBC05_Session01_2023MAY24_MATLAB/3-Movie_Data/Results/May-24-2023_11-12-33_AM_Subject_is_C05_selected_run_id_3.mat	.mat	0eaf273aba0a6f7fb4a7a96503353b84bd579f0fe983fed4bf89481fb567a9ac	answer:char[1]; change_eye:double[1x1]; comment:char[1]; resultdir:char[1]; run_id:double[1x1]; t:char[1]; x:cell[1x1]; y:cell[1x1]		no	no	no	no	no	HIGH	PARTIAL	run_id_identity_only;_t_is_datestr_not_GetSecs
<RAW>/Control/SUBC05-Session1-2023MAY24/SUBC05_Session01_2023MAY24_MATLAB/3-Movie_Data/Results/May-24-2023_11-16-31_AM_Subject_is_C05_selected_run_id_4.mat	.mat	56c0505f0303e2704ff70e7fb177c3a9a1a630b2a9a8e70a01c902f1c961bd6b	answer:char[1]; change_eye:double[1x1]; comment:char[1]; resultdir:char[1]; run_id:double[1x1]; t:char[1]; x:cell[1x1]; y:cell[1x1]		no	no	no	no	no	HIGH	PARTIAL	run_id_identity_only;_t_is_datestr_not_GetSecs
<RAW>/Control/SUBC05-Session2-2023NOV25/SUBC05-Session2-2023NOV25-MATLAB/3-Movie_Data/Results/November-25-2023_ 3-04-27_PM_Subject_is_SUBC05-Session2_selected_run_id_1.mat	.mat	728e94146caa84e1f9ca3a8b705566af93df6ef680ae50d4cf55c0b224b56a35	ans:double[1x1]; answer:char[1]; change_eye:double[1x1]; comment:char[1]; outputFile:char[1]; outputFileID:double[1x1]; resultdir:char[1]; run_id:double[1x1]; t:char[1]; x:cell[1x1]; y:cell[1x1]		no	no	no	no	no	HIGH	PARTIAL	run_id_identity_only;_t_is_datestr_not_GetSecs
<RAW>/Control/SUBC05-Session2-2023NOV25/SUBC05-Session2-2023NOV25-MATLAB/3-Movie_Data/Results/November-25-2023_ 3-10-19_PM_Subject_is_SUBC05-Session2_selected_run_id_2.mat	.mat	4d106ff88bfc0cc904f3f462cf39a38ea62626ae1aca5ed1eeca4b7165ea885f	ans:double[1x1]; answer:char[1]; change_eye:double[1x1]; comment:char[1]; outputFile:char[1]; outputFileID:double[1x1]; resultdir:char[1]; run_id:double[1x1]; t:char[1]; x:cell[1x1]; y:cell[1x1]		no	no	no	no	no	HIGH	PARTIAL	run_id_identity_only;_t_is_datestr_not_GetSecs
<RAW>/Control/SUBC05-Session2-2023NOV25/SUBC05-Session2-2023NOV25-MATLAB/3-Movie_Data/Results/November-25-2023_ 3-14-25_PM_Subject_is_SUBC05-Session2_selected_run_id_3.mat	.mat	04bcc258fe7b5add4ae16b75ed153919c70f52da2358765a52235cb65ded169f	ans:double[1x1]; answer:char[1]; change_eye:double[1x1]; comment:char[1]; outputFile:char[1]; outputFileID:double[1x1]; resultdir:char[1]; run_id:double[1x1]; t:char[1]; x:cell[1x1]; y:cell[1x1]		no	no	no	no	no	HIGH	PARTIAL	run_id_identity_only;_t_is_datestr_not_GetSecs
<RAW>/Control/SUBC05-Session2-2023NOV25/SUBC05-Session2-2023NOV25-MATLAB/3-Movie_Data/Results/November-25-2023_ 3-19-08_PM_Subject_is_SUBC05-Session2_selected_run_id_4.mat	.mat	d2e98e47954715dde1c45e6aa6cb0f33c44fc4476521c16be7dd0bb46efa5685	ans:double[1x1]; answer:char[1]; change_eye:double[1x1]; comment:char[1]; outputFile:char[1]; outputFileID:double[1x1]; resultdir:char[1]; run_id:double[1x1]; t:char[1]; x:cell[1x1]; y:cell[1x1]		no	no	no	no	no	HIGH	PARTIAL	run_id_identity_only;_t_is_datestr_not_GetSecs
<RAW>/Control/SUBC06-Session1-2023MAY25/SUBC06_Session01_2023MAY25_MATLAB/3-Movie_Data/Results/May-25-2023_ 9-50-11_AM_Subject_is_C06_selected_run_id_1.mat	.mat	8936caa2568a05429892647cc5d0a011d2d69063dc50d6a209dee93f99c50de5	answer:char[1]; change_eye:double[1x1]; comment:char[1]; resultdir:char[1]; run_id:double[1x1]; t:char[1]; x:cell[1x1]; y:cell[1x1]		no	no	no	no	no	HIGH	PARTIAL	run_id_identity_only;_t_is_datestr_not_GetSecs
<RAW>/Control/SUBC06-Session1-2023MAY25/SUBC06_Session01_2023MAY25_MATLAB/3-Movie_Data/Results/May-25-2023_ 9-54-19_AM_Subject_is_C06_selected_run_id_2.mat	.mat	02b75be78b92553891e5dd9faa123c637a9955ee522330c170a1405ef3affba4	answer:char[1]; change_eye:double[1x1]; comment:char[1]; resultdir:char[1]; run_id:double[1x1]; t:char[1]; x:cell[1x1]; y:cell[1x1]		no	no	no	no	no	HIGH	PARTIAL	run_id_identity_only;_t_is_datestr_not_GetSecs
<RAW>/Control/SUBC06-Session1-2023MAY25/SUBC06_Session01_2023MAY25_MATLAB/3-Movie_Data/Results/May-25-2023_ 9-58-53_AM_Subject_is_C06_selected_run_id_3.mat	.mat	b11d307d77bd2760bc35ed20d0df9f1537a625c30486e4096db89f8302273300	answer:char[1]; change_eye:double[1x1]; comment:char[1]; resultdir:char[1]; run_id:double[1x1]; t:char[1]; x:cell[1x1]; y:cell[1x1]		no	no	no	no	no	HIGH	PARTIAL	run_id_identity_only;_t_is_datestr_not_GetSecs
<RAW>/Control/SUBC06-Session1-2023MAY25/SUBC06_Session01_2023MAY25_MATLAB/3-Movie_Data/Results/May-25-2023_10-03-03_AM_Subject_is_C06_selected_run_id_4.mat	.mat	edd243b102a129bf863c80ce13a37ca838193986fd464fe325cd6eace7f64d99	answer:char[1]; change_eye:double[1x1]; comment:char[1]; resultdir:char[1]; run_id:double[1x1]; t:char[1]; x:cell[1x1]; y:cell[1x1]		no	no	no	no	no	HIGH	PARTIAL	run_id_identity_only;_t_is_datestr_not_GetSecs
<RAW>/Control/SUBC06_Session02_2023DEC14/SUBC06_Session02_2023DEC14_MATLAB/3-Movie_Data/Results/December-14-2023_ 5-50-08_PM_Subject_is_SUBC06_selected_run_id_1.mat	.mat	b3e095ee38dc88ec9775b358de6d73cc04fe20d2393d7eeaf5f772f7fd8f2117	ans:double[1x1]; answer:char[1]; change_eye:double[1x1]; comment:char[1]; outputFile:char[1]; outputFileID:double[1x1]; resultdir:char[1]; run_id:double[1x1]; t:char[1]; x:cell[1x1]; y:cell[1x1]		no	no	no	no	no	HIGH	PARTIAL	run_id_identity_only;_t_is_datestr_not_GetSecs
<RAW>/Control/SUBC06_Session02_2023DEC14/SUBC06_Session02_2023DEC14_MATLAB/3-Movie_Data/Results/December-14-2023_ 5-51-21_PM_Subject_is_SUBC06_selected_run_id_1.mat	.mat	f6a14c8d4939e1bee7afe7848f268f98177f4b25f73959db94632bca6f5a8cab	ans:double[1x1]; answer:char[1]; change_eye:double[1x1]; comment:char[1]; outputFile:char[1]; outputFileID:double[1x1]; resultdir:char[1]; run_id:double[1x1]; t:char[1]; x:cell[1x1]; y:cell[1x1]		no	no	no	no	no	HIGH	PARTIAL	run_id_identity_only;_t_is_datestr_not_GetSecs
<RAW>/Control/SUBC06_Session02_2023DEC14/SUBC06_Session02_2023DEC14_MATLAB/3-Movie_Data/Results/December-14-2023_ 5-55-43_PM_Subject_is_SUBC06_selected_run_id_2.mat	.mat	884d742e70bff7b49af417a6d1cedfc9bb09416d37100cb197ec5527260be1e9	ans:double[1x1]; answer:char[1]; change_eye:double[1x1]; comment:char[1]; outputFile:char[1]; outputFileID:double[1x1]; resultdir:char[1]; run_id:double[1x1]; t:char[1]; x:cell[1x1]; y:cell[1x1]		no	no	no	no	no	HIGH	PARTIAL	run_id_identity_only;_t_is_datestr_not_GetSecs
<RAW>/Control/SUBC06_Session02_2023DEC14/SUBC06_Session02_2023DEC14_MATLAB/3-Movie_Data/Results/December-14-2023_ 6-01-48_PM_Subject_is_SUBC06_selected_run_id_3.mat	.mat	de9023a0c6764e800e6ae97a9b0d3d0785b9397d6ef3b1f0aefe26bd3986e01e	ans:double[1x1]; answer:char[1]; change_eye:double[1x1]; comment:char[1]; outputFile:char[1]; outputFileID:double[1x1]; resultdir:char[1]; run_id:double[1x1]; t:char[1]; x:cell[1x1]; y:cell[1x1]		no	no	no	no	no	HIGH	PARTIAL	run_id_identity_only;_t_is_datestr_not_GetSecs
<RAW>/Control/SUBC06_Session02_2023DEC14/SUBC06_Session02_2023DEC14_MATLAB/3-Movie_Data/Results/December-14-2023_ 6-06-04_PM_Subject_is_SUBC06_selected_run_id_4.mat	.mat	8bfeba73188432fd420819c540a5aecd3f6a7c09b7554236c2c07711506be864	ans:double[1x1]; answer:char[1]; change_eye:double[1x1]; comment:char[1]; outputFile:char[1]; outputFileID:double[1x1]; resultdir:char[1]; run_id:double[1x1]; t:char[1]; x:cell[1x1]; y:cell[1x1]		no	no	no	no	no	HIGH	PARTIAL	run_id_identity_only;_t_is_datestr_not_GetSecs
<RAW>/Control/SUBC07-Session1-2023MAY31/SUBC07_Session01_2023MAY31_Matlab/3-Movie_Data/Results/May-31-2023_ 2-40-58_PM_Subject_is_C07_selected_run_id_1.mat	.mat	ba6320c032b4c14309ef554792361938db3e82cfdd925c6e295df8507d5623ea	answer:char[1]; change_eye:double[1x1]; comment:char[1]; resultdir:char[1]; run_id:double[1x1]; t:char[1]; x:cell[1x1]; y:cell[1x1]		no	no	no	no	no	HIGH	PARTIAL	run_id_identity_only;_t_is_datestr_not_GetSecs
<RAW>/Control/SUBC07-Session1-2023MAY31/SUBC07_Session01_2023MAY31_Matlab/3-Movie_Data/Results/May-31-2023_ 2-45-08_PM_Subject_is_C07_selected_run_id_2.mat	.mat	fe540f62aafa3bd7eb7d69dc5f57bd7b55eb2de58943e09dddd7a023312ff76f	answer:char[1]; change_eye:double[1x1]; comment:char[1]; resultdir:char[1]; run_id:double[1x1]; t:char[1]; x:cell[1x1]; y:cell[1x1]		no	no	no	no	no	HIGH	PARTIAL	run_id_identity_only;_t_is_datestr_not_GetSecs
<RAW>/Control/SUBC07-Session1-2023MAY31/SUBC07_Session01_2023MAY31_Matlab/3-Movie_Data/Results/May-31-2023_ 2-48-55_PM_Subject_is_SUBC07_selected_run_id_3.mat	.mat	f6f0ffb5895cc1e140592df184a1d8feda70c98097d701a0c93f8be255afb2f2	answer:char[1]; change_eye:double[1x1]; comment:char[1]; resultdir:char[1]; run_id:double[1x1]; t:char[1]; x:cell[1x1]; y:cell[1x1]		no	no	no	no	no	HIGH	PARTIAL	run_id_identity_only;_t_is_datestr_not_GetSecs
<RAW>/Control/SUBC07-Session1-2023MAY31/SUBC07_Session01_2023MAY31_Matlab/3-Movie_Data/Results/May-31-2023_ 2-52-54_PM_Subject_is_C07_selected_run_id_4.mat	.mat	77658750671d78f92c2ef2b0f423e61b9f3e2b7e8263341578136c8cd04008d9	answer:char[1]; change_eye:double[1x1]; comment:char[1]; resultdir:char[1]; run_id:double[1x1]; t:char[1]; x:cell[1x1]; y:cell[1x1]		no	no	no	no	no	HIGH	PARTIAL	run_id_identity_only;_t_is_datestr_not_GetSecs
<RAW>/Control/SUBC07-Session1-2023MAY31/SUBC07_Session01_2023MAY31_Matlab/3-Movie_Data/Results/May-31-2023_ 3-00-24_PM_Subject_is_C07_selected_run_id_4.mat	.mat	f1e0f6b003fd7ec5af80b7202e20a8663ef929313ccb1fd543f3c5157b00e84f	answer:char[1]; change_eye:double[1x1]; comment:char[1]; resultdir:char[1]; run_id:double[1x1]; t:char[1]; x:cell[1x1]; y:cell[1x1]		no	no	no	no	no	HIGH	PARTIAL	run_id_identity_only;_t_is_datestr_not_GetSecs
<RAW>/Control/SUBC07-Session2-2023NOV24/SUBC07-Session2-2023NOV24-MATLAB/3-Movie_Data/Results/November-24-2023_ 3-29-40_PM_Subject_is_SUBC07-Session2_selected_run_id_1.mat	.mat	8c4c87d27f74c7a7c19e9247e86ea4d0f13bcc37726e87dbb30bdc69a6304046	ans:double[1x1]; answer:char[1]; change_eye:double[1x1]; comment:char[1]; outputFile:char[1]; outputFileID:double[1x1]; resultdir:char[1]; run_id:double[1x1]; t:char[1]; x:cell[1x1]; y:cell[1x1]		no	no	no	no	no	HIGH	PARTIAL	run_id_identity_only;_t_is_datestr_not_GetSecs
<RAW>/Control/SUBC07-Session2-2023NOV24/SUBC07-Session2-2023NOV24-MATLAB/3-Movie_Data/Results/November-24-2023_ 3-34-15_PM_Subject_is_SUBC07-Session2_selected_run_id_2.mat	.mat	30a213e748937c4f5f361961528265045e8b4040305f7bdf8044349e1fa7569d	ans:double[1x1]; answer:char[1]; change_eye:double[1x1]; comment:char[1]; outputFile:char[1]; outputFileID:double[1x1]; resultdir:char[1]; run_id:double[1x1]; t:char[1]; x:cell[1x1]; y:cell[1x1]		no	no	no	no	no	HIGH	PARTIAL	run_id_identity_only;_t_is_datestr_not_GetSecs
<RAW>/Control/SUBC07-Session2-2023NOV24/SUBC07-Session2-2023NOV24-MATLAB/3-Movie_Data/Results/November-24-2023_ 3-38-26_PM_Subject_is_SUBC07-Session2_selected_run_id_3.mat	.mat	182d041c762982b54d292b5f947e5a643afedfdd798f1ecebf1bea875ade91d0	ans:double[1x1]; answer:char[1]; change_eye:double[1x1]; comment:char[1]; outputFile:char[1]; outputFileID:double[1x1]; resultdir:char[1]; run_id:double[1x1]; t:char[1]; x:cell[1x1]; y:cell[1x1]		no	no	no	no	no	HIGH	PARTIAL	run_id_identity_only;_t_is_datestr_not_GetSecs
<RAW>/Control/SUBC07-Session2-2023NOV24/SUBC07-Session2-2023NOV24-MATLAB/3-Movie_Data/Results/November-24-2023_ 3-42-58_PM_Subject_is_SUBC07-Session2_selected_run_id_4.mat	.mat	161ef17f6e2e95253cbf06b3a40276d5b411a180209ffe3391d5cd8b7e9c4fdc	ans:double[1x1]; answer:char[1]; change_eye:double[1x1]; comment:char[1]; outputFile:char[1]; outputFileID:double[1x1]; resultdir:char[1]; run_id:double[1x1]; t:char[1]; x:cell[1x1]; y:cell[1x1]		no	no	no	no	no	HIGH	PARTIAL	run_id_identity_only;_t_is_datestr_not_GetSecs
<RAW>/Control/SUBC08-Session1-2023Jun02/SUBC08_Session01_2023JUN02_Matlab/3-Movie_Data/Results/June-02-2023_10-50-50_AM_Subject_is_C08_selected_run_id_1.mat	.mat	4a94aabf0f9456f8a79dee587531fdb65b290a068e61cce311a1933ccb262d85	answer:char[1]; change_eye:double[1x1]; comment:char[1]; resultdir:char[1]; run_id:double[1x1]; t:char[1]; x:cell[1x1]; y:cell[1x1]		no	no	no	no	no	HIGH	PARTIAL	run_id_identity_only;_t_is_datestr_not_GetSecs
<RAW>/Control/SUBC08-Session1-2023Jun02/SUBC08_Session01_2023JUN02_Matlab/3-Movie_Data/Results/June-02-2023_10-55-02_AM_Subject_is_C08_selected_run_id_2.mat	.mat	33f06522ace3cf349767b32404b7ee88bf8d97f468287ebd6dc1d07feaa2943b	answer:char[1]; change_eye:double[1x1]; comment:char[1]; resultdir:char[1]; run_id:double[1x1]; t:char[1]; x:cell[1x1]; y:cell[1x1]		no	no	no	no	no	HIGH	PARTIAL	run_id_identity_only;_t_is_datestr_not_GetSecs
<RAW>/Control/SUBC08-Session1-2023Jun02/SUBC08_Session01_2023JUN02_Matlab/3-Movie_Data/Results/June-02-2023_10-59-21_AM_Subject_is_C08_selected_run_id_3.mat	.mat	8a22b09dbf2d7f4a28af2d8209dc94040fa1125256bf5d902a084686eedf4db9	answer:char[1]; change_eye:double[1x1]; comment:char[1]; resultdir:char[1]; run_id:double[1x1]; t:char[1]; x:cell[1x1]; y:cell[1x1]		no	no	no	no	no	HIGH	PARTIAL	run_id_identity_only;_t_is_datestr_not_GetSecs
<RAW>/Control/SUBC08-Session1-2023Jun02/SUBC08_Session01_2023JUN02_Matlab/3-Movie_Data/Results/June-02-2023_11-05-48_AM_Subject_is_C08_selected_run_id_4.mat	.mat	773b47a5ed3bcdd50356f88b132fc6d24941df1e82a19a956a4d7eeface3841f	answer:char[1]; change_eye:double[1x1]; comment:char[1]; resultdir:char[1]; run_id:double[1x1]; t:char[1]; x:cell[1x1]; y:cell[1x1]		no	no	no	no	no	HIGH	PARTIAL	run_id_identity_only;_t_is_datestr_not_GetSecs
<RAW>/Control/SUBC08-Session2-2023DEC11/SUBC08-Session2-2023DC11-MATLAB/3-Movie_Data/Results/December-11-2023_10-49-29_AM_Subject_is_SUBC08-Session2_selected_run_id_1.mat	.mat	55c0f59eba62b618c02e5d7bd3c8d40003f429ed1f2f941b31d34e1201d9b80f	ans:double[1x1]; answer:char[1]; change_eye:double[1x1]; comment:char[1]; outputFile:char[1]; outputFileID:double[1x1]; resultdir:char[1]; run_id:double[1x1]; t:char[1]; x:cell[1x1]; y:cell[1x1]		no	no	no	no	no	HIGH	PARTIAL	run_id_identity_only;_t_is_datestr_not_GetSecs
<RAW>/Control/SUBC08-Session2-2023DEC11/SUBC08-Session2-2023DC11-MATLAB/3-Movie_Data/Results/December-11-2023_10-57-02_AM_Subject_is_SUBC08-Sesion2_selected_run_id_2.mat	.mat	12114dee58daa01b9aa7f25170bcca3a6dd144ca65c10ef0d22935a6940c5551	ans:double[1x1]; answer:char[1]; change_eye:double[1x1]; comment:char[1]; outputFile:char[1]; outputFileID:double[1x1]; resultdir:char[1]; run_id:double[1x1]; t:char[1]; x:cell[1x1]; y:cell[1x1]		no	no	no	no	no	HIGH	PARTIAL	run_id_identity_only;_t_is_datestr_not_GetSecs
<RAW>/Control/SUBC08-Session2-2023DEC11/SUBC08-Session2-2023DC11-MATLAB/3-Movie_Data/Results/December-11-2023_11-01-31_AM_Subject_is_SUBC08-Session2_selected_run_id_3.mat	.mat	be3d3f40ba33345e84fc18d8e45741c9f4eab26eebd7eacab4bd1df174d3faeb	ans:double[1x1]; answer:char[1]; change_eye:double[1x1]; comment:char[1]; outputFile:char[1]; outputFileID:double[1x1]; resultdir:char[1]; run_id:double[1x1]; t:char[1]; x:cell[1x1]; y:cell[1x1]		no	no	no	no	no	HIGH	PARTIAL	run_id_identity_only;_t_is_datestr_not_GetSecs
<RAW>/Control/SUBC08-Session2-2023DEC11/SUBC08-Session2-2023DC11-MATLAB/3-Movie_Data/Results/December-11-2023_11-05-21_AM_Subject_is_SUBC08-Session2_selected_run_id_4.mat	.mat	9e0b1ec547710c8ab26dc6d61d294ab4ec3f996fc94d6afd28fbaf505e90c51b	ans:double[1x1]; answer:char[1]; change_eye:double[1x1]; comment:char[1]; outputFile:char[1]; outputFileID:double[1x1]; resultdir:char[1]; run_id:double[1x1]; t:char[1]; x:cell[1x1]; y:cell[1x1]		no	no	no	no	no	HIGH	PARTIAL	run_id_identity_only;_t_is_datestr_not_GetSecs
<RAW>/Control/SUBC09-Session1-2023JUN08/SUBC09_Session01_2023JUN08_Matlab/3-Movie_Data/Results/June-08-2023_10-37-36_AM_Subject_is_C09_selected_run_id_1.mat	.mat	e9ac75f75ecea7e401a63bfe899d9a6ff2703e7f42747cfdfb63caa32930e1fb	answer:char[1]; change_eye:double[1x1]; comment:char[1]; resultdir:char[1]; run_id:double[1x1]; t:char[1]; x:cell[1x1]; y:cell[1x1]		no	no	no	no	no	HIGH	PARTIAL	run_id_identity_only;_t_is_datestr_not_GetSecs
<RAW>/Control/SUBC09-Session1-2023JUN08/SUBC09_Session01_2023JUN08_Matlab/3-Movie_Data/Results/June-08-2023_10-42-05_AM_Subject_is_C09_selected_run_id_2.mat	.mat	f0a6b98340102eaefcae5ce419ecfba5ecced3c6cd189570281e436b83d1af83	answer:char[1]; change_eye:double[1x1]; comment:char[1]; resultdir:char[1]; run_id:double[1x1]; t:char[1]; x:cell[1x1]; y:cell[1x1]		no	no	no	no	no	HIGH	PARTIAL	run_id_identity_only;_t_is_datestr_not_GetSecs
<RAW>/Control/SUBC09-Session1-2023JUN08/SUBC09_Session01_2023JUN08_Matlab/3-Movie_Data/Results/June-08-2023_10-45-56_AM_Subject_is_C09_selected_run_id_3.mat	.mat	73ac29b669d551147c6afd4b13e4fb7f82ec3af0998d23cae10cc3b7f75c8ada	answer:char[1]; change_eye:double[1x1]; comment:char[1]; resultdir:char[1]; run_id:double[1x1]; t:char[1]; x:cell[1x1]; y:cell[1x1]		no	no	no	no	no	HIGH	PARTIAL	run_id_identity_only;_t_is_datestr_not_GetSecs
<RAW>/Control/SUBC09-Session1-2023JUN08/SUBC09_Session01_2023JUN08_Matlab/3-Movie_Data/Results/June-08-2023_10-49-54_AM_Subject_is_C09_selected_run_id_4.mat	.mat	86f02ec847fa84b1b4a2de922ffaa0fad9ae0f5834a6ac91c6718f4f33a3a23e	answer:char[1]; change_eye:double[1x1]; comment:char[1]; resultdir:char[1]; run_id:double[1x1]; t:char[1]; x:cell[1x1]; y:cell[1x1]		no	no	no	no	no	HIGH	PARTIAL	run_id_identity_only;_t_is_datestr_not_GetSecs
<RAW>/Control/SUBC09_Session02_2023DEC02/SUBC09_Session02_2023DEC02_MATLAB/3-Movie_Data/Results/December-02-2023_ 2-44-42_PM_Subject_is_SUBC09_selected_run_id_1.mat	.mat	408a6e3f24e5d023c6ce8e54529def57de5130e7216661c25de6a6c336796815	ans:double[1x1]; answer:char[1]; change_eye:double[1x1]; comment:char[1]; outputFile:char[1]; outputFileID:double[1x1]; resultdir:char[1]; run_id:double[1x1]; t:char[1]; x:cell[1x1]; y:cell[1x1]		no	no	no	no	no	HIGH	PARTIAL	run_id_identity_only;_t_is_datestr_not_GetSecs
<RAW>/Control/SUBC09_Session02_2023DEC02/SUBC09_Session02_2023DEC02_MATLAB/3-Movie_Data/Results/December-02-2023_ 2-50-06_PM_Subject_is_SUBC09_selected_run_id_2.mat	.mat	44bec5114c5ebff63f9fcba0108961e8a3c70420fc55d1187ca7c0bacf022d86	ans:double[1x1]; answer:char[1]; change_eye:double[1x1]; comment:char[1]; outputFile:char[1]; outputFileID:double[1x1]; resultdir:char[1]; run_id:double[1x1]; t:char[1]; x:cell[1x1]; y:cell[1x1]		no	no	no	no	no	HIGH	PARTIAL	run_id_identity_only;_t_is_datestr_not_GetSecs
<RAW>/Control/SUBC09_Session02_2023DEC02/SUBC09_Session02_2023DEC02_MATLAB/3-Movie_Data/Results/December-02-2023_ 2-54-09_PM_Subject_is_SUBC09_selected_run_id_3.mat	.mat	6c82f264d8f75b5440f21679af77363c0024385a22bdf805e62b084f4ce0eb01	ans:double[1x1]; answer:char[1]; change_eye:double[1x1]; comment:char[1]; outputFile:char[1]; outputFileID:double[1x1]; resultdir:char[1]; run_id:double[1x1]; t:char[1]; x:cell[1x1]; y:cell[1x1]		no	no	no	no	no	HIGH	PARTIAL	run_id_identity_only;_t_is_datestr_not_GetSecs
<RAW>/Control/SUBC09_Session02_2023DEC02/SUBC09_Session02_2023DEC02_MATLAB/3-Movie_Data/Results/December-02-2023_ 2-58-57_PM_Subject_is_SUBC09_selected_run_id_4.mat	.mat	8cffdf9b7831bb2b575e4a8fa522f4eea8f88665ddcc11b4dec93cfaaf096d39	ans:double[1x1]; answer:char[1]; change_eye:double[1x1]; comment:char[1]; outputFile:char[1]; outputFileID:double[1x1]; resultdir:char[1]; run_id:double[1x1]; t:char[1]; x:cell[1x1]; y:cell[1x1]		no	no	no	no	no	HIGH	PARTIAL	run_id_identity_only;_t_is_datestr_not_GetSecs
<RAW>/Control/SUBC10-Session1-2023JUL05/SUBC10_Session01_2023JUL05_Matlab/3-Movie_Data/Results/July-05-2023_ 4-13-30_PM_Subject_is_r_selected_run_id_2.mat	.mat	a974a6e40ca710ba3f5bde72cdf4fe0e7f41fb3368430d03a040d7776da3ccfd	answer:char[1]; change_eye:double[1x1]; comment:char[1]; resultdir:char[1]; run_id:double[1x1]; t:char[1]; x:cell[1x1]; y:cell[1x1]		no	no	no	no	no	HIGH	PARTIAL	run_id_identity_only;_t_is_datestr_not_GetSecs
<RAW>/Control/SUBC10-Session1-2023JUL05/SUBC10_Session01_2023JUL05_Matlab/3-Movie_Data/Results/July-05-2023_ 4-14-34_PM_Subject_is_t_selected_run_id_2.mat	.mat	8675ae701359e91adbffbaa4050c07a13223ba970e7cab417d555827cc0308db	answer:char[1]; change_eye:double[1x1]; comment:char[1]; resultdir:char[1]; run_id:double[1x1]; t:char[1]; x:cell[1x1]; y:cell[1x1]		no	no	no	no	no	HIGH	PARTIAL	run_id_identity_only;_t_is_datestr_not_GetSecs
<RAW>/Control/SUBC11-Session1-2023JUL11/SUBC11_Session01_2023JUL11_Matlab/3-Movie_Data/Results/July-11-2023_ 1-03-19_PM_Subject_is_c11_selected_run_id_1.mat	.mat	283d796f6a4e6c8f374fab61e279f8cef4bde3bf31000394a8bc920310ed9786	ans:double[1x1]; answer:char[1]; change_eye:double[1x1]; comment:char[1]; outputFile:char[1]; outputFileID:double[1x1]; resultdir:char[1]; run_id:double[1x1]; t:char[1]; x:cell[1x1]; y:cell[1x1]		no	no	no	no	no	HIGH	PARTIAL	run_id_identity_only;_t_is_datestr_not_GetSecs
<RAW>/Control/SUBC11-Session1-2023JUL11/SUBC11_Session01_2023JUL11_Matlab/3-Movie_Data/Results/July-11-2023_ 1-08-46_PM_Subject_is_c11_selected_run_id_2.mat	.mat	1406607498f94b4dd7a76bad618b3cde37b4015e1cc7086087432925f302b257	ans:double[1x1]; answer:char[1]; change_eye:double[1x1]; comment:char[1]; outputFile:char[1]; outputFileID:double[1x1]; resultdir:char[1]; run_id:double[1x1]; t:char[1]; x:cell[1x1]; y:cell[1x1]		no	no	no	no	no	HIGH	PARTIAL	run_id_identity_only;_t_is_datestr_not_GetSecs
<RAW>/Control/SUBC11-Session1-2023JUL11/SUBC11_Session01_2023JUL11_Matlab/3-Movie_Data/Results/July-11-2023_ 1-16-21_PM_Subject_is_c11_selected_run_id_3.mat	.mat	9caf7497adb37225b76e15d46c162e060fa96266c3ab954dabd7f10d7f660771	ans:double[1x1]; answer:char[1]; change_eye:double[1x1]; comment:char[1]; outputFile:char[1]; outputFileID:double[1x1]; resultdir:char[1]; run_id:double[1x1]; t:char[1]; x:cell[1x1]; y:cell[1x1]		no	no	no	no	no	HIGH	PARTIAL	run_id_identity_only;_t_is_datestr_not_GetSecs
<RAW>/Control/SUBC11-Session1-2023JUL11/SUBC11_Session01_2023JUL11_Matlab/3-Movie_Data/Results/July-11-2023_ 1-20-46_PM_Subject_is_c11_selected_run_id_4.mat	.mat	f5c94d815d9dabea49eaec2ae18ff3104e6492e41b9151a152f133c0f1c7f70c	ans:double[1x1]; answer:char[1]; change_eye:double[1x1]; comment:char[1]; outputFile:char[1]; outputFileID:double[1x1]; resultdir:char[1]; run_id:double[1x1]; t:char[1]; x:cell[1x1]; y:cell[1x1]		no	no	no	no	no	HIGH	PARTIAL	run_id_identity_only;_t_is_datestr_not_GetSecs
<RAW>/Control/SUBC11_Session02_2024JAN10/SUBC11_Session01_2024JAN10_MATLAB/3-Movie_Data/Results/January-10-2024_11-05-36_AM_Subject_is_subc11_selected_run_id_1.mat	.mat	bb0f46989462a1e712a2981290a20a846339b8dd3f9e1896078308175e77a390	ans:double[1x1]; answer:char[1]; change_eye:double[1x1]; comment:char[1]; outputFile:char[1]; outputFileID:double[1x1]; resultdir:char[1]; run_id:double[1x1]; t:char[1]; x:cell[1x1]; y:cell[1x1]		no	no	no	no	no	HIGH	PARTIAL	run_id_identity_only;_t_is_datestr_not_GetSecs
<RAW>/Control/SUBC11_Session02_2024JAN10/SUBC11_Session01_2024JAN10_MATLAB/3-Movie_Data/Results/January-10-2024_11-11-24_AM_Subject_is_SUBC11_selected_run_id_2.mat	.mat	7a945a8d168a94acbe432001300a1191f182fb776ab86ac39682f85e1e1d9cf0	ans:double[1x1]; answer:char[1]; change_eye:double[1x1]; comment:char[1]; outputFile:char[1]; outputFileID:double[1x1]; resultdir:char[1]; run_id:double[1x1]; t:char[1]; x:cell[1x1]; y:cell[1x1]		no	no	no	no	no	HIGH	PARTIAL	run_id_identity_only;_t_is_datestr_not_GetSecs
<RAW>/Control/SUBC11_Session02_2024JAN10/SUBC11_Session01_2024JAN10_MATLAB/3-Movie_Data/Results/January-10-2024_11-16-00_AM_Subject_is_SUBC11_selected_run_id_3.mat	.mat	4640c4d48f8b66e2d6348204e6d4b116f7eb5a0f8c2e9642753da1022aa13133	ans:double[1x1]; answer:char[1]; change_eye:double[1x1]; comment:char[1]; outputFile:char[1]; outputFileID:double[1x1]; resultdir:char[1]; run_id:double[1x1]; t:char[1]; x:cell[1x1]; y:cell[1x1]		no	no	no	no	no	HIGH	PARTIAL	run_id_identity_only;_t_is_datestr_not_GetSecs
<RAW>/Control/SUBC11_Session02_2024JAN10/SUBC11_Session01_2024JAN10_MATLAB/3-Movie_Data/Results/January-10-2024_11-20-40_AM_Subject_is_subc11_selected_run_id_4.mat	.mat	90c4b4e21843483d580035e688a04a07baf35c1d6e1c9c70b0f52d4301772982	ans:double[1x1]; answer:char[1]; change_eye:double[1x1]; comment:char[1]; outputFile:char[1]; outputFileID:double[1x1]; resultdir:char[1]; run_id:double[1x1]; t:char[1]; x:cell[1x1]; y:cell[1x1]		no	no	no	no	no	HIGH	PARTIAL	run_id_identity_only;_t_is_datestr_not_GetSecs
<RAW>/Control/SUBC12-Session01-2023JUL12/SUBC12_Session01_2023JUL12_Matlab/3-Movie_Data/Results/July-12-2023_10-46-26_AM_Subject_is_SUBC12_selected_run_id_1.mat	.mat	aa891542908aa4562a2c621825d5cb87359427fd414cc25977f6c540e19fb65d	ans:double[1x1]; answer:char[1]; change_eye:double[1x1]; comment:char[1]; outputFile:char[1]; outputFileID:double[1x1]; resultdir:char[1]; run_id:double[1x1]; t:char[1]; x:cell[1x1]; y:cell[1x1]		no	no	no	no	no	HIGH	PARTIAL	run_id_identity_only;_t_is_datestr_not_GetSecs
<RAW>/Control/SUBC12-Session01-2023JUL12/SUBC12_Session01_2023JUL12_Matlab/3-Movie_Data/Results/July-12-2023_10-50-59_AM_Subject_is_SUBC12_selected_run_id_2.mat	.mat	53ca088d272ddcb5ff6e9f91006a86ea0bdbf535ba2f521ec920bcfdfbde4633	ans:double[1x1]; answer:char[1]; change_eye:double[1x1]; comment:char[1]; outputFile:char[1]; outputFileID:double[1x1]; resultdir:char[1]; run_id:double[1x1]; t:char[1]; x:cell[1x1]; y:cell[1x1]		no	no	no	no	no	HIGH	PARTIAL	run_id_identity_only;_t_is_datestr_not_GetSecs
<RAW>/Control/SUBC12-Session01-2023JUL12/SUBC12_Session01_2023JUL12_Matlab/3-Movie_Data/Results/July-12-2023_10-54-54_AM_Subject_is_SUBC12_selected_run_id_3.mat	.mat	4018fb544dd167982edaa12bfaaf9b8d4fb2dcc23e94fc6de13a91814f1e30e8	ans:double[1x1]; answer:char[1]; change_eye:double[1x1]; comment:char[1]; outputFile:char[1]; outputFileID:double[1x1]; resultdir:char[1]; run_id:double[1x1]; t:char[1]; x:cell[1x1]; y:cell[1x1]		no	no	no	no	no	HIGH	PARTIAL	run_id_identity_only;_t_is_datestr_not_GetSecs
<RAW>/Control/SUBC12-Session01-2023JUL12/SUBC12_Session01_2023JUL12_Matlab/3-Movie_Data/Results/July-12-2023_10-59-06_AM_Subject_is_SUBC12_selected_run_id_4.mat	.mat	cf89c94545ac37d608f8df4bd55bee626edb04f9b0204a43849bb391e4500378	ans:double[1x1]; answer:char[1]; change_eye:double[1x1]; comment:char[1]; outputFile:char[1]; outputFileID:double[1x1]; resultdir:char[1]; run_id:double[1x1]; t:char[1]; x:cell[1x1]; y:cell[1x1]		no	no	no	no	no	HIGH	PARTIAL	run_id_identity_only;_t_is_datestr_not_GetSecs
<RAW>/Control/SUBC12-Session1-2023JUL12/SUBC12_Session01_2023JUL12_Matlab/3-Movie_Data/Results/July-12-2023_10-46-26_AM_Subject_is_SUBC12_selected_run_id_1.mat	.mat	aa891542908aa4562a2c621825d5cb87359427fd414cc25977f6c540e19fb65d	ans:double[1x1]; answer:char[1]; change_eye:double[1x1]; comment:char[1]; outputFile:char[1]; outputFileID:double[1x1]; resultdir:char[1]; run_id:double[1x1]; t:char[1]; x:cell[1x1]; y:cell[1x1]		no	no	no	no	no	HIGH	PARTIAL	run_id_identity_only;_t_is_datestr_not_GetSecs
<RAW>/Control/SUBC12-Session1-2023JUL12/SUBC12_Session01_2023JUL12_Matlab/3-Movie_Data/Results/July-12-2023_10-50-59_AM_Subject_is_SUBC12_selected_run_id_2.mat	.mat	53ca088d272ddcb5ff6e9f91006a86ea0bdbf535ba2f521ec920bcfdfbde4633	ans:double[1x1]; answer:char[1]; change_eye:double[1x1]; comment:char[1]; outputFile:char[1]; outputFileID:double[1x1]; resultdir:char[1]; run_id:double[1x1]; t:char[1]; x:cell[1x1]; y:cell[1x1]		no	no	no	no	no	HIGH	PARTIAL	run_id_identity_only;_t_is_datestr_not_GetSecs
<RAW>/Control/SUBC12-Session1-2023JUL12/SUBC12_Session01_2023JUL12_Matlab/3-Movie_Data/Results/July-12-2023_10-54-54_AM_Subject_is_SUBC12_selected_run_id_3.mat	.mat	4018fb544dd167982edaa12bfaaf9b8d4fb2dcc23e94fc6de13a91814f1e30e8	ans:double[1x1]; answer:char[1]; change_eye:double[1x1]; comment:char[1]; outputFile:char[1]; outputFileID:double[1x1]; resultdir:char[1]; run_id:double[1x1]; t:char[1]; x:cell[1x1]; y:cell[1x1]		no	no	no	no	no	HIGH	PARTIAL	run_id_identity_only;_t_is_datestr_not_GetSecs
<RAW>/Control/SUBC12-Session1-2023JUL12/SUBC12_Session01_2023JUL12_Matlab/3-Movie_Data/Results/July-12-2023_10-59-06_AM_Subject_is_SUBC12_selected_run_id_4.mat	.mat	cf89c94545ac37d608f8df4bd55bee626edb04f9b0204a43849bb391e4500378	ans:double[1x1]; answer:char[1]; change_eye:double[1x1]; comment:char[1]; outputFile:char[1]; outputFileID:double[1x1]; resultdir:char[1]; run_id:double[1x1]; t:char[1]; x:cell[1x1]; y:cell[1x1]		no	no	no	no	no	HIGH	PARTIAL	run_id_identity_only;_t_is_datestr_not_GetSecs
<RAW>/Control/SUBC12_Session02_2024JAN09/SUBC12-Session2_2024JAN09_MATLAB/3-Movie_Data/Results/January-09-2024_11-42-36_AM_Subject_is_SUBC12_selected_run_id_1.mat	.mat	315cec6bbe801c39d78575f3edb2275e8e2e65c5a92dba1ea33cd27d812c7ac6	ans:double[1x1]; answer:char[1]; change_eye:double[1x1]; comment:char[1]; outputFile:char[1]; outputFileID:double[1x1]; resultdir:char[1]; run_id:double[1x1]; t:char[1]; x:cell[1x1]; y:cell[1x1]		no	no	no	no	no	HIGH	PARTIAL	run_id_identity_only;_t_is_datestr_not_GetSecs
<RAW>/Control/SUBC12_Session02_2024JAN09/SUBC12-Session2_2024JAN09_MATLAB/3-Movie_Data/Results/January-09-2024_11-48-23_AM_Subject_is_SUBC12_selected_run_id_2.mat	.mat	fcdef8d35e57bd866d46a0b1af6668d927faa247a28e57a3f3dbc81fe698259e	ans:double[1x1]; answer:char[1]; change_eye:double[1x1]; comment:char[1]; outputFile:char[1]; outputFileID:double[1x1]; resultdir:char[1]; run_id:double[1x1]; t:char[1]; x:cell[1x1]; y:cell[1x1]		no	no	no	no	no	HIGH	PARTIAL	run_id_identity_only;_t_is_datestr_not_GetSecs
<RAW>/Control/SUBC12_Session02_2024JAN09/SUBC12-Session2_2024JAN09_MATLAB/3-Movie_Data/Results/January-09-2024_11-56-09_AM_Subject_is_SUBC12_session01_selected_run_id_3.mat	.mat	4fff23d980df9ced3a5ae6e09c9f5fefba6368aa14f483ee7be15bafef31681e	ans:double[1x1]; answer:char[1]; change_eye:double[1x1]; comment:char[1]; outputFile:char[1]; outputFileID:double[1x1]; resultdir:char[1]; run_id:double[1x1]; t:char[1]; x:cell[1x1]; y:cell[1x1]		no	no	no	no	no	HIGH	PARTIAL	run_id_identity_only;_t_is_datestr_not_GetSecs
<RAW>/Control/SUBC12_Session02_2024JAN09/SUBC12-Session2_2024JAN09_MATLAB/3-Movie_Data/Results/January-09-2024_11-59-55_AM_Subject_is_SUBC12_selected_run_id_4.mat	.mat	d2399de08ffc762745cc3a0b9935410d5ea8e977fa6d12f95712bf1e4c6a7982	ans:double[1x1]; answer:char[1]; change_eye:double[1x1]; comment:char[1]; outputFile:char[1]; outputFileID:double[1x1]; resultdir:char[1]; run_id:double[1x1]; t:char[1]; x:cell[1x1]; y:cell[1x1]		no	no	no	no	no	HIGH	PARTIAL	run_id_identity_only;_t_is_datestr_not_GetSecs
<RAW>/Control/SUBC13-Session1-2023JUL17/SUBC13_Session01_2023JUL17_Matlab/3-Movie_Data/Results/July-17-2023_11-02-49_AM_Subject_is_subc13_selected_run_id_1.mat	.mat	2e8d24820f00828494b9e14994828a0ced69ca5c77551241eb01edd89b324560	ans:double[1x1]; answer:char[1]; change_eye:double[1x1]; comment:char[1]; outputFile:char[1]; outputFileID:double[1x1]; resultdir:char[1]; run_id:double[1x1]; t:char[1]; x:cell[1x1]; y:cell[1x1]		no	no	no	no	no	HIGH	PARTIAL	run_id_identity_only;_t_is_datestr_not_GetSecs
<RAW>/Control/SUBC13-Session1-2023JUL17/SUBC13_Session01_2023JUL17_Matlab/3-Movie_Data/Results/July-17-2023_11-07-04_AM_Subject_is_subc13_selected_run_id_2.mat	.mat	8cc054b97981c9d6e20b007e5c304276cb138cace0e5d1588d902b6a0bc5dede	ans:double[1x1]; answer:char[1]; change_eye:double[1x1]; comment:char[1]; outputFile:char[1]; outputFileID:double[1x1]; resultdir:char[1]; run_id:double[1x1]; t:char[1]; x:cell[1x1]; y:cell[1x1]		no	no	no	no	no	HIGH	PARTIAL	run_id_identity_only;_t_is_datestr_not_GetSecs
<RAW>/Control/SUBC13-Session1-2023JUL17/SUBC13_Session01_2023JUL17_Matlab/3-Movie_Data/Results/July-17-2023_11-11-03_AM_Subject_is_subc13_selected_run_id_3.mat	.mat	8183a191d6e82577e5a146e6c04af23985b5f11984d7019b5205ca8330242647	ans:double[1x1]; answer:char[1]; change_eye:double[1x1]; comment:char[1]; outputFile:char[1]; outputFileID:double[1x1]; resultdir:char[1]; run_id:double[1x1]; t:char[1]; x:cell[1x1]; y:cell[1x1]		no	no	no	no	no	HIGH	PARTIAL	run_id_identity_only;_t_is_datestr_not_GetSecs
<RAW>/Control/SUBC13-Session1-2023JUL17/SUBC13_Session01_2023JUL17_Matlab/3-Movie_Data/Results/July-17-2023_11-15-16_AM_Subject_is_subc13_selected_run_id_4.mat	.mat	edb0235263fa9747553e97b2f7a029a338c730eff36cd91041ce2ed82ade7c4a	ans:double[1x1]; answer:char[1]; change_eye:double[1x1]; comment:char[1]; outputFile:char[1]; outputFileID:double[1x1]; resultdir:char[1]; run_id:double[1x1]; t:char[1]; x:cell[1x1]; y:cell[1x1]		no	no	no	no	no	HIGH	PARTIAL	run_id_identity_only;_t_is_datestr_not_GetSecs
<RAW>/Control/SUBC13-Session1-2023JUL17/SUBC13_Session01_2023JUL17_Matlab/SUBC13_Session01_2023JUL17_Matlab/3-Movie_Data/Results/July-17-2023_11-02-49_AM_Subject_is_subc13_selected_run_id_1.mat	.mat	2e8d24820f00828494b9e14994828a0ced69ca5c77551241eb01edd89b324560	ans:double[1x1]; answer:char[1]; change_eye:double[1x1]; comment:char[1]; outputFile:char[1]; outputFileID:double[1x1]; resultdir:char[1]; run_id:double[1x1]; t:char[1]; x:cell[1x1]; y:cell[1x1]		no	no	no	no	no	HIGH	PARTIAL	run_id_identity_only;_t_is_datestr_not_GetSecs
<RAW>/Control/SUBC13-Session1-2023JUL17/SUBC13_Session01_2023JUL17_Matlab/SUBC13_Session01_2023JUL17_Matlab/3-Movie_Data/Results/July-17-2023_11-07-04_AM_Subject_is_subc13_selected_run_id_2.mat	.mat	8cc054b97981c9d6e20b007e5c304276cb138cace0e5d1588d902b6a0bc5dede	ans:double[1x1]; answer:char[1]; change_eye:double[1x1]; comment:char[1]; outputFile:char[1]; outputFileID:double[1x1]; resultdir:char[1]; run_id:double[1x1]; t:char[1]; x:cell[1x1]; y:cell[1x1]		no	no	no	no	no	HIGH	PARTIAL	run_id_identity_only;_t_is_datestr_not_GetSecs
<RAW>/Control/SUBC13-Session1-2023JUL17/SUBC13_Session01_2023JUL17_Matlab/SUBC13_Session01_2023JUL17_Matlab/3-Movie_Data/Results/July-17-2023_11-11-03_AM_Subject_is_subc13_selected_run_id_3.mat	.mat	8183a191d6e82577e5a146e6c04af23985b5f11984d7019b5205ca8330242647	ans:double[1x1]; answer:char[1]; change_eye:double[1x1]; comment:char[1]; outputFile:char[1]; outputFileID:double[1x1]; resultdir:char[1]; run_id:double[1x1]; t:char[1]; x:cell[1x1]; y:cell[1x1]		no	no	no	no	no	HIGH	PARTIAL	run_id_identity_only;_t_is_datestr_not_GetSecs
<RAW>/Control/SUBC13-Session1-2023JUL17/SUBC13_Session01_2023JUL17_Matlab/SUBC13_Session01_2023JUL17_Matlab/3-Movie_Data/Results/July-17-2023_11-15-16_AM_Subject_is_subc13_selected_run_id_4.mat	.mat	edb0235263fa9747553e97b2f7a029a338c730eff36cd91041ce2ed82ade7c4a	ans:double[1x1]; answer:char[1]; change_eye:double[1x1]; comment:char[1]; outputFile:char[1]; outputFileID:double[1x1]; resultdir:char[1]; run_id:double[1x1]; t:char[1]; x:cell[1x1]; y:cell[1x1]		no	no	no	no	no	HIGH	PARTIAL	run_id_identity_only;_t_is_datestr_not_GetSecs
<RAW>/Control/SUBC14-Session1-2023JUL19/SUBC14_Session01_2023JUL19_Matlab/3-Movie_Data/Results/July-19-2023_ 2-01-50_PM_Subject_is_c14_selected_run_id_1.mat	.mat	03a4359b039dca28170f4209a1c560cb762d82712fb3ab612636e89402785185	ans:double[1x1]; answer:char[1]; change_eye:double[1x1]; comment:char[1]; outputFile:char[1]; outputFileID:double[1x1]; resultdir:char[1]; run_id:double[1x1]; t:char[1]; x:cell[1x1]; y:cell[1x1]		no	no	no	no	no	HIGH	PARTIAL	run_id_identity_only;_t_is_datestr_not_GetSecs
<RAW>/Control/SUBC14-Session1-2023JUL19/SUBC14_Session01_2023JUL19_Matlab/3-Movie_Data/Results/July-19-2023_ 2-06-12_PM_Subject_is_c14_selected_run_id_2.mat	.mat	74065383ace70cb912d95ad95726c1b2c08a68897dfc21e214be4f2d18c6f74a	ans:double[1x1]; answer:char[1]; change_eye:double[1x1]; comment:char[1]; outputFile:char[1]; outputFileID:double[1x1]; resultdir:char[1]; run_id:double[1x1]; t:char[1]; x:cell[1x1]; y:cell[1x1]		no	no	no	no	no	HIGH	PARTIAL	run_id_identity_only;_t_is_datestr_not_GetSecs
<RAW>/Control/SUBC14-Session1-2023JUL19/SUBC14_Session01_2023JUL19_Matlab/3-Movie_Data/Results/July-19-2023_ 2-10-32_PM_Subject_is_c14_selected_run_id_3.mat	.mat	344fc1bff531c1d8fd6b173482d8305e761a00199fa8d4ee446831d029cf939e	ans:double[1x1]; answer:char[1]; change_eye:double[1x1]; comment:char[1]; outputFile:char[1]; outputFileID:double[1x1]; resultdir:char[1]; run_id:double[1x1]; t:char[1]; x:cell[1x1]; y:cell[1x1]		no	no	no	no	no	HIGH	PARTIAL	run_id_identity_only;_t_is_datestr_not_GetSecs
<RAW>/Control/SUBC14-Session1-2023JUL19/SUBC14_Session01_2023JUL19_Matlab/3-Movie_Data/Results/July-19-2023_ 2-15-27_PM_Subject_is_c14_selected_run_id_4.mat	.mat	9819e431fdfd14c791c170af6fa4215056bd1e8f27f6d446229659cd96bd8903	ans:double[1x1]; answer:char[1]; change_eye:double[1x1]; comment:char[1]; outputFile:char[1]; outputFileID:double[1x1]; resultdir:char[1]; run_id:double[1x1]; t:char[1]; x:cell[1x1]; y:cell[1x1]		no	no	no	no	no	HIGH	PARTIAL	run_id_identity_only;_t_is_datestr_not_GetSecs
<RAW>/Control/SUBC15-Session1-2023AUG07/subC015-Session01_2023AUG07_Matlab/3-Movie_Data/Results/August-07-2023_10-12-37_AM_Subject_is_015_selected_run_id_1.mat	.mat	6e39bf0c2fe6c998142522e2eb06267d85e73bc639634c2e37d473e6fc852da8	ans:double[1x1]; answer:char[1]; change_eye:double[1x1]; comment:char[1]; outputFile:char[1]; outputFileID:double[1x1]; resultdir:char[1]; run_id:double[1x1]; t:char[1]; x:cell[1x1]; y:cell[1x1]		no	no	no	no	no	HIGH	PARTIAL	run_id_identity_only;_t_is_datestr_not_GetSecs
<RAW>/Control/SUBC15-Session1-2023AUG07/subC015-Session01_2023AUG07_Matlab/3-Movie_Data/Results/August-07-2023_10-16-32_AM_Subject_is_015_selected_run_id_2.mat	.mat	7062fe5754b332944c935a96fad9ae98944062c7766679edd7a6c51f66eb7793	ans:double[1x1]; answer:char[1]; change_eye:double[1x1]; comment:char[1]; outputFile:char[1]; outputFileID:double[1x1]; resultdir:char[1]; run_id:double[1x1]; t:char[1]; x:cell[1x1]; y:cell[1x1]		no	no	no	no	no	HIGH	PARTIAL	run_id_identity_only;_t_is_datestr_not_GetSecs
<RAW>/Control/SUBC15-Session1-2023AUG07/subC015-Session01_2023AUG07_Matlab/3-Movie_Data/Results/August-07-2023_10-21-44_AM_Subject_is_015_selected_run_id_3.mat	.mat	55f8559bdfd5c2618b99fc58a05a3951ab032bc63c91f26d6d3ddf5d43d3cd2c	ans:double[1x1]; answer:char[1]; change_eye:double[1x1]; comment:char[1]; outputFile:char[1]; outputFileID:double[1x1]; resultdir:char[1]; run_id:double[1x1]; t:char[1]; x:cell[1x1]; y:cell[1x1]		no	no	no	no	no	HIGH	PARTIAL	run_id_identity_only;_t_is_datestr_not_GetSecs
<RAW>/Control/SUBC15-Session1-2023AUG07/subC015-Session01_2023AUG07_Matlab/3-Movie_Data/Results/August-07-2023_10-25-44_AM_Subject_is_015_selected_run_id_4.mat	.mat	f9a835302dc7218b45f9b623f70277d77efe144c932fca01b8200b7d83e40b7f	ans:double[1x1]; answer:char[1]; change_eye:double[1x1]; comment:char[1]; outputFile:char[1]; outputFileID:double[1x1]; resultdir:char[1]; run_id:double[1x1]; t:char[1]; x:cell[1x1]; y:cell[1x1]		no	no	no	no	no	HIGH	PARTIAL	run_id_identity_only;_t_is_datestr_not_GetSecs
<RAW>/Control/SUBC15_Session02_2024FEB08/SUBC15_SESSION02_2024FEB8_MATLAB/3-Movie_Data/Results/February-08-2024_ 4-58-45_PM_Subject_is_subc15-session2_selected_run_id_1.mat	.mat	48a3677ba417fe64ec107bb2bdcd08b86d36e3a8c3cd5baa40d52287403e20e7	ans:double[1x1]; answer:char[1]; change_eye:double[1x1]; comment:char[1]; outputFile:char[1]; outputFileID:double[1x1]; resultdir:char[1]; run_id:double[1x1]; t:char[1]; x:cell[1x1]; y:cell[1x1]		no	no	no	no	no	HIGH	PARTIAL	run_id_identity_only;_t_is_datestr_not_GetSecs
<RAW>/Control/SUBC15_Session02_2024FEB08/SUBC15_SESSION02_2024FEB8_MATLAB/3-Movie_Data/Results/February-08-2024_ 5-04-59_PM_Subject_is_SUBC15-session2_selected_run_id_2.mat	.mat	1f1be61a3645b9224a7eb2dc1daa4364a9d4c03b247446924387c4f9d49e4690	ans:double[1x1]; answer:char[1]; change_eye:double[1x1]; comment:char[1]; outputFile:char[1]; outputFileID:double[1x1]; resultdir:char[1]; run_id:double[1x1]; t:char[1]; x:cell[1x1]; y:cell[1x1]		no	no	no	no	no	HIGH	PARTIAL	run_id_identity_only;_t_is_datestr_not_GetSecs
<RAW>/Control/SUBC15_Session02_2024FEB08/SUBC15_SESSION02_2024FEB8_MATLAB/3-Movie_Data/Results/February-08-2024_ 5-08-53_PM_Subject_is_SUBC15-Session01_selected_run_id_3.mat	.mat	534b10b763450b0a19cd5928d296790f653bae5798fc10e19ce267aed62b59ee	ans:double[1x1]; answer:char[1]; change_eye:double[1x1]; comment:char[1]; outputFile:char[1]; outputFileID:double[1x1]; resultdir:char[1]; run_id:double[1x1]; t:char[1]; x:cell[1x1]; y:cell[1x1]		no	no	no	no	no	HIGH	PARTIAL	run_id_identity_only;_t_is_datestr_not_GetSecs
<RAW>/Control/SUBC15_Session02_2024FEB08/SUBC15_SESSION02_2024FEB8_MATLAB/3-Movie_Data/Results/February-08-2024_ 5-14-28_PM_Subject_is_SUBC15-session02_selected_run_id_4.mat	.mat	791ecb425199b4534185e715f0c638a810da9b4b9f5a26ef9d09c511429f3aff	ans:double[1x1]; answer:char[1]; change_eye:double[1x1]; comment:char[1]; outputFile:char[1]; outputFileID:double[1x1]; resultdir:char[1]; run_id:double[1x1]; t:char[1]; x:cell[1x1]; y:cell[1x1]		no	no	no	no	no	HIGH	PARTIAL	run_id_identity_only;_t_is_datestr_not_GetSecs
<RAW>/Control/SUBC16-SESSION2-2024FEB07/SUBC016-Session02-2023FEB07_MATLAB/3-Movie_Data/Results/February-07-2024_ 9-54-20_AM_Subject_is_c16_selected_run_id_1.mat	.mat	1c789302818531e96f8915cb30c9a40f53f65baf192475831f051ebe76528d50	ans:double[1x1]; answer:char[1]; change_eye:double[1x1]; comment:char[1]; outputFile:char[1]; outputFileID:double[1x1]; resultdir:char[1]; run_id:double[1x1]; t:char[1]; x:cell[1x1]; y:cell[1x1]		no	no	no	no	no	HIGH	PARTIAL	run_id_identity_only;_t_is_datestr_not_GetSecs
<RAW>/Control/SUBC16-SESSION2-2024FEB07/SUBC016-Session02-2023FEB07_MATLAB/3-Movie_Data/Results/February-07-2024_ 9-59-34_AM_Subject_is_SUBC16-session2_selected_run_id_2.mat	.mat	96473a373de632f2e74a7992e0021553c9fa033f16cea2e376fbdd0b37fc1c1a	ans:double[1x1]; answer:char[1]; change_eye:double[1x1]; comment:char[1]; outputFile:char[1]; outputFileID:double[1x1]; resultdir:char[1]; run_id:double[1x1]; t:char[1]; x:cell[1x1]; y:cell[1x1]		no	no	no	no	no	HIGH	PARTIAL	run_id_identity_only;_t_is_datestr_not_GetSecs
<RAW>/Control/SUBC16-SESSION2-2024FEB07/SUBC016-Session02-2023FEB07_MATLAB/3-Movie_Data/Results/February-07-2024_10-03-38_AM_Subject_is_c16_selected_run_id_3.mat	.mat	618b87c222fde3d9dc6ebf52189e63aee4990b68e2ba528c4ddc3be5c18bb434	ans:double[1x1]; answer:char[1]; change_eye:double[1x1]; comment:char[1]; outputFile:char[1]; outputFileID:double[1x1]; resultdir:char[1]; run_id:double[1x1]; t:char[1]; x:cell[1x1]; y:cell[1x1]		no	no	no	no	no	HIGH	PARTIAL	run_id_identity_only;_t_is_datestr_not_GetSecs
<RAW>/Control/SUBC16-SESSION2-2024FEB07/SUBC016-Session02-2023FEB07_MATLAB/3-Movie_Data/Results/February-07-2024_10-07-38_AM_Subject_is_c16_selected_run_id_4.mat	.mat	c6072d6531bc478b013412109aeaf53f3960792455e0bef9d85f9824efdeec5b	ans:double[1x1]; answer:char[1]; change_eye:double[1x1]; comment:char[1]; outputFile:char[1]; outputFileID:double[1x1]; resultdir:char[1]; run_id:double[1x1]; t:char[1]; x:cell[1x1]; y:cell[1x1]		no	no	no	no	no	HIGH	PARTIAL	run_id_identity_only;_t_is_datestr_not_GetSecs
<RAW>/Control/SUBC16-Session1-2023AUG08/SUBC16_Session01_2023AUG08_Matlab/3-Movie_Data/Results/August-08-2023_ 3-02-23_PM_Subject_is_c16_selected_run_id_1.mat	.mat	7997182283000ab8856758dc41a636bd8002e31ff22732fb0dc18c555640c74c	ans:double[1x1]; answer:char[1]; change_eye:double[1x1]; comment:char[1]; outputFile:char[1]; outputFileID:double[1x1]; resultdir:char[1]; run_id:double[1x1]; t:char[1]; x:cell[1x1]; y:cell[1x1]		no	no	no	no	no	HIGH	PARTIAL	run_id_identity_only;_t_is_datestr_not_GetSecs
<RAW>/Control/SUBC16-Session1-2023AUG08/SUBC16_Session01_2023AUG08_Matlab/3-Movie_Data/Results/August-08-2023_ 3-06-42_PM_Subject_is_c16_selected_run_id_2.mat	.mat	60a26a55835885018bc64611699f8e29d6bf66b09aa47f26a4b1f92502bcf946	ans:double[1x1]; answer:char[1]; change_eye:double[1x1]; comment:char[1]; outputFile:char[1]; outputFileID:double[1x1]; resultdir:char[1]; run_id:double[1x1]; t:char[1]; x:cell[1x1]; y:cell[1x1]		no	no	no	no	no	HIGH	PARTIAL	run_id_identity_only;_t_is_datestr_not_GetSecs
<RAW>/Control/SUBC16-Session1-2023AUG08/SUBC16_Session01_2023AUG08_Matlab/3-Movie_Data/Results/August-08-2023_ 3-12-01_PM_Subject_is_c16_selected_run_id_3.mat	.mat	4c1525775b132a1709192f2822817c1a388d09d6a9bb49b7feaeaed71dcd5e8f	ans:double[1x1]; answer:char[1]; change_eye:double[1x1]; comment:char[1]; outputFile:char[1]; outputFileID:double[1x1]; resultdir:char[1]; run_id:double[1x1]; t:char[1]; x:cell[1x1]; y:cell[1x1]		no	no	no	no	no	HIGH	PARTIAL	run_id_identity_only;_t_is_datestr_not_GetSecs
<RAW>/Control/SUBC16-Session1-2023AUG08/SUBC16_Session01_2023AUG08_Matlab/3-Movie_Data/Results/August-08-2023_ 3-16-17_PM_Subject_is_c16_selected_run_id_4.mat	.mat	749a65c198f30f5380985c36120a4b97b5d9ee2f0234aa1c03ca0423b8e1d52b	ans:double[1x1]; answer:char[1]; change_eye:double[1x1]; comment:char[1]; outputFile:char[1]; outputFileID:double[1x1]; resultdir:char[1]; run_id:double[1x1]; t:char[1]; x:cell[1x1]; y:cell[1x1]		no	no	no	no	no	HIGH	PARTIAL	run_id_identity_only;_t_is_datestr_not_GetSecs
<RAW>/Control/SUBC17-Session1-2023AUG18/SUBC17_Control_Session01_2023AUG18_MATLAB/3-Movie_Data/Results/August-18-2023_ 3-28-24_PM_Subject_is_c17_selected_run_id_1.mat	.mat	445b42a6b84b97e91589077475e1f2c5c924b20c604fbf3201c2c933953605c4	ans:double[1x1]; answer:char[1]; change_eye:double[1x1]; comment:char[1]; outputFile:char[1]; outputFileID:double[1x1]; resultdir:char[1]; run_id:double[1x1]; t:char[1]; x:cell[1x1]; y:cell[1x1]		no	no	no	no	no	HIGH	PARTIAL	run_id_identity_only;_t_is_datestr_not_GetSecs
<RAW>/Control/SUBC17-Session1-2023AUG18/SUBC17_Control_Session01_2023AUG18_MATLAB/3-Movie_Data/Results/August-18-2023_ 3-34-19_PM_Subject_is_subc17_selected_run_id_2.mat	.mat	dbb94dd7e36172f003d7e7c977c7d36b74a490b8f9b7544baa86396ecfc4977c	ans:double[1x1]; answer:char[1]; change_eye:double[1x1]; comment:char[1]; outputFile:char[1]; outputFileID:double[1x1]; resultdir:char[1]; run_id:double[1x1]; t:char[1]; x:cell[1x1]; y:cell[1x1]		no	no	no	no	no	HIGH	PARTIAL	run_id_identity_only;_t_is_datestr_not_GetSecs
<RAW>/Control/SUBC17-Session1-2023AUG18/SUBC17_Control_Session01_2023AUG18_MATLAB/3-Movie_Data/Results/August-18-2023_ 3-39-49_PM_Subject_is_subc17_selected_run_id_3.mat	.mat	036895c29d7d6fb59f28efdb3c8d9600c4ae610508bcddf7ae0e148aa5d219a7	ans:double[1x1]; answer:char[1]; change_eye:double[1x1]; comment:char[1]; outputFile:char[1]; outputFileID:double[1x1]; resultdir:char[1]; run_id:double[1x1]; t:char[1]; x:cell[1x1]; y:cell[1x1]		no	no	no	no	no	HIGH	PARTIAL	run_id_identity_only;_t_is_datestr_not_GetSecs
<RAW>/Control/SUBC17-Session1-2023AUG18/SUBC17_Control_Session01_2023AUG18_MATLAB/3-Movie_Data/Results/August-18-2023_ 3-43-56_PM_Subject_is_subc17_selected_run_id_4.mat	.mat	ced8116577eb61674366eaac20693989299529f6a95b13d0caef065a100245b3	ans:double[1x1]; answer:char[1]; change_eye:double[1x1]; comment:char[1]; outputFile:char[1]; outputFileID:double[1x1]; resultdir:char[1]; run_id:double[1x1]; t:char[1]; x:cell[1x1]; y:cell[1x1]		no	no	no	no	no	HIGH	PARTIAL	run_id_identity_only;_t_is_datestr_not_GetSecs
<RAW>/Control/SUBC17_Session02_2024APR09/SUBC17_Session02_2024APR09_MATLAB/3-Movie_Data/Results/April-09-2024_10-09-15_AM_Subject_is_SUBC17_Sess02_selected_run_id_1.mat	.mat	ad643b96177171bd368bf1b27b3a9f3bb0246c474fa5746fd1bc4d1888629f15	ans:double[1x1]; answer:char[1]; change_eye:double[1x1]; comment:char[1]; outputFile:char[1]; outputFileID:double[1x1]; resultdir:char[1]; run_id:double[1x1]; t:char[1]; x:cell[1x1]; y:cell[1x1]		no	no	no	no	no	HIGH	PARTIAL	run_id_identity_only;_t_is_datestr_not_GetSecs
<RAW>/Control/SUBC17_Session02_2024APR09/SUBC17_Session02_2024APR09_MATLAB/3-Movie_Data/Results/April-09-2024_10-14-35_AM_Subject_is_subc17-sess02_selected_run_id_2.mat	.mat	315e12c018f20f4a75dba6a60ea64c033005b75fbddf685d3302b53267600d83	ans:double[1x1]; answer:char[1]; change_eye:double[1x1]; comment:char[1]; outputFile:char[1]; outputFileID:double[1x1]; resultdir:char[1]; run_id:double[1x1]; t:char[1]; x:cell[1x1]; y:cell[1x1]		no	no	no	no	no	HIGH	PARTIAL	run_id_identity_only;_t_is_datestr_not_GetSecs
<RAW>/Control/SUBC17_Session02_2024APR09/SUBC17_Session02_2024APR09_MATLAB/3-Movie_Data/Results/April-09-2024_10-19-37_AM_Subject_is_subc17-sess02_selected_run_id_3.mat	.mat	b7c8e5f1e297c3bf4877279a31efd3fcfebce797ae5d6cb40ac130764ec8be51	ans:double[1x1]; answer:char[1]; change_eye:double[1x1]; comment:char[1]; outputFile:char[1]; outputFileID:double[1x1]; resultdir:char[1]; run_id:double[1x1]; t:char[1]; x:cell[1x1]; y:cell[1x1]		no	no	no	no	no	HIGH	PARTIAL	run_id_identity_only;_t_is_datestr_not_GetSecs
<RAW>/Control/SUBC17_Session02_2024APR09/SUBC17_Session02_2024APR09_MATLAB/3-Movie_Data/Results/April-09-2024_10-23-51_AM_Subject_is_subc17-sess02_selected_run_id_4.mat	.mat	502575161ab2e7639e20add710aba7bf15913aba65b5d3b4b28cd9ecb83f3e52	ans:double[1x1]; answer:char[1]; change_eye:double[1x1]; comment:char[1]; outputFile:char[1]; outputFileID:double[1x1]; resultdir:char[1]; run_id:double[1x1]; t:char[1]; x:cell[1x1]; y:cell[1x1]		no	no	no	no	no	HIGH	PARTIAL	run_id_identity_only;_t_is_datestr_not_GetSecs
<RAW>/Control/SUBC18-Session1-2023AUG28/SUBC018_Control_Session01_2023AUG28_MATLAB/3-Movie_Data/Results/August-28-2023_ 2-14-26_PM_Subject_is_c18_selected_run_id_1.mat	.mat	b955acef030ea182ebec79f459fb45f4d06f250f07b8de1d7092289faf02d0c6	ans:double[1x1]; answer:char[1]; change_eye:double[1x1]; comment:char[1]; outputFile:char[1]; outputFileID:double[1x1]; resultdir:char[1]; run_id:double[1x1]; t:char[1]; x:cell[1x1]; y:cell[1x1]		no	no	no	no	no	HIGH	PARTIAL	run_id_identity_only;_t_is_datestr_not_GetSecs
<RAW>/Control/SUBC18-Session1-2023AUG28/SUBC018_Control_Session01_2023AUG28_MATLAB/3-Movie_Data/Results/August-28-2023_ 2-19-34_PM_Subject_is_c18_selected_run_id_2.mat	.mat	d40f7786e44bf618372c320c1fb5a85bcad5d527fca30b5c83b687882ea73af7	ans:double[1x1]; answer:char[1]; change_eye:double[1x1]; comment:char[1]; outputFile:char[1]; outputFileID:double[1x1]; resultdir:char[1]; run_id:double[1x1]; t:char[1]; x:cell[1x1]; y:cell[1x1]		no	no	no	no	no	HIGH	PARTIAL	run_id_identity_only;_t_is_datestr_not_GetSecs
<RAW>/Control/SUBC18-Session1-2023AUG28/SUBC018_Control_Session01_2023AUG28_MATLAB/3-Movie_Data/Results/August-28-2023_ 2-24-28_PM_Subject_is_c18_selected_run_id_3.mat	.mat	9a4a04d0c48e7591cbebeeb3c1a905cd97d4e27888b56b50df6cdd84340391c5	ans:double[1x1]; answer:char[1]; change_eye:double[1x1]; comment:char[1]; outputFile:char[1]; outputFileID:double[1x1]; resultdir:char[1]; run_id:double[1x1]; t:char[1]; x:cell[1x1]; y:cell[1x1]		no	no	no	no	no	HIGH	PARTIAL	run_id_identity_only;_t_is_datestr_not_GetSecs
<RAW>/Control/SUBC18-Session1-2023AUG28/SUBC018_Control_Session01_2023AUG28_MATLAB/3-Movie_Data/Results/August-28-2023_ 2-28-56_PM_Subject_is_c18_selected_run_id_4.mat	.mat	efc857f2bad2510a582c9ef7b2c9d40b0e56ee771af24dda147782cf682d1640	ans:double[1x1]; answer:char[1]; change_eye:double[1x1]; comment:char[1]; outputFile:char[1]; outputFileID:double[1x1]; resultdir:char[1]; run_id:double[1x1]; t:char[1]; x:cell[1x1]; y:cell[1x1]		no	no	no	no	no	HIGH	PARTIAL	run_id_identity_only;_t_is_datestr_not_GetSecs
<RAW>/Control/SUBC20-Session1_2023SEP07/SUB020_Session01_2023SEP07_MATLAB/3-Movie_Data/Results/September-07-2023_ 3-10-32_PM_Subject_is_c20_selected_run_id_1.mat	.mat	c1b01957ccb4d277129bfa2908eb67480ca4924fdc17f7ad23b5be0d40a7b3b6	ans:double[1x1]; answer:char[1]; change_eye:double[1x1]; comment:char[1]; outputFile:char[1]; outputFileID:double[1x1]; resultdir:char[1]; run_id:double[1x1]; t:char[1]; x:cell[1x1]; y:cell[1x1]		no	no	no	no	no	HIGH	PARTIAL	run_id_identity_only;_t_is_datestr_not_GetSecs
<RAW>/Control/SUBC20-Session1_2023SEP07/SUB020_Session01_2023SEP07_MATLAB/3-Movie_Data/Results/September-07-2023_ 3-15-16_PM_Subject_is_c20_selected_run_id_2.mat	.mat	e5c79207da6f67cc9019c2e02d90082fb5f5764b29bb50b2e29ab5e6606c287b	ans:double[1x1]; answer:char[1]; change_eye:double[1x1]; comment:char[1]; outputFile:char[1]; outputFileID:double[1x1]; resultdir:char[1]; run_id:double[1x1]; t:char[1]; x:cell[1x1]; y:cell[1x1]		no	no	no	no	no	HIGH	PARTIAL	run_id_identity_only;_t_is_datestr_not_GetSecs
<RAW>/Control/SUBC20-Session1_2023SEP07/SUB020_Session01_2023SEP07_MATLAB/3-Movie_Data/Results/September-07-2023_ 3-19-50_PM_Subject_is_c20_selected_run_id_3.mat	.mat	0463592eeeeffe2b6620bd02c288e8ebe570000da8b88af2692a60ec71265de4	ans:double[1x1]; answer:char[1]; change_eye:double[1x1]; comment:char[1]; outputFile:char[1]; outputFileID:double[1x1]; resultdir:char[1]; run_id:double[1x1]; t:char[1]; x:cell[1x1]; y:cell[1x1]		no	no	no	no	no	HIGH	PARTIAL	run_id_identity_only;_t_is_datestr_not_GetSecs
<RAW>/Control/SUBC20-Session1_2023SEP07/SUB020_Session01_2023SEP07_MATLAB/3-Movie_Data/Results/September-07-2023_ 3-24-35_PM_Subject_is_c20_selected_run_id_4.mat	.mat	81a6514117dfb92722eedb581a7549860cacb5450973c48ac933568e8ed6a6af	ans:double[1x1]; answer:char[1]; change_eye:double[1x1]; comment:char[1]; outputFile:char[1]; outputFileID:double[1x1]; resultdir:char[1]; run_id:double[1x1]; t:char[1]; x:cell[1x1]; y:cell[1x1]		no	no	no	no	no	HIGH	PARTIAL	run_id_identity_only;_t_is_datestr_not_GetSecs
<RAW>/Control/SUBC20_Session02_2024MAR05/SUBC20_Session02_2024MAR5_MATLAB/3-Movie_Data/Results/March-05-2024_10-14-30_AM_Subject_is_subc20_selected_run_id_1.mat	.mat	6972ddff5dd8b8a22bc657abce141cf9ca5711b2976713c5972236b00e5e1ece	ans:double[1x1]; answer:char[1]; change_eye:double[1x1]; comment:char[1]; outputFile:char[1]; outputFileID:double[1x1]; resultdir:char[1]; run_id:double[1x1]; t:char[1]; x:cell[1x1]; y:cell[1x1]		no	no	no	no	no	HIGH	PARTIAL	run_id_identity_only;_t_is_datestr_not_GetSecs
<RAW>/Control/SUBC20_Session02_2024MAR05/SUBC20_Session02_2024MAR5_MATLAB/3-Movie_Data/Results/March-05-2024_10-19-29_AM_Subject_is_SUBC20_selected_run_id_2.mat	.mat	25602420e02f7e2068bba475f056f0064f78224fe6f6661b58a780e60684f4b9	ans:double[1x1]; answer:char[1]; change_eye:double[1x1]; comment:char[1]; outputFile:char[1]; outputFileID:double[1x1]; resultdir:char[1]; run_id:double[1x1]; t:char[1]; x:cell[1x1]; y:cell[1x1]		no	no	no	no	no	HIGH	PARTIAL	run_id_identity_only;_t_is_datestr_not_GetSecs
<RAW>/Control/SUBC20_Session02_2024MAR05/SUBC20_Session02_2024MAR5_MATLAB/3-Movie_Data/Results/March-05-2024_10-23-32_AM_Subject_is_SUBC20_selected_run_id_3.mat	.mat	8a19c42e3d5e3a421cfb69d2f9777987d482b215a53d1402f0ffa3a8134aa28d	ans:double[1x1]; answer:char[1]; change_eye:double[1x1]; comment:char[1]; outputFile:char[1]; outputFileID:double[1x1]; resultdir:char[1]; run_id:double[1x1]; t:char[1]; x:cell[1x1]; y:cell[1x1]		no	no	no	no	no	HIGH	PARTIAL	run_id_identity_only;_t_is_datestr_not_GetSecs
<RAW>/Control/SUBC20_Session02_2024MAR05/SUBC20_Session02_2024MAR5_MATLAB/3-Movie_Data/Results/March-05-2024_10-28-04_AM_Subject_is_SUBC20_selected_run_id_4.mat	.mat	ffcb5165592beb9b78f31cee734c7d38148db7a30cfd3324ca75ca991c50eee2	ans:double[1x1]; answer:char[1]; change_eye:double[1x1]; comment:char[1]; outputFile:char[1]; outputFileID:double[1x1]; resultdir:char[1]; run_id:double[1x1]; t:char[1]; x:cell[1x1]; y:cell[1x1]		no	no	no	no	no	HIGH	PARTIAL	run_id_identity_only;_t_is_datestr_not_GetSecs
<RAW>/Control/SUBC21-Session1-2023SEP09/SUBC021_Session01_2023SEP09_MATLAB/3-Movie_Data/Results/September-09-2023_11-17-37_AM_Subject_is_c21_selected_run_id_1.mat	.mat	b20f5ca7c59f0f227123b0a2d008ef097a7fba47226e27d91427c545a66346df	ans:double[1x1]; answer:char[1]; change_eye:double[1x1]; comment:char[1]; outputFile:char[1]; outputFileID:double[1x1]; resultdir:char[1]; run_id:double[1x1]; t:char[1]; x:cell[1x1]; y:cell[1x1]		no	no	no	no	no	HIGH	PARTIAL	run_id_identity_only;_t_is_datestr_not_GetSecs
<RAW>/Control/SUBC21-Session1-2023SEP09/SUBC021_Session01_2023SEP09_MATLAB/3-Movie_Data/Results/September-09-2023_11-21-32_AM_Subject_is_c21_selected_run_id_2.mat	.mat	cd7d3d1926ca0226bf8800915b4cd173e7b14c0334de7bbb266a6339b4423097	ans:double[1x1]; answer:char[1]; change_eye:double[1x1]; comment:char[1]; outputFile:char[1]; outputFileID:double[1x1]; resultdir:char[1]; run_id:double[1x1]; t:char[1]; x:cell[1x1]; y:cell[1x1]		no	no	no	no	no	HIGH	PARTIAL	run_id_identity_only;_t_is_datestr_not_GetSecs
<RAW>/Control/SUBC21-Session1-2023SEP09/SUBC021_Session01_2023SEP09_MATLAB/3-Movie_Data/Results/September-09-2023_11-25-40_AM_Subject_is_c21_selected_run_id_3.mat	.mat	0742ec9c1cdeb82d58a0f257620d0247db5ac64acf03176ef7e94b27f26bcbee	ans:double[1x1]; answer:char[1]; change_eye:double[1x1]; comment:char[1]; outputFile:char[1]; outputFileID:double[1x1]; resultdir:char[1]; run_id:double[1x1]; t:char[1]; x:cell[1x1]; y:cell[1x1]		no	no	no	no	no	HIGH	PARTIAL	run_id_identity_only;_t_is_datestr_not_GetSecs
<RAW>/Control/SUBC21-Session1-2023SEP09/SUBC021_Session01_2023SEP09_MATLAB/3-Movie_Data/Results/September-09-2023_11-30-36_AM_Subject_is_c21_selected_run_id_4.mat	.mat	a9d5478d7fb4df626769d64f565a00d3a2b7cc150791ca69fd23a67260339999	ans:double[1x1]; answer:char[1]; change_eye:double[1x1]; comment:char[1]; outputFile:char[1]; outputFileID:double[1x1]; resultdir:char[1]; run_id:double[1x1]; t:char[1]; x:cell[1x1]; y:cell[1x1]		no	no	no	no	no	HIGH	PARTIAL	run_id_identity_only;_t_is_datestr_not_GetSecs
<RAW>/Control/SUBC22-Session1-2023SEPT28/SUBC22-Session1-2023SEPT28-2023SEP28_MATLAB/3-Movie_Data/Results/September-28-2023_ 2-03-57_PM_Subject_is_c022_selected_run_id_1.mat	.mat	934a6bdff3dc3b66c4b1c0b666822e75066cdf8e4a3a978dd32580ab992e02fc	ans:double[1x1]; answer:char[1]; change_eye:double[1x1]; comment:char[1]; outputFile:char[1]; outputFileID:double[1x1]; resultdir:char[1]; run_id:double[1x1]; t:char[1]; x:cell[1x1]; y:cell[1x1]		no	no	no	no	no	HIGH	PARTIAL	run_id_identity_only;_t_is_datestr_not_GetSecs
<RAW>/Control/SUBC22-Session1-2023SEPT28/SUBC22-Session1-2023SEPT28-2023SEP28_MATLAB/3-Movie_Data/Results/September-28-2023_ 2-09-02_PM_Subject_is_c022_selected_run_id_2.mat	.mat	a7dd62c3eadf6a4060fa41a8e5dcab4478f54357b179fe9c677e01cb4fb9901d	ans:double[1x1]; answer:char[1]; change_eye:double[1x1]; comment:char[1]; outputFile:char[1]; outputFileID:double[1x1]; resultdir:char[1]; run_id:double[1x1]; t:char[1]; x:cell[1x1]; y:cell[1x1]		no	no	no	no	no	HIGH	PARTIAL	run_id_identity_only;_t_is_datestr_not_GetSecs
<RAW>/Control/SUBC22-Session1-2023SEPT28/SUBC22-Session1-2023SEPT28-2023SEP28_MATLAB/3-Movie_Data/Results/September-28-2023_ 2-13-30_PM_Subject_is_c022_selected_run_id_3.mat	.mat	3658bcbc0ce716c6c907e79bb538857b1d360c6097faa00c1425c334c057dce9	ans:double[1x1]; answer:char[1]; change_eye:double[1x1]; comment:char[1]; outputFile:char[1]; outputFileID:double[1x1]; resultdir:char[1]; run_id:double[1x1]; t:char[1]; x:cell[1x1]; y:cell[1x1]		no	no	no	no	no	HIGH	PARTIAL	run_id_identity_only;_t_is_datestr_not_GetSecs
<RAW>/Control/SUBC22-Session1-2023SEPT28/SUBC22-Session1-2023SEPT28-2023SEP28_MATLAB/3-Movie_Data/Results/September-28-2023_ 2-18-17_PM_Subject_is_c022_selected_run_id_4.mat	.mat	708f73f0f5a6b3f5d3ec3a90de76738e1dac1a0eaa6652d0846c34a1f68f11ea	ans:double[1x1]; answer:char[1]; change_eye:double[1x1]; comment:char[1]; outputFile:char[1]; outputFileID:double[1x1]; resultdir:char[1]; run_id:double[1x1]; t:char[1]; x:cell[1x1]; y:cell[1x1]		no	no	no	no	no	HIGH	PARTIAL	run_id_identity_only;_t_is_datestr_not_GetSecs
<RAW>/Control/SUBC22_Session02_2024MAR25/SUBC22_Session02_2024MAR25_MATLAB/3-Movie_Data/Results/March-25-2024_11-43-21_AM_Subject_is_SUBC22_selected_run_id_1.mat	.mat	19a2d9eb5ab77208c64fea9690c9fa2e0dbdd747632b07104e16c21ee807a0af	ans:double[1x1]; answer:char[1]; change_eye:double[1x1]; comment:char[1]; outputFile:char[1]; outputFileID:double[1x1]; resultdir:char[1]; run_id:double[1x1]; t:char[1]; x:cell[1x1]; y:cell[1x1]		no	no	no	no	no	HIGH	PARTIAL	run_id_identity_only;_t_is_datestr_not_GetSecs
<RAW>/Control/SUBC22_Session02_2024MAR25/SUBC22_Session02_2024MAR25_MATLAB/3-Movie_Data/Results/March-25-2024_11-48-25_AM_Subject_is_SUBC22_selected_run_id_2.mat	.mat	11418f8e60cd11ab4a65cfef367a8dd3a441834f4e3f0d2a579c24b4769aaab8	ans:double[1x1]; answer:char[1]; change_eye:double[1x1]; comment:char[1]; outputFile:char[1]; outputFileID:double[1x1]; resultdir:char[1]; run_id:double[1x1]; t:char[1]; x:cell[1x1]; y:cell[1x1]		no	no	no	no	no	HIGH	PARTIAL	run_id_identity_only;_t_is_datestr_not_GetSecs
<RAW>/Control/SUBC22_Session02_2024MAR25/SUBC22_Session02_2024MAR25_MATLAB/3-Movie_Data/Results/March-25-2024_11-53-37_AM_Subject_is_SUBC22_selected_run_id_3.mat	.mat	f27121c041f003f7f4d630502f934691909f423734c6e7242f1ff5ac0bd5e1ce	ans:double[1x1]; answer:char[1]; change_eye:double[1x1]; comment:char[1]; outputFile:char[1]; outputFileID:double[1x1]; resultdir:char[1]; run_id:double[1x1]; t:char[1]; x:cell[1x1]; y:cell[1x1]		no	no	no	no	no	HIGH	PARTIAL	run_id_identity_only;_t_is_datestr_not_GetSecs
<RAW>/Control/SUBC22_Session02_2024MAR25/SUBC22_Session02_2024MAR25_MATLAB/3-Movie_Data/Results/March-25-2024_11-57-44_AM_Subject_is_SUBC22_selected_run_id_4.mat	.mat	f81e897c8c461cbf76ac13c592bf3db8f0ad3ae2b0c234a39f51873e5dd3c0fc	ans:double[1x1]; answer:char[1]; change_eye:double[1x1]; comment:char[1]; outputFile:char[1]; outputFileID:double[1x1]; resultdir:char[1]; run_id:double[1x1]; t:char[1]; x:cell[1x1]; y:cell[1x1]		no	no	no	no	no	HIGH	PARTIAL	run_id_identity_only;_t_is_datestr_not_GetSecs
<RAW>/Control/SUBC23-Session01-2023OCT05/SUBC23-Session01-2023OCT05-MATLAB/3-Movie_Data/Results/October-05-2023_10-44-37_AM_Subject_is_c23_selected_run_id_1.mat	.mat	cd1e1814d9f07a2a15f77acf2a2932faadd132dfab8d14099486f9b206eeb94e	ans:double[1x1]; answer:char[1]; change_eye:double[1x1]; comment:char[1]; outputFile:char[1]; outputFileID:double[1x1]; resultdir:char[1]; run_id:double[1x1]; t:char[1]; x:cell[1x1]; y:cell[1x1]		no	no	no	no	no	HIGH	PARTIAL	run_id_identity_only;_t_is_datestr_not_GetSecs
<RAW>/Control/SUBC23-Session01-2023OCT05/SUBC23-Session01-2023OCT05-MATLAB/3-Movie_Data/Results/October-05-2023_10-49-18_AM_Subject_is_c23_selected_run_id_2.mat	.mat	10ad7fe6509868ae39eff1a4b4460902e61bccf6f67a40a1e46face11cc58ea0	ans:double[1x1]; answer:char[1]; change_eye:double[1x1]; comment:char[1]; outputFile:char[1]; outputFileID:double[1x1]; resultdir:char[1]; run_id:double[1x1]; t:char[1]; x:cell[1x1]; y:cell[1x1]		no	no	no	no	no	HIGH	PARTIAL	run_id_identity_only;_t_is_datestr_not_GetSecs
<RAW>/Control/SUBC23-Session01-2023OCT05/SUBC23-Session01-2023OCT05-MATLAB/3-Movie_Data/Results/October-05-2023_10-53-23_AM_Subject_is_c23_selected_run_id_3.mat	.mat	0e706215cb19ca63248d024b00dae4a94262f607e8d28f5c47c2d27f2513d32f	ans:double[1x1]; answer:char[1]; change_eye:double[1x1]; comment:char[1]; outputFile:char[1]; outputFileID:double[1x1]; resultdir:char[1]; run_id:double[1x1]; t:char[1]; x:cell[1x1]; y:cell[1x1]		no	no	no	no	no	HIGH	PARTIAL	run_id_identity_only;_t_is_datestr_not_GetSecs
<RAW>/Control/SUBC23-Session01-2023OCT05/SUBC23-Session01-2023OCT05-MATLAB/3-Movie_Data/Results/October-05-2023_10-57-22_AM_Subject_is_c23_selected_run_id_4.mat	.mat	227172bbe7948a5dc1925a6162360969aa672ec2f075ddb8c6c2a065da641b76	ans:double[1x1]; answer:char[1]; change_eye:double[1x1]; comment:char[1]; outputFile:char[1]; outputFileID:double[1x1]; resultdir:char[1]; run_id:double[1x1]; t:char[1]; x:cell[1x1]; y:cell[1x1]		no	no	no	no	no	HIGH	PARTIAL	run_id_identity_only;_t_is_datestr_not_GetSecs
<RAW>/Control/SUBC23_Session02_2024APR22/SUBC23_Session02_2024APR22_MATLAB/3-Movie_Data/Results/April-22-2024_ 3-27-17_PM_Subject_is_C23_selected_run_id_1.mat	.mat	063f6645abd0f5488db33beebbce7e9beb4f4ade69c5d8ce2985c849f981b6db	ans:double[1x1]; answer:char[1]; change_eye:double[1x1]; comment:char[1]; outputFile:char[1]; outputFileID:double[1x1]; resultdir:char[1]; run_id:double[1x1]; t:char[1]; x:cell[1x1]; y:cell[1x1]		no	no	no	no	no	HIGH	PARTIAL	run_id_identity_only;_t_is_datestr_not_GetSecs
<RAW>/Control/SUBC23_Session02_2024APR22/SUBC23_Session02_2024APR22_MATLAB/3-Movie_Data/Results/April-22-2024_ 3-31-18_PM_Subject_is_C23_selected_run_id_2.mat	.mat	3945c22ec870e9fa1a36cddec7cf0a7d6fad3259bfb66ff55040ca7c16b38f87	ans:double[1x1]; answer:char[1]; change_eye:double[1x1]; comment:char[1]; outputFile:char[1]; outputFileID:double[1x1]; resultdir:char[1]; run_id:double[1x1]; t:char[1]; x:cell[1x1]; y:cell[1x1]		no	no	no	no	no	HIGH	PARTIAL	run_id_identity_only;_t_is_datestr_not_GetSecs
<RAW>/Control/SUBC23_Session02_2024APR22/SUBC23_Session02_2024APR22_MATLAB/3-Movie_Data/Results/April-22-2024_ 3-35-53_PM_Subject_is_C23_selected_run_id_3.mat	.mat	f47fe4ce0a13fb34b07b78b6b66b8a9f93b7eeb9f30cdb9e9b8ae04bfd85055b	ans:double[1x1]; answer:char[1]; change_eye:double[1x1]; comment:char[1]; outputFile:char[1]; outputFileID:double[1x1]; resultdir:char[1]; run_id:double[1x1]; t:char[1]; x:cell[1x1]; y:cell[1x1]		no	no	no	no	no	HIGH	PARTIAL	run_id_identity_only;_t_is_datestr_not_GetSecs
<RAW>/Control/SUBC23_Session02_2024APR22/SUBC23_Session02_2024APR22_MATLAB/3-Movie_Data/Results/April-22-2024_ 3-40-13_PM_Subject_is_C23_selected_run_id_4.mat	.mat	b2654f5a3194357034db2e099c69bae2b9f636f36a8d7c17d25596e09239d0bb	ans:double[1x1]; answer:char[1]; change_eye:double[1x1]; comment:char[1]; outputFile:char[1]; outputFileID:double[1x1]; resultdir:char[1]; run_id:double[1x1]; t:char[1]; x:cell[1x1]; y:cell[1x1]		no	no	no	no	no	HIGH	PARTIAL	run_id_identity_only;_t_is_datestr_not_GetSecs
<RAW>/Control/SUBC24-SESSION2-2024APR27/SUBC24-session2-2024-APR-27-Matlab/3-Movie_Data/Results/April-27-2024_ 9-16-08_AM_Subject_is_SUBC02-Session02_selected_run_id_1.mat	.mat	c2ceb9b1c71208641cdbcbb473fbc819fb3cbe0cfb1d5691b9343cf1ab3400a6	ans:double[1x1]; answer:char[1]; change_eye:double[1x1]; comment:char[1]; outputFile:char[1]; outputFileID:double[1x1]; resultdir:char[1]; run_id:double[1x1]; t:char[1]; x:cell[1x1]; y:cell[1x1]		no	no	no	no	no	HIGH	PARTIAL	run_id_identity_only;_t_is_datestr_not_GetSecs
<RAW>/Control/SUBC24-SESSION2-2024APR27/SUBC24-session2-2024-APR-27-Matlab/3-Movie_Data/Results/April-27-2024_ 9-20-07_AM_Subject_is_SUBC02-Session02_selected_run_id_2.mat	.mat	7410cc26d47f15d046c21bada701fd86e865791dd9a8662003b0fd1ed8696720	ans:double[1x1]; answer:char[1]; change_eye:double[1x1]; comment:char[1]; outputFile:char[1]; outputFileID:double[1x1]; resultdir:char[1]; run_id:double[1x1]; t:char[1]; x:cell[1x1]; y:cell[1x1]		no	no	no	no	no	HIGH	PARTIAL	run_id_identity_only;_t_is_datestr_not_GetSecs
<RAW>/Control/SUBC24-SESSION2-2024APR27/SUBC24-session2-2024-APR-27-Matlab/3-Movie_Data/Results/April-27-2024_ 9-24-00_AM_Subject_is_SUBC024-Session02_selected_run_id_3.mat	.mat	71525aff74a7b9e7ec8f531ec3afbf8f155defdb20bb59868d226c97e94a274d	ans:double[1x1]; answer:char[1]; change_eye:double[1x1]; comment:char[1]; outputFile:char[1]; outputFileID:double[1x1]; resultdir:char[1]; run_id:double[1x1]; t:char[1]; x:cell[1x1]; y:cell[1x1]		no	no	no	no	no	HIGH	PARTIAL	run_id_identity_only;_t_is_datestr_not_GetSecs
<RAW>/Control/SUBC24-SESSION2-2024APR27/SUBC24-session2-2024-APR-27-Matlab/3-Movie_Data/Results/April-27-2024_ 9-27-54_AM_Subject_is_SUBC024-Session02_selected_run_id_4.mat	.mat	bd46939c978a57dbbad71212082c1287b88b20b1bdb1d7bc56916c71ab94d9d7	ans:double[1x1]; answer:char[1]; change_eye:double[1x1]; comment:char[1]; outputFile:char[1]; outputFileID:double[1x1]; resultdir:char[1]; run_id:double[1x1]; t:char[1]; x:cell[1x1]; y:cell[1x1]		no	no	no	no	no	HIGH	PARTIAL	run_id_identity_only;_t_is_datestr_not_GetSecs
<RAW>/Control/SUBC24-Session01-2023OCT17/SUBC24-Session01-2023OCT17-MATLAB/3-Movie_Data/Results/October-17-2023_ 5-52-29_PM_Subject_is_sub-c24_selected_run_id_1.mat	.mat	e46b2f91e040b600cd2546aa78a1d951fb6eafe32536df540c56c4849f63106f	ans:double[1x1]; answer:char[1]; change_eye:double[1x1]; comment:char[1]; outputFile:char[1]; outputFileID:double[1x1]; resultdir:char[1]; run_id:double[1x1]; t:char[1]; x:cell[1x1]; y:cell[1x1]		no	no	no	no	no	HIGH	PARTIAL	run_id_identity_only;_t_is_datestr_not_GetSecs
<RAW>/Control/SUBC24-Session01-2023OCT17/SUBC24-Session01-2023OCT17-MATLAB/3-Movie_Data/Results/October-17-2023_ 5-57-10_PM_Subject_is_sub-c24_selected_run_id_2.mat	.mat	b14d7c3c515ba7898e14cb520c2fd3a0b1f9e494afacf0acfe15bde8c6d5f2f4	ans:double[1x1]; answer:char[1]; change_eye:double[1x1]; comment:char[1]; outputFile:char[1]; outputFileID:double[1x1]; resultdir:char[1]; run_id:double[1x1]; t:char[1]; x:cell[1x1]; y:cell[1x1]		no	no	no	no	no	HIGH	PARTIAL	run_id_identity_only;_t_is_datestr_not_GetSecs
<RAW>/Control/SUBC24-Session01-2023OCT17/SUBC24-Session01-2023OCT17-MATLAB/3-Movie_Data/Results/October-17-2023_ 6-00-58_PM_Subject_is_sub-c24_selected_run_id_3.mat	.mat	0c1edc4077b11f4ac65712e2cf3798e80ca7bff29e247d8ad2078841d2f6bef9	ans:double[1x1]; answer:char[1]; change_eye:double[1x1]; comment:char[1]; outputFile:char[1]; outputFileID:double[1x1]; resultdir:char[1]; run_id:double[1x1]; t:char[1]; x:cell[1x1]; y:cell[1x1]		no	no	no	no	no	HIGH	PARTIAL	run_id_identity_only;_t_is_datestr_not_GetSecs
<RAW>/Control/SUBC24-Session01-2023OCT17/SUBC24-Session01-2023OCT17-MATLAB/3-Movie_Data/Results/October-17-2023_ 6-06-09_PM_Subject_is_sub-c24_selected_run_id_4.mat	.mat	5ff8099e74b2f2b4eb6c6c34ede535a8f45b9d98c77bd4674a4fb73c10b59d51	ans:double[1x1]; answer:char[1]; change_eye:double[1x1]; comment:char[1]; outputFile:char[1]; outputFileID:double[1x1]; resultdir:char[1]; run_id:double[1x1]; t:char[1]; x:cell[1x1]; y:cell[1x1]		no	no	no	no	no	HIGH	PARTIAL	run_id_identity_only;_t_is_datestr_not_GetSecs
<RAW>/Control/SUBC25-Session01-2023NOV08/SUBC25-SESSION01-2023OCT19-Matlab/3-Movie_Data/Results/October-19-2023_11-41-31_AM_Subject_is_sub-c25_selected_run_id_1.mat	.mat	642c18aea8e6c2538502ecd14baa31efb0033f789c75aee99a2807a3aec4790e	ans:double[1x1]; answer:char[1]; change_eye:double[1x1]; comment:char[1]; outputFile:char[1]; outputFileID:double[1x1]; resultdir:char[1]; run_id:double[1x1]; t:char[1]; x:cell[1x1]; y:cell[1x1]		no	no	no	no	no	HIGH	PARTIAL	run_id_identity_only;_t_is_datestr_not_GetSecs
<RAW>/Control/SUBC25-Session01-2023NOV08/SUBC25-SESSION01-2023OCT19-Matlab/3-Movie_Data/Results/October-19-2023_11-47-46_AM_Subject_is_sub-c25_selected_run_id_2.mat	.mat	606205c8daab1b77e16996f12200175a0c852ecfd5e0e2b807ed07fde852bcb5	ans:double[1x1]; answer:char[1]; change_eye:double[1x1]; comment:char[1]; outputFile:char[1]; outputFileID:double[1x1]; resultdir:char[1]; run_id:double[1x1]; t:char[1]; x:cell[1x1]; y:cell[1x1]		no	no	no	no	no	HIGH	PARTIAL	run_id_identity_only;_t_is_datestr_not_GetSecs
<RAW>/Control/SUBC25-Session01-2023NOV08/SUBC25-SESSION01-2023OCT19-Matlab/3-Movie_Data/Results/October-19-2023_11-53-05_AM_Subject_is_sub-c25_selected_run_id_3.mat	.mat	45114d91f6c8fdac22922dc3a5940a0f554c79c335b8fb3571ef5ac5704e3995	ans:double[1x1]; answer:char[1]; change_eye:double[1x1]; comment:char[1]; outputFile:char[1]; outputFileID:double[1x1]; resultdir:char[1]; run_id:double[1x1]; t:char[1]; x:cell[1x1]; y:cell[1x1]		no	no	no	no	no	HIGH	PARTIAL	run_id_identity_only;_t_is_datestr_not_GetSecs
<RAW>/Control/SUBC25-Session01-2023NOV08/SUBC25-SESSION01-2023OCT19-Matlab/3-Movie_Data/Results/October-19-2023_11-57-27_AM_Subject_is_sub-c25_selected_run_id_4.mat	.mat	080263fa775a90733001c1902562f485539a48be6e315f505d617415e618afcd	ans:double[1x1]; answer:char[1]; change_eye:double[1x1]; comment:char[1]; outputFile:char[1]; outputFileID:double[1x1]; resultdir:char[1]; run_id:double[1x1]; t:char[1]; x:cell[1x1]; y:cell[1x1]		no	no	no	no	no	HIGH	PARTIAL	run_id_identity_only;_t_is_datestr_not_GetSecs
<RAW>/Control/SUBC25_Session02_2024APR23/SUBC25_Session02_2024APR23_MATLAB/3-Movie_Data/Results/April-23-2024_10-58-38_AM_Subject_is_C25_selected_run_id_1.mat	.mat	6ee3c98a411b96da76b7b095f9c6e8414f963cb8eec3fec42c421ed10b1751dc	ans:double[1x1]; answer:char[1]; change_eye:double[1x1]; comment:char[1]; outputFile:char[1]; outputFileID:double[1x1]; resultdir:char[1]; run_id:double[1x1]; t:char[1]; x:cell[1x1]; y:cell[1x1]		no	no	no	no	no	HIGH	PARTIAL	run_id_identity_only;_t_is_datestr_not_GetSecs
<RAW>/Control/SUBC25_Session02_2024APR23/SUBC25_Session02_2024APR23_MATLAB/3-Movie_Data/Results/April-23-2024_11-03-01_AM_Subject_is_C25_selected_run_id_2.mat	.mat	bd80ce8722889074bbb149f5e26513e28c1afe98e6880ccd6c160e42f3998c8a	ans:double[1x1]; answer:char[1]; change_eye:double[1x1]; comment:char[1]; outputFile:char[1]; outputFileID:double[1x1]; resultdir:char[1]; run_id:double[1x1]; t:char[1]; x:cell[1x1]; y:cell[1x1]		no	no	no	no	no	HIGH	PARTIAL	run_id_identity_only;_t_is_datestr_not_GetSecs
<RAW>/Control/SUBC25_Session02_2024APR23/SUBC25_Session02_2024APR23_MATLAB/3-Movie_Data/Results/April-23-2024_11-07-08_AM_Subject_is_C25_selected_run_id_3.mat	.mat	aebdcdc0ca1686ceafe7105aacaeb08bac63ecfd2e925a78f783159b36c133d8	ans:double[1x1]; answer:char[1]; change_eye:double[1x1]; comment:char[1]; outputFile:char[1]; outputFileID:double[1x1]; resultdir:char[1]; run_id:double[1x1]; t:char[1]; x:cell[1x1]; y:cell[1x1]		no	no	no	no	no	HIGH	PARTIAL	run_id_identity_only;_t_is_datestr_not_GetSecs
<RAW>/Control/SUBC25_Session02_2024APR23/SUBC25_Session02_2024APR23_MATLAB/3-Movie_Data/Results/April-23-2024_11-11-27_AM_Subject_is_C25_selected_run_id_4.mat	.mat	b3b825f6e47163e63eacf85bae10e34df20447706df54d044c19fa130050b41c	ans:double[1x1]; answer:char[1]; change_eye:double[1x1]; comment:char[1]; outputFile:char[1]; outputFileID:double[1x1]; resultdir:char[1]; run_id:double[1x1]; t:char[1]; x:cell[1x1]; y:cell[1x1]		no	no	no	no	no	HIGH	PARTIAL	run_id_identity_only;_t_is_datestr_not_GetSecs
<RAW>/Control/SUBC26-Session1-2023OCT20/SUBC26-Session1-2023OCT20-MATLAB/3-Movie_Data/Results/October-20-2023_ 4-18-54_PM_Subject_is_SUBC26_selected_run_id_1.mat	.mat	a022c87d942653818016e5d748581cef71affa64c2f0192177d223edbd69f95f	ans:double[1x1]; answer:char[1]; change_eye:double[1x1]; comment:char[1]; outputFile:char[1]; outputFileID:double[1x1]; resultdir:char[1]; run_id:double[1x1]; t:char[1]; x:cell[1x1]; y:cell[1x1]		no	no	no	no	no	HIGH	PARTIAL	run_id_identity_only;_t_is_datestr_not_GetSecs
<RAW>/Control/SUBC26-Session1-2023OCT20/SUBC26-Session1-2023OCT20-MATLAB/3-Movie_Data/Results/October-20-2023_ 4-23-20_PM_Subject_is_SUBC26_selected_run_id_2.mat	.mat	a1d21fbbbdbe6da2ebf212490fabae100a226d6e3017fe3033450c6065de3615	ans:double[1x1]; answer:char[1]; change_eye:double[1x1]; comment:char[1]; outputFile:char[1]; outputFileID:double[1x1]; resultdir:char[1]; run_id:double[1x1]; t:char[1]; x:cell[1x1]; y:cell[1x1]		no	no	no	no	no	HIGH	PARTIAL	run_id_identity_only;_t_is_datestr_not_GetSecs
<RAW>/Control/SUBC26-Session1-2023OCT20/SUBC26-Session1-2023OCT20-MATLAB/3-Movie_Data/Results/October-20-2023_ 4-27-31_PM_Subject_is_SUBC26_selected_run_id_3.mat	.mat	7a076c7be25ef158178c32fe6df56198fdb45ac4aa6c136c7b127d760265ec3e	ans:double[1x1]; answer:char[1]; change_eye:double[1x1]; comment:char[1]; outputFile:char[1]; outputFileID:double[1x1]; resultdir:char[1]; run_id:double[1x1]; t:char[1]; x:cell[1x1]; y:cell[1x1]		no	no	no	no	no	HIGH	PARTIAL	run_id_identity_only;_t_is_datestr_not_GetSecs
<RAW>/Control/SUBC26-Session1-2023OCT20/SUBC26-Session1-2023OCT20-MATLAB/3-Movie_Data/Results/October-20-2023_ 4-33-01_PM_Subject_is_SUBC26_selected_run_id_4.mat	.mat	a498f24c0d04fff23a382321ac0a75ce17d416d8bc0a495e1a672a3fe5364825	ans:double[1x1]; answer:char[1]; change_eye:double[1x1]; comment:char[1]; outputFile:char[1]; outputFileID:double[1x1]; resultdir:char[1]; run_id:double[1x1]; t:char[1]; x:cell[1x1]; y:cell[1x1]		no	no	no	no	no	HIGH	PARTIAL	run_id_identity_only;_t_is_datestr_not_GetSecs
<RAW>/Control/SUBC26_Session2_2024APR19/SUBC26-Session2-2024Apr19_MATLAB/3-Movie_Data/Results/April-19-2024_12-43-44_PM_Subject_is_SUBC26-session_selected_run_id_1.mat	.mat	2e726cbf8a4567b99107f6e2d027f4fa1606bdb28737409cd692159d6f06df13	ans:double[1x1]; answer:char[1]; change_eye:double[1x1]; comment:char[1]; outputFile:char[1]; outputFileID:double[1x1]; resultdir:char[1]; run_id:double[1x1]; t:char[1]; x:cell[1x1]; y:cell[1x1]		no	no	no	no	no	HIGH	PARTIAL	run_id_identity_only;_t_is_datestr_not_GetSecs
<RAW>/Control/SUBC26_Session2_2024APR19/SUBC26-Session2-2024Apr19_MATLAB/3-Movie_Data/Results/April-19-2024_12-47-54_PM_Subject_is_SUBC26-session2_selected_run_id_2.mat	.mat	377423532fa5d76addadfdedf349c1a20e757a53752249168499d76312d20d9d	ans:double[1x1]; answer:char[1]; change_eye:double[1x1]; comment:char[1]; outputFile:char[1]; outputFileID:double[1x1]; resultdir:char[1]; run_id:double[1x1]; t:char[1]; x:cell[1x1]; y:cell[1x1]		no	no	no	no	no	HIGH	PARTIAL	run_id_identity_only;_t_is_datestr_not_GetSecs
<RAW>/Control/SUBC26_Session2_2024APR19/SUBC26-Session2-2024Apr19_MATLAB/3-Movie_Data/Results/April-19-2024_12-51-59_PM_Subject_is_SUBC26-session2_selected_run_id_3.mat	.mat	e0df7c2e0bb93d1b7709c8930e43b7c19eff5647a5c012bea3ef2af83e122b0e	ans:double[1x1]; answer:char[1]; change_eye:double[1x1]; comment:char[1]; outputFile:char[1]; outputFileID:double[1x1]; resultdir:char[1]; run_id:double[1x1]; t:char[1]; x:cell[1x1]; y:cell[1x1]		no	no	no	no	no	HIGH	PARTIAL	run_id_identity_only;_t_is_datestr_not_GetSecs
<RAW>/Control/SUBC26_Session2_2024APR19/SUBC26-Session2-2024Apr19_MATLAB/3-Movie_Data/Results/April-19-2024_12-56-34_PM_Subject_is_SUBC26-session2_selected_run_id_4.mat	.mat	397f3f39d4a88918a4ce5d6ee6ea9fe7fa9470e4ef62f255ef81514f1cf631b1	ans:double[1x1]; answer:char[1]; change_eye:double[1x1]; comment:char[1]; outputFile:char[1]; outputFileID:double[1x1]; resultdir:char[1]; run_id:double[1x1]; t:char[1]; x:cell[1x1]; y:cell[1x1]		no	no	no	no	no	HIGH	PARTIAL	run_id_identity_only;_t_is_datestr_not_GetSecs
<RAW>/Control/SUBC27-Session2-2024JUL17/SUBC27-Session2-2024JUL17-MATALB/3-Movie_Data/Results/July-17-2024_ 4-52-49_PM_Subject_is_SUBC27-Session2-2024JUL17_selected_run_id_1.mat	.mat	6eda3cbe021dfcb2662be1bf61fa6a285a875fbdc5a5d7366cf640eb27c1505e	ans:double[1x1]; answer:char[1]; change_eye:double[1x1]; comment:char[1]; outputFile:char[1]; outputFileID:double[1x1]; resultdir:char[1]; run_id:double[1x1]; t:char[1]; x:cell[1x1]; y:cell[1x1]		no	no	no	no	no	HIGH	PARTIAL	run_id_identity_only;_t_is_datestr_not_GetSecs
<RAW>/Control/SUBC27-Session2-2024JUL17/SUBC27-Session2-2024JUL17-MATALB/3-Movie_Data/Results/July-17-2024_ 4-57-06_PM_Subject_is_SUBC27-Session2_selected_run_id_2.mat	.mat	9f6b6a516282ec834e82dd498d5a8ebee73ff6629bdb167ff749b607adb4c4b5	ans:double[1x1]; answer:char[1]; change_eye:double[1x1]; comment:char[1]; outputFile:char[1]; outputFileID:double[1x1]; resultdir:char[1]; run_id:double[1x1]; t:char[1]; x:cell[1x1]; y:cell[1x1]		no	no	no	no	no	HIGH	PARTIAL	run_id_identity_only;_t_is_datestr_not_GetSecs
<RAW>/Control/SUBC27-Session2-2024JUL17/SUBC27-Session2-2024JUL17-MATALB/3-Movie_Data/Results/July-17-2024_ 5-02-21_PM_Subject_is_SUBC27-Session2-2024JUL17_selected_run_id_3.mat	.mat	0ef85bebe08ad405aa39dab8299ef761cec2965efd749dbae1dc6d962c011ab9	ans:double[1x1]; answer:char[1]; change_eye:double[1x1]; comment:char[1]; outputFile:char[1]; outputFileID:double[1x1]; resultdir:char[1]; run_id:double[1x1]; t:char[1]; x:cell[1x1]; y:cell[1x1]		no	no	no	no	no	HIGH	PARTIAL	run_id_identity_only;_t_is_datestr_not_GetSecs
<RAW>/Control/SUBC27-Session2-2024JUL17/SUBC27-Session2-2024JUL17-MATALB/3-Movie_Data/Results/July-17-2024_ 5-06-14_PM_Subject_is_SUBC27-Session2-2024JUL17_selected_run_id_4.mat	.mat	6702bec24114080d153c44ece5e28c1aaed1f976e59c3e46a79bf671b403cf15	ans:double[1x1]; answer:char[1]; change_eye:double[1x1]; comment:char[1]; outputFile:char[1]; outputFileID:double[1x1]; resultdir:char[1]; run_id:double[1x1]; t:char[1]; x:cell[1x1]; y:cell[1x1]		no	no	no	no	no	HIGH	PARTIAL	run_id_identity_only;_t_is_datestr_not_GetSecs
<RAW>/Control/SUBC27_Session01_2023DEC01/SUBC27_Session01_2023DEC01_MATLAB/3-Movie_Data/Results/December-01-2023_10-02-51_AM_Subject_is_C027_selected_run_id_1.mat	.mat	3ae0f55af784aae1db83ef308e2fda2047780100826ac4b81f46558748fce4d9	ans:double[1x1]; answer:char[1]; change_eye:double[1x1]; comment:char[1]; outputFile:char[1]; outputFileID:double[1x1]; resultdir:char[1]; run_id:double[1x1]; t:char[1]; x:cell[1x1]; y:cell[1x1]		no	no	no	no	no	HIGH	PARTIAL	run_id_identity_only;_t_is_datestr_not_GetSecs
<RAW>/Control/SUBC27_Session01_2023DEC01/SUBC27_Session01_2023DEC01_MATLAB/3-Movie_Data/Results/December-01-2023_10-07-23_AM_Subject_is_C027_selected_run_id_2.mat	.mat	cbb953096e1070fafdbb4bced2d96c6ac0edf4fd4545f600d69cb556f2199d19	ans:double[1x1]; answer:char[1]; change_eye:double[1x1]; comment:char[1]; outputFile:char[1]; outputFileID:double[1x1]; resultdir:char[1]; run_id:double[1x1]; t:char[1]; x:cell[1x1]; y:cell[1x1]		no	no	no	no	no	HIGH	PARTIAL	run_id_identity_only;_t_is_datestr_not_GetSecs
<RAW>/Control/SUBC27_Session01_2023DEC01/SUBC27_Session01_2023DEC01_MATLAB/3-Movie_Data/Results/December-01-2023_10-12-20_AM_Subject_is_C027_selected_run_id_3.mat	.mat	d929d5e9ebbbf5b1fd912370209351866832f341da9e54924837e08bdcbb8be1	ans:double[1x1]; answer:char[1]; change_eye:double[1x1]; comment:char[1]; outputFile:char[1]; outputFileID:double[1x1]; resultdir:char[1]; run_id:double[1x1]; t:char[1]; x:cell[1x1]; y:cell[1x1]		no	no	no	no	no	HIGH	PARTIAL	run_id_identity_only;_t_is_datestr_not_GetSecs
<RAW>/Control/SUBC27_Session01_2023DEC01/SUBC27_Session01_2023DEC01_MATLAB/3-Movie_Data/Results/December-01-2023_10-16-40_AM_Subject_is_C027_selected_run_id_4.mat	.mat	81a74eb5880d9857981df292588a611b07d67ffd0dcf5f26ac78df7be6b32073	ans:double[1x1]; answer:char[1]; change_eye:double[1x1]; comment:char[1]; outputFile:char[1]; outputFileID:double[1x1]; resultdir:char[1]; run_id:double[1x1]; t:char[1]; x:cell[1x1]; y:cell[1x1]		no	no	no	no	no	HIGH	PARTIAL	run_id_identity_only;_t_is_datestr_not_GetSecs
<RAW>/Control/SUBC28-Session2-2024JUL13/SUBC28_Session02_2024JULY13_matlab/3-Movie_Data/Results/July-13-2024_10-25-45_AM_Subject_is_SUBC28_Session02_selected_run_id_1.mat	.mat	2bd78b5385e89c4453ca1697cae5bf3e6f9161c658baad5073c3e9884c614725	ans:double[1x1]; answer:char[1]; change_eye:double[1x1]; comment:char[1]; outputFile:char[1]; outputFileID:double[1x1]; resultdir:char[1]; run_id:double[1x1]; t:char[1]; x:cell[1x1]; y:cell[1x1]		no	no	no	no	no	HIGH	PARTIAL	run_id_identity_only;_t_is_datestr_not_GetSecs
<RAW>/Control/SUBC28-Session2-2024JUL13/SUBC28_Session02_2024JULY13_matlab/3-Movie_Data/Results/July-13-2024_10-30-45_AM_Subject_is_SUBC28_Session02_selected_run_id_2.mat	.mat	5e3411084144ed61fe386e1b8fbee5c609ca63aa36b0cc042088f1dd1a414c6d	ans:double[1x1]; answer:char[1]; change_eye:double[1x1]; comment:char[1]; outputFile:char[1]; outputFileID:double[1x1]; resultdir:char[1]; run_id:double[1x1]; t:char[1]; x:cell[1x1]; y:cell[1x1]		no	no	no	no	no	HIGH	PARTIAL	run_id_identity_only;_t_is_datestr_not_GetSecs
<RAW>/Control/SUBC28-Session2-2024JUL13/SUBC28_Session02_2024JULY13_matlab/3-Movie_Data/Results/July-13-2024_10-35-23_AM_Subject_is_SUBC28_Session02_selected_run_id_3.mat	.mat	8a41d21738bb2e8629f83a4f6ac8cb857e65030d823b42ca2250c5e8b44ae4d9	ans:double[1x1]; answer:char[1]; change_eye:double[1x1]; comment:char[1]; outputFile:char[1]; outputFileID:double[1x1]; resultdir:char[1]; run_id:double[1x1]; t:char[1]; x:cell[1x1]; y:cell[1x1]		no	no	no	no	no	HIGH	PARTIAL	run_id_identity_only;_t_is_datestr_not_GetSecs
<RAW>/Control/SUBC28-Session2-2024JUL13/SUBC28_Session02_2024JULY13_matlab/3-Movie_Data/Results/July-13-2024_10-39-29_AM_Subject_is_SUBC28_Session02_selected_run_id_4.mat	.mat	bbc168667d94c12f9de4bba5372c780cd8d3c10e80b0c80dc4b56ad9b1761707	ans:double[1x1]; answer:char[1]; change_eye:double[1x1]; comment:char[1]; outputFile:char[1]; outputFileID:double[1x1]; resultdir:char[1]; run_id:double[1x1]; t:char[1]; x:cell[1x1]; y:cell[1x1]		no	no	no	no	no	HIGH	PARTIAL	run_id_identity_only;_t_is_datestr_not_GetSecs
<RAW>/Control/SUBC29-Session2-2024JUL14/SUBC29_Session02_2024JULY14_Matlab/3-Movie_Data/Results/July-14-2024_12-15-45_PM_Subject_is_SUBC29_Session02_selected_run_id_1.mat	.mat	812d7855bd6d8c686ca7f8ebd1e5cca3d62687eec7380c313a855cc65a109f2b	ans:double[1x1]; answer:char[1]; change_eye:double[1x1]; comment:char[1]; outputFile:char[1]; outputFileID:double[1x1]; resultdir:char[1]; run_id:double[1x1]; t:char[1]; x:cell[1x1]; y:cell[1x1]		no	no	no	no	no	HIGH	PARTIAL	run_id_identity_only;_t_is_datestr_not_GetSecs
<RAW>/Control/SUBC29-Session2-2024JUL14/SUBC29_Session02_2024JULY14_Matlab/3-Movie_Data/Results/July-14-2024_12-20-14_PM_Subject_is_SUBC29_Session02_selected_run_id_2.mat	.mat	58ece1a4403a3d2e782ab1fcf8a16be586751e41c36e6de04c6ddd1cc975d719	ans:double[1x1]; answer:char[1]; change_eye:double[1x1]; comment:char[1]; outputFile:char[1]; outputFileID:double[1x1]; resultdir:char[1]; run_id:double[1x1]; t:char[1]; x:cell[1x1]; y:cell[1x1]		no	no	no	no	no	HIGH	PARTIAL	run_id_identity_only;_t_is_datestr_not_GetSecs
<RAW>/Control/SUBC29-Session2-2024JUL14/SUBC29_Session02_2024JULY14_Matlab/3-Movie_Data/Results/July-14-2024_12-24-31_PM_Subject_is_SUBC29_Session02_selected_run_id_3.mat	.mat	f4a4c553c6c8535ea8b59b7a90caa8eba92ce12f4ed8ef33a6167af630e0f4c5	ans:double[1x1]; answer:char[1]; change_eye:double[1x1]; comment:char[1]; outputFile:char[1]; outputFileID:double[1x1]; resultdir:char[1]; run_id:double[1x1]; t:char[1]; x:cell[1x1]; y:cell[1x1]		no	no	no	no	no	HIGH	PARTIAL	run_id_identity_only;_t_is_datestr_not_GetSecs
<RAW>/Control/SUBC29-Session2-2024JUL14/SUBC29_Session02_2024JULY14_Matlab/3-Movie_Data/Results/July-14-2024_12-28-55_PM_Subject_is_SUBC29_Session02_selected_run_id_4.mat	.mat	9d69f3e2dcaeac6d885b0cd11b1daba3836bd1073cff3949291ab849f2258ad7	ans:double[1x1]; answer:char[1]; change_eye:double[1x1]; comment:char[1]; outputFile:char[1]; outputFileID:double[1x1]; resultdir:char[1]; run_id:double[1x1]; t:char[1]; x:cell[1x1]; y:cell[1x1]		no	no	no	no	no	HIGH	PARTIAL	run_id_identity_only;_t_is_datestr_not_GetSecs
<RAW>/Control/SUBC30-SESSION2-2024JUL20/SUBC30-Session02-2024JUL20-MATLAB/3-Movie_Data/Results/July-20-2024_ 1-51-00_PM_Subject_is_C30-sess2_selected_run_id_1.mat	.mat	989ad154bffb5f31b8de647cd8e093698001cb56d4297638da4b1bfefa26ae3e	ans:double[1x1]; answer:char[1]; change_eye:double[1x1]; comment:char[1]; outputFile:char[1]; outputFileID:double[1x1]; resultdir:char[1]; run_id:double[1x1]; t:char[1]; x:cell[1x1]; y:cell[1x1]		no	no	no	no	no	HIGH	PARTIAL	run_id_identity_only;_t_is_datestr_not_GetSecs
<RAW>/Control/SUBC30-SESSION2-2024JUL20/SUBC30-Session02-2024JUL20-MATLAB/3-Movie_Data/Results/July-20-2024_ 1-56-15_PM_Subject_is_C30-sess2_selected_run_id_2.mat	.mat	08f2f92052c960a5494f890d6e502a67a30b775c6965e250b7f7255268cac2d5	ans:double[1x1]; answer:char[1]; change_eye:double[1x1]; comment:char[1]; outputFile:char[1]; outputFileID:double[1x1]; resultdir:char[1]; run_id:double[1x1]; t:char[1]; x:cell[1x1]; y:cell[1x1]		no	no	no	no	no	HIGH	PARTIAL	run_id_identity_only;_t_is_datestr_not_GetSecs
<RAW>/Control/SUBC30-SESSION2-2024JUL20/SUBC30-Session02-2024JUL20-MATLAB/3-Movie_Data/Results/July-20-2024_ 2-00-09_PM_Subject_is_C30-sess2_selected_run_id_3.mat	.mat	50b0fabcc8041f6cf759b5d5d88d3b564298508df8e3d11e0aeff9dce06f4b3c	ans:double[1x1]; answer:char[1]; change_eye:double[1x1]; comment:char[1]; outputFile:char[1]; outputFileID:double[1x1]; resultdir:char[1]; run_id:double[1x1]; t:char[1]; x:cell[1x1]; y:cell[1x1]		no	no	no	no	no	HIGH	PARTIAL	run_id_identity_only;_t_is_datestr_not_GetSecs
<RAW>/Control/SUBC30-SESSION2-2024JUL20/SUBC30-Session02-2024JUL20-MATLAB/3-Movie_Data/Results/July-20-2024_ 2-04-08_PM_Subject_is_C30-sess2_selected_run_id_4.mat	.mat	77a250c3ff719c8ea6a945a5148244e97f545803217c5be15bcf7b968049bffa	ans:double[1x1]; answer:char[1]; change_eye:double[1x1]; comment:char[1]; outputFile:char[1]; outputFileID:double[1x1]; resultdir:char[1]; run_id:double[1x1]; t:char[1]; x:cell[1x1]; y:cell[1x1]		no	no	no	no	no	HIGH	PARTIAL	run_id_identity_only;_t_is_datestr_not_GetSecs
<RAW>/Control/SUBC30_Session01_2024JAN19/SUBC30_Session01_2024JAN19_MATLAB/3-Movie_Data/Results/January-19-2024_ 2-03-32_PM_Subject_is_subc30_selected_run_id_1.mat	.mat	e4a8a6eb3b2dc49520ce0024d983318ebf72f7a22ebc8d6dda024888f9bd9560	ans:double[1x1]; answer:char[1]; change_eye:double[1x1]; comment:char[1]; outputFile:char[1]; outputFileID:double[1x1]; resultdir:char[1]; run_id:double[1x1]; t:char[1]; x:cell[1x1]; y:cell[1x1]		no	no	no	no	no	HIGH	PARTIAL	run_id_identity_only;_t_is_datestr_not_GetSecs
<RAW>/Control/SUBC30_Session01_2024JAN19/SUBC30_Session01_2024JAN19_MATLAB/3-Movie_Data/Results/January-19-2024_ 2-08-50_PM_Subject_is_subc30_selected_run_id_2.mat	.mat	613e9b25571fed113c2808cf1200f70a61d8736e288f11e1e8fd80edb977a318	ans:double[1x1]; answer:char[1]; change_eye:double[1x1]; comment:char[1]; outputFile:char[1]; outputFileID:double[1x1]; resultdir:char[1]; run_id:double[1x1]; t:char[1]; x:cell[1x1]; y:cell[1x1]		no	no	no	no	no	HIGH	PARTIAL	run_id_identity_only;_t_is_datestr_not_GetSecs
<RAW>/Control/SUBC30_Session01_2024JAN19/SUBC30_Session01_2024JAN19_MATLAB/3-Movie_Data/Results/January-19-2024_ 2-13-44_PM_Subject_is_subc30_selected_run_id_3.mat	.mat	ca85f02773bdf1c95059f1ff51dccc55d7a8ff45db59526e4a002de00d5b97b9	ans:double[1x1]; answer:char[1]; change_eye:double[1x1]; comment:char[1]; outputFile:char[1]; outputFileID:double[1x1]; resultdir:char[1]; run_id:double[1x1]; t:char[1]; x:cell[1x1]; y:cell[1x1]		no	no	no	no	no	HIGH	PARTIAL	run_id_identity_only;_t_is_datestr_not_GetSecs
<RAW>/Control/SUBC30_Session01_2024JAN19/SUBC30_Session01_2024JAN19_MATLAB/3-Movie_Data/Results/January-19-2024_ 2-18-36_PM_Subject_is_subc30_selected_run_id_4.mat	.mat	edc133e62a8ff86cb1ff47455c9498a93602c62847fd3be564b5272d96c754b8	ans:double[1x1]; answer:char[1]; change_eye:double[1x1]; comment:char[1]; outputFile:char[1]; outputFileID:double[1x1]; resultdir:char[1]; run_id:double[1x1]; t:char[1]; x:cell[1x1]; y:cell[1x1]		no	no	no	no	no	HIGH	PARTIAL	run_id_identity_only;_t_is_datestr_not_GetSecs
<RAW>/Control/SUBC31_Session01_2024FEB01/SUBC031_Session01_2024FEB01_MATLAB/3-Movie_Data/Results/February-01-2024_ 5-17-33_PM_Subject_is_SUBC31_selected_run_id_1.mat	.mat	4d3884d589f7f1ad00f571a0eb9be9886341f490f3d7a07e778335a6c0b5528f	ans:double[1x1]; answer:char[1]; change_eye:double[1x1]; comment:char[1]; outputFile:char[1]; outputFileID:double[1x1]; resultdir:char[1]; run_id:double[1x1]; t:char[1]; x:cell[1x1]; y:cell[1x1]		no	no	no	no	no	HIGH	PARTIAL	run_id_identity_only;_t_is_datestr_not_GetSecs
<RAW>/Control/SUBC31_Session01_2024FEB01/SUBC031_Session01_2024FEB01_MATLAB/3-Movie_Data/Results/February-01-2024_ 5-22-59_PM_Subject_is_SUBC31_selected_run_id_2.mat	.mat	eb400387fc33e0a8508cc822a5eff84db2e258cf2482c98bc7b5d92780a0c45d	ans:double[1x1]; answer:char[1]; change_eye:double[1x1]; comment:char[1]; outputFile:char[1]; outputFileID:double[1x1]; resultdir:char[1]; run_id:double[1x1]; t:char[1]; x:cell[1x1]; y:cell[1x1]		no	no	no	no	no	HIGH	PARTIAL	run_id_identity_only;_t_is_datestr_not_GetSecs
<RAW>/Control/SUBC31_Session01_2024FEB01/SUBC031_Session01_2024FEB01_MATLAB/3-Movie_Data/Results/February-01-2024_ 5-26-57_PM_Subject_is_SUBC31_selected_run_id_3.mat	.mat	d87ba1f10c1d384bd788fcf8db5b3557efbbb286755bbe15b1372a9797871121	ans:double[1x1]; answer:char[1]; change_eye:double[1x1]; comment:char[1]; outputFile:char[1]; outputFileID:double[1x1]; resultdir:char[1]; run_id:double[1x1]; t:char[1]; x:cell[1x1]; y:cell[1x1]		no	no	no	no	no	HIGH	PARTIAL	run_id_identity_only;_t_is_datestr_not_GetSecs
<RAW>/Control/SUBC31_Session01_2024FEB01/SUBC031_Session01_2024FEB01_MATLAB/3-Movie_Data/Results/February-01-2024_ 5-32-29_PM_Subject_is_SUBC31_selected_run_id_4.mat	.mat	b9430f8199caaa5015d9cf6e1853bbc293d958e16f89c95286f25cdb4bec430e	ans:double[1x1]; answer:char[1]; change_eye:double[1x1]; comment:char[1]; outputFile:char[1]; outputFileID:double[1x1]; resultdir:char[1]; run_id:double[1x1]; t:char[1]; x:cell[1x1]; y:cell[1x1]		no	no	no	no	no	HIGH	PARTIAL	run_id_identity_only;_t_is_datestr_not_GetSecs
<RAW>/Control/SUBC32_Session01_2024FEB03/SUBC32_Session01_2024FEB03_MATLAB/3-Movie_Data/Results/February-03-2024_11-34-10_AM_Subject_is_SUBC32_selected_run_id_1.mat	.mat	986fd90f0f0b7b967deb11bcf8c9ef7f19af74b0927a0861f78e21d4c50cfc64	ans:double[1x1]; answer:char[1]; change_eye:double[1x1]; comment:char[1]; outputFile:char[1]; outputFileID:double[1x1]; resultdir:char[1]; run_id:double[1x1]; t:char[1]; x:cell[1x1]; y:cell[1x1]		no	no	no	no	no	HIGH	PARTIAL	run_id_identity_only;_t_is_datestr_not_GetSecs
<RAW>/Control/SUBC32_Session01_2024FEB03/SUBC32_Session01_2024FEB03_MATLAB/3-Movie_Data/Results/February-03-2024_11-39-00_AM_Subject_is_SUBC32_selected_run_id_2.mat	.mat	1ddcdb4913ae3196679bc36aafa037be7c75216914f31bb59405e2f92c8f68d6	ans:double[1x1]; answer:char[1]; change_eye:double[1x1]; comment:char[1]; outputFile:char[1]; outputFileID:double[1x1]; resultdir:char[1]; run_id:double[1x1]; t:char[1]; x:cell[1x1]; y:cell[1x1]		no	no	no	no	no	HIGH	PARTIAL	run_id_identity_only;_t_is_datestr_not_GetSecs
<RAW>/Control/SUBC32_Session01_2024FEB03/SUBC32_Session01_2024FEB03_MATLAB/3-Movie_Data/Results/February-03-2024_11-43-46_AM_Subject_is_SUBC32_selected_run_id_3.mat	.mat	6b03bcfdbadd3b8fddff34e7671214efeee8e672fa0ff292eb805a53c5bcc18a	ans:double[1x1]; answer:char[1]; change_eye:double[1x1]; comment:char[1]; outputFile:char[1]; outputFileID:double[1x1]; resultdir:char[1]; run_id:double[1x1]; t:char[1]; x:cell[1x1]; y:cell[1x1]		no	no	no	no	no	HIGH	PARTIAL	run_id_identity_only;_t_is_datestr_not_GetSecs
<RAW>/Control/SUBC32_Session01_2024FEB03/SUBC32_Session01_2024FEB03_MATLAB/3-Movie_Data/Results/February-03-2024_11-48-29_AM_Subject_is_SUBC32_selected_run_id_4.mat	.mat	e424ce288870d4ca4b6b375791819939a8937530903ee4a1957f7c64c988fccf	ans:double[1x1]; answer:char[1]; change_eye:double[1x1]; comment:char[1]; outputFile:char[1]; outputFileID:double[1x1]; resultdir:char[1]; run_id:double[1x1]; t:char[1]; x:cell[1x1]; y:cell[1x1]		no	no	no	no	no	HIGH	PARTIAL	run_id_identity_only;_t_is_datestr_not_GetSecs
<RAW>/Control/SUBC32_Session2_2024AUG03/3-Movie_Data/Results/August-03-2024_10-25-45_AM_Subject_is_SUBC032_Session2_selected_run_id_1.mat	.mat	6ba9ca642a0d87e6c22b7ae361439f3be84d2569766e10940fb83eef85035705	ans:double[1x1]; answer:char[1]; change_eye:double[1x1]; comment:char[1]; outputFile:char[1]; outputFileID:double[1x1]; resultdir:char[1]; run_id:double[1x1]; t:char[1]; x:cell[1x1]; y:cell[1x1]		no	no	no	no	no	HIGH	PARTIAL	run_id_identity_only;_t_is_datestr_not_GetSecs
<RAW>/Control/SUBC32_Session2_2024AUG03/3-Movie_Data/Results/August-03-2024_10-29-51_AM_Subject_is_SUBC032_Session2_selected_run_id_2.mat	.mat	79185bc934b745a08f6324bdfca3ed64c7464c70cc9c771d6f9ac0435cc14078	ans:double[1x1]; answer:char[1]; change_eye:double[1x1]; comment:char[1]; outputFile:char[1]; outputFileID:double[1x1]; resultdir:char[1]; run_id:double[1x1]; t:char[1]; x:cell[1x1]; y:cell[1x1]		no	no	no	no	no	HIGH	PARTIAL	run_id_identity_only;_t_is_datestr_not_GetSecs
<RAW>/Control/SUBC32_Session2_2024AUG03/3-Movie_Data/Results/August-03-2024_10-33-49_AM_Subject_is_SUBC032_Session2_selected_run_id_3.mat	.mat	bef9dd161cd4b83c197281d56d70fc9d77d8083d0a1820a8700708d5619a7438	ans:double[1x1]; answer:char[1]; change_eye:double[1x1]; comment:char[1]; outputFile:char[1]; outputFileID:double[1x1]; resultdir:char[1]; run_id:double[1x1]; t:char[1]; x:cell[1x1]; y:cell[1x1]		no	no	no	no	no	HIGH	PARTIAL	run_id_identity_only;_t_is_datestr_not_GetSecs
<RAW>/Control/SUBC32_Session2_2024AUG03/3-Movie_Data/Results/August-03-2024_10-37-45_AM_Subject_is_SUBC032_Session2_selected_run_id_4.mat	.mat	b9d224ac21dbbbff0cad94cd5a654a6c29929348410e40f883d7c4a622e6f03e	ans:double[1x1]; answer:char[1]; change_eye:double[1x1]; comment:char[1]; outputFile:char[1]; outputFileID:double[1x1]; resultdir:char[1]; run_id:double[1x1]; t:char[1]; x:cell[1x1]; y:cell[1x1]		no	no	no	no	no	HIGH	PARTIAL	run_id_identity_only;_t_is_datestr_not_GetSecs
<RAW>/Control/SUBC33_Session01_2024FEB09/SUBC33_Session01_2024FEB09_MATLAB/3-Movie_Data/Results/February-09-2024_ 2-53-50_PM_Subject_is_SUBC33_selected_run_id_1.mat	.mat	45cc5f01f097b298f520d43b5c6b537c1edd1683360cfd30d4a221238627c9fd	ans:double[1x1]; answer:char[1]; change_eye:double[1x1]; comment:char[1]; outputFile:char[1]; outputFileID:double[1x1]; resultdir:char[1]; run_id:double[1x1]; t:char[1]; x:cell[1x1]; y:cell[1x1]		no	no	no	no	no	HIGH	PARTIAL	run_id_identity_only;_t_is_datestr_not_GetSecs
<RAW>/Control/SUBC33_Session01_2024FEB09/SUBC33_Session01_2024FEB09_MATLAB/3-Movie_Data/Results/February-09-2024_ 2-59-57_PM_Subject_is_SUBC33_selected_run_id_2.mat	.mat	3cdb9d203ac15cc668383d47a7dd33d3aa6be8a39cdfcabda17d82564d7d7cf0	ans:double[1x1]; answer:char[1]; change_eye:double[1x1]; comment:char[1]; outputFile:char[1]; outputFileID:double[1x1]; resultdir:char[1]; run_id:double[1x1]; t:char[1]; x:cell[1x1]; y:cell[1x1]		no	no	no	no	no	HIGH	PARTIAL	run_id_identity_only;_t_is_datestr_not_GetSecs
<RAW>/Control/SUBC33_Session01_2024FEB09/SUBC33_Session01_2024FEB09_MATLAB/3-Movie_Data/Results/February-09-2024_ 3-03-55_PM_Subject_is_SUBC33_selected_run_id_3.mat	.mat	db87091db9d4c355687f1dd14da9f6ecd5a8d80a07077f3573c9b73d2f9d3723	ans:double[1x1]; answer:char[1]; change_eye:double[1x1]; comment:char[1]; outputFile:char[1]; outputFileID:double[1x1]; resultdir:char[1]; run_id:double[1x1]; t:char[1]; x:cell[1x1]; y:cell[1x1]		no	no	no	no	no	HIGH	PARTIAL	run_id_identity_only;_t_is_datestr_not_GetSecs
<RAW>/Control/SUBC33_Session01_2024FEB09/SUBC33_Session01_2024FEB09_MATLAB/3-Movie_Data/Results/February-09-2024_ 3-08-30_PM_Subject_is_SUBC33_selected_run_id_4.mat	.mat	8cf735aa250f42d14772aea58899da207999bd3e81d8ba8932ea2b90e33819dd	ans:double[1x1]; answer:char[1]; change_eye:double[1x1]; comment:char[1]; outputFile:char[1]; outputFileID:double[1x1]; resultdir:char[1]; run_id:double[1x1]; t:char[1]; x:cell[1x1]; y:cell[1x1]		no	no	no	no	no	HIGH	PARTIAL	run_id_identity_only;_t_is_datestr_not_GetSecs
<RAW>/Control/SUBC33_Session02_2024AUG15/SUBC033_Session02_2024AUG15_MATLAB/3-Movie_Data/Results/August-15-2024_ 2-08-02_PM_Subject_is_SUBC033_Session02_selected_run_id_1.mat	.mat	d2ce1461b7bb40b729d43cf75de0076a33ade32cf02ef502e86f49e73c52b5b1	ans:double[1x1]; answer:char[1]; change_eye:double[1x1]; comment:char[1]; outputFile:char[1]; outputFileID:double[1x1]; resultdir:char[1]; run_id:double[1x1]; t:char[1]; x:cell[1x1]; y:cell[1x1]		no	no	no	no	no	HIGH	PARTIAL	run_id_identity_only;_t_is_datestr_not_GetSecs
<RAW>/Control/SUBC33_Session02_2024AUG15/SUBC033_Session02_2024AUG15_MATLAB/3-Movie_Data/Results/August-15-2024_ 2-12-15_PM_Subject_is_SUBC033_Session02_selected_run_id_2.mat	.mat	b6dab4fd3e0d536f63ed5a98592fd909e3d23711eeade68b74e6390cb89002c7	ans:double[1x1]; answer:char[1]; change_eye:double[1x1]; comment:char[1]; outputFile:char[1]; outputFileID:double[1x1]; resultdir:char[1]; run_id:double[1x1]; t:char[1]; x:cell[1x1]; y:cell[1x1]		no	no	no	no	no	HIGH	PARTIAL	run_id_identity_only;_t_is_datestr_not_GetSecs
<RAW>/Control/SUBC33_Session02_2024AUG15/SUBC033_Session02_2024AUG15_MATLAB/3-Movie_Data/Results/August-15-2024_ 2-16-20_PM_Subject_is_SUBC033_Session02_selected_run_id_3.mat	.mat	95ab4d579148bec24871f0bd1e5f2088ee57cf9ac3481f632833dba89ac0b8b0	ans:double[1x1]; answer:char[1]; change_eye:double[1x1]; comment:char[1]; outputFile:char[1]; outputFileID:double[1x1]; resultdir:char[1]; run_id:double[1x1]; t:char[1]; x:cell[1x1]; y:cell[1x1]		no	no	no	no	no	HIGH	PARTIAL	run_id_identity_only;_t_is_datestr_not_GetSecs
<RAW>/Control/SUBC33_Session02_2024AUG15/SUBC033_Session02_2024AUG15_MATLAB/3-Movie_Data/Results/August-15-2024_ 2-20-21_PM_Subject_is_SUBC033_Session02_selected_run_id_4.mat	.mat	f2e6890b91865c79f53e78cdcf96003ed7bebe32e72251652ed96243d50bde8d	ans:double[1x1]; answer:char[1]; change_eye:double[1x1]; comment:char[1]; outputFile:char[1]; outputFileID:double[1x1]; resultdir:char[1]; run_id:double[1x1]; t:char[1]; x:cell[1x1]; y:cell[1x1]		no	no	no	no	no	HIGH	PARTIAL	run_id_identity_only;_t_is_datestr_not_GetSecs
<RAW>/Control/SUBC34_Session1_2024FEB12/SUBC34_Session1_2024FEB12_MATLAB/3-Movie_Data/Results/February-12-2024_ 1-52-47_PM_Subject_is_SUBC34-2024FEB12_selected_run_id_1.mat	.mat	e5b43f187011170dca1c1110975ebe7ea6fd2432ba4684683137e1d8e5f634b2	ans:double[1x1]; answer:char[1]; change_eye:double[1x1]; comment:char[1]; outputFile:char[1]; outputFileID:double[1x1]; resultdir:char[1]; run_id:double[1x1]; t:char[1]; x:cell[1x1]; y:cell[1x1]		no	no	no	no	no	HIGH	PARTIAL	run_id_identity_only;_t_is_datestr_not_GetSecs
<RAW>/Control/SUBC34_Session1_2024FEB12/SUBC34_Session1_2024FEB12_MATLAB/3-Movie_Data/Results/February-12-2024_ 1-56-58_PM_Subject_is_SUBC34-2024FEB12_selected_run_id_2.mat	.mat	5bf7f5319234c915f8ed2df929575bd94c826e2a1d1a6b870762b23111b7495d	ans:double[1x1]; answer:char[1]; change_eye:double[1x1]; comment:char[1]; outputFile:char[1]; outputFileID:double[1x1]; resultdir:char[1]; run_id:double[1x1]; t:char[1]; x:cell[1x1]; y:cell[1x1]		no	no	no	no	no	HIGH	PARTIAL	run_id_identity_only;_t_is_datestr_not_GetSecs
<RAW>/Control/SUBC34_Session1_2024FEB12/SUBC34_Session1_2024FEB12_MATLAB/3-Movie_Data/Results/February-12-2024_ 2-01-07_PM_Subject_is_SUBC34-2024FEB12_selected_run_id_3.mat	.mat	f7e03e2bc97d10997c12a9b3bda1cc8d480b35057ee18454524b4fbc9cee5baa	ans:double[1x1]; answer:char[1]; change_eye:double[1x1]; comment:char[1]; outputFile:char[1]; outputFileID:double[1x1]; resultdir:char[1]; run_id:double[1x1]; t:char[1]; x:cell[1x1]; y:cell[1x1]		no	no	no	no	no	HIGH	PARTIAL	run_id_identity_only;_t_is_datestr_not_GetSecs
<RAW>/Control/SUBC34_Session1_2024FEB12/SUBC34_Session1_2024FEB12_MATLAB/3-Movie_Data/Results/February-12-2024_ 2-05-52_PM_Subject_is_SUBC34-2024FEB12_selected_run_id_4.mat	.mat	c710c065f0d2e201859973fcfd980c0c3507b896ae8b546cee63efbc5304e911	ans:double[1x1]; answer:char[1]; change_eye:double[1x1]; comment:char[1]; outputFile:char[1]; outputFileID:double[1x1]; resultdir:char[1]; run_id:double[1x1]; t:char[1]; x:cell[1x1]; y:cell[1x1]		no	no	no	no	no	HIGH	PARTIAL	run_id_identity_only;_t_is_datestr_not_GetSecs
<RAW>/Control/SUBC35_SESSION01_2024FEB20/SUBC35_Session1_2024FEB20_MATLAB/3-Movie_Data/Results/February-20-2024_ 6-18-27_PM_Subject_is_SUBC35_selected_run_id_1.mat	.mat	e3d59c7069a75fd6b5dd58ea4e80a3716f196b237878e011c0a5176ff2a1d789	ans:double[1x1]; answer:char[1]; change_eye:double[1x1]; comment:char[1]; outputFile:char[1]; outputFileID:double[1x1]; resultdir:char[1]; run_id:double[1x1]; t:char[1]; x:cell[1x1]; y:cell[1x1]		no	no	no	no	no	HIGH	PARTIAL	run_id_identity_only;_t_is_datestr_not_GetSecs
<RAW>/Control/SUBC35_SESSION01_2024FEB20/SUBC35_Session1_2024FEB20_MATLAB/3-Movie_Data/Results/February-20-2024_ 6-23-02_PM_Subject_is_SUBC35_selected_run_id_2.mat	.mat	e28905f0aa52bb4339a4d964087d45069679a9bfc51f83149005f795e3670224	ans:double[1x1]; answer:char[1]; change_eye:double[1x1]; comment:char[1]; outputFile:char[1]; outputFileID:double[1x1]; resultdir:char[1]; run_id:double[1x1]; t:char[1]; x:cell[1x1]; y:cell[1x1]		no	no	no	no	no	HIGH	PARTIAL	run_id_identity_only;_t_is_datestr_not_GetSecs
<RAW>/Control/SUBC35_SESSION01_2024FEB20/SUBC35_Session1_2024FEB20_MATLAB/3-Movie_Data/Results/February-20-2024_ 6-27-06_PM_Subject_is_SUBC35_selected_run_id_3.mat	.mat	0aa3131b7ebc97e15c21771999a7d0b57aca0423a09b2278b4dae3e098fe039b	ans:double[1x1]; answer:char[1]; change_eye:double[1x1]; comment:char[1]; outputFile:char[1]; outputFileID:double[1x1]; resultdir:char[1]; run_id:double[1x1]; t:char[1]; x:cell[1x1]; y:cell[1x1]		no	no	no	no	no	HIGH	PARTIAL	run_id_identity_only;_t_is_datestr_not_GetSecs
<RAW>/Control/SUBC35_SESSION01_2024FEB20/SUBC35_Session1_2024FEB20_MATLAB/3-Movie_Data/Results/February-20-2024_ 6-32-07_PM_Subject_is_SUBC35_selected_run_id_4.mat	.mat	2ae506a163d8ac636c0db451d680ed47b9aa8f437365a2b647d96ebdf49cb492	ans:double[1x1]; answer:char[1]; change_eye:double[1x1]; comment:char[1]; outputFile:char[1]; outputFileID:double[1x1]; resultdir:char[1]; run_id:double[1x1]; t:char[1]; x:cell[1x1]; y:cell[1x1]		no	no	no	no	no	HIGH	PARTIAL	run_id_identity_only;_t_is_datestr_not_GetSecs
<RAW>/Control/SUBC36_SESSION01_27_FEB2024/SUBC36_Session01_2024FEB27_MATLAB/3-Movie_Data/Results/February-27-2024_ 3-30-50_PM_Subject_is_SUBC36_selected_run_id_1.mat	.mat	9f9e31ad693d8e1dbae20bd63897b6e5af8d3af9ca4224c1f5f0b3a0ca86b663	ans:double[1x1]; answer:char[1]; change_eye:double[1x1]; comment:char[1]; outputFile:char[1]; outputFileID:double[1x1]; resultdir:char[1]; run_id:double[1x1]; t:char[1]; x:cell[1x1]; y:cell[1x1]		no	no	no	no	no	HIGH	PARTIAL	run_id_identity_only;_t_is_datestr_not_GetSecs
<RAW>/Control/SUBC36_SESSION01_27_FEB2024/SUBC36_Session01_2024FEB27_MATLAB/3-Movie_Data/Results/February-27-2024_ 3-35-07_PM_Subject_is_SUBC36_selected_run_id_2.mat	.mat	9cb65c21e7732aec0b59228799603fb0a7f019a45f9f5a7541923a05e72a38f4	ans:double[1x1]; answer:char[1]; change_eye:double[1x1]; comment:char[1]; outputFile:char[1]; outputFileID:double[1x1]; resultdir:char[1]; run_id:double[1x1]; t:char[1]; x:cell[1x1]; y:cell[1x1]		no	no	no	no	no	HIGH	PARTIAL	run_id_identity_only;_t_is_datestr_not_GetSecs
<RAW>/Control/SUBC36_SESSION01_27_FEB2024/SUBC36_Session01_2024FEB27_MATLAB/3-Movie_Data/Results/February-27-2024_ 3-39-24_PM_Subject_is_SUBC36_selected_run_id_3.mat	.mat	16e85fe6d046c17741aa4b4eb4a97931a58f054cc24e2808189796dd287ec50a	ans:double[1x1]; answer:char[1]; change_eye:double[1x1]; comment:char[1]; outputFile:char[1]; outputFileID:double[1x1]; resultdir:char[1]; run_id:double[1x1]; t:char[1]; x:cell[1x1]; y:cell[1x1]		no	no	no	no	no	HIGH	PARTIAL	run_id_identity_only;_t_is_datestr_not_GetSecs
<RAW>/Control/SUBC36_SESSION01_27_FEB2024/SUBC36_Session01_2024FEB27_MATLAB/3-Movie_Data/Results/February-27-2024_ 3-43-51_PM_Subject_is_SUBC36_selected_run_id_4.mat	.mat	e469e8dca5de51ce8c3ef8def95c16c8feecd7d3dadc3a0311b63deac04509c5	ans:double[1x1]; answer:char[1]; change_eye:double[1x1]; comment:char[1]; outputFile:char[1]; outputFileID:double[1x1]; resultdir:char[1]; run_id:double[1x1]; t:char[1]; x:cell[1x1]; y:cell[1x1]		no	no	no	no	no	HIGH	PARTIAL	run_id_identity_only;_t_is_datestr_not_GetSecs
<RAW>/Control/SUBC36_Session02_2024AUG24/SUBC036_Session02_2024AUG24-MATLAB/3-Movie_Data/Results/August-24-2024_ 9-47-11_AM_Subject_is_SUBC36-Session2-2024AUG24_selected_run_id_1.mat	.mat	283ee5574055c522eef2d6eef0f76d6c01e5c185227e63840cad96bffe3f1c24	ans:double[1x1]; answer:char[1]; change_eye:double[1x1]; comment:char[1]; outputFile:char[1]; outputFileID:double[1x1]; resultdir:char[1]; run_id:double[1x1]; t:char[1]; x:cell[1x1]; y:cell[1x1]		no	no	no	no	no	HIGH	PARTIAL	run_id_identity_only;_t_is_datestr_not_GetSecs
<RAW>/Control/SUBC36_Session02_2024AUG24/SUBC036_Session02_2024AUG24-MATLAB/3-Movie_Data/Results/August-24-2024_ 9-51-50_AM_Subject_is_SUBC36-Session2-2024AUG24_selected_run_id_2.mat	.mat	5519ee0cb9dd9a1afecf3695e4e4da1cb166003b7a15f40d235f9917690e5e19	ans:double[1x1]; answer:char[1]; change_eye:double[1x1]; comment:char[1]; outputFile:char[1]; outputFileID:double[1x1]; resultdir:char[1]; run_id:double[1x1]; t:char[1]; x:cell[1x1]; y:cell[1x1]		no	no	no	no	no	HIGH	PARTIAL	run_id_identity_only;_t_is_datestr_not_GetSecs
<RAW>/Control/SUBC36_Session02_2024AUG24/SUBC036_Session02_2024AUG24-MATLAB/3-Movie_Data/Results/August-24-2024_ 9-56-15_AM_Subject_is_SUBC36-Session2-2024AUG24_selected_run_id_3.mat	.mat	1e072743d4b759ba15f90ddf80119b0cdf72eee0b3dafb4550b4c9b54513cc02	ans:double[1x1]; answer:char[1]; change_eye:double[1x1]; comment:char[1]; outputFile:char[1]; outputFileID:double[1x1]; resultdir:char[1]; run_id:double[1x1]; t:char[1]; x:cell[1x1]; y:cell[1x1]		no	no	no	no	no	HIGH	PARTIAL	run_id_identity_only;_t_is_datestr_not_GetSecs
<RAW>/Control/SUBC36_Session02_2024AUG24/SUBC036_Session02_2024AUG24-MATLAB/3-Movie_Data/Results/August-24-2024_10-01-00_AM_Subject_is_SUBC36-Session2-2024AUG24_selected_run_id_4.mat	.mat	9d9bb7e9c2c5f8a74a36bfa08df634be2ec7d166cacfe2dbaf17d898970ad5a8	ans:double[1x1]; answer:char[1]; change_eye:double[1x1]; comment:char[1]; outputFile:char[1]; outputFileID:double[1x1]; resultdir:char[1]; run_id:double[1x1]; t:char[1]; x:cell[1x1]; y:cell[1x1]		no	no	no	no	no	HIGH	PARTIAL	run_id_identity_only;_t_is_datestr_not_GetSecs
<RAW>/Control/SUBC37_SESSION01_29FEB2024/SUBC37_Session01_2024FEB29_MATLAB/3-Movie_Data/Results/February-29-2024_12-07-57_PM_Subject_is_SUBC37_selected_run_id_1.mat	.mat	38c255221ee99c8d4f32529e430c563b4441dd9673a36aaa7094c36fc8623e26	ans:double[1x1]; answer:char[1]; change_eye:double[1x1]; comment:char[1]; outputFile:char[1]; outputFileID:double[1x1]; resultdir:char[1]; run_id:double[1x1]; t:char[1]; x:cell[1x1]; y:cell[1x1]		no	no	no	no	no	HIGH	PARTIAL	run_id_identity_only;_t_is_datestr_not_GetSecs
<RAW>/Control/SUBC37_SESSION01_29FEB2024/SUBC37_Session01_2024FEB29_MATLAB/3-Movie_Data/Results/February-29-2024_12-12-37_PM_Subject_is_SUBC37_selected_run_id_2.mat	.mat	dd842b43e9ee3d6fd8990bae99eae28b8bb95afa2e49b0fa22d25f0e6b9796e7	ans:double[1x1]; answer:char[1]; change_eye:double[1x1]; comment:char[1]; outputFile:char[1]; outputFileID:double[1x1]; resultdir:char[1]; run_id:double[1x1]; t:char[1]; x:cell[1x1]; y:cell[1x1]		no	no	no	no	no	HIGH	PARTIAL	run_id_identity_only;_t_is_datestr_not_GetSecs
<RAW>/Control/SUBC37_SESSION01_29FEB2024/SUBC37_Session01_2024FEB29_MATLAB/3-Movie_Data/Results/February-29-2024_12-17-32_PM_Subject_is_SUBC37_selected_run_id_3.mat	.mat	91963171edc656ad4ec3f7fdc5cfdc683218b508ba58052de3ae238728a202d5	ans:double[1x1]; answer:char[1]; change_eye:double[1x1]; comment:char[1]; outputFile:char[1]; outputFileID:double[1x1]; resultdir:char[1]; run_id:double[1x1]; t:char[1]; x:cell[1x1]; y:cell[1x1]		no	no	no	no	no	HIGH	PARTIAL	run_id_identity_only;_t_is_datestr_not_GetSecs
<RAW>/Control/SUBC37_SESSION01_29FEB2024/SUBC37_Session01_2024FEB29_MATLAB/3-Movie_Data/Results/February-29-2024_12-22-07_PM_Subject_is_SUBC37_selected_run_id_4.mat	.mat	137256ab14bfa15116eb42c0c41730e4ea6616bba35e364dde290b4d3118f47f	ans:double[1x1]; answer:char[1]; change_eye:double[1x1]; comment:char[1]; outputFile:char[1]; outputFileID:double[1x1]; resultdir:char[1]; run_id:double[1x1]; t:char[1]; x:cell[1x1]; y:cell[1x1]		no	no	no	no	no	HIGH	PARTIAL	run_id_identity_only;_t_is_datestr_not_GetSecs
<RAW>/Control/SUBC38_Session01_2024MAR07/SUBC38_Session01_2024MAR07_MATLAB/3-Movie_Data/Results/March-07-2024_ 3-06-41_PM_Subject_is_subc38_selected_run_id_1.mat	.mat	912dc1eb3a39dea746f7e9d1328fc641e5016cadaed0d9f9a5a8cd93924efd02	ans:double[1x1]; answer:char[1]; change_eye:double[1x1]; comment:char[1]; outputFile:char[1]; outputFileID:double[1x1]; resultdir:char[1]; run_id:double[1x1]; t:char[1]; x:cell[1x1]; y:cell[1x1]		no	no	no	no	no	HIGH	PARTIAL	run_id_identity_only;_t_is_datestr_not_GetSecs
<RAW>/Control/SUBC38_Session01_2024MAR07/SUBC38_Session01_2024MAR07_MATLAB/3-Movie_Data/Results/March-07-2024_ 3-11-48_PM_Subject_is_subc38_selected_run_id_2.mat	.mat	952ca10976ea31debd7649040c6216f6cd0afed698941aa1bd5078c181f81dd1	ans:double[1x1]; answer:char[1]; change_eye:double[1x1]; comment:char[1]; outputFile:char[1]; outputFileID:double[1x1]; resultdir:char[1]; run_id:double[1x1]; t:char[1]; x:cell[1x1]; y:cell[1x1]		no	no	no	no	no	HIGH	PARTIAL	run_id_identity_only;_t_is_datestr_not_GetSecs
<RAW>/Control/SUBC38_Session01_2024MAR07/SUBC38_Session01_2024MAR07_MATLAB/3-Movie_Data/Results/March-07-2024_ 3-15-47_PM_Subject_is_SUBC38_selected_run_id_3.mat	.mat	5fe4c16d80a307e9678971753f2faac4df3ec0e412fc5d3a7e9bd7237b1a8154	ans:double[1x1]; answer:char[1]; change_eye:double[1x1]; comment:char[1]; outputFile:char[1]; outputFileID:double[1x1]; resultdir:char[1]; run_id:double[1x1]; t:char[1]; x:cell[1x1]; y:cell[1x1]		no	no	no	no	no	HIGH	PARTIAL	run_id_identity_only;_t_is_datestr_not_GetSecs
<RAW>/Control/SUBC38_Session01_2024MAR07/SUBC38_Session01_2024MAR07_MATLAB/3-Movie_Data/Results/March-07-2024_ 3-20-45_PM_Subject_is_SUBC38_selected_run_id_4.mat	.mat	a0f593680d73f245fa745f82641309b0b6a30c05646b835fce8b6f06aaf228c6	ans:double[1x1]; answer:char[1]; change_eye:double[1x1]; comment:char[1]; outputFile:char[1]; outputFileID:double[1x1]; resultdir:char[1]; run_id:double[1x1]; t:char[1]; x:cell[1x1]; y:cell[1x1]		no	no	no	no	no	HIGH	PARTIAL	run_id_identity_only;_t_is_datestr_not_GetSecs
<RAW>/Control/SUBC39_Session01_2024MAR10/SUBC39_Session1_2024MAR10_MATLAB/3-Movie_Data/Results/March-10-2024_10-06-07_AM_Subject_is_SUBC39_selected_run_id_1.mat	.mat	ff049413ae3b27fcfb0ef9f11feda069d59b102dd51005583ecb5285a1774ee6	ans:double[1x1]; answer:char[1]; change_eye:double[1x1]; comment:char[1]; outputFile:char[1]; outputFileID:double[1x1]; resultdir:char[1]; run_id:double[1x1]; t:char[1]; x:cell[1x1]; y:cell[1x1]		no	no	no	no	no	HIGH	PARTIAL	run_id_identity_only;_t_is_datestr_not_GetSecs
<RAW>/Control/SUBC39_Session01_2024MAR10/SUBC39_Session1_2024MAR10_MATLAB/3-Movie_Data/Results/March-10-2024_10-11-11_AM_Subject_is_SUBC39_selected_run_id_2.mat	.mat	fe1991f4a2a033ac66c37444e617a7983d478c8d7b05a4d28ddad546223a38ec	ans:double[1x1]; answer:char[1]; change_eye:double[1x1]; comment:char[1]; outputFile:char[1]; outputFileID:double[1x1]; resultdir:char[1]; run_id:double[1x1]; t:char[1]; x:cell[1x1]; y:cell[1x1]		no	no	no	no	no	HIGH	PARTIAL	run_id_identity_only;_t_is_datestr_not_GetSecs
<RAW>/Control/SUBC39_Session01_2024MAR10/SUBC39_Session1_2024MAR10_MATLAB/3-Movie_Data/Results/March-10-2024_10-15-46_AM_Subject_is_SUBC39_selected_run_id_3.mat	.mat	5ec8e138b6f4a01851eac01a9bbb0cbcd886d3457f51a1693c97a34ad41587bd	ans:double[1x1]; answer:char[1]; change_eye:double[1x1]; comment:char[1]; outputFile:char[1]; outputFileID:double[1x1]; resultdir:char[1]; run_id:double[1x1]; t:char[1]; x:cell[1x1]; y:cell[1x1]		no	no	no	no	no	HIGH	PARTIAL	run_id_identity_only;_t_is_datestr_not_GetSecs
<RAW>/Control/SUBC39_Session01_2024MAR10/SUBC39_Session1_2024MAR10_MATLAB/3-Movie_Data/Results/March-10-2024_10-20-25_AM_Subject_is_SUBC34_selected_run_id_4.mat	.mat	171812d63670a3b43b846f7b7ea1f6d60daac5e10ef66536f8e2a794b2f36360	ans:double[1x1]; answer:char[1]; change_eye:double[1x1]; comment:char[1]; outputFile:char[1]; outputFileID:double[1x1]; resultdir:char[1]; run_id:double[1x1]; t:char[1]; x:cell[1x1]; y:cell[1x1]		no	no	no	no	no	HIGH	PARTIAL	run_id_identity_only;_t_is_datestr_not_GetSecs
<RAW>/Control/SUBC39_Session2_2024SEP08/SUBC39_Session2_2024SEP08_MATLAB/3-Movie_Data/Results/September-08-2024_10-33-19_AM_Subject_is_SUBC039-SESSION2_selected_run_id_1.mat	.mat	009c5a52f22df57c25b9b780db8b912b910f6ee35720967b2a49e59a2097d330	ans:double[1x1]; answer:char[1]; change_eye:double[1x1]; comment:char[1]; outputFile:char[1]; outputFileID:double[1x1]; resultdir:char[1]; run_id:double[1x1]; t:char[1]; x:cell[1x1]; y:cell[1x1]		no	no	no	no	no	HIGH	PARTIAL	run_id_identity_only;_t_is_datestr_not_GetSecs
<RAW>/Control/SUBC39_Session2_2024SEP08/SUBC39_Session2_2024SEP08_MATLAB/3-Movie_Data/Results/September-08-2024_10-38-50_AM_Subject_is_SUBC039-SESSION2_selected_run_id_2.mat	.mat	a3bf408e17bf2beab65e281783488ac27fe7b8364d047e2b060815393d740f12	ans:double[1x1]; answer:char[1]; change_eye:double[1x1]; comment:char[1]; outputFile:char[1]; outputFileID:double[1x1]; resultdir:char[1]; run_id:double[1x1]; t:char[1]; x:cell[1x1]; y:cell[1x1]		no	no	no	no	no	HIGH	PARTIAL	run_id_identity_only;_t_is_datestr_not_GetSecs
<RAW>/Control/SUBC39_Session2_2024SEP08/SUBC39_Session2_2024SEP08_MATLAB/3-Movie_Data/Results/September-08-2024_10-42-39_AM_Subject_is_SUBC039-SESSION2_selected_run_id_3.mat	.mat	91ef9b83623b786b403f60854228e5ba00ceaae43dc92135d95fc7e68554a678	ans:double[1x1]; answer:char[1]; change_eye:double[1x1]; comment:char[1]; outputFile:char[1]; outputFileID:double[1x1]; resultdir:char[1]; run_id:double[1x1]; t:char[1]; x:cell[1x1]; y:cell[1x1]		no	no	no	no	no	HIGH	PARTIAL	run_id_identity_only;_t_is_datestr_not_GetSecs
<RAW>/Control/SUBC39_Session2_2024SEP08/SUBC39_Session2_2024SEP08_MATLAB/3-Movie_Data/Results/September-08-2024_10-46-32_AM_Subject_is_SUBC039-SESSION2_selected_run_id_4.mat	.mat	e8e46fbc9b08168c5e2eca948e2b86adb0cfb2e6b624926914cdccb95d2a2397	ans:double[1x1]; answer:char[1]; change_eye:double[1x1]; comment:char[1]; outputFile:char[1]; outputFileID:double[1x1]; resultdir:char[1]; run_id:double[1x1]; t:char[1]; x:cell[1x1]; y:cell[1x1]		no	no	no	no	no	HIGH	PARTIAL	run_id_identity_only;_t_is_datestr_not_GetSecs
<RAW>/Control/SUBC40_SESSION01_2024MAR18/SUBC40_SESSION01_2024MAR18_MATLAB/3-Movie_Data/Results/March-18-2024_ 5-34-43_PM_Subject_is_subc40_selected_run_id_1.mat	.mat	cfc8a6e91cff2952d259c12193d4d96ca14d5ce094bddd9b489a0c5be61b6030	ans:double[1x1]; answer:char[1]; change_eye:double[1x1]; comment:char[1]; outputFile:char[1]; outputFileID:double[1x1]; resultdir:char[1]; run_id:double[1x1]; t:char[1]; x:cell[1x1]; y:cell[1x1]		no	no	no	no	no	HIGH	PARTIAL	run_id_identity_only;_t_is_datestr_not_GetSecs
<RAW>/Control/SUBC40_SESSION01_2024MAR18/SUBC40_SESSION01_2024MAR18_MATLAB/3-Movie_Data/Results/March-18-2024_ 5-39-25_PM_Subject_is_subc40_selected_run_id_2.mat	.mat	00b0f648cfdd479bb65f44d9b9dd5ccf3855b6b31833e3802e8c9979708dfa8a	ans:double[1x1]; answer:char[1]; change_eye:double[1x1]; comment:char[1]; outputFile:char[1]; outputFileID:double[1x1]; resultdir:char[1]; run_id:double[1x1]; t:char[1]; x:cell[1x1]; y:cell[1x1]		no	no	no	no	no	HIGH	PARTIAL	run_id_identity_only;_t_is_datestr_not_GetSecs
<RAW>/Control/SUBC40_SESSION01_2024MAR18/SUBC40_SESSION01_2024MAR18_MATLAB/3-Movie_Data/Results/March-18-2024_ 5-43-17_PM_Subject_is_subc40_selected_run_id_3.mat	.mat	682910d30edda487f9f1ab7d265c56d4c46356d04a3a31fbfc4a4015c9c5c179	ans:double[1x1]; answer:char[1]; change_eye:double[1x1]; comment:char[1]; outputFile:char[1]; outputFileID:double[1x1]; resultdir:char[1]; run_id:double[1x1]; t:char[1]; x:cell[1x1]; y:cell[1x1]		no	no	no	no	no	HIGH	PARTIAL	run_id_identity_only;_t_is_datestr_not_GetSecs
<RAW>/Control/SUBC40_SESSION01_2024MAR18/SUBC40_SESSION01_2024MAR18_MATLAB/3-Movie_Data/Results/March-18-2024_ 5-48-19_PM_Subject_is_subc40_selected_run_id_4.mat	.mat	ba77c06229b71e45969bfb358f60d01a488893eb133b95951d56903f8bd121c4	ans:double[1x1]; answer:char[1]; change_eye:double[1x1]; comment:char[1]; outputFile:char[1]; outputFileID:double[1x1]; resultdir:char[1]; run_id:double[1x1]; t:char[1]; x:cell[1x1]; y:cell[1x1]		no	no	no	no	no	HIGH	PARTIAL	run_id_identity_only;_t_is_datestr_not_GetSecs
<RAW>/Control/SUBC40_Session02_2024OCT05/SUBC040_Session02_2024OCT05_matlab/3-Movie_Data/Results/October-05-2024_ 9-57-27_AM_Subject_is_SUBC040_Session02_2024OCT05_selected_run_id_1.mat	.mat	36ee45511f7a8e1a334dc5505bf8fd4f8eb2309704ff2ee821542c247721056f	ans:double[1x1]; answer:char[1]; change_eye:double[1x1]; comment:char[1]; outputFile:char[1]; outputFileID:double[1x1]; resultdir:char[1]; run_id:double[1x1]; t:char[1]; x:cell[1x1]; y:cell[1x1]		no	no	no	no	no	HIGH	PARTIAL	run_id_identity_only;_t_is_datestr_not_GetSecs
<RAW>/Control/SUBC40_Session02_2024OCT05/SUBC040_Session02_2024OCT05_matlab/3-Movie_Data/Results/October-05-2024_10-03-25_AM_Subject_is_SUBC040_Session02_2024OCT05_selected_run_id_2.mat	.mat	3eb48af6b57014dedb22047fac5a479dcbc901df4657355399b6d9d840674871	ans:double[1x1]; answer:char[1]; change_eye:double[1x1]; comment:char[1]; outputFile:char[1]; outputFileID:double[1x1]; resultdir:char[1]; run_id:double[1x1]; t:char[1]; x:cell[1x1]; y:cell[1x1]		no	no	no	no	no	HIGH	PARTIAL	run_id_identity_only;_t_is_datestr_not_GetSecs
<RAW>/Control/SUBC40_Session02_2024OCT05/SUBC040_Session02_2024OCT05_matlab/3-Movie_Data/Results/October-05-2024_10-07-41_AM_Subject_is_SUBC040_Session02_2024OCT05_selected_run_id_3.mat	.mat	a47fedacd1140fdf86be3144a1842cc7ed1a204f56da89732e792e40d59d07b6	ans:double[1x1]; answer:char[1]; change_eye:double[1x1]; comment:char[1]; outputFile:char[1]; outputFileID:double[1x1]; resultdir:char[1]; run_id:double[1x1]; t:char[1]; x:cell[1x1]; y:cell[1x1]		no	no	no	no	no	HIGH	PARTIAL	run_id_identity_only;_t_is_datestr_not_GetSecs
<RAW>/Control/SUBC40_Session02_2024OCT05/SUBC040_Session02_2024OCT05_matlab/3-Movie_Data/Results/October-05-2024_10-11-32_AM_Subject_is_SUBC040_Session02_2024OCT05_selected_run_id_4.mat	.mat	a8ad380208861ea4077ac26c2f6a0da553c1757fd0d8ff5a72d72f57f11b0128	ans:double[1x1]; answer:char[1]; change_eye:double[1x1]; comment:char[1]; outputFile:char[1]; outputFileID:double[1x1]; resultdir:char[1]; run_id:double[1x1]; t:char[1]; x:cell[1x1]; y:cell[1x1]		no	no	no	no	no	HIGH	PARTIAL	run_id_identity_only;_t_is_datestr_not_GetSecs
<RAW>/Control/SUBC41_Session01_2024MAR21/SUBC41_Session01_2024MAR21_MATLAB/3-Movie_Data/Results/March-21-2024_ 4-29-05_PM_Subject_is_subc41_selected_run_id_1.mat	.mat	a68ffb874748e9ea6862779c27fbe40e548eaf9c93b2cf19fc95371368c000c2	ans:double[1x1]; answer:char[1]; change_eye:double[1x1]; comment:char[1]; outputFile:char[1]; outputFileID:double[1x1]; resultdir:char[1]; run_id:double[1x1]; t:char[1]; x:cell[1x1]; y:cell[1x1]		no	no	no	no	no	HIGH	PARTIAL	run_id_identity_only;_t_is_datestr_not_GetSecs
<RAW>/Control/SUBC41_Session01_2024MAR21/SUBC41_Session01_2024MAR21_MATLAB/3-Movie_Data/Results/March-21-2024_ 4-33-29_PM_Subject_is_SUBC41_selected_run_id_2.mat	.mat	11381a0157c085f9f5e170d5ac1a44d9ae10dcd3815d85bec938fab04d4ea2a3	ans:double[1x1]; answer:char[1]; change_eye:double[1x1]; comment:char[1]; outputFile:char[1]; outputFileID:double[1x1]; resultdir:char[1]; run_id:double[1x1]; t:char[1]; x:cell[1x1]; y:cell[1x1]		no	no	no	no	no	HIGH	PARTIAL	run_id_identity_only;_t_is_datestr_not_GetSecs
<RAW>/Control/SUBC41_Session01_2024MAR21/SUBC41_Session01_2024MAR21_MATLAB/3-Movie_Data/Results/March-21-2024_ 4-37-38_PM_Subject_is_SUBC41_selected_run_id_3.mat	.mat	7d2c9c3fc0987213bcec07d1494f90a8ba0b5736722b11bfe8be29116ef7807d	ans:double[1x1]; answer:char[1]; change_eye:double[1x1]; comment:char[1]; outputFile:char[1]; outputFileID:double[1x1]; resultdir:char[1]; run_id:double[1x1]; t:char[1]; x:cell[1x1]; y:cell[1x1]		no	no	no	no	no	HIGH	PARTIAL	run_id_identity_only;_t_is_datestr_not_GetSecs
<RAW>/Control/SUBC41_Session01_2024MAR21/SUBC41_Session01_2024MAR21_MATLAB/3-Movie_Data/Results/March-21-2024_ 4-44-11_PM_Subject_is_subc41_selected_run_id_4.mat	.mat	dafcb71cf27abc1a571fba721d39cf4c112f0f0dcdfcb5c7cb8fe4592357ff19	ans:double[1x1]; answer:char[1]; change_eye:double[1x1]; comment:char[1]; outputFile:char[1]; outputFileID:double[1x1]; resultdir:char[1]; run_id:double[1x1]; t:char[1]; x:cell[1x1]; y:cell[1x1]		no	no	no	no	no	HIGH	PARTIAL	run_id_identity_only;_t_is_datestr_not_GetSecs
<RAW>/Control/SUBC41_Session02_2024OCT04/SUBC041_Session02_2024OCT04_MATLAB/3-Movie_Data/Results/October-04-2024_ 6-21-00_PM_Subject_is_SUBC041_Session02_selected_run_id_1.mat	.mat	06611f3109720ecca70e36359bad35374d4fe10071053eca7920089f3e2c95d7	ans:double[1x1]; answer:char[1]; change_eye:double[1x1]; comment:char[1]; outputFile:char[1]; outputFileID:double[1x1]; resultdir:char[1]; run_id:double[1x1]; t:char[1]; x:cell[1x1]; y:cell[1x1]		no	no	no	no	no	HIGH	PARTIAL	run_id_identity_only;_t_is_datestr_not_GetSecs
<RAW>/Control/SUBC41_Session02_2024OCT04/SUBC041_Session02_2024OCT04_MATLAB/3-Movie_Data/Results/October-04-2024_ 6-25-04_PM_Subject_is_SUBC041_Session02_selected_run_id_2.mat	.mat	4ba2a6a5b9a5021949c2d0589a086c33cbafe9ee97bc15f29101458449a77785	ans:double[1x1]; answer:char[1]; change_eye:double[1x1]; comment:char[1]; outputFile:char[1]; outputFileID:double[1x1]; resultdir:char[1]; run_id:double[1x1]; t:char[1]; x:cell[1x1]; y:cell[1x1]		no	no	no	no	no	HIGH	PARTIAL	run_id_identity_only;_t_is_datestr_not_GetSecs
<RAW>/Control/SUBC41_Session02_2024OCT04/SUBC041_Session02_2024OCT04_MATLAB/3-Movie_Data/Results/October-04-2024_ 6-28-58_PM_Subject_is_SUBC041_Session02_selected_run_id_3.mat	.mat	217bc0016be0dbe9f441cf4ea74b4a6e60139fdd16107b08ddc30f12af232cc0	ans:double[1x1]; answer:char[1]; change_eye:double[1x1]; comment:char[1]; outputFile:char[1]; outputFileID:double[1x1]; resultdir:char[1]; run_id:double[1x1]; t:char[1]; x:cell[1x1]; y:cell[1x1]		no	no	no	no	no	HIGH	PARTIAL	run_id_identity_only;_t_is_datestr_not_GetSecs
<RAW>/Control/SUBC41_Session02_2024OCT04/SUBC041_Session02_2024OCT04_MATLAB/3-Movie_Data/Results/October-04-2024_ 6-32-54_PM_Subject_is_SUBC041_Session02_selected_run_id_4.mat	.mat	4f4ab6f2aadc00b476f683c4e6bb83b03a29c19e89c82515a72b259cb8893210	ans:double[1x1]; answer:char[1]; change_eye:double[1x1]; comment:char[1]; outputFile:char[1]; outputFileID:double[1x1]; resultdir:char[1]; run_id:double[1x1]; t:char[1]; x:cell[1x1]; y:cell[1x1]		no	no	no	no	no	HIGH	PARTIAL	run_id_identity_only;_t_is_datestr_not_GetSecs
<RAW>/Control/SUBC42_Session01_2024MAY06/SUBC42_Session01_2024MAY06_MATLAB/3-Movie_Data/Results/May-06-2024_10-10-02_AM_Subject_is_subc42_selected_run_id_1.mat	.mat	441b9f4017246f035a3c1a779a5f34dcf11077c353649341359f2e528a3daec9	ans:double[1x1]; answer:char[1]; change_eye:double[1x1]; comment:char[1]; outputFile:char[1]; outputFileID:double[1x1]; resultdir:char[1]; run_id:double[1x1]; t:char[1]; x:cell[1x1]; y:cell[1x1]		no	no	no	no	no	HIGH	PARTIAL	run_id_identity_only;_t_is_datestr_not_GetSecs
<RAW>/Control/SUBC42_Session01_2024MAY06/SUBC42_Session01_2024MAY06_MATLAB/3-Movie_Data/Results/May-06-2024_10-15-09_AM_Subject_is_subc42_selected_run_id_2.mat	.mat	b6c8fe8f6d600213ba9ea2ab0336ca92ad7c24cf0ecfd793b139264249b21718	ans:double[1x1]; answer:char[1]; change_eye:double[1x1]; comment:char[1]; outputFile:char[1]; outputFileID:double[1x1]; resultdir:char[1]; run_id:double[1x1]; t:char[1]; x:cell[1x1]; y:cell[1x1]		no	no	no	no	no	HIGH	PARTIAL	run_id_identity_only;_t_is_datestr_not_GetSecs
<RAW>/Control/SUBC42_Session01_2024MAY06/SUBC42_Session01_2024MAY06_MATLAB/3-Movie_Data/Results/May-06-2024_10-19-37_AM_Subject_is_subc42_selected_run_id_3.mat	.mat	aa61883c3867eb9e9313f21c920a001a23ed6bc5ab66037504f6d45843da4642	ans:double[1x1]; answer:char[1]; change_eye:double[1x1]; comment:char[1]; outputFile:char[1]; outputFileID:double[1x1]; resultdir:char[1]; run_id:double[1x1]; t:char[1]; x:cell[1x1]; y:cell[1x1]		no	no	no	no	no	HIGH	PARTIAL	run_id_identity_only;_t_is_datestr_not_GetSecs
<RAW>/Control/SUBC42_Session01_2024MAY06/SUBC42_Session01_2024MAY06_MATLAB/3-Movie_Data/Results/May-06-2024_10-24-28_AM_Subject_is_subc42_selected_run_id_4.mat	.mat	51fb4016ed233caf9d0da7677d22deb2d7a8d02e7af2dcabd87f349b9bde2825	ans:double[1x1]; answer:char[1]; change_eye:double[1x1]; comment:char[1]; outputFile:char[1]; outputFileID:double[1x1]; resultdir:char[1]; run_id:double[1x1]; t:char[1]; x:cell[1x1]; y:cell[1x1]		no	no	no	no	no	HIGH	PARTIAL	run_id_identity_only;_t_is_datestr_not_GetSecs
<RAW>/Control/SUBC42_Session02_2024NOV08/SUBC042_Session02_2024NOV08_matlab/3-Movie_Data/Results/November-08-2024_ 3-52-08_PM_Subject_is_SUBC042_Session02_2024NOV08_selected_run_id_1.mat	.mat	936038d4fb753997a115b674c7b300fb88dbea139b224136ba1ab1e2cfc89161	ans:double[1x1]; answer:char[1]; change_eye:double[1x1]; comment:char[1]; outputFile:char[1]; outputFileID:double[1x1]; resultdir:char[1]; run_id:double[1x1]; t:char[1]; x:cell[1x1]; y:cell[1x1]		no	no	no	no	no	HIGH	PARTIAL	run_id_identity_only;_t_is_datestr_not_GetSecs
<RAW>/Control/SUBC42_Session02_2024NOV08/SUBC042_Session02_2024NOV08_matlab/3-Movie_Data/Results/November-08-2024_ 3-56-21_PM_Subject_is_SUBC042_Session02_2024NOV08_selected_run_id_2.mat	.mat	d8772023ea7979d871677b4bc5f84e2d478894d97331e70148ffa935c8959387	ans:double[1x1]; answer:char[1]; change_eye:double[1x1]; comment:char[1]; outputFile:char[1]; outputFileID:double[1x1]; resultdir:char[1]; run_id:double[1x1]; t:char[1]; x:cell[1x1]; y:cell[1x1]		no	no	no	no	no	HIGH	PARTIAL	run_id_identity_only;_t_is_datestr_not_GetSecs
<RAW>/Control/SUBC42_Session02_2024NOV08/SUBC042_Session02_2024NOV08_matlab/3-Movie_Data/Results/November-08-2024_ 4-00-15_PM_Subject_is_SUBC042_Session02_2024NOV08_selected_run_id_3.mat	.mat	fd41302c72d5f46ca48b9ba24e6659ceae8fc481f840357cd13446954902fd53	ans:double[1x1]; answer:char[1]; change_eye:double[1x1]; comment:char[1]; outputFile:char[1]; outputFileID:double[1x1]; resultdir:char[1]; run_id:double[1x1]; t:char[1]; x:cell[1x1]; y:cell[1x1]		no	no	no	no	no	HIGH	PARTIAL	run_id_identity_only;_t_is_datestr_not_GetSecs
<RAW>/Control/SUBC42_Session02_2024NOV08/SUBC042_Session02_2024NOV08_matlab/3-Movie_Data/Results/November-08-2024_ 4-04-04_PM_Subject_is_SUBC042_Session02_2024NOV08_selected_run_id_4.mat	.mat	4af13bcfc83aa470120d7fa56a3e9dee8918b8f60abacecca73f567c120454b2	ans:double[1x1]; answer:char[1]; change_eye:double[1x1]; comment:char[1]; outputFile:char[1]; outputFileID:double[1x1]; resultdir:char[1]; run_id:double[1x1]; t:char[1]; x:cell[1x1]; y:cell[1x1]		no	no	no	no	no	HIGH	PARTIAL	run_id_identity_only;_t_is_datestr_not_GetSecs
<RAW>/Control/SUBC43_SESSION01_2024MAY13/SUBC43_Session01_2024MAY13_MATLAB/3-Movie_Data/Results/May-13-2024_ 4-05-39_PM_Subject_is_SUBC43_SESSION01_selected_run_id_1.mat	.mat	418c5e210dd0cca48130d49b5d7843bd3d15092afdee8d5de122e33db6863676	ans:double[1x1]; answer:char[1]; change_eye:double[1x1]; comment:char[1]; outputFile:char[1]; outputFileID:double[1x1]; resultdir:char[1]; run_id:double[1x1]; t:char[1]; x:cell[1x1]; y:cell[1x1]		no	no	no	no	no	HIGH	PARTIAL	run_id_identity_only;_t_is_datestr_not_GetSecs
<RAW>/Control/SUBC43_SESSION01_2024MAY13/SUBC43_Session01_2024MAY13_MATLAB/3-Movie_Data/Results/May-13-2024_ 4-09-56_PM_Subject_is_SUBC43_SESSION01_selected_run_id_2.mat	.mat	177abd495ce3ca9023667c14cdefb46852987034060fa92e6536b52eb0b16de4	ans:double[1x1]; answer:char[1]; change_eye:double[1x1]; comment:char[1]; outputFile:char[1]; outputFileID:double[1x1]; resultdir:char[1]; run_id:double[1x1]; t:char[1]; x:cell[1x1]; y:cell[1x1]		no	no	no	no	no	HIGH	PARTIAL	run_id_identity_only;_t_is_datestr_not_GetSecs
<RAW>/Control/SUBC43_SESSION01_2024MAY13/SUBC43_Session01_2024MAY13_MATLAB/3-Movie_Data/Results/May-13-2024_ 4-14-04_PM_Subject_is_SUBC43_SESSION01_selected_run_id_3.mat	.mat	88b4184cce1c198b30a3b833b66efc4cf44a7eb4009de26bcab3795a869036d9	ans:double[1x1]; answer:char[1]; change_eye:double[1x1]; comment:char[1]; outputFile:char[1]; outputFileID:double[1x1]; resultdir:char[1]; run_id:double[1x1]; t:char[1]; x:cell[1x1]; y:cell[1x1]		no	no	no	no	no	HIGH	PARTIAL	run_id_identity_only;_t_is_datestr_not_GetSecs
<RAW>/Control/SUBC43_SESSION01_2024MAY13/SUBC43_Session01_2024MAY13_MATLAB/3-Movie_Data/Results/May-13-2024_ 4-18-08_PM_Subject_is_SUBC43_SESSION01_selected_run_id_4.mat	.mat	cb3c6364b353971a50de76f716d933b60f44c467321121300dd40d4df6ac3233	ans:double[1x1]; answer:char[1]; change_eye:double[1x1]; comment:char[1]; outputFile:char[1]; outputFileID:double[1x1]; resultdir:char[1]; run_id:double[1x1]; t:char[1]; x:cell[1x1]; y:cell[1x1]		no	no	no	no	no	HIGH	PARTIAL	run_id_identity_only;_t_is_datestr_not_GetSecs
<RAW>/Control/SUBC44_SESSION01_2024JUL25/SUBC044_Session1_2024JUL25_MATALB/3-Movie_Data/Results/July-25-2024_ 5-38-45_PM_Subject_is_SUBC044_selected_run_id_1.mat	.mat	7f491150dffb9cdd893f76ef0d2dce1e6d763c724ff800e6aa8b8fcdeccd0bce	ans:double[1x1]; answer:char[1]; change_eye:double[1x1]; comment:char[1]; outputFile:char[1]; outputFileID:double[1x1]; resultdir:char[1]; run_id:double[1x1]; t:char[1]; x:cell[1x1]; y:cell[1x1]		no	no	no	no	no	HIGH	PARTIAL	run_id_identity_only;_t_is_datestr_not_GetSecs
<RAW>/Control/SUBC44_SESSION01_2024JUL25/SUBC044_Session1_2024JUL25_MATALB/3-Movie_Data/Results/July-25-2024_ 5-43-30_PM_Subject_is_SUBC044_selected_run_id_2.mat	.mat	ace3dc28a05ef67bc523a24bd19063bde97199c29da19847e5b0ce0ef91b2e2a	ans:double[1x1]; answer:char[1]; change_eye:double[1x1]; comment:char[1]; outputFile:char[1]; outputFileID:double[1x1]; resultdir:char[1]; run_id:double[1x1]; t:char[1]; x:cell[1x1]; y:cell[1x1]		no	no	no	no	no	HIGH	PARTIAL	run_id_identity_only;_t_is_datestr_not_GetSecs
<RAW>/Control/SUBC44_SESSION01_2024JUL25/SUBC044_Session1_2024JUL25_MATALB/3-Movie_Data/Results/July-25-2024_ 5-47-15_PM_Subject_is_SUBC044_selected_run_id_3.mat	.mat	0525371830afd39d834ec8283fb190fa0194196214b61e97c6e2c7478c26e780	ans:double[1x1]; answer:char[1]; change_eye:double[1x1]; comment:char[1]; outputFile:char[1]; outputFileID:double[1x1]; resultdir:char[1]; run_id:double[1x1]; t:char[1]; x:cell[1x1]; y:cell[1x1]		no	no	no	no	no	HIGH	PARTIAL	run_id_identity_only;_t_is_datestr_not_GetSecs
<RAW>/Control/SUBC44_SESSION01_2024JUL25/SUBC044_Session1_2024JUL25_MATALB/3-Movie_Data/Results/July-25-2024_ 5-51-14_PM_Subject_is_SUBC044_selected_run_id_4.mat	.mat	081a00f81ca82611d4c9d0abedc5f37ce6104a093cc6fc9b8885e3120062c7dc	ans:double[1x1]; answer:char[1]; change_eye:double[1x1]; comment:char[1]; outputFile:char[1]; outputFileID:double[1x1]; resultdir:char[1]; run_id:double[1x1]; t:char[1]; x:cell[1x1]; y:cell[1x1]		no	no	no	no	no	HIGH	PARTIAL	run_id_identity_only;_t_is_datestr_not_GetSecs
<RAW>/Control/SUBC44_Session02_2025FEB19/SUBC44_Session02_2025FEB19_matlab/3-Movie_Data/Results/February-19-2025_ 2-46-02_PM_Subject_is_SUBC44_Session02_2025FEB19_selected_run_id_1.mat	.mat	790f2065289d021a54a10b3d3c433835f5fa480c16a46b40423c0891ec56f253	ans:double[1x1]; answer:char[1]; change_eye:double[1x1]; comment:char[1]; outputFile:char[1]; outputFileID:double[1x1]; resultdir:char[1]; run_id:double[1x1]; t:char[1]; x:cell[1x1]; y:cell[1x1]		no	no	no	no	no	HIGH	PARTIAL	run_id_identity_only;_t_is_datestr_not_GetSecs
<RAW>/Control/SUBC44_Session02_2025FEB19/SUBC44_Session02_2025FEB19_matlab/3-Movie_Data/Results/February-19-2025_ 2-49-57_PM_Subject_is_SUBC44_Session02_2025FEB19_selected_run_id_2.mat	.mat	52a1a192963f451b0a9fbf0fa1d165efb42443cf09102e095aa868fecc0040a3	ans:double[1x1]; answer:char[1]; change_eye:double[1x1]; comment:char[1]; outputFile:char[1]; outputFileID:double[1x1]; resultdir:char[1]; run_id:double[1x1]; t:char[1]; x:cell[1x1]; y:cell[1x1]		no	no	no	no	no	HIGH	PARTIAL	run_id_identity_only;_t_is_datestr_not_GetSecs
<RAW>/Control/SUBC44_Session02_2025FEB19/SUBC44_Session02_2025FEB19_matlab/3-Movie_Data/Results/February-19-2025_ 2-53-47_PM_Subject_is_SUBC44_Session02_2025FEB19_selected_run_id_3.mat	.mat	57c0d354b1955bb77ef88d018fe6bf79f93a2d8b0b625d80b90fe1e76a6cb623	ans:double[1x1]; answer:char[1]; change_eye:double[1x1]; comment:char[1]; outputFile:char[1]; outputFileID:double[1x1]; resultdir:char[1]; run_id:double[1x1]; t:char[1]; x:cell[1x1]; y:cell[1x1]		no	no	no	no	no	HIGH	PARTIAL	run_id_identity_only;_t_is_datestr_not_GetSecs
<RAW>/Control/SUBC44_Session02_2025FEB19/SUBC44_Session02_2025FEB19_matlab/3-Movie_Data/Results/February-19-2025_ 2-57-35_PM_Subject_is_SUBC44_Session02_2025FEB19_selected_run_id_4.mat	.mat	777533522d53bf05be9c1dd14b9da1976ad88ed375bbece7d6e4faf6dcd16036	ans:double[1x1]; answer:char[1]; change_eye:double[1x1]; comment:char[1]; outputFile:char[1]; outputFileID:double[1x1]; resultdir:char[1]; run_id:double[1x1]; t:char[1]; x:cell[1x1]; y:cell[1x1]		no	no	no	no	no	HIGH	PARTIAL	run_id_identity_only;_t_is_datestr_not_GetSecs
<RAW>/Control/SUBC45_SESSION02_2025FEB10/SUBC045_Session02_2025FEB10/3-Movie_Data/Results/February-10-2025_10-55-30_AM_Subject_is_SUBC045_SCAN2_selected_run_id_1.mat	.mat	a90e8d9a28f366eb45d89e64d6206c86b45c09b9a5cd3ba4b5e3a84491e4253f	ans:double[1x1]; answer:char[1]; change_eye:double[1x1]; comment:char[1]; outputFile:char[1]; outputFileID:double[1x1]; resultdir:char[1]; run_id:double[1x1]; t:char[1]; x:cell[1x1]; y:cell[1x1]		no	no	no	no	no	HIGH	PARTIAL	run_id_identity_only;_t_is_datestr_not_GetSecs
<RAW>/Control/SUBC45_SESSION02_2025FEB10/SUBC045_Session02_2025FEB10/3-Movie_Data/Results/February-10-2025_11-00-25_AM_Subject_is_SUBC045_SCAN2_selected_run_id_2.mat	.mat	3c13a62598c35e68e8176e9ad54be86cf76433f2d5608653620ca576fd99981a	ans:double[1x1]; answer:char[1]; change_eye:double[1x1]; comment:char[1]; outputFile:char[1]; outputFileID:double[1x1]; resultdir:char[1]; run_id:double[1x1]; t:char[1]; x:cell[1x1]; y:cell[1x1]		no	no	no	no	no	HIGH	PARTIAL	run_id_identity_only;_t_is_datestr_not_GetSecs
<RAW>/Control/SUBC45_SESSION02_2025FEB10/SUBC045_Session02_2025FEB10/3-Movie_Data/Results/February-10-2025_11-04-21_AM_Subject_is_SUBC045_SCAN2_selected_run_id_3.mat	.mat	4e9c40d843ea7364b5977eb9c5a8d9e5801e4f13378de14b9c49cad74be89430	ans:double[1x1]; answer:char[1]; change_eye:double[1x1]; comment:char[1]; outputFile:char[1]; outputFileID:double[1x1]; resultdir:char[1]; run_id:double[1x1]; t:char[1]; x:cell[1x1]; y:cell[1x1]		no	no	no	no	no	HIGH	PARTIAL	run_id_identity_only;_t_is_datestr_not_GetSecs
<RAW>/Control/SUBC45_SESSION02_2025FEB10/SUBC045_Session02_2025FEB10/3-Movie_Data/Results/February-10-2025_11-08-18_AM_Subject_is_SUBC045_SCAN2_selected_run_id_4.mat	.mat	76c59d293d3103371711e5b5a609cce5fa53b646724b26a7aae80e0570a489f0	ans:double[1x1]; answer:char[1]; change_eye:double[1x1]; comment:char[1]; outputFile:char[1]; outputFileID:double[1x1]; resultdir:char[1]; run_id:double[1x1]; t:char[1]; x:cell[1x1]; y:cell[1x1]		no	no	no	no	no	HIGH	PARTIAL	run_id_identity_only;_t_is_datestr_not_GetSecs
<RAW>/Control/SUBC45_Session01_29JUL2024/SUBC045_Session01_29JUL2024/3-Movie_Data/Results/July-29-2024_10-43-47_AM_Subject_is_SUBC045_selected_run_id_1.mat	.mat	f193c942f302bb2ee7a5289c192360a47a91e9cdb7ab5a777510bbbfb606c591	ans:double[1x1]; answer:char[1]; change_eye:double[1x1]; comment:char[1]; outputFile:char[1]; outputFileID:double[1x1]; resultdir:char[1]; run_id:double[1x1]; t:char[1]; x:cell[1x1]; y:cell[1x1]		no	no	no	no	no	HIGH	PARTIAL	run_id_identity_only;_t_is_datestr_not_GetSecs
<RAW>/Control/SUBC45_Session01_29JUL2024/SUBC045_Session01_29JUL2024/3-Movie_Data/Results/July-29-2024_10-48-41_AM_Subject_is_SUBC045_selected_run_id_2.mat	.mat	82581c8c90a6004efb0e7eb9f7f3b4caf052f589233eae5702fb0c0cb41cee65	ans:double[1x1]; answer:char[1]; change_eye:double[1x1]; comment:char[1]; outputFile:char[1]; outputFileID:double[1x1]; resultdir:char[1]; run_id:double[1x1]; t:char[1]; x:cell[1x1]; y:cell[1x1]		no	no	no	no	no	HIGH	PARTIAL	run_id_identity_only;_t_is_datestr_not_GetSecs
<RAW>/Control/SUBC45_Session01_29JUL2024/SUBC045_Session01_29JUL2024/3-Movie_Data/Results/July-29-2024_10-52-49_AM_Subject_is_SUBC045_selected_run_id_3.mat	.mat	c05cecb8bcb2eb5d6598a5e1010fbee0a92f2d14770a45d46521838a2f18842a	ans:double[1x1]; answer:char[1]; change_eye:double[1x1]; comment:char[1]; outputFile:char[1]; outputFileID:double[1x1]; resultdir:char[1]; run_id:double[1x1]; t:char[1]; x:cell[1x1]; y:cell[1x1]		no	no	no	no	no	HIGH	PARTIAL	run_id_identity_only;_t_is_datestr_not_GetSecs
<RAW>/Control/SUBC45_Session01_29JUL2024/SUBC045_Session01_29JUL2024/3-Movie_Data/Results/July-29-2024_10-56-51_AM_Subject_is_SUBC045_selected_run_id_4.mat	.mat	952e62ad68cf592ba2afe3c381391a50a00ffe8aedeaa0e8f405433b7be65f88	ans:double[1x1]; answer:char[1]; change_eye:double[1x1]; comment:char[1]; outputFile:char[1]; outputFileID:double[1x1]; resultdir:char[1]; run_id:double[1x1]; t:char[1]; x:cell[1x1]; y:cell[1x1]		no	no	no	no	no	HIGH	PARTIAL	run_id_identity_only;_t_is_datestr_not_GetSecs
<RAW>/Control/SUBC46_Session01_2024AUG23/SUBC046_Session01_2024AUG23_MATLAB/3-Movie_Data/Results/August-23-2024_ 2-22-42_PM_Subject_is_SUBC046_selected_run_id_1.mat	.mat	34348201e3c8b9325b45e5c8ab0b61df952cd7a811367c37bebf06af14ebc89c	ans:double[1x1]; answer:char[1]; change_eye:double[1x1]; comment:char[1]; outputFile:char[1]; outputFileID:double[1x1]; resultdir:char[1]; run_id:double[1x1]; t:char[1]; x:cell[1x1]; y:cell[1x1]		no	no	no	no	no	HIGH	PARTIAL	run_id_identity_only;_t_is_datestr_not_GetSecs
<RAW>/Control/SUBC46_Session01_2024AUG23/SUBC046_Session01_2024AUG23_MATLAB/3-Movie_Data/Results/August-23-2024_ 2-26-55_PM_Subject_is_SUBC046_selected_run_id_2.mat	.mat	8f0684d0ac0e2d894c67bf378bb4a4d8287a4b6ab007ba5cd949e48b53e6052e	ans:double[1x1]; answer:char[1]; change_eye:double[1x1]; comment:char[1]; outputFile:char[1]; outputFileID:double[1x1]; resultdir:char[1]; run_id:double[1x1]; t:char[1]; x:cell[1x1]; y:cell[1x1]		no	no	no	no	no	HIGH	PARTIAL	run_id_identity_only;_t_is_datestr_not_GetSecs
<RAW>/Control/SUBC46_Session01_2024AUG23/SUBC046_Session01_2024AUG23_MATLAB/3-Movie_Data/Results/August-23-2024_ 2-30-49_PM_Subject_is_SUBC046_selected_run_id_3.mat	.mat	26b2809b4cbf0f335a290a0b15ef22d17e55ac027bc8630dcc5ef587f3ba601a	ans:double[1x1]; answer:char[1]; change_eye:double[1x1]; comment:char[1]; outputFile:char[1]; outputFileID:double[1x1]; resultdir:char[1]; run_id:double[1x1]; t:char[1]; x:cell[1x1]; y:cell[1x1]		no	no	no	no	no	HIGH	PARTIAL	run_id_identity_only;_t_is_datestr_not_GetSecs
<RAW>/Control/SUBC46_Session01_2024AUG23/SUBC046_Session01_2024AUG23_MATLAB/3-Movie_Data/Results/August-23-2024_ 2-35-55_PM_Subject_is_SUBC046_selected_run_id_4.mat	.mat	4c0ebe5ad05a891f952fd59fe9bd7d158f3b634396f06b90ec643c1aef53d686	ans:double[1x1]; answer:char[1]; change_eye:double[1x1]; comment:char[1]; outputFile:char[1]; outputFileID:double[1x1]; resultdir:char[1]; run_id:double[1x1]; t:char[1]; x:cell[1x1]; y:cell[1x1]		no	no	no	no	no	HIGH	PARTIAL	run_id_identity_only;_t_is_datestr_not_GetSecs
<RAW>/Control/SUBC47_Session02_2025FEB23/SUBC47_Session02_2025FEB23_matlab/3-Movie_Data/Results/February-23-2025_11-25-06_AM_Subject_is_SUBC47_Session02_2025FEB23_selected_run_id_1.mat	.mat	928c7faf550e0c8643070449d9af7a76da213d8f16d1c72f1481b95ab02f6c24	ans:double[1x1]; answer:char[1]; change_eye:double[1x1]; comment:char[1]; outputFile:char[1]; outputFileID:double[1x1]; resultdir:char[1]; run_id:double[1x1]; t:char[1]; x:cell[1x1]; y:cell[1x1]		no	no	no	no	no	HIGH	PARTIAL	run_id_identity_only;_t_is_datestr_not_GetSecs
<RAW>/Control/SUBC47_Session02_2025FEB23/SUBC47_Session02_2025FEB23_matlab/3-Movie_Data/Results/February-23-2025_11-29-05_AM_Subject_is_SUBC47_Session02_2025FEB23_selected_run_id_2.mat	.mat	bc9f0d77f108f2c7d44bce79d98a98a5b98e40370da08b29954b6023ba32bbb2	ans:double[1x1]; answer:char[1]; change_eye:double[1x1]; comment:char[1]; outputFile:char[1]; outputFileID:double[1x1]; resultdir:char[1]; run_id:double[1x1]; t:char[1]; x:cell[1x1]; y:cell[1x1]		no	no	no	no	no	HIGH	PARTIAL	run_id_identity_only;_t_is_datestr_not_GetSecs
<RAW>/Control/SUBC47_Session02_2025FEB23/SUBC47_Session02_2025FEB23_matlab/3-Movie_Data/Results/February-23-2025_11-32-56_AM_Subject_is_SUBC47_Session02_2025FEB23_selected_run_id_3.mat	.mat	73bbb192789002ed654a3e1d5795fa65bd09f702c371336a547dc1ad07d7c243	ans:double[1x1]; answer:char[1]; change_eye:double[1x1]; comment:char[1]; outputFile:char[1]; outputFileID:double[1x1]; resultdir:char[1]; run_id:double[1x1]; t:char[1]; x:cell[1x1]; y:cell[1x1]		no	no	no	no	no	HIGH	PARTIAL	run_id_identity_only;_t_is_datestr_not_GetSecs
<RAW>/Control/SUBC47_Session02_2025FEB23/SUBC47_Session02_2025FEB23_matlab/3-Movie_Data/Results/February-23-2025_11-36-42_AM_Subject_is_SUBC47_Session02_2025FEB23_selected_run_id_4.mat	.mat	e55d9b7a7398e74cb24f4b352569922a21a30061fa00380c074e88e6b6deedd0	ans:double[1x1]; answer:char[1]; change_eye:double[1x1]; comment:char[1]; outputFile:char[1]; outputFileID:double[1x1]; resultdir:char[1]; run_id:double[1x1]; t:char[1]; x:cell[1x1]; y:cell[1x1]		no	no	no	no	no	HIGH	PARTIAL	run_id_identity_only;_t_is_datestr_not_GetSecs
<RAW>/Control/SUBC47_Session1_2024AUG27/SUBC47_Session1_2024AUG27_MATLAB/3-Movie_Data/Results/August-27-2024_11-56-19_AM_Subject_is_SUBC47-SCAN1-AUG27_selected_run_id_1.mat	.mat	537cce6f52c38caee9a2453fef1b0fd946833512718b8751a22f3a2a3901c67b	ans:double[1x1]; answer:char[1]; change_eye:double[1x1]; comment:char[1]; outputFile:char[1]; outputFileID:double[1x1]; resultdir:char[1]; run_id:double[1x1]; t:char[1]; x:cell[1x1]; y:cell[1x1]		no	no	no	no	no	HIGH	PARTIAL	run_id_identity_only;_t_is_datestr_not_GetSecs
<RAW>/Control/SUBC47_Session1_2024AUG27/SUBC47_Session1_2024AUG27_MATLAB/3-Movie_Data/Results/August-27-2024_12-01-28_PM_Subject_is_SUBC47-SCAN1-AUG27_selected_run_id_2.mat	.mat	9762029a747fd2d2062bfc1b45b6dd748aaa068348a9cba690cd919972bede3b	ans:double[1x1]; answer:char[1]; change_eye:double[1x1]; comment:char[1]; outputFile:char[1]; outputFileID:double[1x1]; resultdir:char[1]; run_id:double[1x1]; t:char[1]; x:cell[1x1]; y:cell[1x1]		no	no	no	no	no	HIGH	PARTIAL	run_id_identity_only;_t_is_datestr_not_GetSecs
<RAW>/Control/SUBC47_Session1_2024AUG27/SUBC47_Session1_2024AUG27_MATLAB/3-Movie_Data/Results/August-27-2024_12-05-17_PM_Subject_is_SUBC47-SCAN1-AUG27_selected_run_id_3.mat	.mat	9fc24c949372e9829880105476ef81ba9fa21656c598dd5a1f21029db5d450b3	ans:double[1x1]; answer:char[1]; change_eye:double[1x1]; comment:char[1]; outputFile:char[1]; outputFileID:double[1x1]; resultdir:char[1]; run_id:double[1x1]; t:char[1]; x:cell[1x1]; y:cell[1x1]		no	no	no	no	no	HIGH	PARTIAL	run_id_identity_only;_t_is_datestr_not_GetSecs
<RAW>/Control/SUBC47_Session1_2024AUG27/SUBC47_Session1_2024AUG27_MATLAB/3-Movie_Data/Results/August-27-2024_12-09-06_PM_Subject_is_SUBC47-SCAN1-AUG27_selected_run_id_4.mat	.mat	de6fc4d9b235ca488f268bddb38b9a3fd96548cbf4ce84ea6ff89ca3ccb6f467	ans:double[1x1]; answer:char[1]; change_eye:double[1x1]; comment:char[1]; outputFile:char[1]; outputFileID:double[1x1]; resultdir:char[1]; run_id:double[1x1]; t:char[1]; x:cell[1x1]; y:cell[1x1]		no	no	no	no	no	HIGH	PARTIAL	run_id_identity_only;_t_is_datestr_not_GetSecs
<RAW>/Control/SUBC48_SESSION02_2025MARCH17/SUBC048_SESSION2_2025MARCH17_MATLAB/3-Movie_Data/Results/March-17-2025_10-41-13_AM_Subject_is_SUBC045_SESSION2_selected_run_id_1.mat	.mat	e5a2b39cb00a7a27640299b885f9eb4a2b0b3fcee8b55a70795f9274b3f02348	ans:double[1x1]; answer:char[1]; change_eye:double[1x1]; comment:char[1]; outputFile:char[1]; outputFileID:double[1x1]; resultdir:char[1]; run_id:double[1x1]; t:char[1]; x:cell[1x1]; y:cell[1x1]		no	no	no	no	no	HIGH	PARTIAL	run_id_identity_only;_t_is_datestr_not_GetSecs
<RAW>/Control/SUBC48_SESSION02_2025MARCH17/SUBC048_SESSION2_2025MARCH17_MATLAB/3-Movie_Data/Results/March-17-2025_10-45-46_AM_Subject_is_SUBC045_SESSION2_selected_run_id_2.mat	.mat	34337f99f0dc08ca264af36fc7916ca66f30075b359630eaaef0890bda5411cf	ans:double[1x1]; answer:char[1]; change_eye:double[1x1]; comment:char[1]; outputFile:char[1]; outputFileID:double[1x1]; resultdir:char[1]; run_id:double[1x1]; t:char[1]; x:cell[1x1]; y:cell[1x1]		no	no	no	no	no	HIGH	PARTIAL	run_id_identity_only;_t_is_datestr_not_GetSecs
<RAW>/Control/SUBC48_SESSION02_2025MARCH17/SUBC048_SESSION2_2025MARCH17_MATLAB/3-Movie_Data/Results/March-17-2025_10-50-28_AM_Subject_is_SUBC045_SESSION2_selected_run_id_3.mat	.mat	ea9a366f4e01e9c24f840a7007aa353f95253c2291c7478ff07e919590c056e1	ans:double[1x1]; answer:char[1]; change_eye:double[1x1]; comment:char[1]; outputFile:char[1]; outputFileID:double[1x1]; resultdir:char[1]; run_id:double[1x1]; t:char[1]; x:cell[1x1]; y:cell[1x1]		no	no	no	no	no	HIGH	PARTIAL	run_id_identity_only;_t_is_datestr_not_GetSecs
<RAW>/Control/SUBC48_SESSION02_2025MARCH17/SUBC048_SESSION2_2025MARCH17_MATLAB/3-Movie_Data/Results/March-17-2025_10-54-14_AM_Subject_is_SUBC045_SESSION2_selected_run_id_4.mat	.mat	91d3a6c05cb70b3ed045c9b06b2c304dcd7b2dc0ff873d09a41248584e3b6e3d	ans:double[1x1]; answer:char[1]; change_eye:double[1x1]; comment:char[1]; outputFile:char[1]; outputFileID:double[1x1]; resultdir:char[1]; run_id:double[1x1]; t:char[1]; x:cell[1x1]; y:cell[1x1]		no	no	no	no	no	HIGH	PARTIAL	run_id_identity_only;_t_is_datestr_not_GetSecs
<RAW>/Control/SUBC49_Session01_2024SEP19/SUBC049_Session01_2024SEP19_MATLAB/3-Movie_Data/Results/September-19-2024_ 4-50-38_PM_Subject_is_SUBC049_Session01_selected_run_id_1.mat	.mat	e46ddedf46fb17a13efabaeb6cb6a80cdc0ed2e7b1712e858412efbd0c6d5b43	ans:double[1x1]; answer:char[1]; change_eye:double[1x1]; comment:char[1]; outputFile:char[1]; outputFileID:double[1x1]; resultdir:char[1]; run_id:double[1x1]; t:char[1]; x:cell[1x1]; y:cell[1x1]		no	no	no	no	no	HIGH	PARTIAL	run_id_identity_only;_t_is_datestr_not_GetSecs
<RAW>/Control/SUBC49_Session01_2024SEP19/SUBC049_Session01_2024SEP19_MATLAB/3-Movie_Data/Results/September-19-2024_ 4-55-24_PM_Subject_is_SUBC049_Session01_selected_run_id_2.mat	.mat	4fdd3a2920b7134d070eaf0ba5a904b82e180b12c6354fad1650c43023c3e934	ans:double[1x1]; answer:char[1]; change_eye:double[1x1]; comment:char[1]; outputFile:char[1]; outputFileID:double[1x1]; resultdir:char[1]; run_id:double[1x1]; t:char[1]; x:cell[1x1]; y:cell[1x1]		no	no	no	no	no	HIGH	PARTIAL	run_id_identity_only;_t_is_datestr_not_GetSecs
<RAW>/Control/SUBC49_Session01_2024SEP19/SUBC049_Session01_2024SEP19_MATLAB/3-Movie_Data/Results/September-19-2024_ 4-59-09_PM_Subject_is_SUBC049_Session01_selected_run_id_3.mat	.mat	9c3e534e5f7e822e197b0e86ebe371e00f4baad2ff779e300079efda5688b08f	ans:double[1x1]; answer:char[1]; change_eye:double[1x1]; comment:char[1]; outputFile:char[1]; outputFileID:double[1x1]; resultdir:char[1]; run_id:double[1x1]; t:char[1]; x:cell[1x1]; y:cell[1x1]		no	no	no	no	no	HIGH	PARTIAL	run_id_identity_only;_t_is_datestr_not_GetSecs
<RAW>/Control/SUBC49_Session01_2024SEP19/SUBC049_Session01_2024SEP19_MATLAB/3-Movie_Data/Results/September-19-2024_ 5-03-02_PM_Subject_is_SUBC049_Session01_selected_run_id_4.mat	.mat	5df3711e8196d8d1c3ff4fafed51273d540e1d101cf916cb21e2d60f001c55f1	ans:double[1x1]; answer:char[1]; change_eye:double[1x1]; comment:char[1]; outputFile:char[1]; outputFileID:double[1x1]; resultdir:char[1]; run_id:double[1x1]; t:char[1]; x:cell[1x1]; y:cell[1x1]		no	no	no	no	no	HIGH	PARTIAL	run_id_identity_only;_t_is_datestr_not_GetSecs
<RAW>/Control/SUBC49_Session2_2025March21/SUBC49_Session2-2025March21_MATLAB/3-Movie_Data/Results/March-21-2025_11-43-29_AM_Subject_is_SUBC49_SCAN2_selected_run_id_1.mat	.mat	6e0e1d95f35eace94224206ccbcb28599cc5aa30026e649c2299c4204044c928	ans:double[1x1]; answer:char[1]; change_eye:double[1x1]; comment:char[1]; outputFile:char[1]; outputFileID:double[1x1]; resultdir:char[1]; run_id:double[1x1]; t:char[1]; x:cell[1x1]; y:cell[1x1]		no	no	no	no	no	HIGH	PARTIAL	run_id_identity_only;_t_is_datestr_not_GetSecs
<RAW>/Control/SUBC49_Session2_2025March21/SUBC49_Session2-2025March21_MATLAB/3-Movie_Data/Results/March-21-2025_11-47-38_AM_Subject_is_SUBC49_SCAN2_selected_run_id_2.mat	.mat	66381e189569030fb94faf35732b373fefbd04247205d3e1546f3840653bbf3a	ans:double[1x1]; answer:char[1]; change_eye:double[1x1]; comment:char[1]; outputFile:char[1]; outputFileID:double[1x1]; resultdir:char[1]; run_id:double[1x1]; t:char[1]; x:cell[1x1]; y:cell[1x1]		no	no	no	no	no	HIGH	PARTIAL	run_id_identity_only;_t_is_datestr_not_GetSecs
<RAW>/Control/SUBC49_Session2_2025March21/SUBC49_Session2-2025March21_MATLAB/3-Movie_Data/Results/March-21-2025_11-51-30_AM_Subject_is_SUBC49_SCAN2_selected_run_id_3.mat	.mat	499a2e51ff388d41c3b252fc49ad331f3a9a4e851be514dc3c331af771ef5bef	ans:double[1x1]; answer:char[1]; change_eye:double[1x1]; comment:char[1]; outputFile:char[1]; outputFileID:double[1x1]; resultdir:char[1]; run_id:double[1x1]; t:char[1]; x:cell[1x1]; y:cell[1x1]		no	no	no	no	no	HIGH	PARTIAL	run_id_identity_only;_t_is_datestr_not_GetSecs
<RAW>/Control/SUBC49_Session2_2025March21/SUBC49_Session2-2025March21_MATLAB/3-Movie_Data/Results/March-21-2025_11-55-20_AM_Subject_is_SUBC49_SCAN2_selected_run_id_4.mat	.mat	a881b3c5c8746d3797ee7a9d1f4903821cf04b6ea38a9bb712467db80aa69945	ans:double[1x1]; answer:char[1]; change_eye:double[1x1]; comment:char[1]; outputFile:char[1]; outputFileID:double[1x1]; resultdir:char[1]; run_id:double[1x1]; t:char[1]; x:cell[1x1]; y:cell[1x1]		no	no	no	no	no	HIGH	PARTIAL	run_id_identity_only;_t_is_datestr_not_GetSecs
<RAW>/Control/SUBC50_Session01_2024OCT11/SUBC050_Session01_2024OCT11_MATLAB/3-Movie_Data/Results/October-11-2024_ 5-48-19_PM_Subject_is_SUBC050_Session01_2024OCT11_selected_run_id_1.mat	.mat	1ec504e79b3d3a318670e427ac722c95502ebf1c5190472ad89597ed287bec2f	ans:double[1x1]; answer:char[1]; change_eye:double[1x1]; comment:char[1]; outputFile:char[1]; outputFileID:double[1x1]; resultdir:char[1]; run_id:double[1x1]; t:char[1]; x:cell[1x1]; y:cell[1x1]		no	no	no	no	no	HIGH	PARTIAL	run_id_identity_only;_t_is_datestr_not_GetSecs
<RAW>/Control/SUBC50_Session01_2024OCT11/SUBC050_Session01_2024OCT11_MATLAB/3-Movie_Data/Results/October-11-2024_ 5-52-25_PM_Subject_is_SUBC050_Session01_2024OCT11_selected_run_id_2.mat	.mat	3f5f5a6e896371ae4a215c846ef0c6b167e5e8f7f551ffa38c5fe45f53809918	ans:double[1x1]; answer:char[1]; change_eye:double[1x1]; comment:char[1]; outputFile:char[1]; outputFileID:double[1x1]; resultdir:char[1]; run_id:double[1x1]; t:char[1]; x:cell[1x1]; y:cell[1x1]		no	no	no	no	no	HIGH	PARTIAL	run_id_identity_only;_t_is_datestr_not_GetSecs
<RAW>/Control/SUBC50_Session01_2024OCT11/SUBC050_Session01_2024OCT11_MATLAB/3-Movie_Data/Results/October-11-2024_ 5-56-15_PM_Subject_is_SUBC050_Session01_2024OCT11_selected_run_id_3.mat	.mat	dd8e0d691e3197fa95dc1990caa794ad24008486a3e3c673ac94d8ba4204f003	ans:double[1x1]; answer:char[1]; change_eye:double[1x1]; comment:char[1]; outputFile:char[1]; outputFileID:double[1x1]; resultdir:char[1]; run_id:double[1x1]; t:char[1]; x:cell[1x1]; y:cell[1x1]		no	no	no	no	no	HIGH	PARTIAL	run_id_identity_only;_t_is_datestr_not_GetSecs
<RAW>/Control/SUBC50_Session01_2024OCT11/SUBC050_Session01_2024OCT11_MATLAB/3-Movie_Data/Results/October-11-2024_ 6-00-06_PM_Subject_is_SUBC050_Session01_2024OCT11_selected_run_id_4.mat	.mat	5d30c9301340ed682fac1e72c0d7b4460e9edf6328555edcf84590e4293dfb63	ans:double[1x1]; answer:char[1]; change_eye:double[1x1]; comment:char[1]; outputFile:char[1]; outputFileID:double[1x1]; resultdir:char[1]; run_id:double[1x1]; t:char[1]; x:cell[1x1]; y:cell[1x1]		no	no	no	no	no	HIGH	PARTIAL	run_id_identity_only;_t_is_datestr_not_GetSecs
<RAW>/Control/SUBC50_Session02_2025MAY08/SUBC50_Session02_2025MAY08_matlab/3-Movie_Data/Results/May-08-2025_11-55-11_AM_Subject_is_SUBC50_Session02_selected_run_id_1.mat	.mat	d4772197a2f38965c90747a722566dd558a9e35570daaec0df75e302071e8e8b	ans:double[1x1]; answer:char[1]; change_eye:double[1x1]; comment:char[1]; outputFile:char[1]; outputFileID:double[1x1]; resultdir:char[1]; run_id:double[1x1]; t:char[1]; x:cell[1x1]; y:cell[1x1]		no	no	no	no	no	HIGH	PARTIAL	run_id_identity_only;_t_is_datestr_not_GetSecs
<RAW>/Control/SUBC50_Session02_2025MAY08/SUBC50_Session02_2025MAY08_matlab/3-Movie_Data/Results/May-08-2025_12-04-12_PM_Subject_is_SUBC50_Session02_selected_run_id_2.mat	.mat	916cf1c0da4a3d70d8202204e640ece4a1d874594166da35e8c0930895772772	ans:double[1x1]; answer:char[1]; change_eye:double[1x1]; comment:char[1]; outputFile:char[1]; outputFileID:double[1x1]; resultdir:char[1]; run_id:double[1x1]; t:char[1]; x:cell[1x1]; y:cell[1x1]		no	no	no	no	no	HIGH	PARTIAL	run_id_identity_only;_t_is_datestr_not_GetSecs
<RAW>/Control/SUBC50_Session02_2025MAY08/SUBC50_Session02_2025MAY08_matlab/3-Movie_Data/Results/May-08-2025_12-08-56_PM_Subject_is_SUBC50_Session02_selected_run_id_3.mat	.mat	e2094c61d90a67f3cbd376e6a2a9317a6673bc8607856a2f5d6ecd147ed7a062	ans:double[1x1]; answer:char[1]; change_eye:double[1x1]; comment:char[1]; outputFile:char[1]; outputFileID:double[1x1]; resultdir:char[1]; run_id:double[1x1]; t:char[1]; x:cell[1x1]; y:cell[1x1]		no	no	no	no	no	HIGH	PARTIAL	run_id_identity_only;_t_is_datestr_not_GetSecs
<RAW>/Control/SUBC50_Session02_2025MAY08/SUBC50_Session02_2025MAY08_matlab/3-Movie_Data/Results/May-08-2025_12-12-50_PM_Subject_is_SUBC50_Session02_selected_run_id_4.mat	.mat	4055147b876ccd445daf53e73c5c1dd8c4a5df2642fea1817eafd1d77618c224	ans:double[1x1]; answer:char[1]; change_eye:double[1x1]; comment:char[1]; outputFile:char[1]; outputFileID:double[1x1]; resultdir:char[1]; run_id:double[1x1]; t:char[1]; x:cell[1x1]; y:cell[1x1]		no	no	no	no	no	HIGH	PARTIAL	run_id_identity_only;_t_is_datestr_not_GetSecs
<RAW>/Control/SUBC51_Session01_2024OCT15/SUBC051_Session01_2024OCT15_matlab/3-Movie_Data/Results/October-15-2024_ 1-53-53_PM_Subject_is_SUBC051_Session01_selected_run_id_1.mat	.mat	14507b68e15f731ac031cd6660513126eb726dcb428d211503e85325c84db41e	ans:double[1x1]; answer:char[1]; change_eye:double[1x1]; comment:char[1]; outputFile:char[1]; outputFileID:double[1x1]; resultdir:char[1]; run_id:double[1x1]; t:char[1]; x:cell[1x1]; y:cell[1x1]		no	no	no	no	no	HIGH	PARTIAL	run_id_identity_only;_t_is_datestr_not_GetSecs
<RAW>/Control/SUBC51_Session01_2024OCT15/SUBC051_Session01_2024OCT15_matlab/3-Movie_Data/Results/October-15-2024_ 1-57-43_PM_Subject_is_SUBC051_Session01_selected_run_id_2.mat	.mat	66b7e829c9039d6a6cac834a9f19f2aeacb590546c1b0b1a556bde8fabd3e523	ans:double[1x1]; answer:char[1]; change_eye:double[1x1]; comment:char[1]; outputFile:char[1]; outputFileID:double[1x1]; resultdir:char[1]; run_id:double[1x1]; t:char[1]; x:cell[1x1]; y:cell[1x1]		no	no	no	no	no	HIGH	PARTIAL	run_id_identity_only;_t_is_datestr_not_GetSecs
<RAW>/Control/SUBC51_Session01_2024OCT15/SUBC051_Session01_2024OCT15_matlab/3-Movie_Data/Results/October-15-2024_ 2-01-31_PM_Subject_is_SUBC051_Session01_selected_run_id_3.mat	.mat	08f7fc3c5741aad63ede9052d3b089f622b86e7abb02ed7a58206748d37d11c7	ans:double[1x1]; answer:char[1]; change_eye:double[1x1]; comment:char[1]; outputFile:char[1]; outputFileID:double[1x1]; resultdir:char[1]; run_id:double[1x1]; t:char[1]; x:cell[1x1]; y:cell[1x1]		no	no	no	no	no	HIGH	PARTIAL	run_id_identity_only;_t_is_datestr_not_GetSecs
<RAW>/Control/SUBC51_Session01_2024OCT15/SUBC051_Session01_2024OCT15_matlab/3-Movie_Data/Results/October-15-2024_ 2-05-24_PM_Subject_is_SUBC051_Session01_selected_run_id_4.mat	.mat	29c19b859c9cd0bff0d82fe03a8df535f43f943020b4ac965af675ee01587a1d	ans:double[1x1]; answer:char[1]; change_eye:double[1x1]; comment:char[1]; outputFile:char[1]; outputFileID:double[1x1]; resultdir:char[1]; run_id:double[1x1]; t:char[1]; x:cell[1x1]; y:cell[1x1]		no	no	no	no	no	HIGH	PARTIAL	run_id_identity_only;_t_is_datestr_not_GetSecs
<RAW>/Control/SUBC53_Session01_2024NOV08/SUBC053_Session01_2024NOV08_MATLAB/3-Movie_Data/Results/November-08-2024_ 8-51-34_AM_Subject_is_SUBC053_selected_run_id_1.mat	.mat	f1bc1360190698a423f25e1dc94e37d425ef9bc72b086274c98605ee8893f4d4	ans:double[1x1]; answer:char[1]; change_eye:double[1x1]; comment:char[1]; outputFile:char[1]; outputFileID:double[1x1]; resultdir:char[1]; run_id:double[1x1]; t:char[1]; x:cell[1x1]; y:cell[1x1]		no	no	no	no	no	HIGH	PARTIAL	run_id_identity_only;_t_is_datestr_not_GetSecs
<RAW>/Control/SUBC53_Session01_2024NOV08/SUBC053_Session01_2024NOV08_MATLAB/3-Movie_Data/Results/November-08-2024_ 8-56-16_AM_Subject_is_SUBC053_selected_run_id_2.mat	.mat	a1073e3f76a45c5bf00371ff41f342666312be085715e7d58457e2935f928972	ans:double[1x1]; answer:char[1]; change_eye:double[1x1]; comment:char[1]; outputFile:char[1]; outputFileID:double[1x1]; resultdir:char[1]; run_id:double[1x1]; t:char[1]; x:cell[1x1]; y:cell[1x1]		no	no	no	no	no	HIGH	PARTIAL	run_id_identity_only;_t_is_datestr_not_GetSecs
<RAW>/Control/SUBC53_Session01_2024NOV08/SUBC053_Session01_2024NOV08_MATLAB/3-Movie_Data/Results/November-08-2024_ 9-00-24_AM_Subject_is_SUBC053_selected_run_id_3.mat	.mat	97b0b7deef6a97bfe3cf6a3a69748d0103bc86da44c2f483900073bc88c5c2fc	ans:double[1x1]; answer:char[1]; change_eye:double[1x1]; comment:char[1]; outputFile:char[1]; outputFileID:double[1x1]; resultdir:char[1]; run_id:double[1x1]; t:char[1]; x:cell[1x1]; y:cell[1x1]		no	no	no	no	no	HIGH	PARTIAL	run_id_identity_only;_t_is_datestr_not_GetSecs
<RAW>/Control/SUBC53_Session01_2024NOV08/SUBC053_Session01_2024NOV08_MATLAB/3-Movie_Data/Results/November-08-2024_ 9-04-14_AM_Subject_is_SUBC053_selected_run_id_4.mat	.mat	c321a350f2f42c849f5e0a78b2ad4818573be77ebba628b9aaffadeab9e04b85	ans:double[1x1]; answer:char[1]; change_eye:double[1x1]; comment:char[1]; outputFile:char[1]; outputFileID:double[1x1]; resultdir:char[1]; run_id:double[1x1]; t:char[1]; x:cell[1x1]; y:cell[1x1]		no	no	no	no	no	HIGH	PARTIAL	run_id_identity_only;_t_is_datestr_not_GetSecs
<RAW>/Control/SUBC53_Session02_2025MAY05/SUBC053_Session02_2025MAY05_matlab/3-Movie_Data/Results/May-05-2025_ 8-35-12_AM_Subject_is_SUBC53-Session2-2025May05_selected_run_id_1.mat	.mat	5ca53e6c2a73dbe12efc50e05136ecd869239c1944bf085a9a77a9d1ecd709ae	ans:double[1x1]; answer:char[1]; change_eye:double[1x1]; comment:char[1]; outputFile:char[1]; outputFileID:double[1x1]; resultdir:char[1]; run_id:double[1x1]; t:char[1]; x:cell[1x1]; y:cell[1x1]		no	no	no	no	no	HIGH	PARTIAL	run_id_identity_only;_t_is_datestr_not_GetSecs
<RAW>/Control/SUBC53_Session02_2025MAY05/SUBC053_Session02_2025MAY05_matlab/3-Movie_Data/Results/May-05-2025_ 8-40-33_AM_Subject_is_SUBC53-Session2-2025May05_selected_run_id_2.mat	.mat	5792b26c4fab2350bdbad8ee75458770de94e3010129a61375d0517e8684cbfd	ans:double[1x1]; answer:char[1]; change_eye:double[1x1]; comment:char[1]; outputFile:char[1]; outputFileID:double[1x1]; resultdir:char[1]; run_id:double[1x1]; t:char[1]; x:cell[1x1]; y:cell[1x1]		no	no	no	no	no	HIGH	PARTIAL	run_id_identity_only;_t_is_datestr_not_GetSecs
<RAW>/Control/SUBC53_Session02_2025MAY05/SUBC053_Session02_2025MAY05_matlab/3-Movie_Data/Results/May-05-2025_ 8-44-24_AM_Subject_is_SUBC53-Session2-2025May05_selected_run_id_3.mat	.mat	221b104834149770789bfcbe3c9b3d4c1e5e1d4ce4f22e91c53d0a31bc072be3	ans:double[1x1]; answer:char[1]; change_eye:double[1x1]; comment:char[1]; outputFile:char[1]; outputFileID:double[1x1]; resultdir:char[1]; run_id:double[1x1]; t:char[1]; x:cell[1x1]; y:cell[1x1]		no	no	no	no	no	HIGH	PARTIAL	run_id_identity_only;_t_is_datestr_not_GetSecs
<RAW>/Control/SUBC53_Session02_2025MAY05/SUBC053_Session02_2025MAY05_matlab/3-Movie_Data/Results/May-05-2025_ 8-48-10_AM_Subject_is_SUBC53-Session2-2025May05_selected_run_id_4.mat	.mat	9b0c60af983c039f3db2d4ee782d1609a5d548b5f505a622a22640e56a2b4c09	ans:double[1x1]; answer:char[1]; change_eye:double[1x1]; comment:char[1]; outputFile:char[1]; outputFileID:double[1x1]; resultdir:char[1]; run_id:double[1x1]; t:char[1]; x:cell[1x1]; y:cell[1x1]		no	no	no	no	no	HIGH	PARTIAL	run_id_identity_only;_t_is_datestr_not_GetSecs
<RAW>/Control/SUBC54_SESSION02_2025MAY27/3-Movie_Data/Results/May-27-2025_12-14-17_PM_Subject_is_SUBC054_SESSION02_2025MAY27_selected_run_id_1.mat	.mat	37201486018a8401a4865feb4fa8bcae597dc2186d7410ee00acd2e25ea35a58	ans:double[1x1]; answer:char[1]; change_eye:double[1x1]; comment:char[1]; outputFile:char[1]; outputFileID:double[1x1]; resultdir:char[1]; run_id:double[1x1]; t:char[1]; x:cell[1x1]; y:cell[1x1]		no	no	no	no	no	HIGH	PARTIAL	run_id_identity_only;_t_is_datestr_not_GetSecs
<RAW>/Control/SUBC54_SESSION02_2025MAY27/3-Movie_Data/Results/May-27-2025_12-19-30_PM_Subject_is_SUBC054_SESSION02_2025MAY27_selected_run_id_2.mat	.mat	a855cc1dd50f98ef65cb99e198a0824b9b40e64deb6632e3ac59045bdb0df4e4	ans:double[1x1]; answer:char[1]; change_eye:double[1x1]; comment:char[1]; outputFile:char[1]; outputFileID:double[1x1]; resultdir:char[1]; run_id:double[1x1]; t:char[1]; x:cell[1x1]; y:cell[1x1]		no	no	no	no	no	HIGH	PARTIAL	run_id_identity_only;_t_is_datestr_not_GetSecs
<RAW>/Control/SUBC54_SESSION02_2025MAY27/3-Movie_Data/Results/May-27-2025_12-23-23_PM_Subject_is_SUBC054_SESSION02_2025MAY27_selected_run_id_3.mat	.mat	f7d90beaa2f1c02ee6cc6bd9700a72c7193e00bc08712dfb00ce774441f7a619	ans:double[1x1]; answer:char[1]; change_eye:double[1x1]; comment:char[1]; outputFile:char[1]; outputFileID:double[1x1]; resultdir:char[1]; run_id:double[1x1]; t:char[1]; x:cell[1x1]; y:cell[1x1]		no	no	no	no	no	HIGH	PARTIAL	run_id_identity_only;_t_is_datestr_not_GetSecs
<RAW>/Control/SUBC54_SESSION02_2025MAY27/3-Movie_Data/Results/May-27-2025_12-27-13_PM_Subject_is_SUBC054_SESSION02_2025MAY27_selected_run_id_4.mat	.mat	0673475b552d23f67812545a2eb30931e0a602e44474eff6b8b4a5fab79f0b66	ans:double[1x1]; answer:char[1]; change_eye:double[1x1]; comment:char[1]; outputFile:char[1]; outputFileID:double[1x1]; resultdir:char[1]; run_id:double[1x1]; t:char[1]; x:cell[1x1]; y:cell[1x1]		no	no	no	no	no	HIGH	PARTIAL	run_id_identity_only;_t_is_datestr_not_GetSecs
<RAW>/Control/SUBC54_Session01_2024NOV29/SUBC054_Session01_2024NOV29_matlab/3-Movie_Data/Results/November-29-2024_ 3-16-29_PM_Subject_is_SUBC054_Session01_2024NOV29_selected_run_id_1.mat	.mat	acc69e974cd5c6f3c405fabc763793a4fcb7e4eda512efd8c9266684bc0ecc44	ans:double[1x1]; answer:char[1]; change_eye:double[1x1]; comment:char[1]; outputFile:char[1]; outputFileID:double[1x1]; resultdir:char[1]; run_id:double[1x1]; t:char[1]; x:cell[1x1]; y:cell[1x1]		no	no	no	no	no	HIGH	PARTIAL	run_id_identity_only;_t_is_datestr_not_GetSecs
<RAW>/Control/SUBC54_Session01_2024NOV29/SUBC054_Session01_2024NOV29_matlab/3-Movie_Data/Results/November-29-2024_ 3-20-28_PM_Subject_is_SUBC054_Session01_2024NOV29_selected_run_id_2.mat	.mat	1cf79850e9db4ee26f461c726867193dcbe64df7694477a0ad375fb5bc597e10	ans:double[1x1]; answer:char[1]; change_eye:double[1x1]; comment:char[1]; outputFile:char[1]; outputFileID:double[1x1]; resultdir:char[1]; run_id:double[1x1]; t:char[1]; x:cell[1x1]; y:cell[1x1]		no	no	no	no	no	HIGH	PARTIAL	run_id_identity_only;_t_is_datestr_not_GetSecs
<RAW>/Control/SUBC54_Session01_2024NOV29/SUBC054_Session01_2024NOV29_matlab/3-Movie_Data/Results/November-29-2024_ 3-24-20_PM_Subject_is_SUBC054_Session01_2024NOV29_selected_run_id_3.mat	.mat	9f77fea777639e8f82771b0396c6db30e42db822216035631d656e49771e6557	ans:double[1x1]; answer:char[1]; change_eye:double[1x1]; comment:char[1]; outputFile:char[1]; outputFileID:double[1x1]; resultdir:char[1]; run_id:double[1x1]; t:char[1]; x:cell[1x1]; y:cell[1x1]		no	no	no	no	no	HIGH	PARTIAL	run_id_identity_only;_t_is_datestr_not_GetSecs
<RAW>/Control/SUBC54_Session01_2024NOV29/SUBC054_Session01_2024NOV29_matlab/3-Movie_Data/Results/November-29-2024_ 3-30-08_PM_Subject_is_SUBC054_Session01_2024NOV29_selected_run_id_4.mat	.mat	d7121f8ec3f83a3492d7d78c15acbd8e8854fa6c2cb46e751f2094bc4d120126	ans:double[1x1]; answer:char[1]; change_eye:double[1x1]; comment:char[1]; outputFile:char[1]; outputFileID:double[1x1]; resultdir:char[1]; run_id:double[1x1]; t:char[1]; x:cell[1x1]; y:cell[1x1]		no	no	no	no	no	HIGH	PARTIAL	run_id_identity_only;_t_is_datestr_not_GetSecs
<RAW>/Control/SUBC55_SESSION01_2025FEB11/SUBC55_SESSION01_2025FEB11-MTALAB/3-Movie_Data/Results/February-11-2025_ 3-19-10_PM_Subject_is_SUBC55_SESSION01_selected_run_id_1.mat	.mat	db85487e97ef825d3f8b371dbb2c499a2a800ac0285049bdf2c834baa5293a43	ans:double[1x1]; answer:char[1]; change_eye:double[1x1]; comment:char[1]; outputFile:char[1]; outputFileID:double[1x1]; resultdir:char[1]; run_id:double[1x1]; t:char[1]; x:cell[1x1]; y:cell[1x1]		no	no	no	no	no	HIGH	PARTIAL	run_id_identity_only;_t_is_datestr_not_GetSecs
<RAW>/Control/SUBC55_SESSION01_2025FEB11/SUBC55_SESSION01_2025FEB11-MTALAB/3-Movie_Data/Results/February-11-2025_ 3-23-34_PM_Subject_is_SUBC55_SESSION01_selected_run_id_2.mat	.mat	fb070b6250fd8ab7f6a043d646bc4010127b6a0b8faa01a7f0a833fbb36be5ec	ans:double[1x1]; answer:char[1]; change_eye:double[1x1]; comment:char[1]; outputFile:char[1]; outputFileID:double[1x1]; resultdir:char[1]; run_id:double[1x1]; t:char[1]; x:cell[1x1]; y:cell[1x1]		no	no	no	no	no	HIGH	PARTIAL	run_id_identity_only;_t_is_datestr_not_GetSecs
<RAW>/Control/SUBC55_SESSION01_2025FEB11/SUBC55_SESSION01_2025FEB11-MTALAB/3-Movie_Data/Results/February-11-2025_ 3-27-38_PM_Subject_is_SUBC55_SESSION01_selected_run_id_3.mat	.mat	90d3285802891a317013818fae11840da256748d04db563d3c0314f2636aedea	ans:double[1x1]; answer:char[1]; change_eye:double[1x1]; comment:char[1]; outputFile:char[1]; outputFileID:double[1x1]; resultdir:char[1]; run_id:double[1x1]; t:char[1]; x:cell[1x1]; y:cell[1x1]		no	no	no	no	no	HIGH	PARTIAL	run_id_identity_only;_t_is_datestr_not_GetSecs
<RAW>/Control/SUBC55_SESSION01_2025FEB11/SUBC55_SESSION01_2025FEB11-MTALAB/3-Movie_Data/Results/February-11-2025_ 3-31-25_PM_Subject_is_SUBC55_SESSION01_selected_run_id_4.mat	.mat	edf601398f2325101680ad85bb72cfa21370fd369229aa7db2e1cf82413c8cb9	ans:double[1x1]; answer:char[1]; change_eye:double[1x1]; comment:char[1]; outputFile:char[1]; outputFileID:double[1x1]; resultdir:char[1]; run_id:double[1x1]; t:char[1]; x:cell[1x1]; y:cell[1x1]		no	no	no	no	no	HIGH	PARTIAL	run_id_identity_only;_t_is_datestr_not_GetSecs
<RAW>/Control/SUBC55_SESSION02_2025AUG14/SUBC55-Session2-2025AUG14/3-Movie_Data/Results/August-14-2025_10-49-35_AM_Subject_is_SUBC55-Session2-2025AUG14_selected_run_id_1.mat	.mat	e88de54cfa090a5c89621dba5613ff35826d784c9136ec61a3c9b8727e08c64c	ans:double[1x1]; answer:char[1]; change_eye:double[1x1]; comment:char[1]; outputFile:char[1]; outputFileID:double[1x1]; resultdir:char[1]; run_id:double[1x1]; t:char[1]; x:cell[1x1]; y:cell[1x1]		no	no	no	no	no	HIGH	PARTIAL	run_id_identity_only;_t_is_datestr_not_GetSecs
<RAW>/Control/SUBC55_SESSION02_2025AUG14/SUBC55-Session2-2025AUG14/3-Movie_Data/Results/August-14-2025_10-53-51_AM_Subject_is_SUBC55-Session2-2025AUG14_selected_run_id_2.mat	.mat	e7ad16a88990d78b0a59e8c45e11f631ab600869b786acb57c2f11b4987f9f7d	ans:double[1x1]; answer:char[1]; change_eye:double[1x1]; comment:char[1]; outputFile:char[1]; outputFileID:double[1x1]; resultdir:char[1]; run_id:double[1x1]; t:char[1]; x:cell[1x1]; y:cell[1x1]		no	no	no	no	no	HIGH	PARTIAL	run_id_identity_only;_t_is_datestr_not_GetSecs
<RAW>/Control/SUBC55_SESSION02_2025AUG14/SUBC55-Session2-2025AUG14/3-Movie_Data/Results/August-14-2025_10-57-39_AM_Subject_is_SUBC55-Session2-2025AUG14_selected_run_id_3.mat	.mat	1847735212b69636a480319fab18e4b0c872645265e5fbeecd0f352f83a6c84c	ans:double[1x1]; answer:char[1]; change_eye:double[1x1]; comment:char[1]; outputFile:char[1]; outputFileID:double[1x1]; resultdir:char[1]; run_id:double[1x1]; t:char[1]; x:cell[1x1]; y:cell[1x1]		no	no	no	no	no	HIGH	PARTIAL	run_id_identity_only;_t_is_datestr_not_GetSecs
<RAW>/Control/SUBC55_SESSION02_2025AUG14/SUBC55-Session2-2025AUG14/3-Movie_Data/Results/August-14-2025_11-01-29_AM_Subject_is_SUBC55-Session2-2025AUG14_selected_run_id_4.mat	.mat	c1621e81ef2d813bfa09553ec4db0d0823f48e25a0f0b53f6fbd5c8a36996586	ans:double[1x1]; answer:char[1]; change_eye:double[1x1]; comment:char[1]; outputFile:char[1]; outputFileID:double[1x1]; resultdir:char[1]; run_id:double[1x1]; t:char[1]; x:cell[1x1]; y:cell[1x1]		no	no	no	no	no	HIGH	PARTIAL	run_id_identity_only;_t_is_datestr_not_GetSecs
<RAW>/Control/SUBC56_Session01_2025MAY15/SUBC56_Session01_2025MAY15_MATLAB/3-Movie_Data/Results/May-15-2025_ 2-02-37_PM_Subject_is_SUBC56_SESSION01_selected_run_id_1.mat	.mat	3698445b8f69bed694a6c3f2202f227ed112aee50ff23bd4de3188409719ae88	ans:double[1x1]; answer:char[1]; change_eye:double[1x1]; comment:char[1]; outputFile:char[1]; outputFileID:double[1x1]; resultdir:char[1]; run_id:double[1x1]; t:char[1]; x:cell[1x1]; y:cell[1x1]		no	no	no	no	no	HIGH	PARTIAL	run_id_identity_only;_t_is_datestr_not_GetSecs
<RAW>/Control/SUBC56_Session01_2025MAY15/SUBC56_Session01_2025MAY15_MATLAB/3-Movie_Data/Results/May-15-2025_ 2-06-30_PM_Subject_is_SUBC56_SESSION01_selected_run_id_2.mat	.mat	6cf69b2f38749b4fdde0ac6598ccedbb7bb9a170b7a50e0ac90ec5287f1c4dee	ans:double[1x1]; answer:char[1]; change_eye:double[1x1]; comment:char[1]; outputFile:char[1]; outputFileID:double[1x1]; resultdir:char[1]; run_id:double[1x1]; t:char[1]; x:cell[1x1]; y:cell[1x1]		no	no	no	no	no	HIGH	PARTIAL	run_id_identity_only;_t_is_datestr_not_GetSecs
<RAW>/Control/SUBC56_Session01_2025MAY15/SUBC56_Session01_2025MAY15_MATLAB/3-Movie_Data/Results/May-15-2025_ 2-10-24_PM_Subject_is_SUBC56_SESSION01_selected_run_id_3.mat	.mat	7babda1c6a2088286d7d06cd3b7f5967976a6a8a4ac7df38a36c2f658139c8af	ans:double[1x1]; answer:char[1]; change_eye:double[1x1]; comment:char[1]; outputFile:char[1]; outputFileID:double[1x1]; resultdir:char[1]; run_id:double[1x1]; t:char[1]; x:cell[1x1]; y:cell[1x1]		no	no	no	no	no	HIGH	PARTIAL	run_id_identity_only;_t_is_datestr_not_GetSecs
<RAW>/Control/SUBC56_Session01_2025MAY15/SUBC56_Session01_2025MAY15_MATLAB/3-Movie_Data/Results/May-15-2025_ 2-14-15_PM_Subject_is_SUBC56_SESSION01_selected_run_id_4.mat	.mat	7208560c0f4d9b2e9a1883573a14d24b9ce9ba19ceb90287fd5eefb1bb64bf29	ans:double[1x1]; answer:char[1]; change_eye:double[1x1]; comment:char[1]; outputFile:char[1]; outputFileID:double[1x1]; resultdir:char[1]; run_id:double[1x1]; t:char[1]; x:cell[1x1]; y:cell[1x1]		no	no	no	no	no	HIGH	PARTIAL	run_id_identity_only;_t_is_datestr_not_GetSecs
<RAW>/Control/SUBC57_Session01_2025AUG11/SUBC057_SESSION01_2025AUG11-matlab/3-Movie_Data/Results/August-11-2025_ 2-46-31_PM_Subject_is_SUBC57_session1_2024AUG11_selected_run_id_1.mat	.mat	324ca55d91cebe746d237e73eb58b89fbe8391e5dc8023d168f3e822ee1d52d4	ans:double[1x1]; answer:char[1]; change_eye:double[1x1]; comment:char[1]; outputFile:char[1]; outputFileID:double[1x1]; resultdir:char[1]; run_id:double[1x1]; t:char[1]; x:cell[1x1]; y:cell[1x1]		no	no	no	no	no	HIGH	PARTIAL	run_id_identity_only;_t_is_datestr_not_GetSecs
<RAW>/Control/SUBC57_Session01_2025AUG11/SUBC057_SESSION01_2025AUG11-matlab/3-Movie_Data/Results/August-11-2025_ 2-50-49_PM_Subject_is_SUBC57_session1_2024AUG11_selected_run_id_2.mat	.mat	5c08187fc3ee09dfc52a470855939f04d503c0c74c04d4218801429656b733c0	ans:double[1x1]; answer:char[1]; change_eye:double[1x1]; comment:char[1]; outputFile:char[1]; outputFileID:double[1x1]; resultdir:char[1]; run_id:double[1x1]; t:char[1]; x:cell[1x1]; y:cell[1x1]		no	no	no	no	no	HIGH	PARTIAL	run_id_identity_only;_t_is_datestr_not_GetSecs
<RAW>/Control/SUBC57_Session01_2025AUG11/SUBC057_SESSION01_2025AUG11-matlab/3-Movie_Data/Results/August-11-2025_ 2-54-42_PM_Subject_is_SUBC57_session1_2024AUG11_selected_run_id_3.mat	.mat	15bdebb97b3f512158546be51cb32e954409cfbf7ae8d9c63c1cc100064df258	ans:double[1x1]; answer:char[1]; change_eye:double[1x1]; comment:char[1]; outputFile:char[1]; outputFileID:double[1x1]; resultdir:char[1]; run_id:double[1x1]; t:char[1]; x:cell[1x1]; y:cell[1x1]		no	no	no	no	no	HIGH	PARTIAL	run_id_identity_only;_t_is_datestr_not_GetSecs
<RAW>/Control/SUBC57_Session01_2025AUG11/SUBC057_SESSION01_2025AUG11-matlab/3-Movie_Data/Results/August-11-2025_ 2-58-36_PM_Subject_is_SUBC57_session1_2024AUG11_selected_run_id_4.mat	.mat	d2dd0fc137cc715e94d7d14883f63ffaf9b6012fc01bba4592d717381f7b227e	ans:double[1x1]; answer:char[1]; change_eye:double[1x1]; comment:char[1]; outputFile:char[1]; outputFileID:double[1x1]; resultdir:char[1]; run_id:double[1x1]; t:char[1]; x:cell[1x1]; y:cell[1x1]		no	no	no	no	no	HIGH	PARTIAL	run_id_identity_only;_t_is_datestr_not_GetSecs
<RAW>/Data_ON/SUBON01_Session01_2024MAY28/SUBON01-Session1-202May28_MATLAB/3-Movie_Data/Results/May-28-2024_ 5-18-20_PM_Subject_is_SUBON1_selected_run_id_1.mat	.mat	bf01bc9c2eac91b9b58e6f2e8b0b6218a959f765bbf3abb2d2e5b5390ccf905a	ans:double[1x1]; answer:char[1]; change_eye:double[1x1]; comment:char[1]; outputFile:char[1]; outputFileID:double[1x1]; resultdir:char[1]; run_id:double[1x1]; t:char[1]; x:cell[1x1]; y:cell[1x1]		no	no	no	no	no	HIGH	PARTIAL	run_id_identity_only;_t_is_datestr_not_GetSecs
<RAW>/Data_ON/SUBON01_Session01_2024MAY28/SUBON01-Session1-202May28_MATLAB/3-Movie_Data/Results/May-28-2024_ 5-19-47_PM_Subject_is_SUBON1_selected_run_id_1.mat	.mat	b62f0d1fa77d47b4209a9ca07ecb193f97e2a25be54811da9bba396ea504ef2d	ans:double[1x1]; answer:char[1]; change_eye:double[1x1]; comment:char[1]; outputFile:char[1]; outputFileID:double[1x1]; resultdir:char[1]; run_id:double[1x1]; t:char[1]; x:cell[1x1]; y:cell[1x1]		no	no	no	no	no	HIGH	PARTIAL	run_id_identity_only;_t_is_datestr_not_GetSecs
<RAW>/Data_ON/SUBON01_Session01_2024MAY28/SUBON01-Session1-202May28_MATLAB/3-Movie_Data/Results/May-28-2024_ 5-23-39_PM_Subject_is_SUBON1_selected_run_id_2.mat	.mat	32b86c7e201b466e265219465699acce6cb552222f75cc52da66308997d55405	ans:double[1x1]; answer:char[1]; change_eye:double[1x1]; comment:char[1]; outputFile:char[1]; outputFileID:double[1x1]; resultdir:char[1]; run_id:double[1x1]; t:char[1]; x:cell[1x1]; y:cell[1x1]		no	no	no	no	no	HIGH	PARTIAL	run_id_identity_only;_t_is_datestr_not_GetSecs
<RAW>/Data_ON/SUBON01_Session01_2024MAY28/SUBON01-Session1-202May28_MATLAB/3-Movie_Data/Results/May-28-2024_ 5-27-39_PM_Subject_is_SUBON1_selected_run_id_3.mat	.mat	570bc39fe907b277c91bbe6ce3b40b747c090d3f2666bcaa9d8c37366af61b9d	ans:double[1x1]; answer:char[1]; change_eye:double[1x1]; comment:char[1]; outputFile:char[1]; outputFileID:double[1x1]; resultdir:char[1]; run_id:double[1x1]; t:char[1]; x:cell[1x1]; y:cell[1x1]		no	no	no	no	no	HIGH	PARTIAL	run_id_identity_only;_t_is_datestr_not_GetSecs
<RAW>/Data_ON/SUBON01_Session01_2024MAY28/SUBON01-Session1-202May28_MATLAB/3-Movie_Data/Results/May-28-2024_ 5-31-50_PM_Subject_is_SUBON1_selected_run_id_4.mat	.mat	43c3dfde09814f267bc3cf7691c373787ec91d814eefdc0d3849e40c66f2899d	ans:double[1x1]; answer:char[1]; change_eye:double[1x1]; comment:char[1]; outputFile:char[1]; outputFileID:double[1x1]; resultdir:char[1]; run_id:double[1x1]; t:char[1]; x:cell[1x1]; y:cell[1x1]		no	no	no	no	no	HIGH	PARTIAL	run_id_identity_only;_t_is_datestr_not_GetSecs
<RAW>/Data_ON/SUBON04-Session1-2025MAY17/SUBON04-Session1-2025MAY17_MATLAB/3-Movie_Data/Results/May-17-2025_12-02-31_PM_Subject_is_SUBON04-SESSION1_selected_run_id_1.mat	.mat	30c1d995d525e9366390bad5566136f7108755738ac9f5df2947d7ea5e07f97a	ans:double[1x1]; answer:char[1]; change_eye:double[1x1]; comment:char[1]; outputFile:char[1]; outputFileID:double[1x1]; resultdir:char[1]; run_id:double[1x1]; t:char[1]; x:cell[1x1]; y:cell[1x1]		no	no	no	no	no	HIGH	PARTIAL	run_id_identity_only;_t_is_datestr_not_GetSecs
<RAW>/Data_ON/SUBON04-Session1-2025MAY17/SUBON04-Session1-2025MAY17_MATLAB/3-Movie_Data/Results/May-17-2025_12-11-54_PM_Subject_is_SUBON04-SESSION1_selected_run_id_2.mat	.mat	cb7b738fcf20926c694372b934925a744d23782aae1882b2db27118ccbf6657e	ans:double[1x1]; answer:char[1]; change_eye:double[1x1]; comment:char[1]; outputFile:char[1]; outputFileID:double[1x1]; resultdir:char[1]; run_id:double[1x1]; t:char[1]; x:cell[1x1]; y:cell[1x1]		no	no	no	no	no	HIGH	PARTIAL	run_id_identity_only;_t_is_datestr_not_GetSecs
<RAW>/Data_ON/SUBON04-Session1-2025MAY17/SUBON04-Session1-2025MAY17_MATLAB/3-Movie_Data/Results/May-17-2025_12-15-47_PM_Subject_is_SUBON04-SESSION1_selected_run_id_3.mat	.mat	781418f69f09791a7c3b2c095d03617417a0ac1c6ba0ae8bbb05e2041f717b84	ans:double[1x1]; answer:char[1]; change_eye:double[1x1]; comment:char[1]; outputFile:char[1]; outputFileID:double[1x1]; resultdir:char[1]; run_id:double[1x1]; t:char[1]; x:cell[1x1]; y:cell[1x1]		no	no	no	no	no	HIGH	PARTIAL	run_id_identity_only;_t_is_datestr_not_GetSecs
<RAW>/Data_ON/SUBON04-Session1-2025MAY17/SUBON04-Session1-2025MAY17_MATLAB/3-Movie_Data/Results/May-17-2025_12-19-49_PM_Subject_is_SUBON04-SESSION1_selected_run_id_4.mat	.mat	995a85d1625ea3843ba46960c71061d7cd7d368bf17ffbf5603e21b42fe1757a	ans:double[1x1]; answer:char[1]; change_eye:double[1x1]; comment:char[1]; outputFile:char[1]; outputFileID:double[1x1]; resultdir:char[1]; run_id:double[1x1]; t:char[1]; x:cell[1x1]; y:cell[1x1]		no	no	no	no	no	HIGH	PARTIAL	run_id_identity_only;_t_is_datestr_not_GetSecs
<RAW>/Data_ON/SUBON06_Session01_2025AUG13/SUBON06_SESSION01_2025AUG13_matlab/3-Movie_Data/Results/August-13-2025_ 4-15-01_PM_Subject_is_SUBON06_SESSION01_2025AUG13_selected_run_id_1.mat	.mat	acbf1afabc4c8226a1278f0374668481507a60b4c297912747c40da5f55cbb62	ans:double[1x1]; answer:char[1]; change_eye:double[1x1]; comment:char[1]; outputFile:char[1]; outputFileID:double[1x1]; resultdir:char[1]; run_id:double[1x1]; t:char[1]; x:cell[1x1]; y:cell[1x1]		no	no	no	no	no	HIGH	PARTIAL	run_id_identity_only;_t_is_datestr_not_GetSecs
<RAW>/Data_ON/SUBON06_Session01_2025AUG13/SUBON06_SESSION01_2025AUG13_matlab/3-Movie_Data/Results/August-13-2025_ 4-19-30_PM_Subject_is_SUBON06_SESSION01_2025AUG13_selected_run_id_2.mat	.mat	98ac28c4c3fe9e9a78f83701442914b0435f581b7e86bafc62fd67fc6c14104a	ans:double[1x1]; answer:char[1]; change_eye:double[1x1]; comment:char[1]; outputFile:char[1]; outputFileID:double[1x1]; resultdir:char[1]; run_id:double[1x1]; t:char[1]; x:cell[1x1]; y:cell[1x1]		no	no	no	no	no	HIGH	PARTIAL	run_id_identity_only;_t_is_datestr_not_GetSecs
<RAW>/Data_ON/SUBON06_Session01_2025AUG13/SUBON06_SESSION01_2025AUG13_matlab/3-Movie_Data/Results/August-13-2025_ 4-23-31_PM_Subject_is_SUBON06_SESSION01_2025AUG13_selected_run_id_3.mat	.mat	387e1cbff1049f07a24523b6e19e46990e9c162562dcf3ce6f627cf25cc2f682	ans:double[1x1]; answer:char[1]; change_eye:double[1x1]; comment:char[1]; outputFile:char[1]; outputFileID:double[1x1]; resultdir:char[1]; run_id:double[1x1]; t:char[1]; x:cell[1x1]; y:cell[1x1]		no	no	no	no	no	HIGH	PARTIAL	run_id_identity_only;_t_is_datestr_not_GetSecs
<RAW>/Data_ON/SUBON06_Session01_2025AUG13/SUBON06_SESSION01_2025AUG13_matlab/3-Movie_Data/Results/August-13-2025_ 4-27-33_PM_Subject_is_SUBON06_SESSION01_2025AUG13_selected_run_id_4.mat	.mat	914dc74f7c7e374c9fab975b1dd90d5478513c841733a5a13d6bdbb26d2b423d	ans:double[1x1]; answer:char[1]; change_eye:double[1x1]; comment:char[1]; outputFile:char[1]; outputFileID:double[1x1]; resultdir:char[1]; run_id:double[1x1]; t:char[1]; x:cell[1x1]; y:cell[1x1]		no	no	no	no	no	HIGH	PARTIAL	run_id_identity_only;_t_is_datestr_not_GetSecs
<RAW>/Data_ON/SUBON07_Session01_2025AUG15/SUBON07_SESSION01_2025AUG15_matlab/3-Movie_Data/Results/August-15-2025_ 4-24-45_PM_Subject_is_SUBON07_SESSION01_selected_run_id_1.mat	.mat	a7e7d3fc6cd3f94beb637aae1b237d6cbac0498479a08b9bca53c4120358b785	ans:double[1x1]; answer:char[1]; change_eye:double[1x1]; comment:char[1]; outputFile:char[1]; outputFileID:double[1x1]; resultdir:char[1]; run_id:double[1x1]; t:char[1]; x:cell[1x1]; y:cell[1x1]		no	no	no	no	no	HIGH	PARTIAL	run_id_identity_only;_t_is_datestr_not_GetSecs
<RAW>/Data_ON/SUBON07_Session01_2025AUG15/SUBON07_SESSION01_2025AUG15_matlab/3-Movie_Data/Results/August-15-2025_ 4-29-11_PM_Subject_is_SUBON07_SESSION01_selected_run_id_2.mat	.mat	e45153af061a6274f8e2f8fcd81c8b3e0848c842c60026c8d66772405717942a	ans:double[1x1]; answer:char[1]; change_eye:double[1x1]; comment:char[1]; outputFile:char[1]; outputFileID:double[1x1]; resultdir:char[1]; run_id:double[1x1]; t:char[1]; x:cell[1x1]; y:cell[1x1]		no	no	no	no	no	HIGH	PARTIAL	run_id_identity_only;_t_is_datestr_not_GetSecs
<RAW>/Data_ON/SUBON07_Session01_2025AUG15/SUBON07_SESSION01_2025AUG15_matlab/3-Movie_Data/Results/August-15-2025_ 4-33-03_PM_Subject_is_SUBON07_SESSION01_selected_run_id_3.mat	.mat	06872ce259b55607094296fba8c20fc64c1f44a92e763254fde4754f83d0e347	ans:double[1x1]; answer:char[1]; change_eye:double[1x1]; comment:char[1]; outputFile:char[1]; outputFileID:double[1x1]; resultdir:char[1]; run_id:double[1x1]; t:char[1]; x:cell[1x1]; y:cell[1x1]		no	no	no	no	no	HIGH	PARTIAL	run_id_identity_only;_t_is_datestr_not_GetSecs
<RAW>/Data_ON/SUBON07_Session01_2025AUG15/SUBON07_SESSION01_2025AUG15_matlab/3-Movie_Data/Results/August-15-2025_ 4-37-14_PM_Subject_is_SUBON07_SESSION01_selected_run_id_4.mat	.mat	7b44d89d290d5566cf9d9aa55ce2bd4b4537d32c7f730938d3dce56c0ff22436	ans:double[1x1]; answer:char[1]; change_eye:double[1x1]; comment:char[1]; outputFile:char[1]; outputFileID:double[1x1]; resultdir:char[1]; run_id:double[1x1]; t:char[1]; x:cell[1x1]; y:cell[1x1]		no	no	no	no	no	HIGH	PARTIAL	run_id_identity_only;_t_is_datestr_not_GetSecs
<RAW>/Data_ON/SUBON1_Session02_12DEC2024/SUBON1-Session2-2024DEC13-MATLAB/SUBON-session2-2024DEC13/3-Movie_Data/Results/December-13-2024_ 3-01-09_PM_Subject_is_SUBON1-Session2-2024DEC13_selected_run_id_1.mat	.mat	794e0c8a11adf5274833c6e3eab8d0fed831b5c4ea2a98924f9e5bfe1c7cc598	ans:double[1x1]; answer:char[1]; change_eye:double[1x1]; comment:char[1]; outputFile:char[1]; outputFileID:double[1x1]; resultdir:char[1]; run_id:double[1x1]; t:char[1]; x:cell[1x1]; y:cell[1x1]		no	no	no	no	no	HIGH	PARTIAL	run_id_identity_only;_t_is_datestr_not_GetSecs
<RAW>/Data_ON/SUBON1_Session02_12DEC2024/SUBON1-Session2-2024DEC13-MATLAB/SUBON-session2-2024DEC13/3-Movie_Data/Results/December-13-2024_ 3-05-17_PM_Subject_is_SUBON1-Session2-2024DEC13_selected_run_id_2.mat	.mat	8d8f50573b385f01dca9338faf05bc4cccf4df41e36f81f11bf6435e4464f0a8	ans:double[1x1]; answer:char[1]; change_eye:double[1x1]; comment:char[1]; outputFile:char[1]; outputFileID:double[1x1]; resultdir:char[1]; run_id:double[1x1]; t:char[1]; x:cell[1x1]; y:cell[1x1]		no	no	no	no	no	HIGH	PARTIAL	run_id_identity_only;_t_is_datestr_not_GetSecs
<RAW>/Data_ON/SUBON1_Session02_12DEC2024/SUBON1-Session2-2024DEC13-MATLAB/SUBON-session2-2024DEC13/3-Movie_Data/Results/December-13-2024_ 3-09-46_PM_Subject_is_SUBON1-Session2-2024DEC13_selected_run_id_3.mat	.mat	9c0814a6a35c031836cc6268e505240f49e236b06ac18f99bc816666c84524d0	ans:double[1x1]; answer:char[1]; change_eye:double[1x1]; comment:char[1]; outputFile:char[1]; outputFileID:double[1x1]; resultdir:char[1]; run_id:double[1x1]; t:char[1]; x:cell[1x1]; y:cell[1x1]		no	no	no	no	no	HIGH	PARTIAL	run_id_identity_only;_t_is_datestr_not_GetSecs
<RAW>/Data_ON/SUBON1_Session02_12DEC2024/SUBON1-Session2-2024DEC13-MATLAB/SUBON-session2-2024DEC13/3-Movie_Data/Results/December-13-2024_ 3-13-46_PM_Subject_is_SUBON1-Session2-2024DEC13_selected_run_id_4.mat	.mat	a0f7290585f5e1871441c7f117a32e4a58d509457ddcac81c0e6d85d01edbed9	ans:double[1x1]; answer:char[1]; change_eye:double[1x1]; comment:char[1]; outputFile:char[1]; outputFileID:double[1x1]; resultdir:char[1]; run_id:double[1x1]; t:char[1]; x:cell[1x1]; y:cell[1x1]		no	no	no	no	no	HIGH	PARTIAL	run_id_identity_only;_t_is_datestr_not_GetSecs
<RAW>/Data_ON/SUBON2_Session01_26FEB2025/SUBON2-Session1-2025FEB26-MATLAB/3-Movie_Data/Results/February-26-2025_10-03-26_AM_Subject_is_SUBON2-SCAN1_selected_run_id_1.mat	.mat	c77152babe8b95ec5e92d98810c4e0d8cf110e269f556f0ca2553e29060a8f92	ans:double[1x1]; answer:char[1]; change_eye:double[1x1]; comment:char[1]; outputFile:char[1]; outputFileID:double[1x1]; resultdir:char[1]; run_id:double[1x1]; t:char[1]; x:cell[1x1]; y:cell[1x1]		no	no	no	no	no	HIGH	PARTIAL	run_id_identity_only;_t_is_datestr_not_GetSecs
<RAW>/Data_ON/SUBON2_Session01_26FEB2025/SUBON2-Session1-2025FEB26-MATLAB/3-Movie_Data/Results/February-26-2025_10-08-04_AM_Subject_is_SUBON2-SCAN1_selected_run_id_2.mat	.mat	817ec6fc2a7918f7c7c88bc945e0477ae18409789c7af164f217a267b1287999	ans:double[1x1]; answer:char[1]; change_eye:double[1x1]; comment:char[1]; outputFile:char[1]; outputFileID:double[1x1]; resultdir:char[1]; run_id:double[1x1]; t:char[1]; x:cell[1x1]; y:cell[1x1]		no	no	no	no	no	HIGH	PARTIAL	run_id_identity_only;_t_is_datestr_not_GetSecs
<RAW>/Data_ON/SUBON2_Session01_26FEB2025/SUBON2-Session1-2025FEB26-MATLAB/3-Movie_Data/Results/February-26-2025_10-12-21_AM_Subject_is_SUBON2-SCAN1_selected_run_id_3.mat	.mat	4947c51f36828519da2ed645e5d05138d1defe12aab8ecd49415596b2ed4351b	ans:double[1x1]; answer:char[1]; change_eye:double[1x1]; comment:char[1]; outputFile:char[1]; outputFileID:double[1x1]; resultdir:char[1]; run_id:double[1x1]; t:char[1]; x:cell[1x1]; y:cell[1x1]		no	no	no	no	no	HIGH	PARTIAL	run_id_identity_only;_t_is_datestr_not_GetSecs
<RAW>/Data_ON/SUBON2_Session01_26FEB2025/SUBON2-Session1-2025FEB26-MATLAB/3-Movie_Data/Results/February-26-2025_10-16-19_AM_Subject_is_SUBON2-SCAN1_selected_run_id_4.mat	.mat	07ba36a01e4908933694b2dc714e7718f8f843ed51bbb7ae9b802a32429ed7d5	ans:double[1x1]; answer:char[1]; change_eye:double[1x1]; comment:char[1]; outputFile:char[1]; outputFileID:double[1x1]; resultdir:char[1]; run_id:double[1x1]; t:char[1]; x:cell[1x1]; y:cell[1x1]		no	no	no	no	no	HIGH	PARTIAL	run_id_identity_only;_t_is_datestr_not_GetSecs
<RAW>/Data_ON/SUBON3_Session01_03MAY2025/matlab/SUBON03-Session1-2025MAY03/3-Movie_Data/Results/May-03-2025_10-24-05_AM_Subject_is_SUBON03-Session1-2025MAY03_selected_run_id_1.mat	.mat	1104299bc4273b13687cf6b9cb77eea1bbff420201671005af31a98cc6120c93	ans:double[1x1]; answer:char[1]; change_eye:double[1x1]; comment:char[1]; outputFile:char[1]; outputFileID:double[1x1]; resultdir:char[1]; run_id:double[1x1]; t:char[1]; x:cell[1x1]; y:cell[1x1]		no	no	no	no	no	HIGH	PARTIAL	run_id_identity_only;_t_is_datestr_not_GetSecs
<RAW>/Data_ON/SUBON3_Session01_03MAY2025/matlab/SUBON03-Session1-2025MAY03/3-Movie_Data/Results/May-03-2025_10-29-08_AM_Subject_is_SUBON03-Session1-2025MAY03_selected_run_id_2.mat	.mat	ea6e34757eec268abbd2e94328d6e2d358d6f47b6d43126af85b697b02f7ad47	ans:double[1x1]; answer:char[1]; change_eye:double[1x1]; comment:char[1]; outputFile:char[1]; outputFileID:double[1x1]; resultdir:char[1]; run_id:double[1x1]; t:char[1]; x:cell[1x1]; y:cell[1x1]		no	no	no	no	no	HIGH	PARTIAL	run_id_identity_only;_t_is_datestr_not_GetSecs
<RAW>/Data_ON/SUBON3_Session01_03MAY2025/matlab/SUBON03-Session1-2025MAY03/3-Movie_Data/Results/May-03-2025_10-32-57_AM_Subject_is_SUBON03-Session1-2025MAY03_selected_run_id_3.mat	.mat	be9069c2a2b3effa69258a82dcbd398efc1a251b433e068a8708e38bb1786619	ans:double[1x1]; answer:char[1]; change_eye:double[1x1]; comment:char[1]; outputFile:char[1]; outputFileID:double[1x1]; resultdir:char[1]; run_id:double[1x1]; t:char[1]; x:cell[1x1]; y:cell[1x1]		no	no	no	no	no	HIGH	PARTIAL	run_id_identity_only;_t_is_datestr_not_GetSecs
<RAW>/Data_ON/SUBON3_Session01_03MAY2025/matlab/SUBON03-Session1-2025MAY03/3-Movie_Data/Results/May-03-2025_10-36-52_AM_Subject_is_SUBON03-Session1-2025MAY03_selected_run_id_4.mat	.mat	369f60325da56d83b0cf072039986a26a3b967d8b2cbd1ab6c0f53b8fa9c4f3b	ans:double[1x1]; answer:char[1]; change_eye:double[1x1]; comment:char[1]; outputFile:char[1]; outputFileID:double[1x1]; resultdir:char[1]; run_id:double[1x1]; t:char[1]; x:cell[1x1]; y:cell[1x1]		no	no	no	no	no	HIGH	PARTIAL	run_id_identity_only;_t_is_datestr_not_GetSecs
<RAW>/Data_TON/SUBT01_Session02_2024JUN01/SUBT01_Session02_2024JUN01_MATLAB/3-Movie_Data/Results/June-01-2024_ 3-11-05_PM_Subject_is_T01_selected_run_id_1.mat	.mat	26c934d2fba46535a783f93b99d388b2470cf591cd33e3c5180659444b8c9f1b	ans:double[1x1]; answer:char[1]; change_eye:double[1x1]; comment:char[1]; outputFile:char[1]; outputFileID:double[1x1]; resultdir:char[1]; run_id:double[1x1]; t:char[1]; x:cell[1x1]; y:cell[1x1]		no	no	no	no	no	HIGH	PARTIAL	run_id_identity_only;_t_is_datestr_not_GetSecs
<RAW>/Data_TON/SUBT01_Session02_2024JUN01/SUBT01_Session02_2024JUN01_MATLAB/3-Movie_Data/Results/June-01-2024_ 3-15-24_PM_Subject_is_T01_selected_run_id_2.mat	.mat	e6639c34512c0c136c5531b6a392eb074aee42d4196ced9305ac57fd2d54459f	ans:double[1x1]; answer:char[1]; change_eye:double[1x1]; comment:char[1]; outputFile:char[1]; outputFileID:double[1x1]; resultdir:char[1]; run_id:double[1x1]; t:char[1]; x:cell[1x1]; y:cell[1x1]		no	no	no	no	no	HIGH	PARTIAL	run_id_identity_only;_t_is_datestr_not_GetSecs
<RAW>/Data_TON/SUBT01_Session02_2024JUN01/SUBT01_Session02_2024JUN01_MATLAB/3-Movie_Data/Results/June-01-2024_ 3-20-06_PM_Subject_is_T01_selected_run_id_3.mat	.mat	122287cdd604321845e28c1986ea3b28563501e6de27f70c65eeb256f0b9dfe2	ans:double[1x1]; answer:char[1]; change_eye:double[1x1]; comment:char[1]; outputFile:char[1]; outputFileID:double[1x1]; resultdir:char[1]; run_id:double[1x1]; t:char[1]; x:cell[1x1]; y:cell[1x1]		no	no	no	no	no	HIGH	PARTIAL	run_id_identity_only;_t_is_datestr_not_GetSecs
<RAW>/Data_TON/SUBT01_Session02_2024JUN01/SUBT01_Session02_2024JUN01_MATLAB/3-Movie_Data/Results/June-01-2024_ 3-23-59_PM_Subject_is_T01_selected_run_id_4.mat	.mat	44b74636ca8e72ec855aa2bf50c0c50dd773594d8bc29101da09b194de31d93f	ans:double[1x1]; answer:char[1]; change_eye:double[1x1]; comment:char[1]; outputFile:char[1]; outputFileID:double[1x1]; resultdir:char[1]; run_id:double[1x1]; t:char[1]; x:cell[1x1]; y:cell[1x1]		no	no	no	no	no	HIGH	PARTIAL	run_id_identity_only;_t_is_datestr_not_GetSecs
<RAW>/Data_TON/SUBT01_Session1_2023NOV25/SUBT01_Session01_2023NOV25_Matlab/3-Movie_Data/Results/November-25-2023_11-40-43_AM_Subject_is_SUBT02_selected_run_id_1.mat	.mat	1bc47a8a93b472fb8359bc9e97a9d64e0524addf0863e3fec739baca0951ad8c	ans:double[1x1]; answer:char[1]; change_eye:double[1x1]; comment:char[1]; outputFile:char[1]; outputFileID:double[1x1]; resultdir:char[1]; run_id:double[1x1]; t:char[1]; x:cell[1x1]; y:cell[1x1]		no	no	no	no	no	HIGH	PARTIAL	run_id_identity_only;_t_is_datestr_not_GetSecs
<RAW>/Data_TON/SUBT01_Session1_2023NOV25/SUBT01_Session01_2023NOV25_Matlab/3-Movie_Data/Results/November-25-2023_11-46-53_AM_Subject_is_SUBT01_selected_run_id_2.mat	.mat	f9023072a4c06e39faca50491e27225c757fccd4be1a9802705eccabc9030654	ans:double[1x1]; answer:char[1]; change_eye:double[1x1]; comment:char[1]; outputFile:char[1]; outputFileID:double[1x1]; resultdir:char[1]; run_id:double[1x1]; t:char[1]; x:cell[1x1]; y:cell[1x1]		no	no	no	no	no	HIGH	PARTIAL	run_id_identity_only;_t_is_datestr_not_GetSecs
<RAW>/Data_TON/SUBT01_Session1_2023NOV25/SUBT01_Session01_2023NOV25_Matlab/3-Movie_Data/Results/November-25-2023_11-51-10_AM_Subject_is_SUBT01_selected_run_id_3.mat	.mat	c50935913ad0a1f01b077b19174fa896b95041c64989f958fde459e84e8b0e76	ans:double[1x1]; answer:char[1]; change_eye:double[1x1]; comment:char[1]; outputFile:char[1]; outputFileID:double[1x1]; resultdir:char[1]; run_id:double[1x1]; t:char[1]; x:cell[1x1]; y:cell[1x1]		no	no	no	no	no	HIGH	PARTIAL	run_id_identity_only;_t_is_datestr_not_GetSecs
<RAW>/Data_TON/SUBT01_Session1_2023NOV25/SUBT01_Session01_2023NOV25_Matlab/3-Movie_Data/Results/November-25-2023_11-57-00_AM_Subject_is_SUBT01_selected_run_id_4.mat	.mat	ceda474b97970abf997798c79fd64cf3f2bf0dd4c2ae47aac2e236bb8802e8f5	ans:double[1x1]; answer:char[1]; change_eye:double[1x1]; comment:char[1]; outputFile:char[1]; outputFileID:double[1x1]; resultdir:char[1]; run_id:double[1x1]; t:char[1]; x:cell[1x1]; y:cell[1x1]		no	no	no	no	no	HIGH	PARTIAL	run_id_identity_only;_t_is_datestr_not_GetSecs
<RAW>/Data_TON/SUBTON02-session1-2025MAR07/TON02-Session1-2025March07-MATLAB/3-Movie_Data/Results/March-07-2025_11-15-44_AM_Subject_is_SUBTON02-Session1-2025MAR07_selected_run_id_1.mat	.mat	b460449ab7622e268bd82dfd5d90198b12a2aacab855092fcc90825a6b4c7094	ans:double[1x1]; answer:char[1]; change_eye:double[1x1]; comment:char[1]; outputFile:char[1]; outputFileID:double[1x1]; resultdir:char[1]; run_id:double[1x1]; t:char[1]; x:cell[1x1]; y:cell[1x1]		no	no	no	no	no	HIGH	PARTIAL	run_id_identity_only;_t_is_datestr_not_GetSecs
<RAW>/Data_TON/SUBTON02-session1-2025MAR07/TON02-Session1-2025March07-MATLAB/3-Movie_Data/Results/March-07-2025_11-19-49_AM_Subject_is_SUBTON02-Session1-2025MAR07_selected_run_id_2.mat	.mat	3a971b2759f069320e5cdb289b7b0e7fd9c094f7cfe862250fdfeab9c5fae51e	ans:double[1x1]; answer:char[1]; change_eye:double[1x1]; comment:char[1]; outputFile:char[1]; outputFileID:double[1x1]; resultdir:char[1]; run_id:double[1x1]; t:char[1]; x:cell[1x1]; y:cell[1x1]		no	no	no	no	no	HIGH	PARTIAL	run_id_identity_only;_t_is_datestr_not_GetSecs
<RAW>/Data_TON/SUBTON02-session1-2025MAR07/TON02-Session1-2025March07-MATLAB/3-Movie_Data/Results/March-07-2025_11-25-07_AM_Subject_is_SUBTON02-Session1-2025MAR07_selected_run_id_3.mat	.mat	a41f078967e16ea400a974c986d1ad9b8dbd5e86b141034a6c1b76561fbc8479	ans:double[1x1]; answer:char[1]; change_eye:double[1x1]; comment:char[1]; outputFile:char[1]; outputFileID:double[1x1]; resultdir:char[1]; run_id:double[1x1]; t:char[1]; x:cell[1x1]; y:cell[1x1]		no	no	no	no	no	HIGH	PARTIAL	run_id_identity_only;_t_is_datestr_not_GetSecs
<RAW>/Data_TON/SUBTON02-session1-2025MAR07/TON02-Session1-2025March07-MATLAB/3-Movie_Data/Results/March-07-2025_11-29-43_AM_Subject_is_SUBTON02-Session1-2025MAR07_selected_run_id_4.mat	.mat	3f63faac18f99c9f97e30059cf09d96e56c2b60817843f1c960e0aa5ff58e1e6	ans:double[1x1]; answer:char[1]; change_eye:double[1x1]; comment:char[1]; outputFile:char[1]; outputFileID:double[1x1]; resultdir:char[1]; run_id:double[1x1]; t:char[1]; x:cell[1x1]; y:cell[1x1]		no	no	no	no	no	HIGH	PARTIAL	run_id_identity_only;_t_is_datestr_not_GetSecs
<RAW>/Glaucoma/SUBG01_Session01_2023AUG23/SUBG01_Session01_2023AUG23_Matlab/3-Movie_Data/Results/August-23-2023_10-14-40_AM_Subject_is_SUBG14_selected_run_id_1.mat	.mat	44eb492ddb6d338ec31f1d0b34d8ae949a892261486fddc8dc218fb233c47884	ans:double[1x1]; answer:char[1]; change_eye:double[1x1]; comment:char[1]; outputFile:char[1]; outputFileID:double[1x1]; resultdir:char[1]; run_id:double[1x1]; t:char[1]; x:cell[1x1]; y:cell[1x1]		no	no	no	no	no	HIGH	PARTIAL	run_id_identity_only;_t_is_datestr_not_GetSecs
<RAW>/Glaucoma/SUBG01_Session01_2023AUG23/SUBG01_Session01_2023AUG23_Matlab/3-Movie_Data/Results/August-23-2023_10-19-37_AM_Subject_is_SUBG14_selected_run_id_2.mat	.mat	8ba2a0d6a7c0f461de89160b836448db9d520ad66718fab88c14645f7b123b8e	ans:double[1x1]; answer:char[1]; change_eye:double[1x1]; comment:char[1]; outputFile:char[1]; outputFileID:double[1x1]; resultdir:char[1]; run_id:double[1x1]; t:char[1]; x:cell[1x1]; y:cell[1x1]		no	no	no	no	no	HIGH	PARTIAL	run_id_identity_only;_t_is_datestr_not_GetSecs
<RAW>/Glaucoma/SUBG01_Session01_2023AUG23/SUBG01_Session01_2023AUG23_Matlab/3-Movie_Data/Results/August-23-2023_10-23-48_AM_Subject_is_SUBG14_selected_run_id_3.mat	.mat	f593ac750d81714c2052bdfb1539ba2068d59e0edb81b8f0a9e6cc743199a354	ans:double[1x1]; answer:char[1]; change_eye:double[1x1]; comment:char[1]; outputFile:char[1]; outputFileID:double[1x1]; resultdir:char[1]; run_id:double[1x1]; t:char[1]; x:cell[1x1]; y:cell[1x1]		no	no	no	no	no	HIGH	PARTIAL	run_id_identity_only;_t_is_datestr_not_GetSecs
<RAW>/Glaucoma/SUBG01_Session01_2023AUG23/SUBG01_Session01_2023AUG23_Matlab/3-Movie_Data/Results/August-23-2023_10-28-00_AM_Subject_is_SUBG14_selected_run_id_4.mat	.mat	1d2b2c305feb7f78f484b7f7674d418325d620758e5f6ee0d9ec0158e3693b93	ans:double[1x1]; answer:char[1]; change_eye:double[1x1]; comment:char[1]; outputFile:char[1]; outputFileID:double[1x1]; resultdir:char[1]; run_id:double[1x1]; t:char[1]; x:cell[1x1]; y:cell[1x1]		no	no	no	no	no	HIGH	PARTIAL	run_id_identity_only;_t_is_datestr_not_GetSecs
<RAW>/Glaucoma/SUBG01_Session2_2024FEB21/SUBG01-Session2-2024FEB21-MATLAB/3-Movie_Data/Results/February-21-2024_10-18-17_AM_Subject_is_SUBG01-Session2_selected_run_id_1.mat	.mat	d86047d0b38cb7c775d5c77d3b692a1e28e0a560409711495eab67409f6dc1ab	ans:double[1x1]; answer:char[1]; change_eye:double[1x1]; comment:char[1]; outputFile:char[1]; outputFileID:double[1x1]; resultdir:char[1]; run_id:double[1x1]; t:char[1]; x:cell[1x1]; y:cell[1x1]		no	no	no	no	no	HIGH	PARTIAL	run_id_identity_only;_t_is_datestr_not_GetSecs
<RAW>/Glaucoma/SUBG01_Session2_2024FEB21/SUBG01-Session2-2024FEB21-MATLAB/3-Movie_Data/Results/February-21-2024_10-22-45_AM_Subject_is_SUBG01-Session2_selected_run_id_2.mat	.mat	ca1345dac9345c16889985381cbefbd73732974f9613f4fb1fdb1a12993e51ce	ans:double[1x1]; answer:char[1]; change_eye:double[1x1]; comment:char[1]; outputFile:char[1]; outputFileID:double[1x1]; resultdir:char[1]; run_id:double[1x1]; t:char[1]; x:cell[1x1]; y:cell[1x1]		no	no	no	no	no	HIGH	PARTIAL	run_id_identity_only;_t_is_datestr_not_GetSecs
<RAW>/Glaucoma/SUBG01_Session2_2024FEB21/SUBG01-Session2-2024FEB21-MATLAB/3-Movie_Data/Results/February-21-2024_10-26-38_AM_Subject_is_SUBG01-Session2_selected_run_id_3.mat	.mat	5efd64c2839ec8c6a08926666eb798bdda2ea4c615235802f77db09e14e939e5	ans:double[1x1]; answer:char[1]; change_eye:double[1x1]; comment:char[1]; outputFile:char[1]; outputFileID:double[1x1]; resultdir:char[1]; run_id:double[1x1]; t:char[1]; x:cell[1x1]; y:cell[1x1]		no	no	no	no	no	HIGH	PARTIAL	run_id_identity_only;_t_is_datestr_not_GetSecs
<RAW>/Glaucoma/SUBG01_Session2_2024FEB21/SUBG01-Session2-2024FEB21-MATLAB/3-Movie_Data/Results/February-21-2024_10-30-33_AM_Subject_is_SUBG01-Session2_selected_run_id_4.mat	.mat	92faf3530bd7197d3b1d58e7e43c531a2ed1f7202f1e419480961f1176cfed81	ans:double[1x1]; answer:char[1]; change_eye:double[1x1]; comment:char[1]; outputFile:char[1]; outputFileID:double[1x1]; resultdir:char[1]; run_id:double[1x1]; t:char[1]; x:cell[1x1]; y:cell[1x1]		no	no	no	no	no	HIGH	PARTIAL	run_id_identity_only;_t_is_datestr_not_GetSecs
<RAW>/Glaucoma/SUBG02-Session01-2023SEP13/SUBG02-Session02-2023SEP13-MATLAB/3-Movie_Data/Results/September-13-2023_ 9-25-48_AM_Subject_is_G02_selected_run_id_1.mat	.mat	84e3bfd387621f0652aec1a26314c929a1aba377adb9d1326ddcbfc8ad200cfa	ans:double[1x1]; answer:char[1]; change_eye:double[1x1]; comment:char[1]; outputFile:char[1]; outputFileID:double[1x1]; resultdir:char[1]; run_id:double[1x1]; t:char[1]; x:cell[1x1]; y:cell[1x1]		no	no	no	no	no	HIGH	PARTIAL	run_id_identity_only;_t_is_datestr_not_GetSecs
<RAW>/Glaucoma/SUBG02-Session01-2023SEP13/SUBG02-Session02-2023SEP13-MATLAB/3-Movie_Data/Results/September-13-2023_ 9-30-54_AM_Subject_is_G02_selected_run_id_2.mat	.mat	650a000430f2d0174bd0b69b4b6f862e1820314bc3ab6c23a643aa0516995f2d	ans:double[1x1]; answer:char[1]; change_eye:double[1x1]; comment:char[1]; outputFile:char[1]; outputFileID:double[1x1]; resultdir:char[1]; run_id:double[1x1]; t:char[1]; x:cell[1x1]; y:cell[1x1]		no	no	no	no	no	HIGH	PARTIAL	run_id_identity_only;_t_is_datestr_not_GetSecs
<RAW>/Glaucoma/SUBG02-Session01-2023SEP13/SUBG02-Session02-2023SEP13-MATLAB/3-Movie_Data/Results/September-13-2023_ 9-35-57_AM_Subject_is_G02_selected_run_id_3.mat	.mat	50741527fc3576b2016cd15004327c9bd5101151f6ebdd1d898a3f88304ae7ac	ans:double[1x1]; answer:char[1]; change_eye:double[1x1]; comment:char[1]; outputFile:char[1]; outputFileID:double[1x1]; resultdir:char[1]; run_id:double[1x1]; t:char[1]; x:cell[1x1]; y:cell[1x1]		no	no	no	no	no	HIGH	PARTIAL	run_id_identity_only;_t_is_datestr_not_GetSecs
<RAW>/Glaucoma/SUBG02-Session01-2023SEP13/SUBG02-Session02-2023SEP13-MATLAB/3-Movie_Data/Results/September-13-2023_ 9-40-06_AM_Subject_is_G02_selected_run_id_4.mat	.mat	0a5e6dcc83656868db8f6a44a021b030de9e7962e6df40fa7e06bde873e57b43	ans:double[1x1]; answer:char[1]; change_eye:double[1x1]; comment:char[1]; outputFile:char[1]; outputFileID:double[1x1]; resultdir:char[1]; run_id:double[1x1]; t:char[1]; x:cell[1x1]; y:cell[1x1]		no	no	no	no	no	HIGH	PARTIAL	run_id_identity_only;_t_is_datestr_not_GetSecs
<RAW>/Glaucoma/SUBG02_SESSION2_2024MAR18/SUBG02-Matlab/3-Movie_Data/Results/March-18-2024_10-00-58_AM_Subject_is_SUBG02_Session2_selected_run_id_1.mat	.mat	c8ce3e4c2d5831744cbefe96eca5535e92d57ecd09035e80fa8c6604c5327ff6	ans:double[1x1]; answer:char[1]; change_eye:double[1x1]; comment:char[1]; outputFile:char[1]; outputFileID:double[1x1]; resultdir:char[1]; run_id:double[1x1]; t:char[1]; x:cell[1x1]; y:cell[1x1]		no	no	no	no	no	HIGH	PARTIAL	run_id_identity_only;_t_is_datestr_not_GetSecs
<RAW>/Glaucoma/SUBG02_SESSION2_2024MAR18/SUBG02-Matlab/3-Movie_Data/Results/March-18-2024_10-06-15_AM_Subject_is_SUBG02-Session2_selected_run_id_2.mat	.mat	12d6d737b44f60cc858c5f65e6d0e2b8267a6ab6fc20f21dc4c73fb8d18aa594	ans:double[1x1]; answer:char[1]; change_eye:double[1x1]; comment:char[1]; outputFile:char[1]; outputFileID:double[1x1]; resultdir:char[1]; run_id:double[1x1]; t:char[1]; x:cell[1x1]; y:cell[1x1]		no	no	no	no	no	HIGH	PARTIAL	run_id_identity_only;_t_is_datestr_not_GetSecs
<RAW>/Glaucoma/SUBG02_SESSION2_2024MAR18/SUBG02-Matlab/3-Movie_Data/Results/March-18-2024_10-10-14_AM_Subject_is_SUBG02_Session2_selected_run_id_3.mat	.mat	3f56143bcffa4e1d63949022970310c2babb21f1cc29fa6b670107b6cb4358a7	ans:double[1x1]; answer:char[1]; change_eye:double[1x1]; comment:char[1]; outputFile:char[1]; outputFileID:double[1x1]; resultdir:char[1]; run_id:double[1x1]; t:char[1]; x:cell[1x1]; y:cell[1x1]		no	no	no	no	no	HIGH	PARTIAL	run_id_identity_only;_t_is_datestr_not_GetSecs
<RAW>/Glaucoma/SUBG02_SESSION2_2024MAR18/SUBG02-Matlab/3-Movie_Data/Results/March-18-2024_10-14-12_AM_Subject_is_SUBG02_Session2_selected_run_id_4.mat	.mat	907ee5d2fe60df49dcf60181cf8fb0f94ef112f81ad2aa74893696be1fe36ec2	ans:double[1x1]; answer:char[1]; change_eye:double[1x1]; comment:char[1]; outputFile:char[1]; outputFileID:double[1x1]; resultdir:char[1]; run_id:double[1x1]; t:char[1]; x:cell[1x1]; y:cell[1x1]		no	no	no	no	no	HIGH	PARTIAL	run_id_identity_only;_t_is_datestr_not_GetSecs
<RAW>/Glaucoma/SUBG03-SESSION01-2023OCT14/SUBG03-SESSION01-2023OCT14-MATLAB/3-Movie_Data/Results/October-14-2023_ 3-09-08_PM_Subject_is_SUBG03_selected_run_id_1.mat	.mat	4f8140b15fc55ee8ff21db16403069f3d28fcc289a1852deb5b40fa8a850a702	ans:double[1x1]; answer:char[1]; change_eye:double[1x1]; comment:char[1]; outputFile:char[1]; outputFileID:double[1x1]; resultdir:char[1]; run_id:double[1x1]; t:char[1]; x:cell[1x1]; y:cell[1x1]		no	no	no	no	no	HIGH	PARTIAL	run_id_identity_only;_t_is_datestr_not_GetSecs
<RAW>/Glaucoma/SUBG03-SESSION01-2023OCT14/SUBG03-SESSION01-2023OCT14-MATLAB/3-Movie_Data/Results/October-14-2023_ 3-15-09_PM_Subject_is_SUBG03_selected_run_id_2.mat	.mat	169a001c599a9ff81af88e7be35b277a75a68b8d52abbc38cd1ca4e14cfc3e40	ans:double[1x1]; answer:char[1]; change_eye:double[1x1]; comment:char[1]; outputFile:char[1]; outputFileID:double[1x1]; resultdir:char[1]; run_id:double[1x1]; t:char[1]; x:cell[1x1]; y:cell[1x1]		no	no	no	no	no	HIGH	PARTIAL	run_id_identity_only;_t_is_datestr_not_GetSecs
<RAW>/Glaucoma/SUBG03-SESSION01-2023OCT14/SUBG03-SESSION01-2023OCT14-MATLAB/3-Movie_Data/Results/October-14-2023_ 3-19-11_PM_Subject_is_SUBG03_selected_run_id_3.mat	.mat	1ff4a47bf702fef897207517faa2b262fdb086fce98baf4dab3732df1e4b4a57	ans:double[1x1]; answer:char[1]; change_eye:double[1x1]; comment:char[1]; outputFile:char[1]; outputFileID:double[1x1]; resultdir:char[1]; run_id:double[1x1]; t:char[1]; x:cell[1x1]; y:cell[1x1]		no	no	no	no	no	HIGH	PARTIAL	run_id_identity_only;_t_is_datestr_not_GetSecs
<RAW>/Glaucoma/SUBG03-SESSION01-2023OCT14/SUBG03-SESSION01-2023OCT14-MATLAB/3-Movie_Data/Results/October-14-2023_ 3-24-30_PM_Subject_is_SUBG03_selected_run_id_3.mat	.mat	c7c4a3eb2d2d1e35399c594a193109c0a8b726e240fd445a1474c116e0414ea9	ans:double[1x1]; answer:char[1]; change_eye:double[1x1]; comment:char[1]; outputFile:char[1]; outputFileID:double[1x1]; resultdir:char[1]; run_id:double[1x1]; t:char[1]; x:cell[1x1]; y:cell[1x1]		no	no	no	no	no	HIGH	PARTIAL	run_id_identity_only;_t_is_datestr_not_GetSecs
<RAW>/Glaucoma/SUBG03-SESSION01-2023OCT14/SUBG03-SESSION01-2023OCT14-MATLAB/3-Movie_Data/Results/October-14-2023_ 3-25-54_PM_Subject_is_SUBG03_selected_run_id_4.mat	.mat	72c0b95802d662ad6d606530a4bbb0a71a844d4ea3ce2c327173e84083aa82dd	ans:double[1x1]; answer:char[1]; change_eye:double[1x1]; comment:char[1]; outputFile:char[1]; outputFileID:double[1x1]; resultdir:char[1]; run_id:double[1x1]; t:char[1]; x:cell[1x1]; y:cell[1x1]		no	no	no	no	no	HIGH	PARTIAL	run_id_identity_only;_t_is_datestr_not_GetSecs
<RAW>/Glaucoma/SUBG03_Session02_2024APR14/SUBG03_Session02_2024APR14_matlab/3-Movie_Data/Results/April-14-2024_ 3-11-18_PM_Subject_is_SUBG03_selected_run_id_1.mat	.mat	05b1be20ae50add7133463f297f531bab8cca71f765f74f153ee9a4b893b68d5	ans:double[1x1]; answer:char[1]; change_eye:double[1x1]; comment:char[1]; outputFile:char[1]; outputFileID:double[1x1]; resultdir:char[1]; run_id:double[1x1]; t:char[1]; x:cell[1x1]; y:cell[1x1]		no	no	no	no	no	HIGH	PARTIAL	run_id_identity_only;_t_is_datestr_not_GetSecs
<RAW>/Glaucoma/SUBG03_Session02_2024APR14/SUBG03_Session02_2024APR14_matlab/3-Movie_Data/Results/April-14-2024_ 3-15-30_PM_Subject_is_SUBG03_selected_run_id_2.mat	.mat	fcfe0f8ab2e342abd3ee436e0d80d890ad2bf6451e994901d82924f2c125fd32	ans:double[1x1]; answer:char[1]; change_eye:double[1x1]; comment:char[1]; outputFile:char[1]; outputFileID:double[1x1]; resultdir:char[1]; run_id:double[1x1]; t:char[1]; x:cell[1x1]; y:cell[1x1]		no	no	no	no	no	HIGH	PARTIAL	run_id_identity_only;_t_is_datestr_not_GetSecs
<RAW>/Glaucoma/SUBG03_Session02_2024APR14/SUBG03_Session02_2024APR14_matlab/3-Movie_Data/Results/April-14-2024_ 3-20-09_PM_Subject_is_SUBG03_selected_run_id_3.mat	.mat	e5c4ace60078752363337e1e7597826996448ac926406ec6e35ac03eed0642e0	ans:double[1x1]; answer:char[1]; change_eye:double[1x1]; comment:char[1]; outputFile:char[1]; outputFileID:double[1x1]; resultdir:char[1]; run_id:double[1x1]; t:char[1]; x:cell[1x1]; y:cell[1x1]		no	no	no	no	no	HIGH	PARTIAL	run_id_identity_only;_t_is_datestr_not_GetSecs
<RAW>/Glaucoma/SUBG03_Session02_2024APR14/SUBG03_Session02_2024APR14_matlab/3-Movie_Data/Results/April-14-2024_ 3-25-16_PM_Subject_is_SUBG03_selected_run_id_4.mat	.mat	f54c027fd48949d6dbbd223ea7daacd19eb56ee180c81cd9b17fc54cd106184d	ans:double[1x1]; answer:char[1]; change_eye:double[1x1]; comment:char[1]; outputFile:char[1]; outputFileID:double[1x1]; resultdir:char[1]; run_id:double[1x1]; t:char[1]; x:cell[1x1]; y:cell[1x1]		no	no	no	no	no	HIGH	PARTIAL	run_id_identity_only;_t_is_datestr_not_GetSecs
<RAW>/Glaucoma/SUBG04-SESSION01-2023OCT15/SUBG04-SESSION01-2023OCT15-MATLAB/3-Movie_Data/Results/October-15-2023_10-04-31_AM_Subject_is_SUBG04_selected_run_id_1.mat	.mat	667f8db662266d5283775514616e8abc7af2ae2ce65f45324704b0d69f4c41ef	ans:double[1x1]; answer:char[1]; change_eye:double[1x1]; comment:char[1]; outputFile:char[1]; outputFileID:double[1x1]; resultdir:char[1]; run_id:double[1x1]; t:char[1]; x:cell[1x1]; y:cell[1x1]		no	no	no	no	no	HIGH	PARTIAL	run_id_identity_only;_t_is_datestr_not_GetSecs
<RAW>/Glaucoma/SUBG04-SESSION01-2023OCT15/SUBG04-SESSION01-2023OCT15-MATLAB/3-Movie_Data/Results/October-15-2023_10-10-43_AM_Subject_is_SUBG04_selected_run_id_2.mat	.mat	8a5b723ad480b3e3f84be8e13b5bf034e79903d22191cf743295ab987204f818	ans:double[1x1]; answer:char[1]; change_eye:double[1x1]; comment:char[1]; outputFile:char[1]; outputFileID:double[1x1]; resultdir:char[1]; run_id:double[1x1]; t:char[1]; x:cell[1x1]; y:cell[1x1]		no	no	no	no	no	HIGH	PARTIAL	run_id_identity_only;_t_is_datestr_not_GetSecs
<RAW>/Glaucoma/SUBG04-SESSION01-2023OCT15/SUBG04-SESSION01-2023OCT15-MATLAB/3-Movie_Data/Results/October-15-2023_10-15-13_AM_Subject_is_SUBG04_selected_run_id_3.mat	.mat	cc51959626f9f9e9e97b2f14672ca61fe2f3a869648d5335c470ca1a94ab11e4	ans:double[1x1]; answer:char[1]; change_eye:double[1x1]; comment:char[1]; outputFile:char[1]; outputFileID:double[1x1]; resultdir:char[1]; run_id:double[1x1]; t:char[1]; x:cell[1x1]; y:cell[1x1]		no	no	no	no	no	HIGH	PARTIAL	run_id_identity_only;_t_is_datestr_not_GetSecs
<RAW>/Glaucoma/SUBG04-SESSION01-2023OCT15/SUBG04-SESSION01-2023OCT15-MATLAB/3-Movie_Data/Results/October-15-2023_10-19-05_AM_Subject_is_SUBG04_selected_run_id_4.mat	.mat	51a43521fe763832f85f53272ca051494ab14e8e23f06749e8de9581cac059fc	ans:double[1x1]; answer:char[1]; change_eye:double[1x1]; comment:char[1]; outputFile:char[1]; outputFileID:double[1x1]; resultdir:char[1]; run_id:double[1x1]; t:char[1]; x:cell[1x1]; y:cell[1x1]		no	no	no	no	no	HIGH	PARTIAL	run_id_identity_only;_t_is_datestr_not_GetSecs
<RAW>/Glaucoma/SUBG04_Session02_2024APR13/SUBG04_Session02_2024APR13_MATLAB/3-Movie_Data/Results/April-13-2024_10-38-02_AM_Subject_is_subg04_selected_run_id_1.mat	.mat	3b3b4d5cde310c20bb648d42c966c559aa03aa399d0f4420d2db048d7c167acc	ans:double[1x1]; answer:char[1]; change_eye:double[1x1]; comment:char[1]; outputFile:char[1]; outputFileID:double[1x1]; resultdir:char[1]; run_id:double[1x1]; t:char[1]; x:cell[1x1]; y:cell[1x1]		no	no	no	no	no	HIGH	PARTIAL	run_id_identity_only;_t_is_datestr_not_GetSecs
<RAW>/Glaucoma/SUBG04_Session02_2024APR13/SUBG04_Session02_2024APR13_MATLAB/3-Movie_Data/Results/April-13-2024_10-43-24_AM_Subject_is_subg04_selected_run_id_2.mat	.mat	c840b8597eee279bb70140a5c8eeeefcda005cfadb81060a5c8c1fb5c57a4b7e	ans:double[1x1]; answer:char[1]; change_eye:double[1x1]; comment:char[1]; outputFile:char[1]; outputFileID:double[1x1]; resultdir:char[1]; run_id:double[1x1]; t:char[1]; x:cell[1x1]; y:cell[1x1]		no	no	no	no	no	HIGH	PARTIAL	run_id_identity_only;_t_is_datestr_not_GetSecs
<RAW>/Glaucoma/SUBG04_Session02_2024APR13/SUBG04_Session02_2024APR13_MATLAB/3-Movie_Data/Results/April-13-2024_10-47-39_AM_Subject_is_subg04_selected_run_id_3.mat	.mat	7c32f874556115408f7e7b0a807b8004be35a11ea062892fedbe0b695a713450	ans:double[1x1]; answer:char[1]; change_eye:double[1x1]; comment:char[1]; outputFile:char[1]; outputFileID:double[1x1]; resultdir:char[1]; run_id:double[1x1]; t:char[1]; x:cell[1x1]; y:cell[1x1]		no	no	no	no	no	HIGH	PARTIAL	run_id_identity_only;_t_is_datestr_not_GetSecs
<RAW>/Glaucoma/SUBG04_Session02_2024APR13/SUBG04_Session02_2024APR13_MATLAB/3-Movie_Data/Results/April-13-2024_10-52-27_AM_Subject_is_subg04_selected_run_id_4.mat	.mat	b8e299d13ee44ed058d59453b1b6452650d63f11470e7935a1df42b96512567a	ans:double[1x1]; answer:char[1]; change_eye:double[1x1]; comment:char[1]; outputFile:char[1]; outputFileID:double[1x1]; resultdir:char[1]; run_id:double[1x1]; t:char[1]; x:cell[1x1]; y:cell[1x1]		no	no	no	no	no	HIGH	PARTIAL	run_id_identity_only;_t_is_datestr_not_GetSecs
<RAW>/Glaucoma/SUBG05_Session01-2023NOV04/SUBG05_Session01_2023NOV04_Matlab/3-Movie_Data/Results/November-04-2023_ 1-10-09_PM_Subject_is_G05_selected_run_id_1.mat	.mat	49a72167dc2667693bcfe3c0d7297595855cdb1f01e87dc5ac53e87d8aa74e85	ans:double[1x1]; answer:char[1]; change_eye:double[1x1]; comment:char[1]; outputFile:char[1]; outputFileID:double[1x1]; resultdir:char[1]; run_id:double[1x1]; t:char[1]; x:cell[1x1]; y:cell[1x1]		no	no	no	no	no	HIGH	PARTIAL	run_id_identity_only;_t_is_datestr_not_GetSecs
<RAW>/Glaucoma/SUBG05_Session01-2023NOV04/SUBG05_Session01_2023NOV04_Matlab/3-Movie_Data/Results/November-04-2023_ 1-13-57_PM_Subject_is_G05_selected_run_id_2.mat	.mat	91653aec9333941cdd006942657238ca58fc9358933a5dac12c235f39de1f2ab	ans:double[1x1]; answer:char[1]; change_eye:double[1x1]; comment:char[1]; outputFile:char[1]; outputFileID:double[1x1]; resultdir:char[1]; run_id:double[1x1]; t:char[1]; x:cell[1x1]; y:cell[1x1]		no	no	no	no	no	HIGH	PARTIAL	run_id_identity_only;_t_is_datestr_not_GetSecs
<RAW>/Glaucoma/SUBG05_Session01-2023NOV04/SUBG05_Session01_2023NOV04_Matlab/3-Movie_Data/Results/November-04-2023_ 1-18-04_PM_Subject_is_G05_selected_run_id_3.mat	.mat	62e70cfcd9447f46ec08f37b8e03851fa5c3216979c989d7749310a57a57cbbf	ans:double[1x1]; answer:char[1]; change_eye:double[1x1]; comment:char[1]; outputFile:char[1]; outputFileID:double[1x1]; resultdir:char[1]; run_id:double[1x1]; t:char[1]; x:cell[1x1]; y:cell[1x1]		no	no	no	no	no	HIGH	PARTIAL	run_id_identity_only;_t_is_datestr_not_GetSecs
<RAW>/Glaucoma/SUBG05_Session01-2023NOV04/SUBG05_Session01_2023NOV04_Matlab/3-Movie_Data/Results/November-04-2023_ 1-22-28_PM_Subject_is_G05_selected_run_id_4.mat	.mat	9b4d36edc10ce175fd490919837ab98ea47d4c042938632c4df45f64aa93c19a	ans:double[1x1]; answer:char[1]; change_eye:double[1x1]; comment:char[1]; outputFile:char[1]; outputFileID:double[1x1]; resultdir:char[1]; run_id:double[1x1]; t:char[1]; x:cell[1x1]; y:cell[1x1]		no	no	no	no	no	HIGH	PARTIAL	run_id_identity_only;_t_is_datestr_not_GetSecs
<RAW>/Glaucoma/SUBG06-SESSION1-2023NOV14/SUBG06_Session01_2023NOV14_Matlab/3-Movie_Data/Results/November-14-2023_ 6-18-27_PM_Subject_is_SUBG06_selected_run_id_1.mat	.mat	4e155bed8332c350691108e19b7900646ee98775f209c9257dd48d9d4d58129a	ans:double[1x1]; answer:char[1]; change_eye:double[1x1]; comment:char[1]; outputFile:char[1]; outputFileID:double[1x1]; resultdir:char[1]; run_id:double[1x1]; t:char[1]; x:cell[1x1]; y:cell[1x1]		no	no	no	no	no	HIGH	PARTIAL	run_id_identity_only;_t_is_datestr_not_GetSecs
<RAW>/Glaucoma/SUBG06-SESSION1-2023NOV14/SUBG06_Session01_2023NOV14_Matlab/3-Movie_Data/Results/November-14-2023_ 6-22-30_PM_Subject_is_SUBG06_selected_run_id_2.mat	.mat	f22261145f1deeb4d27df6a151d2e8123bb89782df90110e3132f839bb3d024c	ans:double[1x1]; answer:char[1]; change_eye:double[1x1]; comment:char[1]; outputFile:char[1]; outputFileID:double[1x1]; resultdir:char[1]; run_id:double[1x1]; t:char[1]; x:cell[1x1]; y:cell[1x1]		no	no	no	no	no	HIGH	PARTIAL	run_id_identity_only;_t_is_datestr_not_GetSecs
<RAW>/Glaucoma/SUBG06-SESSION1-2023NOV14/SUBG06_Session01_2023NOV14_Matlab/3-Movie_Data/Results/November-14-2023_ 6-29-56_PM_Subject_is_SUBG06_selected_run_id_3.mat	.mat	6a76fd397695f828e5cd7853d4a2ca6af09095875ff0bdecd4d0256e0d12d606	ans:double[1x1]; answer:char[1]; change_eye:double[1x1]; comment:char[1]; outputFile:char[1]; outputFileID:double[1x1]; resultdir:char[1]; run_id:double[1x1]; t:char[1]; x:cell[1x1]; y:cell[1x1]		no	no	no	no	no	HIGH	PARTIAL	run_id_identity_only;_t_is_datestr_not_GetSecs
<RAW>/Glaucoma/SUBG06-SESSION1-2023NOV14/SUBG06_Session01_2023NOV14_Matlab/3-Movie_Data/Results/November-14-2023_ 6-34-05_PM_Subject_is_SUBG06_selected_run_id_4.mat	.mat	e6a6942d7eef157856d9e32a99579847a03db6c8de5bbb683044d9c9c8912faa	ans:double[1x1]; answer:char[1]; change_eye:double[1x1]; comment:char[1]; outputFile:char[1]; outputFileID:double[1x1]; resultdir:char[1]; run_id:double[1x1]; t:char[1]; x:cell[1x1]; y:cell[1x1]		no	no	no	no	no	HIGH	PARTIAL	run_id_identity_only;_t_is_datestr_not_GetSecs
<RAW>/Glaucoma/SUBG07-SESSION2-2024JUL21/SUBG07-Session2-2024JUL21-MATLAB/3-Movie_Data/Results/July-21-2024_10-11-40_AM_Subject_is_SUBG07-Session2-2024JUL21_selected_run_id_1.mat	.mat	aada3b8c795c0c226e57217f72c4fc320a4ad5ac7906d02309162d9071d60c95	ans:double[1x1]; answer:char[1]; change_eye:double[1x1]; comment:char[1]; outputFile:char[1]; outputFileID:double[1x1]; resultdir:char[1]; run_id:double[1x1]; t:char[1]; x:cell[1x1]; y:cell[1x1]		no	no	no	no	no	HIGH	PARTIAL	run_id_identity_only;_t_is_datestr_not_GetSecs
<RAW>/Glaucoma/SUBG07-SESSION2-2024JUL21/SUBG07-Session2-2024JUL21-MATLAB/3-Movie_Data/Results/July-21-2024_10-17-42_AM_Subject_is_SUBG07-Session2-2024JUL21_selected_run_id_2.mat	.mat	3719d3f38705335f93b9f86d078911b5886f2895458b8bf7564c8c45c947e6f1	ans:double[1x1]; answer:char[1]; change_eye:double[1x1]; comment:char[1]; outputFile:char[1]; outputFileID:double[1x1]; resultdir:char[1]; run_id:double[1x1]; t:char[1]; x:cell[1x1]; y:cell[1x1]		no	no	no	no	no	HIGH	PARTIAL	run_id_identity_only;_t_is_datestr_not_GetSecs
<RAW>/Glaucoma/SUBG07-SESSION2-2024JUL21/SUBG07-Session2-2024JUL21-MATLAB/3-Movie_Data/Results/July-21-2024_10-23-33_AM_Subject_is_SUBG07-Session2-2024JUL21_selected_run_id_3.mat	.mat	37e2f69c24e1919992b21ce6efc0a3180814a298ce1b0653584df654f5501485	ans:double[1x1]; answer:char[1]; change_eye:double[1x1]; comment:char[1]; outputFile:char[1]; outputFileID:double[1x1]; resultdir:char[1]; run_id:double[1x1]; t:char[1]; x:cell[1x1]; y:cell[1x1]		no	no	no	no	no	HIGH	PARTIAL	run_id_identity_only;_t_is_datestr_not_GetSecs
<RAW>/Glaucoma/SUBG07-SESSION2-2024JUL21/SUBG07-Session2-2024JUL21-MATLAB/3-Movie_Data/Results/July-21-2024_10-27-20_AM_Subject_is_SUBG07-Session2-2024JUL21_selected_run_id_4.mat	.mat	97cdba525a77b129034c3cd3bbbc387dc5d6baf01033b684d2d8870724d4bf67	ans:double[1x1]; answer:char[1]; change_eye:double[1x1]; comment:char[1]; outputFile:char[1]; outputFileID:double[1x1]; resultdir:char[1]; run_id:double[1x1]; t:char[1]; x:cell[1x1]; y:cell[1x1]		no	no	no	no	no	HIGH	PARTIAL	run_id_identity_only;_t_is_datestr_not_GetSecs
<RAW>/Glaucoma/SUBG07_Session01_2023DEC02/SUBG07_Session01_2023DEC02_MATLAB/3-Movie_Data/Results/December-02-2023_11-43-53_AM_Subject_is_SUBG07_selected_run_id_1.mat	.mat	95444da88383bdf3e7e6ece5b9e91178e217942fcf1dda6640ffeca3c6eefed3	ans:double[1x1]; answer:char[1]; change_eye:double[1x1]; comment:char[1]; outputFile:char[1]; outputFileID:double[1x1]; resultdir:char[1]; run_id:double[1x1]; t:char[1]; x:cell[1x1]; y:cell[1x1]		no	no	no	no	no	HIGH	PARTIAL	run_id_identity_only;_t_is_datestr_not_GetSecs
<RAW>/Glaucoma/SUBG07_Session01_2023DEC02/SUBG07_Session01_2023DEC02_MATLAB/3-Movie_Data/Results/December-02-2023_11-49-17_AM_Subject_is_SUBG07_selected_run_id_2.mat	.mat	87ef4758af9c30a3381446253cdfeb58337895dcf20d5cb389905bf649c41745	ans:double[1x1]; answer:char[1]; change_eye:double[1x1]; comment:char[1]; outputFile:char[1]; outputFileID:double[1x1]; resultdir:char[1]; run_id:double[1x1]; t:char[1]; x:cell[1x1]; y:cell[1x1]		no	no	no	no	no	HIGH	PARTIAL	run_id_identity_only;_t_is_datestr_not_GetSecs
<RAW>/Glaucoma/SUBG07_Session01_2023DEC02/SUBG07_Session01_2023DEC02_MATLAB/3-Movie_Data/Results/December-02-2023_11-53-49_AM_Subject_is_SUBG07_selected_run_id_3.mat	.mat	1f88b5d3bee4a2164c62620469c4ba8850583cc306b078dc3e8b475a72dfd285	ans:double[1x1]; answer:char[1]; change_eye:double[1x1]; comment:char[1]; outputFile:char[1]; outputFileID:double[1x1]; resultdir:char[1]; run_id:double[1x1]; t:char[1]; x:cell[1x1]; y:cell[1x1]		no	no	no	no	no	HIGH	PARTIAL	run_id_identity_only;_t_is_datestr_not_GetSecs
<RAW>/Glaucoma/SUBG07_Session01_2023DEC02/SUBG07_Session01_2023DEC02_MATLAB/3-Movie_Data/Results/December-02-2023_11-58-44_AM_Subject_is_SUBG07_selected_run_id_4.mat	.mat	e91163146ec4c65f31b8776105b80e9b3a67967cdd4f368c98fc9610af287850	ans:double[1x1]; answer:char[1]; change_eye:double[1x1]; comment:char[1]; outputFile:char[1]; outputFileID:double[1x1]; resultdir:char[1]; run_id:double[1x1]; t:char[1]; x:cell[1x1]; y:cell[1x1]		no	no	no	no	no	HIGH	PARTIAL	run_id_identity_only;_t_is_datestr_not_GetSecs
<RAW>/Glaucoma/SUBG08_Session01_2024FEB10/SUBG08_Session01_2024FEB10_MATLAB/3-Movie_Data/Results/February-10-2024_ 3-26-53_PM_Subject_is_G08_selected_run_id_1.mat	.mat	3332c5ddc696e433a5c6b2c0ab7f384a8de45649dbe93925e82be08623b46af9	ans:double[1x1]; answer:char[1]; change_eye:double[1x1]; comment:char[1]; outputFile:char[1]; outputFileID:double[1x1]; resultdir:char[1]; run_id:double[1x1]; t:char[1]; x:cell[1x1]; y:cell[1x1]		no	no	no	no	no	HIGH	PARTIAL	run_id_identity_only;_t_is_datestr_not_GetSecs
<RAW>/Glaucoma/SUBG08_Session01_2024FEB10/SUBG08_Session01_2024FEB10_MATLAB/3-Movie_Data/Results/February-10-2024_ 3-31-22_PM_Subject_is_G08_selected_run_id_2.mat	.mat	82819f301a6a6b7913d908472cd4e3f082f5d9560bae545d318ee3ad7133d688	ans:double[1x1]; answer:char[1]; change_eye:double[1x1]; comment:char[1]; outputFile:char[1]; outputFileID:double[1x1]; resultdir:char[1]; run_id:double[1x1]; t:char[1]; x:cell[1x1]; y:cell[1x1]		no	no	no	no	no	HIGH	PARTIAL	run_id_identity_only;_t_is_datestr_not_GetSecs
<RAW>/Glaucoma/SUBG08_Session01_2024FEB10/SUBG08_Session01_2024FEB10_MATLAB/3-Movie_Data/Results/February-10-2024_ 3-35-43_PM_Subject_is_G08_selected_run_id_3.mat	.mat	6c9264d3af1a927562bbe08be63e2a947c1857da4ff91f1e1f0a2d421d9c3835	ans:double[1x1]; answer:char[1]; change_eye:double[1x1]; comment:char[1]; outputFile:char[1]; outputFileID:double[1x1]; resultdir:char[1]; run_id:double[1x1]; t:char[1]; x:cell[1x1]; y:cell[1x1]		no	no	no	no	no	HIGH	PARTIAL	run_id_identity_only;_t_is_datestr_not_GetSecs
<RAW>/Glaucoma/SUBG08_Session01_2024FEB10/SUBG08_Session01_2024FEB10_MATLAB/3-Movie_Data/Results/February-10-2024_ 3-40-13_PM_Subject_is_G08_selected_run_id_4.mat	.mat	db9d8215d54e9b64fcde9a252321d2c0e961d6967da6f76c313118d0776daa97	ans:double[1x1]; answer:char[1]; change_eye:double[1x1]; comment:char[1]; outputFile:char[1]; outputFileID:double[1x1]; resultdir:char[1]; run_id:double[1x1]; t:char[1]; x:cell[1x1]; y:cell[1x1]		no	no	no	no	no	HIGH	PARTIAL	run_id_identity_only;_t_is_datestr_not_GetSecs
<RAW>/Glaucoma/SUBG08_Session02_2024AUG18/SUBG08_Session02_2024AUG18_matlab/3-Movie_Data/Results/August-18-2024_11-02-36_AM_Subject_is_SUBG08_Session02_selected_run_id_1.mat	.mat	12f923d4b52a1d3ce023681630d399e79e845f48f3924370eeac6a67d49d3b7e	ans:double[1x1]; answer:char[1]; change_eye:double[1x1]; comment:char[1]; outputFile:char[1]; outputFileID:double[1x1]; resultdir:char[1]; run_id:double[1x1]; t:char[1]; x:cell[1x1]; y:cell[1x1]		no	no	no	no	no	HIGH	PARTIAL	run_id_identity_only;_t_is_datestr_not_GetSecs
<RAW>/Glaucoma/SUBG08_Session02_2024AUG18/SUBG08_Session02_2024AUG18_matlab/3-Movie_Data/Results/August-18-2024_11-06-59_AM_Subject_is_SUBG08_Session02_selected_run_id_2.mat	.mat	b24eebffefdaa24f1098477bcb9399aafd77c63d79d13245dfa42f5646f95ddb	ans:double[1x1]; answer:char[1]; change_eye:double[1x1]; comment:char[1]; outputFile:char[1]; outputFileID:double[1x1]; resultdir:char[1]; run_id:double[1x1]; t:char[1]; x:cell[1x1]; y:cell[1x1]		no	no	no	no	no	HIGH	PARTIAL	run_id_identity_only;_t_is_datestr_not_GetSecs
<RAW>/Glaucoma/SUBG08_Session02_2024AUG18/SUBG08_Session02_2024AUG18_matlab/3-Movie_Data/Results/August-18-2024_11-11-30_AM_Subject_is_SUBG08_Session02_selected_run_id_3.mat	.mat	46cb32d4a4fb042030c657f09c2e79a8418ec7c8023d36348c6a230f979e11bb	ans:double[1x1]; answer:char[1]; change_eye:double[1x1]; comment:char[1]; outputFile:char[1]; outputFileID:double[1x1]; resultdir:char[1]; run_id:double[1x1]; t:char[1]; x:cell[1x1]; y:cell[1x1]		no	no	no	no	no	HIGH	PARTIAL	run_id_identity_only;_t_is_datestr_not_GetSecs
<RAW>/Glaucoma/SUBG08_Session02_2024AUG18/SUBG08_Session02_2024AUG18_matlab/3-Movie_Data/Results/August-18-2024_11-15-25_AM_Subject_is_SUBG08_Session02_selected_run_id_4.mat	.mat	bf00dbec50a9aae720ff50a253f0a44c1e8d1faa9811a20a967c40f005b40548	ans:double[1x1]; answer:char[1]; change_eye:double[1x1]; comment:char[1]; outputFile:char[1]; outputFileID:double[1x1]; resultdir:char[1]; run_id:double[1x1]; t:char[1]; x:cell[1x1]; y:cell[1x1]		no	no	no	no	no	HIGH	PARTIAL	run_id_identity_only;_t_is_datestr_not_GetSecs
<RAW>/Glaucoma/SUBG09_Session01_2024MAY23/SUBG09_Session01_2024MAY23_MATLAB/3-Movie_Data/Results/May-23-2024_11-23-30_AM_Subject_is_subg09_selected_run_id_1.mat	.mat	7f6c914357e243be38d6863703e9e287c2a1dab85e3165613bf749017def5219	ans:double[1x1]; answer:char[1]; change_eye:double[1x1]; comment:char[1]; outputFile:char[1]; outputFileID:double[1x1]; resultdir:char[1]; run_id:double[1x1]; t:char[1]; x:cell[1x1]; y:cell[1x1]		no	no	no	no	no	HIGH	PARTIAL	run_id_identity_only;_t_is_datestr_not_GetSecs
<RAW>/Glaucoma/SUBG09_Session01_2024MAY23/SUBG09_Session01_2024MAY23_MATLAB/3-Movie_Data/Results/May-23-2024_11-28-24_AM_Subject_is_subg09_selected_run_id_2.mat	.mat	54619cd38cc9177bc3a625d3f8b3d8034ebaa4b17872a10b16028d03ae8fb684	ans:double[1x1]; answer:char[1]; change_eye:double[1x1]; comment:char[1]; outputFile:char[1]; outputFileID:double[1x1]; resultdir:char[1]; run_id:double[1x1]; t:char[1]; x:cell[1x1]; y:cell[1x1]		no	no	no	no	no	HIGH	PARTIAL	run_id_identity_only;_t_is_datestr_not_GetSecs
<RAW>/Glaucoma/SUBG09_Session01_2024MAY23/SUBG09_Session01_2024MAY23_MATLAB/3-Movie_Data/Results/May-23-2024_11-32-40_AM_Subject_is_subg09_selected_run_id_3.mat	.mat	49b276c70c8c5e6a93064f5327e98f0158543a7fe6bca6f7cccf703892d5150f	ans:double[1x1]; answer:char[1]; change_eye:double[1x1]; comment:char[1]; outputFile:char[1]; outputFileID:double[1x1]; resultdir:char[1]; run_id:double[1x1]; t:char[1]; x:cell[1x1]; y:cell[1x1]		no	no	no	no	no	HIGH	PARTIAL	run_id_identity_only;_t_is_datestr_not_GetSecs
<RAW>/Glaucoma/SUBG09_Session01_2024MAY23/SUBG09_Session01_2024MAY23_MATLAB/3-Movie_Data/Results/May-23-2024_11-36-34_AM_Subject_is_subg09_selected_run_id_4.mat	.mat	5d01bd515b923939a325de2eb18e4347ad898262c64b42f83b60d1e7ae95a054	ans:double[1x1]; answer:char[1]; change_eye:double[1x1]; comment:char[1]; outputFile:char[1]; outputFileID:double[1x1]; resultdir:char[1]; run_id:double[1x1]; t:char[1]; x:cell[1x1]; y:cell[1x1]		no	no	no	no	no	HIGH	PARTIAL	run_id_identity_only;_t_is_datestr_not_GetSecs
<RAW>/Glaucoma/SUBG09_Session02_2024NOV19/SUBG09-Session2-2024NOV19-matlab/3-Movie_Data/Results/November-19-2024_10-53-55_AM_Subject_is_SUBG09_Session02_2024NOV19_selected_run_id_1.mat	.mat	d433dac8d7cd1c7e892e851306f821e13690920b4b88bcacd4bf929aeb553eb0	ans:double[1x1]; answer:char[1]; change_eye:double[1x1]; comment:char[1]; outputFile:char[1]; outputFileID:double[1x1]; resultdir:char[1]; run_id:double[1x1]; t:char[1]; x:cell[1x1]; y:cell[1x1]		no	no	no	no	no	HIGH	PARTIAL	run_id_identity_only;_t_is_datestr_not_GetSecs
<RAW>/Glaucoma/SUBG09_Session02_2024NOV19/SUBG09-Session2-2024NOV19-matlab/3-Movie_Data/Results/November-19-2024_10-58-00_AM_Subject_is_SUBG09_Session02_2024NOV19_selected_run_id_2.mat	.mat	18975ae0d5db67ef6c562667a182be24ccf18c5df66f03274a53da780fb80f0d	ans:double[1x1]; answer:char[1]; change_eye:double[1x1]; comment:char[1]; outputFile:char[1]; outputFileID:double[1x1]; resultdir:char[1]; run_id:double[1x1]; t:char[1]; x:cell[1x1]; y:cell[1x1]		no	no	no	no	no	HIGH	PARTIAL	run_id_identity_only;_t_is_datestr_not_GetSecs
<RAW>/Glaucoma/SUBG09_Session02_2024NOV19/SUBG09-Session2-2024NOV19-matlab/3-Movie_Data/Results/November-19-2024_11-02-02_AM_Subject_is_SUBG09_Session02_2024NOV19_selected_run_id_3.mat	.mat	af8740ea28d0efeedb7bbb9d873abe84b1b29dbf08698de98f01bbb81f3602af	ans:double[1x1]; answer:char[1]; change_eye:double[1x1]; comment:char[1]; outputFile:char[1]; outputFileID:double[1x1]; resultdir:char[1]; run_id:double[1x1]; t:char[1]; x:cell[1x1]; y:cell[1x1]		no	no	no	no	no	HIGH	PARTIAL	run_id_identity_only;_t_is_datestr_not_GetSecs
<RAW>/Glaucoma/SUBG09_Session02_2024NOV19/SUBG09-Session2-2024NOV19-matlab/3-Movie_Data/Results/November-19-2024_11-05-53_AM_Subject_is_SUBG09_Session02_2024NOV19_selected_run_id_4.mat	.mat	9772a3447e2f2d54d9bfc1ce0143d52303c0d97506b8649f259707cf694c496e	ans:double[1x1]; answer:char[1]; change_eye:double[1x1]; comment:char[1]; outputFile:char[1]; outputFileID:double[1x1]; resultdir:char[1]; run_id:double[1x1]; t:char[1]; x:cell[1x1]; y:cell[1x1]		no	no	no	no	no	HIGH	PARTIAL	run_id_identity_only;_t_is_datestr_not_GetSecs
<RAW>/Glaucoma/SUBG10_Session01_2024SEP13/SUBG10_Session01_2024SEP13_Matlab/3-Movie_Data/Results/September-13-2024_ 6-07-42_PM_Subject_is_SUBG10_Session01_2024SEP13_selected_run_id_1.mat	.mat	9771a2bb1ee095682fbd8e1ff63a054b95ffe7c95a52e3e29ad6b71d60ba253e	ans:double[1x1]; answer:char[1]; change_eye:double[1x1]; comment:char[1]; outputFile:char[1]; outputFileID:double[1x1]; resultdir:char[1]; run_id:double[1x1]; t:char[1]; x:cell[1x1]; y:cell[1x1]		no	no	no	no	no	HIGH	PARTIAL	run_id_identity_only;_t_is_datestr_not_GetSecs
<RAW>/Glaucoma/SUBG10_Session01_2024SEP13/SUBG10_Session01_2024SEP13_Matlab/3-Movie_Data/Results/September-13-2024_ 6-12-02_PM_Subject_is_SUBG10_Session01_2024SEP13_selected_run_id_2.mat	.mat	363243c0ba6f450c79b5f43936a0f60b90e95b602040fd912d0b65032b06701e	ans:double[1x1]; answer:char[1]; change_eye:double[1x1]; comment:char[1]; outputFile:char[1]; outputFileID:double[1x1]; resultdir:char[1]; run_id:double[1x1]; t:char[1]; x:cell[1x1]; y:cell[1x1]		no	no	no	no	no	HIGH	PARTIAL	run_id_identity_only;_t_is_datestr_not_GetSecs
<RAW>/Glaucoma/SUBG10_Session01_2024SEP13/SUBG10_Session01_2024SEP13_Matlab/3-Movie_Data/Results/September-13-2024_ 6-16-02_PM_Subject_is_SUBG10_Session01_2024SEP13_selected_run_id_3.mat	.mat	58fc33e918a1a10b859a628f98796848106b8c7dd9419fc2241249d19f9d5e83	ans:double[1x1]; answer:char[1]; change_eye:double[1x1]; comment:char[1]; outputFile:char[1]; outputFileID:double[1x1]; resultdir:char[1]; run_id:double[1x1]; t:char[1]; x:cell[1x1]; y:cell[1x1]		no	no	no	no	no	HIGH	PARTIAL	run_id_identity_only;_t_is_datestr_not_GetSecs
<RAW>/Glaucoma/SUBG10_Session01_2024SEP13/SUBG10_Session01_2024SEP13_Matlab/3-Movie_Data/Results/September-13-2024_ 6-19-56_PM_Subject_is_SUBG10_Session01_2024SEP13_selected_run_id_4.mat	.mat	77126287d543fe4d6dc7e04dea99d1b92c99ea803db0adf733f73a81436a78cd	ans:double[1x1]; answer:char[1]; change_eye:double[1x1]; comment:char[1]; outputFile:char[1]; outputFileID:double[1x1]; resultdir:char[1]; run_id:double[1x1]; t:char[1]; x:cell[1x1]; y:cell[1x1]		no	no	no	no	no	HIGH	PARTIAL	run_id_identity_only;_t_is_datestr_not_GetSecs
<RAW>/Glaucoma/SUBG11_Session01_2024OCT06/SUBG11-Session2-2024OCT06/3-Movie_Data/Results/October-06-2024_ 2-41-20_PM_Subject_is_SUBG11-Session1-2024OCT6_selected_run_id_1.mat	.mat	02c9876988a18e9807d693d029a62815af0f48a4092480d761916b1fc735743b	ans:double[1x1]; answer:char[1]; change_eye:double[1x1]; comment:char[1]; outputFile:char[1]; outputFileID:double[1x1]; resultdir:char[1]; run_id:double[1x1]; t:char[1]; x:cell[1x1]; y:cell[1x1]		no	no	no	no	no	HIGH	PARTIAL	run_id_identity_only;_t_is_datestr_not_GetSecs
<RAW>/Glaucoma/SUBG11_Session01_2024OCT06/SUBG11-Session2-2024OCT06/3-Movie_Data/Results/October-06-2024_ 2-46-04_PM_Subject_is_SUBG11-Session1-2024OCT6_selected_run_id_2.mat	.mat	d55d928ec2cbb356cdd5a6405785fe183bdf9e160b2b8a21c81f5b64e4140a86	ans:double[1x1]; answer:char[1]; change_eye:double[1x1]; comment:char[1]; outputFile:char[1]; outputFileID:double[1x1]; resultdir:char[1]; run_id:double[1x1]; t:char[1]; x:cell[1x1]; y:cell[1x1]		no	no	no	no	no	HIGH	PARTIAL	run_id_identity_only;_t_is_datestr_not_GetSecs
<RAW>/Glaucoma/SUBG11_Session01_2024OCT06/SUBG11-Session2-2024OCT06/3-Movie_Data/Results/October-06-2024_ 2-49-49_PM_Subject_is_SUBG11-Session1-2024OCT6_selected_run_id_3.mat	.mat	8280ba95266a0a2a74e826029ea4e591b190aaf2acc63f78c6b6a0ed4e8eab5e	ans:double[1x1]; answer:char[1]; change_eye:double[1x1]; comment:char[1]; outputFile:char[1]; outputFileID:double[1x1]; resultdir:char[1]; run_id:double[1x1]; t:char[1]; x:cell[1x1]; y:cell[1x1]		no	no	no	no	no	HIGH	PARTIAL	run_id_identity_only;_t_is_datestr_not_GetSecs
<RAW>/Glaucoma/SUBG11_Session01_2024OCT06/SUBG11-Session2-2024OCT06/3-Movie_Data/Results/October-06-2024_ 2-56-07_PM_Subject_is_SUBG11-Session1-2024OCT6_selected_run_id_4.mat	.mat	964a569ffe31038355bea669cf12e362af5d8bd3f83583f4989fd66e9f05fec8	ans:double[1x1]; answer:char[1]; change_eye:double[1x1]; comment:char[1]; outputFile:char[1]; outputFileID:double[1x1]; resultdir:char[1]; run_id:double[1x1]; t:char[1]; x:cell[1x1]; y:cell[1x1]		no	no	no	no	no	HIGH	PARTIAL	run_id_identity_only;_t_is_datestr_not_GetSecs
<RAW>/Glaucoma/SUBG12_Session01_2024NOV20/SUBG12_Session01_2024NOV20_MATLAB/3-Movie_Data/Results/November-20-2024_ 4-50-05_PM_Subject_is_SUBG2-Session1-2024NOV20_selected_run_id_1.mat	.mat	6618ae1bc85bcb1cb79aefd33f204ac226d67e383cbc604e136fb9f727e2478e	ans:double[1x1]; answer:char[1]; change_eye:double[1x1]; comment:char[1]; outputFile:char[1]; outputFileID:double[1x1]; resultdir:char[1]; run_id:double[1x1]; t:char[1]; x:cell[1x1]; y:cell[1x1]		no	no	no	no	no	HIGH	PARTIAL	run_id_identity_only;_t_is_datestr_not_GetSecs
<RAW>/Glaucoma/SUBG12_Session01_2024NOV20/SUBG12_Session01_2024NOV20_MATLAB/3-Movie_Data/Results/November-20-2024_ 4-54-07_PM_Subject_is_SUBG2-Session1-2024NOV20_selected_run_id_2.mat	.mat	fd10c82ae19f9d3e0094d78a8b84aaddf495d15f0ead1b3872080d3d35996f0c	ans:double[1x1]; answer:char[1]; change_eye:double[1x1]; comment:char[1]; outputFile:char[1]; outputFileID:double[1x1]; resultdir:char[1]; run_id:double[1x1]; t:char[1]; x:cell[1x1]; y:cell[1x1]		no	no	no	no	no	HIGH	PARTIAL	run_id_identity_only;_t_is_datestr_not_GetSecs
<RAW>/Glaucoma/SUBG12_Session01_2024NOV20/SUBG12_Session01_2024NOV20_MATLAB/3-Movie_Data/Results/November-20-2024_ 4-57-59_PM_Subject_is_SUBG2-Session1-2024NOV20_selected_run_id_3.mat	.mat	86b0ec0449c52f1b241f9ed050c645c0a0a8d084eaf5e2dd25fc88e0d5a30588	ans:double[1x1]; answer:char[1]; change_eye:double[1x1]; comment:char[1]; outputFile:char[1]; outputFileID:double[1x1]; resultdir:char[1]; run_id:double[1x1]; t:char[1]; x:cell[1x1]; y:cell[1x1]		no	no	no	no	no	HIGH	PARTIAL	run_id_identity_only;_t_is_datestr_not_GetSecs
<RAW>/Glaucoma/SUBG12_Session01_2024NOV20/SUBG12_Session01_2024NOV20_MATLAB/3-Movie_Data/Results/November-20-2024_ 5-03-32_PM_Subject_is_SUBG2-Session1-2024NOV20_selected_run_id_4.mat	.mat	78b9ff9a79b99240ce704071c7fac27e5d13c6ce6f7c422657fab8aa38ba1c12	ans:double[1x1]; answer:char[1]; change_eye:double[1x1]; comment:char[1]; outputFile:char[1]; outputFileID:double[1x1]; resultdir:char[1]; run_id:double[1x1]; t:char[1]; x:cell[1x1]; y:cell[1x1]		no	no	no	no	no	HIGH	PARTIAL	run_id_identity_only;_t_is_datestr_not_GetSecs
<RAW>/Glaucoma/SUBG13_SESSION02_2025MAY22/SUBG13_SESSION02_2025MAY22_MATLAB/3-Movie_Data/Results/May-22-2025_ 2-52-28_PM_Subject_is_SUBG13_SESSION02_selected_run_id_1.mat	.mat	5700091baebd921e2422761531d32daa0bee24a0a898ca126616d22a3402cb90	ans:double[1x1]; answer:char[1]; change_eye:double[1x1]; comment:char[1]; outputFile:char[1]; outputFileID:double[1x1]; resultdir:char[1]; run_id:double[1x1]; t:char[1]; x:cell[1x1]; y:cell[1x1]		no	no	no	no	no	HIGH	PARTIAL	run_id_identity_only;_t_is_datestr_not_GetSecs
<RAW>/Glaucoma/SUBG13_SESSION02_2025MAY22/SUBG13_SESSION02_2025MAY22_MATLAB/3-Movie_Data/Results/May-22-2025_ 2-56-43_PM_Subject_is_SUBG13_SESSION02_selected_run_id_2.mat	.mat	cdce747d44e491b98524fb54bbd5fd0f153ac5c3a43d700090829228e2039c09	ans:double[1x1]; answer:char[1]; change_eye:double[1x1]; comment:char[1]; outputFile:char[1]; outputFileID:double[1x1]; resultdir:char[1]; run_id:double[1x1]; t:char[1]; x:cell[1x1]; y:cell[1x1]		no	no	no	no	no	HIGH	PARTIAL	run_id_identity_only;_t_is_datestr_not_GetSecs
<RAW>/Glaucoma/SUBG13_SESSION02_2025MAY22/SUBG13_SESSION02_2025MAY22_MATLAB/3-Movie_Data/Results/May-22-2025_ 3-00-35_PM_Subject_is_SUBG13_SESSION02_selected_run_id_3.mat	.mat	0f2adc81cbe0d4c152fa449c0f3458a807139b0b7b698673d80f44b8ddc5f665	ans:double[1x1]; answer:char[1]; change_eye:double[1x1]; comment:char[1]; outputFile:char[1]; outputFileID:double[1x1]; resultdir:char[1]; run_id:double[1x1]; t:char[1]; x:cell[1x1]; y:cell[1x1]		no	no	no	no	no	HIGH	PARTIAL	run_id_identity_only;_t_is_datestr_not_GetSecs
<RAW>/Glaucoma/SUBG13_SESSION02_2025MAY22/SUBG13_SESSION02_2025MAY22_MATLAB/3-Movie_Data/Results/May-22-2025_ 3-04-28_PM_Subject_is_SUBG13_SESSION02_selected_run_id_4.mat	.mat	ec664757a7db6008f5ac048b9d273f7da07670cfed305bbbf313fea540435b8c	ans:double[1x1]; answer:char[1]; change_eye:double[1x1]; comment:char[1]; outputFile:char[1]; outputFileID:double[1x1]; resultdir:char[1]; run_id:double[1x1]; t:char[1]; x:cell[1x1]; y:cell[1x1]		no	no	no	no	no	HIGH	PARTIAL	run_id_identity_only;_t_is_datestr_not_GetSecs
<RAW>/Glaucoma/SUBG14_Session01_2024DEC01/SUBG14_Session01_2024DEC01_matlab/3-Movie_Data/Results/December-01-2024_ 3-17-38_PM_Subject_is_SUBC14_SESSION01_selected_run_id_1.mat	.mat	30bf54eebb9d339f0d954682e53fcddba67c071cb0a176128aab3014485544f2	ans:double[1x1]; answer:char[1]; change_eye:double[1x1]; comment:char[1]; outputFile:char[1]; outputFileID:double[1x1]; resultdir:char[1]; run_id:double[1x1]; t:char[1]; x:cell[1x1]; y:cell[1x1]		no	no	no	no	no	HIGH	PARTIAL	run_id_identity_only;_t_is_datestr_not_GetSecs
<RAW>/Glaucoma/SUBG14_Session01_2024DEC01/SUBG14_Session01_2024DEC01_matlab/3-Movie_Data/Results/December-01-2024_ 3-23-05_PM_Subject_is_SUBC14_SESSION01_selected_run_id_2.mat	.mat	b86333fcd8f7be9576be5672e84d9fc8721774787dff67c59576978d2b59043e	ans:double[1x1]; answer:char[1]; change_eye:double[1x1]; comment:char[1]; outputFile:char[1]; outputFileID:double[1x1]; resultdir:char[1]; run_id:double[1x1]; t:char[1]; x:cell[1x1]; y:cell[1x1]		no	no	no	no	no	HIGH	PARTIAL	run_id_identity_only;_t_is_datestr_not_GetSecs
<RAW>/Glaucoma/SUBG14_Session01_2024DEC01/SUBG14_Session01_2024DEC01_matlab/3-Movie_Data/Results/December-01-2024_ 3-27-16_PM_Subject_is_SUBC14_SESSION01_selected_run_id_3.mat	.mat	2059b6271cc190520f9a1f50a77b0ab8198b96cf28bc5ceb9b8a8a89db45fcc7	ans:double[1x1]; answer:char[1]; change_eye:double[1x1]; comment:char[1]; outputFile:char[1]; outputFileID:double[1x1]; resultdir:char[1]; run_id:double[1x1]; t:char[1]; x:cell[1x1]; y:cell[1x1]		no	no	no	no	no	HIGH	PARTIAL	run_id_identity_only;_t_is_datestr_not_GetSecs
<RAW>/Glaucoma/SUBG14_Session01_2024DEC01/SUBG14_Session01_2024DEC01_matlab/3-Movie_Data/Results/December-01-2024_ 3-31-27_PM_Subject_is_SUBC14_SESSION01_selected_run_id_4.mat	.mat	3834b16d853e1839b4a6e99c6c009bcef5af64370e435a83e9134e345bd549ee	ans:double[1x1]; answer:char[1]; change_eye:double[1x1]; comment:char[1]; outputFile:char[1]; outputFileID:double[1x1]; resultdir:char[1]; run_id:double[1x1]; t:char[1]; x:cell[1x1]; y:cell[1x1]		no	no	no	no	no	HIGH	PARTIAL	run_id_identity_only;_t_is_datestr_not_GetSecs
<RAW>/Glaucoma/SUBG15_Session01_2024DEC08/SUBG15-Session1-2024DEC08-MATLAB/3-Movie_Data/Results/December-08-2024_11-25-03_AM_Subject_is_SUBG15-Session1-2024DE08_selected_run_id_1.mat	.mat	1d33a7780f95b3c1016e95b459e9fe6721960227b6b0fce2416fc03d6727ef39	ans:double[1x1]; answer:char[1]; change_eye:double[1x1]; comment:char[1]; outputFile:char[1]; outputFileID:double[1x1]; resultdir:char[1]; run_id:double[1x1]; t:char[1]; x:cell[1x1]; y:cell[1x1]		no	no	no	no	no	HIGH	PARTIAL	run_id_identity_only;_t_is_datestr_not_GetSecs
<RAW>/Glaucoma/SUBG15_Session01_2024DEC08/SUBG15-Session1-2024DEC08-MATLAB/3-Movie_Data/Results/December-08-2024_11-29-26_AM_Subject_is_SUBG15-Session1-2024DE08_selected_run_id_2.mat	.mat	3ddcb6012998d8c368725571ffca9e448567a8f10d4325705b1f01ea37745a34	ans:double[1x1]; answer:char[1]; change_eye:double[1x1]; comment:char[1]; outputFile:char[1]; outputFileID:double[1x1]; resultdir:char[1]; run_id:double[1x1]; t:char[1]; x:cell[1x1]; y:cell[1x1]		no	no	no	no	no	HIGH	PARTIAL	run_id_identity_only;_t_is_datestr_not_GetSecs
<RAW>/Glaucoma/SUBG15_Session01_2024DEC08/SUBG15-Session1-2024DEC08-MATLAB/3-Movie_Data/Results/December-08-2024_11-33-22_AM_Subject_is_SUBG15-Session1-2024DE08_selected_run_id_3.mat	.mat	01680acdcb9a9162c9831dfbffcacde3a15a03290d3cef9ccfd05389456e0a0f	ans:double[1x1]; answer:char[1]; change_eye:double[1x1]; comment:char[1]; outputFile:char[1]; outputFileID:double[1x1]; resultdir:char[1]; run_id:double[1x1]; t:char[1]; x:cell[1x1]; y:cell[1x1]		no	no	no	no	no	HIGH	PARTIAL	run_id_identity_only;_t_is_datestr_not_GetSecs
<RAW>/Glaucoma/SUBG15_Session01_2024DEC08/SUBG15-Session1-2024DEC08-MATLAB/3-Movie_Data/Results/December-08-2024_11-37-17_AM_Subject_is_SUBG15-Session1-2024DE08_selected_run_id_4.mat	.mat	a99551fe91a4dbbef8d5c43d5352a178ab5cde703da859d1835bdd5dd28af595	ans:double[1x1]; answer:char[1]; change_eye:double[1x1]; comment:char[1]; outputFile:char[1]; outputFileID:double[1x1]; resultdir:char[1]; run_id:double[1x1]; t:char[1]; x:cell[1x1]; y:cell[1x1]		no	no	no	no	no	HIGH	PARTIAL	run_id_identity_only;_t_is_datestr_not_GetSecs
<RAW>/Glaucoma/SUBG16_SESSION02_2025AUG17/3-Movie_Data/Results/August-17-2025_11-58-02_AM_Subject_is_SUBG16_SCAN2_selected_run_id_1.mat	.mat	966eb08044a404f091a91151066f7db04193f3118236b833321723b407c5e659	ans:double[1x1]; answer:char[1]; change_eye:double[1x1]; comment:char[1]; outputFile:char[1]; outputFileID:double[1x1]; resultdir:char[1]; run_id:double[1x1]; t:char[1]; x:cell[1x1]; y:cell[1x1]		no	no	no	no	no	HIGH	PARTIAL	run_id_identity_only;_t_is_datestr_not_GetSecs
<RAW>/Glaucoma/SUBG16_SESSION02_2025AUG17/3-Movie_Data/Results/August-17-2025_12-02-22_PM_Subject_is_SUBG16_SCAN2_selected_run_id_2.mat	.mat	1968c960d7fa17666677b85e176987bf53cd9679f04c0be721b3cd200fcc56fb	ans:double[1x1]; answer:char[1]; change_eye:double[1x1]; comment:char[1]; outputFile:char[1]; outputFileID:double[1x1]; resultdir:char[1]; run_id:double[1x1]; t:char[1]; x:cell[1x1]; y:cell[1x1]		no	no	no	no	no	HIGH	PARTIAL	run_id_identity_only;_t_is_datestr_not_GetSecs
<RAW>/Glaucoma/SUBG16_SESSION02_2025AUG17/3-Movie_Data/Results/August-17-2025_12-06-10_PM_Subject_is_SUBG16_SCAN2_selected_run_id_3.mat	.mat	3b18dea13c2786990a080d4c0391b61330a03464b6bb99b10e39a1f773dbeb28	ans:double[1x1]; answer:char[1]; change_eye:double[1x1]; comment:char[1]; outputFile:char[1]; outputFileID:double[1x1]; resultdir:char[1]; run_id:double[1x1]; t:char[1]; x:cell[1x1]; y:cell[1x1]		no	no	no	no	no	HIGH	PARTIAL	run_id_identity_only;_t_is_datestr_not_GetSecs
<RAW>/Glaucoma/SUBG16_SESSION02_2025AUG17/3-Movie_Data/Results/August-17-2025_12-10-10_PM_Subject_is_SUBG16_SCAN2_selected_run_id_4.mat	.mat	b205b120ac33de3fb453fe65dba56c02ba048ce66b12d668356a039a98cb111e	ans:double[1x1]; answer:char[1]; change_eye:double[1x1]; comment:char[1]; outputFile:char[1]; outputFileID:double[1x1]; resultdir:char[1]; run_id:double[1x1]; t:char[1]; x:cell[1x1]; y:cell[1x1]		no	no	no	no	no	HIGH	PARTIAL	run_id_identity_only;_t_is_datestr_not_GetSecs
<RAW>/Glaucoma/SUBG16_Session01_2024DEC14/SUBG16_Session01_2024DEC14_matlab/3-Movie_Data/Results/December-14-2024_11-24-19_AM_Subject_is_SUBG16_Session01_2024DEC14_selected_run_id_1.mat	.mat	51824231afbad874b632b5832d880f1087e57de7d73bfdad76adf6c41d891ff0	ans:double[1x1]; answer:char[1]; change_eye:double[1x1]; comment:char[1]; outputFile:char[1]; outputFileID:double[1x1]; resultdir:char[1]; run_id:double[1x1]; t:char[1]; x:cell[1x1]; y:cell[1x1]		no	no	no	no	no	HIGH	PARTIAL	run_id_identity_only;_t_is_datestr_not_GetSecs
<RAW>/Glaucoma/SUBG16_Session01_2024DEC14/SUBG16_Session01_2024DEC14_matlab/3-Movie_Data/Results/December-14-2024_11-28-06_AM_Subject_is_SUBG16_Session01_2024DEC14_selected_run_id_2.mat	.mat	e9aa2647fbd1c6e1d2a659f03f92c18f7e725619b341d77ca64601aa4b324791	ans:double[1x1]; answer:char[1]; change_eye:double[1x1]; comment:char[1]; outputFile:char[1]; outputFileID:double[1x1]; resultdir:char[1]; run_id:double[1x1]; t:char[1]; x:cell[1x1]; y:cell[1x1]		no	no	no	no	no	HIGH	PARTIAL	run_id_identity_only;_t_is_datestr_not_GetSecs
<RAW>/Glaucoma/SUBG16_Session01_2024DEC14/SUBG16_Session01_2024DEC14_matlab/3-Movie_Data/Results/December-14-2024_11-31-57_AM_Subject_is_SUBG16_Session01_2024DEC14_selected_run_id_3.mat	.mat	ba47f9e0be86e97857c9eabcc890d128abed2bc3b8471071142bdecc89dd82b0	ans:double[1x1]; answer:char[1]; change_eye:double[1x1]; comment:char[1]; outputFile:char[1]; outputFileID:double[1x1]; resultdir:char[1]; run_id:double[1x1]; t:char[1]; x:cell[1x1]; y:cell[1x1]		no	no	no	no	no	HIGH	PARTIAL	run_id_identity_only;_t_is_datestr_not_GetSecs
<RAW>/Glaucoma/SUBG16_Session01_2024DEC14/SUBG16_Session01_2024DEC14_matlab/3-Movie_Data/Results/December-14-2024_11-35-51_AM_Subject_is_SUBG16_Session01_2024DEC14_selected_run_id_4.mat	.mat	3fa9f581a9d3d8c613c50cd04c5a4d877605fae049f721067ea7a5ee76cb3e9a	ans:double[1x1]; answer:char[1]; change_eye:double[1x1]; comment:char[1]; outputFile:char[1]; outputFileID:double[1x1]; resultdir:char[1]; run_id:double[1x1]; t:char[1]; x:cell[1x1]; y:cell[1x1]		no	no	no	no	no	HIGH	PARTIAL	run_id_identity_only;_t_is_datestr_not_GetSecs
<RAW>/Glaucoma/SUBG17_SESSION02_2025AUG19/SUBG17_Session02_2025AUG19_matlab/3-Movie_Data/Results/August-19-2025_ 3-46-07_PM_Subject_is_SUBG17_Session02_selected_run_id_1.mat	.mat	279cf289d022820d0e716bad3154b3d878e2d12228b107224f66befb4a2419e1	ans:double[1x1]; answer:char[1]; change_eye:double[1x1]; comment:char[1]; outputFile:char[1]; outputFileID:double[1x1]; resultdir:char[1]; run_id:double[1x1]; t:char[1]; x:cell[1x1]; y:cell[1x1]		no	no	no	no	no	HIGH	PARTIAL	run_id_identity_only;_t_is_datestr_not_GetSecs
<RAW>/Glaucoma/SUBG17_SESSION02_2025AUG19/SUBG17_Session02_2025AUG19_matlab/3-Movie_Data/Results/August-19-2025_ 3-50-39_PM_Subject_is_SUBG17_Session02_selected_run_id_2.mat	.mat	f0da51d045e93c3410c8d6e9f5543561ddff8cac7a289f68e1a8e07fc5e42fe6	ans:double[1x1]; answer:char[1]; change_eye:double[1x1]; comment:char[1]; outputFile:char[1]; outputFileID:double[1x1]; resultdir:char[1]; run_id:double[1x1]; t:char[1]; x:cell[1x1]; y:cell[1x1]		no	no	no	no	no	HIGH	PARTIAL	run_id_identity_only;_t_is_datestr_not_GetSecs
<RAW>/Glaucoma/SUBG17_SESSION02_2025AUG19/SUBG17_Session02_2025AUG19_matlab/3-Movie_Data/Results/August-19-2025_ 3-54-20_PM_Subject_is_SUBG17_Session02_selected_run_id_3.mat	.mat	a80e7c8f7e32bc70616377588e8ffd1f810d022d8a492388fcd9f0a6c3ffd64f	ans:double[1x1]; answer:char[1]; change_eye:double[1x1]; comment:char[1]; outputFile:char[1]; outputFileID:double[1x1]; resultdir:char[1]; run_id:double[1x1]; t:char[1]; x:cell[1x1]; y:cell[1x1]		no	no	no	no	no	HIGH	PARTIAL	run_id_identity_only;_t_is_datestr_not_GetSecs
<RAW>/Glaucoma/SUBG17_Session01_2025FEB06/SUBG17_MATLAB/SUBG17_Session01_2025FEB02_matlab/3-Movie_Data/Results/February-06-2025_ 2-26-06_PM_Subject_is_SUBG17_Session01_selected_run_id_1.mat	.mat	f102a3e8d8480e2f8b7debd59167eb8551cf106591af1c04aeec09bc53b3722d	ans:double[1x1]; answer:char[1]; change_eye:double[1x1]; comment:char[1]; outputFile:char[1]; outputFileID:double[1x1]; resultdir:char[1]; run_id:double[1x1]; t:char[1]; x:cell[1x1]; y:cell[1x1]		no	no	no	no	no	HIGH	PARTIAL	run_id_identity_only;_t_is_datestr_not_GetSecs
<RAW>/Glaucoma/SUBG17_Session01_2025FEB06/SUBG17_MATLAB/SUBG17_Session01_2025FEB02_matlab/3-Movie_Data/Results/February-06-2025_ 2-30-29_PM_Subject_is_SUBG17_Session01_selected_run_id_2.mat	.mat	ed9dd0c3976c5e5ef48fa537ac32e3c47750d5c73309925500a6308378e17bbb	ans:double[1x1]; answer:char[1]; change_eye:double[1x1]; comment:char[1]; outputFile:char[1]; outputFileID:double[1x1]; resultdir:char[1]; run_id:double[1x1]; t:char[1]; x:cell[1x1]; y:cell[1x1]		no	no	no	no	no	HIGH	PARTIAL	run_id_identity_only;_t_is_datestr_not_GetSecs
<RAW>/Glaucoma/SUBG17_Session01_2025FEB06/SUBG17_MATLAB/SUBG17_Session01_2025FEB02_matlab/3-Movie_Data/Results/February-06-2025_ 2-44-24_PM_Subject_is_SUBG17_Session01_selected_run_id_3.mat	.mat	f343c52ae973fdfa8590e5fdd4cdbb4accef38ba219d6bd270351f84ff978698	ans:double[1x1]; answer:char[1]; change_eye:double[1x1]; comment:char[1]; outputFile:char[1]; outputFileID:double[1x1]; resultdir:char[1]; run_id:double[1x1]; t:char[1]; x:cell[1x1]; y:cell[1x1]		no	no	no	no	no	HIGH	PARTIAL	run_id_identity_only;_t_is_datestr_not_GetSecs
<RAW>/Glaucoma/SUBG17_Session01_2025FEB06/SUBG17_MATLAB/SUBG17_Session01_2025FEB02_matlab/3-Movie_Data/Results/February-06-2025_ 2-49-01_PM_Subject_is_SUBG17_Session01_selected_run_id_4.mat	.mat	af69e8b63a961185df1412fe418910dfcf418d73363ca4f9734f9a9514cadc3b	ans:double[1x1]; answer:char[1]; change_eye:double[1x1]; comment:char[1]; outputFile:char[1]; outputFileID:double[1x1]; resultdir:char[1]; run_id:double[1x1]; t:char[1]; x:cell[1x1]; y:cell[1x1]		no	no	no	no	no	HIGH	PARTIAL	run_id_identity_only;_t_is_datestr_not_GetSecs
<RAW>/Glaucoma/SUBG18_SESSION01_2025MAR14/SUBG18_SESSION01_2025MAR14_matlab/3-Movie_Data/Results/March-14-2025_12-06-22_PM_Subject_is_SUBG18_SESSION01_selected_run_id_1.mat	.mat	e6988936eb870a417ce667cad92565690a7326734ebc2fb458cef43a213dcab6	ans:double[1x1]; answer:char[1]; change_eye:double[1x1]; comment:char[1]; outputFile:char[1]; outputFileID:double[1x1]; resultdir:char[1]; run_id:double[1x1]; t:char[1]; x:cell[1x1]; y:cell[1x1]		no	no	no	no	no	HIGH	PARTIAL	run_id_identity_only;_t_is_datestr_not_GetSecs
<RAW>/Glaucoma/SUBG18_SESSION01_2025MAR14/SUBG18_SESSION01_2025MAR14_matlab/3-Movie_Data/Results/March-14-2025_12-11-37_PM_Subject_is_SUBG18_SESSION01_selected_run_id_2.mat	.mat	069237baa5b3b4f162cea78919257d9001066b0e4e232abca5d3a6741d8eb050	ans:double[1x1]; answer:char[1]; change_eye:double[1x1]; comment:char[1]; outputFile:char[1]; outputFileID:double[1x1]; resultdir:char[1]; run_id:double[1x1]; t:char[1]; x:cell[1x1]; y:cell[1x1]		no	no	no	no	no	HIGH	PARTIAL	run_id_identity_only;_t_is_datestr_not_GetSecs
<RAW>/Glaucoma/SUBG18_SESSION01_2025MAR14/SUBG18_SESSION01_2025MAR14_matlab/3-Movie_Data/Results/March-14-2025_12-15-26_PM_Subject_is_SUBG18_SESSION01_selected_run_id_3.mat	.mat	80554beb57cd629ba0c03553c1223e96e800e22418c2781fbc0e422be814c619	ans:double[1x1]; answer:char[1]; change_eye:double[1x1]; comment:char[1]; outputFile:char[1]; outputFileID:double[1x1]; resultdir:char[1]; run_id:double[1x1]; t:char[1]; x:cell[1x1]; y:cell[1x1]		no	no	no	no	no	HIGH	PARTIAL	run_id_identity_only;_t_is_datestr_not_GetSecs
<RAW>/Glaucoma/SUBG18_SESSION01_2025MAR14/SUBG18_SESSION01_2025MAR14_matlab/3-Movie_Data/Results/March-14-2025_12-19-24_PM_Subject_is_SUBG18_SESSION01_selected_run_id_4.mat	.mat	65810079e0fc44a38c718fff77380ecd76234624ca945c5568a6bf186aa1b9e5	ans:double[1x1]; answer:char[1]; change_eye:double[1x1]; comment:char[1]; outputFile:char[1]; outputFileID:double[1x1]; resultdir:char[1]; run_id:double[1x1]; t:char[1]; x:cell[1x1]; y:cell[1x1]		no	no	no	no	no	HIGH	PARTIAL	run_id_identity_only;_t_is_datestr_not_GetSecs
<RAW>/Glaucoma/SUBG19_Session1-2025Mar30/SUBG19-Session2-2025Mar30-MATLAB/3-Movie_Data/Results/March-30-2025_11-02-04_AM_Subject_is_SUBG19-Session1-2025MAR30_selected_run_id_1.mat	.mat	aa3d1c70d4dbf77bc3f59ebd0ee94f052a4e6691ebcac7850606042ff8488b53	ans:double[1x1]; answer:char[1]; change_eye:double[1x1]; comment:char[1]; outputFile:char[1]; outputFileID:double[1x1]; resultdir:char[1]; run_id:double[1x1]; t:char[1]; x:cell[1x1]; y:cell[1x1]		no	no	no	no	no	HIGH	PARTIAL	run_id_identity_only;_t_is_datestr_not_GetSecs
<RAW>/Glaucoma/SUBG19_Session1-2025Mar30/SUBG19-Session2-2025Mar30-MATLAB/3-Movie_Data/Results/March-30-2025_11-09-05_AM_Subject_is_SUBG19-Session1-2025MAR30_selected_run_id_2.mat	.mat	550a8b63d150f964d4b41082e3b22935c04196aad76ca07f5d752ddb8e9b1223	ans:double[1x1]; answer:char[1]; change_eye:double[1x1]; comment:char[1]; outputFile:char[1]; outputFileID:double[1x1]; resultdir:char[1]; run_id:double[1x1]; t:char[1]; x:cell[1x1]; y:cell[1x1]		no	no	no	no	no	HIGH	PARTIAL	run_id_identity_only;_t_is_datestr_not_GetSecs
<RAW>/Glaucoma/SUBG19_Session1-2025Mar30/SUBG19-Session2-2025Mar30-MATLAB/3-Movie_Data/Results/March-30-2025_11-12-56_AM_Subject_is_SUBG19-Session1-2025MAR30_selected_run_id_3.mat	.mat	4af9ea66d2385ad260433d44de97c164b938fcabc2cc44bf056ec7d8ce872f19	ans:double[1x1]; answer:char[1]; change_eye:double[1x1]; comment:char[1]; outputFile:char[1]; outputFileID:double[1x1]; resultdir:char[1]; run_id:double[1x1]; t:char[1]; x:cell[1x1]; y:cell[1x1]		no	no	no	no	no	HIGH	PARTIAL	run_id_identity_only;_t_is_datestr_not_GetSecs
<RAW>/Glaucoma/SUBG19_Session1-2025Mar30/SUBG19-Session2-2025Mar30-MATLAB/3-Movie_Data/Results/March-30-2025_11-17-27_AM_Subject_is_SUBG19-Session1-2025MAR30_selected_run_id_4.mat	.mat	03f247655056c157073a57f2e1ee1e2ad1ac60619d2ea47610e7ece35aca38ab	ans:double[1x1]; answer:char[1]; change_eye:double[1x1]; comment:char[1]; outputFile:char[1]; outputFileID:double[1x1]; resultdir:char[1]; run_id:double[1x1]; t:char[1]; x:cell[1x1]; y:cell[1x1]		no	no	no	no	no	HIGH	PARTIAL	run_id_identity_only;_t_is_datestr_not_GetSecs
