subject	session	run	selected_source	discarded_sources	reason	confidence
sub-001	ses-01	01	May-05-2023_ 2-55-37_PM__scan_info_for_subject_050__selected_run_is_1__fmri_number_is1.mat;fMRI_1.mat;runs_random.mat	May-05-2023_ 2-50-30_PM__Subject_is_050__sequence_of_stimuli_for_fMRI_number_1_is_11   6  10  12   1   5   9   2   4   7   3   8.mat	unique_scan_info;unique_fMRI_N;discarded_dated_seq_secondary_to_fMRI_N;unique_runs_random	high
sub-001	ses-01	02	May-05-2023_ 2-59-58_PM__scan_info_for_subject_050__selected_run_is_4__fmri_number_is2.mat;fMRI_2.mat;runs_random.mat	May-05-2023_ 2-56-09_PM__Subject_is_050__sequence_of_stimuli_for_fMRI_number_2_is_6   9  10   3   7   5   1  12   8   4   2  11.mat	unique_scan_info;unique_fMRI_N;discarded_dated_seq_secondary_to_fMRI_N;unique_runs_random	high
sub-001	ses-01	01	May-05-2023_ 2-55-37_PM__scan_info_for_subject_050__selected_run_is_1__fmri_number_is1.mat;fMRI_1.mat;runs_random.mat	May-05-2023_ 2-50-30_PM__Subject_is_050__sequence_of_stimuli_for_fMRI_number_1_is_11   6  10  12   1   5   9   2   4   7   3   8.mat	unique_scan_info;unique_fMRI_N;discarded_dated_seq_secondary_to_fMRI_N;unique_runs_random	high
sub-001	ses-01	02	May-05-2023_ 2-59-58_PM__scan_info_for_subject_050__selected_run_is_4__fmri_number_is2.mat;fMRI_2.mat;runs_random.mat	May-05-2023_ 2-56-09_PM__Subject_is_050__sequence_of_stimuli_for_fMRI_number_2_is_6   9  10   3   7   5   1  12   8   4   2  11.mat	unique_scan_info;unique_fMRI_N;discarded_dated_seq_secondary_to_fMRI_N;unique_runs_random	high
sub-001	ses-01	03	May-05-2023_ 3-05-13_PM__scan_info_for_subject_050__selected_run_is_2__fmri_number_is3.mat;fMRI_3.mat;runs_random.mat	May-05-2023_ 3-01-16_PM__Subject_is_050__sequence_of_stimuli_for_fMRI_number_3_is_3   1   7   8   9   4  12  11   6   2  10   5.mat	unique_scan_info;unique_fMRI_N;discarded_dated_seq_secondary_to_fMRI_N;unique_runs_random	high
sub-001	ses-01	04	May-05-2023_ 3-09-24_PM__scan_info_for_subject_050__selected_run_is_5__fmri_number_is4.mat;fMRI_4.mat;runs_random.mat	May-05-2023_ 3-05-29_PM__Subject_is_050__sequence_of_stimuli_for_fMRI_number_4_is_12   3  10   6  11   7   1   2   5   8   9   4.mat	unique_scan_info;unique_fMRI_N;discarded_dated_seq_secondary_to_fMRI_N;unique_runs_random	high
sub-001	ses-01	05	runs_random.mat		unique_runs_random;insufficient_for_events	low
sub-001	ses-01	06	runs_random.mat		unique_runs_random;insufficient_for_events	low
sub-001	ses-01	03	May-05-2023_ 3-05-13_PM__scan_info_for_subject_050__selected_run_is_2__fmri_number_is3.mat;fMRI_3.mat;runs_random.mat	May-05-2023_ 3-01-16_PM__Subject_is_050__sequence_of_stimuli_for_fMRI_number_3_is_3   1   7   8   9   4  12  11   6   2  10   5.mat	unique_scan_info;unique_fMRI_N;discarded_dated_seq_secondary_to_fMRI_N;unique_runs_random	high
sub-001	ses-01	04	May-05-2023_ 3-09-24_PM__scan_info_for_subject_050__selected_run_is_5__fmri_number_is4.mat;fMRI_4.mat;runs_random.mat	May-05-2023_ 3-05-29_PM__Subject_is_050__sequence_of_stimuli_for_fMRI_number_4_is_12   3  10   6  11   7   1   2   5   8   9   4.mat	unique_scan_info;unique_fMRI_N;discarded_dated_seq_secondary_to_fMRI_N;unique_runs_random	high
sub-001	ses-01	05	runs_random.mat		unique_runs_random;insufficient_for_events	low
sub-001	ses-01	07	runs_random.mat		unique_runs_random;insufficient_for_events	low
sub-001	ses-01	06	runs_random.mat		unique_runs_random;insufficient_for_events	low
sub-001	ses-01	08	runs_random.mat		unique_runs_random;insufficient_for_events	low
sub-001	ses-02	01	November-08-2023_ 9-36-00_AM__scan_info_for_subject_subc01-session2__selected_run_is_1__fmri_number_is1.mat;fMRI_1.mat;runs_random.mat	November-08-2023_ 9-30-31_AM__Subject_is_subc01-session2__sequence_of_stimuli_for_fMRI_number_1_is_11   6  10  12   1   5   9   2   4   7   3   8.mat	unique_scan_info;unique_fMRI_N;discarded_dated_seq_secondary_to_fMRI_N;unique_runs_random	high
sub-001	ses-02	02	November-08-2023_ 9-40-15_AM__scan_info_for_subject_subc01-session2__selected_run_is_4__fmri_number_is2.mat;fMRI_2.mat;runs_random.mat	November-08-2023_ 9-36-18_AM__Subject_is_subc01-session2__sequence_of_stimuli_for_fMRI_number_2_is_6   9  10   3   7   5   1  12   8   4   2  11.mat	unique_scan_info;unique_fMRI_N;discarded_dated_seq_secondary_to_fMRI_N;unique_runs_random	high
sub-001	ses-02	01	November-08-2023_ 9-36-00_AM__scan_info_for_subject_subc01-session2__selected_run_is_1__fmri_number_is1.mat;fMRI_1.mat;runs_random.mat	November-08-2023_ 9-30-31_AM__Subject_is_subc01-session2__sequence_of_stimuli_for_fMRI_number_1_is_11   6  10  12   1   5   9   2   4   7   3   8.mat	unique_scan_info;unique_fMRI_N;discarded_dated_seq_secondary_to_fMRI_N;unique_runs_random	high
sub-001	ses-02	02	November-08-2023_ 9-40-15_AM__scan_info_for_subject_subc01-session2__selected_run_is_4__fmri_number_is2.mat;fMRI_2.mat;runs_random.mat	November-08-2023_ 9-36-18_AM__Subject_is_subc01-session2__sequence_of_stimuli_for_fMRI_number_2_is_6   9  10   3   7   5   1  12   8   4   2  11.mat	unique_scan_info;unique_fMRI_N;discarded_dated_seq_secondary_to_fMRI_N;unique_runs_random	high
sub-001	ses-02	03	November-08-2023_ 9-45-24_AM__scan_info_for_subject_subc01-session2__selected_run_is_2__fmri_number_is3.mat;fMRI_3.mat;runs_random.mat	November-08-2023_ 9-40-59_AM__Subject_is_subc01-session2__sequence_of_stimuli_for_fMRI_number_3_is_3   1   7   8   9   4  12  11   6   2  10   5.mat	unique_scan_info;unique_fMRI_N;discarded_dated_seq_secondary_to_fMRI_N;unique_runs_random	high
sub-001	ses-02	04	November-08-2023_ 9-49-34_AM__scan_info_for_subject_subc01-session2__selected_run_is_5__fmri_number_is4.mat;fMRI_4.mat;runs_random.mat	November-08-2023_ 9-45-42_AM__Subject_is_subc01-session2__sequence_of_stimuli_for_fMRI_number_4_is_12   3  10   6  11   7   1   2   5   8   9   4.mat	unique_scan_info;unique_fMRI_N;discarded_dated_seq_secondary_to_fMRI_N;unique_runs_random	high
sub-001	ses-02	05	runs_random.mat		unique_runs_random;insufficient_for_events	low
sub-001	ses-02	06	runs_random.mat		unique_runs_random;insufficient_for_events	low
sub-001	ses-02	03	November-08-2023_ 9-45-24_AM__scan_info_for_subject_subc01-session2__selected_run_is_2__fmri_number_is3.mat;fMRI_3.mat;runs_random.mat	November-08-2023_ 9-40-59_AM__Subject_is_subc01-session2__sequence_of_stimuli_for_fMRI_number_3_is_3   1   7   8   9   4  12  11   6   2  10   5.mat	unique_scan_info;unique_fMRI_N;discarded_dated_seq_secondary_to_fMRI_N;unique_runs_random	high
sub-001	ses-02	04	November-08-2023_ 9-49-34_AM__scan_info_for_subject_subc01-session2__selected_run_is_5__fmri_number_is4.mat;fMRI_4.mat;runs_random.mat	November-08-2023_ 9-45-42_AM__Subject_is_subc01-session2__sequence_of_stimuli_for_fMRI_number_4_is_12   3  10   6  11   7   1   2   5   8   9   4.mat	unique_scan_info;unique_fMRI_N;discarded_dated_seq_secondary_to_fMRI_N;unique_runs_random	high
sub-001	ses-02	05	runs_random.mat		unique_runs_random;insufficient_for_events	low
sub-001	ses-02	06	runs_random.mat		unique_runs_random;insufficient_for_events	low
sub-001	ses-02	07	runs_random.mat		unique_runs_random;insufficient_for_events	low
sub-001	ses-02	08	runs_random.mat		unique_runs_random;insufficient_for_events	low
sub-002	ses-01	01	May-11-2023_ 3-08-48_PM__scan_info_for_subject_C02__selected_run_is_1__fmri_number_is1.mat;fMRI_1.mat;runs_random.mat	May-11-2023_ 3-02-10_PM__Subject_is_C02__sequence_of_stimuli_for_fMRI_number_1_is_11   6  10  12   1   5   9   2   4   7   3   8.mat	unique_scan_info;unique_fMRI_N;discarded_dated_seq_secondary_to_fMRI_N;unique_runs_random	high
sub-002	ses-01	02	May-11-2023_ 3-13-44_PM__scan_info_for_subject_C02__selected_run_is_4__fmri_number_is2.mat;fMRI_2.mat;runs_random.mat	May-11-2023_ 3-09-46_PM__Subject_is_C02__sequence_of_stimuli_for_fMRI_number_2_is_6   9  10   3   7   5   1  12   8   4   2  11.mat	unique_scan_info;unique_fMRI_N;discarded_dated_seq_secondary_to_fMRI_N;unique_runs_random	high
sub-002	ses-01	01	May-11-2023_ 3-08-48_PM__scan_info_for_subject_C02__selected_run_is_1__fmri_number_is1.mat;fMRI_1.mat;runs_random.mat	May-11-2023_ 3-02-10_PM__Subject_is_C02__sequence_of_stimuli_for_fMRI_number_1_is_11   6  10  12   1   5   9   2   4   7   3   8.mat	unique_scan_info;unique_fMRI_N;discarded_dated_seq_secondary_to_fMRI_N;unique_runs_random	high
sub-002	ses-01	02	May-11-2023_ 3-13-44_PM__scan_info_for_subject_C02__selected_run_is_4__fmri_number_is2.mat;fMRI_2.mat;runs_random.mat	May-11-2023_ 3-09-46_PM__Subject_is_C02__sequence_of_stimuli_for_fMRI_number_2_is_6   9  10   3   7   5   1  12   8   4   2  11.mat	unique_scan_info;unique_fMRI_N;discarded_dated_seq_secondary_to_fMRI_N;unique_runs_random	high
sub-002	ses-01	03	May-11-2023_ 3-19-11_PM__scan_info_for_subject_C02__selected_run_is_2__fmri_number_is3.mat;fMRI_3.mat;runs_random.mat	May-11-2023_ 3-15-09_PM__Subject_is_C02__sequence_of_stimuli_for_fMRI_number_3_is_3   1   7   8   9   4  12  11   6   2  10   5.mat	unique_scan_info;unique_fMRI_N;discarded_dated_seq_secondary_to_fMRI_N;unique_runs_random	high
sub-002	ses-01	04	May-11-2023_ 3-23-57_PM__scan_info_for_subject_C02__selected_run_is_5__fmri_number_is4.mat;fMRI_4.mat;runs_random.mat	May-11-2023_ 3-19-31_PM__Subject_is_C02__sequence_of_stimuli_for_fMRI_number_4_is_12   3  10   6  11   7   1   2   5   8   9   4.mat	unique_scan_info;unique_fMRI_N;discarded_dated_seq_secondary_to_fMRI_N;unique_runs_random	high
sub-002	ses-01	05	runs_random.mat		unique_runs_random;insufficient_for_events	low
sub-002	ses-01	06	runs_random.mat		unique_runs_random;insufficient_for_events	low
sub-002	ses-01	07	runs_random.mat		unique_runs_random;insufficient_for_events	low
sub-002	ses-01	08	runs_random.mat		unique_runs_random;insufficient_for_events	low
sub-002	ses-01	03	May-11-2023_ 3-19-11_PM__scan_info_for_subject_C02__selected_run_is_2__fmri_number_is3.mat;fMRI_3.mat;runs_random.mat	May-11-2023_ 3-15-09_PM__Subject_is_C02__sequence_of_stimuli_for_fMRI_number_3_is_3   1   7   8   9   4  12  11   6   2  10   5.mat	unique_scan_info;unique_fMRI_N;discarded_dated_seq_secondary_to_fMRI_N;unique_runs_random	high
sub-002	ses-01	04	May-11-2023_ 3-23-57_PM__scan_info_for_subject_C02__selected_run_is_5__fmri_number_is4.mat;fMRI_4.mat;runs_random.mat	May-11-2023_ 3-19-31_PM__Subject_is_C02__sequence_of_stimuli_for_fMRI_number_4_is_12   3  10   6  11   7   1   2   5   8   9   4.mat	unique_scan_info;unique_fMRI_N;discarded_dated_seq_secondary_to_fMRI_N;unique_runs_random	high
sub-002	ses-01	05	runs_random.mat		unique_runs_random;insufficient_for_events	low
sub-002	ses-01	06	runs_random.mat		unique_runs_random;insufficient_for_events	low
sub-002	ses-01	09	runs_random.mat		unique_runs_random;insufficient_for_events	low
sub-002	ses-01	10	runs_random.mat		unique_runs_random;insufficient_for_events	low
sub-002	ses-02	01	November-20-2023_ 3-02-22_PM__scan_info_for_subject_subC02-session2__selected_run_is_1__fmri_number_is1.mat;fMRI_1.mat;runs_random.mat	November-20-2023_ 2-57-07_PM__Subject_is_subC02-session2__sequence_of_stimuli_for_fMRI_number_1_is_11   6  10  12   1   5   9   2   4   7   3   8.mat	unique_scan_info;unique_fMRI_N;discarded_dated_seq_secondary_to_fMRI_N;unique_runs_random	high
sub-002	ses-02	02	November-20-2023_ 3-06-44_PM__scan_info_for_subject_subC02-session2__selected_run_is_4__fmri_number_is2.mat;fMRI_2.mat;runs_random.mat	November-20-2023_ 3-02-48_PM__Subject_is_subC02-session2__sequence_of_stimuli_for_fMRI_number_2_is_6   9  10   3   7   5   1  12   8   4   2  11.mat	unique_scan_info;unique_fMRI_N;discarded_dated_seq_secondary_to_fMRI_N;unique_runs_random	high
sub-002	ses-02	01	November-20-2023_ 3-02-22_PM__scan_info_for_subject_subC02-session2__selected_run_is_1__fmri_number_is1.mat;fMRI_1.mat;runs_random.mat	November-20-2023_ 2-57-07_PM__Subject_is_subC02-session2__sequence_of_stimuli_for_fMRI_number_1_is_11   6  10  12   1   5   9   2   4   7   3   8.mat	unique_scan_info;unique_fMRI_N;discarded_dated_seq_secondary_to_fMRI_N;unique_runs_random	high
sub-002	ses-02	02	November-20-2023_ 3-06-44_PM__scan_info_for_subject_subC02-session2__selected_run_is_4__fmri_number_is2.mat;fMRI_2.mat;runs_random.mat	November-20-2023_ 3-02-48_PM__Subject_is_subC02-session2__sequence_of_stimuli_for_fMRI_number_2_is_6   9  10   3   7   5   1  12   8   4   2  11.mat	unique_scan_info;unique_fMRI_N;discarded_dated_seq_secondary_to_fMRI_N;unique_runs_random	high
sub-002	ses-02	03	November-20-2023_ 3-11-59_PM__scan_info_for_subject_subC02-session2__selected_run_is_2__fmri_number_is3.mat;fMRI_3.mat;runs_random.mat	November-20-2023_ 3-07-03_PM__Subject_is_subC02-session2__sequence_of_stimuli_for_fMRI_number_3_is_3   1   7   8   9   4  12  11   6   2  10   5.mat	unique_scan_info;unique_fMRI_N;discarded_dated_seq_secondary_to_fMRI_N;unique_runs_random	high
sub-002	ses-02	04	November-20-2023_ 3-18-43_PM__scan_info_for_subject_subC02-session2__selected_run_is_5__fmri_number_is4.mat;fMRI_4.mat;runs_random.mat	November-20-2023_ 3-12-13_PM__Subject_is_subC02-session2__sequence_of_stimuli_for_fMRI_number_4_is_12   3  10   6  11   7   1   2   5   8   9   4.mat	unique_scan_info;unique_fMRI_N;discarded_dated_seq_secondary_to_fMRI_N;unique_runs_random	high
sub-002	ses-02	05	runs_random.mat		unique_runs_random;insufficient_for_events	low
sub-002	ses-02	06	runs_random.mat		unique_runs_random;insufficient_for_events	low
sub-002	ses-02	03	November-20-2023_ 3-11-59_PM__scan_info_for_subject_subC02-session2__selected_run_is_2__fmri_number_is3.mat;fMRI_3.mat;runs_random.mat	November-20-2023_ 3-07-03_PM__Subject_is_subC02-session2__sequence_of_stimuli_for_fMRI_number_3_is_3   1   7   8   9   4  12  11   6   2  10   5.mat	unique_scan_info;unique_fMRI_N;discarded_dated_seq_secondary_to_fMRI_N;unique_runs_random	high
sub-002	ses-02	04	November-20-2023_ 3-18-43_PM__scan_info_for_subject_subC02-session2__selected_run_is_5__fmri_number_is4.mat;fMRI_4.mat;runs_random.mat	November-20-2023_ 3-12-13_PM__Subject_is_subC02-session2__sequence_of_stimuli_for_fMRI_number_4_is_12   3  10   6  11   7   1   2   5   8   9   4.mat	unique_scan_info;unique_fMRI_N;discarded_dated_seq_secondary_to_fMRI_N;unique_runs_random	high
sub-002	ses-02	05	runs_random.mat		unique_runs_random;insufficient_for_events	low
sub-002	ses-02	06	runs_random.mat		unique_runs_random;insufficient_for_events	low
sub-002	ses-02	07	runs_random.mat		unique_runs_random;insufficient_for_events	low
sub-002	ses-02	08	runs_random.mat		unique_runs_random;insufficient_for_events	low
sub-003	ses-01	01	May-19-2023_ 1-29-16_PM__scan_info_for_subject_C03__selected_run_is_1__fmri_number_is1.mat;fMRI_1.mat;runs_random.mat	May-19-2023_ 1-24-21_PM__Subject_is_C03__sequence_of_stimuli_for_fMRI_number_1_is_11   6  10  12   1   5   9   2   4   7   3   8.mat	unique_scan_info;unique_fMRI_N;discarded_dated_seq_secondary_to_fMRI_N;unique_runs_random	high
sub-003	ses-01	02	May-19-2023_ 1-33-40_PM__scan_info_for_subject_C03__selected_run_is_4__fmri_number_is2.mat;fMRI_2.mat;runs_random.mat	May-19-2023_ 1-29-35_PM__Subject_is_C03__sequence_of_stimuli_for_fMRI_number_2_is_6   9  10   3   7   5   1  12   8   4   2  11.mat	unique_scan_info;unique_fMRI_N;discarded_dated_seq_secondary_to_fMRI_N;unique_runs_random	high
sub-003	ses-01	01	May-19-2023_ 1-29-16_PM__scan_info_for_subject_C03__selected_run_is_1__fmri_number_is1.mat;fMRI_1.mat;runs_random.mat	May-19-2023_ 1-24-21_PM__Subject_is_C03__sequence_of_stimuli_for_fMRI_number_1_is_11   6  10  12   1   5   9   2   4   7   3   8.mat	unique_scan_info;unique_fMRI_N;discarded_dated_seq_secondary_to_fMRI_N;unique_runs_random	high
sub-003	ses-01	02	May-19-2023_ 1-33-40_PM__scan_info_for_subject_C03__selected_run_is_4__fmri_number_is2.mat;fMRI_2.mat;runs_random.mat	May-19-2023_ 1-29-35_PM__Subject_is_C03__sequence_of_stimuli_for_fMRI_number_2_is_6   9  10   3   7   5   1  12   8   4   2  11.mat	unique_scan_info;unique_fMRI_N;discarded_dated_seq_secondary_to_fMRI_N;unique_runs_random	high
sub-003	ses-01	03	May-19-2023_ 1-38-30_PM__scan_info_for_subject_C03__selected_run_is_2__fmri_number_is3.mat;fMRI_3.mat;runs_random.mat	May-19-2023_ 1-34-35_PM__Subject_is_C03__sequence_of_stimuli_for_fMRI_number_3_is_3   1   7   8   9   4  12  11   6   2  10   5.mat	unique_scan_info;unique_fMRI_N;discarded_dated_seq_secondary_to_fMRI_N;unique_runs_random	high
sub-003	ses-01	04	May-19-2023_ 1-42-46_PM__scan_info_for_subject_C03__selected_run_is_5__fmri_number_is4.mat;fMRI_4.mat;runs_random.mat	May-19-2023_ 1-38-50_PM__Subject_is_C03__sequence_of_stimuli_for_fMRI_number_4_is_12   3  10   6  11   7   1   2   5   8   9   4.mat	unique_scan_info;unique_fMRI_N;discarded_dated_seq_secondary_to_fMRI_N;unique_runs_random	high
sub-003	ses-01	05	runs_random.mat		unique_runs_random;insufficient_for_events	low
sub-003	ses-01	06	runs_random.mat		unique_runs_random;insufficient_for_events	low
sub-003	ses-01	03	May-19-2023_ 1-38-30_PM__scan_info_for_subject_C03__selected_run_is_2__fmri_number_is3.mat;fMRI_3.mat;runs_random.mat	May-19-2023_ 1-34-35_PM__Subject_is_C03__sequence_of_stimuli_for_fMRI_number_3_is_3   1   7   8   9   4  12  11   6   2  10   5.mat	unique_scan_info;unique_fMRI_N;discarded_dated_seq_secondary_to_fMRI_N;unique_runs_random	high
sub-003	ses-01	04	May-19-2023_ 1-42-46_PM__scan_info_for_subject_C03__selected_run_is_5__fmri_number_is4.mat;fMRI_4.mat;runs_random.mat	May-19-2023_ 1-38-50_PM__Subject_is_C03__sequence_of_stimuli_for_fMRI_number_4_is_12   3  10   6  11   7   1   2   5   8   9   4.mat	unique_scan_info;unique_fMRI_N;discarded_dated_seq_secondary_to_fMRI_N;unique_runs_random	high
sub-003	ses-01	05	runs_random.mat		unique_runs_random;insufficient_for_events	low
sub-003	ses-01	06	runs_random.mat		unique_runs_random;insufficient_for_events	low
sub-003	ses-01	07	runs_random.mat		unique_runs_random;insufficient_for_events	low
sub-003	ses-01	08	runs_random.mat		unique_runs_random;insufficient_for_events	low
sub-003	ses-02	01	November-10-2023_ 3-36-30_PM__scan_info_for_subject_SUBC03_SESSION2__selected_run_is_1__fmri_number_is1.mat;fMRI_1.mat;runs_random.mat	November-10-2023_ 3-31-33_PM__Subject_is_SUBC03_SESSION2__sequence_of_stimuli_for_fMRI_number_1_is_11   6  10  12   1   5   9   2   4   7   3   8.mat	unique_scan_info;unique_fMRI_N;discarded_dated_seq_secondary_to_fMRI_N;unique_runs_random	high
sub-003	ses-02	02	November-10-2023_ 3-40-40_PM__scan_info_for_subject_SUBC03_SESSION2__selected_run_is_4__fmri_number_is2.mat;fMRI_2.mat;runs_random.mat	November-10-2023_ 3-36-42_PM__Subject_is_SUBC03_SESSION2__sequence_of_stimuli_for_fMRI_number_2_is_6   9  10   3   7   5   1  12   8   4   2  11.mat	unique_scan_info;unique_fMRI_N;discarded_dated_seq_secondary_to_fMRI_N;unique_runs_random	high
sub-003	ses-02	03	November-10-2023_ 3-44-52_PM__scan_info_for_subject_SUBC03_SESSION2__selected_run_is_2__fmri_number_is3.mat;fMRI_3.mat;runs_random.mat	November-10-2023_ 3-41-00_PM__Subject_is_SUBC03_SESSION2__sequence_of_stimuli_for_fMRI_number_3_is_3   1   7   8   9   4  12  11   6   2  10   5.mat	unique_scan_info;unique_fMRI_N;discarded_dated_seq_secondary_to_fMRI_N;unique_runs_random	high
sub-003	ses-02	04	November-10-2023_ 3-48-56_PM__scan_info_for_subject_SUBC03_SESSION2__selected_run_is_5__fmri_number_is4.mat;fMRI_4.mat;runs_random.mat	November-10-2023_ 3-45-04_PM__Subject_is_SUBC03_SESSION2__sequence_of_stimuli_for_fMRI_number_4_is_12   3  10   6  11   7   1   2   5   8   9   4.mat	unique_scan_info;unique_fMRI_N;discarded_dated_seq_secondary_to_fMRI_N;unique_runs_random	high
sub-003	ses-02	01	November-10-2023_ 3-36-30_PM__scan_info_for_subject_SUBC03_SESSION2__selected_run_is_1__fmri_number_is1.mat;fMRI_1.mat;runs_random.mat	November-10-2023_ 3-31-33_PM__Subject_is_SUBC03_SESSION2__sequence_of_stimuli_for_fMRI_number_1_is_11   6  10  12   1   5   9   2   4   7   3   8.mat	unique_scan_info;unique_fMRI_N;discarded_dated_seq_secondary_to_fMRI_N;unique_runs_random	high
sub-003	ses-02	02	November-10-2023_ 3-40-40_PM__scan_info_for_subject_SUBC03_SESSION2__selected_run_is_4__fmri_number_is2.mat;fMRI_2.mat;runs_random.mat	November-10-2023_ 3-36-42_PM__Subject_is_SUBC03_SESSION2__sequence_of_stimuli_for_fMRI_number_2_is_6   9  10   3   7   5   1  12   8   4   2  11.mat	unique_scan_info;unique_fMRI_N;discarded_dated_seq_secondary_to_fMRI_N;unique_runs_random	high
sub-003	ses-02	05	runs_random.mat		unique_runs_random;insufficient_for_events	low
sub-003	ses-02	06	runs_random.mat		unique_runs_random;insufficient_for_events	low
sub-003	ses-02	03	November-10-2023_ 3-44-52_PM__scan_info_for_subject_SUBC03_SESSION2__selected_run_is_2__fmri_number_is3.mat;fMRI_3.mat;runs_random.mat	November-10-2023_ 3-41-00_PM__Subject_is_SUBC03_SESSION2__sequence_of_stimuli_for_fMRI_number_3_is_3   1   7   8   9   4  12  11   6   2  10   5.mat	unique_scan_info;unique_fMRI_N;discarded_dated_seq_secondary_to_fMRI_N;unique_runs_random	high
sub-003	ses-02	04	November-10-2023_ 3-48-56_PM__scan_info_for_subject_SUBC03_SESSION2__selected_run_is_5__fmri_number_is4.mat;fMRI_4.mat;runs_random.mat	November-10-2023_ 3-45-04_PM__Subject_is_SUBC03_SESSION2__sequence_of_stimuli_for_fMRI_number_4_is_12   3  10   6  11   7   1   2   5   8   9   4.mat	unique_scan_info;unique_fMRI_N;discarded_dated_seq_secondary_to_fMRI_N;unique_runs_random	high
sub-003	ses-02	05	runs_random.mat		unique_runs_random;insufficient_for_events	low
sub-003	ses-02	06	runs_random.mat		unique_runs_random;insufficient_for_events	low
sub-003	ses-02	07	runs_random.mat		unique_runs_random;insufficient_for_events	low
sub-003	ses-02	08	runs_random.mat		unique_runs_random;insufficient_for_events	low
sub-004	ses-01	01	November-19-2023_12-48-21_PM__scan_info_for_subject_SUBC04-session2-2023NOV19__selected_run_is_1__fmri_number_is1.mat;fMRI_1.mat;runs_random.mat	November-19-2023_12-42-20_PM__Subject_is_SUBC04-session2-2023NOV19__sequence_of_stimuli_for_fMRI_number_1_is_11   6  10  12   1   5   9   2   4   7   3   8.mat	unique_scan_info;unique_fMRI_N;discarded_dated_seq_secondary_to_fMRI_N;unique_runs_random	high
sub-004	ses-01	02	November-19-2023_12-52-30_PM__scan_info_for_subject_SUBC04-session2__selected_run_is_4__fmri_number_is2.mat;fMRI_2.mat;runs_random.mat	November-19-2023_12-48-42_PM__Subject_is_SUBC04-session2__sequence_of_stimuli_for_fMRI_number_2_is_6   9  10   3   7   5   1  12   8   4   2  11.mat	unique_scan_info;unique_fMRI_N;discarded_dated_seq_secondary_to_fMRI_N;unique_runs_random	high
sub-004	ses-01	01	November-19-2023_12-48-21_PM__scan_info_for_subject_SUBC04-session2-2023NOV19__selected_run_is_1__fmri_number_is1.mat;fMRI_1.mat;runs_random.mat	November-19-2023_12-42-20_PM__Subject_is_SUBC04-session2-2023NOV19__sequence_of_stimuli_for_fMRI_number_1_is_11   6  10  12   1   5   9   2   4   7   3   8.mat	unique_scan_info;unique_fMRI_N;discarded_dated_seq_secondary_to_fMRI_N;unique_runs_random	high
sub-004	ses-01	02	November-19-2023_12-52-30_PM__scan_info_for_subject_SUBC04-session2__selected_run_is_4__fmri_number_is2.mat;fMRI_2.mat;runs_random.mat	November-19-2023_12-48-42_PM__Subject_is_SUBC04-session2__sequence_of_stimuli_for_fMRI_number_2_is_6   9  10   3   7   5   1  12   8   4   2  11.mat	unique_scan_info;unique_fMRI_N;discarded_dated_seq_secondary_to_fMRI_N;unique_runs_random	high
sub-004	ses-01	03	November-19-2023_12-56-48_PM__scan_info_for_subject_SUBC04-session2__selected_run_is_2__fmri_number_is3.mat;fMRI_3.mat;runs_random.mat	November-19-2023_12-52-59_PM__Subject_is_SUBC04-session2__sequence_of_stimuli_for_fMRI_number_3_is_3   1   7   8   9   4  12  11   6   2  10   5.mat	unique_scan_info;unique_fMRI_N;discarded_dated_seq_secondary_to_fMRI_N;unique_runs_random	high
sub-004	ses-01	04	November-19-2023_ 1-00-52_PM__scan_info_for_subject_SUBC04-session2__selected_run_is_5__fmri_number_is4.mat;fMRI_4.mat;runs_random.mat	November-19-2023_12-57-02_PM__Subject_is_SUBC04-session2__sequence_of_stimuli_for_fMRI_number_4_is_12   3  10   6  11   7   1   2   5   8   9   4.mat	unique_scan_info;unique_fMRI_N;discarded_dated_seq_secondary_to_fMRI_N;unique_runs_random	high
sub-004	ses-01	05	runs_random.mat		unique_runs_random;insufficient_for_events	low
sub-004	ses-01	06	runs_random.mat		unique_runs_random;insufficient_for_events	low
sub-004	ses-01	03	November-19-2023_12-56-48_PM__scan_info_for_subject_SUBC04-session2__selected_run_is_2__fmri_number_is3.mat;fMRI_3.mat;runs_random.mat	November-19-2023_12-52-59_PM__Subject_is_SUBC04-session2__sequence_of_stimuli_for_fMRI_number_3_is_3   1   7   8   9   4  12  11   6   2  10   5.mat	unique_scan_info;unique_fMRI_N;discarded_dated_seq_secondary_to_fMRI_N;unique_runs_random	high
sub-004	ses-01	04	November-19-2023_ 1-00-52_PM__scan_info_for_subject_SUBC04-session2__selected_run_is_5__fmri_number_is4.mat;fMRI_4.mat;runs_random.mat	November-19-2023_12-57-02_PM__Subject_is_SUBC04-session2__sequence_of_stimuli_for_fMRI_number_4_is_12   3  10   6  11   7   1   2   5   8   9   4.mat	unique_scan_info;unique_fMRI_N;discarded_dated_seq_secondary_to_fMRI_N;unique_runs_random	high
sub-004	ses-01	05	runs_random.mat		unique_runs_random;insufficient_for_events	low
sub-004	ses-01	06	runs_random.mat		unique_runs_random;insufficient_for_events	low
sub-004	ses-01	07	runs_random.mat		unique_runs_random;insufficient_for_events	low
sub-004	ses-01	08	runs_random.mat		unique_runs_random;insufficient_for_events	low
sub-004	ses-02	01	November-19-2023_12-48-21_PM__scan_info_for_subject_SUBC04-session2-2023NOV19__selected_run_is_1__fmri_number_is1.mat;fMRI_1.mat;runs_random.mat	November-19-2023_12-42-20_PM__Subject_is_SUBC04-session2-2023NOV19__sequence_of_stimuli_for_fMRI_number_1_is_11   6  10  12   1   5   9   2   4   7   3   8.mat	unique_scan_info;unique_fMRI_N;discarded_dated_seq_secondary_to_fMRI_N;unique_runs_random	high
sub-004	ses-02	02	November-19-2023_12-52-30_PM__scan_info_for_subject_SUBC04-session2__selected_run_is_4__fmri_number_is2.mat;fMRI_2.mat;runs_random.mat	November-19-2023_12-48-42_PM__Subject_is_SUBC04-session2__sequence_of_stimuli_for_fMRI_number_2_is_6   9  10   3   7   5   1  12   8   4   2  11.mat	unique_scan_info;unique_fMRI_N;discarded_dated_seq_secondary_to_fMRI_N;unique_runs_random	high
sub-004	ses-02	03	November-19-2023_12-56-48_PM__scan_info_for_subject_SUBC04-session2__selected_run_is_2__fmri_number_is3.mat;fMRI_3.mat;runs_random.mat	November-19-2023_12-52-59_PM__Subject_is_SUBC04-session2__sequence_of_stimuli_for_fMRI_number_3_is_3   1   7   8   9   4  12  11   6   2  10   5.mat	unique_scan_info;unique_fMRI_N;discarded_dated_seq_secondary_to_fMRI_N;unique_runs_random	high
sub-004	ses-02	04	November-19-2023_ 1-00-52_PM__scan_info_for_subject_SUBC04-session2__selected_run_is_5__fmri_number_is4.mat;fMRI_4.mat;runs_random.mat	November-19-2023_12-57-02_PM__Subject_is_SUBC04-session2__sequence_of_stimuli_for_fMRI_number_4_is_12   3  10   6  11   7   1   2   5   8   9   4.mat	unique_scan_info;unique_fMRI_N;discarded_dated_seq_secondary_to_fMRI_N;unique_runs_random	high
sub-004	ses-02	01	November-19-2023_12-48-21_PM__scan_info_for_subject_SUBC04-session2-2023NOV19__selected_run_is_1__fmri_number_is1.mat;fMRI_1.mat;runs_random.mat	November-19-2023_12-42-20_PM__Subject_is_SUBC04-session2-2023NOV19__sequence_of_stimuli_for_fMRI_number_1_is_11   6  10  12   1   5   9   2   4   7   3   8.mat	unique_scan_info;unique_fMRI_N;discarded_dated_seq_secondary_to_fMRI_N;unique_runs_random	high
sub-004	ses-02	02	November-19-2023_12-52-30_PM__scan_info_for_subject_SUBC04-session2__selected_run_is_4__fmri_number_is2.mat;fMRI_2.mat;runs_random.mat	November-19-2023_12-48-42_PM__Subject_is_SUBC04-session2__sequence_of_stimuli_for_fMRI_number_2_is_6   9  10   3   7   5   1  12   8   4   2  11.mat	unique_scan_info;unique_fMRI_N;discarded_dated_seq_secondary_to_fMRI_N;unique_runs_random	high
sub-004	ses-02	05	runs_random.mat		unique_runs_random;insufficient_for_events	low
sub-004	ses-02	06	runs_random.mat		unique_runs_random;insufficient_for_events	low
sub-004	ses-02	03	November-19-2023_12-56-48_PM__scan_info_for_subject_SUBC04-session2__selected_run_is_2__fmri_number_is3.mat;fMRI_3.mat;runs_random.mat	November-19-2023_12-52-59_PM__Subject_is_SUBC04-session2__sequence_of_stimuli_for_fMRI_number_3_is_3   1   7   8   9   4  12  11   6   2  10   5.mat	unique_scan_info;unique_fMRI_N;discarded_dated_seq_secondary_to_fMRI_N;unique_runs_random	high
sub-004	ses-02	04	November-19-2023_ 1-00-52_PM__scan_info_for_subject_SUBC04-session2__selected_run_is_5__fmri_number_is4.mat;fMRI_4.mat;runs_random.mat	November-19-2023_12-57-02_PM__Subject_is_SUBC04-session2__sequence_of_stimuli_for_fMRI_number_4_is_12   3  10   6  11   7   1   2   5   8   9   4.mat	unique_scan_info;unique_fMRI_N;discarded_dated_seq_secondary_to_fMRI_N;unique_runs_random	high
sub-004	ses-02	05	runs_random.mat		unique_runs_random;insufficient_for_events	low
sub-004	ses-02	06	runs_random.mat		unique_runs_random;insufficient_for_events	low
sub-004	ses-02	07	runs_random.mat		unique_runs_random;insufficient_for_events	low
sub-004	ses-02	08	runs_random.mat		unique_runs_random;insufficient_for_events	low
sub-005	ses-01	01	May-24-2023_10-49-42_AM__scan_info_for_subject_C05__selected_run_is_1__fmri_number_is1.mat;fMRI_1.mat;runs_random.mat	May-24-2023_10-44-22_AM__Subject_is_C05__sequence_of_stimuli_for_fMRI_number_1_is_11   6  10  12   1   5   9   2   4   7   3   8.mat	unique_scan_info;unique_fMRI_N;discarded_dated_seq_secondary_to_fMRI_N;unique_runs_random	high
sub-005	ses-01	02	May-24-2023_10-53-54_AM__scan_info_for_subject_C05__selected_run_is_4__fmri_number_is2.mat;fMRI_2.mat;runs_random.mat	May-24-2023_10-49-55_AM__Subject_is_C05__sequence_of_stimuli_for_fMRI_number_2_is_6   9  10   3   7   5   1  12   8   4   2  11.mat	unique_scan_info;unique_fMRI_N;discarded_dated_seq_secondary_to_fMRI_N;unique_runs_random	high
sub-005	ses-01	01	May-24-2023_10-49-42_AM__scan_info_for_subject_C05__selected_run_is_1__fmri_number_is1.mat;fMRI_1.mat;runs_random.mat	May-24-2023_10-44-22_AM__Subject_is_C05__sequence_of_stimuli_for_fMRI_number_1_is_11   6  10  12   1   5   9   2   4   7   3   8.mat	unique_scan_info;unique_fMRI_N;discarded_dated_seq_secondary_to_fMRI_N;unique_runs_random	high
sub-005	ses-01	02	May-24-2023_10-53-54_AM__scan_info_for_subject_C05__selected_run_is_4__fmri_number_is2.mat;fMRI_2.mat;runs_random.mat	May-24-2023_10-49-55_AM__Subject_is_C05__sequence_of_stimuli_for_fMRI_number_2_is_6   9  10   3   7   5   1  12   8   4   2  11.mat	unique_scan_info;unique_fMRI_N;discarded_dated_seq_secondary_to_fMRI_N;unique_runs_random	high
sub-005	ses-01	03	May-24-2023_10-59-45_AM__scan_info_for_subject_C05__selected_run_is_2__fmri_number_is3.mat;fMRI_3.mat;runs_random.mat	May-24-2023_10-54-10_AM__Subject_is_C05__sequence_of_stimuli_for_fMRI_number_3_is_3   1   7   8   9   4  12  11   6   2  10   5.mat	unique_scan_info;unique_fMRI_N;discarded_dated_seq_secondary_to_fMRI_N;unique_runs_random	high
sub-005	ses-01	04	May-24-2023_11-03-48_AM__scan_info_for_subject_C05__selected_run_is_5__fmri_number_is4.mat;fMRI_4.mat;runs_random.mat	May-24-2023_10-59-55_AM__Subject_is_C05__sequence_of_stimuli_for_fMRI_number_4_is_12   3  10   6  11   7   1   2   5   8   9   4.mat	unique_scan_info;unique_fMRI_N;discarded_dated_seq_secondary_to_fMRI_N;unique_runs_random	high
sub-005	ses-01	05	runs_random.mat		unique_runs_random;insufficient_for_events	low
sub-005	ses-01	06	runs_random.mat		unique_runs_random;insufficient_for_events	low
sub-005	ses-01	03	May-24-2023_10-59-45_AM__scan_info_for_subject_C05__selected_run_is_2__fmri_number_is3.mat;fMRI_3.mat;runs_random.mat	May-24-2023_10-54-10_AM__Subject_is_C05__sequence_of_stimuli_for_fMRI_number_3_is_3   1   7   8   9   4  12  11   6   2  10   5.mat	unique_scan_info;unique_fMRI_N;discarded_dated_seq_secondary_to_fMRI_N;unique_runs_random	high
sub-005	ses-01	04	May-24-2023_11-03-48_AM__scan_info_for_subject_C05__selected_run_is_5__fmri_number_is4.mat;fMRI_4.mat;runs_random.mat	May-24-2023_10-59-55_AM__Subject_is_C05__sequence_of_stimuli_for_fMRI_number_4_is_12   3  10   6  11   7   1   2   5   8   9   4.mat	unique_scan_info;unique_fMRI_N;discarded_dated_seq_secondary_to_fMRI_N;unique_runs_random	high
sub-005	ses-01	05	runs_random.mat		unique_runs_random;insufficient_for_events	low
sub-005	ses-01	06	runs_random.mat		unique_runs_random;insufficient_for_events	low
sub-005	ses-01	07	runs_random.mat		unique_runs_random;insufficient_for_events	low
sub-005	ses-01	08	runs_random.mat		unique_runs_random;insufficient_for_events	low
sub-005	ses-01	07	runs_random.mat		unique_runs_random;insufficient_for_events	low
sub-005	ses-01	08	runs_random.mat		unique_runs_random;insufficient_for_events	low
sub-005	ses-02	01	November-25-2023_ 2-50-34_PM__scan_info_for_subject_SUBC05-Session2__selected_run_is_1__fmri_number_is1.mat;fMRI_1.mat;runs_random.mat	November-25-2023_ 2-44-03_PM__Subject_is_SUBC05-Session2__sequence_of_stimuli_for_fMRI_number_1_is_11   6  10  12   1   5   9   2   4   7   3   8.mat	unique_scan_info;unique_fMRI_N;discarded_dated_seq_secondary_to_fMRI_N;unique_runs_random	high
sub-005	ses-02	02	November-25-2023_ 2-54-42_PM__scan_info_for_subject_SUBC05-Session2__selected_run_is_4__fmri_number_is2.mat;fMRI_2.mat;runs_random.mat	November-25-2023_ 2-50-52_PM__Subject_is_SUBC05-Session2__sequence_of_stimuli_for_fMRI_number_2_is_6   9  10   3   7   5   1  12   8   4   2  11.mat	unique_scan_info;unique_fMRI_N;discarded_dated_seq_secondary_to_fMRI_N;unique_runs_random	high
sub-005	ses-02	01	November-25-2023_ 2-50-34_PM__scan_info_for_subject_SUBC05-Session2__selected_run_is_1__fmri_number_is1.mat;fMRI_1.mat;runs_random.mat	November-25-2023_ 2-44-03_PM__Subject_is_SUBC05-Session2__sequence_of_stimuli_for_fMRI_number_1_is_11   6  10  12   1   5   9   2   4   7   3   8.mat	unique_scan_info;unique_fMRI_N;discarded_dated_seq_secondary_to_fMRI_N;unique_runs_random	high
sub-005	ses-02	02	November-25-2023_ 2-54-42_PM__scan_info_for_subject_SUBC05-Session2__selected_run_is_4__fmri_number_is2.mat;fMRI_2.mat;runs_random.mat	November-25-2023_ 2-50-52_PM__Subject_is_SUBC05-Session2__sequence_of_stimuli_for_fMRI_number_2_is_6   9  10   3   7   5   1  12   8   4   2  11.mat	unique_scan_info;unique_fMRI_N;discarded_dated_seq_secondary_to_fMRI_N;unique_runs_random	high
sub-005	ses-02	03	November-25-2023_ 2-58-58_PM__scan_info_for_subject_SUBC05-Session2__selected_run_is_2__fmri_number_is3.mat;fMRI_3.mat;runs_random.mat	November-25-2023_ 2-55-03_PM__Subject_is_SUBC05-Session2__sequence_of_stimuli_for_fMRI_number_3_is_3   1   7   8   9   4  12  11   6   2  10   5.mat	unique_scan_info;unique_fMRI_N;discarded_dated_seq_secondary_to_fMRI_N;unique_runs_random	high
sub-005	ses-02	04	November-25-2023_ 3-04-01_PM__scan_info_for_subject_SUBC05-Session2__selected_run_is_5__fmri_number_is4.mat;fMRI_4.mat;runs_random.mat	November-25-2023_ 2-59-18_PM__Subject_is_SUBC05-Session2__sequence_of_stimuli_for_fMRI_number_4_is_12   3  10   6  11   7   1   2   5   8   9   4.mat	unique_scan_info;unique_fMRI_N;discarded_dated_seq_secondary_to_fMRI_N;unique_runs_random	high
sub-005	ses-02	05	runs_random.mat		unique_runs_random;insufficient_for_events	low
sub-005	ses-02	06	runs_random.mat		unique_runs_random;insufficient_for_events	low
sub-005	ses-02	03	November-25-2023_ 2-58-58_PM__scan_info_for_subject_SUBC05-Session2__selected_run_is_2__fmri_number_is3.mat;fMRI_3.mat;runs_random.mat	November-25-2023_ 2-55-03_PM__Subject_is_SUBC05-Session2__sequence_of_stimuli_for_fMRI_number_3_is_3   1   7   8   9   4  12  11   6   2  10   5.mat	unique_scan_info;unique_fMRI_N;discarded_dated_seq_secondary_to_fMRI_N;unique_runs_random	high
sub-005	ses-02	04	November-25-2023_ 3-04-01_PM__scan_info_for_subject_SUBC05-Session2__selected_run_is_5__fmri_number_is4.mat;fMRI_4.mat;runs_random.mat	November-25-2023_ 2-59-18_PM__Subject_is_SUBC05-Session2__sequence_of_stimuli_for_fMRI_number_4_is_12   3  10   6  11   7   1   2   5   8   9   4.mat	unique_scan_info;unique_fMRI_N;discarded_dated_seq_secondary_to_fMRI_N;unique_runs_random	high
sub-005	ses-02	05	runs_random.mat		unique_runs_random;insufficient_for_events	low
sub-005	ses-02	06	runs_random.mat		unique_runs_random;insufficient_for_events	low
sub-005	ses-02	07	runs_random.mat		unique_runs_random;insufficient_for_events	low
sub-005	ses-02	08	runs_random.mat		unique_runs_random;insufficient_for_events	low
sub-006	ses-01	01	May-25-2023_ 9-34-25_AM__scan_info_for_subject_C06__selected_run_is_1__fmri_number_is1.mat;fMRI_1.mat;runs_random.mat	May-25-2023_ 9-27-32_AM__Subject_is_C06__sequence_of_stimuli_for_fMRI_number_1_is_11   6  10  12   1   5   9   2   4   7   3   8.mat	unique_scan_info;unique_fMRI_N;discarded_dated_seq_secondary_to_fMRI_N;unique_runs_random	high
sub-006	ses-01	02	May-25-2023_ 9-39-06_AM__scan_info_for_subject_C06__selected_run_is_4__fmri_number_is2.mat;fMRI_2.mat;runs_random.mat	May-25-2023_ 9-34-44_AM__Subject_is_C06__sequence_of_stimuli_for_fMRI_number_2_is_6   9  10   3   7   5   1  12   8   4   2  11.mat	unique_scan_info;unique_fMRI_N;discarded_dated_seq_secondary_to_fMRI_N;unique_runs_random	high
sub-006	ses-01	01	May-25-2023_ 9-34-25_AM__scan_info_for_subject_C06__selected_run_is_1__fmri_number_is1.mat;fMRI_1.mat;runs_random.mat	May-25-2023_ 9-27-32_AM__Subject_is_C06__sequence_of_stimuli_for_fMRI_number_1_is_11   6  10  12   1   5   9   2   4   7   3   8.mat	unique_scan_info;unique_fMRI_N;discarded_dated_seq_secondary_to_fMRI_N;unique_runs_random	high
sub-006	ses-01	02	May-25-2023_ 9-39-06_AM__scan_info_for_subject_C06__selected_run_is_4__fmri_number_is2.mat;fMRI_2.mat;runs_random.mat	May-25-2023_ 9-34-44_AM__Subject_is_C06__sequence_of_stimuli_for_fMRI_number_2_is_6   9  10   3   7   5   1  12   8   4   2  11.mat	unique_scan_info;unique_fMRI_N;discarded_dated_seq_secondary_to_fMRI_N;unique_runs_random	high
sub-006	ses-01	03	May-25-2023_ 9-44-33_AM__scan_info_for_subject_C06__selected_run_is_2__fmri_number_is3.mat;fMRI_3.mat;runs_random.mat	May-25-2023_ 9-40-24_AM__Subject_is_C06__sequence_of_stimuli_for_fMRI_number_3_is_3   1   7   8   9   4  12  11   6   2  10   5.mat	unique_scan_info;unique_fMRI_N;discarded_dated_seq_secondary_to_fMRI_N;unique_runs_random	high
sub-006	ses-01	04	May-25-2023_ 9-49-11_AM__scan_info_for_subject_C06__selected_run_is_5__fmri_number_is4.mat;fMRI_4.mat;runs_random.mat	May-25-2023_ 9-44-52_AM__Subject_is_C06__sequence_of_stimuli_for_fMRI_number_4_is_12   3  10   6  11   7   1   2   5   8   9   4.mat	unique_scan_info;unique_fMRI_N;discarded_dated_seq_secondary_to_fMRI_N;unique_runs_random	high
sub-006	ses-01	05	runs_random.mat		unique_runs_random;insufficient_for_events	low
sub-006	ses-01	06	runs_random.mat		unique_runs_random;insufficient_for_events	low
sub-006	ses-01	03	May-25-2023_ 9-44-33_AM__scan_info_for_subject_C06__selected_run_is_2__fmri_number_is3.mat;fMRI_3.mat;runs_random.mat	May-25-2023_ 9-40-24_AM__Subject_is_C06__sequence_of_stimuli_for_fMRI_number_3_is_3   1   7   8   9   4  12  11   6   2  10   5.mat	unique_scan_info;unique_fMRI_N;discarded_dated_seq_secondary_to_fMRI_N;unique_runs_random	high
sub-006	ses-01	04	May-25-2023_ 9-49-11_AM__scan_info_for_subject_C06__selected_run_is_5__fmri_number_is4.mat;fMRI_4.mat;runs_random.mat	May-25-2023_ 9-44-52_AM__Subject_is_C06__sequence_of_stimuli_for_fMRI_number_4_is_12   3  10   6  11   7   1   2   5   8   9   4.mat	unique_scan_info;unique_fMRI_N;discarded_dated_seq_secondary_to_fMRI_N;unique_runs_random	high
sub-006	ses-01	05	runs_random.mat		unique_runs_random;insufficient_for_events	low
sub-006	ses-01	06	runs_random.mat		unique_runs_random;insufficient_for_events	low
sub-006	ses-01	07	runs_random.mat		unique_runs_random;insufficient_for_events	low
sub-006	ses-01	08	runs_random.mat		unique_runs_random;insufficient_for_events	low
sub-006	ses-02	01	December-14-2023_ 5-36-14_PM__scan_info_for_subject_SUBC06__selected_run_is_1__fmri_number_is1.mat;fMRI_1.mat;runs_random.mat	December-14-2023_ 5-29-30_PM__Subject_is_SUBC06__sequence_of_stimuli_for_fMRI_number_1_is_11   6  10  12   1   5   9   2   4   7   3   8.mat	unique_scan_info;unique_fMRI_N;discarded_dated_seq_secondary_to_fMRI_N;unique_runs_random	high
sub-006	ses-02	02	December-14-2023_ 5-40-46_PM__scan_info_for_subject_SUBC06__selected_run_is_4__fmri_number_is2.mat;fMRI_2.mat;runs_random.mat	December-14-2023_ 5-36-52_PM__Subject_is_SUBC06__sequence_of_stimuli_for_fMRI_number_2_is_6   9  10   3   7   5   1  12   8   4   2  11.mat	unique_scan_info;unique_fMRI_N;discarded_dated_seq_secondary_to_fMRI_N;unique_runs_random	high
sub-006	ses-02	03	December-14-2023_ 5-45-14_PM__scan_info_for_subject_SUBC06__selected_run_is_2__fmri_number_is3.mat;fMRI_3.mat;runs_random.mat	December-14-2023_ 5-41-16_PM__Subject_is_SUBC06__sequence_of_stimuli_for_fMRI_number_3_is_3   1   7   8   9   4  12  11   6   2  10   5.mat	unique_scan_info;unique_fMRI_N;discarded_dated_seq_secondary_to_fMRI_N;unique_runs_random	high
sub-006	ses-02	04	December-14-2023_ 5-49-36_PM__scan_info_for_subject_SUBC06__selected_run_is_5__fmri_number_is4.mat;fMRI_4.mat;runs_random.mat	December-14-2023_ 5-45-37_PM__Subject_is_SUBC06__sequence_of_stimuli_for_fMRI_number_4_is_12   3  10   6  11   7   1   2   5   8   9   4.mat	unique_scan_info;unique_fMRI_N;discarded_dated_seq_secondary_to_fMRI_N;unique_runs_random	high
sub-006	ses-02	01	December-14-2023_ 5-36-14_PM__scan_info_for_subject_SUBC06__selected_run_is_1__fmri_number_is1.mat;fMRI_1.mat;runs_random.mat	December-14-2023_ 5-29-30_PM__Subject_is_SUBC06__sequence_of_stimuli_for_fMRI_number_1_is_11   6  10  12   1   5   9   2   4   7   3   8.mat	unique_scan_info;unique_fMRI_N;discarded_dated_seq_secondary_to_fMRI_N;unique_runs_random	high
sub-006	ses-02	02	December-14-2023_ 5-40-46_PM__scan_info_for_subject_SUBC06__selected_run_is_4__fmri_number_is2.mat;fMRI_2.mat;runs_random.mat	December-14-2023_ 5-36-52_PM__Subject_is_SUBC06__sequence_of_stimuli_for_fMRI_number_2_is_6   9  10   3   7   5   1  12   8   4   2  11.mat	unique_scan_info;unique_fMRI_N;discarded_dated_seq_secondary_to_fMRI_N;unique_runs_random	high
sub-006	ses-02	05	runs_random.mat		unique_runs_random;insufficient_for_events	low
sub-006	ses-02	06	runs_random.mat		unique_runs_random;insufficient_for_events	low
sub-006	ses-02	03	December-14-2023_ 5-45-14_PM__scan_info_for_subject_SUBC06__selected_run_is_2__fmri_number_is3.mat;fMRI_3.mat;runs_random.mat	December-14-2023_ 5-41-16_PM__Subject_is_SUBC06__sequence_of_stimuli_for_fMRI_number_3_is_3   1   7   8   9   4  12  11   6   2  10   5.mat	unique_scan_info;unique_fMRI_N;discarded_dated_seq_secondary_to_fMRI_N;unique_runs_random	high
sub-006	ses-02	04	December-14-2023_ 5-49-36_PM__scan_info_for_subject_SUBC06__selected_run_is_5__fmri_number_is4.mat;fMRI_4.mat;runs_random.mat	December-14-2023_ 5-45-37_PM__Subject_is_SUBC06__sequence_of_stimuli_for_fMRI_number_4_is_12   3  10   6  11   7   1   2   5   8   9   4.mat	unique_scan_info;unique_fMRI_N;discarded_dated_seq_secondary_to_fMRI_N;unique_runs_random	high
sub-006	ses-02	05	runs_random.mat		unique_runs_random;insufficient_for_events	low
sub-006	ses-02	06	runs_random.mat		unique_runs_random;insufficient_for_events	low
sub-006	ses-02	07	runs_random.mat		unique_runs_random;insufficient_for_events	low
sub-006	ses-02	08	runs_random.mat		unique_runs_random;insufficient_for_events	low
sub-007	ses-01	01	May-31-2023_ 2-26-29_PM__scan_info_for_subject_SUBC07__selected_run_is_1__fmri_number_is1.mat;fMRI_1.mat;runs_random.mat	May-31-2023_ 2-20-56_PM__Subject_is_SUBC07__sequence_of_stimuli_for_fMRI_number_1_is_11   6  10  12   1   5   9   2   4   7   3   8.mat	unique_scan_info;unique_fMRI_N;discarded_dated_seq_secondary_to_fMRI_N;unique_runs_random	high
sub-007	ses-01	02	May-31-2023_ 2-30-50_PM__scan_info_for_subject_SUBC07__selected_run_is_4__fmri_number_is2.mat;fMRI_2.mat;runs_random.mat	May-31-2023_ 2-26-50_PM__Subject_is_SUBC07__sequence_of_stimuli_for_fMRI_number_2_is_6   9  10   3   7   5   1  12   8   4   2  11.mat	unique_scan_info;unique_fMRI_N;discarded_dated_seq_secondary_to_fMRI_N;unique_runs_random	high
sub-007	ses-01	01	May-31-2023_ 2-26-29_PM__scan_info_for_subject_SUBC07__selected_run_is_1__fmri_number_is1.mat;fMRI_1.mat;runs_random.mat	May-31-2023_ 2-20-56_PM__Subject_is_SUBC07__sequence_of_stimuli_for_fMRI_number_1_is_11   6  10  12   1   5   9   2   4   7   3   8.mat	unique_scan_info;unique_fMRI_N;discarded_dated_seq_secondary_to_fMRI_N;unique_runs_random	high
sub-007	ses-01	02	May-31-2023_ 2-30-50_PM__scan_info_for_subject_SUBC07__selected_run_is_4__fmri_number_is2.mat;fMRI_2.mat;runs_random.mat	May-31-2023_ 2-26-50_PM__Subject_is_SUBC07__sequence_of_stimuli_for_fMRI_number_2_is_6   9  10   3   7   5   1  12   8   4   2  11.mat	unique_scan_info;unique_fMRI_N;discarded_dated_seq_secondary_to_fMRI_N;unique_runs_random	high
sub-007	ses-01	03	May-31-2023_ 2-35-49_PM__scan_info_for_subject_C07__selected_run_is_2__fmri_number_is3.mat;fMRI_3.mat;runs_random.mat	May-31-2023_ 2-31-29_PM__Subject_is_C07__sequence_of_stimuli_for_fMRI_number_3_is_3   1   7   8   9   4  12  11   6   2  10   5.mat	unique_scan_info;unique_fMRI_N;discarded_dated_seq_secondary_to_fMRI_N;unique_runs_random	high
sub-007	ses-01	04	May-31-2023_ 2-40-14_PM__scan_info_for_subject_C07__selected_run_is_5__fmri_number_is4.mat;fMRI_4.mat;runs_random.mat	May-31-2023_ 2-36-08_PM__Subject_is_C07__sequence_of_stimuli_for_fMRI_number_4_is_12   3  10   6  11   7   1   2   5   8   9   4.mat	unique_scan_info;unique_fMRI_N;discarded_dated_seq_secondary_to_fMRI_N;unique_runs_random	high
sub-007	ses-01	05	runs_random.mat		unique_runs_random;insufficient_for_events	low
sub-007	ses-01	06	runs_random.mat		unique_runs_random;insufficient_for_events	low
sub-007	ses-01	03	May-31-2023_ 2-35-49_PM__scan_info_for_subject_C07__selected_run_is_2__fmri_number_is3.mat;fMRI_3.mat;runs_random.mat	May-31-2023_ 2-31-29_PM__Subject_is_C07__sequence_of_stimuli_for_fMRI_number_3_is_3   1   7   8   9   4  12  11   6   2  10   5.mat	unique_scan_info;unique_fMRI_N;discarded_dated_seq_secondary_to_fMRI_N;unique_runs_random	high
sub-007	ses-01	04	May-31-2023_ 2-40-14_PM__scan_info_for_subject_C07__selected_run_is_5__fmri_number_is4.mat;fMRI_4.mat;runs_random.mat	May-31-2023_ 2-36-08_PM__Subject_is_C07__sequence_of_stimuli_for_fMRI_number_4_is_12   3  10   6  11   7   1   2   5   8   9   4.mat	unique_scan_info;unique_fMRI_N;discarded_dated_seq_secondary_to_fMRI_N;unique_runs_random	high
sub-007	ses-01	05	runs_random.mat		unique_runs_random;insufficient_for_events	low
sub-007	ses-01	06	runs_random.mat		unique_runs_random;insufficient_for_events	low
sub-007	ses-01	07	runs_random.mat		unique_runs_random;insufficient_for_events	low
sub-007	ses-01	08	runs_random.mat		unique_runs_random;insufficient_for_events	low
sub-007	ses-02	01	November-24-2023_ 3-15-32_PM__scan_info_for_subject_SUBC07-Session2__selected_run_is_1__fmri_number_is1.mat;fMRI_1.mat;runs_random.mat	November-24-2023_ 3-09-38_PM__Subject_is_SUBC07-Session2__sequence_of_stimuli_for_fMRI_number_1_is_11   6  10  12   1   5   9   2   4   7   3   8.mat	unique_scan_info;unique_fMRI_N;discarded_dated_seq_secondary_to_fMRI_N;unique_runs_random	high
sub-007	ses-02	02	November-24-2023_ 3-20-03_PM__scan_info_for_subject_SUBC07-Session2__selected_run_is_4__fmri_number_is2.mat;fMRI_2.mat;runs_random.mat	November-24-2023_ 3-15-49_PM__Subject_is_SUBC07-Session2__sequence_of_stimuli_for_fMRI_number_2_is_6   9  10   3   7   5   1  12   8   4   2  11.mat	unique_scan_info;unique_fMRI_N;discarded_dated_seq_secondary_to_fMRI_N;unique_runs_random	high
sub-007	ses-02	01	November-24-2023_ 3-15-32_PM__scan_info_for_subject_SUBC07-Session2__selected_run_is_1__fmri_number_is1.mat;fMRI_1.mat;runs_random.mat	November-24-2023_ 3-09-38_PM__Subject_is_SUBC07-Session2__sequence_of_stimuli_for_fMRI_number_1_is_11   6  10  12   1   5   9   2   4   7   3   8.mat	unique_scan_info;unique_fMRI_N;discarded_dated_seq_secondary_to_fMRI_N;unique_runs_random	high
sub-007	ses-02	02	November-24-2023_ 3-20-03_PM__scan_info_for_subject_SUBC07-Session2__selected_run_is_4__fmri_number_is2.mat;fMRI_2.mat;runs_random.mat	November-24-2023_ 3-15-49_PM__Subject_is_SUBC07-Session2__sequence_of_stimuli_for_fMRI_number_2_is_6   9  10   3   7   5   1  12   8   4   2  11.mat	unique_scan_info;unique_fMRI_N;discarded_dated_seq_secondary_to_fMRI_N;unique_runs_random	high
sub-007	ses-02	03	November-24-2023_ 3-24-10_PM__scan_info_for_subject_SUBC07-Session2__selected_run_is_2__fmri_number_is3.mat;fMRI_3.mat;runs_random.mat	November-24-2023_ 3-20-19_PM__Subject_is_SUBC07-Session2__sequence_of_stimuli_for_fMRI_number_3_is_3   1   7   8   9   4  12  11   6   2  10   5.mat	unique_scan_info;unique_fMRI_N;discarded_dated_seq_secondary_to_fMRI_N;unique_runs_random	high
sub-007	ses-02	04	November-24-2023_ 3-29-16_PM__scan_info_for_subject_SUBC07-Session2__selected_run_is_5__fmri_number_is4.mat;fMRI_4.mat;runs_random.mat	November-24-2023_ 3-24-39_PM__Subject_is_SUBC07-Session2__sequence_of_stimuli_for_fMRI_number_4_is_12   3  10   6  11   7   1   2   5   8   9   4.mat	unique_scan_info;unique_fMRI_N;discarded_dated_seq_secondary_to_fMRI_N;unique_runs_random	high
sub-007	ses-02	05	runs_random.mat		unique_runs_random;insufficient_for_events	low
sub-007	ses-02	06	runs_random.mat		unique_runs_random;insufficient_for_events	low
sub-007	ses-02	03	November-24-2023_ 3-24-10_PM__scan_info_for_subject_SUBC07-Session2__selected_run_is_2__fmri_number_is3.mat;fMRI_3.mat;runs_random.mat	November-24-2023_ 3-20-19_PM__Subject_is_SUBC07-Session2__sequence_of_stimuli_for_fMRI_number_3_is_3   1   7   8   9   4  12  11   6   2  10   5.mat	unique_scan_info;unique_fMRI_N;discarded_dated_seq_secondary_to_fMRI_N;unique_runs_random	high
sub-007	ses-02	04	November-24-2023_ 3-29-16_PM__scan_info_for_subject_SUBC07-Session2__selected_run_is_5__fmri_number_is4.mat;fMRI_4.mat;runs_random.mat	November-24-2023_ 3-24-39_PM__Subject_is_SUBC07-Session2__sequence_of_stimuli_for_fMRI_number_4_is_12   3  10   6  11   7   1   2   5   8   9   4.mat	unique_scan_info;unique_fMRI_N;discarded_dated_seq_secondary_to_fMRI_N;unique_runs_random	high
sub-007	ses-02	05	runs_random.mat		unique_runs_random;insufficient_for_events	low
sub-007	ses-02	06	runs_random.mat		unique_runs_random;insufficient_for_events	low
sub-007	ses-02	07	runs_random.mat		unique_runs_random;insufficient_for_events	low
sub-007	ses-02	08	runs_random.mat		unique_runs_random;insufficient_for_events	low
sub-008	ses-01	01	June-02-2023_10-35-12_AM__scan_info_for_subject_C08__selected_run_is_1__fmri_number_is1.mat;fMRI_1.mat;runs_random.mat	June-02-2023_10-29-41_AM__Subject_is_C08__sequence_of_stimuli_for_fMRI_number_1_is_11   6  10  12   1   5   9   2   4   7   3   8.mat	unique_scan_info;unique_fMRI_N;discarded_dated_seq_secondary_to_fMRI_N;unique_runs_random	high
sub-008	ses-01	02	June-02-2023_10-39-31_AM__scan_info_for_subject_C08__selected_run_is_4__fmri_number_is2.mat;fMRI_2.mat;runs_random.mat	June-02-2023_10-35-27_AM__Subject_is_C08__sequence_of_stimuli_for_fMRI_number_2_is_6   9  10   3   7   5   1  12   8   4   2  11.mat	unique_scan_info;unique_fMRI_N;discarded_dated_seq_secondary_to_fMRI_N;unique_runs_random	high
sub-008	ses-01	01	June-02-2023_10-35-12_AM__scan_info_for_subject_C08__selected_run_is_1__fmri_number_is1.mat;fMRI_1.mat;runs_random.mat	June-02-2023_10-29-41_AM__Subject_is_C08__sequence_of_stimuli_for_fMRI_number_1_is_11   6  10  12   1   5   9   2   4   7   3   8.mat	unique_scan_info;unique_fMRI_N;discarded_dated_seq_secondary_to_fMRI_N;unique_runs_random	high
sub-008	ses-01	02	June-02-2023_10-39-31_AM__scan_info_for_subject_C08__selected_run_is_4__fmri_number_is2.mat;fMRI_2.mat;runs_random.mat	June-02-2023_10-35-27_AM__Subject_is_C08__sequence_of_stimuli_for_fMRI_number_2_is_6   9  10   3   7   5   1  12   8   4   2  11.mat	unique_scan_info;unique_fMRI_N;discarded_dated_seq_secondary_to_fMRI_N;unique_runs_random	high
sub-008	ses-01	03	June-02-2023_10-45-41_AM__scan_info_for_subject_C08__selected_run_is_2__fmri_number_is3.mat;fMRI_3.mat;runs_random.mat	June-02-2023_10-40-53_AM__Subject_is_C08__sequence_of_stimuli_for_fMRI_number_3_is_3   1   7   8   9   4  12  11   6   2  10   5.mat	unique_scan_info;unique_fMRI_N;discarded_dated_seq_secondary_to_fMRI_N;unique_runs_random	high
sub-008	ses-01	04	June-02-2023_10-50-22_AM__scan_info_for_subject_C08__selected_run_is_5__fmri_number_is4.mat;fMRI_4.mat;runs_random.mat	June-02-2023_10-45-50_AM__Subject_is_C08__sequence_of_stimuli_for_fMRI_number_4_is_12   3  10   6  11   7   1   2   5   8   9   4.mat	unique_scan_info;unique_fMRI_N;discarded_dated_seq_secondary_to_fMRI_N;unique_runs_random	high
sub-008	ses-01	05	runs_random.mat		unique_runs_random;insufficient_for_events	low
sub-008	ses-01	06	runs_random.mat		unique_runs_random;insufficient_for_events	low
sub-008	ses-01	03	June-02-2023_10-45-41_AM__scan_info_for_subject_C08__selected_run_is_2__fmri_number_is3.mat;fMRI_3.mat;runs_random.mat	June-02-2023_10-40-53_AM__Subject_is_C08__sequence_of_stimuli_for_fMRI_number_3_is_3   1   7   8   9   4  12  11   6   2  10   5.mat	unique_scan_info;unique_fMRI_N;discarded_dated_seq_secondary_to_fMRI_N;unique_runs_random	high
sub-008	ses-01	04	June-02-2023_10-50-22_AM__scan_info_for_subject_C08__selected_run_is_5__fmri_number_is4.mat;fMRI_4.mat;runs_random.mat	June-02-2023_10-45-50_AM__Subject_is_C08__sequence_of_stimuli_for_fMRI_number_4_is_12   3  10   6  11   7   1   2   5   8   9   4.mat	unique_scan_info;unique_fMRI_N;discarded_dated_seq_secondary_to_fMRI_N;unique_runs_random	high
sub-008	ses-01	05	runs_random.mat		unique_runs_random;insufficient_for_events	low
sub-008	ses-01	06	runs_random.mat		unique_runs_random;insufficient_for_events	low
sub-008	ses-01	07	runs_random.mat		unique_runs_random;insufficient_for_events	low
sub-008	ses-01	08	runs_random.mat		unique_runs_random;insufficient_for_events	low
sub-008	ses-01	09	runs_random.mat		unique_runs_random;insufficient_for_events	low
sub-008	ses-01	10	runs_random.mat		unique_runs_random;insufficient_for_events	low
sub-008	ses-01	07	runs_random.mat		unique_runs_random;insufficient_for_events	low
sub-008	ses-01	08	runs_random.mat		unique_runs_random;insufficient_for_events	low
sub-008	ses-02	01	December-11-2023_10-35-57_AM__scan_info_for_subject_SUBC08-Session2__selected_run_is_1__fmri_number_is1.mat;fMRI_1.mat;runs_random.mat	December-11-2023_10-30-19_AM__Subject_is_SUBC08-Session2__sequence_of_stimuli_for_fMRI_number_1_is_11   6  10  12   1   5   9   2   4   7   3   8.mat	unique_scan_info;unique_fMRI_N;discarded_dated_seq_secondary_to_fMRI_N;unique_runs_random	high
sub-008	ses-02	02	December-11-2023_10-40-25_AM__scan_info_for_subject_SUBC08-Session2__selected_run_is_4__fmri_number_is2.mat;fMRI_2.mat;runs_random.mat	December-11-2023_10-36-11_AM__Subject_is_SUBC08-Session2__sequence_of_stimuli_for_fMRI_number_2_is_6   9  10   3   7   5   1  12   8   4   2  11.mat	unique_scan_info;unique_fMRI_N;discarded_dated_seq_secondary_to_fMRI_N;unique_runs_random	high
sub-008	ses-02	03	December-11-2023_10-44-42_AM__scan_info_for_subject_SUBC08-Session2__selected_run_is_2__fmri_number_is3.mat;fMRI_3.mat;runs_random.mat	December-11-2023_10-40-40_AM__Subject_is_SUBC08-Session2__sequence_of_stimuli_for_fMRI_number_3_is_3   1   7   8   9   4  12  11   6   2  10   5.mat	unique_scan_info;unique_fMRI_N;discarded_dated_seq_secondary_to_fMRI_N;unique_runs_random	high
sub-008	ses-02	04	December-11-2023_10-48-47_AM__scan_info_for_subject_SUBC08-Session2__selected_run_is_5__fmri_number_is4.mat;fMRI_4.mat;runs_random.mat	December-11-2023_10-45-03_AM__Subject_is_SUBC08-Session2__sequence_of_stimuli_for_fMRI_number_4_is_12   3  10   6  11   7   1   2   5   8   9   4.mat	unique_scan_info;unique_fMRI_N;discarded_dated_seq_secondary_to_fMRI_N;unique_runs_random	high
sub-008	ses-02	01	December-11-2023_10-35-57_AM__scan_info_for_subject_SUBC08-Session2__selected_run_is_1__fmri_number_is1.mat;fMRI_1.mat;runs_random.mat	December-11-2023_10-30-19_AM__Subject_is_SUBC08-Session2__sequence_of_stimuli_for_fMRI_number_1_is_11   6  10  12   1   5   9   2   4   7   3   8.mat	unique_scan_info;unique_fMRI_N;discarded_dated_seq_secondary_to_fMRI_N;unique_runs_random	high
sub-008	ses-02	02	December-11-2023_10-40-25_AM__scan_info_for_subject_SUBC08-Session2__selected_run_is_4__fmri_number_is2.mat;fMRI_2.mat;runs_random.mat	December-11-2023_10-36-11_AM__Subject_is_SUBC08-Session2__sequence_of_stimuli_for_fMRI_number_2_is_6   9  10   3   7   5   1  12   8   4   2  11.mat	unique_scan_info;unique_fMRI_N;discarded_dated_seq_secondary_to_fMRI_N;unique_runs_random	high
sub-008	ses-02	05	runs_random.mat		unique_runs_random;insufficient_for_events	low
sub-008	ses-02	06	runs_random.mat		unique_runs_random;insufficient_for_events	low
sub-008	ses-02	03	December-11-2023_10-44-42_AM__scan_info_for_subject_SUBC08-Session2__selected_run_is_2__fmri_number_is3.mat;fMRI_3.mat;runs_random.mat	December-11-2023_10-40-40_AM__Subject_is_SUBC08-Session2__sequence_of_stimuli_for_fMRI_number_3_is_3   1   7   8   9   4  12  11   6   2  10   5.mat	unique_scan_info;unique_fMRI_N;discarded_dated_seq_secondary_to_fMRI_N;unique_runs_random	high
sub-008	ses-02	04	December-11-2023_10-48-47_AM__scan_info_for_subject_SUBC08-Session2__selected_run_is_5__fmri_number_is4.mat;fMRI_4.mat;runs_random.mat	December-11-2023_10-45-03_AM__Subject_is_SUBC08-Session2__sequence_of_stimuli_for_fMRI_number_4_is_12   3  10   6  11   7   1   2   5   8   9   4.mat	unique_scan_info;unique_fMRI_N;discarded_dated_seq_secondary_to_fMRI_N;unique_runs_random	high
sub-008	ses-02	05	runs_random.mat		unique_runs_random;insufficient_for_events	low
sub-008	ses-02	06	runs_random.mat		unique_runs_random;insufficient_for_events	low
sub-008	ses-02	07	runs_random.mat		unique_runs_random;insufficient_for_events	low
sub-008	ses-02	08	runs_random.mat		unique_runs_random;insufficient_for_events	low
sub-009	ses-01	01	June-08-2023_10-23-10_AM__scan_info_for_subject_C08__selected_run_is_1__fmri_number_is1.mat;fMRI_1.mat;runs_random.mat	June-08-2023_10-17-56_AM__Subject_is_C08__sequence_of_stimuli_for_fMRI_number_1_is_11   6  10  12   1   5   9   2   4   7   3   8.mat	unique_scan_info;unique_fMRI_N;discarded_dated_seq_secondary_to_fMRI_N;unique_runs_random	high
sub-009	ses-01	02	June-08-2023_10-27-41_AM__scan_info_for_subject_subc09__selected_run_is_4__fmri_number_is2.mat;fMRI_2.mat;runs_random.mat	June-08-2023_10-23-43_AM__Subject_is_subc09__sequence_of_stimuli_for_fMRI_number_2_is_6   9  10   3   7   5   1  12   8   4   2  11.mat	unique_scan_info;unique_fMRI_N;discarded_dated_seq_secondary_to_fMRI_N;unique_runs_random	high
sub-009	ses-01	01	June-08-2023_10-23-10_AM__scan_info_for_subject_C08__selected_run_is_1__fmri_number_is1.mat;fMRI_1.mat;runs_random.mat	June-08-2023_10-17-56_AM__Subject_is_C08__sequence_of_stimuli_for_fMRI_number_1_is_11   6  10  12   1   5   9   2   4   7   3   8.mat	unique_scan_info;unique_fMRI_N;discarded_dated_seq_secondary_to_fMRI_N;unique_runs_random	high
sub-009	ses-01	02	June-08-2023_10-27-41_AM__scan_info_for_subject_subc09__selected_run_is_4__fmri_number_is2.mat;fMRI_2.mat;runs_random.mat	June-08-2023_10-23-43_AM__Subject_is_subc09__sequence_of_stimuli_for_fMRI_number_2_is_6   9  10   3   7   5   1  12   8   4   2  11.mat	unique_scan_info;unique_fMRI_N;discarded_dated_seq_secondary_to_fMRI_N;unique_runs_random	high
sub-009	ses-01	03	June-08-2023_10-32-28_AM__scan_info_for_subject_C09__selected_run_is_2__fmri_number_is3.mat;fMRI_3.mat;runs_random.mat	June-08-2023_10-28-02_AM__Subject_is_C09__sequence_of_stimuli_for_fMRI_number_3_is_3   1   7   8   9   4  12  11   6   2  10   5.mat	unique_scan_info;unique_fMRI_N;discarded_dated_seq_secondary_to_fMRI_N;unique_runs_random	high
sub-009	ses-01	04	June-08-2023_10-36-41_AM__scan_info_for_subject_C09__selected_run_is_5__fmri_number_is4.mat;fMRI_4.mat;runs_random.mat	June-08-2023_10-32-41_AM__Subject_is_C09__sequence_of_stimuli_for_fMRI_number_4_is_12   3  10   6  11   7   1   2   5   8   9   4.mat	unique_scan_info;unique_fMRI_N;discarded_dated_seq_secondary_to_fMRI_N;unique_runs_random	high
sub-009	ses-01	05	runs_random.mat		unique_runs_random;insufficient_for_events	low
sub-009	ses-01	06	runs_random.mat		unique_runs_random;insufficient_for_events	low
sub-009	ses-01	03	June-08-2023_10-32-28_AM__scan_info_for_subject_C09__selected_run_is_2__fmri_number_is3.mat;fMRI_3.mat;runs_random.mat	June-08-2023_10-28-02_AM__Subject_is_C09__sequence_of_stimuli_for_fMRI_number_3_is_3   1   7   8   9   4  12  11   6   2  10   5.mat	unique_scan_info;unique_fMRI_N;discarded_dated_seq_secondary_to_fMRI_N;unique_runs_random	high
sub-009	ses-01	04	June-08-2023_10-36-41_AM__scan_info_for_subject_C09__selected_run_is_5__fmri_number_is4.mat;fMRI_4.mat;runs_random.mat	June-08-2023_10-32-41_AM__Subject_is_C09__sequence_of_stimuli_for_fMRI_number_4_is_12   3  10   6  11   7   1   2   5   8   9   4.mat	unique_scan_info;unique_fMRI_N;discarded_dated_seq_secondary_to_fMRI_N;unique_runs_random	high
sub-009	ses-01	05	runs_random.mat		unique_runs_random;insufficient_for_events	low
sub-009	ses-01	06	runs_random.mat		unique_runs_random;insufficient_for_events	low
sub-009	ses-01	07	runs_random.mat		unique_runs_random;insufficient_for_events	low
sub-009	ses-01	08	runs_random.mat		unique_runs_random;insufficient_for_events	low
sub-009	ses-02	01	December-02-2023_ 2-29-29_PM__scan_info_for_subject_SUBC09__selected_run_is_1__fmri_number_is1.mat;fMRI_1.mat;runs_random.mat	December-02-2023_ 2-23-37_PM__Subject_is_SUBC09__sequence_of_stimuli_for_fMRI_number_1_is_11   6  10  12   1   5   9   2   4   7   3   8.mat	unique_scan_info;unique_fMRI_N;discarded_dated_seq_secondary_to_fMRI_N;unique_runs_random	high
sub-009	ses-02	02	December-02-2023_ 2-33-42_PM__scan_info_for_subject_SUBC09__selected_run_is_4__fmri_number_is2.mat;fMRI_2.mat;runs_random.mat	December-02-2023_ 2-29-44_PM__Subject_is_SUBC09__sequence_of_stimuli_for_fMRI_number_2_is_6   9  10   3   7   5   1  12   8   4   2  11.mat	unique_scan_info;unique_fMRI_N;discarded_dated_seq_secondary_to_fMRI_N;unique_runs_random	high
sub-009	ses-02	01	December-02-2023_ 2-29-29_PM__scan_info_for_subject_SUBC09__selected_run_is_1__fmri_number_is1.mat;fMRI_1.mat;runs_random.mat	December-02-2023_ 2-23-37_PM__Subject_is_SUBC09__sequence_of_stimuli_for_fMRI_number_1_is_11   6  10  12   1   5   9   2   4   7   3   8.mat	unique_scan_info;unique_fMRI_N;discarded_dated_seq_secondary_to_fMRI_N;unique_runs_random	high
sub-009	ses-02	02	December-02-2023_ 2-33-42_PM__scan_info_for_subject_SUBC09__selected_run_is_4__fmri_number_is2.mat;fMRI_2.mat;runs_random.mat	December-02-2023_ 2-29-44_PM__Subject_is_SUBC09__sequence_of_stimuli_for_fMRI_number_2_is_6   9  10   3   7   5   1  12   8   4   2  11.mat	unique_scan_info;unique_fMRI_N;discarded_dated_seq_secondary_to_fMRI_N;unique_runs_random	high
sub-009	ses-02	03	December-02-2023_ 2-39-49_PM__scan_info_for_subject_SUBC09__selected_run_is_2__fmri_number_is3.mat;fMRI_3.mat;runs_random.mat	December-02-2023_ 2-33-53_PM__Subject_is_SUBC09__sequence_of_stimuli_for_fMRI_number_3_is_3   1   7   8   9   4  12  11   6   2  10   5.mat	unique_scan_info;unique_fMRI_N;discarded_dated_seq_secondary_to_fMRI_N;unique_runs_random	high
sub-009	ses-02	04	December-02-2023_ 2-44-18_PM__scan_info_for_subject_SUBC09__selected_run_is_5__fmri_number_is4.mat;fMRI_4.mat;runs_random.mat	December-02-2023_ 2-40-21_PM__Subject_is_SUBC09__sequence_of_stimuli_for_fMRI_number_4_is_12   3  10   6  11   7   1   2   5   8   9   4.mat	unique_scan_info;unique_fMRI_N;discarded_dated_seq_secondary_to_fMRI_N;unique_runs_random	high
sub-009	ses-02	05	runs_random.mat		unique_runs_random;insufficient_for_events	low
sub-009	ses-02	06	runs_random.mat		unique_runs_random;insufficient_for_events	low
sub-009	ses-02	03	December-02-2023_ 2-39-49_PM__scan_info_for_subject_SUBC09__selected_run_is_2__fmri_number_is3.mat;fMRI_3.mat;runs_random.mat	December-02-2023_ 2-33-53_PM__Subject_is_SUBC09__sequence_of_stimuli_for_fMRI_number_3_is_3   1   7   8   9   4  12  11   6   2  10   5.mat	unique_scan_info;unique_fMRI_N;discarded_dated_seq_secondary_to_fMRI_N;unique_runs_random	high
sub-009	ses-02	04	December-02-2023_ 2-44-18_PM__scan_info_for_subject_SUBC09__selected_run_is_5__fmri_number_is4.mat;fMRI_4.mat;runs_random.mat	December-02-2023_ 2-40-21_PM__Subject_is_SUBC09__sequence_of_stimuli_for_fMRI_number_4_is_12   3  10   6  11   7   1   2   5   8   9   4.mat	unique_scan_info;unique_fMRI_N;discarded_dated_seq_secondary_to_fMRI_N;unique_runs_random	high
sub-009	ses-02	05	runs_random.mat		unique_runs_random;insufficient_for_events	low
sub-009	ses-02	06	runs_random.mat		unique_runs_random;insufficient_for_events	low
sub-009	ses-02	07	runs_random.mat		unique_runs_random;insufficient_for_events	low
sub-009	ses-02	08	runs_random.mat		unique_runs_random;insufficient_for_events	low
sub-010	ses-01	01	July-05-2023_ 3-21-00_PM__scan_info_for_subject_subc10__selected_run_is_1__fmri_number_is1.mat;fMRI_1.mat;runs_random.mat	July-05-2023_ 3-15-34_PM__Subject_is_subc10__sequence_of_stimuli_for_fMRI_number_1_is_11   6  10  12   1   5   9   2   4   7   3   8.mat	unique_scan_info;unique_fMRI_N;discarded_dated_seq_secondary_to_fMRI_N;unique_runs_random	high
sub-010	ses-01	02	July-05-2023_ 3-25-36_PM__scan_info_for_subject_subc10__selected_run_is_4__fmri_number_is2.mat;fMRI_2.mat;runs_random.mat	July-05-2023_ 3-21-39_PM__Subject_is_subc10__sequence_of_stimuli_for_fMRI_number_2_is_6   9  10   3   7   5   1  12   8   4   2  11.mat	unique_scan_info;unique_fMRI_N;discarded_dated_seq_secondary_to_fMRI_N;unique_runs_random	high
sub-010	ses-01	01	July-05-2023_ 3-21-00_PM__scan_info_for_subject_subc10__selected_run_is_1__fmri_number_is1.mat;fMRI_1.mat;runs_random.mat	July-05-2023_ 3-15-34_PM__Subject_is_subc10__sequence_of_stimuli_for_fMRI_number_1_is_11   6  10  12   1   5   9   2   4   7   3   8.mat	unique_scan_info;unique_fMRI_N;discarded_dated_seq_secondary_to_fMRI_N;unique_runs_random	high
sub-010	ses-01	02	July-05-2023_ 3-25-36_PM__scan_info_for_subject_subc10__selected_run_is_4__fmri_number_is2.mat;fMRI_2.mat;runs_random.mat	July-05-2023_ 3-21-39_PM__Subject_is_subc10__sequence_of_stimuli_for_fMRI_number_2_is_6   9  10   3   7   5   1  12   8   4   2  11.mat	unique_scan_info;unique_fMRI_N;discarded_dated_seq_secondary_to_fMRI_N;unique_runs_random	high
sub-010	ses-01	03	July-05-2023_ 3-31-49_PM__scan_info_for_subject_subc10__selected_run_is_2__fmri_number_is3.mat;fMRI_3.mat;runs_random.mat	July-05-2023_ 3-27-39_PM__Subject_is_subc10__sequence_of_stimuli_for_fMRI_number_3_is_3   1   7   8   9   4  12  11   6   2  10   5.mat	unique_scan_info;unique_fMRI_N;discarded_dated_seq_secondary_to_fMRI_N;unique_runs_random	high
sub-010	ses-01	04	July-05-2023_ 3-36-02_PM__scan_info_for_subject_subc10__selected_run_is_5__fmri_number_is4.mat;fMRI_4.mat;runs_random.mat	July-05-2023_ 3-32-06_PM__Subject_is_subc10__sequence_of_stimuli_for_fMRI_number_4_is_12   3  10   6  11   7   1   2   5   8   9   4.mat	unique_scan_info;unique_fMRI_N;discarded_dated_seq_secondary_to_fMRI_N;unique_runs_random	high
sub-010	ses-01	05	runs_random.mat		unique_runs_random;insufficient_for_events	low
sub-010	ses-01	06	runs_random.mat		unique_runs_random;insufficient_for_events	low
sub-010	ses-01	03	July-05-2023_ 3-31-49_PM__scan_info_for_subject_subc10__selected_run_is_2__fmri_number_is3.mat;fMRI_3.mat;runs_random.mat	July-05-2023_ 3-27-39_PM__Subject_is_subc10__sequence_of_stimuli_for_fMRI_number_3_is_3   1   7   8   9   4  12  11   6   2  10   5.mat	unique_scan_info;unique_fMRI_N;discarded_dated_seq_secondary_to_fMRI_N;unique_runs_random	high
sub-010	ses-01	04	July-05-2023_ 3-36-02_PM__scan_info_for_subject_subc10__selected_run_is_5__fmri_number_is4.mat;fMRI_4.mat;runs_random.mat	July-05-2023_ 3-32-06_PM__Subject_is_subc10__sequence_of_stimuli_for_fMRI_number_4_is_12   3  10   6  11   7   1   2   5   8   9   4.mat	unique_scan_info;unique_fMRI_N;discarded_dated_seq_secondary_to_fMRI_N;unique_runs_random	high
sub-010	ses-01	05	runs_random.mat		unique_runs_random;insufficient_for_events	low
sub-010	ses-01	06	runs_random.mat		unique_runs_random;insufficient_for_events	low
sub-010	ses-01	07	runs_random.mat		unique_runs_random;insufficient_for_events	low
sub-010	ses-01	08	runs_random.mat		unique_runs_random;insufficient_for_events	low
sub-011	ses-01	01	July-11-2023_12-34-35_PM__scan_info_for_subject_C11__selected_run_is_1__fmri_number_is1.mat;fMRI_1.mat;runs_random.mat	July-11-2023_12-39-39_PM__scan_info_for_subject_C11__selected_run_is_1__fmri_number_is1.mat;July-11-2023_12-33-41_PM__Subject_is_C11__sequence_of_stimuli_for_fMRI_number_1_is_11   6  10  12   1   5   9   2   4   7   3   8.mat;July-11-2023_12-34-52_PM__Subject_is_C11__sequence_of_stimuli_for_fMRI_number_1_is_11   6  10  12   1   5   9   2   4   7   3   8.mat	priority_scan_info_selected=July-11-2023_12-34-35_PM__scan_info_for_subject_C11__selected_run_is_1__fmri_number_is1.mat;discarded=July-11-2023_12-39-39_PM__scan_info_for_subject_C11__selected_run_is_1__fmri_number_is1.mat;vars=triggerTimes;vbl;unique_fMRI_N;discarded_dated_seq_secondary_to_fMRI_N;unique_runs_random	high
sub-011	ses-01	02	July-11-2023_12-44-04_PM__scan_info_for_subject_C11__selected_run_is_4__fmri_number_is2.mat;fMRI_2.mat;runs_random.mat	July-11-2023_12-40-04_PM__Subject_is_C11__sequence_of_stimuli_for_fMRI_number_2_is_6   9  10   3   7   5   1  12   8   4   2  11.mat	unique_scan_info;unique_fMRI_N;discarded_dated_seq_secondary_to_fMRI_N;unique_runs_random	high
sub-011	ses-01	01	July-11-2023_12-34-35_PM__scan_info_for_subject_C11__selected_run_is_1__fmri_number_is1.mat;fMRI_1.mat;runs_random.mat	July-11-2023_12-39-39_PM__scan_info_for_subject_C11__selected_run_is_1__fmri_number_is1.mat;July-11-2023_12-33-41_PM__Subject_is_C11__sequence_of_stimuli_for_fMRI_number_1_is_11   6  10  12   1   5   9   2   4   7   3   8.mat;July-11-2023_12-34-52_PM__Subject_is_C11__sequence_of_stimuli_for_fMRI_number_1_is_11   6  10  12   1   5   9   2   4   7   3   8.mat	priority_scan_info_selected=July-11-2023_12-34-35_PM__scan_info_for_subject_C11__selected_run_is_1__fmri_number_is1.mat;discarded=July-11-2023_12-39-39_PM__scan_info_for_subject_C11__selected_run_is_1__fmri_number_is1.mat;vars=triggerTimes;vbl;unique_fMRI_N;discarded_dated_seq_secondary_to_fMRI_N;unique_runs_random	high
sub-011	ses-01	02	July-11-2023_12-44-04_PM__scan_info_for_subject_C11__selected_run_is_4__fmri_number_is2.mat;fMRI_2.mat;runs_random.mat	July-11-2023_12-40-04_PM__Subject_is_C11__sequence_of_stimuli_for_fMRI_number_2_is_6   9  10   3   7   5   1  12   8   4   2  11.mat	unique_scan_info;unique_fMRI_N;discarded_dated_seq_secondary_to_fMRI_N;unique_runs_random	high
sub-011	ses-01	03	July-11-2023_12-49-25_PM__scan_info_for_subject_C11__selected_run_is_2__fmri_number_is3.mat;fMRI_3.mat;runs_random.mat	July-11-2023_12-45-25_PM__Subject_is_C11__sequence_of_stimuli_for_fMRI_number_3_is_3   1   7   8   9   4  12  11   6   2  10   5.mat	unique_scan_info;unique_fMRI_N;discarded_dated_seq_secondary_to_fMRI_N;unique_runs_random	high
sub-011	ses-01	04	July-11-2023_12-55-41_PM__scan_info_for_subject_c11__selected_run_is_5__fmri_number_is4.mat;fMRI_4.mat;runs_random.mat	July-11-2023_12-50-14_PM__Subject_is_c11__sequence_of_stimuli_for_fMRI_number_4_is_12   3  10   6  11   7   1   2   5   8   9   4.mat	unique_scan_info;unique_fMRI_N;discarded_dated_seq_secondary_to_fMRI_N;unique_runs_random	high
sub-011	ses-01	05	runs_random.mat		unique_runs_random;insufficient_for_events	low
sub-011	ses-01	06	runs_random.mat		unique_runs_random;insufficient_for_events	low
sub-011	ses-01	07	runs_random.mat		unique_runs_random;insufficient_for_events	low
sub-011	ses-01	08	runs_random.mat		unique_runs_random;insufficient_for_events	low
sub-011	ses-01	03	July-11-2023_12-49-25_PM__scan_info_for_subject_C11__selected_run_is_2__fmri_number_is3.mat;fMRI_3.mat;runs_random.mat	July-11-2023_12-45-25_PM__Subject_is_C11__sequence_of_stimuli_for_fMRI_number_3_is_3   1   7   8   9   4  12  11   6   2  10   5.mat	unique_scan_info;unique_fMRI_N;discarded_dated_seq_secondary_to_fMRI_N;unique_runs_random	high
sub-011	ses-01	04	July-11-2023_12-55-41_PM__scan_info_for_subject_c11__selected_run_is_5__fmri_number_is4.mat;fMRI_4.mat;runs_random.mat	July-11-2023_12-50-14_PM__Subject_is_c11__sequence_of_stimuli_for_fMRI_number_4_is_12   3  10   6  11   7   1   2   5   8   9   4.mat	unique_scan_info;unique_fMRI_N;discarded_dated_seq_secondary_to_fMRI_N;unique_runs_random	high
sub-011	ses-01	05	runs_random.mat		unique_runs_random;insufficient_for_events	low
sub-011	ses-01	06	runs_random.mat		unique_runs_random;insufficient_for_events	low
sub-011	ses-01	09	runs_random.mat		unique_runs_random;insufficient_for_events	low
sub-011	ses-01	10	runs_random.mat		unique_runs_random;insufficient_for_events	low
sub-011	ses-02	01	January-10-2024_10-44-29_AM__scan_info_for_subject_SUBC11__selected_run_is_1__fmri_number_is1.mat;fMRI_1.mat;runs_random.mat	January-10-2024_10-50-42_AM__scan_info_for_subject_SUBC11__selected_run_is_1__fmri_number_is1.mat;January-10-2024_10-42-03_AM__Subject_is_SUBC11__sequence_of_stimuli_for_fMRI_number_1_is_11   6  10  12   1   5   9   2   4   7   3   8.mat;January-10-2024_10-46-38_AM__Subject_is_SUBC11__sequence_of_stimuli_for_fMRI_number_1_is_11   6  10  12   1   5   9   2   4   7   3   8.mat	priority_scan_info_selected=January-10-2024_10-44-29_AM__scan_info_for_subject_SUBC11__selected_run_is_1__fmri_number_is1.mat;discarded=January-10-2024_10-50-42_AM__scan_info_for_subject_SUBC11__selected_run_is_1__fmri_number_is1.mat;vars=triggerTimes;vbl;unique_fMRI_N;discarded_dated_seq_secondary_to_fMRI_N;unique_runs_random	high
sub-011	ses-02	02	January-10-2024_10-54-52_AM__scan_info_for_subject_SUBC11__selected_run_is_4__fmri_number_is2.mat;fMRI_2.mat;runs_random.mat	January-10-2024_10-50-59_AM__Subject_is_SUBC11__sequence_of_stimuli_for_fMRI_number_2_is_6   9  10   3   7   5   1  12   8   4   2  11.mat	unique_scan_info;unique_fMRI_N;discarded_dated_seq_secondary_to_fMRI_N;unique_runs_random	high
sub-011	ses-02	03	January-10-2024_10-59-22_AM__scan_info_for_subject_SUBC11__selected_run_is_2__fmri_number_is3.mat;fMRI_3.mat;runs_random.mat	January-10-2024_10-55-28_AM__Subject_is_SUBC11__sequence_of_stimuli_for_fMRI_number_3_is_3   1   7   8   9   4  12  11   6   2  10   5.mat	unique_scan_info;unique_fMRI_N;discarded_dated_seq_secondary_to_fMRI_N;unique_runs_random	high
sub-011	ses-02	04	January-10-2024_11-03-56_AM__scan_info_for_subject_SUBC11__selected_run_is_5__fmri_number_is4.mat;fMRI_4.mat;runs_random.mat	January-10-2024_10-59-42_AM__Subject_is_SUBC11__sequence_of_stimuli_for_fMRI_number_4_is_12   3  10   6  11   7   1   2   5   8   9   4.mat	unique_scan_info;unique_fMRI_N;discarded_dated_seq_secondary_to_fMRI_N;unique_runs_random	high
sub-011	ses-02	05	runs_random.mat		unique_runs_random;insufficient_for_events	low
sub-011	ses-02	01	January-10-2024_10-44-29_AM__scan_info_for_subject_SUBC11__selected_run_is_1__fmri_number_is1.mat;fMRI_1.mat;runs_random.mat	January-10-2024_10-50-42_AM__scan_info_for_subject_SUBC11__selected_run_is_1__fmri_number_is1.mat;January-10-2024_10-42-03_AM__Subject_is_SUBC11__sequence_of_stimuli_for_fMRI_number_1_is_11   6  10  12   1   5   9   2   4   7   3   8.mat;January-10-2024_10-46-38_AM__Subject_is_SUBC11__sequence_of_stimuli_for_fMRI_number_1_is_11   6  10  12   1   5   9   2   4   7   3   8.mat	priority_scan_info_selected=January-10-2024_10-44-29_AM__scan_info_for_subject_SUBC11__selected_run_is_1__fmri_number_is1.mat;discarded=January-10-2024_10-50-42_AM__scan_info_for_subject_SUBC11__selected_run_is_1__fmri_number_is1.mat;vars=triggerTimes;vbl;unique_fMRI_N;discarded_dated_seq_secondary_to_fMRI_N;unique_runs_random	high
sub-011	ses-02	02	January-10-2024_10-54-52_AM__scan_info_for_subject_SUBC11__selected_run_is_4__fmri_number_is2.mat;fMRI_2.mat;runs_random.mat	January-10-2024_10-50-59_AM__Subject_is_SUBC11__sequence_of_stimuli_for_fMRI_number_2_is_6   9  10   3   7   5   1  12   8   4   2  11.mat	unique_scan_info;unique_fMRI_N;discarded_dated_seq_secondary_to_fMRI_N;unique_runs_random	high
sub-011	ses-02	06	runs_random.mat		unique_runs_random;insufficient_for_events	low
sub-011	ses-02	03	January-10-2024_10-59-22_AM__scan_info_for_subject_SUBC11__selected_run_is_2__fmri_number_is3.mat;fMRI_3.mat;runs_random.mat	January-10-2024_10-55-28_AM__Subject_is_SUBC11__sequence_of_stimuli_for_fMRI_number_3_is_3   1   7   8   9   4  12  11   6   2  10   5.mat	unique_scan_info;unique_fMRI_N;discarded_dated_seq_secondary_to_fMRI_N;unique_runs_random	high
sub-011	ses-02	04	January-10-2024_11-03-56_AM__scan_info_for_subject_SUBC11__selected_run_is_5__fmri_number_is4.mat;fMRI_4.mat;runs_random.mat	January-10-2024_10-59-42_AM__Subject_is_SUBC11__sequence_of_stimuli_for_fMRI_number_4_is_12   3  10   6  11   7   1   2   5   8   9   4.mat	unique_scan_info;unique_fMRI_N;discarded_dated_seq_secondary_to_fMRI_N;unique_runs_random	high
sub-011	ses-02	05	runs_random.mat		unique_runs_random;insufficient_for_events	low
sub-011	ses-02	06	runs_random.mat		unique_runs_random;insufficient_for_events	low
sub-011	ses-02	07	runs_random.mat		unique_runs_random;insufficient_for_events	low
sub-011	ses-02	08	runs_random.mat		unique_runs_random;insufficient_for_events	low
sub-012	ses-01	01	July-12-2023_10-26-49_AM__scan_info_for_subject_SUBC12__selected_run_is_1__fmri_number_is1.mat;fMRI_1.mat;runs_random.mat	July-12-2023_10-26-49_AM__scan_info_for_subject_SUBC12__selected_run_is_1__fmri_number_is1.mat;fMRI_1.mat;July-12-2023_10-21-10_AM__Subject_is_SUBC12__sequence_of_stimuli_for_fMRI_number_1_is_11   6  10  12   1   5   9   2   4   7   3   8.mat;runs_random.mat	priority_scan_info_selected=July-12-2023_10-26-49_AM__scan_info_for_subject_SUBC12__selected_run_is_1__fmri_number_is1.mat;discarded=July-12-2023_10-26-49_AM__scan_info_for_subject_SUBC12__selected_run_is_1__fmri_number_is1.mat;vars=triggerTimes;vbl;priority_fMRI_N_selected=fMRI_1.mat;discarded=fMRI_1.mat;vars=Stim_order_selected;discarded_dated_seq_secondary_to_fMRI_N;priority_runs_random_selected=runs_random.mat;discarded=runs_random.mat;vars=paradigm;vbl	high
sub-012	ses-01	02	July-12-2023_10-31-07_AM__scan_info_for_subject_SUBC12__selected_run_is_4__fmri_number_is2.mat;fMRI_2.mat;runs_random.mat	July-12-2023_10-31-07_AM__scan_info_for_subject_SUBC12__selected_run_is_4__fmri_number_is2.mat;fMRI_2.mat;July-12-2023_10-27-02_AM__Subject_is_SUBC12__sequence_of_stimuli_for_fMRI_number_2_is_6   9  10   3   7   5   1  12   8   4   2  11.mat;runs_random.mat	priority_scan_info_selected=July-12-2023_10-31-07_AM__scan_info_for_subject_SUBC12__selected_run_is_4__fmri_number_is2.mat;discarded=July-12-2023_10-31-07_AM__scan_info_for_subject_SUBC12__selected_run_is_4__fmri_number_is2.mat;vars=triggerTimes;vbl;priority_fMRI_N_selected=fMRI_2.mat;discarded=fMRI_2.mat;vars=Stim_order_selected;discarded_dated_seq_secondary_to_fMRI_N;priority_runs_random_selected=runs_random.mat;discarded=runs_random.mat;vars=paradigm;vbl	high
sub-012	ses-01	01	July-12-2023_10-26-49_AM__scan_info_for_subject_SUBC12__selected_run_is_1__fmri_number_is1.mat;fMRI_1.mat;runs_random.mat	July-12-2023_10-26-49_AM__scan_info_for_subject_SUBC12__selected_run_is_1__fmri_number_is1.mat;fMRI_1.mat;July-12-2023_10-21-10_AM__Subject_is_SUBC12__sequence_of_stimuli_for_fMRI_number_1_is_11   6  10  12   1   5   9   2   4   7   3   8.mat;runs_random.mat	priority_scan_info_selected=July-12-2023_10-26-49_AM__scan_info_for_subject_SUBC12__selected_run_is_1__fmri_number_is1.mat;discarded=July-12-2023_10-26-49_AM__scan_info_for_subject_SUBC12__selected_run_is_1__fmri_number_is1.mat;vars=triggerTimes;vbl;priority_fMRI_N_selected=fMRI_1.mat;discarded=fMRI_1.mat;vars=Stim_order_selected;discarded_dated_seq_secondary_to_fMRI_N;priority_runs_random_selected=runs_random.mat;discarded=runs_random.mat;vars=paradigm;vbl	high
sub-012	ses-01	02	July-12-2023_10-31-07_AM__scan_info_for_subject_SUBC12__selected_run_is_4__fmri_number_is2.mat;fMRI_2.mat;runs_random.mat	July-12-2023_10-31-07_AM__scan_info_for_subject_SUBC12__selected_run_is_4__fmri_number_is2.mat;fMRI_2.mat;July-12-2023_10-27-02_AM__Subject_is_SUBC12__sequence_of_stimuli_for_fMRI_number_2_is_6   9  10   3   7   5   1  12   8   4   2  11.mat;runs_random.mat	priority_scan_info_selected=July-12-2023_10-31-07_AM__scan_info_for_subject_SUBC12__selected_run_is_4__fmri_number_is2.mat;discarded=July-12-2023_10-31-07_AM__scan_info_for_subject_SUBC12__selected_run_is_4__fmri_number_is2.mat;vars=triggerTimes;vbl;priority_fMRI_N_selected=fMRI_2.mat;discarded=fMRI_2.mat;vars=Stim_order_selected;discarded_dated_seq_secondary_to_fMRI_N;priority_runs_random_selected=runs_random.mat;discarded=runs_random.mat;vars=paradigm;vbl	high
sub-012	ses-01	03	July-12-2023_10-36-23_AM__scan_info_for_subject_SUBC12__selected_run_is_2__fmri_number_is3.mat;fMRI_3.mat;runs_random.mat	July-12-2023_10-36-23_AM__scan_info_for_subject_SUBC12__selected_run_is_2__fmri_number_is3.mat;fMRI_3.mat;July-12-2023_10-32-25_AM__Subject_is_SUBC12__sequence_of_stimuli_for_fMRI_number_3_is_3   1   7   8   9   4  12  11   6   2  10   5.mat;runs_random.mat	priority_scan_info_selected=July-12-2023_10-36-23_AM__scan_info_for_subject_SUBC12__selected_run_is_2__fmri_number_is3.mat;discarded=July-12-2023_10-36-23_AM__scan_info_for_subject_SUBC12__selected_run_is_2__fmri_number_is3.mat;vars=triggerTimes;vbl;priority_fMRI_N_selected=fMRI_3.mat;discarded=fMRI_3.mat;vars=Stim_order_selected;discarded_dated_seq_secondary_to_fMRI_N;priority_runs_random_selected=runs_random.mat;discarded=runs_random.mat;vars=paradigm;vbl	high
sub-012	ses-01	04	July-12-2023_10-41-26_AM__scan_info_for_subject_SUBC12__selected_run_is_5__fmri_number_is4.mat;fMRI_4.mat;runs_random.mat	July-12-2023_10-41-26_AM__scan_info_for_subject_SUBC12__selected_run_is_5__fmri_number_is4.mat;fMRI_4.mat;July-12-2023_10-37-20_AM__Subject_is_SUBC12__sequence_of_stimuli_for_fMRI_number_4_is_12   3  10   6  11   7   1   2   5   8   9   4.mat;runs_random.mat	priority_scan_info_selected=July-12-2023_10-41-26_AM__scan_info_for_subject_SUBC12__selected_run_is_5__fmri_number_is4.mat;discarded=July-12-2023_10-41-26_AM__scan_info_for_subject_SUBC12__selected_run_is_5__fmri_number_is4.mat;vars=triggerTimes;vbl;priority_fMRI_N_selected=fMRI_4.mat;discarded=fMRI_4.mat;vars=Stim_order_selected;discarded_dated_seq_secondary_to_fMRI_N;priority_runs_random_selected=runs_random.mat;discarded=runs_random.mat;vars=paradigm;vbl	high
sub-012	ses-01	05	July-12-2023_10-45-49_AM__scan_info_for_subject_SUBC12__selected_run_is_3__fmri_number_is5.mat;fMRI_5.mat;runs_random.mat	July-12-2023_10-45-49_AM__scan_info_for_subject_SUBC12__selected_run_is_3__fmri_number_is5.mat;fMRI_5.mat;July-12-2023_10-41-48_AM__Subject_is_SUBC12__sequence_of_stimuli_for_fMRI_number_5_is_2   8   5   3   7  10   4   9   1   6  11  12.mat;runs_random.mat	priority_scan_info_selected=July-12-2023_10-45-49_AM__scan_info_for_subject_SUBC12__selected_run_is_3__fmri_number_is5.mat;discarded=July-12-2023_10-45-49_AM__scan_info_for_subject_SUBC12__selected_run_is_3__fmri_number_is5.mat;vars=triggerTimes;vbl;priority_fMRI_N_selected=fMRI_5.mat;discarded=fMRI_5.mat;vars=Stim_order_selected;discarded_dated_seq_secondary_to_fMRI_N;priority_runs_random_selected=runs_random.mat;discarded=runs_random.mat;vars=paradigm;vbl	high
sub-012	ses-01	06	runs_random.mat	runs_random.mat	priority_runs_random_selected=runs_random.mat;discarded=runs_random.mat;vars=paradigm;vbl;insufficient_for_events	low
sub-012	ses-01	07	runs_random.mat	runs_random.mat	priority_runs_random_selected=runs_random.mat;discarded=runs_random.mat;vars=paradigm;vbl;insufficient_for_events	low
sub-012	ses-01	08	runs_random.mat	runs_random.mat	priority_runs_random_selected=runs_random.mat;discarded=runs_random.mat;vars=paradigm;vbl;insufficient_for_events	low
sub-012	ses-01	03	July-12-2023_10-36-23_AM__scan_info_for_subject_SUBC12__selected_run_is_2__fmri_number_is3.mat;fMRI_3.mat;runs_random.mat	July-12-2023_10-36-23_AM__scan_info_for_subject_SUBC12__selected_run_is_2__fmri_number_is3.mat;fMRI_3.mat;July-12-2023_10-32-25_AM__Subject_is_SUBC12__sequence_of_stimuli_for_fMRI_number_3_is_3   1   7   8   9   4  12  11   6   2  10   5.mat;runs_random.mat	priority_scan_info_selected=July-12-2023_10-36-23_AM__scan_info_for_subject_SUBC12__selected_run_is_2__fmri_number_is3.mat;discarded=July-12-2023_10-36-23_AM__scan_info_for_subject_SUBC12__selected_run_is_2__fmri_number_is3.mat;vars=triggerTimes;vbl;priority_fMRI_N_selected=fMRI_3.mat;discarded=fMRI_3.mat;vars=Stim_order_selected;discarded_dated_seq_secondary_to_fMRI_N;priority_runs_random_selected=runs_random.mat;discarded=runs_random.mat;vars=paradigm;vbl	high
sub-012	ses-01	04	July-12-2023_10-41-26_AM__scan_info_for_subject_SUBC12__selected_run_is_5__fmri_number_is4.mat;fMRI_4.mat;runs_random.mat	July-12-2023_10-41-26_AM__scan_info_for_subject_SUBC12__selected_run_is_5__fmri_number_is4.mat;fMRI_4.mat;July-12-2023_10-37-20_AM__Subject_is_SUBC12__sequence_of_stimuli_for_fMRI_number_4_is_12   3  10   6  11   7   1   2   5   8   9   4.mat;runs_random.mat	priority_scan_info_selected=July-12-2023_10-41-26_AM__scan_info_for_subject_SUBC12__selected_run_is_5__fmri_number_is4.mat;discarded=July-12-2023_10-41-26_AM__scan_info_for_subject_SUBC12__selected_run_is_5__fmri_number_is4.mat;vars=triggerTimes;vbl;priority_fMRI_N_selected=fMRI_4.mat;discarded=fMRI_4.mat;vars=Stim_order_selected;discarded_dated_seq_secondary_to_fMRI_N;priority_runs_random_selected=runs_random.mat;discarded=runs_random.mat;vars=paradigm;vbl	high
sub-012	ses-01	05	July-12-2023_10-45-49_AM__scan_info_for_subject_SUBC12__selected_run_is_3__fmri_number_is5.mat;fMRI_5.mat;runs_random.mat	July-12-2023_10-45-49_AM__scan_info_for_subject_SUBC12__selected_run_is_3__fmri_number_is5.mat;fMRI_5.mat;July-12-2023_10-41-48_AM__Subject_is_SUBC12__sequence_of_stimuli_for_fMRI_number_5_is_2   8   5   3   7  10   4   9   1   6  11  12.mat;runs_random.mat	priority_scan_info_selected=July-12-2023_10-45-49_AM__scan_info_for_subject_SUBC12__selected_run_is_3__fmri_number_is5.mat;discarded=July-12-2023_10-45-49_AM__scan_info_for_subject_SUBC12__selected_run_is_3__fmri_number_is5.mat;vars=triggerTimes;vbl;priority_fMRI_N_selected=fMRI_5.mat;discarded=fMRI_5.mat;vars=Stim_order_selected;discarded_dated_seq_secondary_to_fMRI_N;priority_runs_random_selected=runs_random.mat;discarded=runs_random.mat;vars=paradigm;vbl	high
sub-012	ses-01	06	runs_random.mat	runs_random.mat	priority_runs_random_selected=runs_random.mat;discarded=runs_random.mat;vars=paradigm;vbl;insufficient_for_events	low
sub-012	ses-01	09	runs_random.mat	runs_random.mat	priority_runs_random_selected=runs_random.mat;discarded=runs_random.mat;vars=paradigm;vbl;insufficient_for_events	low
sub-012	ses-01	10	runs_random.mat	runs_random.mat	priority_runs_random_selected=runs_random.mat;discarded=runs_random.mat;vars=paradigm;vbl;insufficient_for_events	low
sub-012	ses-02	01	January-09-2024_11-29-37_AM__scan_info_for_subject_SUBC12__selected_run_is_1__fmri_number_is1.mat;fMRI_1.mat;runs_random.mat	January-09-2024_11-22-57_AM__Subject_is_SUBC12__sequence_of_stimuli_for_fMRI_number_1_is_11   6  10  12   1   5   9   2   4   7   3   8.mat	unique_scan_info;unique_fMRI_N;discarded_dated_seq_secondary_to_fMRI_N;unique_runs_random	high
sub-012	ses-02	02	January-09-2024_11-33-58_AM__scan_info_for_subject_SUBC12-session2__selected_run_is_4__fmri_number_is2.mat;fMRI_2.mat;runs_random.mat	January-09-2024_11-30-02_AM__Subject_is_SUBC12-session2__sequence_of_stimuli_for_fMRI_number_2_is_6   9  10   3   7   5   1  12   8   4   2  11.mat	unique_scan_info;unique_fMRI_N;discarded_dated_seq_secondary_to_fMRI_N;unique_runs_random	high
sub-012	ses-02	03	January-09-2024_11-38-09_AM__scan_info_for_subject_SUBC12_Session1__selected_run_is_2__fmri_number_is3.mat;fMRI_3.mat;runs_random.mat	January-09-2024_11-34-11_AM__Subject_is_SUBC12_Session1__sequence_of_stimuli_for_fMRI_number_3_is_3   1   7   8   9   4  12  11   6   2  10   5.mat	unique_scan_info;unique_fMRI_N;discarded_dated_seq_secondary_to_fMRI_N;unique_runs_random	high
sub-012	ses-02	04	January-09-2024_11-42-16_AM__scan_info_for_subject_SUBC12_session01__selected_run_is_5__fmri_number_is4.mat;fMRI_4.mat;runs_random.mat	January-09-2024_11-38-24_AM__Subject_is_SUBC12_session01__sequence_of_stimuli_for_fMRI_number_4_is_12   3  10   6  11   7   1   2   5   8   9   4.mat	unique_scan_info;unique_fMRI_N;discarded_dated_seq_secondary_to_fMRI_N;unique_runs_random	high
sub-012	ses-02	01	January-09-2024_11-29-37_AM__scan_info_for_subject_SUBC12__selected_run_is_1__fmri_number_is1.mat;fMRI_1.mat;runs_random.mat	January-09-2024_11-22-57_AM__Subject_is_SUBC12__sequence_of_stimuli_for_fMRI_number_1_is_11   6  10  12   1   5   9   2   4   7   3   8.mat	unique_scan_info;unique_fMRI_N;discarded_dated_seq_secondary_to_fMRI_N;unique_runs_random	high
sub-012	ses-02	02	January-09-2024_11-33-58_AM__scan_info_for_subject_SUBC12-session2__selected_run_is_4__fmri_number_is2.mat;fMRI_2.mat;runs_random.mat	January-09-2024_11-30-02_AM__Subject_is_SUBC12-session2__sequence_of_stimuli_for_fMRI_number_2_is_6   9  10   3   7   5   1  12   8   4   2  11.mat	unique_scan_info;unique_fMRI_N;discarded_dated_seq_secondary_to_fMRI_N;unique_runs_random	high
sub-012	ses-02	05	runs_random.mat		unique_runs_random;insufficient_for_events	low
sub-012	ses-02	06	runs_random.mat		unique_runs_random;insufficient_for_events	low
sub-012	ses-02	03	January-09-2024_11-38-09_AM__scan_info_for_subject_SUBC12_Session1__selected_run_is_2__fmri_number_is3.mat;fMRI_3.mat;runs_random.mat	January-09-2024_11-34-11_AM__Subject_is_SUBC12_Session1__sequence_of_stimuli_for_fMRI_number_3_is_3   1   7   8   9   4  12  11   6   2  10   5.mat	unique_scan_info;unique_fMRI_N;discarded_dated_seq_secondary_to_fMRI_N;unique_runs_random	high
sub-012	ses-02	04	January-09-2024_11-42-16_AM__scan_info_for_subject_SUBC12_session01__selected_run_is_5__fmri_number_is4.mat;fMRI_4.mat;runs_random.mat	January-09-2024_11-38-24_AM__Subject_is_SUBC12_session01__sequence_of_stimuli_for_fMRI_number_4_is_12   3  10   6  11   7   1   2   5   8   9   4.mat	unique_scan_info;unique_fMRI_N;discarded_dated_seq_secondary_to_fMRI_N;unique_runs_random	high
sub-012	ses-02	05	runs_random.mat		unique_runs_random;insufficient_for_events	low
sub-012	ses-02	06	runs_random.mat		unique_runs_random;insufficient_for_events	low
sub-012	ses-02	07	runs_random.mat		unique_runs_random;insufficient_for_events	low
sub-012	ses-02	08	runs_random.mat		unique_runs_random;insufficient_for_events	low
sub-013	ses-01	01	July-17-2023_10-46-19_AM__scan_info_for_subject_13__selected_run_is_1__fmri_number_is1.mat;fMRI_1.mat;runs_random.mat	July-17-2023_10-46-19_AM__scan_info_for_subject_13__selected_run_is_1__fmri_number_is1.mat;fMRI_1.mat;July-17-2023_10-41-22_AM__Subject_is_13__sequence_of_stimuli_for_fMRI_number_1_is_11   6  10  12   1   5   9   2   4   7   3   8.mat;runs_random.mat	priority_scan_info_selected=July-17-2023_10-46-19_AM__scan_info_for_subject_13__selected_run_is_1__fmri_number_is1.mat;discarded=July-17-2023_10-46-19_AM__scan_info_for_subject_13__selected_run_is_1__fmri_number_is1.mat;vars=triggerTimes;vbl;priority_fMRI_N_selected=fMRI_1.mat;discarded=fMRI_1.mat;vars=Stim_order_selected;discarded_dated_seq_secondary_to_fMRI_N;priority_runs_random_selected=runs_random.mat;discarded=runs_random.mat;vars=paradigm;vbl	high
sub-013	ses-01	02	fMRI_2.mat;runs_random.mat	fMRI_2.mat;July-17-2023_10-46-36_AM__Subject_is_13__sequence_of_stimuli_for_fMRI_number_2_is_6   9  10   3   7   5   1  12   8   4   2  11.mat;runs_random.mat	priority_fMRI_N_selected=fMRI_2.mat;discarded=fMRI_2.mat;vars=Stim_order_selected;discarded_dated_seq_secondary_to_fMRI_N;priority_runs_random_selected=runs_random.mat;discarded=runs_random.mat;vars=paradigm;vbl	medium
sub-013	ses-01	01	July-17-2023_10-46-19_AM__scan_info_for_subject_13__selected_run_is_1__fmri_number_is1.mat;fMRI_1.mat;runs_random.mat	July-17-2023_10-46-19_AM__scan_info_for_subject_13__selected_run_is_1__fmri_number_is1.mat;fMRI_1.mat;July-17-2023_10-41-22_AM__Subject_is_13__sequence_of_stimuli_for_fMRI_number_1_is_11   6  10  12   1   5   9   2   4   7   3   8.mat;runs_random.mat	priority_scan_info_selected=July-17-2023_10-46-19_AM__scan_info_for_subject_13__selected_run_is_1__fmri_number_is1.mat;discarded=July-17-2023_10-46-19_AM__scan_info_for_subject_13__selected_run_is_1__fmri_number_is1.mat;vars=triggerTimes;vbl;priority_fMRI_N_selected=fMRI_1.mat;discarded=fMRI_1.mat;vars=Stim_order_selected;discarded_dated_seq_secondary_to_fMRI_N;priority_runs_random_selected=runs_random.mat;discarded=runs_random.mat;vars=paradigm;vbl	high
sub-013	ses-01	02	fMRI_2.mat;runs_random.mat	fMRI_2.mat;July-17-2023_10-46-36_AM__Subject_is_13__sequence_of_stimuli_for_fMRI_number_2_is_6   9  10   3   7   5   1  12   8   4   2  11.mat;runs_random.mat	priority_fMRI_N_selected=fMRI_2.mat;discarded=fMRI_2.mat;vars=Stim_order_selected;discarded_dated_seq_secondary_to_fMRI_N;priority_runs_random_selected=runs_random.mat;discarded=runs_random.mat;vars=paradigm;vbl	medium
sub-013	ses-01	03	July-17-2023_10-58-04_AM__scan_info_for_subject_subc13__selected_run_is_2__fmri_number_is3.mat;fMRI_3.mat;runs_random.mat	July-17-2023_10-58-04_AM__scan_info_for_subject_subc13__selected_run_is_2__fmri_number_is3.mat;fMRI_3.mat;July-17-2023_10-54-04_AM__Subject_is_subc13__sequence_of_stimuli_for_fMRI_number_3_is_3   1   7   8   9   4  12  11   6   2  10   5.mat;runs_random.mat	priority_scan_info_selected=July-17-2023_10-58-04_AM__scan_info_for_subject_subc13__selected_run_is_2__fmri_number_is3.mat;discarded=July-17-2023_10-58-04_AM__scan_info_for_subject_subc13__selected_run_is_2__fmri_number_is3.mat;vars=triggerTimes;vbl;priority_fMRI_N_selected=fMRI_3.mat;discarded=fMRI_3.mat;vars=Stim_order_selected;discarded_dated_seq_secondary_to_fMRI_N;priority_runs_random_selected=runs_random.mat;discarded=runs_random.mat;vars=paradigm;vbl	high
sub-013	ses-01	04	July-17-2023_11-02-09_AM__scan_info_for_subject_subc13__selected_run_is_5__fmri_number_is4.mat;fMRI_4.mat;runs_random.mat	July-17-2023_11-02-09_AM__scan_info_for_subject_subc13__selected_run_is_5__fmri_number_is4.mat;fMRI_4.mat;July-17-2023_10-58-20_AM__Subject_is_subc13__sequence_of_stimuli_for_fMRI_number_4_is_12   3  10   6  11   7   1   2   5   8   9   4.mat;runs_random.mat	priority_scan_info_selected=July-17-2023_11-02-09_AM__scan_info_for_subject_subc13__selected_run_is_5__fmri_number_is4.mat;discarded=July-17-2023_11-02-09_AM__scan_info_for_subject_subc13__selected_run_is_5__fmri_number_is4.mat;vars=triggerTimes;vbl;priority_fMRI_N_selected=fMRI_4.mat;discarded=fMRI_4.mat;vars=Stim_order_selected;discarded_dated_seq_secondary_to_fMRI_N;priority_runs_random_selected=runs_random.mat;discarded=runs_random.mat;vars=paradigm;vbl	high
sub-013	ses-01	05	runs_random.mat	runs_random.mat	priority_runs_random_selected=runs_random.mat;discarded=runs_random.mat;vars=paradigm;vbl;insufficient_for_events	low
sub-013	ses-01	06	runs_random.mat	runs_random.mat	priority_runs_random_selected=runs_random.mat;discarded=runs_random.mat;vars=paradigm;vbl;insufficient_for_events	low
sub-013	ses-01	03	July-17-2023_10-58-04_AM__scan_info_for_subject_subc13__selected_run_is_2__fmri_number_is3.mat;fMRI_3.mat;runs_random.mat	July-17-2023_10-58-04_AM__scan_info_for_subject_subc13__selected_run_is_2__fmri_number_is3.mat;fMRI_3.mat;July-17-2023_10-54-04_AM__Subject_is_subc13__sequence_of_stimuli_for_fMRI_number_3_is_3   1   7   8   9   4  12  11   6   2  10   5.mat;runs_random.mat	priority_scan_info_selected=July-17-2023_10-58-04_AM__scan_info_for_subject_subc13__selected_run_is_2__fmri_number_is3.mat;discarded=July-17-2023_10-58-04_AM__scan_info_for_subject_subc13__selected_run_is_2__fmri_number_is3.mat;vars=triggerTimes;vbl;priority_fMRI_N_selected=fMRI_3.mat;discarded=fMRI_3.mat;vars=Stim_order_selected;discarded_dated_seq_secondary_to_fMRI_N;priority_runs_random_selected=runs_random.mat;discarded=runs_random.mat;vars=paradigm;vbl	high
sub-013	ses-01	04	July-17-2023_11-02-09_AM__scan_info_for_subject_subc13__selected_run_is_5__fmri_number_is4.mat;fMRI_4.mat;runs_random.mat	July-17-2023_11-02-09_AM__scan_info_for_subject_subc13__selected_run_is_5__fmri_number_is4.mat;fMRI_4.mat;July-17-2023_10-58-20_AM__Subject_is_subc13__sequence_of_stimuli_for_fMRI_number_4_is_12   3  10   6  11   7   1   2   5   8   9   4.mat;runs_random.mat	priority_scan_info_selected=July-17-2023_11-02-09_AM__scan_info_for_subject_subc13__selected_run_is_5__fmri_number_is4.mat;discarded=July-17-2023_11-02-09_AM__scan_info_for_subject_subc13__selected_run_is_5__fmri_number_is4.mat;vars=triggerTimes;vbl;priority_fMRI_N_selected=fMRI_4.mat;discarded=fMRI_4.mat;vars=Stim_order_selected;discarded_dated_seq_secondary_to_fMRI_N;priority_runs_random_selected=runs_random.mat;discarded=runs_random.mat;vars=paradigm;vbl	high
sub-013	ses-01	05	runs_random.mat	runs_random.mat	priority_runs_random_selected=runs_random.mat;discarded=runs_random.mat;vars=paradigm;vbl;insufficient_for_events	low
sub-013	ses-01	06	runs_random.mat	runs_random.mat	priority_runs_random_selected=runs_random.mat;discarded=runs_random.mat;vars=paradigm;vbl;insufficient_for_events	low
sub-013	ses-01	07	runs_random.mat	runs_random.mat	priority_runs_random_selected=runs_random.mat;discarded=runs_random.mat;vars=paradigm;vbl;insufficient_for_events	low
sub-013	ses-01	08	runs_random.mat	runs_random.mat	priority_runs_random_selected=runs_random.mat;discarded=runs_random.mat;vars=paradigm;vbl;insufficient_for_events	low
sub-014	ses-01	01	July-19-2023_ 1-46-16_PM__scan_info_for_subject_c14__selected_run_is_1__fmri_number_is1.mat;fMRI_1.mat;runs_random.mat	July-19-2023_ 1-41-18_PM__Subject_is_c14__sequence_of_stimuli_for_fMRI_number_1_is_11   6  10  12   1   5   9   2   4   7   3   8.mat	unique_scan_info;unique_fMRI_N;discarded_dated_seq_secondary_to_fMRI_N;unique_runs_random	high
sub-014	ses-01	02	July-19-2023_ 1-50-55_PM__scan_info_for_subject_c14__selected_run_is_4__fmri_number_is2.mat;fMRI_2.mat;runs_random.mat	July-19-2023_ 1-46-44_PM__Subject_is_c14__sequence_of_stimuli_for_fMRI_number_2_is_6   9  10   3   7   5   1  12   8   4   2  11.mat	unique_scan_info;unique_fMRI_N;discarded_dated_seq_secondary_to_fMRI_N;unique_runs_random	high
sub-014	ses-01	01	July-19-2023_ 1-46-16_PM__scan_info_for_subject_c14__selected_run_is_1__fmri_number_is1.mat;fMRI_1.mat;runs_random.mat	July-19-2023_ 1-41-18_PM__Subject_is_c14__sequence_of_stimuli_for_fMRI_number_1_is_11   6  10  12   1   5   9   2   4   7   3   8.mat	unique_scan_info;unique_fMRI_N;discarded_dated_seq_secondary_to_fMRI_N;unique_runs_random	high
sub-014	ses-01	02	July-19-2023_ 1-50-55_PM__scan_info_for_subject_c14__selected_run_is_4__fmri_number_is2.mat;fMRI_2.mat;runs_random.mat	July-19-2023_ 1-46-44_PM__Subject_is_c14__sequence_of_stimuli_for_fMRI_number_2_is_6   9  10   3   7   5   1  12   8   4   2  11.mat	unique_scan_info;unique_fMRI_N;discarded_dated_seq_secondary_to_fMRI_N;unique_runs_random	high
sub-014	ses-01	03	July-19-2023_ 1-56-33_PM__scan_info_for_subject_c14__selected_run_is_2__fmri_number_is3.mat;fMRI_3.mat;runs_random.mat	July-19-2023_ 1-52-18_PM__Subject_is_c14__sequence_of_stimuli_for_fMRI_number_3_is_3   1   7   8   9   4  12  11   6   2  10   5.mat	unique_scan_info;unique_fMRI_N;discarded_dated_seq_secondary_to_fMRI_N;unique_runs_random	high
sub-014	ses-01	04	July-19-2023_ 2-00-59_PM__scan_info_for_subject_c14__selected_run_is_5__fmri_number_is4.mat;fMRI_4.mat;runs_random.mat	July-19-2023_ 1-56-54_PM__Subject_is_c14__sequence_of_stimuli_for_fMRI_number_4_is_12   3  10   6  11   7   1   2   5   8   9   4.mat	unique_scan_info;unique_fMRI_N;discarded_dated_seq_secondary_to_fMRI_N;unique_runs_random	high
sub-014	ses-01	05	runs_random.mat		unique_runs_random;insufficient_for_events	low
sub-014	ses-01	06	runs_random.mat		unique_runs_random;insufficient_for_events	low
sub-014	ses-01	03	July-19-2023_ 1-56-33_PM__scan_info_for_subject_c14__selected_run_is_2__fmri_number_is3.mat;fMRI_3.mat;runs_random.mat	July-19-2023_ 1-52-18_PM__Subject_is_c14__sequence_of_stimuli_for_fMRI_number_3_is_3   1   7   8   9   4  12  11   6   2  10   5.mat	unique_scan_info;unique_fMRI_N;discarded_dated_seq_secondary_to_fMRI_N;unique_runs_random	high
sub-014	ses-01	04	July-19-2023_ 2-00-59_PM__scan_info_for_subject_c14__selected_run_is_5__fmri_number_is4.mat;fMRI_4.mat;runs_random.mat	July-19-2023_ 1-56-54_PM__Subject_is_c14__sequence_of_stimuli_for_fMRI_number_4_is_12   3  10   6  11   7   1   2   5   8   9   4.mat	unique_scan_info;unique_fMRI_N;discarded_dated_seq_secondary_to_fMRI_N;unique_runs_random	high
sub-014	ses-01	05	runs_random.mat		unique_runs_random;insufficient_for_events	low
sub-014	ses-01	06	runs_random.mat		unique_runs_random;insufficient_for_events	low
sub-014	ses-01	07	runs_random.mat		unique_runs_random;insufficient_for_events	low
sub-014	ses-01	08	runs_random.mat		unique_runs_random;insufficient_for_events	low
sub-015	ses-01	01	August-07-2023_ 9-56-35_AM__scan_info_for_subject_015__selected_run_is_1__fmri_number_is1.mat;fMRI_1.mat;runs_random.mat	August-07-2023_ 9-48-58_AM__Subject_is_015__sequence_of_stimuli_for_fMRI_number_1_is_11   6  10  12   1   5   9   2   4   7   3   8.mat	unique_scan_info;unique_fMRI_N;discarded_dated_seq_secondary_to_fMRI_N;unique_runs_random	high
sub-015	ses-01	02	August-07-2023_10-01-58_AM__scan_info_for_subject_015__selected_run_is_4__fmri_number_is2.mat;fMRI_2.mat;runs_random.mat	August-07-2023_ 9-57-35_AM__Subject_is_015__sequence_of_stimuli_for_fMRI_number_2_is_6   9  10   3   7   5   1  12   8   4   2  11.mat	unique_scan_info;unique_fMRI_N;discarded_dated_seq_secondary_to_fMRI_N;unique_runs_random	high
sub-015	ses-01	01	August-07-2023_ 9-56-35_AM__scan_info_for_subject_015__selected_run_is_1__fmri_number_is1.mat;fMRI_1.mat;runs_random.mat	August-07-2023_ 9-48-58_AM__Subject_is_015__sequence_of_stimuli_for_fMRI_number_1_is_11   6  10  12   1   5   9   2   4   7   3   8.mat	unique_scan_info;unique_fMRI_N;discarded_dated_seq_secondary_to_fMRI_N;unique_runs_random	high
sub-015	ses-01	02	August-07-2023_10-01-58_AM__scan_info_for_subject_015__selected_run_is_4__fmri_number_is2.mat;fMRI_2.mat;runs_random.mat	August-07-2023_ 9-57-35_AM__Subject_is_015__sequence_of_stimuli_for_fMRI_number_2_is_6   9  10   3   7   5   1  12   8   4   2  11.mat	unique_scan_info;unique_fMRI_N;discarded_dated_seq_secondary_to_fMRI_N;unique_runs_random	high
sub-015	ses-01	03	August-07-2023_10-07-22_AM__scan_info_for_subject_015__selected_run_is_2__fmri_number_is3.mat;fMRI_3.mat;runs_random.mat	August-07-2023_10-03-06_AM__Subject_is_015__sequence_of_stimuli_for_fMRI_number_3_is_3   1   7   8   9   4  12  11   6   2  10   5.mat	unique_scan_info;unique_fMRI_N;discarded_dated_seq_secondary_to_fMRI_N;unique_runs_random	high
sub-015	ses-01	04	August-07-2023_10-11-45_AM__scan_info_for_subject_015__selected_run_is_5__fmri_number_is4.mat;fMRI_4.mat;runs_random.mat	August-07-2023_10-07-51_AM__Subject_is_015__sequence_of_stimuli_for_fMRI_number_4_is_12   3  10   6  11   7   1   2   5   8   9   4.mat	unique_scan_info;unique_fMRI_N;discarded_dated_seq_secondary_to_fMRI_N;unique_runs_random	high
sub-015	ses-01	05	runs_random.mat		unique_runs_random;insufficient_for_events	low
sub-015	ses-01	06	runs_random.mat		unique_runs_random;insufficient_for_events	low
sub-015	ses-01	03	August-07-2023_10-07-22_AM__scan_info_for_subject_015__selected_run_is_2__fmri_number_is3.mat;fMRI_3.mat;runs_random.mat	August-07-2023_10-03-06_AM__Subject_is_015__sequence_of_stimuli_for_fMRI_number_3_is_3   1   7   8   9   4  12  11   6   2  10   5.mat	unique_scan_info;unique_fMRI_N;discarded_dated_seq_secondary_to_fMRI_N;unique_runs_random	high
sub-015	ses-01	04	August-07-2023_10-11-45_AM__scan_info_for_subject_015__selected_run_is_5__fmri_number_is4.mat;fMRI_4.mat;runs_random.mat	August-07-2023_10-07-51_AM__Subject_is_015__sequence_of_stimuli_for_fMRI_number_4_is_12   3  10   6  11   7   1   2   5   8   9   4.mat	unique_scan_info;unique_fMRI_N;discarded_dated_seq_secondary_to_fMRI_N;unique_runs_random	high
sub-015	ses-01	05	runs_random.mat		unique_runs_random;insufficient_for_events	low
sub-015	ses-01	06	runs_random.mat		unique_runs_random;insufficient_for_events	low
sub-015	ses-01	07	runs_random.mat		unique_runs_random;insufficient_for_events	low
sub-015	ses-01	08	runs_random.mat		unique_runs_random;insufficient_for_events	low
sub-015	ses-01	07	runs_random.mat		unique_runs_random;insufficient_for_events	low
sub-015	ses-01	08	runs_random.mat		unique_runs_random;insufficient_for_events	low
sub-015	ses-02	01	February-08-2024_ 4-43-49_PM__scan_info_for_subject_SUBC15_Session2__selected_run_is_1__fmri_number_is1.mat;fMRI_1.mat;runs_random.mat	February-08-2024_ 4-37-28_PM__Subject_is_SUBC15_Session2__sequence_of_stimuli_for_fMRI_number_1_is_11   6  10  12   1   5   9   2   4   7   3   8.mat	unique_scan_info;unique_fMRI_N;discarded_dated_seq_secondary_to_fMRI_N;unique_runs_random	high
sub-015	ses-02	02	February-08-2024_ 4-48-10_PM__scan_info_for_subject_SUBC15-session2__selected_run_is_4__fmri_number_is2.mat;fMRI_2.mat;runs_random.mat	February-08-2024_ 4-44-17_PM__Subject_is_SUBC15-session2__sequence_of_stimuli_for_fMRI_number_2_is_6   9  10   3   7   5   1  12   8   4   2  11.mat	unique_scan_info;unique_fMRI_N;discarded_dated_seq_secondary_to_fMRI_N;unique_runs_random	high
sub-015	ses-02	03	February-08-2024_ 4-53-59_PM__scan_info_for_subject_SUBC15-session2__selected_run_is_2__fmri_number_is3.mat;fMRI_3.mat;runs_random.mat	February-08-2024_ 4-49-00_PM__Subject_is_SUBC15-session2__sequence_of_stimuli_for_fMRI_number_3_is_3   1   7   8   9   4  12  11   6   2  10   5.mat	unique_scan_info;unique_fMRI_N;discarded_dated_seq_secondary_to_fMRI_N;unique_runs_random	high
sub-015	ses-02	04	February-08-2024_ 4-58-11_PM__scan_info_for_subject_SUBC15-session2__selected_run_is_5__fmri_number_is4.mat;fMRI_4.mat;runs_random.mat	February-08-2024_ 4-54-16_PM__Subject_is_SUBC15-session2__sequence_of_stimuli_for_fMRI_number_4_is_12   3  10   6  11   7   1   2   5   8   9   4.mat	unique_scan_info;unique_fMRI_N;discarded_dated_seq_secondary_to_fMRI_N;unique_runs_random	high
sub-015	ses-02	01	February-08-2024_ 4-43-49_PM__scan_info_for_subject_SUBC15_Session2__selected_run_is_1__fmri_number_is1.mat;fMRI_1.mat;runs_random.mat	February-08-2024_ 4-37-28_PM__Subject_is_SUBC15_Session2__sequence_of_stimuli_for_fMRI_number_1_is_11   6  10  12   1   5   9   2   4   7   3   8.mat	unique_scan_info;unique_fMRI_N;discarded_dated_seq_secondary_to_fMRI_N;unique_runs_random	high
sub-015	ses-02	02	February-08-2024_ 4-48-10_PM__scan_info_for_subject_SUBC15-session2__selected_run_is_4__fmri_number_is2.mat;fMRI_2.mat;runs_random.mat	February-08-2024_ 4-44-17_PM__Subject_is_SUBC15-session2__sequence_of_stimuli_for_fMRI_number_2_is_6   9  10   3   7   5   1  12   8   4   2  11.mat	unique_scan_info;unique_fMRI_N;discarded_dated_seq_secondary_to_fMRI_N;unique_runs_random	high
sub-015	ses-02	05	runs_random.mat		unique_runs_random;insufficient_for_events	low
sub-015	ses-02	06	runs_random.mat		unique_runs_random;insufficient_for_events	low
sub-015	ses-02	03	February-08-2024_ 4-53-59_PM__scan_info_for_subject_SUBC15-session2__selected_run_is_2__fmri_number_is3.mat;fMRI_3.mat;runs_random.mat	February-08-2024_ 4-49-00_PM__Subject_is_SUBC15-session2__sequence_of_stimuli_for_fMRI_number_3_is_3   1   7   8   9   4  12  11   6   2  10   5.mat	unique_scan_info;unique_fMRI_N;discarded_dated_seq_secondary_to_fMRI_N;unique_runs_random	high
sub-015	ses-02	04	February-08-2024_ 4-58-11_PM__scan_info_for_subject_SUBC15-session2__selected_run_is_5__fmri_number_is4.mat;fMRI_4.mat;runs_random.mat	February-08-2024_ 4-54-16_PM__Subject_is_SUBC15-session2__sequence_of_stimuli_for_fMRI_number_4_is_12   3  10   6  11   7   1   2   5   8   9   4.mat	unique_scan_info;unique_fMRI_N;discarded_dated_seq_secondary_to_fMRI_N;unique_runs_random	high
sub-015	ses-02	05	runs_random.mat		unique_runs_random;insufficient_for_events	low
sub-015	ses-02	06	runs_random.mat		unique_runs_random;insufficient_for_events	low
sub-015	ses-02	07	runs_random.mat		unique_runs_random;insufficient_for_events	low
sub-015	ses-02	08	runs_random.mat		unique_runs_random;insufficient_for_events	low
sub-016	ses-01	01	August-08-2023_ 2-45-40_PM__scan_info_for_subject_cc16__selected_run_is_1__fmri_number_is1.mat;fMRI_1.mat;runs_random.mat	August-08-2023_ 2-39-10_PM__Subject_is_cc16__sequence_of_stimuli_for_fMRI_number_1_is_11   6  10  12   1   5   9   2   4   7   3   8.mat	unique_scan_info;unique_fMRI_N;discarded_dated_seq_secondary_to_fMRI_N;unique_runs_random	high
sub-016	ses-01	02	August-08-2023_ 2-50-36_PM__scan_info_for_subject_c16__selected_run_is_4__fmri_number_is2.mat;fMRI_2.mat;runs_random.mat	August-08-2023_ 2-46-03_PM__Subject_is_c16__sequence_of_stimuli_for_fMRI_number_2_is_6   9  10   3   7   5   1  12   8   4   2  11.mat	unique_scan_info;unique_fMRI_N;discarded_dated_seq_secondary_to_fMRI_N;unique_runs_random	high
sub-016	ses-01	01	August-08-2023_ 2-45-40_PM__scan_info_for_subject_cc16__selected_run_is_1__fmri_number_is1.mat;fMRI_1.mat;runs_random.mat	August-08-2023_ 2-39-10_PM__Subject_is_cc16__sequence_of_stimuli_for_fMRI_number_1_is_11   6  10  12   1   5   9   2   4   7   3   8.mat	unique_scan_info;unique_fMRI_N;discarded_dated_seq_secondary_to_fMRI_N;unique_runs_random	high
sub-016	ses-01	02	August-08-2023_ 2-50-36_PM__scan_info_for_subject_c16__selected_run_is_4__fmri_number_is2.mat;fMRI_2.mat;runs_random.mat	August-08-2023_ 2-46-03_PM__Subject_is_c16__sequence_of_stimuli_for_fMRI_number_2_is_6   9  10   3   7   5   1  12   8   4   2  11.mat	unique_scan_info;unique_fMRI_N;discarded_dated_seq_secondary_to_fMRI_N;unique_runs_random	high
sub-016	ses-01	03	August-08-2023_ 2-56-14_PM__scan_info_for_subject_c16__selected_run_is_2__fmri_number_is3.mat;fMRI_3.mat;runs_random.mat	August-08-2023_ 2-52-16_PM__Subject_is_c16__sequence_of_stimuli_for_fMRI_number_3_is_3   1   7   8   9   4  12  11   6   2  10   5.mat	unique_scan_info;unique_fMRI_N;discarded_dated_seq_secondary_to_fMRI_N;unique_runs_random	high
sub-016	ses-01	04	August-08-2023_ 3-00-35_PM__scan_info_for_subject_c16__selected_run_is_5__fmri_number_is4.mat;fMRI_4.mat;runs_random.mat	August-08-2023_ 2-56-38_PM__Subject_is_c16__sequence_of_stimuli_for_fMRI_number_4_is_12   3  10   6  11   7   1   2   5   8   9   4.mat	unique_scan_info;unique_fMRI_N;discarded_dated_seq_secondary_to_fMRI_N;unique_runs_random	high
sub-016	ses-01	05	runs_random.mat		unique_runs_random;insufficient_for_events	low
sub-016	ses-01	06	runs_random.mat		unique_runs_random;insufficient_for_events	low
sub-016	ses-01	03	August-08-2023_ 2-56-14_PM__scan_info_for_subject_c16__selected_run_is_2__fmri_number_is3.mat;fMRI_3.mat;runs_random.mat	August-08-2023_ 2-52-16_PM__Subject_is_c16__sequence_of_stimuli_for_fMRI_number_3_is_3   1   7   8   9   4  12  11   6   2  10   5.mat	unique_scan_info;unique_fMRI_N;discarded_dated_seq_secondary_to_fMRI_N;unique_runs_random	high
sub-016	ses-01	04	August-08-2023_ 3-00-35_PM__scan_info_for_subject_c16__selected_run_is_5__fmri_number_is4.mat;fMRI_4.mat;runs_random.mat	August-08-2023_ 2-56-38_PM__Subject_is_c16__sequence_of_stimuli_for_fMRI_number_4_is_12   3  10   6  11   7   1   2   5   8   9   4.mat	unique_scan_info;unique_fMRI_N;discarded_dated_seq_secondary_to_fMRI_N;unique_runs_random	high
sub-016	ses-01	05	runs_random.mat		unique_runs_random;insufficient_for_events	low
sub-016	ses-01	06	runs_random.mat		unique_runs_random;insufficient_for_events	low
sub-016	ses-01	07	runs_random.mat		unique_runs_random;insufficient_for_events	low
sub-016	ses-01	08	runs_random.mat		unique_runs_random;insufficient_for_events	low
sub-016	ses-02	01	February-07-2024_ 9-38-43_AM__scan_info_for_subject_c16__selected_run_is_1__fmri_number_is1.mat;fMRI_1.mat;runs_random.mat	February-07-2024_ 9-29-50_AM__Subject_is_c16__sequence_of_stimuli_for_fMRI_number_1_is_11   6  10  12   1   5   9   2   4   7   3   8.mat	unique_scan_info;unique_fMRI_N;discarded_dated_seq_secondary_to_fMRI_N;unique_runs_random	high
sub-016	ses-02	02	February-07-2024_ 9-43-02_AM__scan_info_for_subject_SUBC16-session2__selected_run_is_4__fmri_number_is2.mat;fMRI_2.mat;runs_random.mat	February-07-2024_ 9-39-06_AM__Subject_is_SUBC16-session2__sequence_of_stimuli_for_fMRI_number_2_is_6   9  10   3   7   5   1  12   8   4   2  11.mat	unique_scan_info;unique_fMRI_N;discarded_dated_seq_secondary_to_fMRI_N;unique_runs_random	high
sub-016	ses-02	03	February-07-2024_ 9-47-43_AM__scan_info_for_subject_SUBC16-session2__selected_run_is_2__fmri_number_is3.mat;fMRI_3.mat;runs_random.mat	February-07-2024_ 9-43-37_AM__Subject_is_SUBC16-session2__sequence_of_stimuli_for_fMRI_number_3_is_3   1   7   8   9   4  12  11   6   2  10   5.mat	unique_scan_info;unique_fMRI_N;discarded_dated_seq_secondary_to_fMRI_N;unique_runs_random	high
sub-016	ses-02	04	February-07-2024_ 9-53-38_AM__scan_info_for_subject_SUBC16-session2__selected_run_is_5__fmri_number_is4.mat;fMRI_4.mat;runs_random.mat	February-07-2024_ 9-49-48_AM__Subject_is_SUBC16-session2__sequence_of_stimuli_for_fMRI_number_4_is_12   3  10   6  11   7   1   2   5   8   9   4.mat	unique_scan_info;unique_fMRI_N;discarded_dated_seq_secondary_to_fMRI_N;unique_runs_random	high
sub-016	ses-02	01	February-07-2024_ 9-38-43_AM__scan_info_for_subject_c16__selected_run_is_1__fmri_number_is1.mat;fMRI_1.mat;runs_random.mat	February-07-2024_ 9-29-50_AM__Subject_is_c16__sequence_of_stimuli_for_fMRI_number_1_is_11   6  10  12   1   5   9   2   4   7   3   8.mat	unique_scan_info;unique_fMRI_N;discarded_dated_seq_secondary_to_fMRI_N;unique_runs_random	high
sub-016	ses-02	02	February-07-2024_ 9-43-02_AM__scan_info_for_subject_SUBC16-session2__selected_run_is_4__fmri_number_is2.mat;fMRI_2.mat;runs_random.mat	February-07-2024_ 9-39-06_AM__Subject_is_SUBC16-session2__sequence_of_stimuli_for_fMRI_number_2_is_6   9  10   3   7   5   1  12   8   4   2  11.mat	unique_scan_info;unique_fMRI_N;discarded_dated_seq_secondary_to_fMRI_N;unique_runs_random	high
sub-016	ses-02	05	runs_random.mat		unique_runs_random;insufficient_for_events	low
sub-016	ses-02	06	runs_random.mat		unique_runs_random;insufficient_for_events	low
sub-016	ses-02	07	runs_random.mat		unique_runs_random;insufficient_for_events	low
sub-016	ses-02	08	runs_random.mat		unique_runs_random;insufficient_for_events	low
sub-016	ses-02	03	February-07-2024_ 9-47-43_AM__scan_info_for_subject_SUBC16-session2__selected_run_is_2__fmri_number_is3.mat;fMRI_3.mat;runs_random.mat	February-07-2024_ 9-43-37_AM__Subject_is_SUBC16-session2__sequence_of_stimuli_for_fMRI_number_3_is_3   1   7   8   9   4  12  11   6   2  10   5.mat	unique_scan_info;unique_fMRI_N;discarded_dated_seq_secondary_to_fMRI_N;unique_runs_random	high
sub-016	ses-02	04	February-07-2024_ 9-53-38_AM__scan_info_for_subject_SUBC16-session2__selected_run_is_5__fmri_number_is4.mat;fMRI_4.mat;runs_random.mat	February-07-2024_ 9-49-48_AM__Subject_is_SUBC16-session2__sequence_of_stimuli_for_fMRI_number_4_is_12   3  10   6  11   7   1   2   5   8   9   4.mat	unique_scan_info;unique_fMRI_N;discarded_dated_seq_secondary_to_fMRI_N;unique_runs_random	high
sub-016	ses-02	05	runs_random.mat		unique_runs_random;insufficient_for_events	low
sub-016	ses-02	06	runs_random.mat		unique_runs_random;insufficient_for_events	low
sub-016	ses-02	09	runs_random.mat		unique_runs_random;insufficient_for_events	low
sub-016	ses-02	10	runs_random.mat		unique_runs_random;insufficient_for_events	low
sub-017	ses-01	01	August-18-2023_ 3-12-59_PM__scan_info_for_subject_SUBC17__selected_run_is_1__fmri_number_is1.mat;fMRI_1.mat;runs_random.mat	August-18-2023_ 3-07-04_PM__Subject_is_SUBC17__sequence_of_stimuli_for_fMRI_number_1_is_11   6  10  12   1   5   9   2   4   7   3   8.mat	unique_scan_info;unique_fMRI_N;discarded_dated_seq_secondary_to_fMRI_N;unique_runs_random	high
sub-017	ses-01	02	August-18-2023_ 3-17-23_PM__scan_info_for_subject_c17__selected_run_is_4__fmri_number_is2.mat;fMRI_2.mat;runs_random.mat	August-18-2023_ 3-13-29_PM__Subject_is_c17__sequence_of_stimuli_for_fMRI_number_2_is_6   9  10   3   7   5   1  12   8   4   2  11.mat	unique_scan_info;unique_fMRI_N;discarded_dated_seq_secondary_to_fMRI_N;unique_runs_random	high
sub-017	ses-01	01	August-18-2023_ 3-12-59_PM__scan_info_for_subject_SUBC17__selected_run_is_1__fmri_number_is1.mat;fMRI_1.mat;runs_random.mat	August-18-2023_ 3-07-04_PM__Subject_is_SUBC17__sequence_of_stimuli_for_fMRI_number_1_is_11   6  10  12   1   5   9   2   4   7   3   8.mat	unique_scan_info;unique_fMRI_N;discarded_dated_seq_secondary_to_fMRI_N;unique_runs_random	high
sub-017	ses-01	02	August-18-2023_ 3-17-23_PM__scan_info_for_subject_c17__selected_run_is_4__fmri_number_is2.mat;fMRI_2.mat;runs_random.mat	August-18-2023_ 3-13-29_PM__Subject_is_c17__sequence_of_stimuli_for_fMRI_number_2_is_6   9  10   3   7   5   1  12   8   4   2  11.mat	unique_scan_info;unique_fMRI_N;discarded_dated_seq_secondary_to_fMRI_N;unique_runs_random	high
sub-017	ses-01	03	August-18-2023_ 3-22-55_PM__scan_info_for_subject_subc17__selected_run_is_2__fmri_number_is3.mat;fMRI_3.mat;runs_random.mat	August-18-2023_ 3-18-50_PM__Subject_is_subc17__sequence_of_stimuli_for_fMRI_number_3_is_3   1   7   8   9   4  12  11   6   2  10   5.mat	unique_scan_info;unique_fMRI_N;discarded_dated_seq_secondary_to_fMRI_N;unique_runs_random	high
sub-017	ses-01	04	August-18-2023_ 3-27-09_PM__scan_info_for_subject_subc17__selected_run_is_5__fmri_number_is4.mat;fMRI_4.mat;runs_random.mat	August-18-2023_ 3-23-13_PM__Subject_is_subc17__sequence_of_stimuli_for_fMRI_number_4_is_12   3  10   6  11   7   1   2   5   8   9   4.mat	unique_scan_info;unique_fMRI_N;discarded_dated_seq_secondary_to_fMRI_N;unique_runs_random	high
sub-017	ses-01	05	runs_random.mat		unique_runs_random;insufficient_for_events	low
sub-017	ses-01	06	runs_random.mat		unique_runs_random;insufficient_for_events	low
sub-017	ses-01	03	August-18-2023_ 3-22-55_PM__scan_info_for_subject_subc17__selected_run_is_2__fmri_number_is3.mat;fMRI_3.mat;runs_random.mat	August-18-2023_ 3-18-50_PM__Subject_is_subc17__sequence_of_stimuli_for_fMRI_number_3_is_3   1   7   8   9   4  12  11   6   2  10   5.mat	unique_scan_info;unique_fMRI_N;discarded_dated_seq_secondary_to_fMRI_N;unique_runs_random	high
sub-017	ses-01	04	August-18-2023_ 3-27-09_PM__scan_info_for_subject_subc17__selected_run_is_5__fmri_number_is4.mat;fMRI_4.mat;runs_random.mat	August-18-2023_ 3-23-13_PM__Subject_is_subc17__sequence_of_stimuli_for_fMRI_number_4_is_12   3  10   6  11   7   1   2   5   8   9   4.mat	unique_scan_info;unique_fMRI_N;discarded_dated_seq_secondary_to_fMRI_N;unique_runs_random	high
sub-017	ses-01	05	runs_random.mat		unique_runs_random;insufficient_for_events	low
sub-017	ses-01	06	runs_random.mat		unique_runs_random;insufficient_for_events	low
sub-017	ses-01	07	runs_random.mat		unique_runs_random;insufficient_for_events	low
sub-017	ses-01	08	runs_random.mat		unique_runs_random;insufficient_for_events	low
sub-017	ses-02	01	April-09-2024_ 9-52-44_AM__scan_info_for_subject_SUBC17_Sess02__selected_run_is_1__fmri_number_is1.mat;fMRI_1.mat;runs_random.mat	April-09-2024_ 9-45-25_AM__Subject_is_SUBC17_Sess02__sequence_of_stimuli_for_fMRI_number_1_is_11   6  10  12   1   5   9   2   4   7   3   8.mat	unique_scan_info;unique_fMRI_N;discarded_dated_seq_secondary_to_fMRI_N;unique_runs_random	high
sub-017	ses-02	02	April-09-2024_ 9-57-30_AM__scan_info_for_subject_SUBC17__selected_run_is_4__fmri_number_is2.mat;fMRI_2.mat;runs_random.mat	April-09-2024_ 9-53-16_AM__Subject_is_SUBC17__sequence_of_stimuli_for_fMRI_number_2_is_6   9  10   3   7   5   1  12   8   4   2  11.mat	unique_scan_info;unique_fMRI_N;discarded_dated_seq_secondary_to_fMRI_N;unique_runs_random	high
sub-017	ses-02	01	April-09-2024_ 9-52-44_AM__scan_info_for_subject_SUBC17_Sess02__selected_run_is_1__fmri_number_is1.mat;fMRI_1.mat;runs_random.mat	April-09-2024_ 9-45-25_AM__Subject_is_SUBC17_Sess02__sequence_of_stimuli_for_fMRI_number_1_is_11   6  10  12   1   5   9   2   4   7   3   8.mat	unique_scan_info;unique_fMRI_N;discarded_dated_seq_secondary_to_fMRI_N;unique_runs_random	high
sub-017	ses-02	02	April-09-2024_ 9-57-30_AM__scan_info_for_subject_SUBC17__selected_run_is_4__fmri_number_is2.mat;fMRI_2.mat;runs_random.mat	April-09-2024_ 9-53-16_AM__Subject_is_SUBC17__sequence_of_stimuli_for_fMRI_number_2_is_6   9  10   3   7   5   1  12   8   4   2  11.mat	unique_scan_info;unique_fMRI_N;discarded_dated_seq_secondary_to_fMRI_N;unique_runs_random	high
sub-017	ses-02	03	April-09-2024_10-01-46_AM__scan_info_for_subject_SUBC17_sess02__selected_run_is_2__fmri_number_is3.mat;fMRI_3.mat;runs_random.mat	April-09-2024_ 9-57-56_AM__Subject_is_SUBC17_sess02__sequence_of_stimuli_for_fMRI_number_3_is_3   1   7   8   9   4  12  11   6   2  10   5.mat	unique_scan_info;unique_fMRI_N;discarded_dated_seq_secondary_to_fMRI_N;unique_runs_random	high
sub-017	ses-02	04	April-09-2024_10-08-41_AM__scan_info_for_subject_subc17_sess02__selected_run_is_5__fmri_number_is4.mat;fMRI_4.mat;runs_random.mat	April-09-2024_10-04-13_AM__Subject_is_subc17_sess02__sequence_of_stimuli_for_fMRI_number_4_is_12   3  10   6  11   7   1   2   5   8   9   4.mat	unique_scan_info;unique_fMRI_N;discarded_dated_seq_secondary_to_fMRI_N;unique_runs_random	high
sub-017	ses-02	05	runs_random.mat		unique_runs_random;insufficient_for_events	low
sub-017	ses-02	06	runs_random.mat		unique_runs_random;insufficient_for_events	low
sub-017	ses-02	03	April-09-2024_10-01-46_AM__scan_info_for_subject_SUBC17_sess02__selected_run_is_2__fmri_number_is3.mat;fMRI_3.mat;runs_random.mat	April-09-2024_ 9-57-56_AM__Subject_is_SUBC17_sess02__sequence_of_stimuli_for_fMRI_number_3_is_3   1   7   8   9   4  12  11   6   2  10   5.mat	unique_scan_info;unique_fMRI_N;discarded_dated_seq_secondary_to_fMRI_N;unique_runs_random	high
sub-017	ses-02	04	April-09-2024_10-08-41_AM__scan_info_for_subject_subc17_sess02__selected_run_is_5__fmri_number_is4.mat;fMRI_4.mat;runs_random.mat	April-09-2024_10-04-13_AM__Subject_is_subc17_sess02__sequence_of_stimuli_for_fMRI_number_4_is_12   3  10   6  11   7   1   2   5   8   9   4.mat	unique_scan_info;unique_fMRI_N;discarded_dated_seq_secondary_to_fMRI_N;unique_runs_random	high
sub-017	ses-02	05	runs_random.mat		unique_runs_random;insufficient_for_events	low
sub-017	ses-02	06	runs_random.mat		unique_runs_random;insufficient_for_events	low
sub-017	ses-02	07	runs_random.mat		unique_runs_random;insufficient_for_events	low
sub-017	ses-02	08	runs_random.mat		unique_runs_random;insufficient_for_events	low
sub-018	ses-01	01	August-28-2023_ 1-59-07_PM__scan_info_for_subject_c18__selected_run_is_1__fmri_number_is1.mat;fMRI_1.mat;runs_random.mat	August-28-2023_ 1-53-59_PM__Subject_is_c18__sequence_of_stimuli_for_fMRI_number_1_is_11   6  10  12   1   5   9   2   4   7   3   8.mat	unique_scan_info;unique_fMRI_N;discarded_dated_seq_secondary_to_fMRI_N;unique_runs_random	high
sub-018	ses-01	02	August-28-2023_ 2-04-05_PM__scan_info_for_subject_c18__selected_run_is_4__fmri_number_is2.mat;fMRI_2.mat;runs_random.mat	August-28-2023_ 1-59-34_PM__Subject_is_c18__sequence_of_stimuli_for_fMRI_number_2_is_6   9  10   3   7   5   1  12   8   4   2  11.mat	unique_scan_info;unique_fMRI_N;discarded_dated_seq_secondary_to_fMRI_N;unique_runs_random	high
sub-018	ses-01	01	August-28-2023_ 1-59-07_PM__scan_info_for_subject_c18__selected_run_is_1__fmri_number_is1.mat;fMRI_1.mat;runs_random.mat	August-28-2023_ 1-53-59_PM__Subject_is_c18__sequence_of_stimuli_for_fMRI_number_1_is_11   6  10  12   1   5   9   2   4   7   3   8.mat	unique_scan_info;unique_fMRI_N;discarded_dated_seq_secondary_to_fMRI_N;unique_runs_random	high
sub-018	ses-01	02	August-28-2023_ 2-04-05_PM__scan_info_for_subject_c18__selected_run_is_4__fmri_number_is2.mat;fMRI_2.mat;runs_random.mat	August-28-2023_ 1-59-34_PM__Subject_is_c18__sequence_of_stimuli_for_fMRI_number_2_is_6   9  10   3   7   5   1  12   8   4   2  11.mat	unique_scan_info;unique_fMRI_N;discarded_dated_seq_secondary_to_fMRI_N;unique_runs_random	high
sub-018	ses-01	03	August-28-2023_ 2-09-22_PM__scan_info_for_subject_c18__selected_run_is_2__fmri_number_is3.mat;fMRI_3.mat;runs_random.mat	August-28-2023_ 2-05-20_PM__Subject_is_c18__sequence_of_stimuli_for_fMRI_number_3_is_3   1   7   8   9   4  12  11   6   2  10   5.mat	unique_scan_info;unique_fMRI_N;discarded_dated_seq_secondary_to_fMRI_N;unique_runs_random	high
sub-018	ses-01	04	August-28-2023_ 2-13-44_PM__scan_info_for_subject_c18__selected_run_is_5__fmri_number_is4.mat;fMRI_4.mat;runs_random.mat	August-28-2023_ 2-09-36_PM__Subject_is_c18__sequence_of_stimuli_for_fMRI_number_4_is_12   3  10   6  11   7   1   2   5   8   9   4.mat	unique_scan_info;unique_fMRI_N;discarded_dated_seq_secondary_to_fMRI_N;unique_runs_random	high
sub-018	ses-01	05	runs_random.mat		unique_runs_random;insufficient_for_events	low
sub-018	ses-01	06	runs_random.mat		unique_runs_random;insufficient_for_events	low
sub-018	ses-01	03	August-28-2023_ 2-09-22_PM__scan_info_for_subject_c18__selected_run_is_2__fmri_number_is3.mat;fMRI_3.mat;runs_random.mat	August-28-2023_ 2-05-20_PM__Subject_is_c18__sequence_of_stimuli_for_fMRI_number_3_is_3   1   7   8   9   4  12  11   6   2  10   5.mat	unique_scan_info;unique_fMRI_N;discarded_dated_seq_secondary_to_fMRI_N;unique_runs_random	high
sub-018	ses-01	04	August-28-2023_ 2-13-44_PM__scan_info_for_subject_c18__selected_run_is_5__fmri_number_is4.mat;fMRI_4.mat;runs_random.mat	August-28-2023_ 2-09-36_PM__Subject_is_c18__sequence_of_stimuli_for_fMRI_number_4_is_12   3  10   6  11   7   1   2   5   8   9   4.mat	unique_scan_info;unique_fMRI_N;discarded_dated_seq_secondary_to_fMRI_N;unique_runs_random	high
sub-018	ses-01	05	runs_random.mat		unique_runs_random;insufficient_for_events	low
sub-018	ses-01	06	runs_random.mat		unique_runs_random;insufficient_for_events	low
sub-018	ses-01	07	runs_random.mat		unique_runs_random;insufficient_for_events	low
sub-018	ses-01	08	runs_random.mat		unique_runs_random;insufficient_for_events	low
sub-019	ses-01	01	September-07-2023_ 2-54-18_PM__scan_info_for_subject_c20__selected_run_is_1__fmri_number_is1.mat;fMRI_1.mat;runs_random.mat	September-07-2023_ 2-47-02_PM__Subject_is_c20__sequence_of_stimuli_for_fMRI_number_1_is_11   6  10  12   1   5   9   2   4   7   3   8.mat	unique_scan_info;unique_fMRI_N;discarded_dated_seq_secondary_to_fMRI_N;unique_runs_random	high
sub-019	ses-01	02	September-07-2023_ 2-59-19_PM__scan_info_for_subject_c20__selected_run_is_4__fmri_number_is2.mat;fMRI_2.mat;runs_random.mat	September-07-2023_ 2-54-54_PM__Subject_is_c20__sequence_of_stimuli_for_fMRI_number_2_is_6   9  10   3   7   5   1  12   8   4   2  11.mat	unique_scan_info;unique_fMRI_N;discarded_dated_seq_secondary_to_fMRI_N;unique_runs_random	high
sub-019	ses-01	01	September-07-2023_ 2-54-18_PM__scan_info_for_subject_c20__selected_run_is_1__fmri_number_is1.mat;fMRI_1.mat;runs_random.mat	September-07-2023_ 2-47-02_PM__Subject_is_c20__sequence_of_stimuli_for_fMRI_number_1_is_11   6  10  12   1   5   9   2   4   7   3   8.mat	unique_scan_info;unique_fMRI_N;discarded_dated_seq_secondary_to_fMRI_N;unique_runs_random	high
sub-019	ses-01	02	September-07-2023_ 2-59-19_PM__scan_info_for_subject_c20__selected_run_is_4__fmri_number_is2.mat;fMRI_2.mat;runs_random.mat	September-07-2023_ 2-54-54_PM__Subject_is_c20__sequence_of_stimuli_for_fMRI_number_2_is_6   9  10   3   7   5   1  12   8   4   2  11.mat	unique_scan_info;unique_fMRI_N;discarded_dated_seq_secondary_to_fMRI_N;unique_runs_random	high
sub-019	ses-01	03	September-07-2023_ 3-04-50_PM__scan_info_for_subject_c20__selected_run_is_2__fmri_number_is3.mat;fMRI_3.mat;runs_random.mat	September-07-2023_ 2-59-49_PM__Subject_is_c20__sequence_of_stimuli_for_fMRI_number_3_is_3   1   7   8   9   4  12  11   6   2  10   5.mat	unique_scan_info;unique_fMRI_N;discarded_dated_seq_secondary_to_fMRI_N;unique_runs_random	high
sub-019	ses-01	04	September-07-2023_ 3-09-40_PM__scan_info_for_subject_c20__selected_run_is_5__fmri_number_is4.mat;fMRI_4.mat;runs_random.mat	September-07-2023_ 3-05-08_PM__Subject_is_c20__sequence_of_stimuli_for_fMRI_number_4_is_12   3  10   6  11   7   1   2   5   8   9   4.mat	unique_scan_info;unique_fMRI_N;discarded_dated_seq_secondary_to_fMRI_N;unique_runs_random	high
sub-019	ses-01	05	runs_random.mat		unique_runs_random;insufficient_for_events	low
sub-019	ses-01	06	runs_random.mat		unique_runs_random;insufficient_for_events	low
sub-019	ses-01	03	September-07-2023_ 3-04-50_PM__scan_info_for_subject_c20__selected_run_is_2__fmri_number_is3.mat;fMRI_3.mat;runs_random.mat	September-07-2023_ 2-59-49_PM__Subject_is_c20__sequence_of_stimuli_for_fMRI_number_3_is_3   1   7   8   9   4  12  11   6   2  10   5.mat	unique_scan_info;unique_fMRI_N;discarded_dated_seq_secondary_to_fMRI_N;unique_runs_random	high
sub-019	ses-01	04	September-07-2023_ 3-09-40_PM__scan_info_for_subject_c20__selected_run_is_5__fmri_number_is4.mat;fMRI_4.mat;runs_random.mat	September-07-2023_ 3-05-08_PM__Subject_is_c20__sequence_of_stimuli_for_fMRI_number_4_is_12   3  10   6  11   7   1   2   5   8   9   4.mat	unique_scan_info;unique_fMRI_N;discarded_dated_seq_secondary_to_fMRI_N;unique_runs_random	high
sub-019	ses-01	05	runs_random.mat		unique_runs_random;insufficient_for_events	low
sub-019	ses-01	06	runs_random.mat		unique_runs_random;insufficient_for_events	low
sub-019	ses-01	07	runs_random.mat		unique_runs_random;insufficient_for_events	low
sub-019	ses-01	08	runs_random.mat		unique_runs_random;insufficient_for_events	low
sub-019	ses-02	01	March-05-2024_10-00-08_AM__scan_info_for_subject_SUBC20__selected_run_is_1__fmri_number_is1.mat;fMRI_1.mat;runs_random.mat	March-05-2024_ 9-54-30_AM__Subject_is_SUBC20__sequence_of_stimuli_for_fMRI_number_1_is_11   6  10  12   1   5   9   2   4   7   3   8.mat	unique_scan_info;unique_fMRI_N;discarded_dated_seq_secondary_to_fMRI_N;unique_runs_random	high
sub-019	ses-02	02	March-05-2024_10-04-30_AM__scan_info_for_subject_SUBC20__selected_run_is_4__fmri_number_is2.mat;fMRI_2.mat;runs_random.mat	March-05-2024_10-00-28_AM__Subject_is_SUBC20__sequence_of_stimuli_for_fMRI_number_2_is_6   9  10   3   7   5   1  12   8   4   2  11.mat	unique_scan_info;unique_fMRI_N;discarded_dated_seq_secondary_to_fMRI_N;unique_runs_random	high
sub-019	ses-02	01	March-05-2024_10-00-08_AM__scan_info_for_subject_SUBC20__selected_run_is_1__fmri_number_is1.mat;fMRI_1.mat;runs_random.mat	March-05-2024_ 9-54-30_AM__Subject_is_SUBC20__sequence_of_stimuli_for_fMRI_number_1_is_11   6  10  12   1   5   9   2   4   7   3   8.mat	unique_scan_info;unique_fMRI_N;discarded_dated_seq_secondary_to_fMRI_N;unique_runs_random	high
sub-019	ses-02	02	March-05-2024_10-04-30_AM__scan_info_for_subject_SUBC20__selected_run_is_4__fmri_number_is2.mat;fMRI_2.mat;runs_random.mat	March-05-2024_10-00-28_AM__Subject_is_SUBC20__sequence_of_stimuli_for_fMRI_number_2_is_6   9  10   3   7   5   1  12   8   4   2  11.mat	unique_scan_info;unique_fMRI_N;discarded_dated_seq_secondary_to_fMRI_N;unique_runs_random	high
sub-019	ses-02	03	March-05-2024_10-09-34_AM__scan_info_for_subject_subc20__selected_run_is_2__fmri_number_is3.mat;fMRI_3.mat;runs_random.mat	March-05-2024_10-05-11_AM__Subject_is_subc20__sequence_of_stimuli_for_fMRI_number_3_is_3   1   7   8   9   4  12  11   6   2  10   5.mat	unique_scan_info;unique_fMRI_N;discarded_dated_seq_secondary_to_fMRI_N;unique_runs_random	high
sub-019	ses-02	04	March-05-2024_10-13-56_AM__scan_info_for_subject_SUBC20__selected_run_is_5__fmri_number_is4.mat;fMRI_4.mat;runs_random.mat	March-05-2024_10-09-50_AM__Subject_is_SUBC20__sequence_of_stimuli_for_fMRI_number_4_is_12   3  10   6  11   7   1   2   5   8   9   4.mat	unique_scan_info;unique_fMRI_N;discarded_dated_seq_secondary_to_fMRI_N;unique_runs_random	high
sub-019	ses-02	05	runs_random.mat		unique_runs_random;insufficient_for_events	low
sub-019	ses-02	06	runs_random.mat		unique_runs_random;insufficient_for_events	low
sub-019	ses-02	03	March-05-2024_10-09-34_AM__scan_info_for_subject_subc20__selected_run_is_2__fmri_number_is3.mat;fMRI_3.mat;runs_random.mat	March-05-2024_10-05-11_AM__Subject_is_subc20__sequence_of_stimuli_for_fMRI_number_3_is_3   1   7   8   9   4  12  11   6   2  10   5.mat	unique_scan_info;unique_fMRI_N;discarded_dated_seq_secondary_to_fMRI_N;unique_runs_random	high
sub-019	ses-02	04	March-05-2024_10-13-56_AM__scan_info_for_subject_SUBC20__selected_run_is_5__fmri_number_is4.mat;fMRI_4.mat;runs_random.mat	March-05-2024_10-09-50_AM__Subject_is_SUBC20__sequence_of_stimuli_for_fMRI_number_4_is_12   3  10   6  11   7   1   2   5   8   9   4.mat	unique_scan_info;unique_fMRI_N;discarded_dated_seq_secondary_to_fMRI_N;unique_runs_random	high
sub-019	ses-02	05	runs_random.mat		unique_runs_random;insufficient_for_events	low
sub-019	ses-02	06	runs_random.mat		unique_runs_random;insufficient_for_events	low
sub-019	ses-02	07	runs_random.mat		unique_runs_random;insufficient_for_events	low
sub-019	ses-02	08	runs_random.mat		unique_runs_random;insufficient_for_events	low
sub-020	ses-01	01	September-09-2023_10-56-16_AM__scan_info_for_subject_c21__selected_run_is_1__fmri_number_is1.mat;fMRI_1.mat;runs_random.mat	September-09-2023_11-02-38_AM__scan_info_for_subject_c21__selected_run_is_1__fmri_number_is1.mat;September-09-2023_10-55-41_AM__Subject_is_c21__sequence_of_stimuli_for_fMRI_number_1_is_11   6  10  12   1   5   9   2   4   7   3   8.mat;September-09-2023_10-56-31_AM__Subject_is_c21__sequence_of_stimuli_for_fMRI_number_1_is_11   6  10  12   1   5   9   2   4   7   3   8.mat	priority_scan_info_selected=September-09-2023_10-56-16_AM__scan_info_for_subject_c21__selected_run_is_1__fmri_number_is1.mat;discarded=September-09-2023_11-02-38_AM__scan_info_for_subject_c21__selected_run_is_1__fmri_number_is1.mat;vars=triggerTimes;vbl;unique_fMRI_N;discarded_dated_seq_secondary_to_fMRI_N;unique_runs_random	high
sub-020	ses-01	02	September-09-2023_11-06-45_AM__scan_info_for_subject_c21__selected_run_is_4__fmri_number_is2.mat;fMRI_2.mat;runs_random.mat	September-09-2023_11-02-51_AM__Subject_is_c21__sequence_of_stimuli_for_fMRI_number_2_is_6   9  10   3   7   5   1  12   8   4   2  11.mat	unique_scan_info;unique_fMRI_N;discarded_dated_seq_secondary_to_fMRI_N;unique_runs_random	high
sub-020	ses-01	01	September-09-2023_10-56-16_AM__scan_info_for_subject_c21__selected_run_is_1__fmri_number_is1.mat;fMRI_1.mat;runs_random.mat	September-09-2023_11-02-38_AM__scan_info_for_subject_c21__selected_run_is_1__fmri_number_is1.mat;September-09-2023_10-55-41_AM__Subject_is_c21__sequence_of_stimuli_for_fMRI_number_1_is_11   6  10  12   1   5   9   2   4   7   3   8.mat;September-09-2023_10-56-31_AM__Subject_is_c21__sequence_of_stimuli_for_fMRI_number_1_is_11   6  10  12   1   5   9   2   4   7   3   8.mat	priority_scan_info_selected=September-09-2023_10-56-16_AM__scan_info_for_subject_c21__selected_run_is_1__fmri_number_is1.mat;discarded=September-09-2023_11-02-38_AM__scan_info_for_subject_c21__selected_run_is_1__fmri_number_is1.mat;vars=triggerTimes;vbl;unique_fMRI_N;discarded_dated_seq_secondary_to_fMRI_N;unique_runs_random	high
sub-020	ses-01	02	September-09-2023_11-06-45_AM__scan_info_for_subject_c21__selected_run_is_4__fmri_number_is2.mat;fMRI_2.mat;runs_random.mat	September-09-2023_11-02-51_AM__Subject_is_c21__sequence_of_stimuli_for_fMRI_number_2_is_6   9  10   3   7   5   1  12   8   4   2  11.mat	unique_scan_info;unique_fMRI_N;discarded_dated_seq_secondary_to_fMRI_N;unique_runs_random	high
sub-020	ses-01	03	September-09-2023_11-13-01_AM__scan_info_for_subject_c21__selected_run_is_2__fmri_number_is3.mat;fMRI_3.mat;runs_random.mat	September-09-2023_11-07-01_AM__Subject_is_c21__sequence_of_stimuli_for_fMRI_number_3_is_3   1   7   8   9   4  12  11   6   2  10   5.mat	unique_scan_info;unique_fMRI_N;discarded_dated_seq_secondary_to_fMRI_N;unique_runs_random	high
sub-020	ses-01	04	September-09-2023_11-17-14_AM__scan_info_for_subject_c21__selected_run_is_5__fmri_number_is4.mat;fMRI_4.mat;runs_random.mat	September-09-2023_11-13-17_AM__Subject_is_c21__sequence_of_stimuli_for_fMRI_number_4_is_12   3  10   6  11   7   1   2   5   8   9   4.mat	unique_scan_info;unique_fMRI_N;discarded_dated_seq_secondary_to_fMRI_N;unique_runs_random	high
sub-020	ses-01	05	runs_random.mat		unique_runs_random;insufficient_for_events	low
sub-020	ses-01	06	runs_random.mat		unique_runs_random;insufficient_for_events	low
sub-020	ses-01	03	September-09-2023_11-13-01_AM__scan_info_for_subject_c21__selected_run_is_2__fmri_number_is3.mat;fMRI_3.mat;runs_random.mat	September-09-2023_11-07-01_AM__Subject_is_c21__sequence_of_stimuli_for_fMRI_number_3_is_3   1   7   8   9   4  12  11   6   2  10   5.mat	unique_scan_info;unique_fMRI_N;discarded_dated_seq_secondary_to_fMRI_N;unique_runs_random	high
sub-020	ses-01	04	September-09-2023_11-17-14_AM__scan_info_for_subject_c21__selected_run_is_5__fmri_number_is4.mat;fMRI_4.mat;runs_random.mat	September-09-2023_11-13-17_AM__Subject_is_c21__sequence_of_stimuli_for_fMRI_number_4_is_12   3  10   6  11   7   1   2   5   8   9   4.mat	unique_scan_info;unique_fMRI_N;discarded_dated_seq_secondary_to_fMRI_N;unique_runs_random	high
sub-020	ses-01	05	runs_random.mat		unique_runs_random;insufficient_for_events	low
sub-020	ses-01	06	runs_random.mat		unique_runs_random;insufficient_for_events	low
sub-020	ses-01	07	runs_random.mat		unique_runs_random;insufficient_for_events	low
sub-020	ses-01	08	runs_random.mat		unique_runs_random;insufficient_for_events	low
sub-021	ses-01	01	September-28-2023_ 1-48-01_PM__scan_info_for_subject_c022__selected_run_is_1__fmri_number_is1.mat;fMRI_1.mat;runs_random.mat	September-28-2023_ 1-42-07_PM__Subject_is_c022__sequence_of_stimuli_for_fMRI_number_1_is_11   6  10  12   1   5   9   2   4   7   3   8.mat	unique_scan_info;unique_fMRI_N;discarded_dated_seq_secondary_to_fMRI_N;unique_runs_random	high
sub-021	ses-01	02	September-28-2023_ 1-53-04_PM__scan_info_for_subject_c022__selected_run_is_4__fmri_number_is2.mat;fMRI_2.mat;runs_random.mat	September-28-2023_ 1-48-23_PM__Subject_is_c022__sequence_of_stimuli_for_fMRI_number_2_is_6   9  10   3   7   5   1  12   8   4   2  11.mat	unique_scan_info;unique_fMRI_N;discarded_dated_seq_secondary_to_fMRI_N;unique_runs_random	high
sub-021	ses-01	01	September-28-2023_ 1-48-01_PM__scan_info_for_subject_c022__selected_run_is_1__fmri_number_is1.mat;fMRI_1.mat;runs_random.mat	September-28-2023_ 1-42-07_PM__Subject_is_c022__sequence_of_stimuli_for_fMRI_number_1_is_11   6  10  12   1   5   9   2   4   7   3   8.mat	unique_scan_info;unique_fMRI_N;discarded_dated_seq_secondary_to_fMRI_N;unique_runs_random	high
sub-021	ses-01	02	September-28-2023_ 1-53-04_PM__scan_info_for_subject_c022__selected_run_is_4__fmri_number_is2.mat;fMRI_2.mat;runs_random.mat	September-28-2023_ 1-48-23_PM__Subject_is_c022__sequence_of_stimuli_for_fMRI_number_2_is_6   9  10   3   7   5   1  12   8   4   2  11.mat	unique_scan_info;unique_fMRI_N;discarded_dated_seq_secondary_to_fMRI_N;unique_runs_random	high
sub-021	ses-01	03	September-28-2023_ 1-58-35_PM__scan_info_for_subject_c022__selected_run_is_2__fmri_number_is3.mat;fMRI_3.mat;runs_random.mat	September-28-2023_ 1-53-26_PM__Subject_is_c022__sequence_of_stimuli_for_fMRI_number_3_is_3   1   7   8   9   4  12  11   6   2  10   5.mat	unique_scan_info;unique_fMRI_N;discarded_dated_seq_secondary_to_fMRI_N;unique_runs_random	high
sub-021	ses-01	04	September-28-2023_ 2-03-32_PM__scan_info_for_subject_c022__selected_run_is_5__fmri_number_is4.mat;fMRI_4.mat;runs_random.mat	September-28-2023_ 1-58-57_PM__Subject_is_c022__sequence_of_stimuli_for_fMRI_number_4_is_12   3  10   6  11   7   1   2   5   8   9   4.mat	unique_scan_info;unique_fMRI_N;discarded_dated_seq_secondary_to_fMRI_N;unique_runs_random	high
sub-021	ses-01	05	runs_random.mat		unique_runs_random;insufficient_for_events	low
sub-021	ses-01	06	runs_random.mat		unique_runs_random;insufficient_for_events	low
sub-021	ses-01	03	September-28-2023_ 1-58-35_PM__scan_info_for_subject_c022__selected_run_is_2__fmri_number_is3.mat;fMRI_3.mat;runs_random.mat	September-28-2023_ 1-53-26_PM__Subject_is_c022__sequence_of_stimuli_for_fMRI_number_3_is_3   1   7   8   9   4  12  11   6   2  10   5.mat	unique_scan_info;unique_fMRI_N;discarded_dated_seq_secondary_to_fMRI_N;unique_runs_random	high
sub-021	ses-01	04	September-28-2023_ 2-03-32_PM__scan_info_for_subject_c022__selected_run_is_5__fmri_number_is4.mat;fMRI_4.mat;runs_random.mat	September-28-2023_ 1-58-57_PM__Subject_is_c022__sequence_of_stimuli_for_fMRI_number_4_is_12   3  10   6  11   7   1   2   5   8   9   4.mat	unique_scan_info;unique_fMRI_N;discarded_dated_seq_secondary_to_fMRI_N;unique_runs_random	high
sub-021	ses-01	05	runs_random.mat		unique_runs_random;insufficient_for_events	low
sub-021	ses-01	06	runs_random.mat		unique_runs_random;insufficient_for_events	low
sub-021	ses-01	07	runs_random.mat		unique_runs_random;insufficient_for_events	low
sub-021	ses-01	08	runs_random.mat		unique_runs_random;insufficient_for_events	low
sub-021	ses-02	01	March-25-2024_11-28-43_AM__scan_info_for_subject_subc22__selected_run_is_1__fmri_number_is1.mat;fMRI_1.mat;runs_random.mat	March-25-2024_11-23-07_AM__Subject_is_subc22__sequence_of_stimuli_for_fMRI_number_1_is_11   6  10  12   1   5   9   2   4   7   3   8.mat	unique_scan_info;unique_fMRI_N;discarded_dated_seq_secondary_to_fMRI_N;unique_runs_random	high
sub-021	ses-02	02	March-25-2024_11-33-06_AM__scan_info_for_subject_SUBC22__selected_run_is_4__fmri_number_is2.mat;fMRI_2.mat;runs_random.mat	March-25-2024_11-29-00_AM__Subject_is_SUBC22__sequence_of_stimuli_for_fMRI_number_2_is_6   9  10   3   7   5   1  12   8   4   2  11.mat	unique_scan_info;unique_fMRI_N;discarded_dated_seq_secondary_to_fMRI_N;unique_runs_random	high
sub-021	ses-02	01	March-25-2024_11-28-43_AM__scan_info_for_subject_subc22__selected_run_is_1__fmri_number_is1.mat;fMRI_1.mat;runs_random.mat	March-25-2024_11-23-07_AM__Subject_is_subc22__sequence_of_stimuli_for_fMRI_number_1_is_11   6  10  12   1   5   9   2   4   7   3   8.mat	unique_scan_info;unique_fMRI_N;discarded_dated_seq_secondary_to_fMRI_N;unique_runs_random	high
sub-021	ses-02	02	March-25-2024_11-33-06_AM__scan_info_for_subject_SUBC22__selected_run_is_4__fmri_number_is2.mat;fMRI_2.mat;runs_random.mat	March-25-2024_11-29-00_AM__Subject_is_SUBC22__sequence_of_stimuli_for_fMRI_number_2_is_6   9  10   3   7   5   1  12   8   4   2  11.mat	unique_scan_info;unique_fMRI_N;discarded_dated_seq_secondary_to_fMRI_N;unique_runs_random	high
sub-021	ses-02	03	March-25-2024_11-38-52_AM__scan_info_for_subject_SUBC22__selected_run_is_2__fmri_number_is3.mat;fMRI_3.mat;runs_random.mat	March-25-2024_11-34-54_AM__Subject_is_SUBC22__sequence_of_stimuli_for_fMRI_number_3_is_3   1   7   8   9   4  12  11   6   2  10   5.mat	unique_scan_info;unique_fMRI_N;discarded_dated_seq_secondary_to_fMRI_N;unique_runs_random	high
sub-021	ses-02	04	March-25-2024_11-42-56_AM__scan_info_for_subject_SUBC22__selected_run_is_5__fmri_number_is4.mat;fMRI_4.mat;runs_random.mat	March-25-2024_11-39-02_AM__Subject_is_SUBC22__sequence_of_stimuli_for_fMRI_number_4_is_12   3  10   6  11   7   1   2   5   8   9   4.mat	unique_scan_info;unique_fMRI_N;discarded_dated_seq_secondary_to_fMRI_N;unique_runs_random	high
sub-021	ses-02	05	runs_random.mat		unique_runs_random;insufficient_for_events	low
sub-021	ses-02	06	runs_random.mat		unique_runs_random;insufficient_for_events	low
sub-021	ses-02	03	March-25-2024_11-38-52_AM__scan_info_for_subject_SUBC22__selected_run_is_2__fmri_number_is3.mat;fMRI_3.mat;runs_random.mat	March-25-2024_11-34-54_AM__Subject_is_SUBC22__sequence_of_stimuli_for_fMRI_number_3_is_3   1   7   8   9   4  12  11   6   2  10   5.mat	unique_scan_info;unique_fMRI_N;discarded_dated_seq_secondary_to_fMRI_N;unique_runs_random	high
sub-021	ses-02	04	March-25-2024_11-42-56_AM__scan_info_for_subject_SUBC22__selected_run_is_5__fmri_number_is4.mat;fMRI_4.mat;runs_random.mat	March-25-2024_11-39-02_AM__Subject_is_SUBC22__sequence_of_stimuli_for_fMRI_number_4_is_12   3  10   6  11   7   1   2   5   8   9   4.mat	unique_scan_info;unique_fMRI_N;discarded_dated_seq_secondary_to_fMRI_N;unique_runs_random	high
sub-021	ses-02	05	runs_random.mat		unique_runs_random;insufficient_for_events	low
sub-021	ses-02	06	runs_random.mat		unique_runs_random;insufficient_for_events	low
sub-021	ses-02	07	runs_random.mat		unique_runs_random;insufficient_for_events	low
sub-021	ses-02	08	runs_random.mat		unique_runs_random;insufficient_for_events	low
sub-022	ses-01	01	October-05-2023_10-30-47_AM__scan_info_for_subject_c23__selected_run_is_1__fmri_number_is1.mat;fMRI_1.mat;runs_random.mat	October-05-2023_10-25-10_AM__Subject_is_c23__sequence_of_stimuli_for_fMRI_number_1_is_11   6  10  12   1   5   9   2   4   7   3   8.mat	unique_scan_info;unique_fMRI_N;discarded_dated_seq_secondary_to_fMRI_N;unique_runs_random	high
sub-022	ses-01	02	October-05-2023_10-35-16_AM__scan_info_for_subject_subc23__selected_run_is_4__fmri_number_is2.mat;fMRI_2.mat;runs_random.mat	October-05-2023_10-31-26_AM__Subject_is_subc23__sequence_of_stimuli_for_fMRI_number_2_is_6   9  10   3   7   5   1  12   8   4   2  11.mat	unique_scan_info;unique_fMRI_N;discarded_dated_seq_secondary_to_fMRI_N;unique_runs_random	high
sub-022	ses-01	01	October-05-2023_10-30-47_AM__scan_info_for_subject_c23__selected_run_is_1__fmri_number_is1.mat;fMRI_1.mat;runs_random.mat	October-05-2023_10-25-10_AM__Subject_is_c23__sequence_of_stimuli_for_fMRI_number_1_is_11   6  10  12   1   5   9   2   4   7   3   8.mat	unique_scan_info;unique_fMRI_N;discarded_dated_seq_secondary_to_fMRI_N;unique_runs_random	high
sub-022	ses-01	02	October-05-2023_10-35-16_AM__scan_info_for_subject_subc23__selected_run_is_4__fmri_number_is2.mat;fMRI_2.mat;runs_random.mat	October-05-2023_10-31-26_AM__Subject_is_subc23__sequence_of_stimuli_for_fMRI_number_2_is_6   9  10   3   7   5   1  12   8   4   2  11.mat	unique_scan_info;unique_fMRI_N;discarded_dated_seq_secondary_to_fMRI_N;unique_runs_random	high
sub-022	ses-01	03	October-05-2023_10-40-05_AM__scan_info_for_subject_c23__selected_run_is_2__fmri_number_is3.mat;fMRI_3.mat;runs_random.mat	October-05-2023_10-36-03_AM__Subject_is_c23__sequence_of_stimuli_for_fMRI_number_3_is_3   1   7   8   9   4  12  11   6   2  10   5.mat	unique_scan_info;unique_fMRI_N;discarded_dated_seq_secondary_to_fMRI_N;unique_runs_random	high
sub-022	ses-01	04	October-05-2023_10-44-06_AM__scan_info_for_subject_c23__selected_run_is_5__fmri_number_is4.mat;fMRI_4.mat;runs_random.mat	October-05-2023_10-40-12_AM__Subject_is_c23__sequence_of_stimuli_for_fMRI_number_4_is_12   3  10   6  11   7   1   2   5   8   9   4.mat	unique_scan_info;unique_fMRI_N;discarded_dated_seq_secondary_to_fMRI_N;unique_runs_random	high
sub-022	ses-01	05	runs_random.mat		unique_runs_random;insufficient_for_events	low
sub-022	ses-01	06	runs_random.mat		unique_runs_random;insufficient_for_events	low
sub-022	ses-01	03	October-05-2023_10-40-05_AM__scan_info_for_subject_c23__selected_run_is_2__fmri_number_is3.mat;fMRI_3.mat;runs_random.mat	October-05-2023_10-36-03_AM__Subject_is_c23__sequence_of_stimuli_for_fMRI_number_3_is_3   1   7   8   9   4  12  11   6   2  10   5.mat	unique_scan_info;unique_fMRI_N;discarded_dated_seq_secondary_to_fMRI_N;unique_runs_random	high
sub-022	ses-01	04	October-05-2023_10-44-06_AM__scan_info_for_subject_c23__selected_run_is_5__fmri_number_is4.mat;fMRI_4.mat;runs_random.mat	October-05-2023_10-40-12_AM__Subject_is_c23__sequence_of_stimuli_for_fMRI_number_4_is_12   3  10   6  11   7   1   2   5   8   9   4.mat	unique_scan_info;unique_fMRI_N;discarded_dated_seq_secondary_to_fMRI_N;unique_runs_random	high
sub-022	ses-01	05	runs_random.mat		unique_runs_random;insufficient_for_events	low
sub-022	ses-01	06	runs_random.mat		unique_runs_random;insufficient_for_events	low
sub-022	ses-01	07	runs_random.mat		unique_runs_random;insufficient_for_events	low
sub-022	ses-01	08	runs_random.mat		unique_runs_random;insufficient_for_events	low
sub-022	ses-02	01	April-22-2024_ 3-11-27_PM__scan_info_for_subject_C23__selected_run_is_1__fmri_number_is1.mat;fMRI_1.mat;runs_random.mat	April-22-2024_ 3-06-21_PM__Subject_is_C23__sequence_of_stimuli_for_fMRI_number_1_is_11   6  10  12   1   5   9   2   4   7   3   8.mat	unique_scan_info;unique_fMRI_N;discarded_dated_seq_secondary_to_fMRI_N;unique_runs_random	high
sub-022	ses-02	02	April-22-2024_ 3-16-10_PM__scan_info_for_subject_SUBC23__selected_run_is_4__fmri_number_is2.mat;fMRI_2.mat;runs_random.mat	April-22-2024_ 3-12-08_PM__Subject_is_SUBC23__sequence_of_stimuli_for_fMRI_number_2_is_6   9  10   3   7   5   1  12   8   4   2  11.mat	unique_scan_info;unique_fMRI_N;discarded_dated_seq_secondary_to_fMRI_N;unique_runs_random	high
sub-022	ses-02	01	April-22-2024_ 3-11-27_PM__scan_info_for_subject_C23__selected_run_is_1__fmri_number_is1.mat;fMRI_1.mat;runs_random.mat	April-22-2024_ 3-06-21_PM__Subject_is_C23__sequence_of_stimuli_for_fMRI_number_1_is_11   6  10  12   1   5   9   2   4   7   3   8.mat	unique_scan_info;unique_fMRI_N;discarded_dated_seq_secondary_to_fMRI_N;unique_runs_random	high
sub-022	ses-02	02	April-22-2024_ 3-16-10_PM__scan_info_for_subject_SUBC23__selected_run_is_4__fmri_number_is2.mat;fMRI_2.mat;runs_random.mat	April-22-2024_ 3-12-08_PM__Subject_is_SUBC23__sequence_of_stimuli_for_fMRI_number_2_is_6   9  10   3   7   5   1  12   8   4   2  11.mat	unique_scan_info;unique_fMRI_N;discarded_dated_seq_secondary_to_fMRI_N;unique_runs_random	high
sub-022	ses-02	03	April-22-2024_ 3-21-18_PM__scan_info_for_subject_C23__selected_run_is_2__fmri_number_is3.mat;fMRI_3.mat;runs_random.mat	April-22-2024_ 3-17-25_PM__Subject_is_C23__sequence_of_stimuli_for_fMRI_number_3_is_3   1   7   8   9   4  12  11   6   2  10   5.mat	unique_scan_info;unique_fMRI_N;discarded_dated_seq_secondary_to_fMRI_N;unique_runs_random	high
sub-022	ses-02	04	April-22-2024_ 3-25-35_PM__scan_info_for_subject_C23__selected_run_is_5__fmri_number_is4.mat;fMRI_4.mat;runs_random.mat	April-22-2024_ 3-21-34_PM__Subject_is_C23__sequence_of_stimuli_for_fMRI_number_4_is_12   3  10   6  11   7   1   2   5   8   9   4.mat	unique_scan_info;unique_fMRI_N;discarded_dated_seq_secondary_to_fMRI_N;unique_runs_random	high
sub-022	ses-02	05	runs_random.mat		unique_runs_random;insufficient_for_events	low
sub-022	ses-02	06	runs_random.mat		unique_runs_random;insufficient_for_events	low
sub-022	ses-02	03	April-22-2024_ 3-21-18_PM__scan_info_for_subject_C23__selected_run_is_2__fmri_number_is3.mat;fMRI_3.mat;runs_random.mat	April-22-2024_ 3-17-25_PM__Subject_is_C23__sequence_of_stimuli_for_fMRI_number_3_is_3   1   7   8   9   4  12  11   6   2  10   5.mat	unique_scan_info;unique_fMRI_N;discarded_dated_seq_secondary_to_fMRI_N;unique_runs_random	high
sub-022	ses-02	04	April-22-2024_ 3-25-35_PM__scan_info_for_subject_C23__selected_run_is_5__fmri_number_is4.mat;fMRI_4.mat;runs_random.mat	April-22-2024_ 3-21-34_PM__Subject_is_C23__sequence_of_stimuli_for_fMRI_number_4_is_12   3  10   6  11   7   1   2   5   8   9   4.mat	unique_scan_info;unique_fMRI_N;discarded_dated_seq_secondary_to_fMRI_N;unique_runs_random	high
sub-022	ses-02	05	runs_random.mat		unique_runs_random;insufficient_for_events	low
sub-022	ses-02	06	runs_random.mat		unique_runs_random;insufficient_for_events	low
sub-022	ses-02	07	runs_random.mat		unique_runs_random;insufficient_for_events	low
sub-022	ses-02	08	runs_random.mat		unique_runs_random;insufficient_for_events	low
sub-023	ses-01	01	October-17-2023_ 5-37-15_PM__scan_info_for_subject_sub-c24__selected_run_is_1__fmri_number_is1.mat;fMRI_1.mat;runs_random.mat	October-17-2023_ 5-29-13_PM__Subject_is_sub-c24__sequence_of_stimuli_for_fMRI_number_1_is_11   6  10  12   1   5   9   2   4   7   3   8.mat	unique_scan_info;unique_fMRI_N;discarded_dated_seq_secondary_to_fMRI_N;unique_runs_random	high
sub-023	ses-01	02	October-17-2023_ 5-42-11_PM__scan_info_for_subject_sub-c24__selected_run_is_4__fmri_number_is2.mat;fMRI_2.mat;runs_random.mat	October-17-2023_ 5-37-40_PM__Subject_is_sub-c24__sequence_of_stimuli_for_fMRI_number_2_is_6   9  10   3   7   5   1  12   8   4   2  11.mat	unique_scan_info;unique_fMRI_N;discarded_dated_seq_secondary_to_fMRI_N;unique_runs_random	high
sub-023	ses-01	01	October-17-2023_ 5-37-15_PM__scan_info_for_subject_sub-c24__selected_run_is_1__fmri_number_is1.mat;fMRI_1.mat;runs_random.mat	October-17-2023_ 5-29-13_PM__Subject_is_sub-c24__sequence_of_stimuli_for_fMRI_number_1_is_11   6  10  12   1   5   9   2   4   7   3   8.mat	unique_scan_info;unique_fMRI_N;discarded_dated_seq_secondary_to_fMRI_N;unique_runs_random	high
sub-023	ses-01	02	October-17-2023_ 5-42-11_PM__scan_info_for_subject_sub-c24__selected_run_is_4__fmri_number_is2.mat;fMRI_2.mat;runs_random.mat	October-17-2023_ 5-37-40_PM__Subject_is_sub-c24__sequence_of_stimuli_for_fMRI_number_2_is_6   9  10   3   7   5   1  12   8   4   2  11.mat	unique_scan_info;unique_fMRI_N;discarded_dated_seq_secondary_to_fMRI_N;unique_runs_random	high
sub-023	ses-01	03	October-17-2023_ 5-47-21_PM__scan_info_for_subject_sub-c24__selected_run_is_2__fmri_number_is3.mat;fMRI_3.mat;runs_random.mat	October-17-2023_ 5-43-24_PM__Subject_is_sub-c24__sequence_of_stimuli_for_fMRI_number_3_is_3   1   7   8   9   4  12  11   6   2  10   5.mat	unique_scan_info;unique_fMRI_N;discarded_dated_seq_secondary_to_fMRI_N;unique_runs_random	high
sub-023	ses-01	04	October-17-2023_ 5-51-49_PM__scan_info_for_subject_sub-c24__selected_run_is_5__fmri_number_is4.mat;fMRI_4.mat;runs_random.mat	October-17-2023_ 5-47-34_PM__Subject_is_sub-c24__sequence_of_stimuli_for_fMRI_number_4_is_12   3  10   6  11   7   1   2   5   8   9   4.mat	unique_scan_info;unique_fMRI_N;discarded_dated_seq_secondary_to_fMRI_N;unique_runs_random	high
sub-023	ses-01	05	runs_random.mat		unique_runs_random;insufficient_for_events	low
sub-023	ses-01	06	runs_random.mat		unique_runs_random;insufficient_for_events	low
sub-023	ses-01	07	runs_random.mat		unique_runs_random;insufficient_for_events	low
sub-023	ses-01	08	runs_random.mat		unique_runs_random;insufficient_for_events	low
sub-023	ses-01	03	October-17-2023_ 5-47-21_PM__scan_info_for_subject_sub-c24__selected_run_is_2__fmri_number_is3.mat;fMRI_3.mat;runs_random.mat	October-17-2023_ 5-43-24_PM__Subject_is_sub-c24__sequence_of_stimuli_for_fMRI_number_3_is_3   1   7   8   9   4  12  11   6   2  10   5.mat	unique_scan_info;unique_fMRI_N;discarded_dated_seq_secondary_to_fMRI_N;unique_runs_random	high
sub-023	ses-01	04	October-17-2023_ 5-51-49_PM__scan_info_for_subject_sub-c24__selected_run_is_5__fmri_number_is4.mat;fMRI_4.mat;runs_random.mat	October-17-2023_ 5-47-34_PM__Subject_is_sub-c24__sequence_of_stimuli_for_fMRI_number_4_is_12   3  10   6  11   7   1   2   5   8   9   4.mat	unique_scan_info;unique_fMRI_N;discarded_dated_seq_secondary_to_fMRI_N;unique_runs_random	high
sub-023	ses-01	05	runs_random.mat		unique_runs_random;insufficient_for_events	low
sub-023	ses-01	06	runs_random.mat		unique_runs_random;insufficient_for_events	low
sub-023	ses-01	09	runs_random.mat		unique_runs_random;insufficient_for_events	low
sub-023	ses-01	10	runs_random.mat		unique_runs_random;insufficient_for_events	low
sub-023	ses-02	01	April-27-2024_ 9-00-06_AM__scan_info_for_subject_SUBC24-session2__selected_run_is_1__fmri_number_is1.mat;fMRI_1.mat;runs_random.mat	April-27-2024_ 8-54-37_AM__Subject_is_SUBC24-session2__sequence_of_stimuli_for_fMRI_number_1_is_11   6  10  12   1   5   9   2   4   7   3   8.mat	unique_scan_info;unique_fMRI_N;discarded_dated_seq_secondary_to_fMRI_N;unique_runs_random	high
sub-023	ses-02	02	April-27-2024_ 9-04-53_AM__scan_info_for_subject_SUBC024-Session02__selected_run_is_4__fmri_number_is2.mat;fMRI_2.mat;runs_random.mat	April-27-2024_ 9-00-55_AM__Subject_is_SUBC024-Session02__sequence_of_stimuli_for_fMRI_number_2_is_6   9  10   3   7   5   1  12   8   4   2  11.mat	unique_scan_info;unique_fMRI_N;discarded_dated_seq_secondary_to_fMRI_N;unique_runs_random	high
sub-023	ses-02	01	April-27-2024_ 9-00-06_AM__scan_info_for_subject_SUBC24-session2__selected_run_is_1__fmri_number_is1.mat;fMRI_1.mat;runs_random.mat	April-27-2024_ 8-54-37_AM__Subject_is_SUBC24-session2__sequence_of_stimuli_for_fMRI_number_1_is_11   6  10  12   1   5   9   2   4   7   3   8.mat	unique_scan_info;unique_fMRI_N;discarded_dated_seq_secondary_to_fMRI_N;unique_runs_random	high
sub-023	ses-02	02	April-27-2024_ 9-04-53_AM__scan_info_for_subject_SUBC024-Session02__selected_run_is_4__fmri_number_is2.mat;fMRI_2.mat;runs_random.mat	April-27-2024_ 9-00-55_AM__Subject_is_SUBC024-Session02__sequence_of_stimuli_for_fMRI_number_2_is_6   9  10   3   7   5   1  12   8   4   2  11.mat	unique_scan_info;unique_fMRI_N;discarded_dated_seq_secondary_to_fMRI_N;unique_runs_random	high
sub-023	ses-02	03	April-27-2024_ 9-10-27_AM__scan_info_for_subject_SUBC024-Session02__selected_run_is_2__fmri_number_is3.mat;fMRI_3.mat;runs_random.mat	April-27-2024_ 9-06-23_AM__Subject_is_SUBC024-Session02__sequence_of_stimuli_for_fMRI_number_3_is_3   1   7   8   9   4  12  11   6   2  10   5.mat	unique_scan_info;unique_fMRI_N;discarded_dated_seq_secondary_to_fMRI_N;unique_runs_random	high
sub-023	ses-02	04	April-27-2024_ 9-14-41_AM__scan_info_for_subject_SUBC024-Session02__selected_run_is_5__fmri_number_is4.mat;fMRI_4.mat;runs_random.mat	April-27-2024_ 9-10-51_AM__Subject_is_SUBC024-Session02__sequence_of_stimuli_for_fMRI_number_4_is_12   3  10   6  11   7   1   2   5   8   9   4.mat	unique_scan_info;unique_fMRI_N;discarded_dated_seq_secondary_to_fMRI_N;unique_runs_random	high
sub-023	ses-02	05	runs_random.mat		unique_runs_random;insufficient_for_events	low
sub-023	ses-02	06	runs_random.mat		unique_runs_random;insufficient_for_events	low
sub-023	ses-02	03	April-27-2024_ 9-10-27_AM__scan_info_for_subject_SUBC024-Session02__selected_run_is_2__fmri_number_is3.mat;fMRI_3.mat;runs_random.mat	April-27-2024_ 9-06-23_AM__Subject_is_SUBC024-Session02__sequence_of_stimuli_for_fMRI_number_3_is_3   1   7   8   9   4  12  11   6   2  10   5.mat	unique_scan_info;unique_fMRI_N;discarded_dated_seq_secondary_to_fMRI_N;unique_runs_random	high
sub-023	ses-02	04	April-27-2024_ 9-14-41_AM__scan_info_for_subject_SUBC024-Session02__selected_run_is_5__fmri_number_is4.mat;fMRI_4.mat;runs_random.mat	April-27-2024_ 9-10-51_AM__Subject_is_SUBC024-Session02__sequence_of_stimuli_for_fMRI_number_4_is_12   3  10   6  11   7   1   2   5   8   9   4.mat	unique_scan_info;unique_fMRI_N;discarded_dated_seq_secondary_to_fMRI_N;unique_runs_random	high
sub-023	ses-02	05	runs_random.mat		unique_runs_random;insufficient_for_events	low
sub-023	ses-02	06	runs_random.mat		unique_runs_random;insufficient_for_events	low
sub-023	ses-02	07	runs_random.mat		unique_runs_random;insufficient_for_events	low
sub-023	ses-02	08	runs_random.mat		unique_runs_random;insufficient_for_events	low
sub-024	ses-01	01	October-19-2023_11-26-00_AM__scan_info_for_subject_sub-c25__selected_run_is_1__fmri_number_is1.mat;fMRI_1.mat;runs_random.mat	October-19-2023_11-20-39_AM__Subject_is_sub-c25__sequence_of_stimuli_for_fMRI_number_1_is_11   6  10  12   1   5   9   2   4   7   3   8.mat	unique_scan_info;unique_fMRI_N;discarded_dated_seq_secondary_to_fMRI_N;unique_runs_random	high
sub-024	ses-01	02	October-19-2023_11-30-32_AM__scan_info_for_subject_sub-c25__selected_run_is_4__fmri_number_is2.mat;fMRI_2.mat;runs_random.mat	October-19-2023_11-26-37_AM__Subject_is_sub-c25__sequence_of_stimuli_for_fMRI_number_2_is_6   9  10   3   7   5   1  12   8   4   2  11.mat	unique_scan_info;unique_fMRI_N;discarded_dated_seq_secondary_to_fMRI_N;unique_runs_random	high
sub-024	ses-01	01	October-19-2023_11-26-00_AM__scan_info_for_subject_sub-c25__selected_run_is_1__fmri_number_is1.mat;fMRI_1.mat;runs_random.mat	October-19-2023_11-20-39_AM__Subject_is_sub-c25__sequence_of_stimuli_for_fMRI_number_1_is_11   6  10  12   1   5   9   2   4   7   3   8.mat	unique_scan_info;unique_fMRI_N;discarded_dated_seq_secondary_to_fMRI_N;unique_runs_random	high
sub-024	ses-01	02	October-19-2023_11-30-32_AM__scan_info_for_subject_sub-c25__selected_run_is_4__fmri_number_is2.mat;fMRI_2.mat;runs_random.mat	October-19-2023_11-26-37_AM__Subject_is_sub-c25__sequence_of_stimuli_for_fMRI_number_2_is_6   9  10   3   7   5   1  12   8   4   2  11.mat	unique_scan_info;unique_fMRI_N;discarded_dated_seq_secondary_to_fMRI_N;unique_runs_random	high
sub-024	ses-01	03	October-19-2023_11-36-00_AM__scan_info_for_subject_sub-c25__selected_run_is_2__fmri_number_is3.mat;fMRI_3.mat;runs_random.mat	October-19-2023_11-32-09_AM__Subject_is_sub-c25__sequence_of_stimuli_for_fMRI_number_3_is_3   1   7   8   9   4  12  11   6   2  10   5.mat	unique_scan_info;unique_fMRI_N;discarded_dated_seq_secondary_to_fMRI_N;unique_runs_random	high
sub-024	ses-01	04	October-19-2023_11-40-20_AM__scan_info_for_subject_sub-c25__selected_run_is_5__fmri_number_is4.mat;fMRI_4.mat;runs_random.mat	October-19-2023_11-36-24_AM__Subject_is_sub-c25__sequence_of_stimuli_for_fMRI_number_4_is_12   3  10   6  11   7   1   2   5   8   9   4.mat	unique_scan_info;unique_fMRI_N;discarded_dated_seq_secondary_to_fMRI_N;unique_runs_random	high
sub-024	ses-01	05	runs_random.mat		unique_runs_random;insufficient_for_events	low
sub-024	ses-01	06	runs_random.mat		unique_runs_random;insufficient_for_events	low
sub-024	ses-01	03	October-19-2023_11-36-00_AM__scan_info_for_subject_sub-c25__selected_run_is_2__fmri_number_is3.mat;fMRI_3.mat;runs_random.mat	October-19-2023_11-32-09_AM__Subject_is_sub-c25__sequence_of_stimuli_for_fMRI_number_3_is_3   1   7   8   9   4  12  11   6   2  10   5.mat	unique_scan_info;unique_fMRI_N;discarded_dated_seq_secondary_to_fMRI_N;unique_runs_random	high
sub-024	ses-01	04	October-19-2023_11-40-20_AM__scan_info_for_subject_sub-c25__selected_run_is_5__fmri_number_is4.mat;fMRI_4.mat;runs_random.mat	October-19-2023_11-36-24_AM__Subject_is_sub-c25__sequence_of_stimuli_for_fMRI_number_4_is_12   3  10   6  11   7   1   2   5   8   9   4.mat	unique_scan_info;unique_fMRI_N;discarded_dated_seq_secondary_to_fMRI_N;unique_runs_random	high
sub-024	ses-01	05	runs_random.mat		unique_runs_random;insufficient_for_events	low
sub-024	ses-01	06	runs_random.mat		unique_runs_random;insufficient_for_events	low
sub-024	ses-01	07	runs_random.mat		unique_runs_random;insufficient_for_events	low
sub-024	ses-01	08	runs_random.mat		unique_runs_random;insufficient_for_events	low
sub-024	ses-02	01	April-23-2024_10-43-44_AM__scan_info_for_subject_SUBC25__selected_run_is_1__fmri_number_is1.mat;fMRI_1.mat;runs_random.mat	April-23-2024_10-39-05_AM__Subject_is_SUBC25__sequence_of_stimuli_for_fMRI_number_1_is_11   6  10  12   1   5   9   2   4   7   3   8.mat	unique_scan_info;unique_fMRI_N;discarded_dated_seq_secondary_to_fMRI_N;unique_runs_random	high
sub-024	ses-02	02	April-23-2024_10-47-59_AM__scan_info_for_subject_c25__selected_run_is_4__fmri_number_is2.mat;fMRI_2.mat;runs_random.mat	April-23-2024_10-44-06_AM__Subject_is_c25__sequence_of_stimuli_for_fMRI_number_2_is_6   9  10   3   7   5   1  12   8   4   2  11.mat	unique_scan_info;unique_fMRI_N;discarded_dated_seq_secondary_to_fMRI_N;unique_runs_random	high
sub-024	ses-02	01	April-23-2024_10-43-44_AM__scan_info_for_subject_SUBC25__selected_run_is_1__fmri_number_is1.mat;fMRI_1.mat;runs_random.mat	April-23-2024_10-39-05_AM__Subject_is_SUBC25__sequence_of_stimuli_for_fMRI_number_1_is_11   6  10  12   1   5   9   2   4   7   3   8.mat	unique_scan_info;unique_fMRI_N;discarded_dated_seq_secondary_to_fMRI_N;unique_runs_random	high
sub-024	ses-02	02	April-23-2024_10-47-59_AM__scan_info_for_subject_c25__selected_run_is_4__fmri_number_is2.mat;fMRI_2.mat;runs_random.mat	April-23-2024_10-44-06_AM__Subject_is_c25__sequence_of_stimuli_for_fMRI_number_2_is_6   9  10   3   7   5   1  12   8   4   2  11.mat	unique_scan_info;unique_fMRI_N;discarded_dated_seq_secondary_to_fMRI_N;unique_runs_random	high
sub-024	ses-02	03	April-23-2024_10-53-30_AM__scan_info_for_subject_SUBC25__selected_run_is_2__fmri_number_is3.mat;fMRI_3.mat;runs_random.mat	April-23-2024_10-48-25_AM__Subject_is_SUBC25__sequence_of_stimuli_for_fMRI_number_3_is_3   1   7   8   9   4  12  11   6   2  10   5.mat	unique_scan_info;unique_fMRI_N;discarded_dated_seq_secondary_to_fMRI_N;unique_runs_random	high
sub-024	ses-02	04	April-23-2024_10-57-43_AM__scan_info_for_subject_C25__selected_run_is_5__fmri_number_is4.mat;fMRI_4.mat;runs_random.mat	April-23-2024_10-53-43_AM__Subject_is_C25__sequence_of_stimuli_for_fMRI_number_4_is_12   3  10   6  11   7   1   2   5   8   9   4.mat	unique_scan_info;unique_fMRI_N;discarded_dated_seq_secondary_to_fMRI_N;unique_runs_random	high
sub-024	ses-02	05	runs_random.mat		unique_runs_random;insufficient_for_events	low
sub-024	ses-02	06	runs_random.mat		unique_runs_random;insufficient_for_events	low
sub-024	ses-02	07	runs_random.mat		unique_runs_random;insufficient_for_events	low
sub-024	ses-02	08	runs_random.mat		unique_runs_random;insufficient_for_events	low
sub-024	ses-02	09	runs_random.mat		unique_runs_random;insufficient_for_events	low
sub-024	ses-02	10	runs_random.mat		unique_runs_random;insufficient_for_events	low
sub-024	ses-02	03	April-23-2024_10-53-30_AM__scan_info_for_subject_SUBC25__selected_run_is_2__fmri_number_is3.mat;fMRI_3.mat;runs_random.mat	April-23-2024_10-48-25_AM__Subject_is_SUBC25__sequence_of_stimuli_for_fMRI_number_3_is_3   1   7   8   9   4  12  11   6   2  10   5.mat	unique_scan_info;unique_fMRI_N;discarded_dated_seq_secondary_to_fMRI_N;unique_runs_random	high
sub-024	ses-02	04	April-23-2024_10-57-43_AM__scan_info_for_subject_C25__selected_run_is_5__fmri_number_is4.mat;fMRI_4.mat;runs_random.mat	April-23-2024_10-53-43_AM__Subject_is_C25__sequence_of_stimuli_for_fMRI_number_4_is_12   3  10   6  11   7   1   2   5   8   9   4.mat	unique_scan_info;unique_fMRI_N;discarded_dated_seq_secondary_to_fMRI_N;unique_runs_random	high
sub-024	ses-02	05	runs_random.mat		unique_runs_random;insufficient_for_events	low
sub-024	ses-02	06	runs_random.mat		unique_runs_random;insufficient_for_events	low
sub-024	ses-02	11	runs_random.mat		unique_runs_random;insufficient_for_events	low
sub-024	ses-02	12	runs_random.mat		unique_runs_random;insufficient_for_events	low
sub-025	ses-01	01	October-20-2023_ 4-01-38_PM__scan_info_for_subject_SUBC26__selected_run_is_1__fmri_number_is1.mat;fMRI_1.mat;runs_random.mat	October-20-2023_ 3-53-43_PM__Subject_is_SUBC26__sequence_of_stimuli_for_fMRI_number_1_is_11   6  10  12   1   5   9   2   4   7   3   8.mat	unique_scan_info;unique_fMRI_N;discarded_dated_seq_secondary_to_fMRI_N;unique_runs_random	high
sub-025	ses-01	02	October-20-2023_ 4-06-56_PM__scan_info_for_subject_SUBC26__selected_run_is_4__fmri_number_is2.mat;fMRI_2.mat;runs_random.mat	October-20-2023_ 4-01-59_PM__Subject_is_SUBC26__sequence_of_stimuli_for_fMRI_number_2_is_6   9  10   3   7   5   1  12   8   4   2  11.mat	unique_scan_info;unique_fMRI_N;discarded_dated_seq_secondary_to_fMRI_N;unique_runs_random	high
sub-025	ses-01	01	October-20-2023_ 4-01-38_PM__scan_info_for_subject_SUBC26__selected_run_is_1__fmri_number_is1.mat;fMRI_1.mat;runs_random.mat	October-20-2023_ 3-53-43_PM__Subject_is_SUBC26__sequence_of_stimuli_for_fMRI_number_1_is_11   6  10  12   1   5   9   2   4   7   3   8.mat	unique_scan_info;unique_fMRI_N;discarded_dated_seq_secondary_to_fMRI_N;unique_runs_random	high
sub-025	ses-01	02	October-20-2023_ 4-06-56_PM__scan_info_for_subject_SUBC26__selected_run_is_4__fmri_number_is2.mat;fMRI_2.mat;runs_random.mat	October-20-2023_ 4-01-59_PM__Subject_is_SUBC26__sequence_of_stimuli_for_fMRI_number_2_is_6   9  10   3   7   5   1  12   8   4   2  11.mat	unique_scan_info;unique_fMRI_N;discarded_dated_seq_secondary_to_fMRI_N;unique_runs_random	high
sub-025	ses-01	03	October-20-2023_ 4-13-33_PM__scan_info_for_subject_SUBC26__selected_run_is_2__fmri_number_is3.mat;fMRI_3.mat;runs_random.mat	October-20-2023_ 4-07-10_PM__Subject_is_SUBC26__sequence_of_stimuli_for_fMRI_number_3_is_3   1   7   8   9   4  12  11   6   2  10   5.mat	unique_scan_info;unique_fMRI_N;discarded_dated_seq_secondary_to_fMRI_N;unique_runs_random	high
sub-025	ses-01	04	October-20-2023_ 4-18-16_PM__scan_info_for_subject_SUBC26__selected_run_is_5__fmri_number_is4.mat;fMRI_4.mat;runs_random.mat	October-20-2023_ 4-13-55_PM__Subject_is_SUBC26__sequence_of_stimuli_for_fMRI_number_4_is_12   3  10   6  11   7   1   2   5   8   9   4.mat	unique_scan_info;unique_fMRI_N;discarded_dated_seq_secondary_to_fMRI_N;unique_runs_random	high
sub-025	ses-01	05	runs_random.mat		unique_runs_random;insufficient_for_events	low
sub-025	ses-01	06	runs_random.mat		unique_runs_random;insufficient_for_events	low
sub-025	ses-01	07	runs_random.mat		unique_runs_random;insufficient_for_events	low
sub-025	ses-01	08	runs_random.mat		unique_runs_random;insufficient_for_events	low
sub-025	ses-01	03	October-20-2023_ 4-13-33_PM__scan_info_for_subject_SUBC26__selected_run_is_2__fmri_number_is3.mat;fMRI_3.mat;runs_random.mat	October-20-2023_ 4-07-10_PM__Subject_is_SUBC26__sequence_of_stimuli_for_fMRI_number_3_is_3   1   7   8   9   4  12  11   6   2  10   5.mat	unique_scan_info;unique_fMRI_N;discarded_dated_seq_secondary_to_fMRI_N;unique_runs_random	high
sub-025	ses-01	04	October-20-2023_ 4-18-16_PM__scan_info_for_subject_SUBC26__selected_run_is_5__fmri_number_is4.mat;fMRI_4.mat;runs_random.mat	October-20-2023_ 4-13-55_PM__Subject_is_SUBC26__sequence_of_stimuli_for_fMRI_number_4_is_12   3  10   6  11   7   1   2   5   8   9   4.mat	unique_scan_info;unique_fMRI_N;discarded_dated_seq_secondary_to_fMRI_N;unique_runs_random	high
sub-025	ses-01	05	runs_random.mat		unique_runs_random;insufficient_for_events	low
sub-025	ses-01	06	runs_random.mat		unique_runs_random;insufficient_for_events	low
sub-025	ses-01	09	runs_random.mat		unique_runs_random;insufficient_for_events	low
sub-025	ses-01	10	runs_random.mat		unique_runs_random;insufficient_for_events	low
sub-025	ses-02	01	April-19-2024_12-29-48_PM__scan_info_for_subject_SUBC26-session2__selected_run_is_1__fmri_number_is1.mat;fMRI_1.mat;runs_random.mat	April-19-2024_12-25-03_PM__Subject_is_SUBC26-session2__sequence_of_stimuli_for_fMRI_number_1_is_11   6  10  12   1   5   9   2   4   7   3   8.mat	unique_scan_info;unique_fMRI_N;discarded_dated_seq_secondary_to_fMRI_N;unique_runs_random	high
sub-025	ses-02	02	April-19-2024_12-34-00_PM__scan_info_for_subject_SUBC26-session2__selected_run_is_4__fmri_number_is2.mat;fMRI_2.mat;runs_random.mat	April-19-2024_12-30-04_PM__Subject_is_SUBC26-session2__sequence_of_stimuli_for_fMRI_number_2_is_6   9  10   3   7   5   1  12   8   4   2  11.mat	unique_scan_info;unique_fMRI_N;discarded_dated_seq_secondary_to_fMRI_N;unique_runs_random	high
sub-025	ses-02	01	April-19-2024_12-29-48_PM__scan_info_for_subject_SUBC26-session2__selected_run_is_1__fmri_number_is1.mat;fMRI_1.mat;runs_random.mat	April-19-2024_12-25-03_PM__Subject_is_SUBC26-session2__sequence_of_stimuli_for_fMRI_number_1_is_11   6  10  12   1   5   9   2   4   7   3   8.mat	unique_scan_info;unique_fMRI_N;discarded_dated_seq_secondary_to_fMRI_N;unique_runs_random	high
sub-025	ses-02	02	April-19-2024_12-34-00_PM__scan_info_for_subject_SUBC26-session2__selected_run_is_4__fmri_number_is2.mat;fMRI_2.mat;runs_random.mat	April-19-2024_12-30-04_PM__Subject_is_SUBC26-session2__sequence_of_stimuli_for_fMRI_number_2_is_6   9  10   3   7   5   1  12   8   4   2  11.mat	unique_scan_info;unique_fMRI_N;discarded_dated_seq_secondary_to_fMRI_N;unique_runs_random	high
sub-025	ses-02	03	April-19-2024_12-39-16_PM__scan_info_for_subject_SUBC26-session2__selected_run_is_2__fmri_number_is3.mat;fMRI_3.mat;runs_random.mat	April-19-2024_12-35-10_PM__Subject_is_SUBC26-session2__sequence_of_stimuli_for_fMRI_number_3_is_3   1   7   8   9   4  12  11   6   2  10   5.mat	unique_scan_info;unique_fMRI_N;discarded_dated_seq_secondary_to_fMRI_N;unique_runs_random	high
sub-025	ses-02	04	April-19-2024_12-43-20_PM__scan_info_for_subject_SUBC26-session2__selected_run_is_5__fmri_number_is4.mat;fMRI_4.mat;runs_random.mat	April-19-2024_12-39-31_PM__Subject_is_SUBC26-session2__sequence_of_stimuli_for_fMRI_number_4_is_12   3  10   6  11   7   1   2   5   8   9   4.mat	unique_scan_info;unique_fMRI_N;discarded_dated_seq_secondary_to_fMRI_N;unique_runs_random	high
sub-025	ses-02	05	runs_random.mat		unique_runs_random;insufficient_for_events	low
sub-025	ses-02	06	runs_random.mat		unique_runs_random;insufficient_for_events	low
sub-025	ses-02	03	April-19-2024_12-39-16_PM__scan_info_for_subject_SUBC26-session2__selected_run_is_2__fmri_number_is3.mat;fMRI_3.mat;runs_random.mat	April-19-2024_12-35-10_PM__Subject_is_SUBC26-session2__sequence_of_stimuli_for_fMRI_number_3_is_3   1   7   8   9   4  12  11   6   2  10   5.mat	unique_scan_info;unique_fMRI_N;discarded_dated_seq_secondary_to_fMRI_N;unique_runs_random	high
sub-025	ses-02	04	April-19-2024_12-43-20_PM__scan_info_for_subject_SUBC26-session2__selected_run_is_5__fmri_number_is4.mat;fMRI_4.mat;runs_random.mat	April-19-2024_12-39-31_PM__Subject_is_SUBC26-session2__sequence_of_stimuli_for_fMRI_number_4_is_12   3  10   6  11   7   1   2   5   8   9   4.mat	unique_scan_info;unique_fMRI_N;discarded_dated_seq_secondary_to_fMRI_N;unique_runs_random	high
sub-025	ses-02	05	runs_random.mat		unique_runs_random;insufficient_for_events	low
sub-025	ses-02	06	runs_random.mat		unique_runs_random;insufficient_for_events	low
sub-025	ses-02	07	runs_random.mat		unique_runs_random;insufficient_for_events	low
sub-025	ses-02	08	runs_random.mat		unique_runs_random;insufficient_for_events	low
sub-026	ses-01	01	December-01-2023_ 9-48-43_AM__scan_info_for_subject_C027__selected_run_is_1__fmri_number_is1.mat;fMRI_1.mat;runs_random.mat	December-01-2023_ 9-39-58_AM__Subject_is_C027__sequence_of_stimuli_for_fMRI_number_1_is_11   6  10  12   1   5   9   2   4   7   3   8.mat	unique_scan_info;unique_fMRI_N;discarded_dated_seq_secondary_to_fMRI_N;unique_runs_random	high
sub-026	ses-01	02	December-01-2023_ 9-52-51_AM__scan_info_for_subject_C027__selected_run_is_4__fmri_number_is2.mat;fMRI_2.mat;runs_random.mat	December-01-2023_ 9-49-01_AM__Subject_is_C027__sequence_of_stimuli_for_fMRI_number_2_is_6   9  10   3   7   5   1  12   8   4   2  11.mat	unique_scan_info;unique_fMRI_N;discarded_dated_seq_secondary_to_fMRI_N;unique_runs_random	high
sub-026	ses-01	01	December-01-2023_ 9-48-43_AM__scan_info_for_subject_C027__selected_run_is_1__fmri_number_is1.mat;fMRI_1.mat;runs_random.mat	December-01-2023_ 9-39-58_AM__Subject_is_C027__sequence_of_stimuli_for_fMRI_number_1_is_11   6  10  12   1   5   9   2   4   7   3   8.mat	unique_scan_info;unique_fMRI_N;discarded_dated_seq_secondary_to_fMRI_N;unique_runs_random	high
sub-026	ses-01	02	December-01-2023_ 9-52-51_AM__scan_info_for_subject_C027__selected_run_is_4__fmri_number_is2.mat;fMRI_2.mat;runs_random.mat	December-01-2023_ 9-49-01_AM__Subject_is_C027__sequence_of_stimuli_for_fMRI_number_2_is_6   9  10   3   7   5   1  12   8   4   2  11.mat	unique_scan_info;unique_fMRI_N;discarded_dated_seq_secondary_to_fMRI_N;unique_runs_random	high
sub-026	ses-01	03	December-01-2023_ 9-57-08_AM__scan_info_for_subject_C027__selected_run_is_2__fmri_number_is3.mat;fMRI_3.mat;runs_random.mat	December-01-2023_ 9-53-09_AM__Subject_is_C027__sequence_of_stimuli_for_fMRI_number_3_is_3   1   7   8   9   4  12  11   6   2  10   5.mat	unique_scan_info;unique_fMRI_N;discarded_dated_seq_secondary_to_fMRI_N;unique_runs_random	high
sub-026	ses-01	04	December-01-2023_10-02-16_AM__scan_info_for_subject_C027__selected_run_is_5__fmri_number_is4.mat;fMRI_4.mat;runs_random.mat	December-01-2023_ 9-58-09_AM__Subject_is_C027__sequence_of_stimuli_for_fMRI_number_4_is_12   3  10   6  11   7   1   2   5   8   9   4.mat	unique_scan_info;unique_fMRI_N;discarded_dated_seq_secondary_to_fMRI_N;unique_runs_random	high
sub-026	ses-01	05	runs_random.mat		unique_runs_random;insufficient_for_events	low
sub-026	ses-01	06	runs_random.mat		unique_runs_random;insufficient_for_events	low
sub-026	ses-01	03	December-01-2023_ 9-57-08_AM__scan_info_for_subject_C027__selected_run_is_2__fmri_number_is3.mat;fMRI_3.mat;runs_random.mat	December-01-2023_ 9-53-09_AM__Subject_is_C027__sequence_of_stimuli_for_fMRI_number_3_is_3   1   7   8   9   4  12  11   6   2  10   5.mat	unique_scan_info;unique_fMRI_N;discarded_dated_seq_secondary_to_fMRI_N;unique_runs_random	high
sub-026	ses-01	04	December-01-2023_10-02-16_AM__scan_info_for_subject_C027__selected_run_is_5__fmri_number_is4.mat;fMRI_4.mat;runs_random.mat	December-01-2023_ 9-58-09_AM__Subject_is_C027__sequence_of_stimuli_for_fMRI_number_4_is_12   3  10   6  11   7   1   2   5   8   9   4.mat	unique_scan_info;unique_fMRI_N;discarded_dated_seq_secondary_to_fMRI_N;unique_runs_random	high
sub-026	ses-01	05	runs_random.mat		unique_runs_random;insufficient_for_events	low
sub-026	ses-01	06	runs_random.mat		unique_runs_random;insufficient_for_events	low
sub-026	ses-01	07	runs_random.mat		unique_runs_random;insufficient_for_events	low
sub-026	ses-01	08	runs_random.mat		unique_runs_random;insufficient_for_events	low
sub-026	ses-02	01	July-17-2024_ 4-37-30_PM__scan_info_for_subject_subc27-session2-2024jul17__selected_run_is_1__fmri_number_is1.mat;fMRI_1.mat;runs_random.mat	July-17-2024_ 4-32-13_PM__Subject_is_subc27-session2-2024jul17__sequence_of_stimuli_for_fMRI_number_1_is_11   6  10  12   1   5   9   2   4   7   3   8.mat	unique_scan_info;unique_fMRI_N;discarded_dated_seq_secondary_to_fMRI_N;unique_runs_random	high
sub-026	ses-02	02	July-17-2024_ 4-42-02_PM__scan_info_for_subject_SUBC27-session2-2024jul17__selected_run_is_4__fmri_number_is2.mat;fMRI_2.mat;runs_random.mat	July-17-2024_ 4-37-53_PM__Subject_is_SUBC27-session2-2024jul17__sequence_of_stimuli_for_fMRI_number_2_is_6   9  10   3   7   5   1  12   8   4   2  11.mat	unique_scan_info;unique_fMRI_N;discarded_dated_seq_secondary_to_fMRI_N;unique_runs_random	high
sub-026	ses-02	01	July-17-2024_ 4-37-30_PM__scan_info_for_subject_subc27-session2-2024jul17__selected_run_is_1__fmri_number_is1.mat;fMRI_1.mat;runs_random.mat	July-17-2024_ 4-32-13_PM__Subject_is_subc27-session2-2024jul17__sequence_of_stimuli_for_fMRI_number_1_is_11   6  10  12   1   5   9   2   4   7   3   8.mat	unique_scan_info;unique_fMRI_N;discarded_dated_seq_secondary_to_fMRI_N;unique_runs_random	high
sub-026	ses-02	02	July-17-2024_ 4-42-02_PM__scan_info_for_subject_SUBC27-session2-2024jul17__selected_run_is_4__fmri_number_is2.mat;fMRI_2.mat;runs_random.mat	July-17-2024_ 4-37-53_PM__Subject_is_SUBC27-session2-2024jul17__sequence_of_stimuli_for_fMRI_number_2_is_6   9  10   3   7   5   1  12   8   4   2  11.mat	unique_scan_info;unique_fMRI_N;discarded_dated_seq_secondary_to_fMRI_N;unique_runs_random	high
sub-026	ses-02	03	July-17-2024_ 4-47-23_PM__scan_info_for_subject_SUBC27-Session2-2024jul17__selected_run_is_2__fmri_number_is3.mat;fMRI_3.mat;runs_random.mat	July-17-2024_ 4-43-24_PM__Subject_is_SUBC27-Session2-2024jul17__sequence_of_stimuli_for_fMRI_number_3_is_3   1   7   8   9   4  12  11   6   2  10   5.mat	unique_scan_info;unique_fMRI_N;discarded_dated_seq_secondary_to_fMRI_N;unique_runs_random	high
sub-026	ses-02	04	July-17-2024_ 4-51-37_PM__scan_info_for_subject_SUBC27-__selected_run_is_5__fmri_number_is4.mat;fMRI_4.mat;runs_random.mat	July-17-2024_ 4-47-35_PM__Subject_is_SUBC27-__sequence_of_stimuli_for_fMRI_number_4_is_12   3  10   6  11   7   1   2   5   8   9   4.mat	unique_scan_info;unique_fMRI_N;discarded_dated_seq_secondary_to_fMRI_N;unique_runs_random	high
sub-026	ses-02	05	runs_random.mat		unique_runs_random;insufficient_for_events	low
sub-026	ses-02	06	runs_random.mat		unique_runs_random;insufficient_for_events	low
sub-026	ses-02	03	July-17-2024_ 4-47-23_PM__scan_info_for_subject_SUBC27-Session2-2024jul17__selected_run_is_2__fmri_number_is3.mat;fMRI_3.mat;runs_random.mat	July-17-2024_ 4-43-24_PM__Subject_is_SUBC27-Session2-2024jul17__sequence_of_stimuli_for_fMRI_number_3_is_3   1   7   8   9   4  12  11   6   2  10   5.mat	unique_scan_info;unique_fMRI_N;discarded_dated_seq_secondary_to_fMRI_N;unique_runs_random	high
sub-026	ses-02	04	July-17-2024_ 4-51-37_PM__scan_info_for_subject_SUBC27-__selected_run_is_5__fmri_number_is4.mat;fMRI_4.mat;runs_random.mat	July-17-2024_ 4-47-35_PM__Subject_is_SUBC27-__sequence_of_stimuli_for_fMRI_number_4_is_12   3  10   6  11   7   1   2   5   8   9   4.mat	unique_scan_info;unique_fMRI_N;discarded_dated_seq_secondary_to_fMRI_N;unique_runs_random	high
sub-026	ses-02	05	runs_random.mat		unique_runs_random;insufficient_for_events	low
sub-026	ses-02	06	runs_random.mat		unique_runs_random;insufficient_for_events	low
sub-026	ses-02	07	runs_random.mat		unique_runs_random;insufficient_for_events	low
sub-026	ses-02	08	runs_random.mat		unique_runs_random;insufficient_for_events	low
sub-027	ses-01	01	December-09-2023_11-36-46_AM__scan_info_for_subject_SUBC028__selected_run_is_1__fmri_number_is1.mat;fMRI_1.mat;runs_random.mat	December-09-2023_11-31-06_AM__Subject_is_SUBC028__sequence_of_stimuli_for_fMRI_number_1_is_11   6  10  12   1   5   9   2   4   7   3   8.mat	unique_scan_info;unique_fMRI_N;discarded_dated_seq_secondary_to_fMRI_N;unique_runs_random	high
sub-027	ses-01	02	December-09-2023_11-41-00_AM__scan_info_for_subject_SUBC028__selected_run_is_4__fmri_number_is2.mat;fMRI_2.mat;runs_random.mat	December-09-2023_11-37-01_AM__Subject_is_SUBC028__sequence_of_stimuli_for_fMRI_number_2_is_6   9  10   3   7   5   1  12   8   4   2  11.mat	unique_scan_info;unique_fMRI_N;discarded_dated_seq_secondary_to_fMRI_N;unique_runs_random	high
sub-027	ses-01	01	December-09-2023_11-36-46_AM__scan_info_for_subject_SUBC028__selected_run_is_1__fmri_number_is1.mat;fMRI_1.mat;runs_random.mat	December-09-2023_11-31-06_AM__Subject_is_SUBC028__sequence_of_stimuli_for_fMRI_number_1_is_11   6  10  12   1   5   9   2   4   7   3   8.mat	unique_scan_info;unique_fMRI_N;discarded_dated_seq_secondary_to_fMRI_N;unique_runs_random	high
sub-027	ses-01	02	December-09-2023_11-41-00_AM__scan_info_for_subject_SUBC028__selected_run_is_4__fmri_number_is2.mat;fMRI_2.mat;runs_random.mat	December-09-2023_11-37-01_AM__Subject_is_SUBC028__sequence_of_stimuli_for_fMRI_number_2_is_6   9  10   3   7   5   1  12   8   4   2  11.mat	unique_scan_info;unique_fMRI_N;discarded_dated_seq_secondary_to_fMRI_N;unique_runs_random	high
sub-027	ses-01	03	December-09-2023_11-46-31_AM__scan_info_for_subject_SUBC028__selected_run_is_2__fmri_number_is3.mat;fMRI_3.mat;runs_random.mat	December-09-2023_11-41-33_AM__Subject_is_SUBC028__sequence_of_stimuli_for_fMRI_number_3_is_3   1   7   8   9   4  12  11   6   2  10   5.mat	unique_scan_info;unique_fMRI_N;discarded_dated_seq_secondary_to_fMRI_N;unique_runs_random	high
sub-027	ses-01	04	December-09-2023_11-50-45_AM__scan_info_for_subject_SUBC028__selected_run_is_5__fmri_number_is4.mat;fMRI_4.mat;runs_random.mat	December-09-2023_11-46-40_AM__Subject_is_SUBC028__sequence_of_stimuli_for_fMRI_number_4_is_12   3  10   6  11   7   1   2   5   8   9   4.mat	unique_scan_info;unique_fMRI_N;discarded_dated_seq_secondary_to_fMRI_N;unique_runs_random	high
sub-027	ses-01	05	runs_random.mat		unique_runs_random;insufficient_for_events	low
sub-027	ses-01	06	runs_random.mat		unique_runs_random;insufficient_for_events	low
sub-027	ses-01	03	December-09-2023_11-46-31_AM__scan_info_for_subject_SUBC028__selected_run_is_2__fmri_number_is3.mat;fMRI_3.mat;runs_random.mat	December-09-2023_11-41-33_AM__Subject_is_SUBC028__sequence_of_stimuli_for_fMRI_number_3_is_3   1   7   8   9   4  12  11   6   2  10   5.mat	unique_scan_info;unique_fMRI_N;discarded_dated_seq_secondary_to_fMRI_N;unique_runs_random	high
sub-027	ses-01	04	December-09-2023_11-50-45_AM__scan_info_for_subject_SUBC028__selected_run_is_5__fmri_number_is4.mat;fMRI_4.mat;runs_random.mat	December-09-2023_11-46-40_AM__Subject_is_SUBC028__sequence_of_stimuli_for_fMRI_number_4_is_12   3  10   6  11   7   1   2   5   8   9   4.mat	unique_scan_info;unique_fMRI_N;discarded_dated_seq_secondary_to_fMRI_N;unique_runs_random	high
sub-027	ses-01	05	runs_random.mat		unique_runs_random;insufficient_for_events	low
sub-027	ses-01	06	runs_random.mat		unique_runs_random;insufficient_for_events	low
sub-027	ses-01	07	runs_random.mat		unique_runs_random;insufficient_for_events	low
sub-027	ses-01	08	runs_random.mat		unique_runs_random;insufficient_for_events	low
sub-027	ses-02	01	July-13-2024_10-10-09_AM__scan_info_for_subject_SUBC28-Session2__selected_run_is_1__fmri_number_is1.mat;fMRI_1.mat;runs_random.mat	July-13-2024_10-04-55_AM__Subject_is_SUBC28-Session2__sequence_of_stimuli_for_fMRI_number_1_is_11   6  10  12   1   5   9   2   4   7   3   8.mat	unique_scan_info;unique_fMRI_N;discarded_dated_seq_secondary_to_fMRI_N;unique_runs_random	high
sub-027	ses-02	02	July-13-2024_10-14-44_AM__scan_info_for_subject_SUBC28_Session02__selected_run_is_4__fmri_number_is2.mat;fMRI_2.mat;runs_random.mat	July-13-2024_10-10-52_AM__Subject_is_SUBC28_Session02__sequence_of_stimuli_for_fMRI_number_2_is_6   9  10   3   7   5   1  12   8   4   2  11.mat	unique_scan_info;unique_fMRI_N;discarded_dated_seq_secondary_to_fMRI_N;unique_runs_random	high
sub-027	ses-02	01	July-13-2024_10-10-09_AM__scan_info_for_subject_SUBC28-Session2__selected_run_is_1__fmri_number_is1.mat;fMRI_1.mat;runs_random.mat	July-13-2024_10-04-55_AM__Subject_is_SUBC28-Session2__sequence_of_stimuli_for_fMRI_number_1_is_11   6  10  12   1   5   9   2   4   7   3   8.mat	unique_scan_info;unique_fMRI_N;discarded_dated_seq_secondary_to_fMRI_N;unique_runs_random	high
sub-027	ses-02	02	July-13-2024_10-14-44_AM__scan_info_for_subject_SUBC28_Session02__selected_run_is_4__fmri_number_is2.mat;fMRI_2.mat;runs_random.mat	July-13-2024_10-10-52_AM__Subject_is_SUBC28_Session02__sequence_of_stimuli_for_fMRI_number_2_is_6   9  10   3   7   5   1  12   8   4   2  11.mat	unique_scan_info;unique_fMRI_N;discarded_dated_seq_secondary_to_fMRI_N;unique_runs_random	high
sub-027	ses-02	03	July-13-2024_10-20-09_AM__scan_info_for_subject_SUC28_Session02__selected_run_is_2__fmri_number_is3.mat;fMRI_3.mat;runs_random.mat	July-13-2024_10-16-13_AM__Subject_is_SUC28_Session02__sequence_of_stimuli_for_fMRI_number_3_is_3   1   7   8   9   4  12  11   6   2  10   5.mat	unique_scan_info;unique_fMRI_N;discarded_dated_seq_secondary_to_fMRI_N;unique_runs_random	high
sub-027	ses-02	04	July-13-2024_10-24-23_AM__scan_info_for_subject_SUBC28_Session02__selected_run_is_5__fmri_number_is4.mat;fMRI_4.mat;runs_random.mat	July-13-2024_10-20-32_AM__Subject_is_SUBC28_Session02__sequence_of_stimuli_for_fMRI_number_4_is_12   3  10   6  11   7   1   2   5   8   9   4.mat	unique_scan_info;unique_fMRI_N;discarded_dated_seq_secondary_to_fMRI_N;unique_runs_random	high
sub-027	ses-02	05	runs_random.mat		unique_runs_random;insufficient_for_events	low
sub-027	ses-02	06	runs_random.mat		unique_runs_random;insufficient_for_events	low
sub-027	ses-02	03	July-13-2024_10-20-09_AM__scan_info_for_subject_SUC28_Session02__selected_run_is_2__fmri_number_is3.mat;fMRI_3.mat;runs_random.mat	July-13-2024_10-16-13_AM__Subject_is_SUC28_Session02__sequence_of_stimuli_for_fMRI_number_3_is_3   1   7   8   9   4  12  11   6   2  10   5.mat	unique_scan_info;unique_fMRI_N;discarded_dated_seq_secondary_to_fMRI_N;unique_runs_random	high
sub-027	ses-02	04	July-13-2024_10-24-23_AM__scan_info_for_subject_SUBC28_Session02__selected_run_is_5__fmri_number_is4.mat;fMRI_4.mat;runs_random.mat	July-13-2024_10-20-32_AM__Subject_is_SUBC28_Session02__sequence_of_stimuli_for_fMRI_number_4_is_12   3  10   6  11   7   1   2   5   8   9   4.mat	unique_scan_info;unique_fMRI_N;discarded_dated_seq_secondary_to_fMRI_N;unique_runs_random	high
sub-027	ses-02	05	runs_random.mat		unique_runs_random;insufficient_for_events	low
sub-027	ses-02	06	runs_random.mat		unique_runs_random;insufficient_for_events	low
sub-027	ses-02	07	runs_random.mat		unique_runs_random;insufficient_for_events	low
sub-027	ses-02	08	runs_random.mat		unique_runs_random;insufficient_for_events	low
sub-028	ses-01	01	December-16-2023_12-11-29_PM__scan_info_for_subject_SUBC028__selected_run_is_1__fmri_number_is1.mat;fMRI_1.mat;runs_random.mat	December-16-2023_12-04-39_PM__Subject_is_SUBC028__sequence_of_stimuli_for_fMRI_number_1_is_11   6  10  12   1   5   9   2   4   7   3   8.mat	unique_scan_info;unique_fMRI_N;discarded_dated_seq_secondary_to_fMRI_N;unique_runs_random	high
sub-028	ses-01	02	December-16-2023_12-15-58_PM__scan_info_for_subject_SUBC028__selected_run_is_4__fmri_number_is2.mat;fMRI_2.mat;runs_random.mat	December-16-2023_12-11-52_PM__Subject_is_SUBC028__sequence_of_stimuli_for_fMRI_number_2_is_6   9  10   3   7   5   1  12   8   4   2  11.mat	unique_scan_info;unique_fMRI_N;discarded_dated_seq_secondary_to_fMRI_N;unique_runs_random	high
sub-028	ses-01	03	December-16-2023_12-20-21_PM__scan_info_for_subject_SUBC028__selected_run_is_2__fmri_number_is3.mat;fMRI_3.mat;runs_random.mat	December-16-2023_12-16-15_PM__Subject_is_SUBC028__sequence_of_stimuli_for_fMRI_number_3_is_3   1   7   8   9   4  12  11   6   2  10   5.mat	unique_scan_info;unique_fMRI_N;discarded_dated_seq_secondary_to_fMRI_N;unique_runs_random	high
sub-028	ses-01	04	December-16-2023_12-24-43_PM__scan_info_for_subject_SUBC028__selected_run_is_5__fmri_number_is4.mat;fMRI_4.mat;runs_random.mat	December-16-2023_12-20-38_PM__Subject_is_SUBC028__sequence_of_stimuli_for_fMRI_number_4_is_12   3  10   6  11   7   1   2   5   8   9   4.mat	unique_scan_info;unique_fMRI_N;discarded_dated_seq_secondary_to_fMRI_N;unique_runs_random	high
sub-028	ses-01	01	December-16-2023_12-11-29_PM__scan_info_for_subject_SUBC028__selected_run_is_1__fmri_number_is1.mat;fMRI_1.mat;runs_random.mat	December-16-2023_12-04-39_PM__Subject_is_SUBC028__sequence_of_stimuli_for_fMRI_number_1_is_11   6  10  12   1   5   9   2   4   7   3   8.mat	unique_scan_info;unique_fMRI_N;discarded_dated_seq_secondary_to_fMRI_N;unique_runs_random	high
sub-028	ses-01	02	December-16-2023_12-15-58_PM__scan_info_for_subject_SUBC028__selected_run_is_4__fmri_number_is2.mat;fMRI_2.mat;runs_random.mat	December-16-2023_12-11-52_PM__Subject_is_SUBC028__sequence_of_stimuli_for_fMRI_number_2_is_6   9  10   3   7   5   1  12   8   4   2  11.mat	unique_scan_info;unique_fMRI_N;discarded_dated_seq_secondary_to_fMRI_N;unique_runs_random	high
sub-028	ses-01	05	runs_random.mat		unique_runs_random;insufficient_for_events	low
sub-028	ses-01	06	runs_random.mat		unique_runs_random;insufficient_for_events	low
sub-028	ses-01	03	December-16-2023_12-20-21_PM__scan_info_for_subject_SUBC028__selected_run_is_2__fmri_number_is3.mat;fMRI_3.mat;runs_random.mat	December-16-2023_12-16-15_PM__Subject_is_SUBC028__sequence_of_stimuli_for_fMRI_number_3_is_3   1   7   8   9   4  12  11   6   2  10   5.mat	unique_scan_info;unique_fMRI_N;discarded_dated_seq_secondary_to_fMRI_N;unique_runs_random	high
sub-028	ses-01	04	December-16-2023_12-24-43_PM__scan_info_for_subject_SUBC028__selected_run_is_5__fmri_number_is4.mat;fMRI_4.mat;runs_random.mat	December-16-2023_12-20-38_PM__Subject_is_SUBC028__sequence_of_stimuli_for_fMRI_number_4_is_12   3  10   6  11   7   1   2   5   8   9   4.mat	unique_scan_info;unique_fMRI_N;discarded_dated_seq_secondary_to_fMRI_N;unique_runs_random	high
sub-028	ses-01	05	runs_random.mat		unique_runs_random;insufficient_for_events	low
sub-028	ses-01	06	runs_random.mat		unique_runs_random;insufficient_for_events	low
sub-028	ses-01	07	runs_random.mat		unique_runs_random;insufficient_for_events	low
sub-028	ses-01	08	runs_random.mat		unique_runs_random;insufficient_for_events	low
sub-028	ses-02	01	July-14-2024_11-59-37_AM__scan_info_for_subject_SUBC29_Session02__selected_run_is_1__fmri_number_is1.mat;fMRI_1.mat;runs_random.mat	July-14-2024_11-55-07_AM__Subject_is_SUBC29_Session02__sequence_of_stimuli_for_fMRI_number_1_is_11   6  10  12   1   5   9   2   4   7   3   8.mat	unique_scan_info;unique_fMRI_N;discarded_dated_seq_secondary_to_fMRI_N;unique_runs_random	high
sub-028	ses-02	01	July-14-2024_11-59-37_AM__scan_info_for_subject_SUBC29_Session02__selected_run_is_1__fmri_number_is1.mat;fMRI_1.mat;runs_random.mat	July-14-2024_11-55-07_AM__Subject_is_SUBC29_Session02__sequence_of_stimuli_for_fMRI_number_1_is_11   6  10  12   1   5   9   2   4   7   3   8.mat	unique_scan_info;unique_fMRI_N;discarded_dated_seq_secondary_to_fMRI_N;unique_runs_random	high
sub-028	ses-02	02	July-14-2024_12-04-27_PM__scan_info_for_subject_SUBC29_Session02__selected_run_is_4__fmri_number_is2.mat;fMRI_2.mat;runs_random.mat	July-14-2024_12-00-33_PM__Subject_is_SUBC29_Session02__sequence_of_stimuli_for_fMRI_number_2_is_6   9  10   3   7   5   1  12   8   4   2  11.mat	unique_scan_info;unique_fMRI_N;discarded_dated_seq_secondary_to_fMRI_N;unique_runs_random	high
sub-028	ses-02	02	July-14-2024_12-04-27_PM__scan_info_for_subject_SUBC29_Session02__selected_run_is_4__fmri_number_is2.mat;fMRI_2.mat;runs_random.mat	July-14-2024_12-00-33_PM__Subject_is_SUBC29_Session02__sequence_of_stimuli_for_fMRI_number_2_is_6   9  10   3   7   5   1  12   8   4   2  11.mat	unique_scan_info;unique_fMRI_N;discarded_dated_seq_secondary_to_fMRI_N;unique_runs_random	high
sub-028	ses-02	03	July-14-2024_12-09-52_PM__scan_info_for_subject_SUBC29_Session02__selected_run_is_2__fmri_number_is3.mat;fMRI_3.mat;runs_random.mat	July-14-2024_12-06-01_PM__Subject_is_SUBC29_Session02__sequence_of_stimuli_for_fMRI_number_3_is_3   1   7   8   9   4  12  11   6   2  10   5.mat	unique_scan_info;unique_fMRI_N;discarded_dated_seq_secondary_to_fMRI_N;unique_runs_random	high
sub-028	ses-02	04	July-14-2024_12-14-15_PM__scan_info_for_subject_SUBC29_Session02__selected_run_is_5__fmri_number_is4.mat;fMRI_4.mat;runs_random.mat	July-14-2024_12-10-19_PM__Subject_is_SUBC29_Session02__sequence_of_stimuli_for_fMRI_number_4_is_12   3  10   6  11   7   1   2   5   8   9   4.mat	unique_scan_info;unique_fMRI_N;discarded_dated_seq_secondary_to_fMRI_N;unique_runs_random	high
sub-028	ses-02	05	runs_random.mat		unique_runs_random;insufficient_for_events	low
sub-028	ses-02	06	runs_random.mat		unique_runs_random;insufficient_for_events	low
sub-028	ses-02	03	July-14-2024_12-09-52_PM__scan_info_for_subject_SUBC29_Session02__selected_run_is_2__fmri_number_is3.mat;fMRI_3.mat;runs_random.mat	July-14-2024_12-06-01_PM__Subject_is_SUBC29_Session02__sequence_of_stimuli_for_fMRI_number_3_is_3   1   7   8   9   4  12  11   6   2  10   5.mat	unique_scan_info;unique_fMRI_N;discarded_dated_seq_secondary_to_fMRI_N;unique_runs_random	high
sub-028	ses-02	04	July-14-2024_12-14-15_PM__scan_info_for_subject_SUBC29_Session02__selected_run_is_5__fmri_number_is4.mat;fMRI_4.mat;runs_random.mat	July-14-2024_12-10-19_PM__Subject_is_SUBC29_Session02__sequence_of_stimuli_for_fMRI_number_4_is_12   3  10   6  11   7   1   2   5   8   9   4.mat	unique_scan_info;unique_fMRI_N;discarded_dated_seq_secondary_to_fMRI_N;unique_runs_random	high
sub-028	ses-02	05	runs_random.mat		unique_runs_random;insufficient_for_events	low
sub-028	ses-02	06	runs_random.mat		unique_runs_random;insufficient_for_events	low
sub-028	ses-02	07	runs_random.mat		unique_runs_random;insufficient_for_events	low
sub-028	ses-02	08	runs_random.mat		unique_runs_random;insufficient_for_events	low
sub-029	ses-01	01	January-19-2024_ 1-48-30_PM__scan_info_for_subject_SUBC30__selected_run_is_1__fmri_number_is1.mat;fMRI_1.mat;runs_random.mat	January-19-2024_ 1-42-07_PM__Subject_is_SUBC30__sequence_of_stimuli_for_fMRI_number_1_is_11   6  10  12   1   5   9   2   4   7   3   8.mat	unique_scan_info;unique_fMRI_N;discarded_dated_seq_secondary_to_fMRI_N;unique_runs_random	high
sub-029	ses-01	02	January-19-2024_ 1-52-57_PM__scan_info_for_subject_subc30__selected_run_is_4__fmri_number_is2.mat;fMRI_2.mat;runs_random.mat	January-19-2024_ 1-48-59_PM__Subject_is_subc30__sequence_of_stimuli_for_fMRI_number_2_is_6   9  10   3   7   5   1  12   8   4   2  11.mat	unique_scan_info;unique_fMRI_N;discarded_dated_seq_secondary_to_fMRI_N;unique_runs_random	high
sub-029	ses-01	03	January-19-2024_ 1-57-52_PM__scan_info_for_subject_subc30__selected_run_is_2__fmri_number_is3.mat;fMRI_3.mat;runs_random.mat	January-19-2024_ 1-53-15_PM__Subject_is_subc30__sequence_of_stimuli_for_fMRI_number_3_is_3   1   7   8   9   4  12  11   6   2  10   5.mat	unique_scan_info;unique_fMRI_N;discarded_dated_seq_secondary_to_fMRI_N;unique_runs_random	high
sub-029	ses-01	04	January-19-2024_ 2-02-04_PM__scan_info_for_subject_subc30__selected_run_is_5__fmri_number_is4.mat;fMRI_4.mat;runs_random.mat	January-19-2024_ 1-58-10_PM__Subject_is_subc30__sequence_of_stimuli_for_fMRI_number_4_is_12   3  10   6  11   7   1   2   5   8   9   4.mat	unique_scan_info;unique_fMRI_N;discarded_dated_seq_secondary_to_fMRI_N;unique_runs_random	high
sub-029	ses-01	01	January-19-2024_ 1-48-30_PM__scan_info_for_subject_SUBC30__selected_run_is_1__fmri_number_is1.mat;fMRI_1.mat;runs_random.mat	January-19-2024_ 1-42-07_PM__Subject_is_SUBC30__sequence_of_stimuli_for_fMRI_number_1_is_11   6  10  12   1   5   9   2   4   7   3   8.mat	unique_scan_info;unique_fMRI_N;discarded_dated_seq_secondary_to_fMRI_N;unique_runs_random	high
sub-029	ses-01	02	January-19-2024_ 1-52-57_PM__scan_info_for_subject_subc30__selected_run_is_4__fmri_number_is2.mat;fMRI_2.mat;runs_random.mat	January-19-2024_ 1-48-59_PM__Subject_is_subc30__sequence_of_stimuli_for_fMRI_number_2_is_6   9  10   3   7   5   1  12   8   4   2  11.mat	unique_scan_info;unique_fMRI_N;discarded_dated_seq_secondary_to_fMRI_N;unique_runs_random	high
sub-029	ses-01	05	runs_random.mat		unique_runs_random;insufficient_for_events	low
sub-029	ses-01	06	runs_random.mat		unique_runs_random;insufficient_for_events	low
sub-029	ses-01	03	January-19-2024_ 1-57-52_PM__scan_info_for_subject_subc30__selected_run_is_2__fmri_number_is3.mat;fMRI_3.mat;runs_random.mat	January-19-2024_ 1-53-15_PM__Subject_is_subc30__sequence_of_stimuli_for_fMRI_number_3_is_3   1   7   8   9   4  12  11   6   2  10   5.mat	unique_scan_info;unique_fMRI_N;discarded_dated_seq_secondary_to_fMRI_N;unique_runs_random	high
sub-029	ses-01	04	January-19-2024_ 2-02-04_PM__scan_info_for_subject_subc30__selected_run_is_5__fmri_number_is4.mat;fMRI_4.mat;runs_random.mat	January-19-2024_ 1-58-10_PM__Subject_is_subc30__sequence_of_stimuli_for_fMRI_number_4_is_12   3  10   6  11   7   1   2   5   8   9   4.mat	unique_scan_info;unique_fMRI_N;discarded_dated_seq_secondary_to_fMRI_N;unique_runs_random	high
sub-029	ses-01	05	runs_random.mat		unique_runs_random;insufficient_for_events	low
sub-029	ses-01	06	runs_random.mat		unique_runs_random;insufficient_for_events	low
sub-029	ses-01	07	runs_random.mat		unique_runs_random;insufficient_for_events	low
sub-029	ses-01	08	runs_random.mat		unique_runs_random;insufficient_for_events	low
sub-029	ses-02	01	July-20-2024_ 1-35-53_PM__scan_info_for_subject_C30-sess2__selected_run_is_1__fmri_number_is1.mat;fMRI_1.mat;runs_random.mat	July-20-2024_ 1-30-40_PM__Subject_is_C30-sess2__sequence_of_stimuli_for_fMRI_number_1_is_11   6  10  12   1   5   9   2   4   7   3   8.mat	unique_scan_info;unique_fMRI_N;discarded_dated_seq_secondary_to_fMRI_N;unique_runs_random	high
sub-029	ses-02	02	July-20-2024_ 1-40-06_PM__scan_info_for_subject_C30-sess2__selected_run_is_4__fmri_number_is2.mat;fMRI_2.mat;runs_random.mat	July-20-2024_ 1-36-14_PM__Subject_is_C30-sess2__sequence_of_stimuli_for_fMRI_number_2_is_6   9  10   3   7   5   1  12   8   4   2  11.mat	unique_scan_info;unique_fMRI_N;discarded_dated_seq_secondary_to_fMRI_N;unique_runs_random	high
sub-029	ses-02	01	July-20-2024_ 1-35-53_PM__scan_info_for_subject_C30-sess2__selected_run_is_1__fmri_number_is1.mat;fMRI_1.mat;runs_random.mat	July-20-2024_ 1-30-40_PM__Subject_is_C30-sess2__sequence_of_stimuli_for_fMRI_number_1_is_11   6  10  12   1   5   9   2   4   7   3   8.mat	unique_scan_info;unique_fMRI_N;discarded_dated_seq_secondary_to_fMRI_N;unique_runs_random	high
sub-029	ses-02	02	July-20-2024_ 1-40-06_PM__scan_info_for_subject_C30-sess2__selected_run_is_4__fmri_number_is2.mat;fMRI_2.mat;runs_random.mat	July-20-2024_ 1-36-14_PM__Subject_is_C30-sess2__sequence_of_stimuli_for_fMRI_number_2_is_6   9  10   3   7   5   1  12   8   4   2  11.mat	unique_scan_info;unique_fMRI_N;discarded_dated_seq_secondary_to_fMRI_N;unique_runs_random	high
sub-029	ses-02	03	July-20-2024_ 1-45-26_PM__scan_info_for_subject_C30-sess2__selected_run_is_2__fmri_number_is3.mat;fMRI_3.mat;runs_random.mat	July-20-2024_ 1-41-18_PM__Subject_is_C30-sess2__sequence_of_stimuli_for_fMRI_number_3_is_3   1   7   8   9   4  12  11   6   2  10   5.mat	unique_scan_info;unique_fMRI_N;discarded_dated_seq_secondary_to_fMRI_N;unique_runs_random	high
sub-029	ses-02	04	July-20-2024_ 1-49-43_PM__scan_info_for_subject_C30-sess2__selected_run_is_5__fmri_number_is4.mat;fMRI_4.mat;runs_random.mat	July-20-2024_ 1-45-38_PM__Subject_is_C30-sess2__sequence_of_stimuli_for_fMRI_number_4_is_12   3  10   6  11   7   1   2   5   8   9   4.mat	unique_scan_info;unique_fMRI_N;discarded_dated_seq_secondary_to_fMRI_N;unique_runs_random	high
sub-029	ses-02	05	runs_random.mat		unique_runs_random;insufficient_for_events	low
sub-029	ses-02	06	runs_random.mat		unique_runs_random;insufficient_for_events	low
sub-029	ses-02	03	July-20-2024_ 1-45-26_PM__scan_info_for_subject_C30-sess2__selected_run_is_2__fmri_number_is3.mat;fMRI_3.mat;runs_random.mat	July-20-2024_ 1-41-18_PM__Subject_is_C30-sess2__sequence_of_stimuli_for_fMRI_number_3_is_3   1   7   8   9   4  12  11   6   2  10   5.mat	unique_scan_info;unique_fMRI_N;discarded_dated_seq_secondary_to_fMRI_N;unique_runs_random	high
sub-029	ses-02	04	July-20-2024_ 1-49-43_PM__scan_info_for_subject_C30-sess2__selected_run_is_5__fmri_number_is4.mat;fMRI_4.mat;runs_random.mat	July-20-2024_ 1-45-38_PM__Subject_is_C30-sess2__sequence_of_stimuli_for_fMRI_number_4_is_12   3  10   6  11   7   1   2   5   8   9   4.mat	unique_scan_info;unique_fMRI_N;discarded_dated_seq_secondary_to_fMRI_N;unique_runs_random	high
sub-029	ses-02	05	runs_random.mat		unique_runs_random;insufficient_for_events	low
sub-029	ses-02	06	runs_random.mat		unique_runs_random;insufficient_for_events	low
sub-029	ses-02	07	runs_random.mat		unique_runs_random;insufficient_for_events	low
sub-029	ses-02	08	runs_random.mat		unique_runs_random;insufficient_for_events	low
sub-030	ses-01	01	February-01-2024_ 5-01-03_PM__scan_info_for_subject_SUBC31__selected_run_is_1__fmri_number_is1.mat;fMRI_1.mat;runs_random.mat	February-01-2024_ 4-54-49_PM__Subject_is_SUBC31__sequence_of_stimuli_for_fMRI_number_1_is_11   6  10  12   1   5   9   2   4   7   3   8.mat	unique_scan_info;unique_fMRI_N;discarded_dated_seq_secondary_to_fMRI_N;unique_runs_random	high
sub-030	ses-01	02	February-01-2024_ 5-05-47_PM__scan_info_for_subject_SUBC31__selected_run_is_4__fmri_number_is2.mat;fMRI_2.mat;runs_random.mat	February-01-2024_ 5-01-23_PM__Subject_is_SUBC31__sequence_of_stimuli_for_fMRI_number_2_is_6   9  10   3   7   5   1  12   8   4   2  11.mat	unique_scan_info;unique_fMRI_N;discarded_dated_seq_secondary_to_fMRI_N;unique_runs_random	high
sub-030	ses-01	03	February-01-2024_ 5-11-41_PM__scan_info_for_subject_SUBC31__selected_run_is_2__fmri_number_is3.mat;fMRI_3.mat;runs_random.mat	February-01-2024_ 5-06-17_PM__Subject_is_SUBC31__sequence_of_stimuli_for_fMRI_number_3_is_3   1   7   8   9   4  12  11   6   2  10   5.mat	unique_scan_info;unique_fMRI_N;discarded_dated_seq_secondary_to_fMRI_N;unique_runs_random	high
sub-030	ses-01	04	February-01-2024_ 5-16-28_PM__scan_info_for_subject_SUBC31__selected_run_is_5__fmri_number_is4.mat;fMRI_4.mat;runs_random.mat	February-01-2024_ 5-12-02_PM__Subject_is_SUBC31__sequence_of_stimuli_for_fMRI_number_4_is_12   3  10   6  11   7   1   2   5   8   9   4.mat	unique_scan_info;unique_fMRI_N;discarded_dated_seq_secondary_to_fMRI_N;unique_runs_random	high
sub-030	ses-01	01	February-01-2024_ 5-01-03_PM__scan_info_for_subject_SUBC31__selected_run_is_1__fmri_number_is1.mat;fMRI_1.mat;runs_random.mat	February-01-2024_ 4-54-49_PM__Subject_is_SUBC31__sequence_of_stimuli_for_fMRI_number_1_is_11   6  10  12   1   5   9   2   4   7   3   8.mat	unique_scan_info;unique_fMRI_N;discarded_dated_seq_secondary_to_fMRI_N;unique_runs_random	high
sub-030	ses-01	02	February-01-2024_ 5-05-47_PM__scan_info_for_subject_SUBC31__selected_run_is_4__fmri_number_is2.mat;fMRI_2.mat;runs_random.mat	February-01-2024_ 5-01-23_PM__Subject_is_SUBC31__sequence_of_stimuli_for_fMRI_number_2_is_6   9  10   3   7   5   1  12   8   4   2  11.mat	unique_scan_info;unique_fMRI_N;discarded_dated_seq_secondary_to_fMRI_N;unique_runs_random	high
sub-030	ses-01	05	runs_random.mat		unique_runs_random;insufficient_for_events	low
sub-030	ses-01	06	runs_random.mat		unique_runs_random;insufficient_for_events	low
sub-030	ses-01	03	February-01-2024_ 5-11-41_PM__scan_info_for_subject_SUBC31__selected_run_is_2__fmri_number_is3.mat;fMRI_3.mat;runs_random.mat	February-01-2024_ 5-06-17_PM__Subject_is_SUBC31__sequence_of_stimuli_for_fMRI_number_3_is_3   1   7   8   9   4  12  11   6   2  10   5.mat	unique_scan_info;unique_fMRI_N;discarded_dated_seq_secondary_to_fMRI_N;unique_runs_random	high
sub-030	ses-01	04	February-01-2024_ 5-16-28_PM__scan_info_for_subject_SUBC31__selected_run_is_5__fmri_number_is4.mat;fMRI_4.mat;runs_random.mat	February-01-2024_ 5-12-02_PM__Subject_is_SUBC31__sequence_of_stimuli_for_fMRI_number_4_is_12   3  10   6  11   7   1   2   5   8   9   4.mat	unique_scan_info;unique_fMRI_N;discarded_dated_seq_secondary_to_fMRI_N;unique_runs_random	high
sub-030	ses-01	05	runs_random.mat		unique_runs_random;insufficient_for_events	low
sub-030	ses-01	06	runs_random.mat		unique_runs_random;insufficient_for_events	low
sub-030	ses-01	07	runs_random.mat		unique_runs_random;insufficient_for_events	low
sub-030	ses-01	08	runs_random.mat		unique_runs_random;insufficient_for_events	low
sub-030	ses-02	01	July-30-2024_ 9-36-59_AM__scan_info_for_subject_SUB031__selected_run_is_1__fmri_number_is1.mat;fMRI_1.mat;runs_random.mat	July-30-2024_ 9-36-59_AM__scan_info_for_subject_SUB031__selected_run_is_1__fmri_number_is1.mat;fMRI_1.mat;July-30-2024_ 9-31-52_AM__Subject_is_SUB031__sequence_of_stimuli_for_fMRI_number_1_is_11   6  10  12   1   5   9   2   4   7   3   8.mat;runs_random.mat	priority_scan_info_selected=July-30-2024_ 9-36-59_AM__scan_info_for_subject_SUB031__selected_run_is_1__fmri_number_is1.mat;discarded=July-30-2024_ 9-36-59_AM__scan_info_for_subject_SUB031__selected_run_is_1__fmri_number_is1.mat;vars=triggerTimes;vbl;priority_fMRI_N_selected=fMRI_1.mat;discarded=fMRI_1.mat;vars=Stim_order_selected;discarded_dated_seq_secondary_to_fMRI_N;priority_runs_random_selected=runs_random.mat;discarded=runs_random.mat;vars=paradigm;vbl	high
sub-030	ses-02	02	July-30-2024_ 9-41-05_AM__scan_info_for_subject_SUB031__selected_run_is_4__fmri_number_is2.mat;fMRI_2.mat;runs_random.mat	July-30-2024_ 9-41-05_AM__scan_info_for_subject_SUB031__selected_run_is_4__fmri_number_is2.mat;fMRI_2.mat;July-30-2024_ 9-37-13_AM__Subject_is_SUB031__sequence_of_stimuli_for_fMRI_number_2_is_6   9  10   3   7   5   1  12   8   4   2  11.mat;runs_random.mat	priority_scan_info_selected=July-30-2024_ 9-41-05_AM__scan_info_for_subject_SUB031__selected_run_is_4__fmri_number_is2.mat;discarded=July-30-2024_ 9-41-05_AM__scan_info_for_subject_SUB031__selected_run_is_4__fmri_number_is2.mat;vars=triggerTimes;vbl;priority_fMRI_N_selected=fMRI_2.mat;discarded=fMRI_2.mat;vars=Stim_order_selected;discarded_dated_seq_secondary_to_fMRI_N;priority_runs_random_selected=runs_random.mat;discarded=runs_random.mat;vars=paradigm;vbl	high
sub-030	ses-02	01	July-30-2024_ 9-36-59_AM__scan_info_for_subject_SUB031__selected_run_is_1__fmri_number_is1.mat;fMRI_1.mat;runs_random.mat	July-30-2024_ 9-36-59_AM__scan_info_for_subject_SUB031__selected_run_is_1__fmri_number_is1.mat;fMRI_1.mat;July-30-2024_ 9-31-52_AM__Subject_is_SUB031__sequence_of_stimuli_for_fMRI_number_1_is_11   6  10  12   1   5   9   2   4   7   3   8.mat;runs_random.mat	priority_scan_info_selected=July-30-2024_ 9-36-59_AM__scan_info_for_subject_SUB031__selected_run_is_1__fmri_number_is1.mat;discarded=July-30-2024_ 9-36-59_AM__scan_info_for_subject_SUB031__selected_run_is_1__fmri_number_is1.mat;vars=triggerTimes;vbl;priority_fMRI_N_selected=fMRI_1.mat;discarded=fMRI_1.mat;vars=Stim_order_selected;discarded_dated_seq_secondary_to_fMRI_N;priority_runs_random_selected=runs_random.mat;discarded=runs_random.mat;vars=paradigm;vbl	high
sub-030	ses-02	02	July-30-2024_ 9-41-05_AM__scan_info_for_subject_SUB031__selected_run_is_4__fmri_number_is2.mat;fMRI_2.mat;runs_random.mat	July-30-2024_ 9-41-05_AM__scan_info_for_subject_SUB031__selected_run_is_4__fmri_number_is2.mat;fMRI_2.mat;July-30-2024_ 9-37-13_AM__Subject_is_SUB031__sequence_of_stimuli_for_fMRI_number_2_is_6   9  10   3   7   5   1  12   8   4   2  11.mat;runs_random.mat	priority_scan_info_selected=July-30-2024_ 9-41-05_AM__scan_info_for_subject_SUB031__selected_run_is_4__fmri_number_is2.mat;discarded=July-30-2024_ 9-41-05_AM__scan_info_for_subject_SUB031__selected_run_is_4__fmri_number_is2.mat;vars=triggerTimes;vbl;priority_fMRI_N_selected=fMRI_2.mat;discarded=fMRI_2.mat;vars=Stim_order_selected;discarded_dated_seq_secondary_to_fMRI_N;priority_runs_random_selected=runs_random.mat;discarded=runs_random.mat;vars=paradigm;vbl	high
sub-030	ses-02	03	July-30-2024_ 9-46-30_AM__scan_info_for_subject_SUB031__selected_run_is_2__fmri_number_is3.mat;fMRI_3.mat;runs_random.mat	July-30-2024_ 9-46-30_AM__scan_info_for_subject_SUB031__selected_run_is_2__fmri_number_is3.mat;fMRI_3.mat;July-30-2024_ 9-41-51_AM__Subject_is_SUB031__sequence_of_stimuli_for_fMRI_number_3_is_3   1   7   8   9   4  12  11   6   2  10   5.mat;runs_random.mat	priority_scan_info_selected=July-30-2024_ 9-46-30_AM__scan_info_for_subject_SUB031__selected_run_is_2__fmri_number_is3.mat;discarded=July-30-2024_ 9-46-30_AM__scan_info_for_subject_SUB031__selected_run_is_2__fmri_number_is3.mat;vars=triggerTimes;vbl;priority_fMRI_N_selected=fMRI_3.mat;discarded=fMRI_3.mat;vars=Stim_order_selected;discarded_dated_seq_secondary_to_fMRI_N;priority_runs_random_selected=runs_random.mat;discarded=runs_random.mat;vars=paradigm;vbl	high
sub-030	ses-02	04	July-30-2024_ 9-50-34_AM__scan_info_for_subject_SUB031__selected_run_is_5__fmri_number_is4.mat;fMRI_4.mat;runs_random.mat	July-30-2024_ 9-50-34_AM__scan_info_for_subject_SUB031__selected_run_is_5__fmri_number_is4.mat;fMRI_4.mat;July-30-2024_ 9-46-45_AM__Subject_is_SUB031__sequence_of_stimuli_for_fMRI_number_4_is_12   3  10   6  11   7   1   2   5   8   9   4.mat;runs_random.mat	priority_scan_info_selected=July-30-2024_ 9-50-34_AM__scan_info_for_subject_SUB031__selected_run_is_5__fmri_number_is4.mat;discarded=July-30-2024_ 9-50-34_AM__scan_info_for_subject_SUB031__selected_run_is_5__fmri_number_is4.mat;vars=triggerTimes;vbl;priority_fMRI_N_selected=fMRI_4.mat;discarded=fMRI_4.mat;vars=Stim_order_selected;discarded_dated_seq_secondary_to_fMRI_N;priority_runs_random_selected=runs_random.mat;discarded=runs_random.mat;vars=paradigm;vbl	high
sub-030	ses-02	05	runs_random.mat	runs_random.mat	priority_runs_random_selected=runs_random.mat;discarded=runs_random.mat;vars=paradigm;vbl;insufficient_for_events	low
sub-030	ses-02	06	runs_random.mat	runs_random.mat	priority_runs_random_selected=runs_random.mat;discarded=runs_random.mat;vars=paradigm;vbl;insufficient_for_events	low
sub-030	ses-02	03	July-30-2024_ 9-46-30_AM__scan_info_for_subject_SUB031__selected_run_is_2__fmri_number_is3.mat;fMRI_3.mat;runs_random.mat	July-30-2024_ 9-46-30_AM__scan_info_for_subject_SUB031__selected_run_is_2__fmri_number_is3.mat;fMRI_3.mat;July-30-2024_ 9-41-51_AM__Subject_is_SUB031__sequence_of_stimuli_for_fMRI_number_3_is_3   1   7   8   9   4  12  11   6   2  10   5.mat;runs_random.mat	priority_scan_info_selected=July-30-2024_ 9-46-30_AM__scan_info_for_subject_SUB031__selected_run_is_2__fmri_number_is3.mat;discarded=July-30-2024_ 9-46-30_AM__scan_info_for_subject_SUB031__selected_run_is_2__fmri_number_is3.mat;vars=triggerTimes;vbl;priority_fMRI_N_selected=fMRI_3.mat;discarded=fMRI_3.mat;vars=Stim_order_selected;discarded_dated_seq_secondary_to_fMRI_N;priority_runs_random_selected=runs_random.mat;discarded=runs_random.mat;vars=paradigm;vbl	high
sub-030	ses-02	04	July-30-2024_ 9-50-34_AM__scan_info_for_subject_SUB031__selected_run_is_5__fmri_number_is4.mat;fMRI_4.mat;runs_random.mat	July-30-2024_ 9-50-34_AM__scan_info_for_subject_SUB031__selected_run_is_5__fmri_number_is4.mat;fMRI_4.mat;July-30-2024_ 9-46-45_AM__Subject_is_SUB031__sequence_of_stimuli_for_fMRI_number_4_is_12   3  10   6  11   7   1   2   5   8   9   4.mat;runs_random.mat	priority_scan_info_selected=July-30-2024_ 9-50-34_AM__scan_info_for_subject_SUB031__selected_run_is_5__fmri_number_is4.mat;discarded=July-30-2024_ 9-50-34_AM__scan_info_for_subject_SUB031__selected_run_is_5__fmri_number_is4.mat;vars=triggerTimes;vbl;priority_fMRI_N_selected=fMRI_4.mat;discarded=fMRI_4.mat;vars=Stim_order_selected;discarded_dated_seq_secondary_to_fMRI_N;priority_runs_random_selected=runs_random.mat;discarded=runs_random.mat;vars=paradigm;vbl	high
sub-030	ses-02	05	runs_random.mat	runs_random.mat	priority_runs_random_selected=runs_random.mat;discarded=runs_random.mat;vars=paradigm;vbl;insufficient_for_events	low
sub-030	ses-02	06	runs_random.mat	runs_random.mat	priority_runs_random_selected=runs_random.mat;discarded=runs_random.mat;vars=paradigm;vbl;insufficient_for_events	low
sub-030	ses-02	07	runs_random.mat	runs_random.mat	priority_runs_random_selected=runs_random.mat;discarded=runs_random.mat;vars=paradigm;vbl;insufficient_for_events	low
sub-030	ses-02	08	runs_random.mat	runs_random.mat	priority_runs_random_selected=runs_random.mat;discarded=runs_random.mat;vars=paradigm;vbl;insufficient_for_events	low
sub-031	ses-01	01	February-03-2024_11-17-17_AM__scan_info_for_subject_SUBC32__selected_run_is_1__fmri_number_is1.mat;fMRI_1.mat;runs_random.mat	February-03-2024_11-11-14_AM__Subject_is_SUBC32__sequence_of_stimuli_for_fMRI_number_1_is_11   6  10  12   1   5   9   2   4   7   3   8.mat	unique_scan_info;unique_fMRI_N;discarded_dated_seq_secondary_to_fMRI_N;unique_runs_random	high
sub-031	ses-01	02	February-03-2024_11-21-31_AM__scan_info_for_subject_SUBC32__selected_run_is_4__fmri_number_is2.mat;fMRI_2.mat;runs_random.mat	February-03-2024_11-17-39_AM__Subject_is_SUBC32__sequence_of_stimuli_for_fMRI_number_2_is_6   9  10   3   7   5   1  12   8   4   2  11.mat	unique_scan_info;unique_fMRI_N;discarded_dated_seq_secondary_to_fMRI_N;unique_runs_random	high
sub-031	ses-01	01	February-03-2024_11-17-17_AM__scan_info_for_subject_SUBC32__selected_run_is_1__fmri_number_is1.mat;fMRI_1.mat;runs_random.mat	February-03-2024_11-11-14_AM__Subject_is_SUBC32__sequence_of_stimuli_for_fMRI_number_1_is_11   6  10  12   1   5   9   2   4   7   3   8.mat	unique_scan_info;unique_fMRI_N;discarded_dated_seq_secondary_to_fMRI_N;unique_runs_random	high
sub-031	ses-01	02	February-03-2024_11-21-31_AM__scan_info_for_subject_SUBC32__selected_run_is_4__fmri_number_is2.mat;fMRI_2.mat;runs_random.mat	February-03-2024_11-17-39_AM__Subject_is_SUBC32__sequence_of_stimuli_for_fMRI_number_2_is_6   9  10   3   7   5   1  12   8   4   2  11.mat	unique_scan_info;unique_fMRI_N;discarded_dated_seq_secondary_to_fMRI_N;unique_runs_random	high
sub-031	ses-01	03	February-03-2024_11-27-19_AM__scan_info_for_subject_SUBC32__selected_run_is_2__fmri_number_is3.mat;fMRI_3.mat;runs_random.mat	February-03-2024_11-21-51_AM__Subject_is_SUBC32__sequence_of_stimuli_for_fMRI_number_3_is_3   1   7   8   9   4  12  11   6   2  10   5.mat	unique_scan_info;unique_fMRI_N;discarded_dated_seq_secondary_to_fMRI_N;unique_runs_random	high
sub-031	ses-01	04	February-03-2024_11-33-41_AM__scan_info_for_subject_SUBC32__selected_run_is_5__fmri_number_is4.mat;fMRI_4.mat;runs_random.mat	February-03-2024_11-29-25_AM__Subject_is_SUBC32__sequence_of_stimuli_for_fMRI_number_4_is_12   3  10   6  11   7   1   2   5   8   9   4.mat	unique_scan_info;unique_fMRI_N;discarded_dated_seq_secondary_to_fMRI_N;unique_runs_random	high
sub-031	ses-01	05	runs_random.mat		unique_runs_random;insufficient_for_events	low
sub-031	ses-01	06	runs_random.mat		unique_runs_random;insufficient_for_events	low
sub-031	ses-01	03	February-03-2024_11-27-19_AM__scan_info_for_subject_SUBC32__selected_run_is_2__fmri_number_is3.mat;fMRI_3.mat;runs_random.mat	February-03-2024_11-21-51_AM__Subject_is_SUBC32__sequence_of_stimuli_for_fMRI_number_3_is_3   1   7   8   9   4  12  11   6   2  10   5.mat	unique_scan_info;unique_fMRI_N;discarded_dated_seq_secondary_to_fMRI_N;unique_runs_random	high
sub-031	ses-01	04	February-03-2024_11-33-41_AM__scan_info_for_subject_SUBC32__selected_run_is_5__fmri_number_is4.mat;fMRI_4.mat;runs_random.mat	February-03-2024_11-29-25_AM__Subject_is_SUBC32__sequence_of_stimuli_for_fMRI_number_4_is_12   3  10   6  11   7   1   2   5   8   9   4.mat	unique_scan_info;unique_fMRI_N;discarded_dated_seq_secondary_to_fMRI_N;unique_runs_random	high
sub-031	ses-01	05	runs_random.mat		unique_runs_random;insufficient_for_events	low
sub-031	ses-01	06	runs_random.mat		unique_runs_random;insufficient_for_events	low
sub-031	ses-01	07	runs_random.mat		unique_runs_random;insufficient_for_events	low
sub-031	ses-01	08	runs_random.mat		unique_runs_random;insufficient_for_events	low
sub-031	ses-02	01	August-03-2024_10-10-42_AM__scan_info_for_subject_SUBC032_Session2__selected_run_is_1__fmri_number_is1.mat;fMRI_1.mat;runs_random.mat	August-03-2024_10-06-06_AM__Subject_is_SUBC032_Session2__sequence_of_stimuli_for_fMRI_number_1_is_11   6  10  12   1   5   9   2   4   7   3   8.mat	unique_scan_info;unique_fMRI_N;discarded_dated_seq_secondary_to_fMRI_N;unique_runs_random	high
sub-031	ses-02	02	August-03-2024_10-14-58_AM__scan_info_for_subject_SUBC032_Session2__selected_run_is_4__fmri_number_is2.mat;fMRI_2.mat;runs_random.mat	August-03-2024_10-11-02_AM__Subject_is_SUBC032_Session2__sequence_of_stimuli_for_fMRI_number_2_is_6   9  10   3   7   5   1  12   8   4   2  11.mat	unique_scan_info;unique_fMRI_N;discarded_dated_seq_secondary_to_fMRI_N;unique_runs_random	high
sub-031	ses-02	01	August-03-2024_10-10-42_AM__scan_info_for_subject_SUBC032_Session2__selected_run_is_1__fmri_number_is1.mat;fMRI_1.mat;runs_random.mat	August-03-2024_10-06-06_AM__Subject_is_SUBC032_Session2__sequence_of_stimuli_for_fMRI_number_1_is_11   6  10  12   1   5   9   2   4   7   3   8.mat	unique_scan_info;unique_fMRI_N;discarded_dated_seq_secondary_to_fMRI_N;unique_runs_random	high
sub-031	ses-02	02	August-03-2024_10-14-58_AM__scan_info_for_subject_SUBC032_Session2__selected_run_is_4__fmri_number_is2.mat;fMRI_2.mat;runs_random.mat	August-03-2024_10-11-02_AM__Subject_is_SUBC032_Session2__sequence_of_stimuli_for_fMRI_number_2_is_6   9  10   3   7   5   1  12   8   4   2  11.mat	unique_scan_info;unique_fMRI_N;discarded_dated_seq_secondary_to_fMRI_N;unique_runs_random	high
sub-031	ses-02	03	August-03-2024_10-20-09_AM__scan_info_for_subject_SUBC032_Session2__selected_run_is_2__fmri_number_is3.mat;fMRI_3.mat;runs_random.mat	August-03-2024_10-16-15_AM__Subject_is_SUBC032_Session2__sequence_of_stimuli_for_fMRI_number_3_is_3   1   7   8   9   4  12  11   6   2  10   5.mat	unique_scan_info;unique_fMRI_N;discarded_dated_seq_secondary_to_fMRI_N;unique_runs_random	high
sub-031	ses-02	04	August-03-2024_10-24-20_AM__scan_info_for_subject_SUBC032_Session2__selected_run_is_5__fmri_number_is4.mat;fMRI_4.mat;runs_random.mat	August-03-2024_10-20-23_AM__Subject_is_SUBC032_Session2__sequence_of_stimuli_for_fMRI_number_4_is_12   3  10   6  11   7   1   2   5   8   9   4.mat	unique_scan_info;unique_fMRI_N;discarded_dated_seq_secondary_to_fMRI_N;unique_runs_random	high
sub-031	ses-02	05	runs_random.mat		unique_runs_random;insufficient_for_events	low
sub-031	ses-02	06	runs_random.mat		unique_runs_random;insufficient_for_events	low
sub-031	ses-02	03	August-03-2024_10-20-09_AM__scan_info_for_subject_SUBC032_Session2__selected_run_is_2__fmri_number_is3.mat;fMRI_3.mat;runs_random.mat	August-03-2024_10-16-15_AM__Subject_is_SUBC032_Session2__sequence_of_stimuli_for_fMRI_number_3_is_3   1   7   8   9   4  12  11   6   2  10   5.mat	unique_scan_info;unique_fMRI_N;discarded_dated_seq_secondary_to_fMRI_N;unique_runs_random	high
sub-031	ses-02	04	August-03-2024_10-24-20_AM__scan_info_for_subject_SUBC032_Session2__selected_run_is_5__fmri_number_is4.mat;fMRI_4.mat;runs_random.mat	August-03-2024_10-20-23_AM__Subject_is_SUBC032_Session2__sequence_of_stimuli_for_fMRI_number_4_is_12   3  10   6  11   7   1   2   5   8   9   4.mat	unique_scan_info;unique_fMRI_N;discarded_dated_seq_secondary_to_fMRI_N;unique_runs_random	high
sub-031	ses-02	05	runs_random.mat		unique_runs_random;insufficient_for_events	low
sub-031	ses-02	06	runs_random.mat		unique_runs_random;insufficient_for_events	low
sub-031	ses-02	07	runs_random.mat		unique_runs_random;insufficient_for_events	low
sub-031	ses-02	08	runs_random.mat		unique_runs_random;insufficient_for_events	low
sub-032	ses-01	01	February-09-2024_ 2-48-32_PM__scan_info_for_subject_SUBC33__selected_run_is_1__fmri_number_is1.mat;fMRI_1.mat;runs_random.mat	February-09-2024_ 2-44-07_PM__Subject_is_SUBC33__sequence_of_stimuli_for_fMRI_number_1_is_11   6  10  12   1   5   9   2   4   7   3   8.mat	unique_scan_info;unique_fMRI_N;discarded_dated_seq_secondary_to_fMRI_N;unique_runs_random	high
sub-032	ses-01	02	February-09-2024_ 2-53-02_PM__scan_info_for_subject_SUBC33__selected_run_is_4__fmri_number_is2.mat;fMRI_2.mat;runs_random.mat	February-09-2024_ 2-48-47_PM__Subject_is_SUBC33__sequence_of_stimuli_for_fMRI_number_2_is_6   9  10   3   7   5   1  12   8   4   2  11.mat	unique_scan_info;unique_fMRI_N;discarded_dated_seq_secondary_to_fMRI_N;unique_runs_random	high
sub-032	ses-01	03	runs_random.mat		unique_runs_random;insufficient_for_events	low
sub-032	ses-01	04	runs_random.mat		unique_runs_random;insufficient_for_events	low
sub-032	ses-01	01	February-09-2024_ 2-48-32_PM__scan_info_for_subject_SUBC33__selected_run_is_1__fmri_number_is1.mat;fMRI_1.mat;runs_random.mat	February-09-2024_ 2-44-07_PM__Subject_is_SUBC33__sequence_of_stimuli_for_fMRI_number_1_is_11   6  10  12   1   5   9   2   4   7   3   8.mat	unique_scan_info;unique_fMRI_N;discarded_dated_seq_secondary_to_fMRI_N;unique_runs_random	high
sub-032	ses-01	02	February-09-2024_ 2-53-02_PM__scan_info_for_subject_SUBC33__selected_run_is_4__fmri_number_is2.mat;fMRI_2.mat;runs_random.mat	February-09-2024_ 2-48-47_PM__Subject_is_SUBC33__sequence_of_stimuli_for_fMRI_number_2_is_6   9  10   3   7   5   1  12   8   4   2  11.mat	unique_scan_info;unique_fMRI_N;discarded_dated_seq_secondary_to_fMRI_N;unique_runs_random	high
sub-032	ses-01	05	February-09-2024_ 2-39-03_PM__scan_info_for_subject_SUBC33__selected_run_is_3__fmri_number_is5.mat;fMRI_5.mat;runs_random.mat	February-09-2024_ 2-33-31_PM__Subject_is_SUBC33__sequence_of_stimuli_for_fMRI_number_5_is_2   8   5   3   7  10   4   9   1   6  11  12.mat	unique_scan_info;unique_fMRI_N;discarded_dated_seq_secondary_to_fMRI_N;unique_runs_random	high
sub-032	ses-01	06	February-09-2024_ 2-43-11_PM__scan_info_for_subject_SUBC33__selected_run_is_6__fmri_number_is6.mat;fMRI_6.mat;runs_random.mat	February-09-2024_ 2-39-21_PM__Subject_is_SUBC33__sequence_of_stimuli_for_fMRI_number_6_is_1   6   7   2  12   9  11   3   4   5  10   8.mat	unique_scan_info;unique_fMRI_N;discarded_dated_seq_secondary_to_fMRI_N;unique_runs_random	high
sub-032	ses-01	03	runs_random.mat		unique_runs_random;insufficient_for_events	low
sub-032	ses-01	04	runs_random.mat		unique_runs_random;insufficient_for_events	low
sub-032	ses-01	05	February-09-2024_ 2-39-03_PM__scan_info_for_subject_SUBC33__selected_run_is_3__fmri_number_is5.mat;fMRI_5.mat;runs_random.mat	February-09-2024_ 2-33-31_PM__Subject_is_SUBC33__sequence_of_stimuli_for_fMRI_number_5_is_2   8   5   3   7  10   4   9   1   6  11  12.mat	unique_scan_info;unique_fMRI_N;discarded_dated_seq_secondary_to_fMRI_N;unique_runs_random	high
sub-032	ses-01	06	February-09-2024_ 2-43-11_PM__scan_info_for_subject_SUBC33__selected_run_is_6__fmri_number_is6.mat;fMRI_6.mat;runs_random.mat	February-09-2024_ 2-39-21_PM__Subject_is_SUBC33__sequence_of_stimuli_for_fMRI_number_6_is_1   6   7   2  12   9  11   3   4   5  10   8.mat	unique_scan_info;unique_fMRI_N;discarded_dated_seq_secondary_to_fMRI_N;unique_runs_random	high
sub-032	ses-01	07	runs_random.mat		unique_runs_random;insufficient_for_events	low
sub-032	ses-01	08	runs_random.mat		unique_runs_random;insufficient_for_events	low
sub-033	ses-01	01	February-12-2024_ 1-35-12_PM__scan_info_for_subject_SUBC34-2024FEB12__selected_run_is_1__fmri_number_is1.mat;fMRI_1.mat;runs_random.mat	February-12-2024_ 1-28-44_PM__Subject_is_SUBC34-2024FEB12__sequence_of_stimuli_for_fMRI_number_1_is_11   6  10  12   1   5   9   2   4   7   3   8.mat	unique_scan_info;unique_fMRI_N;discarded_dated_seq_secondary_to_fMRI_N;unique_runs_random	high
sub-033	ses-01	02	February-12-2024_ 1-40-05_PM__scan_info_for_subject_SUBC34-2024FEB12__selected_run_is_4__fmri_number_is2.mat;fMRI_2.mat;runs_random.mat	February-12-2024_ 1-35-41_PM__Subject_is_SUBC34-2024FEB12__sequence_of_stimuli_for_fMRI_number_2_is_6   9  10   3   7   5   1  12   8   4   2  11.mat	unique_scan_info;unique_fMRI_N;discarded_dated_seq_secondary_to_fMRI_N;unique_runs_random	high
sub-033	ses-01	01	February-12-2024_ 1-35-12_PM__scan_info_for_subject_SUBC34-2024FEB12__selected_run_is_1__fmri_number_is1.mat;fMRI_1.mat;runs_random.mat	February-12-2024_ 1-28-44_PM__Subject_is_SUBC34-2024FEB12__sequence_of_stimuli_for_fMRI_number_1_is_11   6  10  12   1   5   9   2   4   7   3   8.mat	unique_scan_info;unique_fMRI_N;discarded_dated_seq_secondary_to_fMRI_N;unique_runs_random	high
sub-033	ses-01	02	February-12-2024_ 1-40-05_PM__scan_info_for_subject_SUBC34-2024FEB12__selected_run_is_4__fmri_number_is2.mat;fMRI_2.mat;runs_random.mat	February-12-2024_ 1-35-41_PM__Subject_is_SUBC34-2024FEB12__sequence_of_stimuli_for_fMRI_number_2_is_6   9  10   3   7   5   1  12   8   4   2  11.mat	unique_scan_info;unique_fMRI_N;discarded_dated_seq_secondary_to_fMRI_N;unique_runs_random	high
sub-033	ses-01	03	February-12-2024_ 1-46-40_PM__scan_info_for_subject_SUBC34-2024FEB12__selected_run_is_2__fmri_number_is3.mat;fMRI_3.mat;runs_random.mat	February-12-2024_ 1-40-32_PM__Subject_is_SUBC34-2024FEB12__sequence_of_stimuli_for_fMRI_number_3_is_3   1   7   8   9   4  12  11   6   2  10   5.mat	unique_scan_info;unique_fMRI_N;discarded_dated_seq_secondary_to_fMRI_N;unique_runs_random	high
sub-033	ses-01	04	February-12-2024_ 1-52-25_PM__scan_info_for_subject_SUBC34-2024FEB12__selected_run_is_5__fmri_number_is4.mat;fMRI_4.mat;runs_random.mat	February-12-2024_ 1-47-01_PM__Subject_is_SUBC34-2024FEB12__sequence_of_stimuli_for_fMRI_number_4_is_12   3  10   6  11   7   1   2   5   8   9   4.mat	unique_scan_info;unique_fMRI_N;discarded_dated_seq_secondary_to_fMRI_N;unique_runs_random	high
sub-033	ses-01	05	runs_random.mat		unique_runs_random;insufficient_for_events	low
sub-033	ses-01	06	runs_random.mat		unique_runs_random;insufficient_for_events	low
sub-033	ses-01	03	February-12-2024_ 1-46-40_PM__scan_info_for_subject_SUBC34-2024FEB12__selected_run_is_2__fmri_number_is3.mat;fMRI_3.mat;runs_random.mat	February-12-2024_ 1-40-32_PM__Subject_is_SUBC34-2024FEB12__sequence_of_stimuli_for_fMRI_number_3_is_3   1   7   8   9   4  12  11   6   2  10   5.mat	unique_scan_info;unique_fMRI_N;discarded_dated_seq_secondary_to_fMRI_N;unique_runs_random	high
sub-033	ses-01	04	February-12-2024_ 1-52-25_PM__scan_info_for_subject_SUBC34-2024FEB12__selected_run_is_5__fmri_number_is4.mat;fMRI_4.mat;runs_random.mat	February-12-2024_ 1-47-01_PM__Subject_is_SUBC34-2024FEB12__sequence_of_stimuli_for_fMRI_number_4_is_12   3  10   6  11   7   1   2   5   8   9   4.mat	unique_scan_info;unique_fMRI_N;discarded_dated_seq_secondary_to_fMRI_N;unique_runs_random	high
sub-033	ses-01	05	runs_random.mat		unique_runs_random;insufficient_for_events	low
sub-033	ses-01	06	runs_random.mat		unique_runs_random;insufficient_for_events	low
sub-033	ses-01	07	runs_random.mat		unique_runs_random;insufficient_for_events	low
sub-033	ses-01	08	runs_random.mat		unique_runs_random;insufficient_for_events	low
sub-034	ses-01	01	February-20-2024_ 6-03-34_PM__scan_info_for_subject_SUBC35__selected_run_is_1__fmri_number_is1.mat;fMRI_1.mat;runs_random.mat	February-20-2024_ 5-58-01_PM__Subject_is_SUBC35__sequence_of_stimuli_for_fMRI_number_1_is_11   6  10  12   1   5   9   2   4   7   3   8.mat	unique_scan_info;unique_fMRI_N;discarded_dated_seq_secondary_to_fMRI_N;unique_runs_random	high
sub-034	ses-01	02	February-20-2024_ 6-07-49_PM__scan_info_for_subject_SUBC35__selected_run_is_4__fmri_number_is2.mat;fMRI_2.mat;runs_random.mat	February-20-2024_ 6-03-49_PM__Subject_is_SUBC35__sequence_of_stimuli_for_fMRI_number_2_is_6   9  10   3   7   5   1  12   8   4   2  11.mat	unique_scan_info;unique_fMRI_N;discarded_dated_seq_secondary_to_fMRI_N;unique_runs_random	high
sub-034	ses-01	01	February-20-2024_ 6-03-34_PM__scan_info_for_subject_SUBC35__selected_run_is_1__fmri_number_is1.mat;fMRI_1.mat;runs_random.mat	February-20-2024_ 5-58-01_PM__Subject_is_SUBC35__sequence_of_stimuli_for_fMRI_number_1_is_11   6  10  12   1   5   9   2   4   7   3   8.mat	unique_scan_info;unique_fMRI_N;discarded_dated_seq_secondary_to_fMRI_N;unique_runs_random	high
sub-034	ses-01	02	February-20-2024_ 6-07-49_PM__scan_info_for_subject_SUBC35__selected_run_is_4__fmri_number_is2.mat;fMRI_2.mat;runs_random.mat	February-20-2024_ 6-03-49_PM__Subject_is_SUBC35__sequence_of_stimuli_for_fMRI_number_2_is_6   9  10   3   7   5   1  12   8   4   2  11.mat	unique_scan_info;unique_fMRI_N;discarded_dated_seq_secondary_to_fMRI_N;unique_runs_random	high
sub-034	ses-01	03	February-20-2024_ 6-13-00_PM__scan_info_for_subject_SUBC35__selected_run_is_2__fmri_number_is3.mat;fMRI_3.mat;runs_random.mat	February-20-2024_ 6-08-56_PM__Subject_is_SUBC35__sequence_of_stimuli_for_fMRI_number_3_is_3   1   7   8   9   4  12  11   6   2  10   5.mat	unique_scan_info;unique_fMRI_N;discarded_dated_seq_secondary_to_fMRI_N;unique_runs_random	high
sub-034	ses-01	04	February-20-2024_ 6-17-10_PM__scan_info_for_subject_SUBC35__selected_run_is_5__fmri_number_is4.mat;fMRI_4.mat;runs_random.mat	February-20-2024_ 6-13-14_PM__Subject_is_SUBC35__sequence_of_stimuli_for_fMRI_number_4_is_12   3  10   6  11   7   1   2   5   8   9   4.mat	unique_scan_info;unique_fMRI_N;discarded_dated_seq_secondary_to_fMRI_N;unique_runs_random	high
sub-034	ses-01	05	runs_random.mat		unique_runs_random;insufficient_for_events	low
sub-034	ses-01	06	runs_random.mat		unique_runs_random;insufficient_for_events	low
sub-034	ses-01	03	February-20-2024_ 6-13-00_PM__scan_info_for_subject_SUBC35__selected_run_is_2__fmri_number_is3.mat;fMRI_3.mat;runs_random.mat	February-20-2024_ 6-08-56_PM__Subject_is_SUBC35__sequence_of_stimuli_for_fMRI_number_3_is_3   1   7   8   9   4  12  11   6   2  10   5.mat	unique_scan_info;unique_fMRI_N;discarded_dated_seq_secondary_to_fMRI_N;unique_runs_random	high
sub-034	ses-01	04	February-20-2024_ 6-17-10_PM__scan_info_for_subject_SUBC35__selected_run_is_5__fmri_number_is4.mat;fMRI_4.mat;runs_random.mat	February-20-2024_ 6-13-14_PM__Subject_is_SUBC35__sequence_of_stimuli_for_fMRI_number_4_is_12   3  10   6  11   7   1   2   5   8   9   4.mat	unique_scan_info;unique_fMRI_N;discarded_dated_seq_secondary_to_fMRI_N;unique_runs_random	high
sub-034	ses-01	05	runs_random.mat		unique_runs_random;insufficient_for_events	low
sub-034	ses-01	06	runs_random.mat		unique_runs_random;insufficient_for_events	low
sub-034	ses-01	07	runs_random.mat		unique_runs_random;insufficient_for_events	low
sub-034	ses-01	08	runs_random.mat		unique_runs_random;insufficient_for_events	low
sub-034	ses-02	01	August-27-2024_ 6-09-24_PM__scan_info_for_subject_SUBC035_Session02_2024AUG27__selected_run_is_1__fmri_number_is1.mat;fMRI_1.mat;runs_random.mat	August-27-2024_ 6-04-24_PM__Subject_is_SUBC035_Session02_2024AUG27__sequence_of_stimuli_for_fMRI_number_1_is_11   6  10  12   1   5   9   2   4   7   3   8.mat	unique_scan_info;unique_fMRI_N;discarded_dated_seq_secondary_to_fMRI_N;unique_runs_random	high
sub-034	ses-02	02	August-27-2024_ 6-13-43_PM__scan_info_for_subject_SUBC035_Session02_2024AUG27__selected_run_is_4__fmri_number_is2.mat;fMRI_2.mat;runs_random.mat	August-27-2024_ 6-09-53_PM__Subject_is_SUBC035_Session02_2024AUG27__sequence_of_stimuli_for_fMRI_number_2_is_6   9  10   3   7   5   1  12   8   4   2  11.mat	unique_scan_info;unique_fMRI_N;discarded_dated_seq_secondary_to_fMRI_N;unique_runs_random	high
sub-034	ses-02	01	August-27-2024_ 6-09-24_PM__scan_info_for_subject_SUBC035_Session02_2024AUG27__selected_run_is_1__fmri_number_is1.mat;fMRI_1.mat;runs_random.mat	August-27-2024_ 6-04-24_PM__Subject_is_SUBC035_Session02_2024AUG27__sequence_of_stimuli_for_fMRI_number_1_is_11   6  10  12   1   5   9   2   4   7   3   8.mat	unique_scan_info;unique_fMRI_N;discarded_dated_seq_secondary_to_fMRI_N;unique_runs_random	high
sub-034	ses-02	02	August-27-2024_ 6-13-43_PM__scan_info_for_subject_SUBC035_Session02_2024AUG27__selected_run_is_4__fmri_number_is2.mat;fMRI_2.mat;runs_random.mat	August-27-2024_ 6-09-53_PM__Subject_is_SUBC035_Session02_2024AUG27__sequence_of_stimuli_for_fMRI_number_2_is_6   9  10   3   7   5   1  12   8   4   2  11.mat	unique_scan_info;unique_fMRI_N;discarded_dated_seq_secondary_to_fMRI_N;unique_runs_random	high
sub-034	ses-02	03	August-27-2024_ 6-19-30_PM__scan_info_for_subject_SUBC035_Session02_2024AUG27__selected_run_is_2__fmri_number_is3.mat;fMRI_3.mat;runs_random.mat	August-27-2024_ 6-15-35_PM__Subject_is_SUBC035_Session02_2024AUG27__sequence_of_stimuli_for_fMRI_number_3_is_3   1   7   8   9   4  12  11   6   2  10   5.mat	unique_scan_info;unique_fMRI_N;discarded_dated_seq_secondary_to_fMRI_N;unique_runs_random	high
sub-034	ses-02	04	August-27-2024_ 6-23-38_PM__scan_info_for_subject_SUBC035_Session02_2024AUG27__selected_run_is_5__fmri_number_is4.mat;fMRI_4.mat;runs_random.mat	August-27-2024_ 6-19-47_PM__Subject_is_SUBC035_Session02_2024AUG27__sequence_of_stimuli_for_fMRI_number_4_is_12   3  10   6  11   7   1   2   5   8   9   4.mat	unique_scan_info;unique_fMRI_N;discarded_dated_seq_secondary_to_fMRI_N;unique_runs_random	high
sub-034	ses-02	05	runs_random.mat		unique_runs_random;insufficient_for_events	low
sub-034	ses-02	06	runs_random.mat		unique_runs_random;insufficient_for_events	low
sub-034	ses-02	03	August-27-2024_ 6-19-30_PM__scan_info_for_subject_SUBC035_Session02_2024AUG27__selected_run_is_2__fmri_number_is3.mat;fMRI_3.mat;runs_random.mat	August-27-2024_ 6-15-35_PM__Subject_is_SUBC035_Session02_2024AUG27__sequence_of_stimuli_for_fMRI_number_3_is_3   1   7   8   9   4  12  11   6   2  10   5.mat	unique_scan_info;unique_fMRI_N;discarded_dated_seq_secondary_to_fMRI_N;unique_runs_random	high
sub-034	ses-02	04	August-27-2024_ 6-23-38_PM__scan_info_for_subject_SUBC035_Session02_2024AUG27__selected_run_is_5__fmri_number_is4.mat;fMRI_4.mat;runs_random.mat	August-27-2024_ 6-19-47_PM__Subject_is_SUBC035_Session02_2024AUG27__sequence_of_stimuli_for_fMRI_number_4_is_12   3  10   6  11   7   1   2   5   8   9   4.mat	unique_scan_info;unique_fMRI_N;discarded_dated_seq_secondary_to_fMRI_N;unique_runs_random	high
sub-034	ses-02	05	runs_random.mat		unique_runs_random;insufficient_for_events	low
sub-034	ses-02	06	runs_random.mat		unique_runs_random;insufficient_for_events	low
sub-034	ses-02	07	runs_random.mat		unique_runs_random;insufficient_for_events	low
sub-034	ses-02	08	runs_random.mat		unique_runs_random;insufficient_for_events	low
sub-035	ses-01	01	February-27-2024_ 3-15-08_PM__scan_info_for_subject_SUBC36_session01__selected_run_is_1__fmri_number_is1.mat;fMRI_1.mat;runs_random.mat	February-27-2024_ 3-08-46_PM__Subject_is_SUBC36_session01__sequence_of_stimuli_for_fMRI_number_1_is_11   6  10  12   1   5   9   2   4   7   3   8.mat	unique_scan_info;unique_fMRI_N;discarded_dated_seq_secondary_to_fMRI_N;unique_runs_random	high
sub-035	ses-01	02	February-27-2024_ 3-19-50_PM__scan_info_for_subject_SUBC36__selected_run_is_4__fmri_number_is2.mat;fMRI_2.mat;runs_random.mat	February-27-2024_ 3-15-32_PM__Subject_is_SUBC36__sequence_of_stimuli_for_fMRI_number_2_is_6   9  10   3   7   5   1  12   8   4   2  11.mat	unique_scan_info;unique_fMRI_N;discarded_dated_seq_secondary_to_fMRI_N;unique_runs_random	high
sub-035	ses-01	01	February-27-2024_ 3-15-08_PM__scan_info_for_subject_SUBC36_session01__selected_run_is_1__fmri_number_is1.mat;fMRI_1.mat;runs_random.mat	February-27-2024_ 3-08-46_PM__Subject_is_SUBC36_session01__sequence_of_stimuli_for_fMRI_number_1_is_11   6  10  12   1   5   9   2   4   7   3   8.mat	unique_scan_info;unique_fMRI_N;discarded_dated_seq_secondary_to_fMRI_N;unique_runs_random	high
sub-035	ses-01	02	February-27-2024_ 3-19-50_PM__scan_info_for_subject_SUBC36__selected_run_is_4__fmri_number_is2.mat;fMRI_2.mat;runs_random.mat	February-27-2024_ 3-15-32_PM__Subject_is_SUBC36__sequence_of_stimuli_for_fMRI_number_2_is_6   9  10   3   7   5   1  12   8   4   2  11.mat	unique_scan_info;unique_fMRI_N;discarded_dated_seq_secondary_to_fMRI_N;unique_runs_random	high
sub-035	ses-01	03	February-27-2024_ 3-24-56_PM__scan_info_for_subject_SUBC36__selected_run_is_2__fmri_number_is3.mat;fMRI_3.mat;runs_random.mat	February-27-2024_ 3-20-17_PM__Subject_is_SUBC36__sequence_of_stimuli_for_fMRI_number_3_is_3   1   7   8   9   4  12  11   6   2  10   5.mat	unique_scan_info;unique_fMRI_N;discarded_dated_seq_secondary_to_fMRI_N;unique_runs_random	high
sub-035	ses-01	04	February-27-2024_ 3-29-27_PM__scan_info_for_subject_SUBC36__selected_run_is_5__fmri_number_is4.mat;fMRI_4.mat;runs_random.mat	February-27-2024_ 3-25-21_PM__Subject_is_SUBC36__sequence_of_stimuli_for_fMRI_number_4_is_12   3  10   6  11   7   1   2   5   8   9   4.mat	unique_scan_info;unique_fMRI_N;discarded_dated_seq_secondary_to_fMRI_N;unique_runs_random	high
sub-035	ses-01	05	runs_random.mat		unique_runs_random;insufficient_for_events	low
sub-035	ses-01	06	runs_random.mat		unique_runs_random;insufficient_for_events	low
sub-035	ses-01	03	February-27-2024_ 3-24-56_PM__scan_info_for_subject_SUBC36__selected_run_is_2__fmri_number_is3.mat;fMRI_3.mat;runs_random.mat	February-27-2024_ 3-20-17_PM__Subject_is_SUBC36__sequence_of_stimuli_for_fMRI_number_3_is_3   1   7   8   9   4  12  11   6   2  10   5.mat	unique_scan_info;unique_fMRI_N;discarded_dated_seq_secondary_to_fMRI_N;unique_runs_random	high
sub-035	ses-01	04	February-27-2024_ 3-29-27_PM__scan_info_for_subject_SUBC36__selected_run_is_5__fmri_number_is4.mat;fMRI_4.mat;runs_random.mat	February-27-2024_ 3-25-21_PM__Subject_is_SUBC36__sequence_of_stimuli_for_fMRI_number_4_is_12   3  10   6  11   7   1   2   5   8   9   4.mat	unique_scan_info;unique_fMRI_N;discarded_dated_seq_secondary_to_fMRI_N;unique_runs_random	high
sub-035	ses-01	05	runs_random.mat		unique_runs_random;insufficient_for_events	low
sub-035	ses-01	06	runs_random.mat		unique_runs_random;insufficient_for_events	low
sub-035	ses-01	07	runs_random.mat		unique_runs_random;insufficient_for_events	low
sub-035	ses-01	08	runs_random.mat		unique_runs_random;insufficient_for_events	low
sub-035	ses-02	01	August-24-2024_ 9-32-37_AM__scan_info_for_subject_SUBC36-Session2-2024AUG24__selected_run_is_1__fmri_number_is1.mat;fMRI_1.mat;runs_random.mat	August-24-2024_ 9-25-04_AM__Subject_is_SUBC36-Session2-2024AUG24__sequence_of_stimuli_for_fMRI_number_1_is_11   6  10  12   1   5   9   2   4   7   3   8.mat	unique_scan_info;unique_fMRI_N;discarded_dated_seq_secondary_to_fMRI_N;unique_runs_random	high
sub-035	ses-02	02	August-24-2024_ 9-36-46_AM__scan_info_for_subject_SUBC36-Session2-2024AUG24__selected_run_is_4__fmri_number_is2.mat;fMRI_2.mat;runs_random.mat	August-24-2024_ 9-32-59_AM__Subject_is_SUBC36-Session2-2024AUG24__sequence_of_stimuli_for_fMRI_number_2_is_6   9  10   3   7   5   1  12   8   4   2  11.mat	unique_scan_info;unique_fMRI_N;discarded_dated_seq_secondary_to_fMRI_N;unique_runs_random	high
sub-035	ses-02	01	August-24-2024_ 9-32-37_AM__scan_info_for_subject_SUBC36-Session2-2024AUG24__selected_run_is_1__fmri_number_is1.mat;fMRI_1.mat;runs_random.mat	August-24-2024_ 9-25-04_AM__Subject_is_SUBC36-Session2-2024AUG24__sequence_of_stimuli_for_fMRI_number_1_is_11   6  10  12   1   5   9   2   4   7   3   8.mat	unique_scan_info;unique_fMRI_N;discarded_dated_seq_secondary_to_fMRI_N;unique_runs_random	high
sub-035	ses-02	02	August-24-2024_ 9-36-46_AM__scan_info_for_subject_SUBC36-Session2-2024AUG24__selected_run_is_4__fmri_number_is2.mat;fMRI_2.mat;runs_random.mat	August-24-2024_ 9-32-59_AM__Subject_is_SUBC36-Session2-2024AUG24__sequence_of_stimuli_for_fMRI_number_2_is_6   9  10   3   7   5   1  12   8   4   2  11.mat	unique_scan_info;unique_fMRI_N;discarded_dated_seq_secondary_to_fMRI_N;unique_runs_random	high
sub-035	ses-02	03	August-24-2024_ 9-42-06_AM__scan_info_for_subject_SUBC36-Session2-2024AUG24__selected_run_is_2__fmri_number_is3.mat;fMRI_3.mat;runs_random.mat	August-24-2024_ 9-38-07_AM__Subject_is_SUBC36-Session2-2024AUG24__sequence_of_stimuli_for_fMRI_number_3_is_3   1   7   8   9   4  12  11   6   2  10   5.mat	unique_scan_info;unique_fMRI_N;discarded_dated_seq_secondary_to_fMRI_N;unique_runs_random	high
sub-035	ses-02	04	August-24-2024_ 9-46-19_AM__scan_info_for_subject_SUBC36-Session2-2024AUG24__selected_run_is_5__fmri_number_is4.mat;fMRI_4.mat;runs_random.mat	August-24-2024_ 9-42-18_AM__Subject_is_SUBC36-Session2-2024AUG24__sequence_of_stimuli_for_fMRI_number_4_is_12   3  10   6  11   7   1   2   5   8   9   4.mat	unique_scan_info;unique_fMRI_N;discarded_dated_seq_secondary_to_fMRI_N;unique_runs_random	high
sub-035	ses-02	05	runs_random.mat		unique_runs_random;insufficient_for_events	low
sub-035	ses-02	06	runs_random.mat		unique_runs_random;insufficient_for_events	low
sub-035	ses-02	03	August-24-2024_ 9-42-06_AM__scan_info_for_subject_SUBC36-Session2-2024AUG24__selected_run_is_2__fmri_number_is3.mat;fMRI_3.mat;runs_random.mat	August-24-2024_ 9-38-07_AM__Subject_is_SUBC36-Session2-2024AUG24__sequence_of_stimuli_for_fMRI_number_3_is_3   1   7   8   9   4  12  11   6   2  10   5.mat	unique_scan_info;unique_fMRI_N;discarded_dated_seq_secondary_to_fMRI_N;unique_runs_random	high
sub-035	ses-02	04	August-24-2024_ 9-46-19_AM__scan_info_for_subject_SUBC36-Session2-2024AUG24__selected_run_is_5__fmri_number_is4.mat;fMRI_4.mat;runs_random.mat	August-24-2024_ 9-42-18_AM__Subject_is_SUBC36-Session2-2024AUG24__sequence_of_stimuli_for_fMRI_number_4_is_12   3  10   6  11   7   1   2   5   8   9   4.mat	unique_scan_info;unique_fMRI_N;discarded_dated_seq_secondary_to_fMRI_N;unique_runs_random	high
sub-035	ses-02	05	runs_random.mat		unique_runs_random;insufficient_for_events	low
sub-035	ses-02	06	runs_random.mat		unique_runs_random;insufficient_for_events	low
sub-035	ses-02	07	runs_random.mat		unique_runs_random;insufficient_for_events	low
sub-035	ses-02	08	runs_random.mat		unique_runs_random;insufficient_for_events	low
sub-036	ses-01	01	February-29-2024_11-53-37_AM__scan_info_for_subject_subc37__selected_run_is_1__fmri_number_is1.mat;fMRI_1.mat;runs_random.mat	February-29-2024_11-47-14_AM__Subject_is_subc37__sequence_of_stimuli_for_fMRI_number_1_is_11   6  10  12   1   5   9   2   4   7   3   8.mat	unique_scan_info;unique_fMRI_N;discarded_dated_seq_secondary_to_fMRI_N;unique_runs_random	high
sub-036	ses-01	02	February-29-2024_11-58-06_AM__scan_info_for_subject_subc37__selected_run_is_4__fmri_number_is2.mat;fMRI_2.mat;runs_random.mat	February-29-2024_11-54-07_AM__Subject_is_subc37__sequence_of_stimuli_for_fMRI_number_2_is_6   9  10   3   7   5   1  12   8   4   2  11.mat	unique_scan_info;unique_fMRI_N;discarded_dated_seq_secondary_to_fMRI_N;unique_runs_random	high
sub-036	ses-01	01	February-29-2024_11-53-37_AM__scan_info_for_subject_subc37__selected_run_is_1__fmri_number_is1.mat;fMRI_1.mat;runs_random.mat	February-29-2024_11-47-14_AM__Subject_is_subc37__sequence_of_stimuli_for_fMRI_number_1_is_11   6  10  12   1   5   9   2   4   7   3   8.mat	unique_scan_info;unique_fMRI_N;discarded_dated_seq_secondary_to_fMRI_N;unique_runs_random	high
sub-036	ses-01	02	February-29-2024_11-58-06_AM__scan_info_for_subject_subc37__selected_run_is_4__fmri_number_is2.mat;fMRI_2.mat;runs_random.mat	February-29-2024_11-54-07_AM__Subject_is_subc37__sequence_of_stimuli_for_fMRI_number_2_is_6   9  10   3   7   5   1  12   8   4   2  11.mat	unique_scan_info;unique_fMRI_N;discarded_dated_seq_secondary_to_fMRI_N;unique_runs_random	high
sub-036	ses-01	03	February-29-2024_12-03-08_PM__scan_info_for_subject_subc37__selected_run_is_2__fmri_number_is3.mat;fMRI_3.mat;runs_random.mat	February-29-2024_11-58-39_AM__Subject_is_subc37__sequence_of_stimuli_for_fMRI_number_3_is_3   1   7   8   9   4  12  11   6   2  10   5.mat	unique_scan_info;unique_fMRI_N;discarded_dated_seq_secondary_to_fMRI_N;unique_runs_random	high
sub-036	ses-01	04	February-29-2024_12-07-26_PM__scan_info_for_subject_SUBC37__selected_run_is_5__fmri_number_is4.mat;fMRI_4.mat;runs_random.mat	February-29-2024_12-03-33_PM__Subject_is_SUBC37__sequence_of_stimuli_for_fMRI_number_4_is_12   3  10   6  11   7   1   2   5   8   9   4.mat	unique_scan_info;unique_fMRI_N;discarded_dated_seq_secondary_to_fMRI_N;unique_runs_random	high
sub-036	ses-01	05	runs_random.mat		unique_runs_random;insufficient_for_events	low
sub-036	ses-01	06	runs_random.mat		unique_runs_random;insufficient_for_events	low
sub-036	ses-01	03	February-29-2024_12-03-08_PM__scan_info_for_subject_subc37__selected_run_is_2__fmri_number_is3.mat;fMRI_3.mat;runs_random.mat	February-29-2024_11-58-39_AM__Subject_is_subc37__sequence_of_stimuli_for_fMRI_number_3_is_3   1   7   8   9   4  12  11   6   2  10   5.mat	unique_scan_info;unique_fMRI_N;discarded_dated_seq_secondary_to_fMRI_N;unique_runs_random	high
sub-036	ses-01	04	February-29-2024_12-07-26_PM__scan_info_for_subject_SUBC37__selected_run_is_5__fmri_number_is4.mat;fMRI_4.mat;runs_random.mat	February-29-2024_12-03-33_PM__Subject_is_SUBC37__sequence_of_stimuli_for_fMRI_number_4_is_12   3  10   6  11   7   1   2   5   8   9   4.mat	unique_scan_info;unique_fMRI_N;discarded_dated_seq_secondary_to_fMRI_N;unique_runs_random	high
sub-036	ses-01	05	runs_random.mat		unique_runs_random;insufficient_for_events	low
sub-036	ses-01	06	runs_random.mat		unique_runs_random;insufficient_for_events	low
sub-036	ses-01	07	runs_random.mat		unique_runs_random;insufficient_for_events	low
sub-036	ses-01	08	runs_random.mat		unique_runs_random;insufficient_for_events	low
sub-036	ses-02	01	August-30-2024_ 9-38-32_AM__scan_info_for_subject_SUBC037_Session02_2024AUG30__selected_run_is_1__fmri_number_is1.mat;fMRI_1.mat;runs_random.mat	August-30-2024_ 9-33-55_AM__Subject_is_SUBC037_Session02_2024AUG30__sequence_of_stimuli_for_fMRI_number_1_is_11   6  10  12   1   5   9   2   4   7   3   8.mat	unique_scan_info;unique_fMRI_N;discarded_dated_seq_secondary_to_fMRI_N;unique_runs_random	high
sub-036	ses-02	02	August-30-2024_ 9-42-33_AM__scan_info_for_subject_SUBC037_Session02_2024AUG30__selected_run_is_4__fmri_number_is2.mat;fMRI_2.mat;runs_random.mat	August-30-2024_ 9-38-45_AM__Subject_is_SUBC037_Session02_2024AUG30__sequence_of_stimuli_for_fMRI_number_2_is_6   9  10   3   7   5   1  12   8   4   2  11.mat	unique_scan_info;unique_fMRI_N;discarded_dated_seq_secondary_to_fMRI_N;unique_runs_random	high
sub-036	ses-02	01	August-30-2024_ 9-38-32_AM__scan_info_for_subject_SUBC037_Session02_2024AUG30__selected_run_is_1__fmri_number_is1.mat;fMRI_1.mat;runs_random.mat	August-30-2024_ 9-33-55_AM__Subject_is_SUBC037_Session02_2024AUG30__sequence_of_stimuli_for_fMRI_number_1_is_11   6  10  12   1   5   9   2   4   7   3   8.mat	unique_scan_info;unique_fMRI_N;discarded_dated_seq_secondary_to_fMRI_N;unique_runs_random	high
sub-036	ses-02	02	August-30-2024_ 9-42-33_AM__scan_info_for_subject_SUBC037_Session02_2024AUG30__selected_run_is_4__fmri_number_is2.mat;fMRI_2.mat;runs_random.mat	August-30-2024_ 9-38-45_AM__Subject_is_SUBC037_Session02_2024AUG30__sequence_of_stimuli_for_fMRI_number_2_is_6   9  10   3   7   5   1  12   8   4   2  11.mat	unique_scan_info;unique_fMRI_N;discarded_dated_seq_secondary_to_fMRI_N;unique_runs_random	high
sub-036	ses-02	03	August-30-2024_ 9-47-29_AM__scan_info_for_subject_SUBC037_Session02_2024AUG30__selected_run_is_2__fmri_number_is3.mat;fMRI_3.mat;runs_random.mat	August-30-2024_ 9-43-37_AM__Subject_is_SUBC037_Session02_2024AUG30__sequence_of_stimuli_for_fMRI_number_3_is_3   1   7   8   9   4  12  11   6   2  10   5.mat	unique_scan_info;unique_fMRI_N;discarded_dated_seq_secondary_to_fMRI_N;unique_runs_random	high
sub-036	ses-02	04	August-30-2024_ 9-51-29_AM__scan_info_for_subject_SUBC037_Session02_2024AUG30__selected_run_is_5__fmri_number_is4.mat;fMRI_4.mat;runs_random.mat	August-30-2024_ 9-47-39_AM__Subject_is_SUBC037_Session02_2024AUG30__sequence_of_stimuli_for_fMRI_number_4_is_12   3  10   6  11   7   1   2   5   8   9   4.mat	unique_scan_info;unique_fMRI_N;discarded_dated_seq_secondary_to_fMRI_N;unique_runs_random	high
sub-036	ses-02	05	runs_random.mat		unique_runs_random;insufficient_for_events	low
sub-036	ses-02	06	runs_random.mat		unique_runs_random;insufficient_for_events	low
sub-036	ses-02	03	August-30-2024_ 9-47-29_AM__scan_info_for_subject_SUBC037_Session02_2024AUG30__selected_run_is_2__fmri_number_is3.mat;fMRI_3.mat;runs_random.mat	August-30-2024_ 9-43-37_AM__Subject_is_SUBC037_Session02_2024AUG30__sequence_of_stimuli_for_fMRI_number_3_is_3   1   7   8   9   4  12  11   6   2  10   5.mat	unique_scan_info;unique_fMRI_N;discarded_dated_seq_secondary_to_fMRI_N;unique_runs_random	high
sub-036	ses-02	04	August-30-2024_ 9-51-29_AM__scan_info_for_subject_SUBC037_Session02_2024AUG30__selected_run_is_5__fmri_number_is4.mat;fMRI_4.mat;runs_random.mat	August-30-2024_ 9-47-39_AM__Subject_is_SUBC037_Session02_2024AUG30__sequence_of_stimuli_for_fMRI_number_4_is_12   3  10   6  11   7   1   2   5   8   9   4.mat	unique_scan_info;unique_fMRI_N;discarded_dated_seq_secondary_to_fMRI_N;unique_runs_random	high
sub-036	ses-02	05	runs_random.mat		unique_runs_random;insufficient_for_events	low
sub-036	ses-02	06	runs_random.mat		unique_runs_random;insufficient_for_events	low
sub-036	ses-02	07	runs_random.mat		unique_runs_random;insufficient_for_events	low
sub-036	ses-02	08	runs_random.mat		unique_runs_random;insufficient_for_events	low
sub-037	ses-01	01	March-07-2024_ 2-52-13_PM__scan_info_for_subject_SUBC38_Session01__selected_run_is_1__fmri_number_is1.mat;fMRI_1.mat;runs_random.mat	March-07-2024_ 2-46-37_PM__Subject_is_SUBC38_Session01__sequence_of_stimuli_for_fMRI_number_1_is_11   6  10  12   1   5   9   2   4   7   3   8.mat	unique_scan_info;unique_fMRI_N;discarded_dated_seq_secondary_to_fMRI_N;unique_runs_random	high
sub-037	ses-01	02	March-07-2024_ 2-56-46_PM__scan_info_for_subject_SUBC38__selected_run_is_4__fmri_number_is2.mat;fMRI_2.mat;runs_random.mat	March-07-2024_ 2-52-52_PM__Subject_is_SUBC38__sequence_of_stimuli_for_fMRI_number_2_is_6   9  10   3   7   5   1  12   8   4   2  11.mat	unique_scan_info;unique_fMRI_N;discarded_dated_seq_secondary_to_fMRI_N;unique_runs_random	high
sub-037	ses-01	01	March-07-2024_ 2-52-13_PM__scan_info_for_subject_SUBC38_Session01__selected_run_is_1__fmri_number_is1.mat;fMRI_1.mat;runs_random.mat	March-07-2024_ 2-46-37_PM__Subject_is_SUBC38_Session01__sequence_of_stimuli_for_fMRI_number_1_is_11   6  10  12   1   5   9   2   4   7   3   8.mat	unique_scan_info;unique_fMRI_N;discarded_dated_seq_secondary_to_fMRI_N;unique_runs_random	high
sub-037	ses-01	02	March-07-2024_ 2-56-46_PM__scan_info_for_subject_SUBC38__selected_run_is_4__fmri_number_is2.mat;fMRI_2.mat;runs_random.mat	March-07-2024_ 2-52-52_PM__Subject_is_SUBC38__sequence_of_stimuli_for_fMRI_number_2_is_6   9  10   3   7   5   1  12   8   4   2  11.mat	unique_scan_info;unique_fMRI_N;discarded_dated_seq_secondary_to_fMRI_N;unique_runs_random	high
sub-037	ses-01	03	March-07-2024_ 3-01-47_PM__scan_info_for_subject_subc38__selected_run_is_2__fmri_number_is3.mat;fMRI_3.mat;runs_random.mat	March-07-2024_ 2-57-20_PM__Subject_is_subc38__sequence_of_stimuli_for_fMRI_number_3_is_3   1   7   8   9   4  12  11   6   2  10   5.mat	unique_scan_info;unique_fMRI_N;discarded_dated_seq_secondary_to_fMRI_N;unique_runs_random	high
sub-037	ses-01	04	March-07-2024_ 3-06-10_PM__scan_info_for_subject_subc38__selected_run_is_5__fmri_number_is4.mat;fMRI_4.mat;runs_random.mat	March-07-2024_ 3-02-09_PM__Subject_is_subc38__sequence_of_stimuli_for_fMRI_number_4_is_12   3  10   6  11   7   1   2   5   8   9   4.mat	unique_scan_info;unique_fMRI_N;discarded_dated_seq_secondary_to_fMRI_N;unique_runs_random	high
sub-037	ses-01	05	runs_random.mat		unique_runs_random;insufficient_for_events	low
sub-037	ses-01	06	runs_random.mat		unique_runs_random;insufficient_for_events	low
sub-037	ses-01	03	March-07-2024_ 3-01-47_PM__scan_info_for_subject_subc38__selected_run_is_2__fmri_number_is3.mat;fMRI_3.mat;runs_random.mat	March-07-2024_ 2-57-20_PM__Subject_is_subc38__sequence_of_stimuli_for_fMRI_number_3_is_3   1   7   8   9   4  12  11   6   2  10   5.mat	unique_scan_info;unique_fMRI_N;discarded_dated_seq_secondary_to_fMRI_N;unique_runs_random	high
sub-037	ses-01	04	March-07-2024_ 3-06-10_PM__scan_info_for_subject_subc38__selected_run_is_5__fmri_number_is4.mat;fMRI_4.mat;runs_random.mat	March-07-2024_ 3-02-09_PM__Subject_is_subc38__sequence_of_stimuli_for_fMRI_number_4_is_12   3  10   6  11   7   1   2   5   8   9   4.mat	unique_scan_info;unique_fMRI_N;discarded_dated_seq_secondary_to_fMRI_N;unique_runs_random	high
sub-037	ses-01	05	runs_random.mat		unique_runs_random;insufficient_for_events	low
sub-037	ses-01	06	runs_random.mat		unique_runs_random;insufficient_for_events	low
sub-037	ses-01	07	runs_random.mat		unique_runs_random;insufficient_for_events	low
sub-037	ses-01	08	runs_random.mat		unique_runs_random;insufficient_for_events	low
sub-038	ses-01	01	March-10-2024_ 9-51-28_AM__scan_info_for_subject_SUBC39__selected_run_is_1__fmri_number_is1.mat;fMRI_1.mat;runs_random.mat	March-10-2024_ 9-45-54_AM__Subject_is_SUBC39__sequence_of_stimuli_for_fMRI_number_1_is_11   6  10  12   1   5   9   2   4   7   3   8.mat	unique_scan_info;unique_fMRI_N;discarded_dated_seq_secondary_to_fMRI_N;unique_runs_random	high
sub-038	ses-01	02	March-10-2024_ 9-56-02_AM__scan_info_for_subject_SUBC39__selected_run_is_4__fmri_number_is2.mat;fMRI_2.mat;runs_random.mat	March-10-2024_ 9-51-49_AM__Subject_is_SUBC39__sequence_of_stimuli_for_fMRI_number_2_is_6   9  10   3   7   5   1  12   8   4   2  11.mat	unique_scan_info;unique_fMRI_N;discarded_dated_seq_secondary_to_fMRI_N;unique_runs_random	high
sub-038	ses-01	01	March-10-2024_ 9-51-28_AM__scan_info_for_subject_SUBC39__selected_run_is_1__fmri_number_is1.mat;fMRI_1.mat;runs_random.mat	March-10-2024_ 9-45-54_AM__Subject_is_SUBC39__sequence_of_stimuli_for_fMRI_number_1_is_11   6  10  12   1   5   9   2   4   7   3   8.mat	unique_scan_info;unique_fMRI_N;discarded_dated_seq_secondary_to_fMRI_N;unique_runs_random	high
sub-038	ses-01	02	March-10-2024_ 9-56-02_AM__scan_info_for_subject_SUBC39__selected_run_is_4__fmri_number_is2.mat;fMRI_2.mat;runs_random.mat	March-10-2024_ 9-51-49_AM__Subject_is_SUBC39__sequence_of_stimuli_for_fMRI_number_2_is_6   9  10   3   7   5   1  12   8   4   2  11.mat	unique_scan_info;unique_fMRI_N;discarded_dated_seq_secondary_to_fMRI_N;unique_runs_random	high
sub-038	ses-01	03	March-10-2024_10-01-10_AM__scan_info_for_subject_SUBC39__selected_run_is_2__fmri_number_is3.mat;fMRI_3.mat;runs_random.mat	March-10-2024_ 9-56-29_AM__Subject_is_SUBC39__sequence_of_stimuli_for_fMRI_number_3_is_3   1   7   8   9   4  12  11   6   2  10   5.mat	unique_scan_info;unique_fMRI_N;discarded_dated_seq_secondary_to_fMRI_N;unique_runs_random	high
sub-038	ses-01	04	March-10-2024_10-05-32_AM__scan_info_for_subject_SUBC39__selected_run_is_5__fmri_number_is4.mat;fMRI_4.mat;runs_random.mat	March-10-2024_10-01-29_AM__Subject_is_SUBC39__sequence_of_stimuli_for_fMRI_number_4_is_12   3  10   6  11   7   1   2   5   8   9   4.mat	unique_scan_info;unique_fMRI_N;discarded_dated_seq_secondary_to_fMRI_N;unique_runs_random	high
sub-038	ses-01	05	runs_random.mat		unique_runs_random;insufficient_for_events	low
sub-038	ses-01	06	runs_random.mat		unique_runs_random;insufficient_for_events	low
sub-038	ses-01	03	March-10-2024_10-01-10_AM__scan_info_for_subject_SUBC39__selected_run_is_2__fmri_number_is3.mat;fMRI_3.mat;runs_random.mat	March-10-2024_ 9-56-29_AM__Subject_is_SUBC39__sequence_of_stimuli_for_fMRI_number_3_is_3   1   7   8   9   4  12  11   6   2  10   5.mat	unique_scan_info;unique_fMRI_N;discarded_dated_seq_secondary_to_fMRI_N;unique_runs_random	high
sub-038	ses-01	04	March-10-2024_10-05-32_AM__scan_info_for_subject_SUBC39__selected_run_is_5__fmri_number_is4.mat;fMRI_4.mat;runs_random.mat	March-10-2024_10-01-29_AM__Subject_is_SUBC39__sequence_of_stimuli_for_fMRI_number_4_is_12   3  10   6  11   7   1   2   5   8   9   4.mat	unique_scan_info;unique_fMRI_N;discarded_dated_seq_secondary_to_fMRI_N;unique_runs_random	high
sub-038	ses-01	05	runs_random.mat		unique_runs_random;insufficient_for_events	low
sub-038	ses-01	06	runs_random.mat		unique_runs_random;insufficient_for_events	low
sub-038	ses-01	07	runs_random.mat		unique_runs_random;insufficient_for_events	low
sub-038	ses-01	08	runs_random.mat		unique_runs_random;insufficient_for_events	low
sub-038	ses-02	01	September-08-2024_10-17-07_AM__scan_info_for_subject_SUBC039-SESSION2__selected_run_is_1__fmri_number_is1.mat;fMRI_1.mat;runs_random.mat	September-08-2024_10-13-01_AM__Subject_is_SUBC039-SESSION2__sequence_of_stimuli_for_fMRI_number_1_is_11   6  10  12   1   5   9   2   4   7   3   8.mat	unique_scan_info;unique_fMRI_N;discarded_dated_seq_secondary_to_fMRI_N;unique_runs_random	high
sub-038	ses-02	01	September-08-2024_10-17-07_AM__scan_info_for_subject_SUBC039-SESSION2__selected_run_is_1__fmri_number_is1.mat;fMRI_1.mat;runs_random.mat	September-08-2024_10-13-01_AM__Subject_is_SUBC039-SESSION2__sequence_of_stimuli_for_fMRI_number_1_is_11   6  10  12   1   5   9   2   4   7   3   8.mat	unique_scan_info;unique_fMRI_N;discarded_dated_seq_secondary_to_fMRI_N;unique_runs_random	high
sub-038	ses-02	02	September-08-2024_10-21-32_AM__scan_info_for_subject_SUBC039-SESSION2__selected_run_is_4__fmri_number_is2.mat;fMRI_2.mat;runs_random.mat	September-08-2024_10-17-42_AM__Subject_is_SUBC039-SESSION2__sequence_of_stimuli_for_fMRI_number_2_is_6   9  10   3   7   5   1  12   8   4   2  11.mat	unique_scan_info;unique_fMRI_N;discarded_dated_seq_secondary_to_fMRI_N;unique_runs_random	high
sub-038	ses-02	02	September-08-2024_10-21-32_AM__scan_info_for_subject_SUBC039-SESSION2__selected_run_is_4__fmri_number_is2.mat;fMRI_2.mat;runs_random.mat	September-08-2024_10-17-42_AM__Subject_is_SUBC039-SESSION2__sequence_of_stimuli_for_fMRI_number_2_is_6   9  10   3   7   5   1  12   8   4   2  11.mat	unique_scan_info;unique_fMRI_N;discarded_dated_seq_secondary_to_fMRI_N;unique_runs_random	high
sub-038	ses-02	03	September-08-2024_10-28-13_AM__scan_info_for_subject_SUBC039-SESSION2__selected_run_is_2__fmri_number_is3.mat;fMRI_3.mat;runs_random.mat	September-08-2024_10-21-43_AM__Subject_is_SUBC039-SESSION2__sequence_of_stimuli_for_fMRI_number_3_is_3   1   7   8   9   4  12  11   6   2  10   5.mat	unique_scan_info;unique_fMRI_N;discarded_dated_seq_secondary_to_fMRI_N;unique_runs_random	high
sub-038	ses-02	04	September-08-2024_10-32-42_AM__scan_info_for_subject_SUBC039-SESSION2__selected_run_is_5__fmri_number_is4.mat;fMRI_4.mat;runs_random.mat	September-08-2024_10-28-47_AM__Subject_is_SUBC039-SESSION2__sequence_of_stimuli_for_fMRI_number_4_is_12   3  10   6  11   7   1   2   5   8   9   4.mat	unique_scan_info;unique_fMRI_N;discarded_dated_seq_secondary_to_fMRI_N;unique_runs_random	high
sub-038	ses-02	05	runs_random.mat		unique_runs_random;insufficient_for_events	low
sub-038	ses-02	06	runs_random.mat		unique_runs_random;insufficient_for_events	low
sub-038	ses-02	07	runs_random.mat		unique_runs_random;insufficient_for_events	low
sub-038	ses-02	08	runs_random.mat		unique_runs_random;insufficient_for_events	low
sub-038	ses-02	03	September-08-2024_10-28-13_AM__scan_info_for_subject_SUBC039-SESSION2__selected_run_is_2__fmri_number_is3.mat;fMRI_3.mat;runs_random.mat	September-08-2024_10-21-43_AM__Subject_is_SUBC039-SESSION2__sequence_of_stimuli_for_fMRI_number_3_is_3   1   7   8   9   4  12  11   6   2  10   5.mat	unique_scan_info;unique_fMRI_N;discarded_dated_seq_secondary_to_fMRI_N;unique_runs_random	high
sub-038	ses-02	04	September-08-2024_10-32-42_AM__scan_info_for_subject_SUBC039-SESSION2__selected_run_is_5__fmri_number_is4.mat;fMRI_4.mat;runs_random.mat	September-08-2024_10-28-47_AM__Subject_is_SUBC039-SESSION2__sequence_of_stimuli_for_fMRI_number_4_is_12   3  10   6  11   7   1   2   5   8   9   4.mat	unique_scan_info;unique_fMRI_N;discarded_dated_seq_secondary_to_fMRI_N;unique_runs_random	high
sub-038	ses-02	09	runs_random.mat		unique_runs_random;insufficient_for_events	low
sub-038	ses-02	05	runs_random.mat		unique_runs_random;insufficient_for_events	low
sub-038	ses-02	06	runs_random.mat		unique_runs_random;insufficient_for_events	low
sub-038	ses-02	10	runs_random.mat		unique_runs_random;insufficient_for_events	low
sub-039	ses-01	01	March-18-2024_ 5-18-36_PM__scan_info_for_subject_subc40__selected_run_is_1__fmri_number_is1.mat;fMRI_1.mat;runs_random.mat	March-18-2024_ 5-12-10_PM__Subject_is_subc40__sequence_of_stimuli_for_fMRI_number_1_is_11   6  10  12   1   5   9   2   4   7   3   8.mat	unique_scan_info;unique_fMRI_N;discarded_dated_seq_secondary_to_fMRI_N;unique_runs_random	high
sub-039	ses-01	02	March-18-2024_ 5-23-33_PM__scan_info_for_subject_subc40__selected_run_is_4__fmri_number_is2.mat;fMRI_2.mat;runs_random.mat	March-18-2024_ 5-19-13_PM__Subject_is_subc40__sequence_of_stimuli_for_fMRI_number_2_is_6   9  10   3   7   5   1  12   8   4   2  11.mat	unique_scan_info;unique_fMRI_N;discarded_dated_seq_secondary_to_fMRI_N;unique_runs_random	high
sub-039	ses-01	01	March-18-2024_ 5-18-36_PM__scan_info_for_subject_subc40__selected_run_is_1__fmri_number_is1.mat;fMRI_1.mat;runs_random.mat	March-18-2024_ 5-12-10_PM__Subject_is_subc40__sequence_of_stimuli_for_fMRI_number_1_is_11   6  10  12   1   5   9   2   4   7   3   8.mat	unique_scan_info;unique_fMRI_N;discarded_dated_seq_secondary_to_fMRI_N;unique_runs_random	high
sub-039	ses-01	02	March-18-2024_ 5-23-33_PM__scan_info_for_subject_subc40__selected_run_is_4__fmri_number_is2.mat;fMRI_2.mat;runs_random.mat	March-18-2024_ 5-19-13_PM__Subject_is_subc40__sequence_of_stimuli_for_fMRI_number_2_is_6   9  10   3   7   5   1  12   8   4   2  11.mat	unique_scan_info;unique_fMRI_N;discarded_dated_seq_secondary_to_fMRI_N;unique_runs_random	high
sub-039	ses-01	03	March-18-2024_ 5-28-51_PM__scan_info_for_subject_subc40__selected_run_is_2__fmri_number_is3.mat;fMRI_3.mat;runs_random.mat	March-18-2024_ 5-24-10_PM__Subject_is_subc40__sequence_of_stimuli_for_fMRI_number_3_is_3   1   7   8   9   4  12  11   6   2  10   5.mat	unique_scan_info;unique_fMRI_N;discarded_dated_seq_secondary_to_fMRI_N;unique_runs_random	high
sub-039	ses-01	04	March-18-2024_ 5-33-55_PM__scan_info_for_subject_subc40__selected_run_is_5__fmri_number_is4.mat;fMRI_4.mat;runs_random.mat	March-18-2024_ 5-29-13_PM__Subject_is_subc40__sequence_of_stimuli_for_fMRI_number_4_is_12   3  10   6  11   7   1   2   5   8   9   4.mat	unique_scan_info;unique_fMRI_N;discarded_dated_seq_secondary_to_fMRI_N;unique_runs_random	high
sub-039	ses-01	05	runs_random.mat		unique_runs_random;insufficient_for_events	low
sub-039	ses-01	06	runs_random.mat		unique_runs_random;insufficient_for_events	low
sub-039	ses-01	03	March-18-2024_ 5-28-51_PM__scan_info_for_subject_subc40__selected_run_is_2__fmri_number_is3.mat;fMRI_3.mat;runs_random.mat	March-18-2024_ 5-24-10_PM__Subject_is_subc40__sequence_of_stimuli_for_fMRI_number_3_is_3   1   7   8   9   4  12  11   6   2  10   5.mat	unique_scan_info;unique_fMRI_N;discarded_dated_seq_secondary_to_fMRI_N;unique_runs_random	high
sub-039	ses-01	04	March-18-2024_ 5-33-55_PM__scan_info_for_subject_subc40__selected_run_is_5__fmri_number_is4.mat;fMRI_4.mat;runs_random.mat	March-18-2024_ 5-29-13_PM__Subject_is_subc40__sequence_of_stimuli_for_fMRI_number_4_is_12   3  10   6  11   7   1   2   5   8   9   4.mat	unique_scan_info;unique_fMRI_N;discarded_dated_seq_secondary_to_fMRI_N;unique_runs_random	high
sub-039	ses-01	05	runs_random.mat		unique_runs_random;insufficient_for_events	low
sub-039	ses-01	06	runs_random.mat		unique_runs_random;insufficient_for_events	low
sub-039	ses-01	07	runs_random.mat		unique_runs_random;insufficient_for_events	low
sub-039	ses-01	08	runs_random.mat		unique_runs_random;insufficient_for_events	low
sub-039	ses-02	01	October-05-2024_ 9-40-32_AM__scan_info_for_subject_SUBC040_Session02_2024OCT05__selected_run_is_1__fmri_number_is1.mat;fMRI_1.mat;runs_random.mat	October-05-2024_ 9-35-42_AM__Subject_is_SUBC040_Session02_2024OCT05__sequence_of_stimuli_for_fMRI_number_1_is_11   6  10  12   1   5   9   2   4   7   3   8.mat	unique_scan_info;unique_fMRI_N;discarded_dated_seq_secondary_to_fMRI_N;unique_runs_random	high
sub-039	ses-02	02	October-05-2024_ 9-44-54_AM__scan_info_for_subject_SUBC040_Session02_2024OCT05__selected_run_is_4__fmri_number_is2.mat;fMRI_2.mat;runs_random.mat	October-05-2024_ 9-40-52_AM__Subject_is_SUBC040_Session02_2024OCT05__sequence_of_stimuli_for_fMRI_number_2_is_6   9  10   3   7   5   1  12   8   4   2  11.mat	unique_scan_info;unique_fMRI_N;discarded_dated_seq_secondary_to_fMRI_N;unique_runs_random	high
sub-039	ses-02	01	October-05-2024_ 9-40-32_AM__scan_info_for_subject_SUBC040_Session02_2024OCT05__selected_run_is_1__fmri_number_is1.mat;fMRI_1.mat;runs_random.mat	October-05-2024_ 9-35-42_AM__Subject_is_SUBC040_Session02_2024OCT05__sequence_of_stimuli_for_fMRI_number_1_is_11   6  10  12   1   5   9   2   4   7   3   8.mat	unique_scan_info;unique_fMRI_N;discarded_dated_seq_secondary_to_fMRI_N;unique_runs_random	high
sub-039	ses-02	02	October-05-2024_ 9-44-54_AM__scan_info_for_subject_SUBC040_Session02_2024OCT05__selected_run_is_4__fmri_number_is2.mat;fMRI_2.mat;runs_random.mat	October-05-2024_ 9-40-52_AM__Subject_is_SUBC040_Session02_2024OCT05__sequence_of_stimuli_for_fMRI_number_2_is_6   9  10   3   7   5   1  12   8   4   2  11.mat	unique_scan_info;unique_fMRI_N;discarded_dated_seq_secondary_to_fMRI_N;unique_runs_random	high
sub-039	ses-02	03	October-05-2024_ 9-51-52_AM__scan_info_for_subject_SUBC040_Session02_2024OCT05__selected_run_is_2__fmri_number_is3.mat;fMRI_3.mat;runs_random.mat	October-05-2024_ 9-47-43_AM__Subject_is_SUBC040_Session02_2024OCT05__sequence_of_stimuli_for_fMRI_number_3_is_3   1   7   8   9   4  12  11   6   2  10   5.mat	unique_scan_info;unique_fMRI_N;discarded_dated_seq_secondary_to_fMRI_N;unique_runs_random	high
sub-039	ses-02	04	October-05-2024_ 9-56-21_AM__scan_info_for_subject_SUBC040_Session02_2024OCT05__selected_run_is_5__fmri_number_is4.mat;fMRI_4.mat;runs_random.mat	October-05-2024_ 9-52-27_AM__Subject_is_SUBC040_Session02_2024OCT05__sequence_of_stimuli_for_fMRI_number_4_is_12   3  10   6  11   7   1   2   5   8   9   4.mat	unique_scan_info;unique_fMRI_N;discarded_dated_seq_secondary_to_fMRI_N;unique_runs_random	high
sub-039	ses-02	05	runs_random.mat		unique_runs_random;insufficient_for_events	low
sub-039	ses-02	06	runs_random.mat		unique_runs_random;insufficient_for_events	low
sub-039	ses-02	03	October-05-2024_ 9-51-52_AM__scan_info_for_subject_SUBC040_Session02_2024OCT05__selected_run_is_2__fmri_number_is3.mat;fMRI_3.mat;runs_random.mat	October-05-2024_ 9-47-43_AM__Subject_is_SUBC040_Session02_2024OCT05__sequence_of_stimuli_for_fMRI_number_3_is_3   1   7   8   9   4  12  11   6   2  10   5.mat	unique_scan_info;unique_fMRI_N;discarded_dated_seq_secondary_to_fMRI_N;unique_runs_random	high
sub-039	ses-02	04	October-05-2024_ 9-56-21_AM__scan_info_for_subject_SUBC040_Session02_2024OCT05__selected_run_is_5__fmri_number_is4.mat;fMRI_4.mat;runs_random.mat	October-05-2024_ 9-52-27_AM__Subject_is_SUBC040_Session02_2024OCT05__sequence_of_stimuli_for_fMRI_number_4_is_12   3  10   6  11   7   1   2   5   8   9   4.mat	unique_scan_info;unique_fMRI_N;discarded_dated_seq_secondary_to_fMRI_N;unique_runs_random	high
sub-039	ses-02	05	runs_random.mat		unique_runs_random;insufficient_for_events	low
sub-039	ses-02	06	runs_random.mat		unique_runs_random;insufficient_for_events	low
sub-039	ses-02	07	runs_random.mat		unique_runs_random;insufficient_for_events	low
sub-039	ses-02	08	runs_random.mat		unique_runs_random;insufficient_for_events	low
sub-040	ses-01	01	March-21-2024_ 4-03-38_PM__scan_info_for_subject_SUBC41__selected_run_is_1__fmri_number_is1.mat;fMRI_1.mat;runs_random.mat	March-21-2024_ 4-13-11_PM__scan_info_for_subject_subc41__selected_run_is_1__fmri_number_is1.mat;fMRI_1.mat;March-21-2024_ 4-08-50_PM__Subject_is_subc41__sequence_of_stimuli_for_fMRI_number_1_is_11   6  10  12   1   5   9   2   4   7   3   8.mat;March-21-2024_ 3-57-42_PM__Subject_is_SUBC41__sequence_of_stimuli_for_fMRI_number_1_is_11   6  10  12   1   5   9   2   4   7   3   8.mat;runs_random.mat	priority_scan_info_selected=March-21-2024_ 4-03-38_PM__scan_info_for_subject_SUBC41__selected_run_is_1__fmri_number_is1.mat;discarded=March-21-2024_ 4-13-11_PM__scan_info_for_subject_subc41__selected_run_is_1__fmri_number_is1.mat;vars=triggerTimes;vbl;priority_fMRI_N_selected=fMRI_1.mat;discarded=fMRI_1.mat;vars=Stim_order_selected;discarded_dated_seq_secondary_to_fMRI_N;priority_runs_random_selected=runs_random.mat;discarded=runs_random.mat;vars=paradigm;vbl	high
sub-040	ses-01	02	March-21-2024_ 4-07-18_PM__scan_info_for_subject_subc41__selected_run_is_4__fmri_number_is2.mat;fMRI_2.mat;runs_random.mat	March-21-2024_ 4-17-56_PM__scan_info_for_subject_subc41__selected_run_is_4__fmri_number_is2.mat;fMRI_2.mat;March-21-2024_ 4-13-30_PM__Subject_is_subc41__sequence_of_stimuli_for_fMRI_number_2_is_6   9  10   3   7   5   1  12   8   4   2  11.mat;March-21-2024_ 4-04-07_PM__Subject_is_subc41__sequence_of_stimuli_for_fMRI_number_2_is_6   9  10   3   7   5   1  12   8   4   2  11.mat;runs_random.mat	priority_scan_info_selected=March-21-2024_ 4-07-18_PM__scan_info_for_subject_subc41__selected_run_is_4__fmri_number_is2.mat;discarded=March-21-2024_ 4-17-56_PM__scan_info_for_subject_subc41__selected_run_is_4__fmri_number_is2.mat;vars=triggerTimes;vbl;priority_fMRI_N_selected=fMRI_2.mat;discarded=fMRI_2.mat;vars=Stim_order_selected;discarded_dated_seq_secondary_to_fMRI_N;priority_runs_random_selected=runs_random.mat;discarded=runs_random.mat;vars=paradigm;vbl	high
sub-040	ses-01	01	March-21-2024_ 4-03-38_PM__scan_info_for_subject_SUBC41__selected_run_is_1__fmri_number_is1.mat;fMRI_1.mat;runs_random.mat	March-21-2024_ 4-13-11_PM__scan_info_for_subject_subc41__selected_run_is_1__fmri_number_is1.mat;fMRI_1.mat;March-21-2024_ 4-08-50_PM__Subject_is_subc41__sequence_of_stimuli_for_fMRI_number_1_is_11   6  10  12   1   5   9   2   4   7   3   8.mat;March-21-2024_ 3-57-42_PM__Subject_is_SUBC41__sequence_of_stimuli_for_fMRI_number_1_is_11   6  10  12   1   5   9   2   4   7   3   8.mat;runs_random.mat	priority_scan_info_selected=March-21-2024_ 4-03-38_PM__scan_info_for_subject_SUBC41__selected_run_is_1__fmri_number_is1.mat;discarded=March-21-2024_ 4-13-11_PM__scan_info_for_subject_subc41__selected_run_is_1__fmri_number_is1.mat;vars=triggerTimes;vbl;priority_fMRI_N_selected=fMRI_1.mat;discarded=fMRI_1.mat;vars=Stim_order_selected;discarded_dated_seq_secondary_to_fMRI_N;priority_runs_random_selected=runs_random.mat;discarded=runs_random.mat;vars=paradigm;vbl	high
sub-040	ses-01	02	March-21-2024_ 4-07-18_PM__scan_info_for_subject_subc41__selected_run_is_4__fmri_number_is2.mat;fMRI_2.mat;runs_random.mat	March-21-2024_ 4-17-56_PM__scan_info_for_subject_subc41__selected_run_is_4__fmri_number_is2.mat;fMRI_2.mat;March-21-2024_ 4-13-30_PM__Subject_is_subc41__sequence_of_stimuli_for_fMRI_number_2_is_6   9  10   3   7   5   1  12   8   4   2  11.mat;March-21-2024_ 4-04-07_PM__Subject_is_subc41__sequence_of_stimuli_for_fMRI_number_2_is_6   9  10   3   7   5   1  12   8   4   2  11.mat;runs_random.mat	priority_scan_info_selected=March-21-2024_ 4-07-18_PM__scan_info_for_subject_subc41__selected_run_is_4__fmri_number_is2.mat;discarded=March-21-2024_ 4-17-56_PM__scan_info_for_subject_subc41__selected_run_is_4__fmri_number_is2.mat;vars=triggerTimes;vbl;priority_fMRI_N_selected=fMRI_2.mat;discarded=fMRI_2.mat;vars=Stim_order_selected;discarded_dated_seq_secondary_to_fMRI_N;priority_runs_random_selected=runs_random.mat;discarded=runs_random.mat;vars=paradigm;vbl	high
sub-040	ses-01	03	March-21-2024_ 4-23-50_PM__scan_info_for_subject_subc41__selected_run_is_2__fmri_number_is3.mat;fMRI_3.mat;runs_random.mat	March-21-2024_ 4-18-37_PM__Subject_is_subc41__sequence_of_stimuli_for_fMRI_number_3_is_3   1   7   8   9   4  12  11   6   2  10   5.mat;runs_random.mat	unique_scan_info;unique_fMRI_N;discarded_dated_seq_secondary_to_fMRI_N;priority_runs_random_selected=runs_random.mat;discarded=runs_random.mat;vars=paradigm;vbl	high
sub-040	ses-01	04	March-21-2024_ 4-28-13_PM__scan_info_for_subject_subc41__selected_run_is_5__fmri_number_is4.mat;fMRI_4.mat;runs_random.mat	March-21-2024_ 4-24-13_PM__Subject_is_subc41__sequence_of_stimuli_for_fMRI_number_4_is_12   3  10   6  11   7   1   2   5   8   9   4.mat;runs_random.mat	unique_scan_info;unique_fMRI_N;discarded_dated_seq_secondary_to_fMRI_N;priority_runs_random_selected=runs_random.mat;discarded=runs_random.mat;vars=paradigm;vbl	high
sub-040	ses-01	05	March-21-2024_ 4-28-48_PM__scan_info_for_subject_subc41__selected_run_is_3__fmri_number_is5.mat;fMRI_5.mat;runs_random.mat	March-21-2024_ 4-28-41_PM__Subject_is_subc41__sequence_of_stimuli_for_fMRI_number_5_is_2   8   5   3   7  10   4   9   1   6  11  12.mat;runs_random.mat	unique_scan_info;unique_fMRI_N;discarded_dated_seq_secondary_to_fMRI_N;priority_runs_random_selected=runs_random.mat;discarded=runs_random.mat;vars=paradigm;vbl	high
sub-040	ses-01	06	runs_random.mat	runs_random.mat	priority_runs_random_selected=runs_random.mat;discarded=runs_random.mat;vars=paradigm;vbl;insufficient_for_events	low
sub-040	ses-01	07	runs_random.mat	runs_random.mat	priority_runs_random_selected=runs_random.mat;discarded=runs_random.mat;vars=paradigm;vbl;insufficient_for_events	low
sub-040	ses-01	08	runs_random.mat	runs_random.mat	priority_runs_random_selected=runs_random.mat;discarded=runs_random.mat;vars=paradigm;vbl;insufficient_for_events	low
sub-040	ses-01	03	March-21-2024_ 4-23-50_PM__scan_info_for_subject_subc41__selected_run_is_2__fmri_number_is3.mat;fMRI_3.mat;runs_random.mat	March-21-2024_ 4-18-37_PM__Subject_is_subc41__sequence_of_stimuli_for_fMRI_number_3_is_3   1   7   8   9   4  12  11   6   2  10   5.mat;runs_random.mat	unique_scan_info;unique_fMRI_N;discarded_dated_seq_secondary_to_fMRI_N;priority_runs_random_selected=runs_random.mat;discarded=runs_random.mat;vars=paradigm;vbl	high
sub-040	ses-01	04	March-21-2024_ 4-28-13_PM__scan_info_for_subject_subc41__selected_run_is_5__fmri_number_is4.mat;fMRI_4.mat;runs_random.mat	March-21-2024_ 4-24-13_PM__Subject_is_subc41__sequence_of_stimuli_for_fMRI_number_4_is_12   3  10   6  11   7   1   2   5   8   9   4.mat;runs_random.mat	unique_scan_info;unique_fMRI_N;discarded_dated_seq_secondary_to_fMRI_N;priority_runs_random_selected=runs_random.mat;discarded=runs_random.mat;vars=paradigm;vbl	high
sub-040	ses-01	05	March-21-2024_ 4-28-48_PM__scan_info_for_subject_subc41__selected_run_is_3__fmri_number_is5.mat;fMRI_5.mat;runs_random.mat	March-21-2024_ 4-28-41_PM__Subject_is_subc41__sequence_of_stimuli_for_fMRI_number_5_is_2   8   5   3   7  10   4   9   1   6  11  12.mat;runs_random.mat	unique_scan_info;unique_fMRI_N;discarded_dated_seq_secondary_to_fMRI_N;priority_runs_random_selected=runs_random.mat;discarded=runs_random.mat;vars=paradigm;vbl	high
sub-040	ses-01	06	runs_random.mat	runs_random.mat	priority_runs_random_selected=runs_random.mat;discarded=runs_random.mat;vars=paradigm;vbl;insufficient_for_events	low
sub-040	ses-01	09	runs_random.mat	runs_random.mat	priority_runs_random_selected=runs_random.mat;discarded=runs_random.mat;vars=paradigm;vbl;insufficient_for_events	low
sub-040	ses-01	10	runs_random.mat	runs_random.mat	priority_runs_random_selected=runs_random.mat;discarded=runs_random.mat;vars=paradigm;vbl;insufficient_for_events	low
sub-040	ses-02	01	October-04-2024_ 6-05-34_PM__scan_info_for_subject_SUBC041_Session02__selected_run_is_1__fmri_number_is1.mat;fMRI_1.mat;runs_random.mat	October-04-2024_ 5-58-18_PM__Subject_is_SUBC041_Session02__sequence_of_stimuli_for_fMRI_number_1_is_11   6  10  12   1   5   9   2   4   7   3   8.mat	unique_scan_info;unique_fMRI_N;discarded_dated_seq_secondary_to_fMRI_N;unique_runs_random	high
sub-040	ses-02	02	October-04-2024_ 6-10-27_PM__scan_info_for_subject_SUBC041_Session02__selected_run_is_4__fmri_number_is2.mat;fMRI_2.mat;runs_random.mat	October-04-2024_ 6-06-24_PM__Subject_is_SUBC041_Session02__sequence_of_stimuli_for_fMRI_number_2_is_6   9  10   3   7   5   1  12   8   4   2  11.mat	unique_scan_info;unique_fMRI_N;discarded_dated_seq_secondary_to_fMRI_N;unique_runs_random	high
sub-040	ses-02	01	October-04-2024_ 6-05-34_PM__scan_info_for_subject_SUBC041_Session02__selected_run_is_1__fmri_number_is1.mat;fMRI_1.mat;runs_random.mat	October-04-2024_ 5-58-18_PM__Subject_is_SUBC041_Session02__sequence_of_stimuli_for_fMRI_number_1_is_11   6  10  12   1   5   9   2   4   7   3   8.mat	unique_scan_info;unique_fMRI_N;discarded_dated_seq_secondary_to_fMRI_N;unique_runs_random	high
sub-040	ses-02	02	October-04-2024_ 6-10-27_PM__scan_info_for_subject_SUBC041_Session02__selected_run_is_4__fmri_number_is2.mat;fMRI_2.mat;runs_random.mat	October-04-2024_ 6-06-24_PM__Subject_is_SUBC041_Session02__sequence_of_stimuli_for_fMRI_number_2_is_6   9  10   3   7   5   1  12   8   4   2  11.mat	unique_scan_info;unique_fMRI_N;discarded_dated_seq_secondary_to_fMRI_N;unique_runs_random	high
sub-040	ses-02	03	October-04-2024_ 6-15-51_PM__scan_info_for_subject_SUBC041_Session02__selected_run_is_2__fmri_number_is3.mat;fMRI_3.mat;runs_random.mat	October-04-2024_ 6-11-57_PM__Subject_is_SUBC041_Session02__sequence_of_stimuli_for_fMRI_number_3_is_3   1   7   8   9   4  12  11   6   2  10   5.mat	unique_scan_info;unique_fMRI_N;discarded_dated_seq_secondary_to_fMRI_N;unique_runs_random	high
sub-040	ses-02	04	October-04-2024_ 6-19-50_PM__scan_info_for_subject_SUBC041_Session02__selected_run_is_5__fmri_number_is4.mat;fMRI_4.mat;runs_random.mat	October-04-2024_ 6-16-04_PM__Subject_is_SUBC041_Session02__sequence_of_stimuli_for_fMRI_number_4_is_12   3  10   6  11   7   1   2   5   8   9   4.mat	unique_scan_info;unique_fMRI_N;discarded_dated_seq_secondary_to_fMRI_N;unique_runs_random	high
sub-040	ses-02	05	runs_random.mat		unique_runs_random;insufficient_for_events	low
sub-040	ses-02	06	runs_random.mat		unique_runs_random;insufficient_for_events	low
sub-040	ses-02	03	October-04-2024_ 6-15-51_PM__scan_info_for_subject_SUBC041_Session02__selected_run_is_2__fmri_number_is3.mat;fMRI_3.mat;runs_random.mat	October-04-2024_ 6-11-57_PM__Subject_is_SUBC041_Session02__sequence_of_stimuli_for_fMRI_number_3_is_3   1   7   8   9   4  12  11   6   2  10   5.mat	unique_scan_info;unique_fMRI_N;discarded_dated_seq_secondary_to_fMRI_N;unique_runs_random	high
sub-040	ses-02	04	October-04-2024_ 6-19-50_PM__scan_info_for_subject_SUBC041_Session02__selected_run_is_5__fmri_number_is4.mat;fMRI_4.mat;runs_random.mat	October-04-2024_ 6-16-04_PM__Subject_is_SUBC041_Session02__sequence_of_stimuli_for_fMRI_number_4_is_12   3  10   6  11   7   1   2   5   8   9   4.mat	unique_scan_info;unique_fMRI_N;discarded_dated_seq_secondary_to_fMRI_N;unique_runs_random	high
sub-040	ses-02	05	runs_random.mat		unique_runs_random;insufficient_for_events	low
sub-040	ses-02	06	runs_random.mat		unique_runs_random;insufficient_for_events	low
sub-040	ses-02	07	runs_random.mat		unique_runs_random;insufficient_for_events	low
sub-040	ses-02	08	runs_random.mat		unique_runs_random;insufficient_for_events	low
sub-041	ses-01	01	May-06-2024_ 9-50-04_AM__scan_info_for_subject_SUBC42__selected_run_is_1__fmri_number_is1.mat;fMRI_1.mat;runs_random.mat	May-06-2024_ 9-55-43_AM__scan_info_for_subject_SUBC42__selected_run_is_1__fmri_number_is1.mat;May-06-2024_ 9-47-59_AM__Subject_is_SUBC42__sequence_of_stimuli_for_fMRI_number_1_is_11   6  10  12   1   5   9   2   4   7   3   8.mat;May-06-2024_ 9-50-15_AM__Subject_is_SUBC42__sequence_of_stimuli_for_fMRI_number_1_is_11   6  10  12   1   5   9   2   4   7   3   8.mat	priority_scan_info_selected=May-06-2024_ 9-50-04_AM__scan_info_for_subject_SUBC42__selected_run_is_1__fmri_number_is1.mat;discarded=May-06-2024_ 9-55-43_AM__scan_info_for_subject_SUBC42__selected_run_is_1__fmri_number_is1.mat;vars=triggerTimes;vbl;unique_fMRI_N;discarded_dated_seq_secondary_to_fMRI_N;unique_runs_random	high
sub-041	ses-01	02	May-06-2024_10-00-17_AM__scan_info_for_subject_SUBC42__selected_run_is_4__fmri_number_is2.mat;fMRI_2.mat;runs_random.mat	May-06-2024_ 9-55-52_AM__Subject_is_SUBC42__sequence_of_stimuli_for_fMRI_number_2_is_6   9  10   3   7   5   1  12   8   4   2  11.mat	unique_scan_info;unique_fMRI_N;discarded_dated_seq_secondary_to_fMRI_N;unique_runs_random	high
sub-041	ses-01	01	May-06-2024_ 9-50-04_AM__scan_info_for_subject_SUBC42__selected_run_is_1__fmri_number_is1.mat;fMRI_1.mat;runs_random.mat	May-06-2024_ 9-55-43_AM__scan_info_for_subject_SUBC42__selected_run_is_1__fmri_number_is1.mat;May-06-2024_ 9-47-59_AM__Subject_is_SUBC42__sequence_of_stimuli_for_fMRI_number_1_is_11   6  10  12   1   5   9   2   4   7   3   8.mat;May-06-2024_ 9-50-15_AM__Subject_is_SUBC42__sequence_of_stimuli_for_fMRI_number_1_is_11   6  10  12   1   5   9   2   4   7   3   8.mat	priority_scan_info_selected=May-06-2024_ 9-50-04_AM__scan_info_for_subject_SUBC42__selected_run_is_1__fmri_number_is1.mat;discarded=May-06-2024_ 9-55-43_AM__scan_info_for_subject_SUBC42__selected_run_is_1__fmri_number_is1.mat;vars=triggerTimes;vbl;unique_fMRI_N;discarded_dated_seq_secondary_to_fMRI_N;unique_runs_random	high
sub-041	ses-01	02	May-06-2024_10-00-17_AM__scan_info_for_subject_SUBC42__selected_run_is_4__fmri_number_is2.mat;fMRI_2.mat;runs_random.mat	May-06-2024_ 9-55-52_AM__Subject_is_SUBC42__sequence_of_stimuli_for_fMRI_number_2_is_6   9  10   3   7   5   1  12   8   4   2  11.mat	unique_scan_info;unique_fMRI_N;discarded_dated_seq_secondary_to_fMRI_N;unique_runs_random	high
sub-041	ses-01	03	May-06-2024_10-05-25_AM__scan_info_for_subject_subc42__selected_run_is_2__fmri_number_is3.mat;fMRI_3.mat;runs_random.mat	May-06-2024_10-00-27_AM__Subject_is_subc42__sequence_of_stimuli_for_fMRI_number_3_is_3   1   7   8   9   4  12  11   6   2  10   5.mat	unique_scan_info;unique_fMRI_N;discarded_dated_seq_secondary_to_fMRI_N;unique_runs_random	high
sub-041	ses-01	04	May-06-2024_10-09-31_AM__scan_info_for_subject_subc42__selected_run_is_5__fmri_number_is4.mat;fMRI_4.mat;runs_random.mat	May-06-2024_10-05-35_AM__Subject_is_subc42__sequence_of_stimuli_for_fMRI_number_4_is_12   3  10   6  11   7   1   2   5   8   9   4.mat	unique_scan_info;unique_fMRI_N;discarded_dated_seq_secondary_to_fMRI_N;unique_runs_random	high
sub-041	ses-01	05	runs_random.mat		unique_runs_random;insufficient_for_events	low
sub-041	ses-01	06	runs_random.mat		unique_runs_random;insufficient_for_events	low
sub-041	ses-01	07	runs_random.mat		unique_runs_random;insufficient_for_events	low
sub-041	ses-01	08	runs_random.mat		unique_runs_random;insufficient_for_events	low
sub-041	ses-01	03	May-06-2024_10-05-25_AM__scan_info_for_subject_subc42__selected_run_is_2__fmri_number_is3.mat;fMRI_3.mat;runs_random.mat	May-06-2024_10-00-27_AM__Subject_is_subc42__sequence_of_stimuli_for_fMRI_number_3_is_3   1   7   8   9   4  12  11   6   2  10   5.mat	unique_scan_info;unique_fMRI_N;discarded_dated_seq_secondary_to_fMRI_N;unique_runs_random	high
sub-041	ses-01	04	May-06-2024_10-09-31_AM__scan_info_for_subject_subc42__selected_run_is_5__fmri_number_is4.mat;fMRI_4.mat;runs_random.mat	May-06-2024_10-05-35_AM__Subject_is_subc42__sequence_of_stimuli_for_fMRI_number_4_is_12   3  10   6  11   7   1   2   5   8   9   4.mat	unique_scan_info;unique_fMRI_N;discarded_dated_seq_secondary_to_fMRI_N;unique_runs_random	high
sub-041	ses-01	05	runs_random.mat		unique_runs_random;insufficient_for_events	low
sub-041	ses-01	06	runs_random.mat		unique_runs_random;insufficient_for_events	low
sub-041	ses-01	09	runs_random.mat		unique_runs_random;insufficient_for_events	low
sub-041	ses-01	10	runs_random.mat		unique_runs_random;insufficient_for_events	low
sub-041	ses-02	01	November-08-2024_ 3-37-36_PM__scan_info_for_subject_SUBC042_Session02_2024NOV08__selected_run_is_1__fmri_number_is1.mat;fMRI_1.mat;runs_random.mat	November-08-2024_ 3-33-01_PM__Subject_is_SUBC042_Session02_2024NOV08__sequence_of_stimuli_for_fMRI_number_1_is_11   6  10  12   1   5   9   2   4   7   3   8.mat	unique_scan_info;unique_fMRI_N;discarded_dated_seq_secondary_to_fMRI_N;unique_runs_random	high
sub-041	ses-02	02	November-08-2024_ 3-41-45_PM__scan_info_for_subject_SUBC042_Session02_2024NOV08__selected_run_is_4__fmri_number_is2.mat;fMRI_2.mat;runs_random.mat	November-08-2024_ 3-37-54_PM__Subject_is_SUBC042_Session02_2024NOV08__sequence_of_stimuli_for_fMRI_number_2_is_6   9  10   3   7   5   1  12   8   4   2  11.mat	unique_scan_info;unique_fMRI_N;discarded_dated_seq_secondary_to_fMRI_N;unique_runs_random	high
sub-041	ses-02	01	November-08-2024_ 3-37-36_PM__scan_info_for_subject_SUBC042_Session02_2024NOV08__selected_run_is_1__fmri_number_is1.mat;fMRI_1.mat;runs_random.mat	November-08-2024_ 3-33-01_PM__Subject_is_SUBC042_Session02_2024NOV08__sequence_of_stimuli_for_fMRI_number_1_is_11   6  10  12   1   5   9   2   4   7   3   8.mat	unique_scan_info;unique_fMRI_N;discarded_dated_seq_secondary_to_fMRI_N;unique_runs_random	high
sub-041	ses-02	02	November-08-2024_ 3-41-45_PM__scan_info_for_subject_SUBC042_Session02_2024NOV08__selected_run_is_4__fmri_number_is2.mat;fMRI_2.mat;runs_random.mat	November-08-2024_ 3-37-54_PM__Subject_is_SUBC042_Session02_2024NOV08__sequence_of_stimuli_for_fMRI_number_2_is_6   9  10   3   7   5   1  12   8   4   2  11.mat	unique_scan_info;unique_fMRI_N;discarded_dated_seq_secondary_to_fMRI_N;unique_runs_random	high
sub-041	ses-02	03	November-08-2024_ 3-47-06_PM__scan_info_for_subject_SUBC042_Session02_2024NOV08__selected_run_is_2__fmri_number_is3.mat;fMRI_3.mat;runs_random.mat	November-08-2024_ 3-43-07_PM__Subject_is_SUBC042_Session02_2024NOV08__sequence_of_stimuli_for_fMRI_number_3_is_3   1   7   8   9   4  12  11   6   2  10   5.mat	unique_scan_info;unique_fMRI_N;discarded_dated_seq_secondary_to_fMRI_N;unique_runs_random	high
sub-041	ses-02	04	November-08-2024_ 3-51-07_PM__scan_info_for_subject_SUBC042_Session02_2024NOV08__selected_run_is_5__fmri_number_is4.mat;fMRI_4.mat;runs_random.mat	November-08-2024_ 3-47-14_PM__Subject_is_SUBC042_Session02_2024NOV08__sequence_of_stimuli_for_fMRI_number_4_is_12   3  10   6  11   7   1   2   5   8   9   4.mat	unique_scan_info;unique_fMRI_N;discarded_dated_seq_secondary_to_fMRI_N;unique_runs_random	high
sub-041	ses-02	03	November-08-2024_ 3-47-06_PM__scan_info_for_subject_SUBC042_Session02_2024NOV08__selected_run_is_2__fmri_number_is3.mat;fMRI_3.mat;runs_random.mat	November-08-2024_ 3-43-07_PM__Subject_is_SUBC042_Session02_2024NOV08__sequence_of_stimuli_for_fMRI_number_3_is_3   1   7   8   9   4  12  11   6   2  10   5.mat	unique_scan_info;unique_fMRI_N;discarded_dated_seq_secondary_to_fMRI_N;unique_runs_random	high
sub-041	ses-02	04	November-08-2024_ 3-51-07_PM__scan_info_for_subject_SUBC042_Session02_2024NOV08__selected_run_is_5__fmri_number_is4.mat;fMRI_4.mat;runs_random.mat	November-08-2024_ 3-47-14_PM__Subject_is_SUBC042_Session02_2024NOV08__sequence_of_stimuli_for_fMRI_number_4_is_12   3  10   6  11   7   1   2   5   8   9   4.mat	unique_scan_info;unique_fMRI_N;discarded_dated_seq_secondary_to_fMRI_N;unique_runs_random	high
sub-041	ses-02	05	runs_random.mat		unique_runs_random;insufficient_for_events	low
sub-041	ses-02	06	runs_random.mat		unique_runs_random;insufficient_for_events	low
sub-041	ses-02	07	runs_random.mat		unique_runs_random;insufficient_for_events	low
sub-041	ses-02	08	runs_random.mat		unique_runs_random;insufficient_for_events	low
sub-041	ses-02	05	runs_random.mat		unique_runs_random;insufficient_for_events	low
sub-041	ses-02	06	runs_random.mat		unique_runs_random;insufficient_for_events	low
sub-042	ses-01	01	May-13-2024_ 3-50-24_PM__scan_info_for_subject_SUBC43_SESSION01__selected_run_is_1__fmri_number_is1.mat;fMRI_1.mat;runs_random.mat	May-13-2024_ 3-45-08_PM__Subject_is_SUBC43_SESSION01__sequence_of_stimuli_for_fMRI_number_1_is_11   6  10  12   1   5   9   2   4   7   3   8.mat	unique_scan_info;unique_fMRI_N;discarded_dated_seq_secondary_to_fMRI_N;unique_runs_random	high
sub-042	ses-01	02	May-13-2024_ 3-54-58_PM__scan_info_for_subject_subC43_SESSION1__selected_run_is_4__fmri_number_is2.mat;fMRI_2.mat;runs_random.mat	May-13-2024_ 3-50-56_PM__Subject_is_subC43_SESSION1__sequence_of_stimuli_for_fMRI_number_2_is_6   9  10   3   7   5   1  12   8   4   2  11.mat	unique_scan_info;unique_fMRI_N;discarded_dated_seq_secondary_to_fMRI_N;unique_runs_random	high
sub-042	ses-01	01	May-13-2024_ 3-50-24_PM__scan_info_for_subject_SUBC43_SESSION01__selected_run_is_1__fmri_number_is1.mat;fMRI_1.mat;runs_random.mat	May-13-2024_ 3-45-08_PM__Subject_is_SUBC43_SESSION01__sequence_of_stimuli_for_fMRI_number_1_is_11   6  10  12   1   5   9   2   4   7   3   8.mat	unique_scan_info;unique_fMRI_N;discarded_dated_seq_secondary_to_fMRI_N;unique_runs_random	high
sub-042	ses-01	02	May-13-2024_ 3-54-58_PM__scan_info_for_subject_subC43_SESSION1__selected_run_is_4__fmri_number_is2.mat;fMRI_2.mat;runs_random.mat	May-13-2024_ 3-50-56_PM__Subject_is_subC43_SESSION1__sequence_of_stimuli_for_fMRI_number_2_is_6   9  10   3   7   5   1  12   8   4   2  11.mat	unique_scan_info;unique_fMRI_N;discarded_dated_seq_secondary_to_fMRI_N;unique_runs_random	high
sub-042	ses-01	03	May-13-2024_ 4-00-00_PM__scan_info_for_subject_SUBC43_SESSION01__selected_run_is_2__fmri_number_is3.mat;fMRI_3.mat;runs_random.mat	May-13-2024_ 3-55-57_PM__Subject_is_SUBC43_SESSION01__sequence_of_stimuli_for_fMRI_number_3_is_3   1   7   8   9   4  12  11   6   2  10   5.mat	unique_scan_info;unique_fMRI_N;discarded_dated_seq_secondary_to_fMRI_N;unique_runs_random	high
sub-042	ses-01	04	May-13-2024_ 4-04-33_PM__scan_info_for_subject_SUBC43_SESSION01__selected_run_is_5__fmri_number_is4.mat;fMRI_4.mat;runs_random.mat	May-13-2024_ 4-00-35_PM__Subject_is_SUBC43_SESSION01__sequence_of_stimuli_for_fMRI_number_4_is_12   3  10   6  11   7   1   2   5   8   9   4.mat	unique_scan_info;unique_fMRI_N;discarded_dated_seq_secondary_to_fMRI_N;unique_runs_random	high
sub-042	ses-01	05	runs_random.mat		unique_runs_random;insufficient_for_events	low
sub-042	ses-01	06	runs_random.mat		unique_runs_random;insufficient_for_events	low
sub-042	ses-01	03	May-13-2024_ 4-00-00_PM__scan_info_for_subject_SUBC43_SESSION01__selected_run_is_2__fmri_number_is3.mat;fMRI_3.mat;runs_random.mat	May-13-2024_ 3-55-57_PM__Subject_is_SUBC43_SESSION01__sequence_of_stimuli_for_fMRI_number_3_is_3   1   7   8   9   4  12  11   6   2  10   5.mat	unique_scan_info;unique_fMRI_N;discarded_dated_seq_secondary_to_fMRI_N;unique_runs_random	high
sub-042	ses-01	04	May-13-2024_ 4-04-33_PM__scan_info_for_subject_SUBC43_SESSION01__selected_run_is_5__fmri_number_is4.mat;fMRI_4.mat;runs_random.mat	May-13-2024_ 4-00-35_PM__Subject_is_SUBC43_SESSION01__sequence_of_stimuli_for_fMRI_number_4_is_12   3  10   6  11   7   1   2   5   8   9   4.mat	unique_scan_info;unique_fMRI_N;discarded_dated_seq_secondary_to_fMRI_N;unique_runs_random	high
sub-042	ses-01	05	runs_random.mat		unique_runs_random;insufficient_for_events	low
sub-042	ses-01	06	runs_random.mat		unique_runs_random;insufficient_for_events	low
sub-042	ses-01	07	runs_random.mat		unique_runs_random;insufficient_for_events	low
sub-042	ses-01	08	runs_random.mat		unique_runs_random;insufficient_for_events	low
sub-043	ses-02	01	February-19-2025_ 2-31-03_PM__scan_info_for_subject_SUBC44_Session02_2025FEB19__selected_run_is_1__fmri_number_is1.mat;fMRI_1.mat;runs_random.mat	February-19-2025_ 2-26-19_PM__Subject_is_SUBC44_Session02_2025FEB19__sequence_of_stimuli_for_fMRI_number_1_is_11   6  10  12   1   5   9   2   4   7   3   8.mat	unique_scan_info;unique_fMRI_N;discarded_dated_seq_secondary_to_fMRI_N;unique_runs_random	high
sub-043	ses-02	02	February-19-2025_ 2-35-20_PM__scan_info_for_subject_SUBC44_Session02_2025FEB19__selected_run_is_4__fmri_number_is2.mat;fMRI_2.mat;runs_random.mat	February-19-2025_ 2-31-13_PM__Subject_is_SUBC44_Session02_2025FEB19__sequence_of_stimuli_for_fMRI_number_2_is_6   9  10   3   7   5   1  12   8   4   2  11.mat	unique_scan_info;unique_fMRI_N;discarded_dated_seq_secondary_to_fMRI_N;unique_runs_random	high
sub-043	ses-02	03	February-19-2025_ 2-40-19_PM__scan_info_for_subject_SUBC44_Session02_2025FEB19__selected_run_is_2__fmri_number_is3.mat;fMRI_3.mat;runs_random.mat	February-19-2025_ 2-36-31_PM__Subject_is_SUBC44_Session02_2025FEB19__sequence_of_stimuli_for_fMRI_number_3_is_3   1   7   8   9   4  12  11   6   2  10   5.mat	unique_scan_info;unique_fMRI_N;discarded_dated_seq_secondary_to_fMRI_N;unique_runs_random	high
sub-043	ses-02	04	February-19-2025_ 2-44-31_PM__scan_info_for_subject_SUBC44_Session02_2025FEB19__selected_run_is_5__fmri_number_is4.mat;fMRI_4.mat;runs_random.mat	February-19-2025_ 2-40-29_PM__Subject_is_SUBC44_Session02_2025FEB19__sequence_of_stimuli_for_fMRI_number_4_is_12   3  10   6  11   7   1   2   5   8   9   4.mat	unique_scan_info;unique_fMRI_N;discarded_dated_seq_secondary_to_fMRI_N;unique_runs_random	high
sub-043	ses-02	01	February-19-2025_ 2-31-03_PM__scan_info_for_subject_SUBC44_Session02_2025FEB19__selected_run_is_1__fmri_number_is1.mat;fMRI_1.mat;runs_random.mat	February-19-2025_ 2-26-19_PM__Subject_is_SUBC44_Session02_2025FEB19__sequence_of_stimuli_for_fMRI_number_1_is_11   6  10  12   1   5   9   2   4   7   3   8.mat	unique_scan_info;unique_fMRI_N;discarded_dated_seq_secondary_to_fMRI_N;unique_runs_random	high
sub-043	ses-02	02	February-19-2025_ 2-35-20_PM__scan_info_for_subject_SUBC44_Session02_2025FEB19__selected_run_is_4__fmri_number_is2.mat;fMRI_2.mat;runs_random.mat	February-19-2025_ 2-31-13_PM__Subject_is_SUBC44_Session02_2025FEB19__sequence_of_stimuli_for_fMRI_number_2_is_6   9  10   3   7   5   1  12   8   4   2  11.mat	unique_scan_info;unique_fMRI_N;discarded_dated_seq_secondary_to_fMRI_N;unique_runs_random	high
sub-043	ses-02	03	February-19-2025_ 2-40-19_PM__scan_info_for_subject_SUBC44_Session02_2025FEB19__selected_run_is_2__fmri_number_is3.mat;fMRI_3.mat;runs_random.mat	February-19-2025_ 2-36-31_PM__Subject_is_SUBC44_Session02_2025FEB19__sequence_of_stimuli_for_fMRI_number_3_is_3   1   7   8   9   4  12  11   6   2  10   5.mat	unique_scan_info;unique_fMRI_N;discarded_dated_seq_secondary_to_fMRI_N;unique_runs_random	high
sub-043	ses-02	04	February-19-2025_ 2-44-31_PM__scan_info_for_subject_SUBC44_Session02_2025FEB19__selected_run_is_5__fmri_number_is4.mat;fMRI_4.mat;runs_random.mat	February-19-2025_ 2-40-29_PM__Subject_is_SUBC44_Session02_2025FEB19__sequence_of_stimuli_for_fMRI_number_4_is_12   3  10   6  11   7   1   2   5   8   9   4.mat	unique_scan_info;unique_fMRI_N;discarded_dated_seq_secondary_to_fMRI_N;unique_runs_random	high
sub-043	ses-02	05	runs_random.mat		unique_runs_random;insufficient_for_events	low
sub-043	ses-02	06	runs_random.mat		unique_runs_random;insufficient_for_events	low
sub-043	ses-02	07	runs_random.mat		unique_runs_random;insufficient_for_events	low
sub-043	ses-02	08	runs_random.mat		unique_runs_random;insufficient_for_events	low
sub-043	ses-02	09	runs_random.mat		unique_runs_random;insufficient_for_events	low
sub-043	ses-02	10	runs_random.mat		unique_runs_random;insufficient_for_events	low
sub-043	ses-02	05	runs_random.mat		unique_runs_random;insufficient_for_events	low
sub-043	ses-02	06	runs_random.mat		unique_runs_random;insufficient_for_events	low
sub-043	ses-02	07	runs_random.mat		unique_runs_random;insufficient_for_events	low
sub-043	ses-02	08	runs_random.mat		unique_runs_random;insufficient_for_events	low
sub-043	ses-02	09	runs_random.mat		unique_runs_random;insufficient_for_events	low
sub-043	ses-02	10	runs_random.mat		unique_runs_random;insufficient_for_events	low
sub-043	ses-02	11	runs_random.mat		unique_runs_random;insufficient_for_events	low
sub-043	ses-02	12	runs_random.mat		unique_runs_random;insufficient_for_events	low
sub-043	ses-02	11	runs_random.mat		unique_runs_random;insufficient_for_events	low
sub-043	ses-02	12	runs_random.mat		unique_runs_random;insufficient_for_events	low
sub-043	ses-02	13	runs_random.mat		unique_runs_random;insufficient_for_events	low
sub-043	ses-02	14	runs_random.mat		unique_runs_random;insufficient_for_events	low
sub-044	ses-01	01	July-29-2024_10-28-51_AM__scan_info_for_subject_SUBC045__selected_run_is_1__fmri_number_is1.mat;fMRI_1.mat;runs_random.mat	July-29-2024_10-23-54_AM__Subject_is_SUBC045__sequence_of_stimuli_for_fMRI_number_1_is_11   6  10  12   1   5   9   2   4   7   3   8.mat	unique_scan_info;unique_fMRI_N;discarded_dated_seq_secondary_to_fMRI_N;unique_runs_random	high
sub-044	ses-01	02	July-29-2024_10-33-15_AM__scan_info_for_subject_SUBC045__selected_run_is_4__fmri_number_is2.mat;fMRI_2.mat;runs_random.mat	July-29-2024_10-29-21_AM__Subject_is_SUBC045__sequence_of_stimuli_for_fMRI_number_2_is_6   9  10   3   7   5   1  12   8   4   2  11.mat	unique_scan_info;unique_fMRI_N;discarded_dated_seq_secondary_to_fMRI_N;unique_runs_random	high
sub-044	ses-01	01	July-29-2024_10-28-51_AM__scan_info_for_subject_SUBC045__selected_run_is_1__fmri_number_is1.mat;fMRI_1.mat;runs_random.mat	July-29-2024_10-23-54_AM__Subject_is_SUBC045__sequence_of_stimuli_for_fMRI_number_1_is_11   6  10  12   1   5   9   2   4   7   3   8.mat	unique_scan_info;unique_fMRI_N;discarded_dated_seq_secondary_to_fMRI_N;unique_runs_random	high
sub-044	ses-01	02	July-29-2024_10-33-15_AM__scan_info_for_subject_SUBC045__selected_run_is_4__fmri_number_is2.mat;fMRI_2.mat;runs_random.mat	July-29-2024_10-29-21_AM__Subject_is_SUBC045__sequence_of_stimuli_for_fMRI_number_2_is_6   9  10   3   7   5   1  12   8   4   2  11.mat	unique_scan_info;unique_fMRI_N;discarded_dated_seq_secondary_to_fMRI_N;unique_runs_random	high
sub-044	ses-01	03	July-29-2024_10-38-26_AM__scan_info_for_subject_SUBC045__selected_run_is_2__fmri_number_is3.mat;fMRI_3.mat;runs_random.mat	July-29-2024_10-34-29_AM__Subject_is_SUBC045__sequence_of_stimuli_for_fMRI_number_3_is_3   1   7   8   9   4  12  11   6   2  10   5.mat	unique_scan_info;unique_fMRI_N;discarded_dated_seq_secondary_to_fMRI_N;unique_runs_random	high
sub-044	ses-01	04	July-29-2024_10-42-43_AM__scan_info_for_subject_SUBC045__selected_run_is_5__fmri_number_is4.mat;fMRI_4.mat;runs_random.mat	July-29-2024_10-38-50_AM__Subject_is_SUBC045__sequence_of_stimuli_for_fMRI_number_4_is_12   3  10   6  11   7   1   2   5   8   9   4.mat	unique_scan_info;unique_fMRI_N;discarded_dated_seq_secondary_to_fMRI_N;unique_runs_random	high
sub-044	ses-01	05	runs_random.mat		unique_runs_random;insufficient_for_events	low
sub-044	ses-01	06	runs_random.mat		unique_runs_random;insufficient_for_events	low
sub-044	ses-01	03	July-29-2024_10-38-26_AM__scan_info_for_subject_SUBC045__selected_run_is_2__fmri_number_is3.mat;fMRI_3.mat;runs_random.mat	July-29-2024_10-34-29_AM__Subject_is_SUBC045__sequence_of_stimuli_for_fMRI_number_3_is_3   1   7   8   9   4  12  11   6   2  10   5.mat	unique_scan_info;unique_fMRI_N;discarded_dated_seq_secondary_to_fMRI_N;unique_runs_random	high
sub-044	ses-01	04	July-29-2024_10-42-43_AM__scan_info_for_subject_SUBC045__selected_run_is_5__fmri_number_is4.mat;fMRI_4.mat;runs_random.mat	July-29-2024_10-38-50_AM__Subject_is_SUBC045__sequence_of_stimuli_for_fMRI_number_4_is_12   3  10   6  11   7   1   2   5   8   9   4.mat	unique_scan_info;unique_fMRI_N;discarded_dated_seq_secondary_to_fMRI_N;unique_runs_random	high
sub-044	ses-01	05	runs_random.mat		unique_runs_random;insufficient_for_events	low
sub-044	ses-01	06	runs_random.mat		unique_runs_random;insufficient_for_events	low
sub-044	ses-01	07	runs_random.mat		unique_runs_random;insufficient_for_events	low
sub-044	ses-01	08	runs_random.mat		unique_runs_random;insufficient_for_events	low
sub-044	ses-02	01	February-10-2025_10-37-51_AM__scan_info_for_subject_SUBC045_SCAN2__selected_run_is_1__fmri_number_is1.mat;fMRI_1.mat	February-10-2025_10-33-32_AM__Subject_is_SUBC045_SCAN2__sequence_of_stimuli_for_fMRI_number_1_is_11   6  10  12   1   5   9   2   4   7   3   8.mat	unique_scan_info;unique_fMRI_N;discarded_dated_seq_secondary_to_fMRI_N	high
sub-044	ses-02	02	February-10-2025_10-45-04_AM__scan_info_for_subject_SUBC045_SCAN2__selected_run_is_4__fmri_number_is2.mat;fMRI_2.mat	February-10-2025_10-38-14_AM__Subject_is_SUBC045_SCAN2__sequence_of_stimuli_for_fMRI_number_2_is_6   9  10   3   7   5   1  12   8   4   2  11.mat	unique_scan_info;unique_fMRI_N;discarded_dated_seq_secondary_to_fMRI_N	high
sub-044	ses-02	01	February-10-2025_10-37-51_AM__scan_info_for_subject_SUBC045_SCAN2__selected_run_is_1__fmri_number_is1.mat;fMRI_1.mat	February-10-2025_10-33-32_AM__Subject_is_SUBC045_SCAN2__sequence_of_stimuli_for_fMRI_number_1_is_11   6  10  12   1   5   9   2   4   7   3   8.mat	unique_scan_info;unique_fMRI_N;discarded_dated_seq_secondary_to_fMRI_N	high
sub-044	ses-02	02	February-10-2025_10-45-04_AM__scan_info_for_subject_SUBC045_SCAN2__selected_run_is_4__fmri_number_is2.mat;fMRI_2.mat	February-10-2025_10-38-14_AM__Subject_is_SUBC045_SCAN2__sequence_of_stimuli_for_fMRI_number_2_is_6   9  10   3   7   5   1  12   8   4   2  11.mat	unique_scan_info;unique_fMRI_N;discarded_dated_seq_secondary_to_fMRI_N	high
sub-044	ses-02	03	February-10-2025_10-50-24_AM__scan_info_for_subject_SUBC045_SCAN2__selected_run_is_2__fmri_number_is3.mat;fMRI_3.mat	February-10-2025_10-46-16_AM__Subject_is_SUBC045_SCAN2__sequence_of_stimuli_for_fMRI_number_3_is_3   1   7   8   9   4  12  11   6   2  10   5.mat	unique_scan_info;unique_fMRI_N;discarded_dated_seq_secondary_to_fMRI_N	high
sub-044	ses-02	04	February-10-2025_10-54-34_AM__scan_info_for_subject_SUBC045_SCAN2__selected_run_is_5__fmri_number_is4.mat;fMRI_4.mat	February-10-2025_10-50-39_AM__Subject_is_SUBC045_SCAN2__sequence_of_stimuli_for_fMRI_number_4_is_12   3  10   6  11   7   1   2   5   8   9   4.mat	unique_scan_info;unique_fMRI_N;discarded_dated_seq_secondary_to_fMRI_N	high
sub-044	ses-02	05			no_matching_sources	low
sub-044	ses-02	06			no_matching_sources	low
sub-044	ses-02	03	February-10-2025_10-50-24_AM__scan_info_for_subject_SUBC045_SCAN2__selected_run_is_2__fmri_number_is3.mat;fMRI_3.mat	February-10-2025_10-46-16_AM__Subject_is_SUBC045_SCAN2__sequence_of_stimuli_for_fMRI_number_3_is_3   1   7   8   9   4  12  11   6   2  10   5.mat	unique_scan_info;unique_fMRI_N;discarded_dated_seq_secondary_to_fMRI_N	high
sub-044	ses-02	04	February-10-2025_10-54-34_AM__scan_info_for_subject_SUBC045_SCAN2__selected_run_is_5__fmri_number_is4.mat;fMRI_4.mat	February-10-2025_10-50-39_AM__Subject_is_SUBC045_SCAN2__sequence_of_stimuli_for_fMRI_number_4_is_12   3  10   6  11   7   1   2   5   8   9   4.mat	unique_scan_info;unique_fMRI_N;discarded_dated_seq_secondary_to_fMRI_N	high
sub-044	ses-02	05			no_matching_sources	low
sub-044	ses-02	06			no_matching_sources	low
sub-044	ses-02	07			no_matching_sources	low
sub-044	ses-02	08			no_matching_sources	low
sub-045	ses-01	01	August-23-2024_ 2-08-33_PM__scan_info_for_subject_SUBC046__selected_run_is_1__fmri_number_is1.mat;fMRI_1.mat;runs_random.mat	August-23-2024_ 2-02-37_PM__Subject_is_SUBC046__sequence_of_stimuli_for_fMRI_number_1_is_11   6  10  12   1   5   9   2   4   7   3   8.mat	unique_scan_info;unique_fMRI_N;discarded_dated_seq_secondary_to_fMRI_N;unique_runs_random	high
sub-045	ses-01	02	August-23-2024_ 2-12-48_PM__scan_info_for_subject_SUBC046__selected_run_is_4__fmri_number_is2.mat;fMRI_2.mat;runs_random.mat	August-23-2024_ 2-08-49_PM__Subject_is_SUBC046__sequence_of_stimuli_for_fMRI_number_2_is_6   9  10   3   7   5   1  12   8   4   2  11.mat	unique_scan_info;unique_fMRI_N;discarded_dated_seq_secondary_to_fMRI_N;unique_runs_random	high
sub-045	ses-01	01	August-23-2024_ 2-08-33_PM__scan_info_for_subject_SUBC046__selected_run_is_1__fmri_number_is1.mat;fMRI_1.mat;runs_random.mat	August-23-2024_ 2-02-37_PM__Subject_is_SUBC046__sequence_of_stimuli_for_fMRI_number_1_is_11   6  10  12   1   5   9   2   4   7   3   8.mat	unique_scan_info;unique_fMRI_N;discarded_dated_seq_secondary_to_fMRI_N;unique_runs_random	high
sub-045	ses-01	02	August-23-2024_ 2-12-48_PM__scan_info_for_subject_SUBC046__selected_run_is_4__fmri_number_is2.mat;fMRI_2.mat;runs_random.mat	August-23-2024_ 2-08-49_PM__Subject_is_SUBC046__sequence_of_stimuli_for_fMRI_number_2_is_6   9  10   3   7   5   1  12   8   4   2  11.mat	unique_scan_info;unique_fMRI_N;discarded_dated_seq_secondary_to_fMRI_N;unique_runs_random	high
sub-045	ses-01	03	August-23-2024_ 2-17-47_PM__scan_info_for_subject_SUBC046__selected_run_is_2__fmri_number_is3.mat;fMRI_3.mat;runs_random.mat	August-23-2024_ 2-13-49_PM__Subject_is_SUBC046__sequence_of_stimuli_for_fMRI_number_3_is_3   1   7   8   9   4  12  11   6   2  10   5.mat	unique_scan_info;unique_fMRI_N;discarded_dated_seq_secondary_to_fMRI_N;unique_runs_random	high
sub-045	ses-01	04	August-23-2024_ 2-21-51_PM__scan_info_for_subject_SUBC046__selected_run_is_5__fmri_number_is4.mat;fMRI_4.mat;runs_random.mat	August-23-2024_ 2-17-59_PM__Subject_is_SUBC046__sequence_of_stimuli_for_fMRI_number_4_is_12   3  10   6  11   7   1   2   5   8   9   4.mat	unique_scan_info;unique_fMRI_N;discarded_dated_seq_secondary_to_fMRI_N;unique_runs_random	high
sub-045	ses-01	05	runs_random.mat		unique_runs_random;insufficient_for_events	low
sub-045	ses-01	06	runs_random.mat		unique_runs_random;insufficient_for_events	low
sub-045	ses-01	03	August-23-2024_ 2-17-47_PM__scan_info_for_subject_SUBC046__selected_run_is_2__fmri_number_is3.mat;fMRI_3.mat;runs_random.mat	August-23-2024_ 2-13-49_PM__Subject_is_SUBC046__sequence_of_stimuli_for_fMRI_number_3_is_3   1   7   8   9   4  12  11   6   2  10   5.mat	unique_scan_info;unique_fMRI_N;discarded_dated_seq_secondary_to_fMRI_N;unique_runs_random	high
sub-045	ses-01	04	August-23-2024_ 2-21-51_PM__scan_info_for_subject_SUBC046__selected_run_is_5__fmri_number_is4.mat;fMRI_4.mat;runs_random.mat	August-23-2024_ 2-17-59_PM__Subject_is_SUBC046__sequence_of_stimuli_for_fMRI_number_4_is_12   3  10   6  11   7   1   2   5   8   9   4.mat	unique_scan_info;unique_fMRI_N;discarded_dated_seq_secondary_to_fMRI_N;unique_runs_random	high
sub-045	ses-01	05	runs_random.mat		unique_runs_random;insufficient_for_events	low
sub-045	ses-01	06	runs_random.mat		unique_runs_random;insufficient_for_events	low
sub-045	ses-01	07	runs_random.mat		unique_runs_random;insufficient_for_events	low
sub-045	ses-01	08	runs_random.mat		unique_runs_random;insufficient_for_events	low
sub-046	ses-01	01	August-27-2024_11-42-15_AM__scan_info_for_subject_SUBC47-SCAN1-AUG27__selected_run_is_1__fmri_number_is1.mat;fMRI_1.mat;runs_random.mat	August-27-2024_11-38-24_AM__Subject_is_SUBC47-SCAN1-AUG27__sequence_of_stimuli_for_fMRI_number_1_is_11   6  10  12   1   5   9   2   4   7   3   8.mat	unique_scan_info;unique_fMRI_N;discarded_dated_seq_secondary_to_fMRI_N;unique_runs_random	high
sub-046	ses-01	02	August-27-2024_11-46-32_AM__scan_info_for_subject_SUBC47-SCAN1-AUG27__selected_run_is_4__fmri_number_is2.mat;fMRI_2.mat;runs_random.mat	August-27-2024_11-42-39_AM__Subject_is_SUBC47-SCAN1-AUG27__sequence_of_stimuli_for_fMRI_number_2_is_6   9  10   3   7   5   1  12   8   4   2  11.mat	unique_scan_info;unique_fMRI_N;discarded_dated_seq_secondary_to_fMRI_N;unique_runs_random	high
sub-046	ses-01	01	August-27-2024_11-42-15_AM__scan_info_for_subject_SUBC47-SCAN1-AUG27__selected_run_is_1__fmri_number_is1.mat;fMRI_1.mat;runs_random.mat	August-27-2024_11-38-24_AM__Subject_is_SUBC47-SCAN1-AUG27__sequence_of_stimuli_for_fMRI_number_1_is_11   6  10  12   1   5   9   2   4   7   3   8.mat	unique_scan_info;unique_fMRI_N;discarded_dated_seq_secondary_to_fMRI_N;unique_runs_random	high
sub-046	ses-01	02	August-27-2024_11-46-32_AM__scan_info_for_subject_SUBC47-SCAN1-AUG27__selected_run_is_4__fmri_number_is2.mat;fMRI_2.mat;runs_random.mat	August-27-2024_11-42-39_AM__Subject_is_SUBC47-SCAN1-AUG27__sequence_of_stimuli_for_fMRI_number_2_is_6   9  10   3   7   5   1  12   8   4   2  11.mat	unique_scan_info;unique_fMRI_N;discarded_dated_seq_secondary_to_fMRI_N;unique_runs_random	high
sub-046	ses-01	03	August-27-2024_11-51-53_AM__scan_info_for_subject_SUBC47-SCAN1-AUG27__selected_run_is_2__fmri_number_is3.mat;fMRI_3.mat;runs_random.mat	August-27-2024_11-48-03_AM__Subject_is_SUBC47-SCAN1-AUG27__sequence_of_stimuli_for_fMRI_number_3_is_3   1   7   8   9   4  12  11   6   2  10   5.mat	unique_scan_info;unique_fMRI_N;discarded_dated_seq_secondary_to_fMRI_N;unique_runs_random	high
sub-046	ses-01	04	August-27-2024_11-56-00_AM__scan_info_for_subject_SUBC47-SCAN1-AUG27__selected_run_is_5__fmri_number_is4.mat;fMRI_4.mat;runs_random.mat	August-27-2024_11-52-07_AM__Subject_is_SUBC47-SCAN1-AUG27__sequence_of_stimuli_for_fMRI_number_4_is_12   3  10   6  11   7   1   2   5   8   9   4.mat	unique_scan_info;unique_fMRI_N;discarded_dated_seq_secondary_to_fMRI_N;unique_runs_random	high
sub-046	ses-01	05	runs_random.mat		unique_runs_random;insufficient_for_events	low
sub-046	ses-01	06	runs_random.mat		unique_runs_random;insufficient_for_events	low
sub-046	ses-01	07	runs_random.mat		unique_runs_random;insufficient_for_events	low
sub-046	ses-01	08	runs_random.mat		unique_runs_random;insufficient_for_events	low
sub-046	ses-01	03	August-27-2024_11-51-53_AM__scan_info_for_subject_SUBC47-SCAN1-AUG27__selected_run_is_2__fmri_number_is3.mat;fMRI_3.mat;runs_random.mat	August-27-2024_11-48-03_AM__Subject_is_SUBC47-SCAN1-AUG27__sequence_of_stimuli_for_fMRI_number_3_is_3   1   7   8   9   4  12  11   6   2  10   5.mat	unique_scan_info;unique_fMRI_N;discarded_dated_seq_secondary_to_fMRI_N;unique_runs_random	high
sub-046	ses-01	04	August-27-2024_11-56-00_AM__scan_info_for_subject_SUBC47-SCAN1-AUG27__selected_run_is_5__fmri_number_is4.mat;fMRI_4.mat;runs_random.mat	August-27-2024_11-52-07_AM__Subject_is_SUBC47-SCAN1-AUG27__sequence_of_stimuli_for_fMRI_number_4_is_12   3  10   6  11   7   1   2   5   8   9   4.mat	unique_scan_info;unique_fMRI_N;discarded_dated_seq_secondary_to_fMRI_N;unique_runs_random	high
sub-046	ses-01	05	runs_random.mat		unique_runs_random;insufficient_for_events	low
sub-046	ses-01	06	runs_random.mat		unique_runs_random;insufficient_for_events	low
sub-046	ses-01	09	runs_random.mat		unique_runs_random;insufficient_for_events	low
sub-046	ses-01	10	runs_random.mat		unique_runs_random;insufficient_for_events	low
sub-046	ses-02	01	February-23-2025_11-10-17_AM__scan_info_for_subject_SUBC47_Session02_2025FEB23__selected_run_is_1__fmri_number_is1.mat;fMRI_1.mat;runs_random.mat	February-23-2025_11-05-23_AM__Subject_is_SUBC47_Session02_2025FEB23__sequence_of_stimuli_for_fMRI_number_1_is_11   6  10  12   1   5   9   2   4   7   3   8.mat	unique_scan_info;unique_fMRI_N;discarded_dated_seq_secondary_to_fMRI_N;unique_runs_random	high
sub-046	ses-02	02	February-23-2025_11-14-32_AM__scan_info_for_subject_SUBC47_Session02_2025FEB23__selected_run_is_4__fmri_number_is2.mat;fMRI_2.mat;runs_random.mat	February-23-2025_11-10-41_AM__Subject_is_SUBC47_Session02_2025FEB23__sequence_of_stimuli_for_fMRI_number_2_is_6   9  10   3   7   5   1  12   8   4   2  11.mat	unique_scan_info;unique_fMRI_N;discarded_dated_seq_secondary_to_fMRI_N;unique_runs_random	high
sub-046	ses-02	01	February-23-2025_11-10-17_AM__scan_info_for_subject_SUBC47_Session02_2025FEB23__selected_run_is_1__fmri_number_is1.mat;fMRI_1.mat;runs_random.mat	February-23-2025_11-05-23_AM__Subject_is_SUBC47_Session02_2025FEB23__sequence_of_stimuli_for_fMRI_number_1_is_11   6  10  12   1   5   9   2   4   7   3   8.mat	unique_scan_info;unique_fMRI_N;discarded_dated_seq_secondary_to_fMRI_N;unique_runs_random	high
sub-046	ses-02	02	February-23-2025_11-14-32_AM__scan_info_for_subject_SUBC47_Session02_2025FEB23__selected_run_is_4__fmri_number_is2.mat;fMRI_2.mat;runs_random.mat	February-23-2025_11-10-41_AM__Subject_is_SUBC47_Session02_2025FEB23__sequence_of_stimuli_for_fMRI_number_2_is_6   9  10   3   7   5   1  12   8   4   2  11.mat	unique_scan_info;unique_fMRI_N;discarded_dated_seq_secondary_to_fMRI_N;unique_runs_random	high
sub-046	ses-02	03	February-23-2025_11-19-37_AM__scan_info_for_subject_SUBC47_Session02_2025FEB23__selected_run_is_2__fmri_number_is3.mat;fMRI_3.mat;runs_random.mat	February-23-2025_11-15-46_AM__Subject_is_SUBC47_Session02_2025FEB23__sequence_of_stimuli_for_fMRI_number_3_is_3   1   7   8   9   4  12  11   6   2  10   5.mat	unique_scan_info;unique_fMRI_N;discarded_dated_seq_secondary_to_fMRI_N;unique_runs_random	high
sub-046	ses-02	04	February-23-2025_11-24-14_AM__scan_info_for_subject_SUBC47_Session02_2025FEB23__selected_run_is_5__fmri_number_is4.mat;fMRI_4.mat;runs_random.mat	February-23-2025_11-20-23_AM__Subject_is_SUBC47_Session02_2025FEB23__sequence_of_stimuli_for_fMRI_number_4_is_12   3  10   6  11   7   1   2   5   8   9   4.mat	unique_scan_info;unique_fMRI_N;discarded_dated_seq_secondary_to_fMRI_N;unique_runs_random	high
sub-046	ses-02	05	runs_random.mat		unique_runs_random;insufficient_for_events	low
sub-046	ses-02	06	runs_random.mat		unique_runs_random;insufficient_for_events	low
sub-046	ses-02	03	February-23-2025_11-19-37_AM__scan_info_for_subject_SUBC47_Session02_2025FEB23__selected_run_is_2__fmri_number_is3.mat;fMRI_3.mat;runs_random.mat	February-23-2025_11-15-46_AM__Subject_is_SUBC47_Session02_2025FEB23__sequence_of_stimuli_for_fMRI_number_3_is_3   1   7   8   9   4  12  11   6   2  10   5.mat	unique_scan_info;unique_fMRI_N;discarded_dated_seq_secondary_to_fMRI_N;unique_runs_random	high
sub-046	ses-02	04	February-23-2025_11-24-14_AM__scan_info_for_subject_SUBC47_Session02_2025FEB23__selected_run_is_5__fmri_number_is4.mat;fMRI_4.mat;runs_random.mat	February-23-2025_11-20-23_AM__Subject_is_SUBC47_Session02_2025FEB23__sequence_of_stimuli_for_fMRI_number_4_is_12   3  10   6  11   7   1   2   5   8   9   4.mat	unique_scan_info;unique_fMRI_N;discarded_dated_seq_secondary_to_fMRI_N;unique_runs_random	high
sub-046	ses-02	05	runs_random.mat		unique_runs_random;insufficient_for_events	low
sub-046	ses-02	06	runs_random.mat		unique_runs_random;insufficient_for_events	low
sub-046	ses-02	07	runs_random.mat		unique_runs_random;insufficient_for_events	low
sub-046	ses-02	08	runs_random.mat		unique_runs_random;insufficient_for_events	low
sub-047	ses-01	01	fMRI_1.mat;runs_random.mat		unique_fMRI_N;unique_runs_random	medium
sub-047	ses-01	02	fMRI_2.mat;runs_random.mat		unique_fMRI_N;unique_runs_random	medium
sub-047	ses-01	01	fMRI_1.mat;runs_random.mat		unique_fMRI_N;unique_runs_random	medium
sub-047	ses-01	02	fMRI_2.mat;runs_random.mat		unique_fMRI_N;unique_runs_random	medium
sub-047	ses-01	03	fMRI_3.mat;runs_random.mat		unique_fMRI_N;unique_runs_random	medium
sub-047	ses-01	04	fMRI_4.mat;runs_random.mat		unique_fMRI_N;unique_runs_random	medium
sub-047	ses-01	05	runs_random.mat		unique_runs_random;insufficient_for_events	low
sub-047	ses-01	06	runs_random.mat		unique_runs_random;insufficient_for_events	low
sub-047	ses-01	03	fMRI_3.mat;runs_random.mat		unique_fMRI_N;unique_runs_random	medium
sub-047	ses-01	04	fMRI_4.mat;runs_random.mat		unique_fMRI_N;unique_runs_random	medium
sub-047	ses-01	05	runs_random.mat		unique_runs_random;insufficient_for_events	low
sub-047	ses-01	06	runs_random.mat		unique_runs_random;insufficient_for_events	low
sub-047	ses-01	07	runs_random.mat		unique_runs_random;insufficient_for_events	low
sub-047	ses-01	08	runs_random.mat		unique_runs_random;insufficient_for_events	low
sub-047	ses-02	01	March-17-2025_10-27-32_AM__scan_info_for_subject_SUBC045_SESSION2__selected_run_is_1__fmri_number_is1.mat;fMRI_1.mat;runs_random.mat	March-17-2025_10-22-45_AM__Subject_is_SUBC045_SESSION2__sequence_of_stimuli_for_fMRI_number_1_is_11   6  10  12   1   5   9   2   4   7   3   8.mat	unique_scan_info;unique_fMRI_N;discarded_dated_seq_secondary_to_fMRI_N;unique_runs_random	high
sub-047	ses-02	02	March-17-2025_10-31-47_AM__scan_info_for_subject_SUBC045_SESSION2__selected_run_is_4__fmri_number_is2.mat;fMRI_2.mat;runs_random.mat	March-17-2025_10-27-50_AM__Subject_is_SUBC045_SESSION2__sequence_of_stimuli_for_fMRI_number_2_is_6   9  10   3   7   5   1  12   8   4   2  11.mat	unique_scan_info;unique_fMRI_N;discarded_dated_seq_secondary_to_fMRI_N;unique_runs_random	high
sub-047	ses-02	01	March-17-2025_10-27-32_AM__scan_info_for_subject_SUBC045_SESSION2__selected_run_is_1__fmri_number_is1.mat;fMRI_1.mat;runs_random.mat	March-17-2025_10-22-45_AM__Subject_is_SUBC045_SESSION2__sequence_of_stimuli_for_fMRI_number_1_is_11   6  10  12   1   5   9   2   4   7   3   8.mat	unique_scan_info;unique_fMRI_N;discarded_dated_seq_secondary_to_fMRI_N;unique_runs_random	high
sub-047	ses-02	02	March-17-2025_10-31-47_AM__scan_info_for_subject_SUBC045_SESSION2__selected_run_is_4__fmri_number_is2.mat;fMRI_2.mat;runs_random.mat	March-17-2025_10-27-50_AM__Subject_is_SUBC045_SESSION2__sequence_of_stimuli_for_fMRI_number_2_is_6   9  10   3   7   5   1  12   8   4   2  11.mat	unique_scan_info;unique_fMRI_N;discarded_dated_seq_secondary_to_fMRI_N;unique_runs_random	high
sub-047	ses-02	03	March-17-2025_10-36-44_AM__scan_info_for_subject_SUBC045_SESSION2__selected_run_is_2__fmri_number_is3.mat;fMRI_3.mat;runs_random.mat	March-17-2025_10-32-03_AM__Subject_is_SUBC045_SESSION2__sequence_of_stimuli_for_fMRI_number_3_is_3   1   7   8   9   4  12  11   6   2  10   5.mat	unique_scan_info;unique_fMRI_N;discarded_dated_seq_secondary_to_fMRI_N;unique_runs_random	high
sub-047	ses-02	04	March-17-2025_10-40-54_AM__scan_info_for_subject_SUBC045_SESSION2__selected_run_is_5__fmri_number_is4.mat;fMRI_4.mat;runs_random.mat	March-17-2025_10-36-56_AM__Subject_is_SUBC045_SESSION2__sequence_of_stimuli_for_fMRI_number_4_is_12   3  10   6  11   7   1   2   5   8   9   4.mat	unique_scan_info;unique_fMRI_N;discarded_dated_seq_secondary_to_fMRI_N;unique_runs_random	high
sub-047	ses-02	05	runs_random.mat		unique_runs_random;insufficient_for_events	low
sub-047	ses-02	06	runs_random.mat		unique_runs_random;insufficient_for_events	low
sub-047	ses-02	03	March-17-2025_10-36-44_AM__scan_info_for_subject_SUBC045_SESSION2__selected_run_is_2__fmri_number_is3.mat;fMRI_3.mat;runs_random.mat	March-17-2025_10-32-03_AM__Subject_is_SUBC045_SESSION2__sequence_of_stimuli_for_fMRI_number_3_is_3   1   7   8   9   4  12  11   6   2  10   5.mat	unique_scan_info;unique_fMRI_N;discarded_dated_seq_secondary_to_fMRI_N;unique_runs_random	high
sub-047	ses-02	04	March-17-2025_10-40-54_AM__scan_info_for_subject_SUBC045_SESSION2__selected_run_is_5__fmri_number_is4.mat;fMRI_4.mat;runs_random.mat	March-17-2025_10-36-56_AM__Subject_is_SUBC045_SESSION2__sequence_of_stimuli_for_fMRI_number_4_is_12   3  10   6  11   7   1   2   5   8   9   4.mat	unique_scan_info;unique_fMRI_N;discarded_dated_seq_secondary_to_fMRI_N;unique_runs_random	high
sub-047	ses-02	05	runs_random.mat		unique_runs_random;insufficient_for_events	low
sub-047	ses-02	06	runs_random.mat		unique_runs_random;insufficient_for_events	low
sub-047	ses-02	07	runs_random.mat		unique_runs_random;insufficient_for_events	low
sub-047	ses-02	08	runs_random.mat		unique_runs_random;insufficient_for_events	low
sub-048	ses-01	01	September-19-2024_ 4-36-42_PM__scan_info_for_subject_SUBC049_Session01__selected_run_is_1__fmri_number_is1.mat;fMRI_1.mat;runs_random.mat	September-19-2024_ 4-31-10_PM__Subject_is_SUBC049_Session01__sequence_of_stimuli_for_fMRI_number_1_is_11   6  10  12   1   5   9   2   4   7   3   8.mat	unique_scan_info;unique_fMRI_N;discarded_dated_seq_secondary_to_fMRI_N;unique_runs_random	high
sub-048	ses-01	02	September-19-2024_ 4-41-08_PM__scan_info_for_subject_SUBC049_Session01__selected_run_is_4__fmri_number_is2.mat;fMRI_2.mat;runs_random.mat	September-19-2024_ 4-37-13_PM__Subject_is_SUBC049_Session01__sequence_of_stimuli_for_fMRI_number_2_is_6   9  10   3   7   5   1  12   8   4   2  11.mat	unique_scan_info;unique_fMRI_N;discarded_dated_seq_secondary_to_fMRI_N;unique_runs_random	high
sub-048	ses-01	01	September-19-2024_ 4-36-42_PM__scan_info_for_subject_SUBC049_Session01__selected_run_is_1__fmri_number_is1.mat;fMRI_1.mat;runs_random.mat	September-19-2024_ 4-31-10_PM__Subject_is_SUBC049_Session01__sequence_of_stimuli_for_fMRI_number_1_is_11   6  10  12   1   5   9   2   4   7   3   8.mat	unique_scan_info;unique_fMRI_N;discarded_dated_seq_secondary_to_fMRI_N;unique_runs_random	high
sub-048	ses-01	02	September-19-2024_ 4-41-08_PM__scan_info_for_subject_SUBC049_Session01__selected_run_is_4__fmri_number_is2.mat;fMRI_2.mat;runs_random.mat	September-19-2024_ 4-37-13_PM__Subject_is_SUBC049_Session01__sequence_of_stimuli_for_fMRI_number_2_is_6   9  10   3   7   5   1  12   8   4   2  11.mat	unique_scan_info;unique_fMRI_N;discarded_dated_seq_secondary_to_fMRI_N;unique_runs_random	high
sub-048	ses-01	03	September-19-2024_ 4-45-58_PM__scan_info_for_subject_SUBC049_Session01__selected_run_is_2__fmri_number_is3.mat;fMRI_3.mat;runs_random.mat	September-19-2024_ 4-42-06_PM__Subject_is_SUBC049_Session01__sequence_of_stimuli_for_fMRI_number_3_is_3   1   7   8   9   4  12  11   6   2  10   5.mat	unique_scan_info;unique_fMRI_N;discarded_dated_seq_secondary_to_fMRI_N;unique_runs_random	high
sub-048	ses-01	04	September-19-2024_ 4-49-59_PM__scan_info_for_subject_SUBC049_Session01__selected_run_is_5__fmri_number_is4.mat;fMRI_4.mat;runs_random.mat	September-19-2024_ 4-46-11_PM__Subject_is_SUBC049_Session01__sequence_of_stimuli_for_fMRI_number_4_is_12   3  10   6  11   7   1   2   5   8   9   4.mat	unique_scan_info;unique_fMRI_N;discarded_dated_seq_secondary_to_fMRI_N;unique_runs_random	high
sub-048	ses-01	05	runs_random.mat		unique_runs_random;insufficient_for_events	low
sub-048	ses-01	06	runs_random.mat		unique_runs_random;insufficient_for_events	low
sub-048	ses-01	03	September-19-2024_ 4-45-58_PM__scan_info_for_subject_SUBC049_Session01__selected_run_is_2__fmri_number_is3.mat;fMRI_3.mat;runs_random.mat	September-19-2024_ 4-42-06_PM__Subject_is_SUBC049_Session01__sequence_of_stimuli_for_fMRI_number_3_is_3   1   7   8   9   4  12  11   6   2  10   5.mat	unique_scan_info;unique_fMRI_N;discarded_dated_seq_secondary_to_fMRI_N;unique_runs_random	high
sub-048	ses-01	04	September-19-2024_ 4-49-59_PM__scan_info_for_subject_SUBC049_Session01__selected_run_is_5__fmri_number_is4.mat;fMRI_4.mat;runs_random.mat	September-19-2024_ 4-46-11_PM__Subject_is_SUBC049_Session01__sequence_of_stimuli_for_fMRI_number_4_is_12   3  10   6  11   7   1   2   5   8   9   4.mat	unique_scan_info;unique_fMRI_N;discarded_dated_seq_secondary_to_fMRI_N;unique_runs_random	high
sub-048	ses-01	05	runs_random.mat		unique_runs_random;insufficient_for_events	low
sub-048	ses-01	06	runs_random.mat		unique_runs_random;insufficient_for_events	low
sub-048	ses-01	07	runs_random.mat		unique_runs_random;insufficient_for_events	low
sub-048	ses-01	08	runs_random.mat		unique_runs_random;insufficient_for_events	low
sub-048	ses-02	01	March-21-2025_11-29-05_AM__scan_info_for_subject_SUBC49_SCAN2__selected_run_is_1__fmri_number_is1.mat;fMRI_1.mat;runs_random.mat	March-21-2025_11-23-16_AM__Subject_is_SUBC49_SCAN2__sequence_of_stimuli_for_fMRI_number_1_is_11   6  10  12   1   5   9   2   4   7   3   8.mat	unique_scan_info;unique_fMRI_N;discarded_dated_seq_secondary_to_fMRI_N;unique_runs_random	high
sub-048	ses-02	02	March-21-2025_11-33-22_AM__scan_info_for_subject_SUBC49_SCAN2__selected_run_is_4__fmri_number_is2.mat;fMRI_2.mat;runs_random.mat	March-21-2025_11-29-25_AM__Subject_is_SUBC49_SCAN2__sequence_of_stimuli_for_fMRI_number_2_is_6   9  10   3   7   5   1  12   8   4   2  11.mat	unique_scan_info;unique_fMRI_N;discarded_dated_seq_secondary_to_fMRI_N;unique_runs_random	high
sub-048	ses-02	01	March-21-2025_11-29-05_AM__scan_info_for_subject_SUBC49_SCAN2__selected_run_is_1__fmri_number_is1.mat;fMRI_1.mat;runs_random.mat	March-21-2025_11-23-16_AM__Subject_is_SUBC49_SCAN2__sequence_of_stimuli_for_fMRI_number_1_is_11   6  10  12   1   5   9   2   4   7   3   8.mat	unique_scan_info;unique_fMRI_N;discarded_dated_seq_secondary_to_fMRI_N;unique_runs_random	high
sub-048	ses-02	02	March-21-2025_11-33-22_AM__scan_info_for_subject_SUBC49_SCAN2__selected_run_is_4__fmri_number_is2.mat;fMRI_2.mat;runs_random.mat	March-21-2025_11-29-25_AM__Subject_is_SUBC49_SCAN2__sequence_of_stimuli_for_fMRI_number_2_is_6   9  10   3   7   5   1  12   8   4   2  11.mat	unique_scan_info;unique_fMRI_N;discarded_dated_seq_secondary_to_fMRI_N;unique_runs_random	high
sub-048	ses-02	03	March-21-2025_11-38-31_AM__scan_info_for_subject_SUBC49_SCAN2__selected_run_is_2__fmri_number_is3.mat;fMRI_3.mat;runs_random.mat	March-21-2025_11-33-36_AM__Subject_is_SUBC49_SCAN2__sequence_of_stimuli_for_fMRI_number_3_is_3   1   7   8   9   4  12  11   6   2  10   5.mat	unique_scan_info;unique_fMRI_N;discarded_dated_seq_secondary_to_fMRI_N;unique_runs_random	high
sub-048	ses-02	04	March-21-2025_11-42-36_AM__scan_info_for_subject_SUBC49_SCAN2__selected_run_is_5__fmri_number_is4.mat;fMRI_4.mat;runs_random.mat	March-21-2025_11-38-47_AM__Subject_is_SUBC49_SCAN2__sequence_of_stimuli_for_fMRI_number_4_is_12   3  10   6  11   7   1   2   5   8   9   4.mat	unique_scan_info;unique_fMRI_N;discarded_dated_seq_secondary_to_fMRI_N;unique_runs_random	high
sub-048	ses-02	05	runs_random.mat		unique_runs_random;insufficient_for_events	low
sub-048	ses-02	06	runs_random.mat		unique_runs_random;insufficient_for_events	low
sub-048	ses-02	03	March-21-2025_11-38-31_AM__scan_info_for_subject_SUBC49_SCAN2__selected_run_is_2__fmri_number_is3.mat;fMRI_3.mat;runs_random.mat	March-21-2025_11-33-36_AM__Subject_is_SUBC49_SCAN2__sequence_of_stimuli_for_fMRI_number_3_is_3   1   7   8   9   4  12  11   6   2  10   5.mat	unique_scan_info;unique_fMRI_N;discarded_dated_seq_secondary_to_fMRI_N;unique_runs_random	high
sub-048	ses-02	04	March-21-2025_11-42-36_AM__scan_info_for_subject_SUBC49_SCAN2__selected_run_is_5__fmri_number_is4.mat;fMRI_4.mat;runs_random.mat	March-21-2025_11-38-47_AM__Subject_is_SUBC49_SCAN2__sequence_of_stimuli_for_fMRI_number_4_is_12   3  10   6  11   7   1   2   5   8   9   4.mat	unique_scan_info;unique_fMRI_N;discarded_dated_seq_secondary_to_fMRI_N;unique_runs_random	high
sub-048	ses-02	05	runs_random.mat		unique_runs_random;insufficient_for_events	low
sub-048	ses-02	06	runs_random.mat		unique_runs_random;insufficient_for_events	low
sub-048	ses-02	07	runs_random.mat		unique_runs_random;insufficient_for_events	low
sub-048	ses-02	08	runs_random.mat		unique_runs_random;insufficient_for_events	low
sub-049	ses-01	01	October-11-2024_ 5-33-41_PM__scan_info_for_subject_SUBC050_Session01_2024OCT11__selected_run_is_1__fmri_number_is1.mat;fMRI_1.mat;runs_random.mat	October-11-2024_ 5-28-20_PM__Subject_is_SUBC050_Session01_2024OCT11__sequence_of_stimuli_for_fMRI_number_1_is_11   6  10  12   1   5   9   2   4   7   3   8.mat	unique_scan_info;unique_fMRI_N;discarded_dated_seq_secondary_to_fMRI_N;unique_runs_random	high
sub-049	ses-01	02	October-11-2024_ 5-37-50_PM__scan_info_for_subject_SUBC050_Session01_2024OCT11__selected_run_is_4__fmri_number_is2.mat;fMRI_2.mat;runs_random.mat	October-11-2024_ 5-33-55_PM__Subject_is_SUBC050_Session01_2024OCT11__sequence_of_stimuli_for_fMRI_number_2_is_6   9  10   3   7   5   1  12   8   4   2  11.mat	unique_scan_info;unique_fMRI_N;discarded_dated_seq_secondary_to_fMRI_N;unique_runs_random	high
sub-049	ses-01	01	October-11-2024_ 5-33-41_PM__scan_info_for_subject_SUBC050_Session01_2024OCT11__selected_run_is_1__fmri_number_is1.mat;fMRI_1.mat;runs_random.mat	October-11-2024_ 5-28-20_PM__Subject_is_SUBC050_Session01_2024OCT11__sequence_of_stimuli_for_fMRI_number_1_is_11   6  10  12   1   5   9   2   4   7   3   8.mat	unique_scan_info;unique_fMRI_N;discarded_dated_seq_secondary_to_fMRI_N;unique_runs_random	high
sub-049	ses-01	02	October-11-2024_ 5-37-50_PM__scan_info_for_subject_SUBC050_Session01_2024OCT11__selected_run_is_4__fmri_number_is2.mat;fMRI_2.mat;runs_random.mat	October-11-2024_ 5-33-55_PM__Subject_is_SUBC050_Session01_2024OCT11__sequence_of_stimuli_for_fMRI_number_2_is_6   9  10   3   7   5   1  12   8   4   2  11.mat	unique_scan_info;unique_fMRI_N;discarded_dated_seq_secondary_to_fMRI_N;unique_runs_random	high
sub-049	ses-01	03	October-11-2024_ 5-43-08_PM__scan_info_for_subject_SUBC050_Session01_2024OCT11__selected_run_is_2__fmri_number_is3.mat;fMRI_3.mat;runs_random.mat	October-11-2024_ 5-39-11_PM__Subject_is_SUBC050_Session01_2024OCT11__sequence_of_stimuli_for_fMRI_number_3_is_3   1   7   8   9   4  12  11   6   2  10   5.mat	unique_scan_info;unique_fMRI_N;discarded_dated_seq_secondary_to_fMRI_N;unique_runs_random	high
sub-049	ses-01	04	October-11-2024_ 5-47-18_PM__scan_info_for_subject_SUBC050_Session01_2024OCT11__selected_run_is_5__fmri_number_is4.mat;fMRI_4.mat;runs_random.mat	October-11-2024_ 5-43-23_PM__Subject_is_SUBC050_Session01_2024OCT11__sequence_of_stimuli_for_fMRI_number_4_is_12   3  10   6  11   7   1   2   5   8   9   4.mat	unique_scan_info;unique_fMRI_N;discarded_dated_seq_secondary_to_fMRI_N;unique_runs_random	high
sub-049	ses-01	05	runs_random.mat		unique_runs_random;insufficient_for_events	low
sub-049	ses-01	06	runs_random.mat		unique_runs_random;insufficient_for_events	low
sub-049	ses-01	03	October-11-2024_ 5-43-08_PM__scan_info_for_subject_SUBC050_Session01_2024OCT11__selected_run_is_2__fmri_number_is3.mat;fMRI_3.mat;runs_random.mat	October-11-2024_ 5-39-11_PM__Subject_is_SUBC050_Session01_2024OCT11__sequence_of_stimuli_for_fMRI_number_3_is_3   1   7   8   9   4  12  11   6   2  10   5.mat	unique_scan_info;unique_fMRI_N;discarded_dated_seq_secondary_to_fMRI_N;unique_runs_random	high
sub-049	ses-01	04	October-11-2024_ 5-47-18_PM__scan_info_for_subject_SUBC050_Session01_2024OCT11__selected_run_is_5__fmri_number_is4.mat;fMRI_4.mat;runs_random.mat	October-11-2024_ 5-43-23_PM__Subject_is_SUBC050_Session01_2024OCT11__sequence_of_stimuli_for_fMRI_number_4_is_12   3  10   6  11   7   1   2   5   8   9   4.mat	unique_scan_info;unique_fMRI_N;discarded_dated_seq_secondary_to_fMRI_N;unique_runs_random	high
sub-049	ses-01	05	runs_random.mat		unique_runs_random;insufficient_for_events	low
sub-049	ses-01	06	runs_random.mat		unique_runs_random;insufficient_for_events	low
sub-049	ses-01	07	runs_random.mat		unique_runs_random;insufficient_for_events	low
sub-049	ses-01	08	runs_random.mat		unique_runs_random;insufficient_for_events	low
sub-049	ses-02	01	May-08-2025_11-40-09_AM__scan_info_for_subject_SUBC50_Session02__selected_run_is_1__fmri_number_is1.mat;fMRI_1.mat;runs_random.mat	May-08-2025_11-33-48_AM__Subject_is_SUBC50_Session02__sequence_of_stimuli_for_fMRI_number_1_is_11   6  10  12   1   5   9   2   4   7   3   8.mat	unique_scan_info;unique_fMRI_N;discarded_dated_seq_secondary_to_fMRI_N;unique_runs_random	high
sub-049	ses-02	02	May-08-2025_11-44-22_AM__scan_info_for_subject_SUBC50_Session02__selected_run_is_4__fmri_number_is2.mat;fMRI_2.mat;runs_random.mat	May-08-2025_11-40-32_AM__Subject_is_SUBC50_Session02__sequence_of_stimuli_for_fMRI_number_2_is_6   9  10   3   7   5   1  12   8   4   2  11.mat	unique_scan_info;unique_fMRI_N;discarded_dated_seq_secondary_to_fMRI_N;unique_runs_random	high
sub-049	ses-02	01	May-08-2025_11-40-09_AM__scan_info_for_subject_SUBC50_Session02__selected_run_is_1__fmri_number_is1.mat;fMRI_1.mat;runs_random.mat	May-08-2025_11-33-48_AM__Subject_is_SUBC50_Session02__sequence_of_stimuli_for_fMRI_number_1_is_11   6  10  12   1   5   9   2   4   7   3   8.mat	unique_scan_info;unique_fMRI_N;discarded_dated_seq_secondary_to_fMRI_N;unique_runs_random	high
sub-049	ses-02	02	May-08-2025_11-44-22_AM__scan_info_for_subject_SUBC50_Session02__selected_run_is_4__fmri_number_is2.mat;fMRI_2.mat;runs_random.mat	May-08-2025_11-40-32_AM__Subject_is_SUBC50_Session02__sequence_of_stimuli_for_fMRI_number_2_is_6   9  10   3   7   5   1  12   8   4   2  11.mat	unique_scan_info;unique_fMRI_N;discarded_dated_seq_secondary_to_fMRI_N;unique_runs_random	high
sub-049	ses-02	03	May-08-2025_11-49-23_AM__scan_info_for_subject_SUBC50_Session02__selected_run_is_2__fmri_number_is3.mat;fMRI_3.mat;runs_random.mat	May-08-2025_11-44-30_AM__Subject_is_SUBC50_Session02__sequence_of_stimuli_for_fMRI_number_3_is_3   1   7   8   9   4  12  11   6   2  10   5.mat	unique_scan_info;unique_fMRI_N;discarded_dated_seq_secondary_to_fMRI_N;unique_runs_random	high
sub-049	ses-02	04	May-08-2025_11-53-28_AM__scan_info_for_subject_SUBC50_Session02__selected_run_is_5__fmri_number_is4.mat;fMRI_4.mat;runs_random.mat	May-08-2025_11-49-32_AM__Subject_is_SUBC50_Session02__sequence_of_stimuli_for_fMRI_number_4_is_12   3  10   6  11   7   1   2   5   8   9   4.mat	unique_scan_info;unique_fMRI_N;discarded_dated_seq_secondary_to_fMRI_N;unique_runs_random	high
sub-049	ses-02	05	runs_random.mat		unique_runs_random;insufficient_for_events	low
sub-049	ses-02	06	runs_random.mat		unique_runs_random;insufficient_for_events	low
sub-049	ses-02	07	runs_random.mat		unique_runs_random;insufficient_for_events	low
sub-049	ses-02	08	runs_random.mat		unique_runs_random;insufficient_for_events	low
sub-050	ses-01	01	October-15-2024_ 1-36-46_PM__scan_info_for_subject_SUBC051_Session01__selected_run_is_1__fmri_number_is1.mat;fMRI_1.mat;runs_random.mat	October-15-2024_ 1-29-10_PM__Subject_is_SUBC051_Session01__sequence_of_stimuli_for_fMRI_number_1_is_11   6  10  12   1   5   9   2   4   7   3   8.mat	unique_scan_info;unique_fMRI_N;discarded_dated_seq_secondary_to_fMRI_N;unique_runs_random	high
sub-050	ses-01	02	October-15-2024_ 1-42-44_PM__scan_info_for_subject_SUBC051_Session01__selected_run_is_4__fmri_number_is2.mat;fMRI_2.mat;runs_random.mat	October-15-2024_ 1-38-54_PM__Subject_is_SUBC051_Session01__sequence_of_stimuli_for_fMRI_number_2_is_6   9  10   3   7   5   1  12   8   4   2  11.mat	unique_scan_info;unique_fMRI_N;discarded_dated_seq_secondary_to_fMRI_N;unique_runs_random	high
sub-050	ses-01	01	October-15-2024_ 1-36-46_PM__scan_info_for_subject_SUBC051_Session01__selected_run_is_1__fmri_number_is1.mat;fMRI_1.mat;runs_random.mat	October-15-2024_ 1-29-10_PM__Subject_is_SUBC051_Session01__sequence_of_stimuli_for_fMRI_number_1_is_11   6  10  12   1   5   9   2   4   7   3   8.mat	unique_scan_info;unique_fMRI_N;discarded_dated_seq_secondary_to_fMRI_N;unique_runs_random	high
sub-050	ses-01	02	October-15-2024_ 1-42-44_PM__scan_info_for_subject_SUBC051_Session01__selected_run_is_4__fmri_number_is2.mat;fMRI_2.mat;runs_random.mat	October-15-2024_ 1-38-54_PM__Subject_is_SUBC051_Session01__sequence_of_stimuli_for_fMRI_number_2_is_6   9  10   3   7   5   1  12   8   4   2  11.mat	unique_scan_info;unique_fMRI_N;discarded_dated_seq_secondary_to_fMRI_N;unique_runs_random	high
sub-050	ses-01	03	October-15-2024_ 1-48-11_PM__scan_info_for_subject_SUBC051_Session01__selected_run_is_2__fmri_number_is3.mat;fMRI_3.mat;runs_random.mat	October-15-2024_ 1-44-08_PM__Subject_is_SUBC051_Session01__sequence_of_stimuli_for_fMRI_number_3_is_3   1   7   8   9   4  12  11   6   2  10   5.mat	unique_scan_info;unique_fMRI_N;discarded_dated_seq_secondary_to_fMRI_N;unique_runs_random	high
sub-050	ses-01	04	October-15-2024_ 1-52-16_PM__scan_info_for_subject_SUBC051_Session01__selected_run_is_5__fmri_number_is4.mat;fMRI_4.mat;runs_random.mat	October-15-2024_ 1-48-20_PM__Subject_is_SUBC051_Session01__sequence_of_stimuli_for_fMRI_number_4_is_12   3  10   6  11   7   1   2   5   8   9   4.mat	unique_scan_info;unique_fMRI_N;discarded_dated_seq_secondary_to_fMRI_N;unique_runs_random	high
sub-050	ses-01	05	runs_random.mat		unique_runs_random;insufficient_for_events	low
sub-050	ses-01	06	runs_random.mat		unique_runs_random;insufficient_for_events	low
sub-050	ses-01	03	October-15-2024_ 1-48-11_PM__scan_info_for_subject_SUBC051_Session01__selected_run_is_2__fmri_number_is3.mat;fMRI_3.mat;runs_random.mat	October-15-2024_ 1-44-08_PM__Subject_is_SUBC051_Session01__sequence_of_stimuli_for_fMRI_number_3_is_3   1   7   8   9   4  12  11   6   2  10   5.mat	unique_scan_info;unique_fMRI_N;discarded_dated_seq_secondary_to_fMRI_N;unique_runs_random	high
sub-050	ses-01	04	October-15-2024_ 1-52-16_PM__scan_info_for_subject_SUBC051_Session01__selected_run_is_5__fmri_number_is4.mat;fMRI_4.mat;runs_random.mat	October-15-2024_ 1-48-20_PM__Subject_is_SUBC051_Session01__sequence_of_stimuli_for_fMRI_number_4_is_12   3  10   6  11   7   1   2   5   8   9   4.mat	unique_scan_info;unique_fMRI_N;discarded_dated_seq_secondary_to_fMRI_N;unique_runs_random	high
sub-050	ses-01	05	runs_random.mat		unique_runs_random;insufficient_for_events	low
sub-050	ses-01	06	runs_random.mat		unique_runs_random;insufficient_for_events	low
sub-050	ses-01	07	runs_random.mat		unique_runs_random;insufficient_for_events	low
sub-050	ses-01	08	runs_random.mat		unique_runs_random;insufficient_for_events	low
sub-051	ses-01	01			no_matching_sources	low
sub-051	ses-01	02			no_matching_sources	low
sub-051	ses-01	01			no_matching_sources	low
sub-051	ses-01	02			no_matching_sources	low
sub-051	ses-01	03			no_matching_sources	low
sub-051	ses-01	04			no_matching_sources	low
sub-051	ses-01	05			no_matching_sources	low
sub-051	ses-01	06			no_matching_sources	low
sub-051	ses-01	03			no_matching_sources	low
sub-051	ses-01	04			no_matching_sources	low
sub-051	ses-01	05			no_matching_sources	low
sub-051	ses-01	06			no_matching_sources	low
sub-051	ses-01	07			no_matching_sources	low
sub-051	ses-01	08			no_matching_sources	low
sub-052	ses-01	01	November-08-2024_ 8-34-17_AM__scan_info_for_subject_SUBC053__selected_run_is_1__fmri_number_is1.mat;fMRI_1.mat;runs_random.mat	November-08-2024_ 8-27-42_AM__Subject_is_SUBC053__sequence_of_stimuli_for_fMRI_number_1_is_11   6  10  12   1   5   9   2   4   7   3   8.mat	unique_scan_info;unique_fMRI_N;discarded_dated_seq_secondary_to_fMRI_N;unique_runs_random	high
sub-052	ses-01	02	November-08-2024_ 8-38-23_AM__scan_info_for_subject_SUBC053__selected_run_is_4__fmri_number_is2.mat;fMRI_2.mat;runs_random.mat	November-08-2024_ 8-34-30_AM__Subject_is_SUBC053__sequence_of_stimuli_for_fMRI_number_2_is_6   9  10   3   7   5   1  12   8   4   2  11.mat	unique_scan_info;unique_fMRI_N;discarded_dated_seq_secondary_to_fMRI_N;unique_runs_random	high
sub-052	ses-01	01	November-08-2024_ 8-34-17_AM__scan_info_for_subject_SUBC053__selected_run_is_1__fmri_number_is1.mat;fMRI_1.mat;runs_random.mat	November-08-2024_ 8-27-42_AM__Subject_is_SUBC053__sequence_of_stimuli_for_fMRI_number_1_is_11   6  10  12   1   5   9   2   4   7   3   8.mat	unique_scan_info;unique_fMRI_N;discarded_dated_seq_secondary_to_fMRI_N;unique_runs_random	high
sub-052	ses-01	02	November-08-2024_ 8-38-23_AM__scan_info_for_subject_SUBC053__selected_run_is_4__fmri_number_is2.mat;fMRI_2.mat;runs_random.mat	November-08-2024_ 8-34-30_AM__Subject_is_SUBC053__sequence_of_stimuli_for_fMRI_number_2_is_6   9  10   3   7   5   1  12   8   4   2  11.mat	unique_scan_info;unique_fMRI_N;discarded_dated_seq_secondary_to_fMRI_N;unique_runs_random	high
sub-052	ses-01	03	November-08-2024_ 8-44-17_AM__scan_info_for_subject_SUBC053__selected_run_is_2__fmri_number_is3.mat;fMRI_3.mat;runs_random.mat	November-08-2024_ 8-40-25_AM__Subject_is_SUBC053__sequence_of_stimuli_for_fMRI_number_3_is_3   1   7   8   9   4  12  11   6   2  10   5.mat	unique_scan_info;unique_fMRI_N;discarded_dated_seq_secondary_to_fMRI_N;unique_runs_random	high
sub-052	ses-01	04	November-08-2024_ 8-48-22_AM__scan_info_for_subject_SUBC053__selected_run_is_5__fmri_number_is4.mat;fMRI_4.mat;runs_random.mat	November-08-2024_ 8-44-32_AM__Subject_is_SUBC053__sequence_of_stimuli_for_fMRI_number_4_is_12   3  10   6  11   7   1   2   5   8   9   4.mat	unique_scan_info;unique_fMRI_N;discarded_dated_seq_secondary_to_fMRI_N;unique_runs_random	high
sub-052	ses-01	05	runs_random.mat		unique_runs_random;insufficient_for_events	low
sub-052	ses-01	06	runs_random.mat		unique_runs_random;insufficient_for_events	low
sub-052	ses-01	03	November-08-2024_ 8-44-17_AM__scan_info_for_subject_SUBC053__selected_run_is_2__fmri_number_is3.mat;fMRI_3.mat;runs_random.mat	November-08-2024_ 8-40-25_AM__Subject_is_SUBC053__sequence_of_stimuli_for_fMRI_number_3_is_3   1   7   8   9   4  12  11   6   2  10   5.mat	unique_scan_info;unique_fMRI_N;discarded_dated_seq_secondary_to_fMRI_N;unique_runs_random	high
sub-052	ses-01	04	November-08-2024_ 8-48-22_AM__scan_info_for_subject_SUBC053__selected_run_is_5__fmri_number_is4.mat;fMRI_4.mat;runs_random.mat	November-08-2024_ 8-44-32_AM__Subject_is_SUBC053__sequence_of_stimuli_for_fMRI_number_4_is_12   3  10   6  11   7   1   2   5   8   9   4.mat	unique_scan_info;unique_fMRI_N;discarded_dated_seq_secondary_to_fMRI_N;unique_runs_random	high
sub-052	ses-01	05	runs_random.mat		unique_runs_random;insufficient_for_events	low
sub-052	ses-01	06	runs_random.mat		unique_runs_random;insufficient_for_events	low
sub-052	ses-01	07	runs_random.mat		unique_runs_random;insufficient_for_events	low
sub-052	ses-01	08	runs_random.mat		unique_runs_random;insufficient_for_events	low
sub-052	ses-02	01	May-05-2025_ 8-21-04_AM__scan_info_for_subject_SUBC53-Session2-2025May05__selected_run_is_1__fmri_number_is1.mat;fMRI_1.mat;runs_random.mat	May-05-2025_ 8-13-52_AM__Subject_is_SUBC53-Session2-2025May05__sequence_of_stimuli_for_fMRI_number_1_is_11   6  10  12   1   5   9   2   4   7   3   8.mat	unique_scan_info;unique_fMRI_N;discarded_dated_seq_secondary_to_fMRI_N;unique_runs_random	high
sub-052	ses-02	02	May-05-2025_ 8-25-28_AM__scan_info_for_subject_SUBC53-Session2-2025May05__selected_run_is_4__fmri_number_is2.mat;fMRI_2.mat;runs_random.mat	May-05-2025_ 8-21-17_AM__Subject_is_SUBC53-Session2-2025May05__sequence_of_stimuli_for_fMRI_number_2_is_6   9  10   3   7   5   1  12   8   4   2  11.mat	unique_scan_info;unique_fMRI_N;discarded_dated_seq_secondary_to_fMRI_N;unique_runs_random	high
sub-052	ses-02	01	May-05-2025_ 8-21-04_AM__scan_info_for_subject_SUBC53-Session2-2025May05__selected_run_is_1__fmri_number_is1.mat;fMRI_1.mat;runs_random.mat	May-05-2025_ 8-13-52_AM__Subject_is_SUBC53-Session2-2025May05__sequence_of_stimuli_for_fMRI_number_1_is_11   6  10  12   1   5   9   2   4   7   3   8.mat	unique_scan_info;unique_fMRI_N;discarded_dated_seq_secondary_to_fMRI_N;unique_runs_random	high
sub-052	ses-02	02	May-05-2025_ 8-25-28_AM__scan_info_for_subject_SUBC53-Session2-2025May05__selected_run_is_4__fmri_number_is2.mat;fMRI_2.mat;runs_random.mat	May-05-2025_ 8-21-17_AM__Subject_is_SUBC53-Session2-2025May05__sequence_of_stimuli_for_fMRI_number_2_is_6   9  10   3   7   5   1  12   8   4   2  11.mat	unique_scan_info;unique_fMRI_N;discarded_dated_seq_secondary_to_fMRI_N;unique_runs_random	high
sub-052	ses-02	03	May-05-2025_ 8-30-34_AM__scan_info_for_subject_SUBC53-Session2-2025May05__selected_run_is_2__fmri_number_is3.mat;fMRI_3.mat;runs_random.mat	May-05-2025_ 8-25-41_AM__Subject_is_SUBC53-Session2-2025May05__sequence_of_stimuli_for_fMRI_number_3_is_3   1   7   8   9   4  12  11   6   2  10   5.mat	unique_scan_info;unique_fMRI_N;discarded_dated_seq_secondary_to_fMRI_N;unique_runs_random	high
sub-052	ses-02	04	May-05-2025_ 8-34-36_AM__scan_info_for_subject_SUBC53-Session2-2025May05__selected_run_is_5__fmri_number_is4.mat;fMRI_4.mat;runs_random.mat	May-05-2025_ 8-30-42_AM__Subject_is_SUBC53-Session2-2025May05__sequence_of_stimuli_for_fMRI_number_4_is_12   3  10   6  11   7   1   2   5   8   9   4.mat	unique_scan_info;unique_fMRI_N;discarded_dated_seq_secondary_to_fMRI_N;unique_runs_random	high
sub-052	ses-02	05	runs_random.mat		unique_runs_random;insufficient_for_events	low
sub-052	ses-02	06	runs_random.mat		unique_runs_random;insufficient_for_events	low
sub-052	ses-02	03	May-05-2025_ 8-30-34_AM__scan_info_for_subject_SUBC53-Session2-2025May05__selected_run_is_2__fmri_number_is3.mat;fMRI_3.mat;runs_random.mat	May-05-2025_ 8-25-41_AM__Subject_is_SUBC53-Session2-2025May05__sequence_of_stimuli_for_fMRI_number_3_is_3   1   7   8   9   4  12  11   6   2  10   5.mat	unique_scan_info;unique_fMRI_N;discarded_dated_seq_secondary_to_fMRI_N;unique_runs_random	high
sub-052	ses-02	04	May-05-2025_ 8-34-36_AM__scan_info_for_subject_SUBC53-Session2-2025May05__selected_run_is_5__fmri_number_is4.mat;fMRI_4.mat;runs_random.mat	May-05-2025_ 8-30-42_AM__Subject_is_SUBC53-Session2-2025May05__sequence_of_stimuli_for_fMRI_number_4_is_12   3  10   6  11   7   1   2   5   8   9   4.mat	unique_scan_info;unique_fMRI_N;discarded_dated_seq_secondary_to_fMRI_N;unique_runs_random	high
sub-052	ses-02	05	runs_random.mat		unique_runs_random;insufficient_for_events	low
sub-052	ses-02	06	runs_random.mat		unique_runs_random;insufficient_for_events	low
sub-052	ses-02	07	runs_random.mat		unique_runs_random;insufficient_for_events	low
sub-052	ses-02	08	runs_random.mat		unique_runs_random;insufficient_for_events	low
sub-053	ses-01	01	November-29-2024_ 3-00-22_PM__scan_info_for_subject_SUBC054_Session01_2024NOV29__selected_run_is_1__fmri_number_is1.mat;fMRI_1.mat;runs_random.mat	November-29-2024_ 2-53-51_PM__Subject_is_SUBC054_Session01_2024NOV29__sequence_of_stimuli_for_fMRI_number_1_is_11   6  10  12   1   5   9   2   4   7   3   8.mat	unique_scan_info;unique_fMRI_N;discarded_dated_seq_secondary_to_fMRI_N;unique_runs_random	high
sub-053	ses-01	02	November-29-2024_ 3-04-30_PM__scan_info_for_subject_SUBC054_Session01_2024NOV29__selected_run_is_4__fmri_number_is2.mat;fMRI_2.mat;runs_random.mat	November-29-2024_ 3-00-33_PM__Subject_is_SUBC054_Session01_2024NOV29__sequence_of_stimuli_for_fMRI_number_2_is_6   9  10   3   7   5   1  12   8   4   2  11.mat	unique_scan_info;unique_fMRI_N;discarded_dated_seq_secondary_to_fMRI_N;unique_runs_random	high
sub-053	ses-01	01	November-29-2024_ 3-00-22_PM__scan_info_for_subject_SUBC054_Session01_2024NOV29__selected_run_is_1__fmri_number_is1.mat;fMRI_1.mat;runs_random.mat	November-29-2024_ 2-53-51_PM__Subject_is_SUBC054_Session01_2024NOV29__sequence_of_stimuli_for_fMRI_number_1_is_11   6  10  12   1   5   9   2   4   7   3   8.mat	unique_scan_info;unique_fMRI_N;discarded_dated_seq_secondary_to_fMRI_N;unique_runs_random	high
sub-053	ses-01	02	November-29-2024_ 3-04-30_PM__scan_info_for_subject_SUBC054_Session01_2024NOV29__selected_run_is_4__fmri_number_is2.mat;fMRI_2.mat;runs_random.mat	November-29-2024_ 3-00-33_PM__Subject_is_SUBC054_Session01_2024NOV29__sequence_of_stimuli_for_fMRI_number_2_is_6   9  10   3   7   5   1  12   8   4   2  11.mat	unique_scan_info;unique_fMRI_N;discarded_dated_seq_secondary_to_fMRI_N;unique_runs_random	high
sub-053	ses-01	03	November-29-2024_ 3-10-08_PM__scan_info_for_subject_SUBC054_Session01_2024NOV29__selected_run_is_2__fmri_number_is3.mat;fMRI_3.mat;runs_random.mat	November-29-2024_ 3-06-14_PM__Subject_is_SUBC054_Session01_2024NOV29__sequence_of_stimuli_for_fMRI_number_3_is_3   1   7   8   9   4  12  11   6   2  10   5.mat	unique_scan_info;unique_fMRI_N;discarded_dated_seq_secondary_to_fMRI_N;unique_runs_random	high
sub-053	ses-01	04	November-29-2024_ 3-14-25_PM__scan_info_for_subject_SUBC054_Session01_2024NOV29__selected_run_is_5__fmri_number_is4.mat;fMRI_4.mat;runs_random.mat	November-29-2024_ 3-10-25_PM__Subject_is_SUBC054_Session01_2024NOV29__sequence_of_stimuli_for_fMRI_number_4_is_12   3  10   6  11   7   1   2   5   8   9   4.mat	unique_scan_info;unique_fMRI_N;discarded_dated_seq_secondary_to_fMRI_N;unique_runs_random	high
sub-053	ses-01	05	runs_random.mat		unique_runs_random;insufficient_for_events	low
sub-053	ses-01	06	runs_random.mat		unique_runs_random;insufficient_for_events	low
sub-053	ses-01	03	November-29-2024_ 3-10-08_PM__scan_info_for_subject_SUBC054_Session01_2024NOV29__selected_run_is_2__fmri_number_is3.mat;fMRI_3.mat;runs_random.mat	November-29-2024_ 3-06-14_PM__Subject_is_SUBC054_Session01_2024NOV29__sequence_of_stimuli_for_fMRI_number_3_is_3   1   7   8   9   4  12  11   6   2  10   5.mat	unique_scan_info;unique_fMRI_N;discarded_dated_seq_secondary_to_fMRI_N;unique_runs_random	high
sub-053	ses-01	04	November-29-2024_ 3-14-25_PM__scan_info_for_subject_SUBC054_Session01_2024NOV29__selected_run_is_5__fmri_number_is4.mat;fMRI_4.mat;runs_random.mat	November-29-2024_ 3-10-25_PM__Subject_is_SUBC054_Session01_2024NOV29__sequence_of_stimuli_for_fMRI_number_4_is_12   3  10   6  11   7   1   2   5   8   9   4.mat	unique_scan_info;unique_fMRI_N;discarded_dated_seq_secondary_to_fMRI_N;unique_runs_random	high
sub-053	ses-01	07	runs_random.mat		unique_runs_random;insufficient_for_events	low
sub-053	ses-01	08	runs_random.mat		unique_runs_random;insufficient_for_events	low
sub-054	ses-01	01	February-11-2025_ 3-05-39_PM__scan_info_for_subject_SUBC55_SESSION01__selected_run_is_1__fmri_number_is1.mat;fMRI_1.mat;runs_random.mat	February-11-2025_ 2-59-45_PM__Subject_is_SUBC55_SESSION01__sequence_of_stimuli_for_fMRI_number_1_is_11   6  10  12   1   5   9   2   4   7   3   8.mat	unique_scan_info;unique_fMRI_N;discarded_dated_seq_secondary_to_fMRI_N;unique_runs_random	high
sub-054	ses-01	02	February-11-2025_ 3-09-45_PM__scan_info_for_subject_SUBC55_SESSION01__selected_run_is_4__fmri_number_is2.mat;fMRI_2.mat;runs_random.mat	February-11-2025_ 3-05-52_PM__Subject_is_SUBC55_SESSION01__sequence_of_stimuli_for_fMRI_number_2_is_6   9  10   3   7   5   1  12   8   4   2  11.mat	unique_scan_info;unique_fMRI_N;discarded_dated_seq_secondary_to_fMRI_N;unique_runs_random	high
sub-054	ses-01	01	February-11-2025_ 3-05-39_PM__scan_info_for_subject_SUBC55_SESSION01__selected_run_is_1__fmri_number_is1.mat;fMRI_1.mat;runs_random.mat	February-11-2025_ 2-59-45_PM__Subject_is_SUBC55_SESSION01__sequence_of_stimuli_for_fMRI_number_1_is_11   6  10  12   1   5   9   2   4   7   3   8.mat	unique_scan_info;unique_fMRI_N;discarded_dated_seq_secondary_to_fMRI_N;unique_runs_random	high
sub-054	ses-01	02	February-11-2025_ 3-09-45_PM__scan_info_for_subject_SUBC55_SESSION01__selected_run_is_4__fmri_number_is2.mat;fMRI_2.mat;runs_random.mat	February-11-2025_ 3-05-52_PM__Subject_is_SUBC55_SESSION01__sequence_of_stimuli_for_fMRI_number_2_is_6   9  10   3   7   5   1  12   8   4   2  11.mat	unique_scan_info;unique_fMRI_N;discarded_dated_seq_secondary_to_fMRI_N;unique_runs_random	high
sub-054	ses-01	03	February-11-2025_ 3-14-36_PM__scan_info_for_subject_SUBC55_SESSION01__selected_run_is_2__fmri_number_is3.mat;fMRI_3.mat;runs_random.mat	February-11-2025_ 3-10-05_PM__Subject_is_SUBC55_SESSION01__sequence_of_stimuli_for_fMRI_number_3_is_3   1   7   8   9   4  12  11   6   2  10   5.mat	unique_scan_info;unique_fMRI_N;discarded_dated_seq_secondary_to_fMRI_N;unique_runs_random	high
sub-054	ses-01	04	February-11-2025_ 3-18-40_PM__scan_info_for_subject_SUBC55_SESSION01__selected_run_is_5__fmri_number_is4.mat;fMRI_4.mat;runs_random.mat	February-11-2025_ 3-14-45_PM__Subject_is_SUBC55_SESSION01__sequence_of_stimuli_for_fMRI_number_4_is_12   3  10   6  11   7   1   2   5   8   9   4.mat	unique_scan_info;unique_fMRI_N;discarded_dated_seq_secondary_to_fMRI_N;unique_runs_random	high
sub-054	ses-01	05	runs_random.mat		unique_runs_random;insufficient_for_events	low
sub-054	ses-01	06	runs_random.mat		unique_runs_random;insufficient_for_events	low
sub-054	ses-01	03	February-11-2025_ 3-14-36_PM__scan_info_for_subject_SUBC55_SESSION01__selected_run_is_2__fmri_number_is3.mat;fMRI_3.mat;runs_random.mat	February-11-2025_ 3-10-05_PM__Subject_is_SUBC55_SESSION01__sequence_of_stimuli_for_fMRI_number_3_is_3   1   7   8   9   4  12  11   6   2  10   5.mat	unique_scan_info;unique_fMRI_N;discarded_dated_seq_secondary_to_fMRI_N;unique_runs_random	high
sub-054	ses-01	04	February-11-2025_ 3-18-40_PM__scan_info_for_subject_SUBC55_SESSION01__selected_run_is_5__fmri_number_is4.mat;fMRI_4.mat;runs_random.mat	February-11-2025_ 3-14-45_PM__Subject_is_SUBC55_SESSION01__sequence_of_stimuli_for_fMRI_number_4_is_12   3  10   6  11   7   1   2   5   8   9   4.mat	unique_scan_info;unique_fMRI_N;discarded_dated_seq_secondary_to_fMRI_N;unique_runs_random	high
sub-054	ses-01	05	runs_random.mat		unique_runs_random;insufficient_for_events	low
sub-054	ses-01	06	runs_random.mat		unique_runs_random;insufficient_for_events	low
sub-054	ses-01	07	runs_random.mat		unique_runs_random;insufficient_for_events	low
sub-054	ses-01	08	runs_random.mat		unique_runs_random;insufficient_for_events	low
sub-054	ses-02	01	August-14-2025_10-34-36_AM__scan_info_for_subject_SUBC55-Session2-2025AUG14__selected_run_is_1__fmri_number_is1.mat;fMRI_1.mat;runs_random.mat	August-14-2025_10-29-54_AM__Subject_is_SUBC55-Session2-2025AUG14__sequence_of_stimuli_for_fMRI_number_1_is_11   6  10  12   1   5   9   2   4   7   3   8.mat	unique_scan_info;unique_fMRI_N;discarded_dated_seq_secondary_to_fMRI_N;unique_runs_random	high
sub-054	ses-02	02	August-14-2025_10-38-45_AM__scan_info_for_subject_SUBC55-Session2-2025AUG14__selected_run_is_4__fmri_number_is2.mat;fMRI_2.mat;runs_random.mat	August-14-2025_10-34-49_AM__Subject_is_SUBC55-Session2-2025AUG14__sequence_of_stimuli_for_fMRI_number_2_is_6   9  10   3   7   5   1  12   8   4   2  11.mat	unique_scan_info;unique_fMRI_N;discarded_dated_seq_secondary_to_fMRI_N;unique_runs_random	high
sub-054	ses-02	03	August-14-2025_10-44-16_AM__scan_info_for_subject_SUBC55-Session2-2025AUG14__selected_run_is_2__fmri_number_is3.mat;fMRI_3.mat;runs_random.mat	August-14-2025_10-39-06_AM__Subject_is_SUBC55-Session2-2025AUG14__sequence_of_stimuli_for_fMRI_number_3_is_3   1   7   8   9   4  12  11   6   2  10   5.mat	unique_scan_info;unique_fMRI_N;discarded_dated_seq_secondary_to_fMRI_N;unique_runs_random	high
sub-054	ses-02	04	August-14-2025_10-48-19_AM__scan_info_for_subject_SUBC55-Session2-2025AUG14__selected_run_is_5__fmri_number_is4.mat;fMRI_4.mat;runs_random.mat	August-14-2025_10-44-29_AM__Subject_is_SUBC55-Session2-2025AUG14__sequence_of_stimuli_for_fMRI_number_4_is_12   3  10   6  11   7   1   2   5   8   9   4.mat	unique_scan_info;unique_fMRI_N;discarded_dated_seq_secondary_to_fMRI_N;unique_runs_random	high
sub-054	ses-02	01	August-14-2025_10-34-36_AM__scan_info_for_subject_SUBC55-Session2-2025AUG14__selected_run_is_1__fmri_number_is1.mat;fMRI_1.mat;runs_random.mat	August-14-2025_10-29-54_AM__Subject_is_SUBC55-Session2-2025AUG14__sequence_of_stimuli_for_fMRI_number_1_is_11   6  10  12   1   5   9   2   4   7   3   8.mat	unique_scan_info;unique_fMRI_N;discarded_dated_seq_secondary_to_fMRI_N;unique_runs_random	high
sub-054	ses-02	02	August-14-2025_10-38-45_AM__scan_info_for_subject_SUBC55-Session2-2025AUG14__selected_run_is_4__fmri_number_is2.mat;fMRI_2.mat;runs_random.mat	August-14-2025_10-34-49_AM__Subject_is_SUBC55-Session2-2025AUG14__sequence_of_stimuli_for_fMRI_number_2_is_6   9  10   3   7   5   1  12   8   4   2  11.mat	unique_scan_info;unique_fMRI_N;discarded_dated_seq_secondary_to_fMRI_N;unique_runs_random	high
sub-054	ses-02	05	runs_random.mat		unique_runs_random;insufficient_for_events	low
sub-054	ses-02	06	runs_random.mat		unique_runs_random;insufficient_for_events	low
sub-054	ses-02	07	runs_random.mat		unique_runs_random;insufficient_for_events	low
sub-054	ses-02	08	runs_random.mat		unique_runs_random;insufficient_for_events	low
sub-054	ses-02	03	August-14-2025_10-44-16_AM__scan_info_for_subject_SUBC55-Session2-2025AUG14__selected_run_is_2__fmri_number_is3.mat;fMRI_3.mat;runs_random.mat	August-14-2025_10-39-06_AM__Subject_is_SUBC55-Session2-2025AUG14__sequence_of_stimuli_for_fMRI_number_3_is_3   1   7   8   9   4  12  11   6   2  10   5.mat	unique_scan_info;unique_fMRI_N;discarded_dated_seq_secondary_to_fMRI_N;unique_runs_random	high
sub-054	ses-02	04	August-14-2025_10-48-19_AM__scan_info_for_subject_SUBC55-Session2-2025AUG14__selected_run_is_5__fmri_number_is4.mat;fMRI_4.mat;runs_random.mat	August-14-2025_10-44-29_AM__Subject_is_SUBC55-Session2-2025AUG14__sequence_of_stimuli_for_fMRI_number_4_is_12   3  10   6  11   7   1   2   5   8   9   4.mat	unique_scan_info;unique_fMRI_N;discarded_dated_seq_secondary_to_fMRI_N;unique_runs_random	high
sub-054	ses-02	05	runs_random.mat		unique_runs_random;insufficient_for_events	low
sub-054	ses-02	06	runs_random.mat		unique_runs_random;insufficient_for_events	low
sub-055	ses-01	01	May-15-2025_ 1-47-53_PM__scan_info_for_subject_SUBC56_SESSION01__selected_run_is_1__fmri_number_is1.mat;fMRI_1.mat;runs_random.mat	May-15-2025_ 1-43-16_PM__Subject_is_SUBC56_SESSION01__sequence_of_stimuli_for_fMRI_number_1_is_11   6  10  12   1   5   9   2   4   7   3   8.mat	unique_scan_info;unique_fMRI_N;discarded_dated_seq_secondary_to_fMRI_N;unique_runs_random	high
sub-055	ses-01	02	May-15-2025_ 1-52-07_PM__scan_info_for_subject_SUBC56_SESSION01__selected_run_is_4__fmri_number_is2.mat;fMRI_2.mat;runs_random.mat	May-15-2025_ 1-48-16_PM__Subject_is_SUBC56_SESSION01__sequence_of_stimuli_for_fMRI_number_2_is_6   9  10   3   7   5   1  12   8   4   2  11.mat	unique_scan_info;unique_fMRI_N;discarded_dated_seq_secondary_to_fMRI_N;unique_runs_random	high
sub-055	ses-01	01	May-15-2025_ 1-47-53_PM__scan_info_for_subject_SUBC56_SESSION01__selected_run_is_1__fmri_number_is1.mat;fMRI_1.mat;runs_random.mat	May-15-2025_ 1-43-16_PM__Subject_is_SUBC56_SESSION01__sequence_of_stimuli_for_fMRI_number_1_is_11   6  10  12   1   5   9   2   4   7   3   8.mat	unique_scan_info;unique_fMRI_N;discarded_dated_seq_secondary_to_fMRI_N;unique_runs_random	high
sub-055	ses-01	02	May-15-2025_ 1-52-07_PM__scan_info_for_subject_SUBC56_SESSION01__selected_run_is_4__fmri_number_is2.mat;fMRI_2.mat;runs_random.mat	May-15-2025_ 1-48-16_PM__Subject_is_SUBC56_SESSION01__sequence_of_stimuli_for_fMRI_number_2_is_6   9  10   3   7   5   1  12   8   4   2  11.mat	unique_scan_info;unique_fMRI_N;discarded_dated_seq_secondary_to_fMRI_N;unique_runs_random	high
sub-055	ses-01	03	May-15-2025_ 1-57-11_PM__scan_info_for_subject_SUBC56_SESSION01__selected_run_is_2__fmri_number_is3.mat;fMRI_3.mat;runs_random.mat	May-15-2025_ 1-52-36_PM__Subject_is_SUBC56_SESSION01__sequence_of_stimuli_for_fMRI_number_3_is_3   1   7   8   9   4  12  11   6   2  10   5.mat	unique_scan_info;unique_fMRI_N;discarded_dated_seq_secondary_to_fMRI_N;unique_runs_random	high
sub-055	ses-01	04	May-15-2025_ 2-01-23_PM__scan_info_for_subject_SUBC56_SESSION01__selected_run_is_5__fmri_number_is4.mat;fMRI_4.mat;runs_random.mat	May-15-2025_ 1-57-33_PM__Subject_is_SUBC56_SESSION01__sequence_of_stimuli_for_fMRI_number_4_is_12   3  10   6  11   7   1   2   5   8   9   4.mat	unique_scan_info;unique_fMRI_N;discarded_dated_seq_secondary_to_fMRI_N;unique_runs_random	high
sub-055	ses-01	05	runs_random.mat		unique_runs_random;insufficient_for_events	low
sub-055	ses-01	06	runs_random.mat		unique_runs_random;insufficient_for_events	low
sub-055	ses-01	07	runs_random.mat		unique_runs_random;insufficient_for_events	low
sub-055	ses-01	08	runs_random.mat		unique_runs_random;insufficient_for_events	low
sub-056	ses-01	01	August-11-2025_ 2-30-21_PM__scan_info_for_subject_SUBC57_session1_2024AUG11__selected_run_is_1__fmri_number_is1.mat;fMRI_1.mat;runs_random.mat	August-11-2025_ 2-21-32_PM__Subject_is_SUBC57_session1_2024AUG11__sequence_of_stimuli_for_fMRI_number_1_is_11   6  10  12   1   5   9   2   4   7   3   8.mat	unique_scan_info;unique_fMRI_N;discarded_dated_seq_secondary_to_fMRI_N;unique_runs_random	high
sub-056	ses-01	02	August-11-2025_ 2-38-06_PM__scan_info_for_subject_SUBC57_session1_2024AUG11__selected_run_is_4__fmri_number_is2.mat;fMRI_2.mat;runs_random.mat	August-11-2025_ 2-34-17_PM__Subject_is_SUBC57_session1_2024AUG11__sequence_of_stimuli_for_fMRI_number_2_is_6   9  10   3   7   5   1  12   8   4   2  11.mat	unique_scan_info;unique_fMRI_N;discarded_dated_seq_secondary_to_fMRI_N;unique_runs_random	high
sub-056	ses-01	03	August-11-2025_ 2-42-15_PM__scan_info_for_subject_SUBC57_session1_2024AUG11__selected_run_is_2__fmri_number_is3.mat;fMRI_3.mat;runs_random.mat	August-11-2025_ 2-38-17_PM__Subject_is_SUBC57_session1_2024AUG11__sequence_of_stimuli_for_fMRI_number_3_is_3   1   7   8   9   4  12  11   6   2  10   5.mat	unique_scan_info;unique_fMRI_N;discarded_dated_seq_secondary_to_fMRI_N;unique_runs_random	high
sub-056	ses-01	04	August-11-2025_ 2-46-15_PM__scan_info_for_subject_SUBC57_session1_2024AUG11__selected_run_is_5__fmri_number_is4.mat;fMRI_4.mat;runs_random.mat	August-11-2025_ 2-42-25_PM__Subject_is_SUBC57_session1_2024AUG11__sequence_of_stimuli_for_fMRI_number_4_is_12   3  10   6  11   7   1   2   5   8   9   4.mat	unique_scan_info;unique_fMRI_N;discarded_dated_seq_secondary_to_fMRI_N;unique_runs_random	high
sub-056	ses-01	05	runs_random.mat		unique_runs_random;insufficient_for_events	low
sub-056	ses-01	06	runs_random.mat		unique_runs_random;insufficient_for_events	low
sub-056	ses-01	07	runs_random.mat		unique_runs_random;insufficient_for_events	low
sub-056	ses-01	08	runs_random.mat		unique_runs_random;insufficient_for_events	low
sub-056	ses-01	01	August-11-2025_ 2-30-21_PM__scan_info_for_subject_SUBC57_session1_2024AUG11__selected_run_is_1__fmri_number_is1.mat;fMRI_1.mat;runs_random.mat	August-11-2025_ 2-21-32_PM__Subject_is_SUBC57_session1_2024AUG11__sequence_of_stimuli_for_fMRI_number_1_is_11   6  10  12   1   5   9   2   4   7   3   8.mat	unique_scan_info;unique_fMRI_N;discarded_dated_seq_secondary_to_fMRI_N;unique_runs_random	high
sub-056	ses-01	02	August-11-2025_ 2-38-06_PM__scan_info_for_subject_SUBC57_session1_2024AUG11__selected_run_is_4__fmri_number_is2.mat;fMRI_2.mat;runs_random.mat	August-11-2025_ 2-34-17_PM__Subject_is_SUBC57_session1_2024AUG11__sequence_of_stimuli_for_fMRI_number_2_is_6   9  10   3   7   5   1  12   8   4   2  11.mat	unique_scan_info;unique_fMRI_N;discarded_dated_seq_secondary_to_fMRI_N;unique_runs_random	high
sub-056	ses-01	03	August-11-2025_ 2-42-15_PM__scan_info_for_subject_SUBC57_session1_2024AUG11__selected_run_is_2__fmri_number_is3.mat;fMRI_3.mat;runs_random.mat	August-11-2025_ 2-38-17_PM__Subject_is_SUBC57_session1_2024AUG11__sequence_of_stimuli_for_fMRI_number_3_is_3   1   7   8   9   4  12  11   6   2  10   5.mat	unique_scan_info;unique_fMRI_N;discarded_dated_seq_secondary_to_fMRI_N;unique_runs_random	high
sub-056	ses-01	04	August-11-2025_ 2-46-15_PM__scan_info_for_subject_SUBC57_session1_2024AUG11__selected_run_is_5__fmri_number_is4.mat;fMRI_4.mat;runs_random.mat	August-11-2025_ 2-42-25_PM__Subject_is_SUBC57_session1_2024AUG11__sequence_of_stimuli_for_fMRI_number_4_is_12   3  10   6  11   7   1   2   5   8   9   4.mat	unique_scan_info;unique_fMRI_N;discarded_dated_seq_secondary_to_fMRI_N;unique_runs_random	high
sub-056	ses-01	05	runs_random.mat		unique_runs_random;insufficient_for_events	low
sub-056	ses-01	06	runs_random.mat		unique_runs_random;insufficient_for_events	low
sub-057	ses-01	01	May-28-2024_ 5-04-08_PM__scan_info_for_subject_SUBON01-Session1-2024May28__selected_run_is_1__fmri_number_is1.mat;fMRI_1.mat;runs_random.mat	May-28-2024_ 4-57-35_PM__Subject_is_SUBON01-Session1-2024May28__sequence_of_stimuli_for_fMRI_number_1_is_11   6  10  12   1   5   9   2   4   7   3   8.mat	unique_scan_info;unique_fMRI_N;discarded_dated_seq_secondary_to_fMRI_N;unique_runs_random	high
sub-057	ses-01	02	May-28-2024_ 5-08-18_PM__scan_info_for_subject_SUBON01__selected_run_is_4__fmri_number_is2.mat;fMRI_2.mat;runs_random.mat	May-28-2024_ 5-04-26_PM__Subject_is_SUBON01__sequence_of_stimuli_for_fMRI_number_2_is_6   9  10   3   7   5   1  12   8   4   2  11.mat	unique_scan_info;unique_fMRI_N;discarded_dated_seq_secondary_to_fMRI_N;unique_runs_random	high
sub-057	ses-01	01	May-28-2024_ 5-04-08_PM__scan_info_for_subject_SUBON01-Session1-2024May28__selected_run_is_1__fmri_number_is1.mat;fMRI_1.mat;runs_random.mat	May-28-2024_ 4-57-35_PM__Subject_is_SUBON01-Session1-2024May28__sequence_of_stimuli_for_fMRI_number_1_is_11   6  10  12   1   5   9   2   4   7   3   8.mat	unique_scan_info;unique_fMRI_N;discarded_dated_seq_secondary_to_fMRI_N;unique_runs_random	high
sub-057	ses-01	02	May-28-2024_ 5-08-18_PM__scan_info_for_subject_SUBON01__selected_run_is_4__fmri_number_is2.mat;fMRI_2.mat;runs_random.mat	May-28-2024_ 5-04-26_PM__Subject_is_SUBON01__sequence_of_stimuli_for_fMRI_number_2_is_6   9  10   3   7   5   1  12   8   4   2  11.mat	unique_scan_info;unique_fMRI_N;discarded_dated_seq_secondary_to_fMRI_N;unique_runs_random	high
sub-057	ses-01	03	May-28-2024_ 5-13-43_PM__scan_info_for_subject_SUBON1__selected_run_is_2__fmri_number_is3.mat;fMRI_3.mat;runs_random.mat	May-28-2024_ 5-08-35_PM__Subject_is_SUBON1__sequence_of_stimuli_for_fMRI_number_3_is_3   1   7   8   9   4  12  11   6   2  10   5.mat	unique_scan_info;unique_fMRI_N;discarded_dated_seq_secondary_to_fMRI_N;unique_runs_random	high
sub-057	ses-01	04	May-28-2024_ 5-17-54_PM__scan_info_for_subject_SUBON1__selected_run_is_5__fmri_number_is4.mat;fMRI_4.mat;runs_random.mat	May-28-2024_ 5-13-52_PM__Subject_is_SUBON1__sequence_of_stimuli_for_fMRI_number_4_is_12   3  10   6  11   7   1   2   5   8   9   4.mat	unique_scan_info;unique_fMRI_N;discarded_dated_seq_secondary_to_fMRI_N;unique_runs_random	high
sub-057	ses-01	05	runs_random.mat		unique_runs_random;insufficient_for_events	low
sub-057	ses-01	06	runs_random.mat		unique_runs_random;insufficient_for_events	low
sub-057	ses-01	03	May-28-2024_ 5-13-43_PM__scan_info_for_subject_SUBON1__selected_run_is_2__fmri_number_is3.mat;fMRI_3.mat;runs_random.mat	May-28-2024_ 5-08-35_PM__Subject_is_SUBON1__sequence_of_stimuli_for_fMRI_number_3_is_3   1   7   8   9   4  12  11   6   2  10   5.mat	unique_scan_info;unique_fMRI_N;discarded_dated_seq_secondary_to_fMRI_N;unique_runs_random	high
sub-057	ses-01	04	May-28-2024_ 5-17-54_PM__scan_info_for_subject_SUBON1__selected_run_is_5__fmri_number_is4.mat;fMRI_4.mat;runs_random.mat	May-28-2024_ 5-13-52_PM__Subject_is_SUBON1__sequence_of_stimuli_for_fMRI_number_4_is_12   3  10   6  11   7   1   2   5   8   9   4.mat	unique_scan_info;unique_fMRI_N;discarded_dated_seq_secondary_to_fMRI_N;unique_runs_random	high
sub-057	ses-01	05	runs_random.mat		unique_runs_random;insufficient_for_events	low
sub-057	ses-01	06	runs_random.mat		unique_runs_random;insufficient_for_events	low
sub-057	ses-01	07	runs_random.mat		unique_runs_random;insufficient_for_events	low
sub-057	ses-01	08	runs_random.mat		unique_runs_random;insufficient_for_events	low
sub-057	ses-02	01	December-13-2024_ 2-44-09_PM__scan_info_for_subject_SUBON1-Session2-2024DEC13__selected_run_is_1__fmri_number_is1.mat;fMRI_1.mat;runs_random.mat	December-13-2024_ 2-36-23_PM__Subject_is_SUBON1-Session2-2024DEC13__sequence_of_stimuli_for_fMRI_number_1_is_11   6  10  12   1   5   9   2   4   7   3   8.mat	unique_scan_info;unique_fMRI_N;discarded_dated_seq_secondary_to_fMRI_N;unique_runs_random	high
sub-057	ses-02	02	December-13-2024_ 2-49-28_PM__scan_info_for_subject_SUBON1-Session2-2024DEC13__selected_run_is_4__fmri_number_is2.mat;fMRI_2.mat;runs_random.mat	December-13-2024_ 2-44-21_PM__Subject_is_SUBON1-Session2-2024DEC13__sequence_of_stimuli_for_fMRI_number_2_is_6   9  10   3   7   5   1  12   8   4   2  11.mat	unique_scan_info;unique_fMRI_N;discarded_dated_seq_secondary_to_fMRI_N;unique_runs_random	high
sub-057	ses-02	01	December-13-2024_ 2-44-09_PM__scan_info_for_subject_SUBON1-Session2-2024DEC13__selected_run_is_1__fmri_number_is1.mat;fMRI_1.mat;runs_random.mat	December-13-2024_ 2-36-23_PM__Subject_is_SUBON1-Session2-2024DEC13__sequence_of_stimuli_for_fMRI_number_1_is_11   6  10  12   1   5   9   2   4   7   3   8.mat	unique_scan_info;unique_fMRI_N;discarded_dated_seq_secondary_to_fMRI_N;unique_runs_random	high
sub-057	ses-02	02	December-13-2024_ 2-49-28_PM__scan_info_for_subject_SUBON1-Session2-2024DEC13__selected_run_is_4__fmri_number_is2.mat;fMRI_2.mat;runs_random.mat	December-13-2024_ 2-44-21_PM__Subject_is_SUBON1-Session2-2024DEC13__sequence_of_stimuli_for_fMRI_number_2_is_6   9  10   3   7   5   1  12   8   4   2  11.mat	unique_scan_info;unique_fMRI_N;discarded_dated_seq_secondary_to_fMRI_N;unique_runs_random	high
sub-057	ses-02	03	December-13-2024_ 2-55-11_PM__scan_info_for_subject_SUBON1-Session2-2024DEC13__selected_run_is_2__fmri_number_is3.mat;fMRI_3.mat;runs_random.mat	December-13-2024_ 2-49-38_PM__Subject_is_SUBON1-Session2-2024DEC13__sequence_of_stimuli_for_fMRI_number_3_is_3   1   7   8   9   4  12  11   6   2  10   5.mat	unique_scan_info;unique_fMRI_N;discarded_dated_seq_secondary_to_fMRI_N;unique_runs_random	high
sub-057	ses-02	04	December-13-2024_ 2-59-43_PM__scan_info_for_subject_SUBON1-Session2-2024DEC13__selected_run_is_5__fmri_number_is4.mat;fMRI_4.mat;runs_random.mat	December-13-2024_ 2-55-20_PM__Subject_is_SUBON1-Session2-2024DEC13__sequence_of_stimuli_for_fMRI_number_4_is_12   3  10   6  11   7   1   2   5   8   9   4.mat	unique_scan_info;unique_fMRI_N;discarded_dated_seq_secondary_to_fMRI_N;unique_runs_random	high
sub-057	ses-02	05	runs_random.mat		unique_runs_random;insufficient_for_events	low
sub-057	ses-02	06	runs_random.mat		unique_runs_random;insufficient_for_events	low
sub-057	ses-02	03	December-13-2024_ 2-55-11_PM__scan_info_for_subject_SUBON1-Session2-2024DEC13__selected_run_is_2__fmri_number_is3.mat;fMRI_3.mat;runs_random.mat	December-13-2024_ 2-49-38_PM__Subject_is_SUBON1-Session2-2024DEC13__sequence_of_stimuli_for_fMRI_number_3_is_3   1   7   8   9   4  12  11   6   2  10   5.mat	unique_scan_info;unique_fMRI_N;discarded_dated_seq_secondary_to_fMRI_N;unique_runs_random	high
sub-057	ses-02	04	December-13-2024_ 2-59-43_PM__scan_info_for_subject_SUBON1-Session2-2024DEC13__selected_run_is_5__fmri_number_is4.mat;fMRI_4.mat;runs_random.mat	December-13-2024_ 2-55-20_PM__Subject_is_SUBON1-Session2-2024DEC13__sequence_of_stimuli_for_fMRI_number_4_is_12   3  10   6  11   7   1   2   5   8   9   4.mat	unique_scan_info;unique_fMRI_N;discarded_dated_seq_secondary_to_fMRI_N;unique_runs_random	high
sub-057	ses-02	05	runs_random.mat		unique_runs_random;insufficient_for_events	low
sub-057	ses-02	06	runs_random.mat		unique_runs_random;insufficient_for_events	low
sub-057	ses-02	07	runs_random.mat		unique_runs_random;insufficient_for_events	low
sub-057	ses-02	08	runs_random.mat		unique_runs_random;insufficient_for_events	low
sub-058	ses-01	01	February-26-2025_ 9-47-00_AM__scan_info_for_subject_SUBON2-SCAN1__selected_run_is_1__fmri_number_is1.mat;fMRI_1.mat;runs_random.mat	February-26-2025_ 9-41-14_AM__Subject_is_SUBON2-SCAN2__sequence_of_stimuli_for_fMRI_number_1_is_11   6  10  12   1   5   9   2   4   7   3   8.mat	unique_scan_info;unique_fMRI_N;discarded_dated_seq_secondary_to_fMRI_N;unique_runs_random	high
sub-058	ses-01	02	February-26-2025_ 9-51-25_AM__scan_info_for_subject_SUBON2-SCAN1__selected_run_is_4__fmri_number_is2.mat;fMRI_2.mat;runs_random.mat	February-26-2025_ 9-47-35_AM__Subject_is_SUBON2-SCAN2__sequence_of_stimuli_for_fMRI_number_2_is_6   9  10   3   7   5   1  12   8   4   2  11.mat	unique_scan_info;unique_fMRI_N;discarded_dated_seq_secondary_to_fMRI_N;unique_runs_random	high
sub-058	ses-01	01	February-26-2025_ 9-47-00_AM__scan_info_for_subject_SUBON2-SCAN1__selected_run_is_1__fmri_number_is1.mat;fMRI_1.mat;runs_random.mat	February-26-2025_ 9-41-14_AM__Subject_is_SUBON2-SCAN2__sequence_of_stimuli_for_fMRI_number_1_is_11   6  10  12   1   5   9   2   4   7   3   8.mat	unique_scan_info;unique_fMRI_N;discarded_dated_seq_secondary_to_fMRI_N;unique_runs_random	high
sub-058	ses-01	02	February-26-2025_ 9-51-25_AM__scan_info_for_subject_SUBON2-SCAN1__selected_run_is_4__fmri_number_is2.mat;fMRI_2.mat;runs_random.mat	February-26-2025_ 9-47-35_AM__Subject_is_SUBON2-SCAN2__sequence_of_stimuli_for_fMRI_number_2_is_6   9  10   3   7   5   1  12   8   4   2  11.mat	unique_scan_info;unique_fMRI_N;discarded_dated_seq_secondary_to_fMRI_N;unique_runs_random	high
sub-058	ses-01	03	February-26-2025_ 9-56-49_AM__scan_info_for_subject_SUBON2-SCAN1__selected_run_is_2__fmri_number_is3.mat;fMRI_3.mat;runs_random.mat	February-26-2025_ 9-52-55_AM__Subject_is_SUBON2-SCAN2__sequence_of_stimuli_for_fMRI_number_3_is_3   1   7   8   9   4  12  11   6   2  10   5.mat	unique_scan_info;unique_fMRI_N;discarded_dated_seq_secondary_to_fMRI_N;unique_runs_random	high
sub-058	ses-01	04	February-26-2025_10-01-08_AM__scan_info_for_subject_SUBON2-SCAN1__selected_run_is_5__fmri_number_is4.mat;fMRI_4.mat;runs_random.mat	February-26-2025_ 9-57-18_AM__Subject_is_SUBON2-SCAN1__sequence_of_stimuli_for_fMRI_number_4_is_12   3  10   6  11   7   1   2   5   8   9   4.mat	unique_scan_info;unique_fMRI_N;discarded_dated_seq_secondary_to_fMRI_N;unique_runs_random	high
sub-058	ses-01	05	runs_random.mat		unique_runs_random;insufficient_for_events	low
sub-058	ses-01	06	runs_random.mat		unique_runs_random;insufficient_for_events	low
sub-058	ses-01	03	February-26-2025_ 9-56-49_AM__scan_info_for_subject_SUBON2-SCAN1__selected_run_is_2__fmri_number_is3.mat;fMRI_3.mat;runs_random.mat	February-26-2025_ 9-52-55_AM__Subject_is_SUBON2-SCAN2__sequence_of_stimuli_for_fMRI_number_3_is_3   1   7   8   9   4  12  11   6   2  10   5.mat	unique_scan_info;unique_fMRI_N;discarded_dated_seq_secondary_to_fMRI_N;unique_runs_random	high
sub-058	ses-01	04	February-26-2025_10-01-08_AM__scan_info_for_subject_SUBON2-SCAN1__selected_run_is_5__fmri_number_is4.mat;fMRI_4.mat;runs_random.mat	February-26-2025_ 9-57-18_AM__Subject_is_SUBON2-SCAN1__sequence_of_stimuli_for_fMRI_number_4_is_12   3  10   6  11   7   1   2   5   8   9   4.mat	unique_scan_info;unique_fMRI_N;discarded_dated_seq_secondary_to_fMRI_N;unique_runs_random	high
sub-058	ses-01	05	runs_random.mat		unique_runs_random;insufficient_for_events	low
sub-058	ses-01	06	runs_random.mat		unique_runs_random;insufficient_for_events	low
sub-058	ses-01	07	runs_random.mat		unique_runs_random;insufficient_for_events	low
sub-058	ses-01	08	runs_random.mat		unique_runs_random;insufficient_for_events	low
sub-059	ses-01	01	May-03-2025_10-09-16_AM__scan_info_for_subject_SUBON03-Session1-2025MAY03__selected_run_is_1__fmri_number_is1.mat;fMRI_1.mat;runs_random.mat	May-03-2025_10-04-20_AM__Subject_is_SUBON03-Session1-2025MAY03__sequence_of_stimuli_for_fMRI_number_1_is_11   6  10  12   1   5   9   2   4   7   3   8.mat	unique_scan_info;unique_fMRI_N;discarded_dated_seq_secondary_to_fMRI_N;unique_runs_random	high
sub-059	ses-01	02	May-03-2025_10-13-25_AM__scan_info_for_subject_SUBON03-Session1-2025MAY03__selected_run_is_4__fmri_number_is2.mat;fMRI_2.mat;runs_random.mat	May-03-2025_10-09-25_AM__Subject_is_SUBON03-Session1-2025MAY03__sequence_of_stimuli_for_fMRI_number_2_is_6   9  10   3   7   5   1  12   8   4   2  11.mat	unique_scan_info;unique_fMRI_N;discarded_dated_seq_secondary_to_fMRI_N;unique_runs_random	high
sub-059	ses-01	01	May-03-2025_10-09-16_AM__scan_info_for_subject_SUBON03-Session1-2025MAY03__selected_run_is_1__fmri_number_is1.mat;fMRI_1.mat;runs_random.mat	May-03-2025_10-04-20_AM__Subject_is_SUBON03-Session1-2025MAY03__sequence_of_stimuli_for_fMRI_number_1_is_11   6  10  12   1   5   9   2   4   7   3   8.mat	unique_scan_info;unique_fMRI_N;discarded_dated_seq_secondary_to_fMRI_N;unique_runs_random	high
sub-059	ses-01	02	May-03-2025_10-13-25_AM__scan_info_for_subject_SUBON03-Session1-2025MAY03__selected_run_is_4__fmri_number_is2.mat;fMRI_2.mat;runs_random.mat	May-03-2025_10-09-25_AM__Subject_is_SUBON03-Session1-2025MAY03__sequence_of_stimuli_for_fMRI_number_2_is_6   9  10   3   7   5   1  12   8   4   2  11.mat	unique_scan_info;unique_fMRI_N;discarded_dated_seq_secondary_to_fMRI_N;unique_runs_random	high
sub-059	ses-01	03	May-03-2025_10-18-55_AM__scan_info_for_subject_SUBON03-Session1-2025MAY03__selected_run_is_2__fmri_number_is3.mat;fMRI_3.mat;runs_random.mat	May-03-2025_10-15-05_AM__Subject_is_SUBON03-Session1-2025MAY03__sequence_of_stimuli_for_fMRI_number_3_is_3   1   7   8   9   4  12  11   6   2  10   5.mat	unique_scan_info;unique_fMRI_N;discarded_dated_seq_secondary_to_fMRI_N;unique_runs_random	high
sub-059	ses-01	04	May-03-2025_10-23-02_AM__scan_info_for_subject_SUBON03-Session1-2025MAY03__selected_run_is_5__fmri_number_is4.mat;fMRI_4.mat;runs_random.mat	May-03-2025_10-19-06_AM__Subject_is_SUBON03-Session1-2025MAY03__sequence_of_stimuli_for_fMRI_number_4_is_12   3  10   6  11   7   1   2   5   8   9   4.mat	unique_scan_info;unique_fMRI_N;discarded_dated_seq_secondary_to_fMRI_N;unique_runs_random	high
sub-059	ses-01	05	runs_random.mat		unique_runs_random;insufficient_for_events	low
sub-059	ses-01	06	runs_random.mat		unique_runs_random;insufficient_for_events	low
sub-059	ses-01	03	May-03-2025_10-18-55_AM__scan_info_for_subject_SUBON03-Session1-2025MAY03__selected_run_is_2__fmri_number_is3.mat;fMRI_3.mat;runs_random.mat	May-03-2025_10-15-05_AM__Subject_is_SUBON03-Session1-2025MAY03__sequence_of_stimuli_for_fMRI_number_3_is_3   1   7   8   9   4  12  11   6   2  10   5.mat	unique_scan_info;unique_fMRI_N;discarded_dated_seq_secondary_to_fMRI_N;unique_runs_random	high
sub-059	ses-01	04	May-03-2025_10-23-02_AM__scan_info_for_subject_SUBON03-Session1-2025MAY03__selected_run_is_5__fmri_number_is4.mat;fMRI_4.mat;runs_random.mat	May-03-2025_10-19-06_AM__Subject_is_SUBON03-Session1-2025MAY03__sequence_of_stimuli_for_fMRI_number_4_is_12   3  10   6  11   7   1   2   5   8   9   4.mat	unique_scan_info;unique_fMRI_N;discarded_dated_seq_secondary_to_fMRI_N;unique_runs_random	high
sub-059	ses-01	05	runs_random.mat		unique_runs_random;insufficient_for_events	low
sub-059	ses-01	06	runs_random.mat		unique_runs_random;insufficient_for_events	low
sub-059	ses-01	07	runs_random.mat		unique_runs_random;insufficient_for_events	low
sub-059	ses-01	08	runs_random.mat		unique_runs_random;insufficient_for_events	low
sub-060	ses-01	01	May-17-2025_11-46-30_AM__scan_info_for_subject_SUBON04-SESSION1__selected_run_is_1__fmri_number_is1.mat;fMRI_1.mat;runs_random.mat	May-17-2025_11-41-12_AM__Subject_is_SUBON04-SESSION1__sequence_of_stimuli_for_fMRI_number_1_is_11   6  10  12   1   5   9   2   4   7   3   8.mat	unique_scan_info;unique_fMRI_N;discarded_dated_seq_secondary_to_fMRI_N;unique_runs_random	high
sub-060	ses-01	02	May-17-2025_11-51-33_AM__scan_info_for_subject_SUBON04-SESSION1__selected_run_is_4__fmri_number_is2.mat;fMRI_2.mat;runs_random.mat	May-17-2025_11-47-41_AM__Subject_is_SUBON04-SESSION1__sequence_of_stimuli_for_fMRI_number_2_is_6   9  10   3   7   5   1  12   8   4   2  11.mat	unique_scan_info;unique_fMRI_N;discarded_dated_seq_secondary_to_fMRI_N;unique_runs_random	high
sub-060	ses-01	01	May-17-2025_11-46-30_AM__scan_info_for_subject_SUBON04-SESSION1__selected_run_is_1__fmri_number_is1.mat;fMRI_1.mat;runs_random.mat	May-17-2025_11-41-12_AM__Subject_is_SUBON04-SESSION1__sequence_of_stimuli_for_fMRI_number_1_is_11   6  10  12   1   5   9   2   4   7   3   8.mat	unique_scan_info;unique_fMRI_N;discarded_dated_seq_secondary_to_fMRI_N;unique_runs_random	high
sub-060	ses-01	02	May-17-2025_11-51-33_AM__scan_info_for_subject_SUBON04-SESSION1__selected_run_is_4__fmri_number_is2.mat;fMRI_2.mat;runs_random.mat	May-17-2025_11-47-41_AM__Subject_is_SUBON04-SESSION1__sequence_of_stimuli_for_fMRI_number_2_is_6   9  10   3   7   5   1  12   8   4   2  11.mat	unique_scan_info;unique_fMRI_N;discarded_dated_seq_secondary_to_fMRI_N;unique_runs_random	high
sub-060	ses-01	03	May-17-2025_11-56-36_AM__scan_info_for_subject_SUBON04-SESSION1__selected_run_is_2__fmri_number_is3.mat;fMRI_3.mat;runs_random.mat	May-17-2025_11-52-47_AM__Subject_is_SUBON04-SESSION1__sequence_of_stimuli_for_fMRI_number_3_is_3   1   7   8   9   4  12  11   6   2  10   5.mat	unique_scan_info;unique_fMRI_N;discarded_dated_seq_secondary_to_fMRI_N;unique_runs_random	high
sub-060	ses-01	04	May-17-2025_12-00-44_PM__scan_info_for_subject_SUBON04-SESSION1__selected_run_is_5__fmri_number_is4.mat;fMRI_4.mat;runs_random.mat	May-17-2025_11-56-47_AM__Subject_is_SUBON04-SESSION1__sequence_of_stimuli_for_fMRI_number_4_is_12   3  10   6  11   7   1   2   5   8   9   4.mat	unique_scan_info;unique_fMRI_N;discarded_dated_seq_secondary_to_fMRI_N;unique_runs_random	high
sub-060	ses-01	05	runs_random.mat		unique_runs_random;insufficient_for_events	low
sub-060	ses-01	06	runs_random.mat		unique_runs_random;insufficient_for_events	low
sub-060	ses-01	03	May-17-2025_11-56-36_AM__scan_info_for_subject_SUBON04-SESSION1__selected_run_is_2__fmri_number_is3.mat;fMRI_3.mat;runs_random.mat	May-17-2025_11-52-47_AM__Subject_is_SUBON04-SESSION1__sequence_of_stimuli_for_fMRI_number_3_is_3   1   7   8   9   4  12  11   6   2  10   5.mat	unique_scan_info;unique_fMRI_N;discarded_dated_seq_secondary_to_fMRI_N;unique_runs_random	high
sub-060	ses-01	04	May-17-2025_12-00-44_PM__scan_info_for_subject_SUBON04-SESSION1__selected_run_is_5__fmri_number_is4.mat;fMRI_4.mat;runs_random.mat	May-17-2025_11-56-47_AM__Subject_is_SUBON04-SESSION1__sequence_of_stimuli_for_fMRI_number_4_is_12   3  10   6  11   7   1   2   5   8   9   4.mat	unique_scan_info;unique_fMRI_N;discarded_dated_seq_secondary_to_fMRI_N;unique_runs_random	high
sub-060	ses-01	05	runs_random.mat		unique_runs_random;insufficient_for_events	low
sub-060	ses-01	06	runs_random.mat		unique_runs_random;insufficient_for_events	low
sub-060	ses-01	07	runs_random.mat		unique_runs_random;insufficient_for_events	low
sub-060	ses-01	08	runs_random.mat		unique_runs_random;insufficient_for_events	low
sub-061	ses-01	01	August-13-2025_ 3-59-48_PM__scan_info_for_subject_SUBON06_SESSION01_2025AUG13__selected_run_is_1__fmri_number_is1.mat;fMRI_1.mat;runs_random.mat	August-13-2025_ 3-44-45_PM__Subject_is_SUBON06_SESSION01_2025AUG13__sequence_of_stimuli_for_fMRI_number_1_is_11   6  10  12   1   5   9   2   4   7   3   8.mat	unique_scan_info;unique_fMRI_N;discarded_dated_seq_secondary_to_fMRI_N;unique_runs_random	high
sub-061	ses-01	01	August-13-2025_ 3-59-48_PM__scan_info_for_subject_SUBON06_SESSION01_2025AUG13__selected_run_is_1__fmri_number_is1.mat;fMRI_1.mat;runs_random.mat	August-13-2025_ 3-44-45_PM__Subject_is_SUBON06_SESSION01_2025AUG13__sequence_of_stimuli_for_fMRI_number_1_is_11   6  10  12   1   5   9   2   4   7   3   8.mat	unique_scan_info;unique_fMRI_N;discarded_dated_seq_secondary_to_fMRI_N;unique_runs_random	high
sub-061	ses-01	02	August-13-2025_ 4-04-02_PM__scan_info_for_subject_SUBON06_SESSION01_2025AUG13__selected_run_is_4__fmri_number_is2.mat;fMRI_2.mat;runs_random.mat	August-13-2025_ 4-00-12_PM__Subject_is_SUBON06_SESSION01_2025AUG13__sequence_of_stimuli_for_fMRI_number_2_is_6   9  10   3   7   5   1  12   8   4   2  11.mat	unique_scan_info;unique_fMRI_N;discarded_dated_seq_secondary_to_fMRI_N;unique_runs_random	high
sub-061	ses-01	03	August-13-2025_ 4-09-19_PM__scan_info_for_subject_SUBON06_SESSION01_2025AUG13__selected_run_is_2__fmri_number_is3.mat;fMRI_3.mat;runs_random.mat	August-13-2025_ 4-04-43_PM__Subject_is_SUBON06_SESSION01_2025AUG13__sequence_of_stimuli_for_fMRI_number_3_is_3   1   7   8   9   4  12  11   6   2  10   5.mat	unique_scan_info;unique_fMRI_N;discarded_dated_seq_secondary_to_fMRI_N;unique_runs_random	high
sub-061	ses-01	04	August-13-2025_ 4-13-31_PM__scan_info_for_subject_SUBON06_SESSION01_2025AUG13__selected_run_is_5__fmri_number_is4.mat;fMRI_4.mat;runs_random.mat	August-13-2025_ 4-09-41_PM__Subject_is_SUBON06_SESSION01_2025AUG13__sequence_of_stimuli_for_fMRI_number_4_is_12   3  10   6  11   7   1   2   5   8   9   4.mat	unique_scan_info;unique_fMRI_N;discarded_dated_seq_secondary_to_fMRI_N;unique_runs_random	high
sub-061	ses-01	05	August-13-2025_ 4-14-29_PM__scan_info_for_subject_SUBON06_SESSION01_2025AUG13__selected_run_is_3__fmri_number_is5.mat;fMRI_5.mat;runs_random.mat	August-13-2025_ 4-14-11_PM__Subject_is_SUBON06_SESSION01_2025AUG13__sequence_of_stimuli_for_fMRI_number_5_is_2   8   5   3   7  10   4   9   1   6  11  12.mat	unique_scan_info;unique_fMRI_N;discarded_dated_seq_secondary_to_fMRI_N;unique_runs_random	high
sub-061	ses-01	06	runs_random.mat		unique_runs_random;insufficient_for_events	low
sub-061	ses-01	07	runs_random.mat		unique_runs_random;insufficient_for_events	low
sub-061	ses-01	02	August-13-2025_ 4-04-02_PM__scan_info_for_subject_SUBON06_SESSION01_2025AUG13__selected_run_is_4__fmri_number_is2.mat;fMRI_2.mat;runs_random.mat	August-13-2025_ 4-00-12_PM__Subject_is_SUBON06_SESSION01_2025AUG13__sequence_of_stimuli_for_fMRI_number_2_is_6   9  10   3   7   5   1  12   8   4   2  11.mat	unique_scan_info;unique_fMRI_N;discarded_dated_seq_secondary_to_fMRI_N;unique_runs_random	high
sub-061	ses-01	08	runs_random.mat		unique_runs_random;insufficient_for_events	low
sub-061	ses-01	03	August-13-2025_ 4-09-19_PM__scan_info_for_subject_SUBON06_SESSION01_2025AUG13__selected_run_is_2__fmri_number_is3.mat;fMRI_3.mat;runs_random.mat	August-13-2025_ 4-04-43_PM__Subject_is_SUBON06_SESSION01_2025AUG13__sequence_of_stimuli_for_fMRI_number_3_is_3   1   7   8   9   4  12  11   6   2  10   5.mat	unique_scan_info;unique_fMRI_N;discarded_dated_seq_secondary_to_fMRI_N;unique_runs_random	high
sub-061	ses-01	09	runs_random.mat		unique_runs_random;insufficient_for_events	low
sub-061	ses-01	04	August-13-2025_ 4-13-31_PM__scan_info_for_subject_SUBON06_SESSION01_2025AUG13__selected_run_is_5__fmri_number_is4.mat;fMRI_4.mat;runs_random.mat	August-13-2025_ 4-09-41_PM__Subject_is_SUBON06_SESSION01_2025AUG13__sequence_of_stimuli_for_fMRI_number_4_is_12   3  10   6  11   7   1   2   5   8   9   4.mat	unique_scan_info;unique_fMRI_N;discarded_dated_seq_secondary_to_fMRI_N;unique_runs_random	high
sub-061	ses-01	10	runs_random.mat		unique_runs_random;insufficient_for_events	low
sub-061	ses-01	05	August-13-2025_ 4-14-29_PM__scan_info_for_subject_SUBON06_SESSION01_2025AUG13__selected_run_is_3__fmri_number_is5.mat;fMRI_5.mat;runs_random.mat	August-13-2025_ 4-14-11_PM__Subject_is_SUBON06_SESSION01_2025AUG13__sequence_of_stimuli_for_fMRI_number_5_is_2   8   5   3   7  10   4   9   1   6  11  12.mat	unique_scan_info;unique_fMRI_N;discarded_dated_seq_secondary_to_fMRI_N;unique_runs_random	high
sub-061	ses-01	06	runs_random.mat		unique_runs_random;insufficient_for_events	low
sub-062	ses-01	01	August-15-2025_ 4-10-16_PM__scan_info_for_subject_SUBON07_SESSION01__selected_run_is_1__fmri_number_is1.mat;fMRI_1.mat;runs_random.mat	August-15-2025_ 4-05-08_PM__Subject_is_SUBON07_SESSION01__sequence_of_stimuli_for_fMRI_number_1_is_11   6  10  12   1   5   9   2   4   7   3   8.mat	unique_scan_info;unique_fMRI_N;discarded_dated_seq_secondary_to_fMRI_N;unique_runs_random	high
sub-062	ses-01	02	August-15-2025_ 4-14-25_PM__scan_info_for_subject_SUBON07_SESSION01__selected_run_is_4__fmri_number_is2.mat;fMRI_2.mat;runs_random.mat	August-15-2025_ 4-10-36_PM__Subject_is_SUBON07_SESSION01__sequence_of_stimuli_for_fMRI_number_2_is_6   9  10   3   7   5   1  12   8   4   2  11.mat	unique_scan_info;unique_fMRI_N;discarded_dated_seq_secondary_to_fMRI_N;unique_runs_random	high
sub-062	ses-01	03	August-15-2025_ 4-19-12_PM__scan_info_for_subject_SUBON07_SESSION01__selected_run_is_2__fmri_number_is3.mat;fMRI_3.mat;runs_random.mat	August-15-2025_ 4-15-15_PM__Subject_is_SUBON07_SESSION01__sequence_of_stimuli_for_fMRI_number_3_is_3   1   7   8   9   4  12  11   6   2  10   5.mat	unique_scan_info;unique_fMRI_N;discarded_dated_seq_secondary_to_fMRI_N;unique_runs_random	high
sub-062	ses-01	04	August-15-2025_ 4-23-16_PM__scan_info_for_subject_SUBON07_SESSION01__selected_run_is_5__fmri_number_is4.mat;fMRI_4.mat;runs_random.mat	August-15-2025_ 4-19-21_PM__Subject_is_SUBON07_SESSION01__sequence_of_stimuli_for_fMRI_number_4_is_12   3  10   6  11   7   1   2   5   8   9   4.mat	unique_scan_info;unique_fMRI_N;discarded_dated_seq_secondary_to_fMRI_N;unique_runs_random	high
sub-062	ses-01	01	August-15-2025_ 4-10-16_PM__scan_info_for_subject_SUBON07_SESSION01__selected_run_is_1__fmri_number_is1.mat;fMRI_1.mat;runs_random.mat	August-15-2025_ 4-05-08_PM__Subject_is_SUBON07_SESSION01__sequence_of_stimuli_for_fMRI_number_1_is_11   6  10  12   1   5   9   2   4   7   3   8.mat	unique_scan_info;unique_fMRI_N;discarded_dated_seq_secondary_to_fMRI_N;unique_runs_random	high
sub-062	ses-01	02	August-15-2025_ 4-14-25_PM__scan_info_for_subject_SUBON07_SESSION01__selected_run_is_4__fmri_number_is2.mat;fMRI_2.mat;runs_random.mat	August-15-2025_ 4-10-36_PM__Subject_is_SUBON07_SESSION01__sequence_of_stimuli_for_fMRI_number_2_is_6   9  10   3   7   5   1  12   8   4   2  11.mat	unique_scan_info;unique_fMRI_N;discarded_dated_seq_secondary_to_fMRI_N;unique_runs_random	high
sub-062	ses-01	03	August-15-2025_ 4-19-12_PM__scan_info_for_subject_SUBON07_SESSION01__selected_run_is_2__fmri_number_is3.mat;fMRI_3.mat;runs_random.mat	August-15-2025_ 4-15-15_PM__Subject_is_SUBON07_SESSION01__sequence_of_stimuli_for_fMRI_number_3_is_3   1   7   8   9   4  12  11   6   2  10   5.mat	unique_scan_info;unique_fMRI_N;discarded_dated_seq_secondary_to_fMRI_N;unique_runs_random	high
sub-062	ses-01	04	August-15-2025_ 4-23-16_PM__scan_info_for_subject_SUBON07_SESSION01__selected_run_is_5__fmri_number_is4.mat;fMRI_4.mat;runs_random.mat	August-15-2025_ 4-19-21_PM__Subject_is_SUBON07_SESSION01__sequence_of_stimuli_for_fMRI_number_4_is_12   3  10   6  11   7   1   2   5   8   9   4.mat	unique_scan_info;unique_fMRI_N;discarded_dated_seq_secondary_to_fMRI_N;unique_runs_random	high
sub-062	ses-01	05	runs_random.mat		unique_runs_random;insufficient_for_events	low
sub-062	ses-01	06	runs_random.mat		unique_runs_random;insufficient_for_events	low
sub-062	ses-01	05	runs_random.mat		unique_runs_random;insufficient_for_events	low
sub-062	ses-01	06	runs_random.mat		unique_runs_random;insufficient_for_events	low
sub-062	ses-01	07	runs_random.mat		unique_runs_random;insufficient_for_events	low
sub-062	ses-01	08	runs_random.mat		unique_runs_random;insufficient_for_events	low
sub-063	ses-01	01			no_matching_sources	low
sub-063	ses-01	02			no_matching_sources	low
sub-063	ses-01	03			no_matching_sources	low
sub-063	ses-01	04			no_matching_sources	low
sub-064	ses-01	01	November-25-2023_11-24-12_AM__scan_info_for_subject_SUBT01__selected_run_is_1__fmri_number_is1.mat;fMRI_1.mat;runs_random.mat	November-25-2023_11-18-10_AM__Subject_is_SUBT01__sequence_of_stimuli_for_fMRI_number_1_is_11   6  10  12   1   5   9   2   4   7   3   8.mat	unique_scan_info;unique_fMRI_N;discarded_dated_seq_secondary_to_fMRI_N;unique_runs_random	high
sub-064	ses-01	02	November-25-2023_11-29-25_AM__scan_info_for_subject_SUBT02__selected_run_is_4__fmri_number_is2.mat;fMRI_2.mat;runs_random.mat	November-25-2023_11-24-30_AM__Subject_is_SUBT02__sequence_of_stimuli_for_fMRI_number_2_is_6   9  10   3   7   5   1  12   8   4   2  11.mat	unique_scan_info;unique_fMRI_N;discarded_dated_seq_secondary_to_fMRI_N;unique_runs_random	high
sub-064	ses-01	01	November-25-2023_11-24-12_AM__scan_info_for_subject_SUBT01__selected_run_is_1__fmri_number_is1.mat;fMRI_1.mat;runs_random.mat	November-25-2023_11-18-10_AM__Subject_is_SUBT01__sequence_of_stimuli_for_fMRI_number_1_is_11   6  10  12   1   5   9   2   4   7   3   8.mat	unique_scan_info;unique_fMRI_N;discarded_dated_seq_secondary_to_fMRI_N;unique_runs_random	high
sub-064	ses-01	02	November-25-2023_11-29-25_AM__scan_info_for_subject_SUBT02__selected_run_is_4__fmri_number_is2.mat;fMRI_2.mat;runs_random.mat	November-25-2023_11-24-30_AM__Subject_is_SUBT02__sequence_of_stimuli_for_fMRI_number_2_is_6   9  10   3   7   5   1  12   8   4   2  11.mat	unique_scan_info;unique_fMRI_N;discarded_dated_seq_secondary_to_fMRI_N;unique_runs_random	high
sub-064	ses-01	03	November-25-2023_11-34-08_AM__scan_info_for_subject_SUBT02__selected_run_is_2__fmri_number_is3.mat;fMRI_3.mat;runs_random.mat	November-25-2023_11-29-37_AM__Subject_is_SUBT02__sequence_of_stimuli_for_fMRI_number_3_is_3   1   7   8   9   4  12  11   6   2  10   5.mat	unique_scan_info;unique_fMRI_N;discarded_dated_seq_secondary_to_fMRI_N;unique_runs_random	high
sub-064	ses-01	04	November-25-2023_11-40-19_AM__scan_info_for_subject_SUBT02__selected_run_is_5__fmri_number_is4.mat;fMRI_4.mat;runs_random.mat	November-25-2023_11-34-30_AM__Subject_is_SUBT02__sequence_of_stimuli_for_fMRI_number_4_is_12   3  10   6  11   7   1   2   5   8   9   4.mat	unique_scan_info;unique_fMRI_N;discarded_dated_seq_secondary_to_fMRI_N;unique_runs_random	high
sub-064	ses-01	05	runs_random.mat		unique_runs_random;insufficient_for_events	low
sub-064	ses-01	06	runs_random.mat		unique_runs_random;insufficient_for_events	low
sub-064	ses-01	03	November-25-2023_11-34-08_AM__scan_info_for_subject_SUBT02__selected_run_is_2__fmri_number_is3.mat;fMRI_3.mat;runs_random.mat	November-25-2023_11-29-37_AM__Subject_is_SUBT02__sequence_of_stimuli_for_fMRI_number_3_is_3   1   7   8   9   4  12  11   6   2  10   5.mat	unique_scan_info;unique_fMRI_N;discarded_dated_seq_secondary_to_fMRI_N;unique_runs_random	high
sub-064	ses-01	04	November-25-2023_11-40-19_AM__scan_info_for_subject_SUBT02__selected_run_is_5__fmri_number_is4.mat;fMRI_4.mat;runs_random.mat	November-25-2023_11-34-30_AM__Subject_is_SUBT02__sequence_of_stimuli_for_fMRI_number_4_is_12   3  10   6  11   7   1   2   5   8   9   4.mat	unique_scan_info;unique_fMRI_N;discarded_dated_seq_secondary_to_fMRI_N;unique_runs_random	high
sub-064	ses-01	05	runs_random.mat		unique_runs_random;insufficient_for_events	low
sub-064	ses-01	06	runs_random.mat		unique_runs_random;insufficient_for_events	low
sub-064	ses-01	07	runs_random.mat		unique_runs_random;insufficient_for_events	low
sub-064	ses-01	08	runs_random.mat		unique_runs_random;insufficient_for_events	low
sub-064	ses-02	01	June-01-2024_ 2-56-14_PM__scan_info_for_subject_T01__selected_run_is_1__fmri_number_is1.mat;fMRI_1.mat;runs_random.mat	June-01-2024_ 2-50-36_PM__Subject_is_T01__sequence_of_stimuli_for_fMRI_number_1_is_11   6  10  12   1   5   9   2   4   7   3   8.mat	unique_scan_info;unique_fMRI_N;discarded_dated_seq_secondary_to_fMRI_N;unique_runs_random	high
sub-064	ses-02	02	June-01-2024_ 3-00-28_PM__scan_info_for_subject_T01__selected_run_is_4__fmri_number_is2.mat;fMRI_2.mat;runs_random.mat	June-01-2024_ 2-56-32_PM__Subject_is_T01__sequence_of_stimuli_for_fMRI_number_2_is_6   9  10   3   7   5   1  12   8   4   2  11.mat	unique_scan_info;unique_fMRI_N;discarded_dated_seq_secondary_to_fMRI_N;unique_runs_random	high
sub-064	ses-02	01	June-01-2024_ 2-56-14_PM__scan_info_for_subject_T01__selected_run_is_1__fmri_number_is1.mat;fMRI_1.mat;runs_random.mat	June-01-2024_ 2-50-36_PM__Subject_is_T01__sequence_of_stimuli_for_fMRI_number_1_is_11   6  10  12   1   5   9   2   4   7   3   8.mat	unique_scan_info;unique_fMRI_N;discarded_dated_seq_secondary_to_fMRI_N;unique_runs_random	high
sub-064	ses-02	02	June-01-2024_ 3-00-28_PM__scan_info_for_subject_T01__selected_run_is_4__fmri_number_is2.mat;fMRI_2.mat;runs_random.mat	June-01-2024_ 2-56-32_PM__Subject_is_T01__sequence_of_stimuli_for_fMRI_number_2_is_6   9  10   3   7   5   1  12   8   4   2  11.mat	unique_scan_info;unique_fMRI_N;discarded_dated_seq_secondary_to_fMRI_N;unique_runs_random	high
sub-064	ses-02	03	June-01-2024_ 3-06-02_PM__scan_info_for_subject_T01__selected_run_is_2__fmri_number_is3.mat;fMRI_3.mat;runs_random.mat	June-01-2024_ 3-02-10_PM__Subject_is_T01__sequence_of_stimuli_for_fMRI_number_3_is_3   1   7   8   9   4  12  11   6   2  10   5.mat	unique_scan_info;unique_fMRI_N;discarded_dated_seq_secondary_to_fMRI_N;unique_runs_random	high
sub-064	ses-02	04	June-01-2024_ 3-10-40_PM__scan_info_for_subject_T01__selected_run_is_5__fmri_number_is4.mat;fMRI_4.mat;runs_random.mat	June-01-2024_ 3-06-41_PM__Subject_is_T01__sequence_of_stimuli_for_fMRI_number_4_is_12   3  10   6  11   7   1   2   5   8   9   4.mat	unique_scan_info;unique_fMRI_N;discarded_dated_seq_secondary_to_fMRI_N;unique_runs_random	high
sub-064	ses-02	05	runs_random.mat		unique_runs_random;insufficient_for_events	low
sub-064	ses-02	06	runs_random.mat		unique_runs_random;insufficient_for_events	low
sub-064	ses-02	03	June-01-2024_ 3-06-02_PM__scan_info_for_subject_T01__selected_run_is_2__fmri_number_is3.mat;fMRI_3.mat;runs_random.mat	June-01-2024_ 3-02-10_PM__Subject_is_T01__sequence_of_stimuli_for_fMRI_number_3_is_3   1   7   8   9   4  12  11   6   2  10   5.mat	unique_scan_info;unique_fMRI_N;discarded_dated_seq_secondary_to_fMRI_N;unique_runs_random	high
sub-064	ses-02	04	June-01-2024_ 3-10-40_PM__scan_info_for_subject_T01__selected_run_is_5__fmri_number_is4.mat;fMRI_4.mat;runs_random.mat	June-01-2024_ 3-06-41_PM__Subject_is_T01__sequence_of_stimuli_for_fMRI_number_4_is_12   3  10   6  11   7   1   2   5   8   9   4.mat	unique_scan_info;unique_fMRI_N;discarded_dated_seq_secondary_to_fMRI_N;unique_runs_random	high
sub-064	ses-02	05	runs_random.mat		unique_runs_random;insufficient_for_events	low
sub-064	ses-02	06	runs_random.mat		unique_runs_random;insufficient_for_events	low
sub-064	ses-02	07	runs_random.mat		unique_runs_random;insufficient_for_events	low
sub-064	ses-02	08	runs_random.mat		unique_runs_random;insufficient_for_events	low
sub-065	ses-01	01	March-07-2025_10-58-42_AM__scan_info_for_subject_SUBTON02-Session1-2025MAR07__selected_run_is_1__fmri_number_is1.mat;fMRI_1.mat;runs_random.mat	March-07-2025_10-52-55_AM__Subject_is_SUBTON02-Session1-2025MAR07__sequence_of_stimuli_for_fMRI_number_1_is_11   6  10  12   1   5   9   2   4   7   3   8.mat	unique_scan_info;unique_fMRI_N;discarded_dated_seq_secondary_to_fMRI_N;unique_runs_random	high
sub-065	ses-01	02	March-07-2025_11-03-21_AM__scan_info_for_subject_SUBTON02-Session1-2025MAR07__selected_run_is_4__fmri_number_is2.mat;fMRI_2.mat;runs_random.mat	March-07-2025_10-59-00_AM__Subject_is_SUBTON02-Session1-2025MAR07__sequence_of_stimuli_for_fMRI_number_2_is_6   9  10   3   7   5   1  12   8   4   2  11.mat	unique_scan_info;unique_fMRI_N;discarded_dated_seq_secondary_to_fMRI_N;unique_runs_random	high
sub-065	ses-01	01	March-07-2025_10-58-42_AM__scan_info_for_subject_SUBTON02-Session1-2025MAR07__selected_run_is_1__fmri_number_is1.mat;fMRI_1.mat;runs_random.mat	March-07-2025_10-52-55_AM__Subject_is_SUBTON02-Session1-2025MAR07__sequence_of_stimuli_for_fMRI_number_1_is_11   6  10  12   1   5   9   2   4   7   3   8.mat	unique_scan_info;unique_fMRI_N;discarded_dated_seq_secondary_to_fMRI_N;unique_runs_random	high
sub-065	ses-01	02	March-07-2025_11-03-21_AM__scan_info_for_subject_SUBTON02-Session1-2025MAR07__selected_run_is_4__fmri_number_is2.mat;fMRI_2.mat;runs_random.mat	March-07-2025_10-59-00_AM__Subject_is_SUBTON02-Session1-2025MAR07__sequence_of_stimuli_for_fMRI_number_2_is_6   9  10   3   7   5   1  12   8   4   2  11.mat	unique_scan_info;unique_fMRI_N;discarded_dated_seq_secondary_to_fMRI_N;unique_runs_random	high
sub-065	ses-01	03	March-07-2025_11-09-02_AM__scan_info_for_subject_SUBTON02-Session1-2025MAR07__selected_run_is_2__fmri_number_is3.mat;fMRI_3.mat;runs_random.mat	March-07-2025_11-05-10_AM__Subject_is_SUBTON02-Session1-2025MAR07__sequence_of_stimuli_for_fMRI_number_3_is_3   1   7   8   9   4  12  11   6   2  10   5.mat	unique_scan_info;unique_fMRI_N;discarded_dated_seq_secondary_to_fMRI_N;unique_runs_random	high
sub-065	ses-01	04	March-07-2025_11-13-17_AM__scan_info_for_subject_SUBTON02-Session1-2025MAR07__selected_run_is_5__fmri_number_is4.mat;fMRI_4.mat;runs_random.mat	March-07-2025_11-09-12_AM__Subject_is_SUBTON02-Session1-2025MAR07__sequence_of_stimuli_for_fMRI_number_4_is_12   3  10   6  11   7   1   2   5   8   9   4.mat	unique_scan_info;unique_fMRI_N;discarded_dated_seq_secondary_to_fMRI_N;unique_runs_random	high
sub-065	ses-01	05	runs_random.mat		unique_runs_random;insufficient_for_events	low
sub-065	ses-01	06	runs_random.mat		unique_runs_random;insufficient_for_events	low
sub-065	ses-01	03	March-07-2025_11-09-02_AM__scan_info_for_subject_SUBTON02-Session1-2025MAR07__selected_run_is_2__fmri_number_is3.mat;fMRI_3.mat;runs_random.mat	March-07-2025_11-05-10_AM__Subject_is_SUBTON02-Session1-2025MAR07__sequence_of_stimuli_for_fMRI_number_3_is_3   1   7   8   9   4  12  11   6   2  10   5.mat	unique_scan_info;unique_fMRI_N;discarded_dated_seq_secondary_to_fMRI_N;unique_runs_random	high
sub-065	ses-01	04	March-07-2025_11-13-17_AM__scan_info_for_subject_SUBTON02-Session1-2025MAR07__selected_run_is_5__fmri_number_is4.mat;fMRI_4.mat;runs_random.mat	March-07-2025_11-09-12_AM__Subject_is_SUBTON02-Session1-2025MAR07__sequence_of_stimuli_for_fMRI_number_4_is_12   3  10   6  11   7   1   2   5   8   9   4.mat	unique_scan_info;unique_fMRI_N;discarded_dated_seq_secondary_to_fMRI_N;unique_runs_random	high
sub-065	ses-01	05	runs_random.mat		unique_runs_random;insufficient_for_events	low
sub-065	ses-01	06	runs_random.mat		unique_runs_random;insufficient_for_events	low
sub-065	ses-01	07	runs_random.mat		unique_runs_random;insufficient_for_events	low
sub-065	ses-01	08	runs_random.mat		unique_runs_random;insufficient_for_events	low
sub-066	ses-01	01	August-23-2023_ 9-58-06_AM__scan_info_for_subject_SUBG01__selected_run_is_1__fmri_number_is1.mat;fMRI_1.mat;runs_random.mat	August-23-2023_ 9-52-50_AM__Subject_is_SUBG01__sequence_of_stimuli_for_fMRI_number_1_is_11   6  10  12   1   5   9   2   4   7   3   8.mat	unique_scan_info;unique_fMRI_N;discarded_dated_seq_secondary_to_fMRI_N;unique_runs_random	high
sub-066	ses-01	02	August-23-2023_10-04-01_AM__scan_info_for_subject_SUBG01__selected_run_is_4__fmri_number_is2.mat;fMRI_2.mat;runs_random.mat	August-23-2023_10-00-04_AM__Subject_is_SUBG01__sequence_of_stimuli_for_fMRI_number_2_is_6   9  10   3   7   5   1  12   8   4   2  11.mat	unique_scan_info;unique_fMRI_N;discarded_dated_seq_secondary_to_fMRI_N;unique_runs_random	high
sub-066	ses-01	01	August-23-2023_ 9-58-06_AM__scan_info_for_subject_SUBG01__selected_run_is_1__fmri_number_is1.mat;fMRI_1.mat;runs_random.mat	August-23-2023_ 9-52-50_AM__Subject_is_SUBG01__sequence_of_stimuli_for_fMRI_number_1_is_11   6  10  12   1   5   9   2   4   7   3   8.mat	unique_scan_info;unique_fMRI_N;discarded_dated_seq_secondary_to_fMRI_N;unique_runs_random	high
sub-066	ses-01	02	August-23-2023_10-04-01_AM__scan_info_for_subject_SUBG01__selected_run_is_4__fmri_number_is2.mat;fMRI_2.mat;runs_random.mat	August-23-2023_10-00-04_AM__Subject_is_SUBG01__sequence_of_stimuli_for_fMRI_number_2_is_6   9  10   3   7   5   1  12   8   4   2  11.mat	unique_scan_info;unique_fMRI_N;discarded_dated_seq_secondary_to_fMRI_N;unique_runs_random	high
sub-066	ses-01	03	August-23-2023_10-09-26_AM__scan_info_for_subject_SUBG01__selected_run_is_2__fmri_number_is3.mat;fMRI_3.mat;runs_random.mat	August-23-2023_10-04-25_AM__Subject_is_SUBG01__sequence_of_stimuli_for_fMRI_number_3_is_3   1   7   8   9   4  12  11   6   2  10   5.mat	unique_scan_info;unique_fMRI_N;discarded_dated_seq_secondary_to_fMRI_N;unique_runs_random	high
sub-066	ses-01	04	August-23-2023_10-13-52_AM__scan_info_for_subject_SUBG01__selected_run_is_5__fmri_number_is4.mat;fMRI_4.mat;runs_random.mat	August-23-2023_10-09-59_AM__Subject_is_SUBG01__sequence_of_stimuli_for_fMRI_number_4_is_12   3  10   6  11   7   1   2   5   8   9   4.mat	unique_scan_info;unique_fMRI_N;discarded_dated_seq_secondary_to_fMRI_N;unique_runs_random	high
sub-066	ses-01	05	runs_random.mat		unique_runs_random;insufficient_for_events	low
sub-066	ses-01	06	runs_random.mat		unique_runs_random;insufficient_for_events	low
sub-066	ses-01	03	August-23-2023_10-09-26_AM__scan_info_for_subject_SUBG01__selected_run_is_2__fmri_number_is3.mat;fMRI_3.mat;runs_random.mat	August-23-2023_10-04-25_AM__Subject_is_SUBG01__sequence_of_stimuli_for_fMRI_number_3_is_3   1   7   8   9   4  12  11   6   2  10   5.mat	unique_scan_info;unique_fMRI_N;discarded_dated_seq_secondary_to_fMRI_N;unique_runs_random	high
sub-066	ses-01	04	August-23-2023_10-13-52_AM__scan_info_for_subject_SUBG01__selected_run_is_5__fmri_number_is4.mat;fMRI_4.mat;runs_random.mat	August-23-2023_10-09-59_AM__Subject_is_SUBG01__sequence_of_stimuli_for_fMRI_number_4_is_12   3  10   6  11   7   1   2   5   8   9   4.mat	unique_scan_info;unique_fMRI_N;discarded_dated_seq_secondary_to_fMRI_N;unique_runs_random	high
sub-066	ses-01	05	runs_random.mat		unique_runs_random;insufficient_for_events	low
sub-066	ses-01	06	runs_random.mat		unique_runs_random;insufficient_for_events	low
sub-066	ses-01	07	runs_random.mat		unique_runs_random;insufficient_for_events	low
sub-066	ses-01	08	runs_random.mat		unique_runs_random;insufficient_for_events	low
sub-066	ses-02	01	February-21-2024_10-02-00_AM__scan_info_for_subject_SUBG01-Session2-2024FEB21__selected_run_is_1__fmri_number_is1.mat;fMRI_1.mat;runs_random.mat	February-21-2024_ 9-55-34_AM__Subject_is_SUBG01-Session2-2024FEB21__sequence_of_stimuli_for_fMRI_number_1_is_11   6  10  12   1   5   9   2   4   7   3   8.mat	unique_scan_info;unique_fMRI_N;discarded_dated_seq_secondary_to_fMRI_N;unique_runs_random	high
sub-066	ses-02	02	February-21-2024_10-06-26_AM__scan_info_for_subject_SUBG01-Sesssion2__selected_run_is_4__fmri_number_is2.mat;fMRI_2.mat;runs_random.mat	February-21-2024_10-02-17_AM__Subject_is_SUBG01-Sesssion2__sequence_of_stimuli_for_fMRI_number_2_is_6   9  10   3   7   5   1  12   8   4   2  11.mat	unique_scan_info;unique_fMRI_N;discarded_dated_seq_secondary_to_fMRI_N;unique_runs_random	high
sub-066	ses-02	01	February-21-2024_10-02-00_AM__scan_info_for_subject_SUBG01-Session2-2024FEB21__selected_run_is_1__fmri_number_is1.mat;fMRI_1.mat;runs_random.mat	February-21-2024_ 9-55-34_AM__Subject_is_SUBG01-Session2-2024FEB21__sequence_of_stimuli_for_fMRI_number_1_is_11   6  10  12   1   5   9   2   4   7   3   8.mat	unique_scan_info;unique_fMRI_N;discarded_dated_seq_secondary_to_fMRI_N;unique_runs_random	high
sub-066	ses-02	02	February-21-2024_10-06-26_AM__scan_info_for_subject_SUBG01-Sesssion2__selected_run_is_4__fmri_number_is2.mat;fMRI_2.mat;runs_random.mat	February-21-2024_10-02-17_AM__Subject_is_SUBG01-Sesssion2__sequence_of_stimuli_for_fMRI_number_2_is_6   9  10   3   7   5   1  12   8   4   2  11.mat	unique_scan_info;unique_fMRI_N;discarded_dated_seq_secondary_to_fMRI_N;unique_runs_random	high
sub-066	ses-02	03	February-21-2024_10-12-39_AM__scan_info_for_subject_SUBG01-Session2__selected_run_is_2__fmri_number_is3.mat;fMRI_3.mat;runs_random.mat	February-21-2024_10-08-32_AM__Subject_is_SUBG01-Session2__sequence_of_stimuli_for_fMRI_number_3_is_3   1   7   8   9   4  12  11   6   2  10   5.mat	unique_scan_info;unique_fMRI_N;discarded_dated_seq_secondary_to_fMRI_N;unique_runs_random	high
sub-066	ses-02	04	February-21-2024_10-17-01_AM__scan_info_for_subject_SUBG01-Session2__selected_run_is_5__fmri_number_is4.mat;fMRI_4.mat;runs_random.mat	February-21-2024_10-12-57_AM__Subject_is_SUBG01-Session2__sequence_of_stimuli_for_fMRI_number_4_is_12   3  10   6  11   7   1   2   5   8   9   4.mat	unique_scan_info;unique_fMRI_N;discarded_dated_seq_secondary_to_fMRI_N;unique_runs_random	high
sub-066	ses-02	05	runs_random.mat		unique_runs_random;insufficient_for_events	low
sub-066	ses-02	06	runs_random.mat		unique_runs_random;insufficient_for_events	low
sub-066	ses-02	03	February-21-2024_10-12-39_AM__scan_info_for_subject_SUBG01-Session2__selected_run_is_2__fmri_number_is3.mat;fMRI_3.mat;runs_random.mat	February-21-2024_10-08-32_AM__Subject_is_SUBG01-Session2__sequence_of_stimuli_for_fMRI_number_3_is_3   1   7   8   9   4  12  11   6   2  10   5.mat	unique_scan_info;unique_fMRI_N;discarded_dated_seq_secondary_to_fMRI_N;unique_runs_random	high
sub-066	ses-02	04	February-21-2024_10-17-01_AM__scan_info_for_subject_SUBG01-Session2__selected_run_is_5__fmri_number_is4.mat;fMRI_4.mat;runs_random.mat	February-21-2024_10-12-57_AM__Subject_is_SUBG01-Session2__sequence_of_stimuli_for_fMRI_number_4_is_12   3  10   6  11   7   1   2   5   8   9   4.mat	unique_scan_info;unique_fMRI_N;discarded_dated_seq_secondary_to_fMRI_N;unique_runs_random	high
sub-066	ses-02	05	runs_random.mat		unique_runs_random;insufficient_for_events	low
sub-066	ses-02	06	runs_random.mat		unique_runs_random;insufficient_for_events	low
sub-066	ses-02	07	runs_random.mat		unique_runs_random;insufficient_for_events	low
sub-066	ses-02	08	runs_random.mat		unique_runs_random;insufficient_for_events	low
sub-067	ses-01	01	September-13-2023_ 9-10-23_AM__scan_info_for_subject_G02__selected_run_is_1__fmri_number_is1.mat;fMRI_1.mat;runs_random.mat	September-13-2023_ 9-03-25_AM__Subject_is_G02__sequence_of_stimuli_for_fMRI_number_1_is_11   6  10  12   1   5   9   2   4   7   3   8.mat	unique_scan_info;unique_fMRI_N;discarded_dated_seq_secondary_to_fMRI_N;unique_runs_random	high
sub-067	ses-01	02	September-13-2023_ 9-14-54_AM__scan_info_for_subject_G02__selected_run_is_4__fmri_number_is2.mat;fMRI_2.mat;runs_random.mat	September-13-2023_ 9-10-45_AM__Subject_is_G02__sequence_of_stimuli_for_fMRI_number_2_is_6   9  10   3   7   5   1  12   8   4   2  11.mat	unique_scan_info;unique_fMRI_N;discarded_dated_seq_secondary_to_fMRI_N;unique_runs_random	high
sub-067	ses-01	01	September-13-2023_ 9-10-23_AM__scan_info_for_subject_G02__selected_run_is_1__fmri_number_is1.mat;fMRI_1.mat;runs_random.mat	September-13-2023_ 9-03-25_AM__Subject_is_G02__sequence_of_stimuli_for_fMRI_number_1_is_11   6  10  12   1   5   9   2   4   7   3   8.mat	unique_scan_info;unique_fMRI_N;discarded_dated_seq_secondary_to_fMRI_N;unique_runs_random	high
sub-067	ses-01	02	September-13-2023_ 9-14-54_AM__scan_info_for_subject_G02__selected_run_is_4__fmri_number_is2.mat;fMRI_2.mat;runs_random.mat	September-13-2023_ 9-10-45_AM__Subject_is_G02__sequence_of_stimuli_for_fMRI_number_2_is_6   9  10   3   7   5   1  12   8   4   2  11.mat	unique_scan_info;unique_fMRI_N;discarded_dated_seq_secondary_to_fMRI_N;unique_runs_random	high
sub-067	ses-01	03	September-13-2023_ 9-20-17_AM__scan_info_for_subject_G02__selected_run_is_2__fmri_number_is3.mat;fMRI_3.mat;runs_random.mat	September-13-2023_ 9-15-21_AM__Subject_is_G02__sequence_of_stimuli_for_fMRI_number_3_is_3   1   7   8   9   4  12  11   6   2  10   5.mat	unique_scan_info;unique_fMRI_N;discarded_dated_seq_secondary_to_fMRI_N;unique_runs_random	high
sub-067	ses-01	04	September-13-2023_ 9-25-11_AM__scan_info_for_subject_G02__selected_run_is_5__fmri_number_is4.mat;fMRI_4.mat;runs_random.mat	September-13-2023_ 9-20-35_AM__Subject_is_G02__sequence_of_stimuli_for_fMRI_number_4_is_12   3  10   6  11   7   1   2   5   8   9   4.mat	unique_scan_info;unique_fMRI_N;discarded_dated_seq_secondary_to_fMRI_N;unique_runs_random	high
sub-067	ses-01	05	runs_random.mat		unique_runs_random;insufficient_for_events	low
sub-067	ses-01	06	runs_random.mat		unique_runs_random;insufficient_for_events	low
sub-067	ses-01	03	September-13-2023_ 9-20-17_AM__scan_info_for_subject_G02__selected_run_is_2__fmri_number_is3.mat;fMRI_3.mat;runs_random.mat	September-13-2023_ 9-15-21_AM__Subject_is_G02__sequence_of_stimuli_for_fMRI_number_3_is_3   1   7   8   9   4  12  11   6   2  10   5.mat	unique_scan_info;unique_fMRI_N;discarded_dated_seq_secondary_to_fMRI_N;unique_runs_random	high
sub-067	ses-01	04	September-13-2023_ 9-25-11_AM__scan_info_for_subject_G02__selected_run_is_5__fmri_number_is4.mat;fMRI_4.mat;runs_random.mat	September-13-2023_ 9-20-35_AM__Subject_is_G02__sequence_of_stimuli_for_fMRI_number_4_is_12   3  10   6  11   7   1   2   5   8   9   4.mat	unique_scan_info;unique_fMRI_N;discarded_dated_seq_secondary_to_fMRI_N;unique_runs_random	high
sub-067	ses-01	05	runs_random.mat		unique_runs_random;insufficient_for_events	low
sub-067	ses-01	06	runs_random.mat		unique_runs_random;insufficient_for_events	low
sub-067	ses-01	07	runs_random.mat		unique_runs_random;insufficient_for_events	low
sub-067	ses-01	08	runs_random.mat		unique_runs_random;insufficient_for_events	low
sub-067	ses-02	01	March-18-2024_ 9-45-47_AM__scan_info_for_subject_SUBG02-Session2__selected_run_is_1__fmri_number_is1.mat;fMRI_1.mat;runs_random.mat	March-18-2024_ 9-38-31_AM__Subject_is_SUBG02-Session2__sequence_of_stimuli_for_fMRI_number_1_is_11   6  10  12   1   5   9   2   4   7   3   8.mat	unique_scan_info;unique_fMRI_N;discarded_dated_seq_secondary_to_fMRI_N;unique_runs_random	high
sub-067	ses-02	02	March-18-2024_ 9-50-15_AM__scan_info_for_subject_SUBG02_Session2__selected_run_is_4__fmri_number_is2.mat;fMRI_2.mat;runs_random.mat	March-18-2024_ 9-46-25_AM__Subject_is_SUBG02_Session2__sequence_of_stimuli_for_fMRI_number_2_is_6   9  10   3   7   5   1  12   8   4   2  11.mat	unique_scan_info;unique_fMRI_N;discarded_dated_seq_secondary_to_fMRI_N;unique_runs_random	high
sub-067	ses-02	01	March-18-2024_ 9-45-47_AM__scan_info_for_subject_SUBG02-Session2__selected_run_is_1__fmri_number_is1.mat;fMRI_1.mat;runs_random.mat	March-18-2024_ 9-38-31_AM__Subject_is_SUBG02-Session2__sequence_of_stimuli_for_fMRI_number_1_is_11   6  10  12   1   5   9   2   4   7   3   8.mat	unique_scan_info;unique_fMRI_N;discarded_dated_seq_secondary_to_fMRI_N;unique_runs_random	high
sub-067	ses-02	02	March-18-2024_ 9-50-15_AM__scan_info_for_subject_SUBG02_Session2__selected_run_is_4__fmri_number_is2.mat;fMRI_2.mat;runs_random.mat	March-18-2024_ 9-46-25_AM__Subject_is_SUBG02_Session2__sequence_of_stimuli_for_fMRI_number_2_is_6   9  10   3   7   5   1  12   8   4   2  11.mat	unique_scan_info;unique_fMRI_N;discarded_dated_seq_secondary_to_fMRI_N;unique_runs_random	high
sub-067	ses-02	03	March-18-2024_ 9-55-26_AM__scan_info_for_subject_SUBG02_Session2__selected_run_is_2__fmri_number_is3.mat;fMRI_3.mat;runs_random.mat	March-18-2024_ 9-51-03_AM__Subject_is_SUBG02_Session2__sequence_of_stimuli_for_fMRI_number_3_is_3   1   7   8   9   4  12  11   6   2  10   5.mat	unique_scan_info;unique_fMRI_N;discarded_dated_seq_secondary_to_fMRI_N;unique_runs_random	high
sub-067	ses-02	04	March-18-2024_ 9-59-43_AM__scan_info_for_subject_SUBG02_Session2__selected_run_is_5__fmri_number_is4.mat;fMRI_4.mat;runs_random.mat	March-18-2024_ 9-55-52_AM__Subject_is_SUBG02_Session2__sequence_of_stimuli_for_fMRI_number_4_is_12   3  10   6  11   7   1   2   5   8   9   4.mat	unique_scan_info;unique_fMRI_N;discarded_dated_seq_secondary_to_fMRI_N;unique_runs_random	high
sub-067	ses-02	05	runs_random.mat		unique_runs_random;insufficient_for_events	low
sub-067	ses-02	06	runs_random.mat		unique_runs_random;insufficient_for_events	low
sub-067	ses-02	03	March-18-2024_ 9-55-26_AM__scan_info_for_subject_SUBG02_Session2__selected_run_is_2__fmri_number_is3.mat;fMRI_3.mat;runs_random.mat	March-18-2024_ 9-51-03_AM__Subject_is_SUBG02_Session2__sequence_of_stimuli_for_fMRI_number_3_is_3   1   7   8   9   4  12  11   6   2  10   5.mat	unique_scan_info;unique_fMRI_N;discarded_dated_seq_secondary_to_fMRI_N;unique_runs_random	high
sub-067	ses-02	04	March-18-2024_ 9-59-43_AM__scan_info_for_subject_SUBG02_Session2__selected_run_is_5__fmri_number_is4.mat;fMRI_4.mat;runs_random.mat	March-18-2024_ 9-55-52_AM__Subject_is_SUBG02_Session2__sequence_of_stimuli_for_fMRI_number_4_is_12   3  10   6  11   7   1   2   5   8   9   4.mat	unique_scan_info;unique_fMRI_N;discarded_dated_seq_secondary_to_fMRI_N;unique_runs_random	high
sub-067	ses-02	05	runs_random.mat		unique_runs_random;insufficient_for_events	low
sub-067	ses-02	06	runs_random.mat		unique_runs_random;insufficient_for_events	low
sub-067	ses-02	07	runs_random.mat		unique_runs_random;insufficient_for_events	low
sub-067	ses-02	08	runs_random.mat		unique_runs_random;insufficient_for_events	low
sub-068	ses-01	01	October-14-2023_ 2-53-55_PM__scan_info_for_subject_SUBG03__selected_run_is_1__fmri_number_is1.mat;fMRI_1.mat;runs_random.mat	October-14-2023_ 2-48-26_PM__Subject_is_SUBG03__sequence_of_stimuli_for_fMRI_number_1_is_11   6  10  12   1   5   9   2   4   7   3   8.mat	unique_scan_info;unique_fMRI_N;discarded_dated_seq_secondary_to_fMRI_N;unique_runs_random	high
sub-068	ses-01	02	October-14-2023_ 2-58-33_PM__scan_info_for_subject_SUBG03__selected_run_is_4__fmri_number_is2.mat;fMRI_2.mat;runs_random.mat	October-14-2023_ 2-54-39_PM__Subject_is_SUBG03__sequence_of_stimuli_for_fMRI_number_2_is_6   9  10   3   7   5   1  12   8   4   2  11.mat	unique_scan_info;unique_fMRI_N;discarded_dated_seq_secondary_to_fMRI_N;unique_runs_random	high
sub-068	ses-01	01	October-14-2023_ 2-53-55_PM__scan_info_for_subject_SUBG03__selected_run_is_1__fmri_number_is1.mat;fMRI_1.mat;runs_random.mat	October-14-2023_ 2-48-26_PM__Subject_is_SUBG03__sequence_of_stimuli_for_fMRI_number_1_is_11   6  10  12   1   5   9   2   4   7   3   8.mat	unique_scan_info;unique_fMRI_N;discarded_dated_seq_secondary_to_fMRI_N;unique_runs_random	high
sub-068	ses-01	02	October-14-2023_ 2-58-33_PM__scan_info_for_subject_SUBG03__selected_run_is_4__fmri_number_is2.mat;fMRI_2.mat;runs_random.mat	October-14-2023_ 2-54-39_PM__Subject_is_SUBG03__sequence_of_stimuli_for_fMRI_number_2_is_6   9  10   3   7   5   1  12   8   4   2  11.mat	unique_scan_info;unique_fMRI_N;discarded_dated_seq_secondary_to_fMRI_N;unique_runs_random	high
sub-068	ses-01	03	October-14-2023_ 3-04-04_PM__scan_info_for_subject_SUBG03__selected_run_is_2__fmri_number_is3.mat;fMRI_3.mat;runs_random.mat	October-14-2023_ 2-59-36_PM__Subject_is_SUBG03__sequence_of_stimuli_for_fMRI_number_3_is_3   1   7   8   9   4  12  11   6   2  10   5.mat	unique_scan_info;unique_fMRI_N;discarded_dated_seq_secondary_to_fMRI_N;unique_runs_random	high
sub-068	ses-01	04	October-14-2023_ 3-08-15_PM__scan_info_for_subject_SUB03__selected_run_is_5__fmri_number_is4.mat;fMRI_4.mat;runs_random.mat	October-14-2023_ 3-04-16_PM__Subject_is_SUB03__sequence_of_stimuli_for_fMRI_number_4_is_12   3  10   6  11   7   1   2   5   8   9   4.mat	unique_scan_info;unique_fMRI_N;discarded_dated_seq_secondary_to_fMRI_N;unique_runs_random	high
sub-068	ses-01	05	runs_random.mat		unique_runs_random;insufficient_for_events	low
sub-068	ses-01	06	runs_random.mat		unique_runs_random;insufficient_for_events	low
sub-068	ses-01	03	October-14-2023_ 3-04-04_PM__scan_info_for_subject_SUBG03__selected_run_is_2__fmri_number_is3.mat;fMRI_3.mat;runs_random.mat	October-14-2023_ 2-59-36_PM__Subject_is_SUBG03__sequence_of_stimuli_for_fMRI_number_3_is_3   1   7   8   9   4  12  11   6   2  10   5.mat	unique_scan_info;unique_fMRI_N;discarded_dated_seq_secondary_to_fMRI_N;unique_runs_random	high
sub-068	ses-01	04	October-14-2023_ 3-08-15_PM__scan_info_for_subject_SUB03__selected_run_is_5__fmri_number_is4.mat;fMRI_4.mat;runs_random.mat	October-14-2023_ 3-04-16_PM__Subject_is_SUB03__sequence_of_stimuli_for_fMRI_number_4_is_12   3  10   6  11   7   1   2   5   8   9   4.mat	unique_scan_info;unique_fMRI_N;discarded_dated_seq_secondary_to_fMRI_N;unique_runs_random	high
sub-068	ses-01	05	runs_random.mat		unique_runs_random;insufficient_for_events	low
sub-068	ses-01	06	runs_random.mat		unique_runs_random;insufficient_for_events	low
sub-068	ses-01	07	runs_random.mat		unique_runs_random;insufficient_for_events	low
sub-068	ses-01	08	runs_random.mat		unique_runs_random;insufficient_for_events	low
sub-068	ses-02	01	April-14-2024_ 2-55-00_PM__scan_info_for_subject_SUBG03__selected_run_is_1__fmri_number_is1.mat;fMRI_1.mat;runs_random.mat	April-14-2024_ 2-49-49_PM__Subject_is_SUBG03__sequence_of_stimuli_for_fMRI_number_1_is_11   6  10  12   1   5   9   2   4   7   3   8.mat	unique_scan_info;unique_fMRI_N;discarded_dated_seq_secondary_to_fMRI_N;unique_runs_random	high
sub-068	ses-02	02	April-14-2024_ 2-59-06_PM__scan_info_for_subject_SUBG03__selected_run_is_4__fmri_number_is2.mat;fMRI_2.mat;runs_random.mat	April-14-2024_ 2-55-16_PM__Subject_is_SUBG03__sequence_of_stimuli_for_fMRI_number_2_is_6   9  10   3   7   5   1  12   8   4   2  11.mat	unique_scan_info;unique_fMRI_N;discarded_dated_seq_secondary_to_fMRI_N;unique_runs_random	high
sub-068	ses-02	01	April-14-2024_ 2-55-00_PM__scan_info_for_subject_SUBG03__selected_run_is_1__fmri_number_is1.mat;fMRI_1.mat;runs_random.mat	April-14-2024_ 2-49-49_PM__Subject_is_SUBG03__sequence_of_stimuli_for_fMRI_number_1_is_11   6  10  12   1   5   9   2   4   7   3   8.mat	unique_scan_info;unique_fMRI_N;discarded_dated_seq_secondary_to_fMRI_N;unique_runs_random	high
sub-068	ses-02	02	April-14-2024_ 2-59-06_PM__scan_info_for_subject_SUBG03__selected_run_is_4__fmri_number_is2.mat;fMRI_2.mat;runs_random.mat	April-14-2024_ 2-55-16_PM__Subject_is_SUBG03__sequence_of_stimuli_for_fMRI_number_2_is_6   9  10   3   7   5   1  12   8   4   2  11.mat	unique_scan_info;unique_fMRI_N;discarded_dated_seq_secondary_to_fMRI_N;unique_runs_random	high
sub-068	ses-02	03	April-14-2024_ 3-05-30_PM__scan_info_for_subject_SUBG03__selected_run_is_2__fmri_number_is3.mat;fMRI_3.mat;runs_random.mat	April-14-2024_ 3-00-59_PM__Subject_is_SUBG03__sequence_of_stimuli_for_fMRI_number_3_is_3   1   7   8   9   4  12  11   6   2  10   5.mat	unique_scan_info;unique_fMRI_N;discarded_dated_seq_secondary_to_fMRI_N;unique_runs_random	high
sub-068	ses-02	04	April-14-2024_ 3-10-15_PM__scan_info_for_subject_SUBG03__selected_run_is_5__fmri_number_is4.mat;fMRI_4.mat;runs_random.mat	April-14-2024_ 3-06-17_PM__Subject_is_SUBG03__sequence_of_stimuli_for_fMRI_number_4_is_12   3  10   6  11   7   1   2   5   8   9   4.mat	unique_scan_info;unique_fMRI_N;discarded_dated_seq_secondary_to_fMRI_N;unique_runs_random	high
sub-068	ses-02	05	runs_random.mat		unique_runs_random;insufficient_for_events	low
sub-068	ses-02	06	runs_random.mat		unique_runs_random;insufficient_for_events	low
sub-068	ses-02	03	April-14-2024_ 3-05-30_PM__scan_info_for_subject_SUBG03__selected_run_is_2__fmri_number_is3.mat;fMRI_3.mat;runs_random.mat	April-14-2024_ 3-00-59_PM__Subject_is_SUBG03__sequence_of_stimuli_for_fMRI_number_3_is_3   1   7   8   9   4  12  11   6   2  10   5.mat	unique_scan_info;unique_fMRI_N;discarded_dated_seq_secondary_to_fMRI_N;unique_runs_random	high
sub-068	ses-02	04	April-14-2024_ 3-10-15_PM__scan_info_for_subject_SUBG03__selected_run_is_5__fmri_number_is4.mat;fMRI_4.mat;runs_random.mat	April-14-2024_ 3-06-17_PM__Subject_is_SUBG03__sequence_of_stimuli_for_fMRI_number_4_is_12   3  10   6  11   7   1   2   5   8   9   4.mat	unique_scan_info;unique_fMRI_N;discarded_dated_seq_secondary_to_fMRI_N;unique_runs_random	high
sub-068	ses-02	05	runs_random.mat		unique_runs_random;insufficient_for_events	low
sub-068	ses-02	06	runs_random.mat		unique_runs_random;insufficient_for_events	low
sub-068	ses-02	07	runs_random.mat		unique_runs_random;insufficient_for_events	low
sub-068	ses-02	08	runs_random.mat		unique_runs_random;insufficient_for_events	low
sub-069	ses-01	01	October-15-2023_ 9-50-08_AM__scan_info_for_subject_SUBG04__selected_run_is_1__fmri_number_is1.mat;fMRI_1.mat;runs_random.mat	October-15-2023_ 9-43-39_AM__Subject_is_SUBG04__sequence_of_stimuli_for_fMRI_number_1_is_11   6  10  12   1   5   9   2   4   7   3   8.mat	unique_scan_info;unique_fMRI_N;discarded_dated_seq_secondary_to_fMRI_N;unique_runs_random	high
sub-069	ses-01	02	October-15-2023_ 9-54-27_AM__scan_info_for_subject_SUBG04__selected_run_is_4__fmri_number_is2.mat;fMRI_2.mat;runs_random.mat	October-15-2023_ 9-50-37_AM__Subject_is_SUBG04__sequence_of_stimuli_for_fMRI_number_2_is_6   9  10   3   7   5   1  12   8   4   2  11.mat	unique_scan_info;unique_fMRI_N;discarded_dated_seq_secondary_to_fMRI_N;unique_runs_random	high
sub-069	ses-01	01	October-15-2023_ 9-50-08_AM__scan_info_for_subject_SUBG04__selected_run_is_1__fmri_number_is1.mat;fMRI_1.mat;runs_random.mat	October-15-2023_ 9-43-39_AM__Subject_is_SUBG04__sequence_of_stimuli_for_fMRI_number_1_is_11   6  10  12   1   5   9   2   4   7   3   8.mat	unique_scan_info;unique_fMRI_N;discarded_dated_seq_secondary_to_fMRI_N;unique_runs_random	high
sub-069	ses-01	02	October-15-2023_ 9-54-27_AM__scan_info_for_subject_SUBG04__selected_run_is_4__fmri_number_is2.mat;fMRI_2.mat;runs_random.mat	October-15-2023_ 9-50-37_AM__Subject_is_SUBG04__sequence_of_stimuli_for_fMRI_number_2_is_6   9  10   3   7   5   1  12   8   4   2  11.mat	unique_scan_info;unique_fMRI_N;discarded_dated_seq_secondary_to_fMRI_N;unique_runs_random	high
sub-069	ses-01	03	October-15-2023_ 9-59-28_AM__scan_info_for_subject_SUBG04__selected_run_is_2__fmri_number_is3.mat;fMRI_3.mat;runs_random.mat	October-15-2023_ 9-54-50_AM__Subject_is_SUBG04__sequence_of_stimuli_for_fMRI_number_3_is_3   1   7   8   9   4  12  11   6   2  10   5.mat	unique_scan_info;unique_fMRI_N;discarded_dated_seq_secondary_to_fMRI_N;unique_runs_random	high
sub-069	ses-01	04	October-15-2023_10-03-36_AM__scan_info_for_subject_SUBG04__selected_run_is_5__fmri_number_is4.mat;fMRI_4.mat;runs_random.mat	October-15-2023_ 9-59-45_AM__Subject_is_SUBG04__sequence_of_stimuli_for_fMRI_number_4_is_12   3  10   6  11   7   1   2   5   8   9   4.mat	unique_scan_info;unique_fMRI_N;discarded_dated_seq_secondary_to_fMRI_N;unique_runs_random	high
sub-069	ses-01	05	runs_random.mat		unique_runs_random;insufficient_for_events	low
sub-069	ses-01	06	runs_random.mat		unique_runs_random;insufficient_for_events	low
sub-069	ses-01	03	October-15-2023_ 9-59-28_AM__scan_info_for_subject_SUBG04__selected_run_is_2__fmri_number_is3.mat;fMRI_3.mat;runs_random.mat	October-15-2023_ 9-54-50_AM__Subject_is_SUBG04__sequence_of_stimuli_for_fMRI_number_3_is_3   1   7   8   9   4  12  11   6   2  10   5.mat	unique_scan_info;unique_fMRI_N;discarded_dated_seq_secondary_to_fMRI_N;unique_runs_random	high
sub-069	ses-01	04	October-15-2023_10-03-36_AM__scan_info_for_subject_SUBG04__selected_run_is_5__fmri_number_is4.mat;fMRI_4.mat;runs_random.mat	October-15-2023_ 9-59-45_AM__Subject_is_SUBG04__sequence_of_stimuli_for_fMRI_number_4_is_12   3  10   6  11   7   1   2   5   8   9   4.mat	unique_scan_info;unique_fMRI_N;discarded_dated_seq_secondary_to_fMRI_N;unique_runs_random	high
sub-069	ses-01	05	runs_random.mat		unique_runs_random;insufficient_for_events	low
sub-069	ses-01	06	runs_random.mat		unique_runs_random;insufficient_for_events	low
sub-069	ses-01	07	runs_random.mat		unique_runs_random;insufficient_for_events	low
sub-069	ses-01	08	runs_random.mat		unique_runs_random;insufficient_for_events	low
sub-069	ses-02	01	April-13-2024_10-22-26_AM__scan_info_for_subject_SUBG04__selected_run_is_1__fmri_number_is1.mat;fMRI_1.mat;runs_random.mat	April-13-2024_10-16-43_AM__Subject_is_SUBG04__sequence_of_stimuli_for_fMRI_number_1_is_11   6  10  12   1   5   9   2   4   7   3   8.mat	unique_scan_info;unique_fMRI_N;discarded_dated_seq_secondary_to_fMRI_N;unique_runs_random	high
sub-069	ses-02	02	April-13-2024_10-27-29_AM__scan_info_for_subject_SUBG04__selected_run_is_4__fmri_number_is2.mat;fMRI_2.mat;runs_random.mat	April-13-2024_10-23-09_AM__Subject_is_SUBG04__sequence_of_stimuli_for_fMRI_number_2_is_6   9  10   3   7   5   1  12   8   4   2  11.mat	unique_scan_info;unique_fMRI_N;discarded_dated_seq_secondary_to_fMRI_N;unique_runs_random	high
sub-069	ses-02	01	April-13-2024_10-22-26_AM__scan_info_for_subject_SUBG04__selected_run_is_1__fmri_number_is1.mat;fMRI_1.mat;runs_random.mat	April-13-2024_10-16-43_AM__Subject_is_SUBG04__sequence_of_stimuli_for_fMRI_number_1_is_11   6  10  12   1   5   9   2   4   7   3   8.mat	unique_scan_info;unique_fMRI_N;discarded_dated_seq_secondary_to_fMRI_N;unique_runs_random	high
sub-069	ses-02	02	April-13-2024_10-27-29_AM__scan_info_for_subject_SUBG04__selected_run_is_4__fmri_number_is2.mat;fMRI_2.mat;runs_random.mat	April-13-2024_10-23-09_AM__Subject_is_SUBG04__sequence_of_stimuli_for_fMRI_number_2_is_6   9  10   3   7   5   1  12   8   4   2  11.mat	unique_scan_info;unique_fMRI_N;discarded_dated_seq_secondary_to_fMRI_N;unique_runs_random	high
sub-069	ses-02	03	April-13-2024_10-33-09_AM__scan_info_for_subject_subg04__selected_run_is_2__fmri_number_is3.mat;fMRI_3.mat;runs_random.mat	April-13-2024_10-28-34_AM__Subject_is_subg04__sequence_of_stimuli_for_fMRI_number_3_is_3   1   7   8   9   4  12  11   6   2  10   5.mat	unique_scan_info;unique_fMRI_N;discarded_dated_seq_secondary_to_fMRI_N;unique_runs_random	high
sub-069	ses-02	04	April-13-2024_10-37-30_AM__scan_info_for_subject_subg04__selected_run_is_5__fmri_number_is4.mat;fMRI_4.mat;runs_random.mat	April-13-2024_10-33-40_AM__Subject_is_subg04__sequence_of_stimuli_for_fMRI_number_4_is_12   3  10   6  11   7   1   2   5   8   9   4.mat	unique_scan_info;unique_fMRI_N;discarded_dated_seq_secondary_to_fMRI_N;unique_runs_random	high
sub-069	ses-02	05	runs_random.mat		unique_runs_random;insufficient_for_events	low
sub-069	ses-02	06	runs_random.mat		unique_runs_random;insufficient_for_events	low
sub-069	ses-02	03	April-13-2024_10-33-09_AM__scan_info_for_subject_subg04__selected_run_is_2__fmri_number_is3.mat;fMRI_3.mat;runs_random.mat	April-13-2024_10-28-34_AM__Subject_is_subg04__sequence_of_stimuli_for_fMRI_number_3_is_3   1   7   8   9   4  12  11   6   2  10   5.mat	unique_scan_info;unique_fMRI_N;discarded_dated_seq_secondary_to_fMRI_N;unique_runs_random	high
sub-069	ses-02	04	April-13-2024_10-37-30_AM__scan_info_for_subject_subg04__selected_run_is_5__fmri_number_is4.mat;fMRI_4.mat;runs_random.mat	April-13-2024_10-33-40_AM__Subject_is_subg04__sequence_of_stimuli_for_fMRI_number_4_is_12   3  10   6  11   7   1   2   5   8   9   4.mat	unique_scan_info;unique_fMRI_N;discarded_dated_seq_secondary_to_fMRI_N;unique_runs_random	high
sub-069	ses-02	05	runs_random.mat		unique_runs_random;insufficient_for_events	low
sub-069	ses-02	06	runs_random.mat		unique_runs_random;insufficient_for_events	low
sub-069	ses-02	07	runs_random.mat		unique_runs_random;insufficient_for_events	low
sub-069	ses-02	08	runs_random.mat		unique_runs_random;insufficient_for_events	low
sub-070	ses-01	01	November-04-2023_12-53-38_PM__scan_info_for_subject_G05__selected_run_is_1__fmri_number_is1.mat;fMRI_1.mat;runs_random.mat	November-04-2023_12-48-14_PM__Subject_is_G05__sequence_of_stimuli_for_fMRI_number_1_is_11   6  10  12   1   5   9   2   4   7   3   8.mat	unique_scan_info;unique_fMRI_N;discarded_dated_seq_secondary_to_fMRI_N;unique_runs_random	high
sub-070	ses-01	02	November-04-2023_12-58-30_PM__scan_info_for_subject_G05__selected_run_is_4__fmri_number_is2.mat;fMRI_2.mat;runs_random.mat	November-04-2023_12-54-12_PM__Subject_is_G05__sequence_of_stimuli_for_fMRI_number_2_is_6   9  10   3   7   5   1  12   8   4   2  11.mat	unique_scan_info;unique_fMRI_N;discarded_dated_seq_secondary_to_fMRI_N;unique_runs_random	high
sub-070	ses-01	01	November-04-2023_12-53-38_PM__scan_info_for_subject_G05__selected_run_is_1__fmri_number_is1.mat;fMRI_1.mat;runs_random.mat	November-04-2023_12-48-14_PM__Subject_is_G05__sequence_of_stimuli_for_fMRI_number_1_is_11   6  10  12   1   5   9   2   4   7   3   8.mat	unique_scan_info;unique_fMRI_N;discarded_dated_seq_secondary_to_fMRI_N;unique_runs_random	high
sub-070	ses-01	02	November-04-2023_12-58-30_PM__scan_info_for_subject_G05__selected_run_is_4__fmri_number_is2.mat;fMRI_2.mat;runs_random.mat	November-04-2023_12-54-12_PM__Subject_is_G05__sequence_of_stimuli_for_fMRI_number_2_is_6   9  10   3   7   5   1  12   8   4   2  11.mat	unique_scan_info;unique_fMRI_N;discarded_dated_seq_secondary_to_fMRI_N;unique_runs_random	high
sub-070	ses-01	03	November-04-2023_ 1-03-27_PM__scan_info_for_subject_G05__selected_run_is_2__fmri_number_is3.mat;fMRI_3.mat;runs_random.mat	November-04-2023_12-59-26_PM__Subject_is_G05__sequence_of_stimuli_for_fMRI_number_3_is_3   1   7   8   9   4  12  11   6   2  10   5.mat	unique_scan_info;unique_fMRI_N;discarded_dated_seq_secondary_to_fMRI_N;unique_runs_random	high
sub-070	ses-01	04	November-04-2023_ 1-07-33_PM__scan_info_for_subject_G05__selected_run_is_5__fmri_number_is4.mat;fMRI_4.mat;runs_random.mat	November-04-2023_ 1-03-41_PM__Subject_is_G05__sequence_of_stimuli_for_fMRI_number_4_is_12   3  10   6  11   7   1   2   5   8   9   4.mat	unique_scan_info;unique_fMRI_N;discarded_dated_seq_secondary_to_fMRI_N;unique_runs_random	high
sub-070	ses-01	05	runs_random.mat		unique_runs_random;insufficient_for_events	low
sub-070	ses-01	06	runs_random.mat		unique_runs_random;insufficient_for_events	low
sub-070	ses-01	07	runs_random.mat		unique_runs_random;insufficient_for_events	low
sub-070	ses-01	08	runs_random.mat		unique_runs_random;insufficient_for_events	low
sub-071	ses-01	01	November-14-2023_ 6-04-22_PM__scan_info_for_subject_SUBG06__selected_run_is_1__fmri_number_is1.mat;fMRI_1.mat;runs_random.mat	November-14-2023_ 5-59-20_PM__Subject_is_SUBG06__sequence_of_stimuli_for_fMRI_number_1_is_11   6  10  12   1   5   9   2   4   7   3   8.mat	unique_scan_info;unique_fMRI_N;discarded_dated_seq_secondary_to_fMRI_N;unique_runs_random	high
sub-071	ses-01	02	November-14-2023_ 6-08-34_PM__scan_info_for_subject_SUBG06__selected_run_is_4__fmri_number_is2.mat;fMRI_2.mat;runs_random.mat	November-14-2023_ 6-04-38_PM__Subject_is_SUBG06__sequence_of_stimuli_for_fMRI_number_2_is_6   9  10   3   7   5   1  12   8   4   2  11.mat	unique_scan_info;unique_fMRI_N;discarded_dated_seq_secondary_to_fMRI_N;unique_runs_random	high
sub-071	ses-01	01	November-14-2023_ 6-04-22_PM__scan_info_for_subject_SUBG06__selected_run_is_1__fmri_number_is1.mat;fMRI_1.mat;runs_random.mat	November-14-2023_ 5-59-20_PM__Subject_is_SUBG06__sequence_of_stimuli_for_fMRI_number_1_is_11   6  10  12   1   5   9   2   4   7   3   8.mat	unique_scan_info;unique_fMRI_N;discarded_dated_seq_secondary_to_fMRI_N;unique_runs_random	high
sub-071	ses-01	02	November-14-2023_ 6-08-34_PM__scan_info_for_subject_SUBG06__selected_run_is_4__fmri_number_is2.mat;fMRI_2.mat;runs_random.mat	November-14-2023_ 6-04-38_PM__Subject_is_SUBG06__sequence_of_stimuli_for_fMRI_number_2_is_6   9  10   3   7   5   1  12   8   4   2  11.mat	unique_scan_info;unique_fMRI_N;discarded_dated_seq_secondary_to_fMRI_N;unique_runs_random	high
sub-071	ses-01	03	November-14-2023_ 6-13-02_PM__scan_info_for_subject_SUBG06__selected_run_is_2__fmri_number_is3.mat;fMRI_3.mat;runs_random.mat	November-14-2023_ 6-08-46_PM__Subject_is_SUBG06__sequence_of_stimuli_for_fMRI_number_3_is_3   1   7   8   9   4  12  11   6   2  10   5.mat	unique_scan_info;unique_fMRI_N;discarded_dated_seq_secondary_to_fMRI_N;unique_runs_random	high
sub-071	ses-01	04	November-14-2023_ 6-18-07_PM__scan_info_for_subject_SUBG06__selected_run_is_5__fmri_number_is4.mat;fMRI_4.mat;runs_random.mat	November-14-2023_ 6-14-16_PM__Subject_is_SUBG06__sequence_of_stimuli_for_fMRI_number_4_is_12   3  10   6  11   7   1   2   5   8   9   4.mat	unique_scan_info;unique_fMRI_N;discarded_dated_seq_secondary_to_fMRI_N;unique_runs_random	high
sub-071	ses-01	05	runs_random.mat		unique_runs_random;insufficient_for_events	low
sub-071	ses-01	06	runs_random.mat		unique_runs_random;insufficient_for_events	low
sub-071	ses-01	03	November-14-2023_ 6-13-02_PM__scan_info_for_subject_SUBG06__selected_run_is_2__fmri_number_is3.mat;fMRI_3.mat;runs_random.mat	November-14-2023_ 6-08-46_PM__Subject_is_SUBG06__sequence_of_stimuli_for_fMRI_number_3_is_3   1   7   8   9   4  12  11   6   2  10   5.mat	unique_scan_info;unique_fMRI_N;discarded_dated_seq_secondary_to_fMRI_N;unique_runs_random	high
sub-071	ses-01	04	November-14-2023_ 6-18-07_PM__scan_info_for_subject_SUBG06__selected_run_is_5__fmri_number_is4.mat;fMRI_4.mat;runs_random.mat	November-14-2023_ 6-14-16_PM__Subject_is_SUBG06__sequence_of_stimuli_for_fMRI_number_4_is_12   3  10   6  11   7   1   2   5   8   9   4.mat	unique_scan_info;unique_fMRI_N;discarded_dated_seq_secondary_to_fMRI_N;unique_runs_random	high
sub-071	ses-01	05	runs_random.mat		unique_runs_random;insufficient_for_events	low
sub-071	ses-01	06	runs_random.mat		unique_runs_random;insufficient_for_events	low
sub-071	ses-01	07	runs_random.mat		unique_runs_random;insufficient_for_events	low
sub-071	ses-01	08	runs_random.mat		unique_runs_random;insufficient_for_events	low
sub-072	ses-01	01	December-02-2023_11-28-43_AM__scan_info_for_subject_SUBG07__selected_run_is_1__fmri_number_is1.mat;fMRI_1.mat;runs_random.mat	December-02-2023_11-23-02_AM__Subject_is_SUBG07__sequence_of_stimuli_for_fMRI_number_1_is_11   6  10  12   1   5   9   2   4   7   3   8.mat	unique_scan_info;unique_fMRI_N;discarded_dated_seq_secondary_to_fMRI_N;unique_runs_random	high
sub-072	ses-01	02	December-02-2023_11-32-58_AM__scan_info_for_subject_SUBG07__selected_run_is_4__fmri_number_is2.mat;fMRI_2.mat;runs_random.mat	December-02-2023_11-28-55_AM__Subject_is_SUBG07__sequence_of_stimuli_for_fMRI_number_2_is_6   9  10   3   7   5   1  12   8   4   2  11.mat	unique_scan_info;unique_fMRI_N;discarded_dated_seq_secondary_to_fMRI_N;unique_runs_random	high
sub-072	ses-01	01	December-02-2023_11-28-43_AM__scan_info_for_subject_SUBG07__selected_run_is_1__fmri_number_is1.mat;fMRI_1.mat;runs_random.mat	December-02-2023_11-23-02_AM__Subject_is_SUBG07__sequence_of_stimuli_for_fMRI_number_1_is_11   6  10  12   1   5   9   2   4   7   3   8.mat	unique_scan_info;unique_fMRI_N;discarded_dated_seq_secondary_to_fMRI_N;unique_runs_random	high
sub-072	ses-01	02	December-02-2023_11-32-58_AM__scan_info_for_subject_SUBG07__selected_run_is_4__fmri_number_is2.mat;fMRI_2.mat;runs_random.mat	December-02-2023_11-28-55_AM__Subject_is_SUBG07__sequence_of_stimuli_for_fMRI_number_2_is_6   9  10   3   7   5   1  12   8   4   2  11.mat	unique_scan_info;unique_fMRI_N;discarded_dated_seq_secondary_to_fMRI_N;unique_runs_random	high
sub-072	ses-01	03	December-02-2023_11-37-13_AM__scan_info_for_subject_SUBG07__selected_run_is_2__fmri_number_is3.mat;fMRI_3.mat;runs_random.mat	December-02-2023_11-33-23_AM__Subject_is_SUBG07__sequence_of_stimuli_for_fMRI_number_3_is_3   1   7   8   9   4  12  11   6   2  10   5.mat	unique_scan_info;unique_fMRI_N;discarded_dated_seq_secondary_to_fMRI_N;unique_runs_random	high
sub-072	ses-01	04	December-02-2023_11-43-30_AM__scan_info_for_subject_SUBG07__selected_run_is_5__fmri_number_is4.mat;fMRI_4.mat;runs_random.mat	December-02-2023_11-39-15_AM__Subject_is_SUBG07__sequence_of_stimuli_for_fMRI_number_4_is_12   3  10   6  11   7   1   2   5   8   9   4.mat	unique_scan_info;unique_fMRI_N;discarded_dated_seq_secondary_to_fMRI_N;unique_runs_random	high
sub-072	ses-01	05	runs_random.mat		unique_runs_random;insufficient_for_events	low
sub-072	ses-01	06	runs_random.mat		unique_runs_random;insufficient_for_events	low
sub-072	ses-01	03	December-02-2023_11-37-13_AM__scan_info_for_subject_SUBG07__selected_run_is_2__fmri_number_is3.mat;fMRI_3.mat;runs_random.mat	December-02-2023_11-33-23_AM__Subject_is_SUBG07__sequence_of_stimuli_for_fMRI_number_3_is_3   1   7   8   9   4  12  11   6   2  10   5.mat	unique_scan_info;unique_fMRI_N;discarded_dated_seq_secondary_to_fMRI_N;unique_runs_random	high
sub-072	ses-01	04	December-02-2023_11-43-30_AM__scan_info_for_subject_SUBG07__selected_run_is_5__fmri_number_is4.mat;fMRI_4.mat;runs_random.mat	December-02-2023_11-39-15_AM__Subject_is_SUBG07__sequence_of_stimuli_for_fMRI_number_4_is_12   3  10   6  11   7   1   2   5   8   9   4.mat	unique_scan_info;unique_fMRI_N;discarded_dated_seq_secondary_to_fMRI_N;unique_runs_random	high
sub-072	ses-01	05	runs_random.mat		unique_runs_random;insufficient_for_events	low
sub-072	ses-01	06	runs_random.mat		unique_runs_random;insufficient_for_events	low
sub-072	ses-01	07	runs_random.mat		unique_runs_random;insufficient_for_events	low
sub-072	ses-01	08	runs_random.mat		unique_runs_random;insufficient_for_events	low
sub-072	ses-02	01	July-21-2024_ 9-58-07_AM__scan_info_for_subject_SUBG07-Session2-2024JUL21__selected_run_is_1__fmri_number_is1.mat;fMRI_1.mat;runs_random.mat	July-21-2024_ 9-51-23_AM__Subject_is_SUBG07-Session2-2024JUL21__sequence_of_stimuli_for_fMRI_number_1_is_11   6  10  12   1   5   9   2   4   7   3   8.mat	unique_scan_info;unique_fMRI_N;discarded_dated_seq_secondary_to_fMRI_N;unique_runs_random	high
sub-072	ses-02	02	July-21-2024_10-02-10_AM__scan_info_for_subject_SUBG07-Session2-2024JUL21__selected_run_is_4__fmri_number_is2.mat;fMRI_2.mat;runs_random.mat	July-21-2024_ 9-58-19_AM__Subject_is_SUBG07-Session2-2024JUL21__sequence_of_stimuli_for_fMRI_number_2_is_6   9  10   3   7   5   1  12   8   4   2  11.mat	unique_scan_info;unique_fMRI_N;discarded_dated_seq_secondary_to_fMRI_N;unique_runs_random	high
sub-072	ses-02	01	July-21-2024_ 9-58-07_AM__scan_info_for_subject_SUBG07-Session2-2024JUL21__selected_run_is_1__fmri_number_is1.mat;fMRI_1.mat;runs_random.mat	July-21-2024_ 9-51-23_AM__Subject_is_SUBG07-Session2-2024JUL21__sequence_of_stimuli_for_fMRI_number_1_is_11   6  10  12   1   5   9   2   4   7   3   8.mat	unique_scan_info;unique_fMRI_N;discarded_dated_seq_secondary_to_fMRI_N;unique_runs_random	high
sub-072	ses-02	02	July-21-2024_10-02-10_AM__scan_info_for_subject_SUBG07-Session2-2024JUL21__selected_run_is_4__fmri_number_is2.mat;fMRI_2.mat;runs_random.mat	July-21-2024_ 9-58-19_AM__Subject_is_SUBG07-Session2-2024JUL21__sequence_of_stimuli_for_fMRI_number_2_is_6   9  10   3   7   5   1  12   8   4   2  11.mat	unique_scan_info;unique_fMRI_N;discarded_dated_seq_secondary_to_fMRI_N;unique_runs_random	high
sub-072	ses-02	03	July-21-2024_10-07-21_AM__scan_info_for_subject_SUBG07-Session2-2024JUL21__selected_run_is_2__fmri_number_is3.mat;fMRI_3.mat;runs_random.mat	July-21-2024_10-03-24_AM__Subject_is_SUBG07-Session2-2024JUL21__sequence_of_stimuli_for_fMRI_number_3_is_3   1   7   8   9   4  12  11   6   2  10   5.mat	unique_scan_info;unique_fMRI_N;discarded_dated_seq_secondary_to_fMRI_N;unique_runs_random	high
sub-072	ses-02	04	July-21-2024_10-11-19_AM__scan_info_for_subject_SUBG07-Session2-2024JUL21__selected_run_is_5__fmri_number_is4.mat;fMRI_4.mat;runs_random.mat	July-21-2024_10-07-29_AM__Subject_is_SUBG07-Session2-2024JUL21__sequence_of_stimuli_for_fMRI_number_4_is_12   3  10   6  11   7   1   2   5   8   9   4.mat	unique_scan_info;unique_fMRI_N;discarded_dated_seq_secondary_to_fMRI_N;unique_runs_random	high
sub-072	ses-02	05	runs_random.mat		unique_runs_random;insufficient_for_events	low
sub-072	ses-02	06	runs_random.mat		unique_runs_random;insufficient_for_events	low
sub-072	ses-02	03	July-21-2024_10-07-21_AM__scan_info_for_subject_SUBG07-Session2-2024JUL21__selected_run_is_2__fmri_number_is3.mat;fMRI_3.mat;runs_random.mat	July-21-2024_10-03-24_AM__Subject_is_SUBG07-Session2-2024JUL21__sequence_of_stimuli_for_fMRI_number_3_is_3   1   7   8   9   4  12  11   6   2  10   5.mat	unique_scan_info;unique_fMRI_N;discarded_dated_seq_secondary_to_fMRI_N;unique_runs_random	high
sub-072	ses-02	04	July-21-2024_10-11-19_AM__scan_info_for_subject_SUBG07-Session2-2024JUL21__selected_run_is_5__fmri_number_is4.mat;fMRI_4.mat;runs_random.mat	July-21-2024_10-07-29_AM__Subject_is_SUBG07-Session2-2024JUL21__sequence_of_stimuli_for_fMRI_number_4_is_12   3  10   6  11   7   1   2   5   8   9   4.mat	unique_scan_info;unique_fMRI_N;discarded_dated_seq_secondary_to_fMRI_N;unique_runs_random	high
sub-072	ses-02	05	runs_random.mat		unique_runs_random;insufficient_for_events	low
sub-072	ses-02	06	runs_random.mat		unique_runs_random;insufficient_for_events	low
sub-072	ses-02	07	runs_random.mat		unique_runs_random;insufficient_for_events	low
sub-072	ses-02	08	runs_random.mat		unique_runs_random;insufficient_for_events	low
sub-073	ses-01	01	February-10-2024_ 3-13-01_PM__scan_info_for_subject_G08__selected_run_is_1__fmri_number_is1.mat;fMRI_1.mat;runs_random.mat	February-10-2024_ 3-08-30_PM__Subject_is_G08__sequence_of_stimuli_for_fMRI_number_1_is_11   6  10  12   1   5   9   2   4   7   3   8.mat	unique_scan_info;unique_fMRI_N;discarded_dated_seq_secondary_to_fMRI_N;unique_runs_random	high
sub-073	ses-01	02	February-10-2024_ 3-17-11_PM__scan_info_for_subject_subg08__selected_run_is_4__fmri_number_is2.mat;fMRI_2.mat;runs_random.mat	February-10-2024_ 3-13-16_PM__Subject_is_subg08__sequence_of_stimuli_for_fMRI_number_2_is_6   9  10   3   7   5   1  12   8   4   2  11.mat	unique_scan_info;unique_fMRI_N;discarded_dated_seq_secondary_to_fMRI_N;unique_runs_random	high
sub-073	ses-01	03	February-10-2024_ 3-21-28_PM__scan_info_for_subject_G08__selected_run_is_2__fmri_number_is3.mat;fMRI_3.mat;runs_random.mat	February-10-2024_ 3-17-38_PM__Subject_is_G08__sequence_of_stimuli_for_fMRI_number_3_is_3   1   7   8   9   4  12  11   6   2  10   5.mat	unique_scan_info;unique_fMRI_N;discarded_dated_seq_secondary_to_fMRI_N;unique_runs_random	high
sub-073	ses-01	04	February-10-2024_ 3-25-41_PM__scan_info_for_subject_G08__selected_run_is_5__fmri_number_is4.mat;fMRI_4.mat;runs_random.mat	February-10-2024_ 3-21-50_PM__Subject_is_G08__sequence_of_stimuli_for_fMRI_number_4_is_12   3  10   6  11   7   1   2   5   8   9   4.mat	unique_scan_info;unique_fMRI_N;discarded_dated_seq_secondary_to_fMRI_N;unique_runs_random	high
sub-073	ses-01	01	February-10-2024_ 3-13-01_PM__scan_info_for_subject_G08__selected_run_is_1__fmri_number_is1.mat;fMRI_1.mat;runs_random.mat	February-10-2024_ 3-08-30_PM__Subject_is_G08__sequence_of_stimuli_for_fMRI_number_1_is_11   6  10  12   1   5   9   2   4   7   3   8.mat	unique_scan_info;unique_fMRI_N;discarded_dated_seq_secondary_to_fMRI_N;unique_runs_random	high
sub-073	ses-01	02	February-10-2024_ 3-17-11_PM__scan_info_for_subject_subg08__selected_run_is_4__fmri_number_is2.mat;fMRI_2.mat;runs_random.mat	February-10-2024_ 3-13-16_PM__Subject_is_subg08__sequence_of_stimuli_for_fMRI_number_2_is_6   9  10   3   7   5   1  12   8   4   2  11.mat	unique_scan_info;unique_fMRI_N;discarded_dated_seq_secondary_to_fMRI_N;unique_runs_random	high
sub-073	ses-01	05	runs_random.mat		unique_runs_random;insufficient_for_events	low
sub-073	ses-01	06	runs_random.mat		unique_runs_random;insufficient_for_events	low
sub-073	ses-01	03	February-10-2024_ 3-21-28_PM__scan_info_for_subject_G08__selected_run_is_2__fmri_number_is3.mat;fMRI_3.mat;runs_random.mat	February-10-2024_ 3-17-38_PM__Subject_is_G08__sequence_of_stimuli_for_fMRI_number_3_is_3   1   7   8   9   4  12  11   6   2  10   5.mat	unique_scan_info;unique_fMRI_N;discarded_dated_seq_secondary_to_fMRI_N;unique_runs_random	high
sub-073	ses-01	04	February-10-2024_ 3-25-41_PM__scan_info_for_subject_G08__selected_run_is_5__fmri_number_is4.mat;fMRI_4.mat;runs_random.mat	February-10-2024_ 3-21-50_PM__Subject_is_G08__sequence_of_stimuli_for_fMRI_number_4_is_12   3  10   6  11   7   1   2   5   8   9   4.mat	unique_scan_info;unique_fMRI_N;discarded_dated_seq_secondary_to_fMRI_N;unique_runs_random	high
sub-073	ses-01	05	runs_random.mat		unique_runs_random;insufficient_for_events	low
sub-073	ses-01	06	runs_random.mat		unique_runs_random;insufficient_for_events	low
sub-073	ses-01	07	runs_random.mat		unique_runs_random;insufficient_for_events	low
sub-073	ses-01	08	runs_random.mat		unique_runs_random;insufficient_for_events	low
sub-073	ses-02	01	August-18-2024_10-47-26_AM__scan_info_for_subject_SUBG08_Session02__selected_run_is_1__fmri_number_is1.mat;fMRI_1.mat;runs_random.mat	August-18-2024_10-42-18_AM__Subject_is_SUBG08_Session02__sequence_of_stimuli_for_fMRI_number_1_is_11   6  10  12   1   5   9   2   4   7   3   8.mat	unique_scan_info;unique_fMRI_N;discarded_dated_seq_secondary_to_fMRI_N;unique_runs_random	high
sub-073	ses-02	02	August-18-2024_10-51-55_AM__scan_info_for_subject_SUBG08_Session02__selected_run_is_4__fmri_number_is2.mat;fMRI_2.mat;runs_random.mat	August-18-2024_10-47-50_AM__Subject_is_SUBG08_Session02__sequence_of_stimuli_for_fMRI_number_2_is_6   9  10   3   7   5   1  12   8   4   2  11.mat	unique_scan_info;unique_fMRI_N;discarded_dated_seq_secondary_to_fMRI_N;unique_runs_random	high
sub-073	ses-02	01	August-18-2024_10-47-26_AM__scan_info_for_subject_SUBG08_Session02__selected_run_is_1__fmri_number_is1.mat;fMRI_1.mat;runs_random.mat	August-18-2024_10-42-18_AM__Subject_is_SUBG08_Session02__sequence_of_stimuli_for_fMRI_number_1_is_11   6  10  12   1   5   9   2   4   7   3   8.mat	unique_scan_info;unique_fMRI_N;discarded_dated_seq_secondary_to_fMRI_N;unique_runs_random	high
sub-073	ses-02	02	August-18-2024_10-51-55_AM__scan_info_for_subject_SUBG08_Session02__selected_run_is_4__fmri_number_is2.mat;fMRI_2.mat;runs_random.mat	August-18-2024_10-47-50_AM__Subject_is_SUBG08_Session02__sequence_of_stimuli_for_fMRI_number_2_is_6   9  10   3   7   5   1  12   8   4   2  11.mat	unique_scan_info;unique_fMRI_N;discarded_dated_seq_secondary_to_fMRI_N;unique_runs_random	high
sub-073	ses-02	03	August-18-2024_10-57-19_AM__scan_info_for_subject_SUBG08_Session02__selected_run_is_2__fmri_number_is3.mat;fMRI_3.mat;runs_random.mat	August-18-2024_10-53-20_AM__Subject_is_SUBG08_Session02__sequence_of_stimuli_for_fMRI_number_3_is_3   1   7   8   9   4  12  11   6   2  10   5.mat	unique_scan_info;unique_fMRI_N;discarded_dated_seq_secondary_to_fMRI_N;unique_runs_random	high
sub-073	ses-02	04	August-18-2024_11-01-27_AM__scan_info_for_subject_SUBG08_Session02__selected_run_is_5__fmri_number_is4.mat;fMRI_4.mat;runs_random.mat	August-18-2024_10-57-29_AM__Subject_is_SUBG08_Session02__sequence_of_stimuli_for_fMRI_number_4_is_12   3  10   6  11   7   1   2   5   8   9   4.mat	unique_scan_info;unique_fMRI_N;discarded_dated_seq_secondary_to_fMRI_N;unique_runs_random	high
sub-073	ses-02	05	runs_random.mat		unique_runs_random;insufficient_for_events	low
sub-073	ses-02	06	runs_random.mat		unique_runs_random;insufficient_for_events	low
sub-073	ses-02	03	August-18-2024_10-57-19_AM__scan_info_for_subject_SUBG08_Session02__selected_run_is_2__fmri_number_is3.mat;fMRI_3.mat;runs_random.mat	August-18-2024_10-53-20_AM__Subject_is_SUBG08_Session02__sequence_of_stimuli_for_fMRI_number_3_is_3   1   7   8   9   4  12  11   6   2  10   5.mat	unique_scan_info;unique_fMRI_N;discarded_dated_seq_secondary_to_fMRI_N;unique_runs_random	high
sub-073	ses-02	04	August-18-2024_11-01-27_AM__scan_info_for_subject_SUBG08_Session02__selected_run_is_5__fmri_number_is4.mat;fMRI_4.mat;runs_random.mat	August-18-2024_10-57-29_AM__Subject_is_SUBG08_Session02__sequence_of_stimuli_for_fMRI_number_4_is_12   3  10   6  11   7   1   2   5   8   9   4.mat	unique_scan_info;unique_fMRI_N;discarded_dated_seq_secondary_to_fMRI_N;unique_runs_random	high
sub-073	ses-02	05	runs_random.mat		unique_runs_random;insufficient_for_events	low
sub-073	ses-02	06	runs_random.mat		unique_runs_random;insufficient_for_events	low
sub-073	ses-02	07	runs_random.mat		unique_runs_random;insufficient_for_events	low
sub-073	ses-02	08	runs_random.mat		unique_runs_random;insufficient_for_events	low
sub-074	ses-01	01	May-23-2024_11-09-23_AM__scan_info_for_subject_SUBG09__selected_run_is_1__fmri_number_is1.mat;fMRI_1.mat;runs_random.mat	May-23-2024_11-03-17_AM__Subject_is_SUBG09__sequence_of_stimuli_for_fMRI_number_1_is_11   6  10  12   1   5   9   2   4   7   3   8.mat	unique_scan_info;unique_fMRI_N;discarded_dated_seq_secondary_to_fMRI_N;unique_runs_random	high
sub-074	ses-01	02	May-23-2024_11-13-39_AM__scan_info_for_subject_SUBG09__selected_run_is_4__fmri_number_is2.mat;fMRI_2.mat;runs_random.mat	May-23-2024_11-09-35_AM__Subject_is_SUBG09__sequence_of_stimuli_for_fMRI_number_2_is_6   9  10   3   7   5   1  12   8   4   2  11.mat	unique_scan_info;unique_fMRI_N;discarded_dated_seq_secondary_to_fMRI_N;unique_runs_random	high
sub-074	ses-01	01	May-23-2024_11-09-23_AM__scan_info_for_subject_SUBG09__selected_run_is_1__fmri_number_is1.mat;fMRI_1.mat;runs_random.mat	May-23-2024_11-03-17_AM__Subject_is_SUBG09__sequence_of_stimuli_for_fMRI_number_1_is_11   6  10  12   1   5   9   2   4   7   3   8.mat	unique_scan_info;unique_fMRI_N;discarded_dated_seq_secondary_to_fMRI_N;unique_runs_random	high
sub-074	ses-01	02	May-23-2024_11-13-39_AM__scan_info_for_subject_SUBG09__selected_run_is_4__fmri_number_is2.mat;fMRI_2.mat;runs_random.mat	May-23-2024_11-09-35_AM__Subject_is_SUBG09__sequence_of_stimuli_for_fMRI_number_2_is_6   9  10   3   7   5   1  12   8   4   2  11.mat	unique_scan_info;unique_fMRI_N;discarded_dated_seq_secondary_to_fMRI_N;unique_runs_random	high
sub-074	ses-01	03	May-23-2024_11-18-57_AM__scan_info_for_subject_SUBG09__selected_run_is_2__fmri_number_is3.mat;fMRI_3.mat;runs_random.mat	May-23-2024_11-13-48_AM__Subject_is_SUBG09__sequence_of_stimuli_for_fMRI_number_3_is_3   1   7   8   9   4  12  11   6   2  10   5.mat	unique_scan_info;unique_fMRI_N;discarded_dated_seq_secondary_to_fMRI_N;unique_runs_random	high
sub-074	ses-01	04	May-23-2024_11-23-08_AM__scan_info_for_subject_subg09__selected_run_is_5__fmri_number_is4.mat;fMRI_4.mat;runs_random.mat	May-23-2024_11-19-14_AM__Subject_is_subg09__sequence_of_stimuli_for_fMRI_number_4_is_12   3  10   6  11   7   1   2   5   8   9   4.mat	unique_scan_info;unique_fMRI_N;discarded_dated_seq_secondary_to_fMRI_N;unique_runs_random	high
sub-074	ses-01	05	runs_random.mat		unique_runs_random;insufficient_for_events	low
sub-074	ses-01	06	runs_random.mat		unique_runs_random;insufficient_for_events	low
sub-074	ses-01	03	May-23-2024_11-18-57_AM__scan_info_for_subject_SUBG09__selected_run_is_2__fmri_number_is3.mat;fMRI_3.mat;runs_random.mat	May-23-2024_11-13-48_AM__Subject_is_SUBG09__sequence_of_stimuli_for_fMRI_number_3_is_3   1   7   8   9   4  12  11   6   2  10   5.mat	unique_scan_info;unique_fMRI_N;discarded_dated_seq_secondary_to_fMRI_N;unique_runs_random	high
sub-074	ses-01	04	May-23-2024_11-23-08_AM__scan_info_for_subject_subg09__selected_run_is_5__fmri_number_is4.mat;fMRI_4.mat;runs_random.mat	May-23-2024_11-19-14_AM__Subject_is_subg09__sequence_of_stimuli_for_fMRI_number_4_is_12   3  10   6  11   7   1   2   5   8   9   4.mat	unique_scan_info;unique_fMRI_N;discarded_dated_seq_secondary_to_fMRI_N;unique_runs_random	high
sub-074	ses-01	05	runs_random.mat		unique_runs_random;insufficient_for_events	low
sub-074	ses-01	06	runs_random.mat		unique_runs_random;insufficient_for_events	low
sub-074	ses-01	07	runs_random.mat		unique_runs_random;insufficient_for_events	low
sub-074	ses-01	08	runs_random.mat		unique_runs_random;insufficient_for_events	low
sub-074	ses-02	01	November-19-2024_10-37-16_AM__scan_info_for_subject_SUBG09_Session02_2024NOV19__selected_run_is_1__fmri_number_is1.mat;fMRI_1.mat;runs_random.mat	November-19-2024_10-30-53_AM__Subject_is_SUBG09_Session02_2024NOV19__sequence_of_stimuli_for_fMRI_number_1_is_11   6  10  12   1   5   9   2   4   7   3   8.mat	unique_scan_info;unique_fMRI_N;discarded_dated_seq_secondary_to_fMRI_N;unique_runs_random	high
sub-074	ses-02	02	November-19-2024_10-41-34_AM__scan_info_for_subject_SUBG09_Session02_2024NOV19__selected_run_is_4__fmri_number_is2.mat;fMRI_2.mat;runs_random.mat	November-19-2024_10-37-26_AM__Subject_is_SUBG09_Session02_2024NOV19__sequence_of_stimuli_for_fMRI_number_2_is_6   9  10   3   7   5   1  12   8   4   2  11.mat	unique_scan_info;unique_fMRI_N;discarded_dated_seq_secondary_to_fMRI_N;unique_runs_random	high
sub-074	ses-02	01	November-19-2024_10-37-16_AM__scan_info_for_subject_SUBG09_Session02_2024NOV19__selected_run_is_1__fmri_number_is1.mat;fMRI_1.mat;runs_random.mat	November-19-2024_10-30-53_AM__Subject_is_SUBG09_Session02_2024NOV19__sequence_of_stimuli_for_fMRI_number_1_is_11   6  10  12   1   5   9   2   4   7   3   8.mat	unique_scan_info;unique_fMRI_N;discarded_dated_seq_secondary_to_fMRI_N;unique_runs_random	high
sub-074	ses-02	02	November-19-2024_10-41-34_AM__scan_info_for_subject_SUBG09_Session02_2024NOV19__selected_run_is_4__fmri_number_is2.mat;fMRI_2.mat;runs_random.mat	November-19-2024_10-37-26_AM__Subject_is_SUBG09_Session02_2024NOV19__sequence_of_stimuli_for_fMRI_number_2_is_6   9  10   3   7   5   1  12   8   4   2  11.mat	unique_scan_info;unique_fMRI_N;discarded_dated_seq_secondary_to_fMRI_N;unique_runs_random	high
sub-074	ses-02	03	November-19-2024_10-47-51_AM__scan_info_for_subject_SUBG09_Session02_2024NOV19__selected_run_is_2__fmri_number_is3.mat;fMRI_3.mat;runs_random.mat	November-19-2024_10-44-00_AM__Subject_is_SUBG09_Session02_2024NOV19__sequence_of_stimuli_for_fMRI_number_3_is_3   1   7   8   9   4  12  11   6   2  10   5.mat	unique_scan_info;unique_fMRI_N;discarded_dated_seq_secondary_to_fMRI_N;unique_runs_random	high
sub-074	ses-02	04	November-19-2024_10-51-58_AM__scan_info_for_subject_SUBG09_Session02_2024NOV19__selected_run_is_5__fmri_number_is4.mat;fMRI_4.mat;runs_random.mat	November-19-2024_10-48-02_AM__Subject_is_SUBG09_Session02_2024NOV19__sequence_of_stimuli_for_fMRI_number_4_is_12   3  10   6  11   7   1   2   5   8   9   4.mat	unique_scan_info;unique_fMRI_N;discarded_dated_seq_secondary_to_fMRI_N;unique_runs_random	high
sub-074	ses-02	05	runs_random.mat		unique_runs_random;insufficient_for_events	low
sub-074	ses-02	06	runs_random.mat		unique_runs_random;insufficient_for_events	low
sub-074	ses-02	03	November-19-2024_10-47-51_AM__scan_info_for_subject_SUBG09_Session02_2024NOV19__selected_run_is_2__fmri_number_is3.mat;fMRI_3.mat;runs_random.mat	November-19-2024_10-44-00_AM__Subject_is_SUBG09_Session02_2024NOV19__sequence_of_stimuli_for_fMRI_number_3_is_3   1   7   8   9   4  12  11   6   2  10   5.mat	unique_scan_info;unique_fMRI_N;discarded_dated_seq_secondary_to_fMRI_N;unique_runs_random	high
sub-074	ses-02	04	November-19-2024_10-51-58_AM__scan_info_for_subject_SUBG09_Session02_2024NOV19__selected_run_is_5__fmri_number_is4.mat;fMRI_4.mat;runs_random.mat	November-19-2024_10-48-02_AM__Subject_is_SUBG09_Session02_2024NOV19__sequence_of_stimuli_for_fMRI_number_4_is_12   3  10   6  11   7   1   2   5   8   9   4.mat	unique_scan_info;unique_fMRI_N;discarded_dated_seq_secondary_to_fMRI_N;unique_runs_random	high
sub-074	ses-02	07	runs_random.mat		unique_runs_random;insufficient_for_events	low
sub-074	ses-02	08	runs_random.mat		unique_runs_random;insufficient_for_events	low
sub-075	ses-01	01	September-13-2024_ 5-52-38_PM__scan_info_for_subject_SUBG10_Session01_2024SEP13__selected_run_is_1__fmri_number_is1.mat;fMRI_1.mat;runs_random.mat	September-13-2024_ 5-47-15_PM__Subject_is_SUBG10_Session01_2024SEP13__sequence_of_stimuli_for_fMRI_number_1_is_11   6  10  12   1   5   9   2   4   7   3   8.mat	unique_scan_info;unique_fMRI_N;discarded_dated_seq_secondary_to_fMRI_N;unique_runs_random	high
sub-075	ses-01	02	September-13-2024_ 5-56-54_PM__scan_info_for_subject_SUBG10_Session01_2024SEP13__selected_run_is_4__fmri_number_is2.mat;fMRI_2.mat;runs_random.mat	September-13-2024_ 5-52-52_PM__Subject_is_SUBG10_Session01_2024SEP13__sequence_of_stimuli_for_fMRI_number_2_is_6   9  10   3   7   5   1  12   8   4   2  11.mat	unique_scan_info;unique_fMRI_N;discarded_dated_seq_secondary_to_fMRI_N;unique_runs_random	high
sub-075	ses-01	01	September-13-2024_ 5-52-38_PM__scan_info_for_subject_SUBG10_Session01_2024SEP13__selected_run_is_1__fmri_number_is1.mat;fMRI_1.mat;runs_random.mat	September-13-2024_ 5-47-15_PM__Subject_is_SUBG10_Session01_2024SEP13__sequence_of_stimuli_for_fMRI_number_1_is_11   6  10  12   1   5   9   2   4   7   3   8.mat	unique_scan_info;unique_fMRI_N;discarded_dated_seq_secondary_to_fMRI_N;unique_runs_random	high
sub-075	ses-01	02	September-13-2024_ 5-56-54_PM__scan_info_for_subject_SUBG10_Session01_2024SEP13__selected_run_is_4__fmri_number_is2.mat;fMRI_2.mat;runs_random.mat	September-13-2024_ 5-52-52_PM__Subject_is_SUBG10_Session01_2024SEP13__sequence_of_stimuli_for_fMRI_number_2_is_6   9  10   3   7   5   1  12   8   4   2  11.mat	unique_scan_info;unique_fMRI_N;discarded_dated_seq_secondary_to_fMRI_N;unique_runs_random	high
sub-075	ses-01	03	September-13-2024_ 6-02-09_PM__scan_info_for_subject_SUBG10_Session01_2024SEP13__selected_run_is_2__fmri_number_is3.mat;fMRI_3.mat;runs_random.mat	September-13-2024_ 5-58-13_PM__Subject_is_SUBG10_Session01_2024SEP13__sequence_of_stimuli_for_fMRI_number_3_is_3   1   7   8   9   4  12  11   6   2  10   5.mat	unique_scan_info;unique_fMRI_N;discarded_dated_seq_secondary_to_fMRI_N;unique_runs_random	high
sub-075	ses-01	04	September-13-2024_ 6-06-20_PM__scan_info_for_subject_SUBG10_Session01_2024SEP13__selected_run_is_5__fmri_number_is4.mat;fMRI_4.mat;runs_random.mat	September-13-2024_ 6-02-23_PM__Subject_is_SUBG10_Session01_2024SEP13__sequence_of_stimuli_for_fMRI_number_4_is_12   3  10   6  11   7   1   2   5   8   9   4.mat	unique_scan_info;unique_fMRI_N;discarded_dated_seq_secondary_to_fMRI_N;unique_runs_random	high
sub-075	ses-01	05	runs_random.mat		unique_runs_random;insufficient_for_events	low
sub-075	ses-01	06	runs_random.mat		unique_runs_random;insufficient_for_events	low
sub-075	ses-01	03	September-13-2024_ 6-02-09_PM__scan_info_for_subject_SUBG10_Session01_2024SEP13__selected_run_is_2__fmri_number_is3.mat;fMRI_3.mat;runs_random.mat	September-13-2024_ 5-58-13_PM__Subject_is_SUBG10_Session01_2024SEP13__sequence_of_stimuli_for_fMRI_number_3_is_3   1   7   8   9   4  12  11   6   2  10   5.mat	unique_scan_info;unique_fMRI_N;discarded_dated_seq_secondary_to_fMRI_N;unique_runs_random	high
sub-075	ses-01	04	September-13-2024_ 6-06-20_PM__scan_info_for_subject_SUBG10_Session01_2024SEP13__selected_run_is_5__fmri_number_is4.mat;fMRI_4.mat;runs_random.mat	September-13-2024_ 6-02-23_PM__Subject_is_SUBG10_Session01_2024SEP13__sequence_of_stimuli_for_fMRI_number_4_is_12   3  10   6  11   7   1   2   5   8   9   4.mat	unique_scan_info;unique_fMRI_N;discarded_dated_seq_secondary_to_fMRI_N;unique_runs_random	high
sub-075	ses-01	05	runs_random.mat		unique_runs_random;insufficient_for_events	low
sub-075	ses-01	06	runs_random.mat		unique_runs_random;insufficient_for_events	low
sub-075	ses-01	07	runs_random.mat		unique_runs_random;insufficient_for_events	low
sub-075	ses-01	08	runs_random.mat		unique_runs_random;insufficient_for_events	low
sub-076	ses-01	01	October-06-2024_ 2-24-54_PM__scan_info_for_subject_SUBG11-Session1-2024OCT6__selected_run_is_1__fmri_number_is1.mat;fMRI_1.mat;runs_random.mat	October-06-2024_ 2-20-05_PM__Subject_is_SUBG11-Session1-2024OCT6__sequence_of_stimuli_for_fMRI_number_1_is_11   6  10  12   1   5   9   2   4   7   3   8.mat	unique_scan_info;unique_fMRI_N;discarded_dated_seq_secondary_to_fMRI_N;unique_runs_random	high
sub-076	ses-01	02	October-06-2024_ 2-29-33_PM__scan_info_for_subject_SUBG11-Session1-2024OCT6__selected_run_is_4__fmri_number_is2.mat;fMRI_2.mat;runs_random.mat	October-06-2024_ 2-25-34_PM__Subject_is_SUBG11-Session1-2024OCT6__sequence_of_stimuli_for_fMRI_number_2_is_6   9  10   3   7   5   1  12   8   4   2  11.mat	unique_scan_info;unique_fMRI_N;discarded_dated_seq_secondary_to_fMRI_N;unique_runs_random	high
sub-076	ses-01	01	October-06-2024_ 2-24-54_PM__scan_info_for_subject_SUBG11-Session1-2024OCT6__selected_run_is_1__fmri_number_is1.mat;fMRI_1.mat;runs_random.mat	October-06-2024_ 2-20-05_PM__Subject_is_SUBG11-Session1-2024OCT6__sequence_of_stimuli_for_fMRI_number_1_is_11   6  10  12   1   5   9   2   4   7   3   8.mat	unique_scan_info;unique_fMRI_N;discarded_dated_seq_secondary_to_fMRI_N;unique_runs_random	high
sub-076	ses-01	02	October-06-2024_ 2-29-33_PM__scan_info_for_subject_SUBG11-Session1-2024OCT6__selected_run_is_4__fmri_number_is2.mat;fMRI_2.mat;runs_random.mat	October-06-2024_ 2-25-34_PM__Subject_is_SUBG11-Session1-2024OCT6__sequence_of_stimuli_for_fMRI_number_2_is_6   9  10   3   7   5   1  12   8   4   2  11.mat	unique_scan_info;unique_fMRI_N;discarded_dated_seq_secondary_to_fMRI_N;unique_runs_random	high
sub-076	ses-01	03	October-06-2024_ 2-35-22_PM__scan_info_for_subject_SUBG11-Session1-2024OCT6__selected_run_is_2__fmri_number_is3.mat;fMRI_3.mat;runs_random.mat	October-06-2024_ 2-31-29_PM__Subject_is_SUBG11-Session1-2024OCT6__sequence_of_stimuli_for_fMRI_number_3_is_3   1   7   8   9   4  12  11   6   2  10   5.mat	unique_scan_info;unique_fMRI_N;discarded_dated_seq_secondary_to_fMRI_N;unique_runs_random	high
sub-076	ses-01	04	October-06-2024_ 2-39-23_PM__scan_info_for_subject_SUBG11-Session1-2024OCT6__selected_run_is_5__fmri_number_is4.mat;fMRI_4.mat;runs_random.mat	October-06-2024_ 2-35-35_PM__Subject_is_SUBG11-Session1-2024OCT6__sequence_of_stimuli_for_fMRI_number_4_is_12   3  10   6  11   7   1   2   5   8   9   4.mat	unique_scan_info;unique_fMRI_N;discarded_dated_seq_secondary_to_fMRI_N;unique_runs_random	high
sub-076	ses-01	05	runs_random.mat		unique_runs_random;insufficient_for_events	low
sub-076	ses-01	06	runs_random.mat		unique_runs_random;insufficient_for_events	low
sub-076	ses-01	03	October-06-2024_ 2-35-22_PM__scan_info_for_subject_SUBG11-Session1-2024OCT6__selected_run_is_2__fmri_number_is3.mat;fMRI_3.mat;runs_random.mat	October-06-2024_ 2-31-29_PM__Subject_is_SUBG11-Session1-2024OCT6__sequence_of_stimuli_for_fMRI_number_3_is_3   1   7   8   9   4  12  11   6   2  10   5.mat	unique_scan_info;unique_fMRI_N;discarded_dated_seq_secondary_to_fMRI_N;unique_runs_random	high
sub-076	ses-01	04	October-06-2024_ 2-39-23_PM__scan_info_for_subject_SUBG11-Session1-2024OCT6__selected_run_is_5__fmri_number_is4.mat;fMRI_4.mat;runs_random.mat	October-06-2024_ 2-35-35_PM__Subject_is_SUBG11-Session1-2024OCT6__sequence_of_stimuli_for_fMRI_number_4_is_12   3  10   6  11   7   1   2   5   8   9   4.mat	unique_scan_info;unique_fMRI_N;discarded_dated_seq_secondary_to_fMRI_N;unique_runs_random	high
sub-076	ses-01	05	runs_random.mat		unique_runs_random;insufficient_for_events	low
sub-076	ses-01	06	runs_random.mat		unique_runs_random;insufficient_for_events	low
sub-076	ses-01	07	runs_random.mat		unique_runs_random;insufficient_for_events	low
sub-076	ses-01	08	runs_random.mat		unique_runs_random;insufficient_for_events	low
sub-077	ses-01	01	November-20-2024_ 4-35-21_PM__scan_info_for_subject_SUBG2-Session1-2024NOV20__selected_run_is_1__fmri_number_is1.mat;fMRI_1.mat;runs_random.mat	November-20-2024_ 4-30-39_PM__Subject_is_SUBG2-Session1-2024NOV20__sequence_of_stimuli_for_fMRI_number_1_is_11   6  10  12   1   5   9   2   4   7   3   8.mat	unique_scan_info;unique_fMRI_N;discarded_dated_seq_secondary_to_fMRI_N;unique_runs_random	high
sub-077	ses-01	02	November-20-2024_ 4-39-31_PM__scan_info_for_subject_SUBG2-Session1-2024NOV20__selected_run_is_4__fmri_number_is2.mat;fMRI_2.mat;runs_random.mat	November-20-2024_ 4-35-34_PM__Subject_is_SUBG2-Session1-2024NOV20__sequence_of_stimuli_for_fMRI_number_2_is_6   9  10   3   7   5   1  12   8   4   2  11.mat	unique_scan_info;unique_fMRI_N;discarded_dated_seq_secondary_to_fMRI_N;unique_runs_random	high
sub-077	ses-01	01	November-20-2024_ 4-35-21_PM__scan_info_for_subject_SUBG2-Session1-2024NOV20__selected_run_is_1__fmri_number_is1.mat;fMRI_1.mat;runs_random.mat	November-20-2024_ 4-30-39_PM__Subject_is_SUBG2-Session1-2024NOV20__sequence_of_stimuli_for_fMRI_number_1_is_11   6  10  12   1   5   9   2   4   7   3   8.mat	unique_scan_info;unique_fMRI_N;discarded_dated_seq_secondary_to_fMRI_N;unique_runs_random	high
sub-077	ses-01	02	November-20-2024_ 4-39-31_PM__scan_info_for_subject_SUBG2-Session1-2024NOV20__selected_run_is_4__fmri_number_is2.mat;fMRI_2.mat;runs_random.mat	November-20-2024_ 4-35-34_PM__Subject_is_SUBG2-Session1-2024NOV20__sequence_of_stimuli_for_fMRI_number_2_is_6   9  10   3   7   5   1  12   8   4   2  11.mat	unique_scan_info;unique_fMRI_N;discarded_dated_seq_secondary_to_fMRI_N;unique_runs_random	high
sub-077	ses-01	03	November-20-2024_ 4-44-13_PM__scan_info_for_subject_SUBG2-Session1-2024NOV20__selected_run_is_2__fmri_number_is3.mat;fMRI_3.mat;runs_random.mat	November-20-2024_ 4-40-01_PM__Subject_is_SUBG2-Session1-2024NOV20__sequence_of_stimuli_for_fMRI_number_3_is_3   1   7   8   9   4  12  11   6   2  10   5.mat	unique_scan_info;unique_fMRI_N;discarded_dated_seq_secondary_to_fMRI_N;unique_runs_random	high
sub-077	ses-01	04	November-20-2024_ 4-48-17_PM__scan_info_for_subject_SUBG2-Session1-2024NOV20__selected_run_is_5__fmri_number_is4.mat;fMRI_4.mat;runs_random.mat	November-20-2024_ 4-44-27_PM__Subject_is_SUBG2-Session1-2024NOV20__sequence_of_stimuli_for_fMRI_number_4_is_12   3  10   6  11   7   1   2   5   8   9   4.mat	unique_scan_info;unique_fMRI_N;discarded_dated_seq_secondary_to_fMRI_N;unique_runs_random	high
sub-077	ses-01	05	runs_random.mat		unique_runs_random;insufficient_for_events	low
sub-077	ses-01	06	runs_random.mat		unique_runs_random;insufficient_for_events	low
sub-077	ses-01	03	November-20-2024_ 4-44-13_PM__scan_info_for_subject_SUBG2-Session1-2024NOV20__selected_run_is_2__fmri_number_is3.mat;fMRI_3.mat;runs_random.mat	November-20-2024_ 4-40-01_PM__Subject_is_SUBG2-Session1-2024NOV20__sequence_of_stimuli_for_fMRI_number_3_is_3   1   7   8   9   4  12  11   6   2  10   5.mat	unique_scan_info;unique_fMRI_N;discarded_dated_seq_secondary_to_fMRI_N;unique_runs_random	high
sub-077	ses-01	04	November-20-2024_ 4-48-17_PM__scan_info_for_subject_SUBG2-Session1-2024NOV20__selected_run_is_5__fmri_number_is4.mat;fMRI_4.mat;runs_random.mat	November-20-2024_ 4-44-27_PM__Subject_is_SUBG2-Session1-2024NOV20__sequence_of_stimuli_for_fMRI_number_4_is_12   3  10   6  11   7   1   2   5   8   9   4.mat	unique_scan_info;unique_fMRI_N;discarded_dated_seq_secondary_to_fMRI_N;unique_runs_random	high
sub-077	ses-01	05	runs_random.mat		unique_runs_random;insufficient_for_events	low
sub-077	ses-01	06	runs_random.mat		unique_runs_random;insufficient_for_events	low
sub-077	ses-01	07	runs_random.mat		unique_runs_random;insufficient_for_events	low
sub-077	ses-01	08	runs_random.mat		unique_runs_random;insufficient_for_events	low
sub-078	ses-01	01	May-22-2025_ 2-37-20_PM__scan_info_for_subject_SUBG13_SESSION02__selected_run_is_1__fmri_number_is1.mat;fMRI_1.mat;runs_random.mat	May-22-2025_ 2-32-18_PM__Subject_is_SUBG13_SESSION02__sequence_of_stimuli_for_fMRI_number_1_is_11   6  10  12   1   5   9   2   4   7   3   8.mat	unique_scan_info;unique_fMRI_N;discarded_dated_seq_secondary_to_fMRI_N;unique_runs_random	high
sub-078	ses-01	02	May-22-2025_ 2-41-38_PM__scan_info_for_subject_SUBG13_SESSION02__selected_run_is_4__fmri_number_is2.mat;fMRI_2.mat;runs_random.mat	May-22-2025_ 2-37-45_PM__Subject_is_SUBG13_SESSION02__sequence_of_stimuli_for_fMRI_number_2_is_6   9  10   3   7   5   1  12   8   4   2  11.mat	unique_scan_info;unique_fMRI_N;discarded_dated_seq_secondary_to_fMRI_N;unique_runs_random	high
sub-078	ses-01	01	May-22-2025_ 2-37-20_PM__scan_info_for_subject_SUBG13_SESSION02__selected_run_is_1__fmri_number_is1.mat;fMRI_1.mat;runs_random.mat	May-22-2025_ 2-32-18_PM__Subject_is_SUBG13_SESSION02__sequence_of_stimuli_for_fMRI_number_1_is_11   6  10  12   1   5   9   2   4   7   3   8.mat	unique_scan_info;unique_fMRI_N;discarded_dated_seq_secondary_to_fMRI_N;unique_runs_random	high
sub-078	ses-01	02	May-22-2025_ 2-41-38_PM__scan_info_for_subject_SUBG13_SESSION02__selected_run_is_4__fmri_number_is2.mat;fMRI_2.mat;runs_random.mat	May-22-2025_ 2-37-45_PM__Subject_is_SUBG13_SESSION02__sequence_of_stimuli_for_fMRI_number_2_is_6   9  10   3   7   5   1  12   8   4   2  11.mat	unique_scan_info;unique_fMRI_N;discarded_dated_seq_secondary_to_fMRI_N;unique_runs_random	high
sub-078	ses-01	03	May-22-2025_ 2-47-01_PM__scan_info_for_subject_SUBG13_SESSION02__selected_run_is_2__fmri_number_is3.mat;fMRI_3.mat;runs_random.mat	May-22-2025_ 2-43-01_PM__Subject_is_SUBG13_SESSION02__sequence_of_stimuli_for_fMRI_number_3_is_3   1   7   8   9   4  12  11   6   2  10   5.mat	unique_scan_info;unique_fMRI_N;discarded_dated_seq_secondary_to_fMRI_N;unique_runs_random	high
sub-078	ses-01	04	May-22-2025_ 2-51-14_PM__scan_info_for_subject_SUBG13_SESSION02__selected_run_is_5__fmri_number_is4.mat;fMRI_4.mat;runs_random.mat	May-22-2025_ 2-47-11_PM__Subject_is_SUBG13_SESSION02__sequence_of_stimuli_for_fMRI_number_4_is_12   3  10   6  11   7   1   2   5   8   9   4.mat	unique_scan_info;unique_fMRI_N;discarded_dated_seq_secondary_to_fMRI_N;unique_runs_random	high
sub-078	ses-01	05	runs_random.mat		unique_runs_random;insufficient_for_events	low
sub-078	ses-01	06	runs_random.mat		unique_runs_random;insufficient_for_events	low
sub-078	ses-01	03	May-22-2025_ 2-47-01_PM__scan_info_for_subject_SUBG13_SESSION02__selected_run_is_2__fmri_number_is3.mat;fMRI_3.mat;runs_random.mat	May-22-2025_ 2-43-01_PM__Subject_is_SUBG13_SESSION02__sequence_of_stimuli_for_fMRI_number_3_is_3   1   7   8   9   4  12  11   6   2  10   5.mat	unique_scan_info;unique_fMRI_N;discarded_dated_seq_secondary_to_fMRI_N;unique_runs_random	high
sub-078	ses-01	04	May-22-2025_ 2-51-14_PM__scan_info_for_subject_SUBG13_SESSION02__selected_run_is_5__fmri_number_is4.mat;fMRI_4.mat;runs_random.mat	May-22-2025_ 2-47-11_PM__Subject_is_SUBG13_SESSION02__sequence_of_stimuli_for_fMRI_number_4_is_12   3  10   6  11   7   1   2   5   8   9   4.mat	unique_scan_info;unique_fMRI_N;discarded_dated_seq_secondary_to_fMRI_N;unique_runs_random	high
sub-078	ses-01	05	runs_random.mat		unique_runs_random;insufficient_for_events	low
sub-078	ses-01	06	runs_random.mat		unique_runs_random;insufficient_for_events	low
sub-078	ses-01	07	runs_random.mat		unique_runs_random;insufficient_for_events	low
sub-078	ses-01	08	runs_random.mat		unique_runs_random;insufficient_for_events	low
sub-078	ses-02	01	May-22-2025_ 2-37-20_PM__scan_info_for_subject_SUBG13_SESSION02__selected_run_is_1__fmri_number_is1.mat;fMRI_1.mat;runs_random.mat	May-22-2025_ 2-32-18_PM__Subject_is_SUBG13_SESSION02__sequence_of_stimuli_for_fMRI_number_1_is_11   6  10  12   1   5   9   2   4   7   3   8.mat	unique_scan_info;unique_fMRI_N;discarded_dated_seq_secondary_to_fMRI_N;unique_runs_random	high
sub-078	ses-02	02	May-22-2025_ 2-41-38_PM__scan_info_for_subject_SUBG13_SESSION02__selected_run_is_4__fmri_number_is2.mat;fMRI_2.mat;runs_random.mat	May-22-2025_ 2-37-45_PM__Subject_is_SUBG13_SESSION02__sequence_of_stimuli_for_fMRI_number_2_is_6   9  10   3   7   5   1  12   8   4   2  11.mat	unique_scan_info;unique_fMRI_N;discarded_dated_seq_secondary_to_fMRI_N;unique_runs_random	high
sub-078	ses-02	01	May-22-2025_ 2-37-20_PM__scan_info_for_subject_SUBG13_SESSION02__selected_run_is_1__fmri_number_is1.mat;fMRI_1.mat;runs_random.mat	May-22-2025_ 2-32-18_PM__Subject_is_SUBG13_SESSION02__sequence_of_stimuli_for_fMRI_number_1_is_11   6  10  12   1   5   9   2   4   7   3   8.mat	unique_scan_info;unique_fMRI_N;discarded_dated_seq_secondary_to_fMRI_N;unique_runs_random	high
sub-078	ses-02	02	May-22-2025_ 2-41-38_PM__scan_info_for_subject_SUBG13_SESSION02__selected_run_is_4__fmri_number_is2.mat;fMRI_2.mat;runs_random.mat	May-22-2025_ 2-37-45_PM__Subject_is_SUBG13_SESSION02__sequence_of_stimuli_for_fMRI_number_2_is_6   9  10   3   7   5   1  12   8   4   2  11.mat	unique_scan_info;unique_fMRI_N;discarded_dated_seq_secondary_to_fMRI_N;unique_runs_random	high
sub-078	ses-02	03	May-22-2025_ 2-47-01_PM__scan_info_for_subject_SUBG13_SESSION02__selected_run_is_2__fmri_number_is3.mat;fMRI_3.mat;runs_random.mat	May-22-2025_ 2-43-01_PM__Subject_is_SUBG13_SESSION02__sequence_of_stimuli_for_fMRI_number_3_is_3   1   7   8   9   4  12  11   6   2  10   5.mat	unique_scan_info;unique_fMRI_N;discarded_dated_seq_secondary_to_fMRI_N;unique_runs_random	high
sub-078	ses-02	04	May-22-2025_ 2-51-14_PM__scan_info_for_subject_SUBG13_SESSION02__selected_run_is_5__fmri_number_is4.mat;fMRI_4.mat;runs_random.mat	May-22-2025_ 2-47-11_PM__Subject_is_SUBG13_SESSION02__sequence_of_stimuli_for_fMRI_number_4_is_12   3  10   6  11   7   1   2   5   8   9   4.mat	unique_scan_info;unique_fMRI_N;discarded_dated_seq_secondary_to_fMRI_N;unique_runs_random	high
sub-078	ses-02	05	runs_random.mat		unique_runs_random;insufficient_for_events	low
sub-078	ses-02	06	runs_random.mat		unique_runs_random;insufficient_for_events	low
sub-078	ses-02	07	runs_random.mat		unique_runs_random;insufficient_for_events	low
sub-078	ses-02	08	runs_random.mat		unique_runs_random;insufficient_for_events	low
sub-079	ses-01	01	December-01-2024_ 3-03-33_PM__scan_info_for_subject_SUBC14_SESSION01__selected_run_is_1__fmri_number_is1.mat;fMRI_1.mat;runs_random.mat	December-01-2024_ 2-58-22_PM__Subject_is_SUBC14_SESSION01__sequence_of_stimuli_for_fMRI_number_1_is_11   6  10  12   1   5   9   2   4   7   3   8.mat	unique_scan_info;unique_fMRI_N;discarded_dated_seq_secondary_to_fMRI_N;unique_runs_random	high
sub-079	ses-01	02	December-01-2024_ 3-07-58_PM__scan_info_for_subject_SUBC14_SESSION01__selected_run_is_4__fmri_number_is2.mat;fMRI_2.mat;runs_random.mat	December-01-2024_ 3-04-03_PM__Subject_is_SUBC14_SESSION01__sequence_of_stimuli_for_fMRI_number_2_is_6   9  10   3   7   5   1  12   8   4   2  11.mat	unique_scan_info;unique_fMRI_N;discarded_dated_seq_secondary_to_fMRI_N;unique_runs_random	high
sub-079	ses-01	01	December-01-2024_ 3-03-33_PM__scan_info_for_subject_SUBC14_SESSION01__selected_run_is_1__fmri_number_is1.mat;fMRI_1.mat;runs_random.mat	December-01-2024_ 2-58-22_PM__Subject_is_SUBC14_SESSION01__sequence_of_stimuli_for_fMRI_number_1_is_11   6  10  12   1   5   9   2   4   7   3   8.mat	unique_scan_info;unique_fMRI_N;discarded_dated_seq_secondary_to_fMRI_N;unique_runs_random	high
sub-079	ses-01	02	December-01-2024_ 3-07-58_PM__scan_info_for_subject_SUBC14_SESSION01__selected_run_is_4__fmri_number_is2.mat;fMRI_2.mat;runs_random.mat	December-01-2024_ 3-04-03_PM__Subject_is_SUBC14_SESSION01__sequence_of_stimuli_for_fMRI_number_2_is_6   9  10   3   7   5   1  12   8   4   2  11.mat	unique_scan_info;unique_fMRI_N;discarded_dated_seq_secondary_to_fMRI_N;unique_runs_random	high
sub-079	ses-01	03	December-01-2024_ 3-12-54_PM__scan_info_for_subject_SUBC14_SESSION01__selected_run_is_2__fmri_number_is3.mat;fMRI_3.mat;runs_random.mat	December-01-2024_ 3-09-05_PM__Subject_is_SUBC14_SESSION01__sequence_of_stimuli_for_fMRI_number_3_is_3   1   7   8   9   4  12  11   6   2  10   5.mat	unique_scan_info;unique_fMRI_N;discarded_dated_seq_secondary_to_fMRI_N;unique_runs_random	high
sub-079	ses-01	04	December-01-2024_ 3-17-21_PM__scan_info_for_subject_SUBC14_SESSION01__selected_run_is_5__fmri_number_is4.mat;fMRI_4.mat;runs_random.mat	December-01-2024_ 3-13-30_PM__Subject_is_SUBC14_SESSION01__sequence_of_stimuli_for_fMRI_number_4_is_12   3  10   6  11   7   1   2   5   8   9   4.mat	unique_scan_info;unique_fMRI_N;discarded_dated_seq_secondary_to_fMRI_N;unique_runs_random	high
sub-079	ses-01	05	runs_random.mat		unique_runs_random;insufficient_for_events	low
sub-079	ses-01	06	runs_random.mat		unique_runs_random;insufficient_for_events	low
sub-079	ses-01	03	December-01-2024_ 3-12-54_PM__scan_info_for_subject_SUBC14_SESSION01__selected_run_is_2__fmri_number_is3.mat;fMRI_3.mat;runs_random.mat	December-01-2024_ 3-09-05_PM__Subject_is_SUBC14_SESSION01__sequence_of_stimuli_for_fMRI_number_3_is_3   1   7   8   9   4  12  11   6   2  10   5.mat	unique_scan_info;unique_fMRI_N;discarded_dated_seq_secondary_to_fMRI_N;unique_runs_random	high
sub-079	ses-01	04	December-01-2024_ 3-17-21_PM__scan_info_for_subject_SUBC14_SESSION01__selected_run_is_5__fmri_number_is4.mat;fMRI_4.mat;runs_random.mat	December-01-2024_ 3-13-30_PM__Subject_is_SUBC14_SESSION01__sequence_of_stimuli_for_fMRI_number_4_is_12   3  10   6  11   7   1   2   5   8   9   4.mat	unique_scan_info;unique_fMRI_N;discarded_dated_seq_secondary_to_fMRI_N;unique_runs_random	high
sub-079	ses-01	05	runs_random.mat		unique_runs_random;insufficient_for_events	low
sub-079	ses-01	06	runs_random.mat		unique_runs_random;insufficient_for_events	low
sub-079	ses-01	07	runs_random.mat		unique_runs_random;insufficient_for_events	low
sub-079	ses-01	08	runs_random.mat		unique_runs_random;insufficient_for_events	low
sub-080	ses-01	01	December-08-2024_11-08-37_AM__scan_info_for_subject_SUBG15-Session1-2024DE08__selected_run_is_1__fmri_number_is1.mat;fMRI_1.mat;runs_random.mat	December-08-2024_11-03-22_AM__Subject_is_SUBG15-Session1-2024DE08__sequence_of_stimuli_for_fMRI_number_1_is_11   6  10  12   1   5   9   2   4   7   3   8.mat	unique_scan_info;unique_fMRI_N;discarded_dated_seq_secondary_to_fMRI_N;unique_runs_random	high
sub-080	ses-01	02	December-08-2024_11-14-27_AM__scan_info_for_subject_SUBG15-Session1-2024DE08__selected_run_is_4__fmri_number_is2.mat;fMRI_2.mat;runs_random.mat	December-08-2024_11-10-34_AM__Subject_is_SUBG15-Session1-2024DE08__sequence_of_stimuli_for_fMRI_number_2_is_6   9  10   3   7   5   1  12   8   4   2  11.mat	unique_scan_info;unique_fMRI_N;discarded_dated_seq_secondary_to_fMRI_N;unique_runs_random	high
sub-080	ses-01	01	December-08-2024_11-08-37_AM__scan_info_for_subject_SUBG15-Session1-2024DE08__selected_run_is_1__fmri_number_is1.mat;fMRI_1.mat;runs_random.mat	December-08-2024_11-03-22_AM__Subject_is_SUBG15-Session1-2024DE08__sequence_of_stimuli_for_fMRI_number_1_is_11   6  10  12   1   5   9   2   4   7   3   8.mat	unique_scan_info;unique_fMRI_N;discarded_dated_seq_secondary_to_fMRI_N;unique_runs_random	high
sub-080	ses-01	02	December-08-2024_11-14-27_AM__scan_info_for_subject_SUBG15-Session1-2024DE08__selected_run_is_4__fmri_number_is2.mat;fMRI_2.mat;runs_random.mat	December-08-2024_11-10-34_AM__Subject_is_SUBG15-Session1-2024DE08__sequence_of_stimuli_for_fMRI_number_2_is_6   9  10   3   7   5   1  12   8   4   2  11.mat	unique_scan_info;unique_fMRI_N;discarded_dated_seq_secondary_to_fMRI_N;unique_runs_random	high
sub-080	ses-01	03	December-08-2024_11-19-48_AM__scan_info_for_subject_SUBG15-Session1-2024DE08__selected_run_is_2__fmri_number_is3.mat;fMRI_3.mat;runs_random.mat	December-08-2024_11-15-45_AM__Subject_is_SUBG15-Session1-2024DE08__sequence_of_stimuli_for_fMRI_number_3_is_3   1   7   8   9   4  12  11   6   2  10   5.mat	unique_scan_info;unique_fMRI_N;discarded_dated_seq_secondary_to_fMRI_N;unique_runs_random	high
sub-080	ses-01	04	December-08-2024_11-24-03_AM__scan_info_for_subject_SUBG15-Session1-2024DE08__selected_run_is_5__fmri_number_is4.mat;fMRI_4.mat;runs_random.mat	December-08-2024_11-20-05_AM__Subject_is_SUBG15-Session1-2024DE08__sequence_of_stimuli_for_fMRI_number_4_is_12   3  10   6  11   7   1   2   5   8   9   4.mat	unique_scan_info;unique_fMRI_N;discarded_dated_seq_secondary_to_fMRI_N;unique_runs_random	high
sub-080	ses-01	05	runs_random.mat		unique_runs_random;insufficient_for_events	low
sub-080	ses-01	06	runs_random.mat		unique_runs_random;insufficient_for_events	low
sub-080	ses-01	03	December-08-2024_11-19-48_AM__scan_info_for_subject_SUBG15-Session1-2024DE08__selected_run_is_2__fmri_number_is3.mat;fMRI_3.mat;runs_random.mat	December-08-2024_11-15-45_AM__Subject_is_SUBG15-Session1-2024DE08__sequence_of_stimuli_for_fMRI_number_3_is_3   1   7   8   9   4  12  11   6   2  10   5.mat	unique_scan_info;unique_fMRI_N;discarded_dated_seq_secondary_to_fMRI_N;unique_runs_random	high
sub-080	ses-01	04	December-08-2024_11-24-03_AM__scan_info_for_subject_SUBG15-Session1-2024DE08__selected_run_is_5__fmri_number_is4.mat;fMRI_4.mat;runs_random.mat	December-08-2024_11-20-05_AM__Subject_is_SUBG15-Session1-2024DE08__sequence_of_stimuli_for_fMRI_number_4_is_12   3  10   6  11   7   1   2   5   8   9   4.mat	unique_scan_info;unique_fMRI_N;discarded_dated_seq_secondary_to_fMRI_N;unique_runs_random	high
sub-080	ses-01	05	runs_random.mat		unique_runs_random;insufficient_for_events	low
sub-080	ses-01	06	runs_random.mat		unique_runs_random;insufficient_for_events	low
sub-080	ses-01	07	runs_random.mat		unique_runs_random;insufficient_for_events	low
sub-080	ses-01	08	runs_random.mat		unique_runs_random;insufficient_for_events	low
sub-081	ses-01	01	December-14-2024_11-08-37_AM__scan_info_for_subject_SUBG16_Session01_2024DEC14__selected_run_is_1__fmri_number_is1.mat;fMRI_1.mat;runs_random.mat	December-14-2024_11-04-05_AM__Subject_is_SUBG16_Session01_2024DEC14__sequence_of_stimuli_for_fMRI_number_1_is_11   6  10  12   1   5   9   2   4   7   3   8.mat	unique_scan_info;unique_fMRI_N;discarded_dated_seq_secondary_to_fMRI_N;unique_runs_random	high
sub-081	ses-01	02	December-14-2024_11-13-37_AM__scan_info_for_subject_SUBG16_Session01_2024DEC14__selected_run_is_4__fmri_number_is2.mat;fMRI_2.mat;runs_random.mat	December-14-2024_11-09-45_AM__Subject_is_SUBG16_Session01_2024DEC14__sequence_of_stimuli_for_fMRI_number_2_is_6   9  10   3   7   5   1  12   8   4   2  11.mat	unique_scan_info;unique_fMRI_N;discarded_dated_seq_secondary_to_fMRI_N;unique_runs_random	high
sub-081	ses-01	01	December-14-2024_11-08-37_AM__scan_info_for_subject_SUBG16_Session01_2024DEC14__selected_run_is_1__fmri_number_is1.mat;fMRI_1.mat;runs_random.mat	December-14-2024_11-04-05_AM__Subject_is_SUBG16_Session01_2024DEC14__sequence_of_stimuli_for_fMRI_number_1_is_11   6  10  12   1   5   9   2   4   7   3   8.mat	unique_scan_info;unique_fMRI_N;discarded_dated_seq_secondary_to_fMRI_N;unique_runs_random	high
sub-081	ses-01	02	December-14-2024_11-13-37_AM__scan_info_for_subject_SUBG16_Session01_2024DEC14__selected_run_is_4__fmri_number_is2.mat;fMRI_2.mat;runs_random.mat	December-14-2024_11-09-45_AM__Subject_is_SUBG16_Session01_2024DEC14__sequence_of_stimuli_for_fMRI_number_2_is_6   9  10   3   7   5   1  12   8   4   2  11.mat	unique_scan_info;unique_fMRI_N;discarded_dated_seq_secondary_to_fMRI_N;unique_runs_random	high
sub-081	ses-01	03	December-14-2024_11-19-06_AM__scan_info_for_subject_SUBG16_Session01_2024DEC14__selected_run_is_2__fmri_number_is3.mat;fMRI_3.mat;runs_random.mat	December-14-2024_11-15-12_AM__Subject_is_SUBG16_Session01_2024DEC14__sequence_of_stimuli_for_fMRI_number_3_is_3   1   7   8   9   4  12  11   6   2  10   5.mat	unique_scan_info;unique_fMRI_N;discarded_dated_seq_secondary_to_fMRI_N;unique_runs_random	high
sub-081	ses-01	04	December-14-2024_11-23-13_AM__scan_info_for_subject_SUBG16_Session01_2024DEC14__selected_run_is_5__fmri_number_is4.mat;fMRI_4.mat;runs_random.mat	December-14-2024_11-19-22_AM__Subject_is_SUBG16_Session01_2024DEC14__sequence_of_stimuli_for_fMRI_number_4_is_12   3  10   6  11   7   1   2   5   8   9   4.mat	unique_scan_info;unique_fMRI_N;discarded_dated_seq_secondary_to_fMRI_N;unique_runs_random	high
sub-081	ses-01	05	runs_random.mat		unique_runs_random;insufficient_for_events	low
sub-081	ses-01	06	runs_random.mat		unique_runs_random;insufficient_for_events	low
sub-081	ses-01	03	December-14-2024_11-19-06_AM__scan_info_for_subject_SUBG16_Session01_2024DEC14__selected_run_is_2__fmri_number_is3.mat;fMRI_3.mat;runs_random.mat	December-14-2024_11-15-12_AM__Subject_is_SUBG16_Session01_2024DEC14__sequence_of_stimuli_for_fMRI_number_3_is_3   1   7   8   9   4  12  11   6   2  10   5.mat	unique_scan_info;unique_fMRI_N;discarded_dated_seq_secondary_to_fMRI_N;unique_runs_random	high
sub-081	ses-01	04	December-14-2024_11-23-13_AM__scan_info_for_subject_SUBG16_Session01_2024DEC14__selected_run_is_5__fmri_number_is4.mat;fMRI_4.mat;runs_random.mat	December-14-2024_11-19-22_AM__Subject_is_SUBG16_Session01_2024DEC14__sequence_of_stimuli_for_fMRI_number_4_is_12   3  10   6  11   7   1   2   5   8   9   4.mat	unique_scan_info;unique_fMRI_N;discarded_dated_seq_secondary_to_fMRI_N;unique_runs_random	high
sub-081	ses-01	05	runs_random.mat		unique_runs_random;insufficient_for_events	low
sub-081	ses-01	06	runs_random.mat		unique_runs_random;insufficient_for_events	low
sub-081	ses-01	07	runs_random.mat		unique_runs_random;insufficient_for_events	low
sub-081	ses-01	08	runs_random.mat		unique_runs_random;insufficient_for_events	low
sub-081	ses-02	01	August-17-2025_11-42-22_AM__scan_info_for_subject_SUBG16_SCAN2__selected_run_is_1__fmri_number_is1.mat;fMRI_1.mat;runs_random.mat	August-17-2025_11-37-32_AM__Subject_is_SUBG16_SCAN2__sequence_of_stimuli_for_fMRI_number_1_is_11   6  10  12   1   5   9   2   4   7   3   8.mat	unique_scan_info;unique_fMRI_N;discarded_dated_seq_secondary_to_fMRI_N;unique_runs_random	high
sub-081	ses-02	02	August-17-2025_11-46-32_AM__scan_info_for_subject_SUBG16_SCAN2__selected_run_is_4__fmri_number_is2.mat;fMRI_2.mat;runs_random.mat	August-17-2025_11-42-35_AM__Subject_is_SUBG16_SCAN2__sequence_of_stimuli_for_fMRI_number_2_is_6   9  10   3   7   5   1  12   8   4   2  11.mat	unique_scan_info;unique_fMRI_N;discarded_dated_seq_secondary_to_fMRI_N;unique_runs_random	high
sub-081	ses-02	03	August-17-2025_11-50-41_AM__scan_info_for_subject_SUBG16_SCAN2__selected_run_is_2__fmri_number_is3.mat;fMRI_3.mat;runs_random.mat	August-17-2025_11-46-41_AM__Subject_is_SUBG16_SCAN2__sequence_of_stimuli_for_fMRI_number_3_is_3   1   7   8   9   4  12  11   6   2  10   5.mat	unique_scan_info;unique_fMRI_N;discarded_dated_seq_secondary_to_fMRI_N;unique_runs_random	high
sub-081	ses-02	04	August-17-2025_11-54-57_AM__scan_info_for_subject_SUBG16_SCAN2__selected_run_is_5__fmri_number_is4.mat;fMRI_4.mat;runs_random.mat	August-17-2025_11-50-55_AM__Subject_is_SUBG16_SCAN2__sequence_of_stimuli_for_fMRI_number_4_is_12   3  10   6  11   7   1   2   5   8   9   4.mat	unique_scan_info;unique_fMRI_N;discarded_dated_seq_secondary_to_fMRI_N;unique_runs_random	high
sub-081	ses-02	01	August-17-2025_11-42-22_AM__scan_info_for_subject_SUBG16_SCAN2__selected_run_is_1__fmri_number_is1.mat;fMRI_1.mat;runs_random.mat	August-17-2025_11-37-32_AM__Subject_is_SUBG16_SCAN2__sequence_of_stimuli_for_fMRI_number_1_is_11   6  10  12   1   5   9   2   4   7   3   8.mat	unique_scan_info;unique_fMRI_N;discarded_dated_seq_secondary_to_fMRI_N;unique_runs_random	high
sub-081	ses-02	02	August-17-2025_11-46-32_AM__scan_info_for_subject_SUBG16_SCAN2__selected_run_is_4__fmri_number_is2.mat;fMRI_2.mat;runs_random.mat	August-17-2025_11-42-35_AM__Subject_is_SUBG16_SCAN2__sequence_of_stimuli_for_fMRI_number_2_is_6   9  10   3   7   5   1  12   8   4   2  11.mat	unique_scan_info;unique_fMRI_N;discarded_dated_seq_secondary_to_fMRI_N;unique_runs_random	high
sub-081	ses-02	03	August-17-2025_11-50-41_AM__scan_info_for_subject_SUBG16_SCAN2__selected_run_is_2__fmri_number_is3.mat;fMRI_3.mat;runs_random.mat	August-17-2025_11-46-41_AM__Subject_is_SUBG16_SCAN2__sequence_of_stimuli_for_fMRI_number_3_is_3   1   7   8   9   4  12  11   6   2  10   5.mat	unique_scan_info;unique_fMRI_N;discarded_dated_seq_secondary_to_fMRI_N;unique_runs_random	high
sub-081	ses-02	04	August-17-2025_11-54-57_AM__scan_info_for_subject_SUBG16_SCAN2__selected_run_is_5__fmri_number_is4.mat;fMRI_4.mat;runs_random.mat	August-17-2025_11-50-55_AM__Subject_is_SUBG16_SCAN2__sequence_of_stimuli_for_fMRI_number_4_is_12   3  10   6  11   7   1   2   5   8   9   4.mat	unique_scan_info;unique_fMRI_N;discarded_dated_seq_secondary_to_fMRI_N;unique_runs_random	high
sub-081	ses-02	05	runs_random.mat		unique_runs_random;insufficient_for_events	low
sub-081	ses-02	06	runs_random.mat		unique_runs_random;insufficient_for_events	low
sub-081	ses-02	07	runs_random.mat		unique_runs_random;insufficient_for_events	low
sub-081	ses-02	08	runs_random.mat		unique_runs_random;insufficient_for_events	low
sub-081	ses-02	05	runs_random.mat		unique_runs_random;insufficient_for_events	low
sub-081	ses-02	06	runs_random.mat		unique_runs_random;insufficient_for_events	low
sub-082	ses-01	01	February-06-2025_ 2-11-07_PM__scan_info_for_subject_SUBG17_Session01__selected_run_is_1__fmri_number_is1.mat;fMRI_1.mat;runs_random.mat	February-06-2025_ 2-06-08_PM__Subject_is_SUBG17_Session01__sequence_of_stimuli_for_fMRI_number_1_is_11   6  10  12   1   5   9   2   4   7   3   8.mat	unique_scan_info;unique_fMRI_N;discarded_dated_seq_secondary_to_fMRI_N;unique_runs_random	high
sub-082	ses-01	02	February-06-2025_ 2-15-20_PM__scan_info_for_subject_SUBG17_Session01__selected_run_is_4__fmri_number_is2.mat;fMRI_2.mat;runs_random.mat	February-06-2025_ 2-11-29_PM__Subject_is_SUBG17_Session01__sequence_of_stimuli_for_fMRI_number_2_is_6   9  10   3   7   5   1  12   8   4   2  11.mat	unique_scan_info;unique_fMRI_N;discarded_dated_seq_secondary_to_fMRI_N;unique_runs_random	high
sub-082	ses-01	01	February-06-2025_ 2-11-07_PM__scan_info_for_subject_SUBG17_Session01__selected_run_is_1__fmri_number_is1.mat;fMRI_1.mat;runs_random.mat	February-06-2025_ 2-06-08_PM__Subject_is_SUBG17_Session01__sequence_of_stimuli_for_fMRI_number_1_is_11   6  10  12   1   5   9   2   4   7   3   8.mat	unique_scan_info;unique_fMRI_N;discarded_dated_seq_secondary_to_fMRI_N;unique_runs_random	high
sub-082	ses-01	02	February-06-2025_ 2-15-20_PM__scan_info_for_subject_SUBG17_Session01__selected_run_is_4__fmri_number_is2.mat;fMRI_2.mat;runs_random.mat	February-06-2025_ 2-11-29_PM__Subject_is_SUBG17_Session01__sequence_of_stimuli_for_fMRI_number_2_is_6   9  10   3   7   5   1  12   8   4   2  11.mat	unique_scan_info;unique_fMRI_N;discarded_dated_seq_secondary_to_fMRI_N;unique_runs_random	high
sub-082	ses-01	03	February-06-2025_ 2-21-12_PM__scan_info_for_subject_SUBG17_Session01__selected_run_is_2__fmri_number_is3.mat;fMRI_3.mat;runs_random.mat	February-06-2025_ 2-15-32_PM__Subject_is_SUBG17_Session01__sequence_of_stimuli_for_fMRI_number_3_is_3   1   7   8   9   4  12  11   6   2  10   5.mat	unique_scan_info;unique_fMRI_N;discarded_dated_seq_secondary_to_fMRI_N;unique_runs_random	high
sub-082	ses-01	04	February-06-2025_ 2-25-18_PM__scan_info_for_subject_SUBG17_Session01__selected_run_is_5__fmri_number_is4.mat;fMRI_4.mat;runs_random.mat	February-06-2025_ 2-21-27_PM__Subject_is_SUBG17_Session01__sequence_of_stimuli_for_fMRI_number_4_is_12   3  10   6  11   7   1   2   5   8   9   4.mat	unique_scan_info;unique_fMRI_N;discarded_dated_seq_secondary_to_fMRI_N;unique_runs_random	high
sub-082	ses-01	05	runs_random.mat		unique_runs_random;insufficient_for_events	low
sub-082	ses-01	06	runs_random.mat		unique_runs_random;insufficient_for_events	low
sub-082	ses-01	03	February-06-2025_ 2-21-12_PM__scan_info_for_subject_SUBG17_Session01__selected_run_is_2__fmri_number_is3.mat;fMRI_3.mat;runs_random.mat	February-06-2025_ 2-15-32_PM__Subject_is_SUBG17_Session01__sequence_of_stimuli_for_fMRI_number_3_is_3   1   7   8   9   4  12  11   6   2  10   5.mat	unique_scan_info;unique_fMRI_N;discarded_dated_seq_secondary_to_fMRI_N;unique_runs_random	high
sub-082	ses-01	04	February-06-2025_ 2-25-18_PM__scan_info_for_subject_SUBG17_Session01__selected_run_is_5__fmri_number_is4.mat;fMRI_4.mat;runs_random.mat	February-06-2025_ 2-21-27_PM__Subject_is_SUBG17_Session01__sequence_of_stimuli_for_fMRI_number_4_is_12   3  10   6  11   7   1   2   5   8   9   4.mat	unique_scan_info;unique_fMRI_N;discarded_dated_seq_secondary_to_fMRI_N;unique_runs_random	high
sub-082	ses-01	05	runs_random.mat		unique_runs_random;insufficient_for_events	low
sub-082	ses-01	06	runs_random.mat		unique_runs_random;insufficient_for_events	low
sub-082	ses-01	07	runs_random.mat		unique_runs_random;insufficient_for_events	low
sub-082	ses-01	08	runs_random.mat		unique_runs_random;insufficient_for_events	low
sub-083	ses-01	01	March-14-2025_11-46-06_AM__scan_info_for_subject_SUBG18_SESSION01__selected_run_is_1__fmri_number_is1.mat;fMRI_1.mat;runs_random.mat	March-14-2025_11-41-48_AM__Subject_is_SUBG18_SESSION01__sequence_of_stimuli_for_fMRI_number_1_is_11   6  10  12   1   5   9   2   4   7   3   8.mat	unique_scan_info;unique_fMRI_N;discarded_dated_seq_secondary_to_fMRI_N;unique_runs_random	high
sub-083	ses-01	02	March-14-2025_11-50-24_AM__scan_info_for_subject_SUBG18_SESSION01__selected_run_is_4__fmri_number_is2.mat;fMRI_2.mat;runs_random.mat	March-14-2025_11-46-35_AM__Subject_is_SUBG18_SESSION01__sequence_of_stimuli_for_fMRI_number_2_is_6   9  10   3   7   5   1  12   8   4   2  11.mat	unique_scan_info;unique_fMRI_N;discarded_dated_seq_secondary_to_fMRI_N;unique_runs_random	high
sub-083	ses-01	01	March-14-2025_11-46-06_AM__scan_info_for_subject_SUBG18_SESSION01__selected_run_is_1__fmri_number_is1.mat;fMRI_1.mat;runs_random.mat	March-14-2025_11-41-48_AM__Subject_is_SUBG18_SESSION01__sequence_of_stimuli_for_fMRI_number_1_is_11   6  10  12   1   5   9   2   4   7   3   8.mat	unique_scan_info;unique_fMRI_N;discarded_dated_seq_secondary_to_fMRI_N;unique_runs_random	high
sub-083	ses-01	02	March-14-2025_11-50-24_AM__scan_info_for_subject_SUBG18_SESSION01__selected_run_is_4__fmri_number_is2.mat;fMRI_2.mat;runs_random.mat	March-14-2025_11-46-35_AM__Subject_is_SUBG18_SESSION01__sequence_of_stimuli_for_fMRI_number_2_is_6   9  10   3   7   5   1  12   8   4   2  11.mat	unique_scan_info;unique_fMRI_N;discarded_dated_seq_secondary_to_fMRI_N;unique_runs_random	high
sub-083	ses-01	03	March-14-2025_11-55-52_AM__scan_info_for_subject_SUBG18_SESSION01__selected_run_is_2__fmri_number_is3.mat;fMRI_3.mat;runs_random.mat	March-14-2025_11-51-50_AM__Subject_is_SUBG18_SESSION01__sequence_of_stimuli_for_fMRI_number_3_is_3   1   7   8   9   4  12  11   6   2  10   5.mat	unique_scan_info;unique_fMRI_N;discarded_dated_seq_secondary_to_fMRI_N;unique_runs_random	high
sub-083	ses-01	04	March-14-2025_12-00-17_PM__scan_info_for_subject_SUBG18_SESSION01__selected_run_is_5__fmri_number_is4.mat;fMRI_4.mat;runs_random.mat	March-14-2025_11-56-00_AM__Subject_is_SUBG18_SESSION01__sequence_of_stimuli_for_fMRI_number_4_is_12   3  10   6  11   7   1   2   5   8   9   4.mat	unique_scan_info;unique_fMRI_N;discarded_dated_seq_secondary_to_fMRI_N;unique_runs_random	high
sub-083	ses-01	05	runs_random.mat		unique_runs_random;insufficient_for_events	low
sub-083	ses-01	06	runs_random.mat		unique_runs_random;insufficient_for_events	low
sub-083	ses-01	07	runs_random.mat		unique_runs_random;insufficient_for_events	low
sub-083	ses-01	08	runs_random.mat		unique_runs_random;insufficient_for_events	low
sub-083	ses-01	03	March-14-2025_11-55-52_AM__scan_info_for_subject_SUBG18_SESSION01__selected_run_is_2__fmri_number_is3.mat;fMRI_3.mat;runs_random.mat	March-14-2025_11-51-50_AM__Subject_is_SUBG18_SESSION01__sequence_of_stimuli_for_fMRI_number_3_is_3   1   7   8   9   4  12  11   6   2  10   5.mat	unique_scan_info;unique_fMRI_N;discarded_dated_seq_secondary_to_fMRI_N;unique_runs_random	high
sub-083	ses-01	04	March-14-2025_12-00-17_PM__scan_info_for_subject_SUBG18_SESSION01__selected_run_is_5__fmri_number_is4.mat;fMRI_4.mat;runs_random.mat	March-14-2025_11-56-00_AM__Subject_is_SUBG18_SESSION01__sequence_of_stimuli_for_fMRI_number_4_is_12   3  10   6  11   7   1   2   5   8   9   4.mat	unique_scan_info;unique_fMRI_N;discarded_dated_seq_secondary_to_fMRI_N;unique_runs_random	high
sub-083	ses-01	05	runs_random.mat		unique_runs_random;insufficient_for_events	low
sub-083	ses-01	06	runs_random.mat		unique_runs_random;insufficient_for_events	low
sub-083	ses-01	09	runs_random.mat		unique_runs_random;insufficient_for_events	low
sub-083	ses-01	10	runs_random.mat		unique_runs_random;insufficient_for_events	low
sub-084	ses-01	01	March-30-2025_10-46-16_AM__scan_info_for_subject_SUBG19-Session1-2025MAR30__selected_run_is_1__fmri_number_is1.mat;fMRI_1.mat;runs_random.mat	March-30-2025_10-41-03_AM__Subject_is_SUBG19-Session1-2025MAR30__sequence_of_stimuli_for_fMRI_number_1_is_11   6  10  12   1   5   9   2   4   7   3   8.mat	unique_scan_info;unique_fMRI_N;discarded_dated_seq_secondary_to_fMRI_N;unique_runs_random	high
sub-084	ses-01	02	March-30-2025_10-50-32_AM__scan_info_for_subject_SUBG19-Session1-2025MAR30__selected_run_is_4__fmri_number_is2.mat;fMRI_2.mat;runs_random.mat	March-30-2025_10-46-42_AM__Subject_is_SUBG19-Session1-2025MAR30__sequence_of_stimuli_for_fMRI_number_2_is_6   9  10   3   7   5   1  12   8   4   2  11.mat	unique_scan_info;unique_fMRI_N;discarded_dated_seq_secondary_to_fMRI_N;unique_runs_random	high
sub-084	ses-01	01	March-30-2025_10-46-16_AM__scan_info_for_subject_SUBG19-Session1-2025MAR30__selected_run_is_1__fmri_number_is1.mat;fMRI_1.mat;runs_random.mat	March-30-2025_10-41-03_AM__Subject_is_SUBG19-Session1-2025MAR30__sequence_of_stimuli_for_fMRI_number_1_is_11   6  10  12   1   5   9   2   4   7   3   8.mat	unique_scan_info;unique_fMRI_N;discarded_dated_seq_secondary_to_fMRI_N;unique_runs_random	high
sub-084	ses-01	02	March-30-2025_10-50-32_AM__scan_info_for_subject_SUBG19-Session1-2025MAR30__selected_run_is_4__fmri_number_is2.mat;fMRI_2.mat;runs_random.mat	March-30-2025_10-46-42_AM__Subject_is_SUBG19-Session1-2025MAR30__sequence_of_stimuli_for_fMRI_number_2_is_6   9  10   3   7   5   1  12   8   4   2  11.mat	unique_scan_info;unique_fMRI_N;discarded_dated_seq_secondary_to_fMRI_N;unique_runs_random	high
sub-084	ses-01	03	March-30-2025_10-56-41_AM__scan_info_for_subject_SUBG19-Session1-2025MAR30__selected_run_is_2__fmri_number_is3.mat;fMRI_3.mat;runs_random.mat	March-30-2025_10-51-24_AM__Subject_is_SUBG19-Session1-2025MAR30__sequence_of_stimuli_for_fMRI_number_3_is_3   1   7   8   9   4  12  11   6   2  10   5.mat	unique_scan_info;unique_fMRI_N;discarded_dated_seq_secondary_to_fMRI_N;unique_runs_random	high
sub-084	ses-01	04	March-30-2025_11-00-59_AM__scan_info_for_subject_SUBG19-Session1-2025MAR30__selected_run_is_5__fmri_number_is4.mat;fMRI_4.mat;runs_random.mat	March-30-2025_10-56-56_AM__Subject_is_SUBG19-Session1-2025MAR30__sequence_of_stimuli_for_fMRI_number_4_is_12   3  10   6  11   7   1   2   5   8   9   4.mat	unique_scan_info;unique_fMRI_N;discarded_dated_seq_secondary_to_fMRI_N;unique_runs_random	high
sub-084	ses-01	05	runs_random.mat		unique_runs_random;insufficient_for_events	low
sub-084	ses-01	06	runs_random.mat		unique_runs_random;insufficient_for_events	low
sub-084	ses-01	03	March-30-2025_10-56-41_AM__scan_info_for_subject_SUBG19-Session1-2025MAR30__selected_run_is_2__fmri_number_is3.mat;fMRI_3.mat;runs_random.mat	March-30-2025_10-51-24_AM__Subject_is_SUBG19-Session1-2025MAR30__sequence_of_stimuli_for_fMRI_number_3_is_3   1   7   8   9   4  12  11   6   2  10   5.mat	unique_scan_info;unique_fMRI_N;discarded_dated_seq_secondary_to_fMRI_N;unique_runs_random	high
sub-084	ses-01	04	March-30-2025_11-00-59_AM__scan_info_for_subject_SUBG19-Session1-2025MAR30__selected_run_is_5__fmri_number_is4.mat;fMRI_4.mat;runs_random.mat	March-30-2025_10-56-56_AM__Subject_is_SUBG19-Session1-2025MAR30__sequence_of_stimuli_for_fMRI_number_4_is_12   3  10   6  11   7   1   2   5   8   9   4.mat	unique_scan_info;unique_fMRI_N;discarded_dated_seq_secondary_to_fMRI_N;unique_runs_random	high
sub-084	ses-01	05	runs_random.mat		unique_runs_random;insufficient_for_events	low
sub-084	ses-01	06	runs_random.mat		unique_runs_random;insufficient_for_events	low
sub-084	ses-01	07	runs_random.mat		unique_runs_random;insufficient_for_events	low
sub-084	ses-01	08	runs_random.mat		unique_runs_random;insufficient_for_events	low
