subject	session	run	dest	action	confidence	source	event_count
sub-001	ses-01	01	/home/alexrees/scratch/bids/sub-001/ses-01/func/sub-001_ses-01_task-fmri_run-01_events.tsv	unchanged	HIGH	/home/alexrees/scratch/tmp_processing/events_validation/all_events/sub-001_ses-01_task-fmri_run-01_events.tsv	25.0
sub-001	ses-01	03	/home/alexrees/scratch/bids/sub-001/ses-01/func/sub-001_ses-01_task-fmri_run-03_events.tsv	unchanged	HIGH	/home/alexrees/scratch/tmp_processing/events_validation/all_events/sub-001_ses-01_task-fmri_run-03_events.tsv	25.0
sub-001	ses-01	05	/home/alexrees/scratch/bids/sub-001/ses-01/func/sub-001_ses-01_task-fmri_run-05_events.tsv	unchanged	HIGH	/home/alexrees/scratch/tmp_processing/events_validation/all_events/sub-001_ses-01_task-fmri_run-05_events.tsv	25.0
sub-001	ses-01	07	/home/alexrees/scratch/bids/sub-001/ses-01/func/sub-001_ses-01_task-fmri_run-07_events.tsv	unchanged	HIGH	/home/alexrees/scratch/tmp_processing/events_validation/all_events/sub-001_ses-01_task-fmri_run-07_events.tsv	25.0
sub-001	ses-02	01	/home/alexrees/scratch/bids/sub-001/ses-02/func/sub-001_ses-02_task-fmri_run-01_events.tsv	unchanged	HIGH	/home/alexrees/scratch/tmp_processing/events_validation/all_events/sub-001_ses-02_task-fmri_run-01_events.tsv	25.0
sub-001	ses-02	03	/home/alexrees/scratch/bids/sub-001/ses-02/func/sub-001_ses-02_task-fmri_run-03_events.tsv	unchanged	HIGH	/home/alexrees/scratch/tmp_processing/events_validation/all_events/sub-001_ses-02_task-fmri_run-03_events.tsv	25.0
sub-001	ses-02	05	/home/alexrees/scratch/bids/sub-001/ses-02/func/sub-001_ses-02_task-fmri_run-05_events.tsv	unchanged	HIGH	/home/alexrees/scratch/tmp_processing/events_validation/all_events/sub-001_ses-02_task-fmri_run-05_events.tsv	25.0
sub-001	ses-02	07	/home/alexrees/scratch/bids/sub-001/ses-02/func/sub-001_ses-02_task-fmri_run-07_events.tsv	unchanged	HIGH	/home/alexrees/scratch/tmp_processing/events_validation/all_events/sub-001_ses-02_task-fmri_run-07_events.tsv	25.0
sub-002	ses-01	03	/home/alexrees/scratch/bids/sub-002/ses-01/func/sub-002_ses-01_task-fmri_run-03_events.tsv	unchanged	HIGH	/home/alexrees/scratch/tmp_processing/events_validation/all_events/sub-002_ses-01_task-fmri_run-03_events.tsv	25.0
sub-002	ses-01	05	/home/alexrees/scratch/bids/sub-002/ses-01/func/sub-002_ses-01_task-fmri_run-05_events.tsv	unchanged	HIGH	/home/alexrees/scratch/tmp_processing/events_validation/all_events/sub-002_ses-01_task-fmri_run-05_events.tsv	25.0
sub-002	ses-02	01	/home/alexrees/scratch/bids/sub-002/ses-02/func/sub-002_ses-02_task-fmri_run-01_events.tsv	unchanged	HIGH	/home/alexrees/scratch/tmp_processing/events_validation/all_events/sub-002_ses-02_task-fmri_run-01_events.tsv	25.0
sub-002	ses-02	03	/home/alexrees/scratch/bids/sub-002/ses-02/func/sub-002_ses-02_task-fmri_run-03_events.tsv	unchanged	HIGH	/home/alexrees/scratch/tmp_processing/events_validation/all_events/sub-002_ses-02_task-fmri_run-03_events.tsv	25.0
sub-002	ses-02	05	/home/alexrees/scratch/bids/sub-002/ses-02/func/sub-002_ses-02_task-fmri_run-05_events.tsv	unchanged	HIGH	/home/alexrees/scratch/tmp_processing/events_validation/all_events/sub-002_ses-02_task-fmri_run-05_events.tsv	25.0
sub-002	ses-02	07	/home/alexrees/scratch/bids/sub-002/ses-02/func/sub-002_ses-02_task-fmri_run-07_events.tsv	unchanged	HIGH	/home/alexrees/scratch/tmp_processing/events_validation/all_events/sub-002_ses-02_task-fmri_run-07_events.tsv	25.0
sub-003	ses-01	01	/home/alexrees/scratch/bids/sub-003/ses-01/func/sub-003_ses-01_task-fmri_run-01_events.tsv	unchanged	HIGH	/home/alexrees/scratch/tmp_processing/events_validation/all_events/sub-003_ses-01_task-fmri_run-01_events.tsv	25.0
sub-003	ses-01	03	/home/alexrees/scratch/bids/sub-003/ses-01/func/sub-003_ses-01_task-fmri_run-03_events.tsv	unchanged	HIGH	/home/alexrees/scratch/tmp_processing/events_validation/all_events/sub-003_ses-01_task-fmri_run-03_events.tsv	25.0
sub-003	ses-01	05	/home/alexrees/scratch/bids/sub-003/ses-01/func/sub-003_ses-01_task-fmri_run-05_events.tsv	unchanged	HIGH	/home/alexrees/scratch/tmp_processing/events_validation/all_events/sub-003_ses-01_task-fmri_run-05_events.tsv	25.0
sub-003	ses-01	07	/home/alexrees/scratch/bids/sub-003/ses-01/func/sub-003_ses-01_task-fmri_run-07_events.tsv	unchanged	HIGH	/home/alexrees/scratch/tmp_processing/events_validation/all_events/sub-003_ses-01_task-fmri_run-07_events.tsv	25.0
sub-003	ses-02	01	/home/alexrees/scratch/bids/sub-003/ses-02/func/sub-003_ses-02_task-fmri_run-01_events.tsv	unchanged	HIGH	/home/alexrees/scratch/tmp_processing/events_validation/all_events/sub-003_ses-02_task-fmri_run-01_events.tsv	25.0
sub-003	ses-02	03	/home/alexrees/scratch/bids/sub-003/ses-02/func/sub-003_ses-02_task-fmri_run-03_events.tsv	unchanged	HIGH	/home/alexrees/scratch/tmp_processing/events_validation/all_events/sub-003_ses-02_task-fmri_run-03_events.tsv	25.0
sub-003	ses-02	05	/home/alexrees/scratch/bids/sub-003/ses-02/func/sub-003_ses-02_task-fmri_run-05_events.tsv	unchanged	HIGH	/home/alexrees/scratch/tmp_processing/events_validation/all_events/sub-003_ses-02_task-fmri_run-05_events.tsv	25.0
sub-003	ses-02	07	/home/alexrees/scratch/bids/sub-003/ses-02/func/sub-003_ses-02_task-fmri_run-07_events.tsv	unchanged	HIGH	/home/alexrees/scratch/tmp_processing/events_validation/all_events/sub-003_ses-02_task-fmri_run-07_events.tsv	25.0
sub-004	ses-01	01	/home/alexrees/scratch/bids/sub-004/ses-01/func/sub-004_ses-01_task-fmri_run-01_events.tsv	unchanged	HIGH	/home/alexrees/scratch/tmp_processing/events_validation/all_events/sub-004_ses-01_task-fmri_run-01_events.tsv	25.0
sub-004	ses-01	03	/home/alexrees/scratch/bids/sub-004/ses-01/func/sub-004_ses-01_task-fmri_run-03_events.tsv	unchanged	HIGH	/home/alexrees/scratch/tmp_processing/events_validation/all_events/sub-004_ses-01_task-fmri_run-03_events.tsv	25.0
sub-004	ses-01	05	/home/alexrees/scratch/bids/sub-004/ses-01/func/sub-004_ses-01_task-fmri_run-05_events.tsv	unchanged	HIGH	/home/alexrees/scratch/tmp_processing/events_validation/all_events/sub-004_ses-01_task-fmri_run-05_events.tsv	25.0
sub-004	ses-01	07	/home/alexrees/scratch/bids/sub-004/ses-01/func/sub-004_ses-01_task-fmri_run-07_events.tsv	unchanged	HIGH	/home/alexrees/scratch/tmp_processing/events_validation/all_events/sub-004_ses-01_task-fmri_run-07_events.tsv	25.0
sub-005	ses-01	01	/home/alexrees/scratch/bids/sub-005/ses-01/func/sub-005_ses-01_task-fmri_run-01_events.tsv	unchanged	HIGH	/home/alexrees/scratch/tmp_processing/events_validation/all_events/sub-005_ses-01_task-fmri_run-01_events.tsv	25.0
sub-005	ses-01	03	/home/alexrees/scratch/bids/sub-005/ses-01/func/sub-005_ses-01_task-fmri_run-03_events.tsv	unchanged	HIGH	/home/alexrees/scratch/tmp_processing/events_validation/all_events/sub-005_ses-01_task-fmri_run-03_events.tsv	25.0
sub-005	ses-01	05	/home/alexrees/scratch/bids/sub-005/ses-01/func/sub-005_ses-01_task-fmri_run-05_events.tsv	unchanged	HIGH	/home/alexrees/scratch/tmp_processing/events_validation/all_events/sub-005_ses-01_task-fmri_run-05_events.tsv	25.0
sub-005	ses-01	07	/home/alexrees/scratch/bids/sub-005/ses-01/func/sub-005_ses-01_task-fmri_run-07_events.tsv	unchanged	HIGH	/home/alexrees/scratch/tmp_processing/events_validation/all_events/sub-005_ses-01_task-fmri_run-07_events.tsv	25.0
sub-005	ses-02	01	/home/alexrees/scratch/bids/sub-005/ses-02/func/sub-005_ses-02_task-fmri_run-01_events.tsv	unchanged	HIGH	/home/alexrees/scratch/tmp_processing/events_validation/all_events/sub-005_ses-02_task-fmri_run-01_events.tsv	25.0
sub-005	ses-02	03	/home/alexrees/scratch/bids/sub-005/ses-02/func/sub-005_ses-02_task-fmri_run-03_events.tsv	unchanged	HIGH	/home/alexrees/scratch/tmp_processing/events_validation/all_events/sub-005_ses-02_task-fmri_run-03_events.tsv	25.0
sub-005	ses-02	05	/home/alexrees/scratch/bids/sub-005/ses-02/func/sub-005_ses-02_task-fmri_run-05_events.tsv	unchanged	HIGH	/home/alexrees/scratch/tmp_processing/events_validation/all_events/sub-005_ses-02_task-fmri_run-05_events.tsv	25.0
sub-005	ses-02	07	/home/alexrees/scratch/bids/sub-005/ses-02/func/sub-005_ses-02_task-fmri_run-07_events.tsv	unchanged	HIGH	/home/alexrees/scratch/tmp_processing/events_validation/all_events/sub-005_ses-02_task-fmri_run-07_events.tsv	25.0
sub-006	ses-01	01	/home/alexrees/scratch/bids/sub-006/ses-01/func/sub-006_ses-01_task-fmri_run-01_events.tsv	unchanged	HIGH	/home/alexrees/scratch/tmp_processing/events_validation/all_events/sub-006_ses-01_task-fmri_run-01_events.tsv	25.0
sub-006	ses-01	03	/home/alexrees/scratch/bids/sub-006/ses-01/func/sub-006_ses-01_task-fmri_run-03_events.tsv	unchanged	HIGH	/home/alexrees/scratch/tmp_processing/events_validation/all_events/sub-006_ses-01_task-fmri_run-03_events.tsv	25.0
sub-006	ses-01	05	/home/alexrees/scratch/bids/sub-006/ses-01/func/sub-006_ses-01_task-fmri_run-05_events.tsv	unchanged	HIGH	/home/alexrees/scratch/tmp_processing/events_validation/all_events/sub-006_ses-01_task-fmri_run-05_events.tsv	25.0
sub-006	ses-01	07	/home/alexrees/scratch/bids/sub-006/ses-01/func/sub-006_ses-01_task-fmri_run-07_events.tsv	unchanged	HIGH	/home/alexrees/scratch/tmp_processing/events_validation/all_events/sub-006_ses-01_task-fmri_run-07_events.tsv	25.0
sub-006	ses-02	01	/home/alexrees/scratch/bids/sub-006/ses-02/func/sub-006_ses-02_task-fmri_run-01_events.tsv	unchanged	HIGH	/home/alexrees/scratch/tmp_processing/events_validation/all_events/sub-006_ses-02_task-fmri_run-01_events.tsv	25.0
sub-006	ses-02	03	/home/alexrees/scratch/bids/sub-006/ses-02/func/sub-006_ses-02_task-fmri_run-03_events.tsv	unchanged	HIGH	/home/alexrees/scratch/tmp_processing/events_validation/all_events/sub-006_ses-02_task-fmri_run-03_events.tsv	25.0
sub-006	ses-02	05	/home/alexrees/scratch/bids/sub-006/ses-02/func/sub-006_ses-02_task-fmri_run-05_events.tsv	unchanged	HIGH	/home/alexrees/scratch/tmp_processing/events_validation/all_events/sub-006_ses-02_task-fmri_run-05_events.tsv	25.0
sub-006	ses-02	07	/home/alexrees/scratch/bids/sub-006/ses-02/func/sub-006_ses-02_task-fmri_run-07_events.tsv	unchanged	HIGH	/home/alexrees/scratch/tmp_processing/events_validation/all_events/sub-006_ses-02_task-fmri_run-07_events.tsv	25.0
sub-007	ses-01	01	/home/alexrees/scratch/bids/sub-007/ses-01/func/sub-007_ses-01_task-fmri_run-01_events.tsv	unchanged	HIGH	/home/alexrees/scratch/tmp_processing/events_validation/all_events/sub-007_ses-01_task-fmri_run-01_events.tsv	25.0
sub-007	ses-01	03	/home/alexrees/scratch/bids/sub-007/ses-01/func/sub-007_ses-01_task-fmri_run-03_events.tsv	unchanged	HIGH	/home/alexrees/scratch/tmp_processing/events_validation/all_events/sub-007_ses-01_task-fmri_run-03_events.tsv	25.0
sub-007	ses-01	05	/home/alexrees/scratch/bids/sub-007/ses-01/func/sub-007_ses-01_task-fmri_run-05_events.tsv	unchanged	HIGH	/home/alexrees/scratch/tmp_processing/events_validation/all_events/sub-007_ses-01_task-fmri_run-05_events.tsv	25.0
sub-007	ses-01	07	/home/alexrees/scratch/bids/sub-007/ses-01/func/sub-007_ses-01_task-fmri_run-07_events.tsv	unchanged	HIGH	/home/alexrees/scratch/tmp_processing/events_validation/all_events/sub-007_ses-01_task-fmri_run-07_events.tsv	25.0
sub-007	ses-02	01	/home/alexrees/scratch/bids/sub-007/ses-02/func/sub-007_ses-02_task-fmri_run-01_events.tsv	unchanged	HIGH	/home/alexrees/scratch/tmp_processing/events_validation/all_events/sub-007_ses-02_task-fmri_run-01_events.tsv	25.0
sub-007	ses-02	03	/home/alexrees/scratch/bids/sub-007/ses-02/func/sub-007_ses-02_task-fmri_run-03_events.tsv	unchanged	HIGH	/home/alexrees/scratch/tmp_processing/events_validation/all_events/sub-007_ses-02_task-fmri_run-03_events.tsv	25.0
sub-007	ses-02	05	/home/alexrees/scratch/bids/sub-007/ses-02/func/sub-007_ses-02_task-fmri_run-05_events.tsv	unchanged	HIGH	/home/alexrees/scratch/tmp_processing/events_validation/all_events/sub-007_ses-02_task-fmri_run-05_events.tsv	25.0
sub-007	ses-02	07	/home/alexrees/scratch/bids/sub-007/ses-02/func/sub-007_ses-02_task-fmri_run-07_events.tsv	unchanged	HIGH	/home/alexrees/scratch/tmp_processing/events_validation/all_events/sub-007_ses-02_task-fmri_run-07_events.tsv	25.0
sub-008	ses-01	01	/home/alexrees/scratch/bids/sub-008/ses-01/func/sub-008_ses-01_task-fmri_run-01_events.tsv	unchanged	HIGH	/home/alexrees/scratch/tmp_processing/events_validation/all_events/sub-008_ses-01_task-fmri_run-01_events.tsv	25.0
sub-008	ses-01	03	/home/alexrees/scratch/bids/sub-008/ses-01/func/sub-008_ses-01_task-fmri_run-03_events.tsv	unchanged	HIGH	/home/alexrees/scratch/tmp_processing/events_validation/all_events/sub-008_ses-01_task-fmri_run-03_events.tsv	25.0
sub-008	ses-01	05	/home/alexrees/scratch/bids/sub-008/ses-01/func/sub-008_ses-01_task-fmri_run-05_events.tsv	unchanged	HIGH	/home/alexrees/scratch/tmp_processing/events_validation/all_events/sub-008_ses-01_task-fmri_run-05_events.tsv	25.0
sub-008	ses-01	07	/home/alexrees/scratch/bids/sub-008/ses-01/func/sub-008_ses-01_task-fmri_run-07_events.tsv	unchanged	HIGH	/home/alexrees/scratch/tmp_processing/events_validation/all_events/sub-008_ses-01_task-fmri_run-07_events.tsv	25.0
sub-008	ses-02	01	/home/alexrees/scratch/bids/sub-008/ses-02/func/sub-008_ses-02_task-fmri_run-01_events.tsv	unchanged	HIGH	/home/alexrees/scratch/tmp_processing/events_validation/all_events/sub-008_ses-02_task-fmri_run-01_events.tsv	25.0
sub-008	ses-02	03	/home/alexrees/scratch/bids/sub-008/ses-02/func/sub-008_ses-02_task-fmri_run-03_events.tsv	unchanged	HIGH	/home/alexrees/scratch/tmp_processing/events_validation/all_events/sub-008_ses-02_task-fmri_run-03_events.tsv	25.0
sub-008	ses-02	05	/home/alexrees/scratch/bids/sub-008/ses-02/func/sub-008_ses-02_task-fmri_run-05_events.tsv	unchanged	HIGH	/home/alexrees/scratch/tmp_processing/events_validation/all_events/sub-008_ses-02_task-fmri_run-05_events.tsv	25.0
sub-008	ses-02	07	/home/alexrees/scratch/bids/sub-008/ses-02/func/sub-008_ses-02_task-fmri_run-07_events.tsv	unchanged	HIGH	/home/alexrees/scratch/tmp_processing/events_validation/all_events/sub-008_ses-02_task-fmri_run-07_events.tsv	25.0
sub-009	ses-01	01	/home/alexrees/scratch/bids/sub-009/ses-01/func/sub-009_ses-01_task-fmri_run-01_events.tsv	unchanged	HIGH	/home/alexrees/scratch/tmp_processing/events_validation/all_events/sub-009_ses-01_task-fmri_run-01_events.tsv	25.0
sub-009	ses-01	03	/home/alexrees/scratch/bids/sub-009/ses-01/func/sub-009_ses-01_task-fmri_run-03_events.tsv	unchanged	HIGH	/home/alexrees/scratch/tmp_processing/events_validation/all_events/sub-009_ses-01_task-fmri_run-03_events.tsv	25.0
sub-009	ses-01	05	/home/alexrees/scratch/bids/sub-009/ses-01/func/sub-009_ses-01_task-fmri_run-05_events.tsv	unchanged	HIGH	/home/alexrees/scratch/tmp_processing/events_validation/all_events/sub-009_ses-01_task-fmri_run-05_events.tsv	25.0
sub-009	ses-01	07	/home/alexrees/scratch/bids/sub-009/ses-01/func/sub-009_ses-01_task-fmri_run-07_events.tsv	unchanged	HIGH	/home/alexrees/scratch/tmp_processing/events_validation/all_events/sub-009_ses-01_task-fmri_run-07_events.tsv	25.0
sub-009	ses-02	01	/home/alexrees/scratch/bids/sub-009/ses-02/func/sub-009_ses-02_task-fmri_run-01_events.tsv	unchanged	HIGH	/home/alexrees/scratch/tmp_processing/events_validation/all_events/sub-009_ses-02_task-fmri_run-01_events.tsv	25.0
sub-009	ses-02	03	/home/alexrees/scratch/bids/sub-009/ses-02/func/sub-009_ses-02_task-fmri_run-03_events.tsv	unchanged	HIGH	/home/alexrees/scratch/tmp_processing/events_validation/all_events/sub-009_ses-02_task-fmri_run-03_events.tsv	25.0
sub-009	ses-02	05	/home/alexrees/scratch/bids/sub-009/ses-02/func/sub-009_ses-02_task-fmri_run-05_events.tsv	unchanged	HIGH	/home/alexrees/scratch/tmp_processing/events_validation/all_events/sub-009_ses-02_task-fmri_run-05_events.tsv	25.0
sub-009	ses-02	07	/home/alexrees/scratch/bids/sub-009/ses-02/func/sub-009_ses-02_task-fmri_run-07_events.tsv	unchanged	HIGH	/home/alexrees/scratch/tmp_processing/events_validation/all_events/sub-009_ses-02_task-fmri_run-07_events.tsv	25.0
sub-010	ses-01	01	/home/alexrees/scratch/bids/sub-010/ses-01/func/sub-010_ses-01_task-fmri_run-01_events.tsv	unchanged	HIGH	/home/alexrees/scratch/tmp_processing/events_validation/all_events/sub-010_ses-01_task-fmri_run-01_events.tsv	25.0
sub-010	ses-01	03	/home/alexrees/scratch/bids/sub-010/ses-01/func/sub-010_ses-01_task-fmri_run-03_events.tsv	unchanged	HIGH	/home/alexrees/scratch/tmp_processing/events_validation/all_events/sub-010_ses-01_task-fmri_run-03_events.tsv	25.0
sub-010	ses-01	05	/home/alexrees/scratch/bids/sub-010/ses-01/func/sub-010_ses-01_task-fmri_run-05_events.tsv	unchanged	HIGH	/home/alexrees/scratch/tmp_processing/events_validation/all_events/sub-010_ses-01_task-fmri_run-05_events.tsv	25.0
sub-010	ses-01	07	/home/alexrees/scratch/bids/sub-010/ses-01/func/sub-010_ses-01_task-fmri_run-07_events.tsv	unchanged	HIGH	/home/alexrees/scratch/tmp_processing/events_validation/all_events/sub-010_ses-01_task-fmri_run-07_events.tsv	25.0
sub-011	ses-01	01	/home/alexrees/scratch/bids/sub-011/ses-01/func/sub-011_ses-01_task-fmri_run-01_events.tsv	unchanged	HIGH	/home/alexrees/scratch/tmp_processing/events_validation/all_events/sub-011_ses-01_task-fmri_run-01_events.tsv	25.0
sub-011	ses-01	04	/home/alexrees/scratch/bids/sub-011/ses-01/func/sub-011_ses-01_task-fmri_run-04_events.tsv	SKIP_no_bold	HIGH	/home/alexrees/scratch/tmp_processing/events_validation/all_events/sub-011_ses-01_task-fmri_run-04_events.tsv	
sub-011	ses-01	09	/home/alexrees/scratch/bids/sub-011/ses-01/func/sub-011_ses-01_task-fmri_run-09_events.tsv	unchanged	HIGH	/home/alexrees/scratch/tmp_processing/events_validation/all_events/sub-011_ses-01_task-fmri_run-09_events.tsv	25.0
sub-011	ses-02	02	/home/alexrees/scratch/bids/sub-011/ses-02/func/sub-011_ses-02_task-fmri_run-02_events.tsv	unchanged	HIGH	/home/alexrees/scratch/tmp_processing/events_validation/all_events/sub-011_ses-02_task-fmri_run-02_events.tsv	25.0
sub-011	ses-02	04	/home/alexrees/scratch/bids/sub-011/ses-02/func/sub-011_ses-02_task-fmri_run-04_events.tsv	unchanged	HIGH	/home/alexrees/scratch/tmp_processing/events_validation/all_events/sub-011_ses-02_task-fmri_run-04_events.tsv	25.0
sub-011	ses-02	08	/home/alexrees/scratch/bids/sub-011/ses-02/func/sub-011_ses-02_task-fmri_run-08_events.tsv	unchanged	HIGH	/home/alexrees/scratch/tmp_processing/events_validation/all_events/sub-011_ses-02_task-fmri_run-08_events.tsv	25.0
sub-012	ses-01	01	/home/alexrees/scratch/bids/sub-012/ses-01/func/sub-012_ses-01_task-fmri_run-01_events.tsv	unchanged	HIGH	/home/alexrees/scratch/tmp_processing/events_validation/all_events/sub-012_ses-01_task-fmri_run-01_events.tsv	25.0
sub-012	ses-01	04	/home/alexrees/scratch/bids/sub-012/ses-01/func/sub-012_ses-01_task-fmri_run-04_events.tsv	SKIP_no_bold	HIGH	/home/alexrees/scratch/tmp_processing/events_validation/all_events/sub-012_ses-01_task-fmri_run-04_events.tsv	
sub-012	ses-01	05	/home/alexrees/scratch/bids/sub-012/ses-01/func/sub-012_ses-01_task-fmri_run-05_events.tsv	unchanged	HIGH	/home/alexrees/scratch/tmp_processing/events_validation/all_events/sub-012_ses-01_task-fmri_run-05_events.tsv	25.0
sub-012	ses-01	07	/home/alexrees/scratch/bids/sub-012/ses-01/func/sub-012_ses-01_task-fmri_run-07_events.tsv	unchanged	HIGH	/home/alexrees/scratch/tmp_processing/events_validation/all_events/sub-012_ses-01_task-fmri_run-07_events.tsv	25.0
sub-012	ses-01	09	/home/alexrees/scratch/bids/sub-012/ses-01/func/sub-012_ses-01_task-fmri_run-09_events.tsv	unchanged	HIGH	/home/alexrees/scratch/tmp_processing/events_validation/all_events/sub-012_ses-01_task-fmri_run-09_events.tsv	25.0
sub-012	ses-02	01	/home/alexrees/scratch/bids/sub-012/ses-02/func/sub-012_ses-02_task-fmri_run-01_events.tsv	unchanged	HIGH	/home/alexrees/scratch/tmp_processing/events_validation/all_events/sub-012_ses-02_task-fmri_run-01_events.tsv	25.0
sub-012	ses-02	03	/home/alexrees/scratch/bids/sub-012/ses-02/func/sub-012_ses-02_task-fmri_run-03_events.tsv	unchanged	HIGH	/home/alexrees/scratch/tmp_processing/events_validation/all_events/sub-012_ses-02_task-fmri_run-03_events.tsv	25.0
sub-012	ses-02	05	/home/alexrees/scratch/bids/sub-012/ses-02/func/sub-012_ses-02_task-fmri_run-05_events.tsv	unchanged	HIGH	/home/alexrees/scratch/tmp_processing/events_validation/all_events/sub-012_ses-02_task-fmri_run-05_events.tsv	25.0
sub-012	ses-02	07	/home/alexrees/scratch/bids/sub-012/ses-02/func/sub-012_ses-02_task-fmri_run-07_events.tsv	unchanged	HIGH	/home/alexrees/scratch/tmp_processing/events_validation/all_events/sub-012_ses-02_task-fmri_run-07_events.tsv	25.0
sub-013	ses-01	01	/home/alexrees/scratch/bids/sub-013/ses-01/func/sub-013_ses-01_task-fmri_run-01_events.tsv	unchanged	HIGH	/home/alexrees/scratch/tmp_processing/events_validation/all_events/sub-013_ses-01_task-fmri_run-01_events.tsv	25.0
sub-013	ses-01	03	/home/alexrees/scratch/bids/sub-013/ses-01/func/sub-013_ses-01_task-fmri_run-03_events.tsv	unchanged	HIGH	/home/alexrees/scratch/tmp_processing/events_validation/all_events/sub-013_ses-01_task-fmri_run-03_events.tsv	25.0
sub-013	ses-01	05	/home/alexrees/scratch/bids/sub-013/ses-01/func/sub-013_ses-01_task-fmri_run-05_events.tsv	overwrite	HIGH	/home/alexrees/scratch/tmp_processing/events_validation/all_events/sub-013_ses-01_task-fmri_run-05_events.tsv	25.0
sub-014	ses-01	01	/home/alexrees/scratch/bids/sub-014/ses-01/func/sub-014_ses-01_task-fmri_run-01_events.tsv	overwrite	HIGH	/home/alexrees/scratch/tmp_processing/events_validation/all_events/sub-014_ses-01_task-fmri_run-01_events.tsv	25.0
sub-014	ses-01	03	/home/alexrees/scratch/bids/sub-014/ses-01/func/sub-014_ses-01_task-fmri_run-03_events.tsv	overwrite	HIGH	/home/alexrees/scratch/tmp_processing/events_validation/all_events/sub-014_ses-01_task-fmri_run-03_events.tsv	25.0
sub-014	ses-01	05	/home/alexrees/scratch/bids/sub-014/ses-01/func/sub-014_ses-01_task-fmri_run-05_events.tsv	overwrite	HIGH	/home/alexrees/scratch/tmp_processing/events_validation/all_events/sub-014_ses-01_task-fmri_run-05_events.tsv	25.0
sub-014	ses-01	07	/home/alexrees/scratch/bids/sub-014/ses-01/func/sub-014_ses-01_task-fmri_run-07_events.tsv	overwrite	HIGH	/home/alexrees/scratch/tmp_processing/events_validation/all_events/sub-014_ses-01_task-fmri_run-07_events.tsv	25.0
sub-015	ses-01	01	/home/alexrees/scratch/bids/sub-015/ses-01/func/sub-015_ses-01_task-fmri_run-01_events.tsv	overwrite	HIGH	/home/alexrees/scratch/tmp_processing/events_validation/all_events/sub-015_ses-01_task-fmri_run-01_events.tsv	25.0
sub-015	ses-01	03	/home/alexrees/scratch/bids/sub-015/ses-01/func/sub-015_ses-01_task-fmri_run-03_events.tsv	overwrite	HIGH	/home/alexrees/scratch/tmp_processing/events_validation/all_events/sub-015_ses-01_task-fmri_run-03_events.tsv	25.0
sub-015	ses-01	05	/home/alexrees/scratch/bids/sub-015/ses-01/func/sub-015_ses-01_task-fmri_run-05_events.tsv	overwrite	HIGH	/home/alexrees/scratch/tmp_processing/events_validation/all_events/sub-015_ses-01_task-fmri_run-05_events.tsv	25.0
sub-015	ses-01	07	/home/alexrees/scratch/bids/sub-015/ses-01/func/sub-015_ses-01_task-fmri_run-07_events.tsv	overwrite	HIGH	/home/alexrees/scratch/tmp_processing/events_validation/all_events/sub-015_ses-01_task-fmri_run-07_events.tsv	25.0
sub-015	ses-02	01	/home/alexrees/scratch/bids/sub-015/ses-02/func/sub-015_ses-02_task-fmri_run-01_events.tsv	overwrite	HIGH	/home/alexrees/scratch/tmp_processing/events_validation/all_events/sub-015_ses-02_task-fmri_run-01_events.tsv	25.0
sub-015	ses-02	03	/home/alexrees/scratch/bids/sub-015/ses-02/func/sub-015_ses-02_task-fmri_run-03_events.tsv	overwrite	HIGH	/home/alexrees/scratch/tmp_processing/events_validation/all_events/sub-015_ses-02_task-fmri_run-03_events.tsv	25.0
sub-015	ses-02	05	/home/alexrees/scratch/bids/sub-015/ses-02/func/sub-015_ses-02_task-fmri_run-05_events.tsv	overwrite	HIGH	/home/alexrees/scratch/tmp_processing/events_validation/all_events/sub-015_ses-02_task-fmri_run-05_events.tsv	25.0
sub-015	ses-02	07	/home/alexrees/scratch/bids/sub-015/ses-02/func/sub-015_ses-02_task-fmri_run-07_events.tsv	overwrite	HIGH	/home/alexrees/scratch/tmp_processing/events_validation/all_events/sub-015_ses-02_task-fmri_run-07_events.tsv	25.0
sub-016	ses-01	01	/home/alexrees/scratch/bids/sub-016/ses-01/func/sub-016_ses-01_task-fmri_run-01_events.tsv	overwrite	HIGH	/home/alexrees/scratch/tmp_processing/events_validation/all_events/sub-016_ses-01_task-fmri_run-01_events.tsv	25.0
sub-016	ses-01	03	/home/alexrees/scratch/bids/sub-016/ses-01/func/sub-016_ses-01_task-fmri_run-03_events.tsv	overwrite	HIGH	/home/alexrees/scratch/tmp_processing/events_validation/all_events/sub-016_ses-01_task-fmri_run-03_events.tsv	25.0
sub-016	ses-01	05	/home/alexrees/scratch/bids/sub-016/ses-01/func/sub-016_ses-01_task-fmri_run-05_events.tsv	overwrite	HIGH	/home/alexrees/scratch/tmp_processing/events_validation/all_events/sub-016_ses-01_task-fmri_run-05_events.tsv	25.0
sub-016	ses-01	07	/home/alexrees/scratch/bids/sub-016/ses-01/func/sub-016_ses-01_task-fmri_run-07_events.tsv	overwrite	HIGH	/home/alexrees/scratch/tmp_processing/events_validation/all_events/sub-016_ses-01_task-fmri_run-07_events.tsv	25.0
sub-016	ses-02	03	/home/alexrees/scratch/bids/sub-016/ses-02/func/sub-016_ses-02_task-fmri_run-03_events.tsv	overwrite	HIGH	/home/alexrees/scratch/tmp_processing/events_validation/all_events/sub-016_ses-02_task-fmri_run-03_events.tsv	25.0
sub-016	ses-02	05	/home/alexrees/scratch/bids/sub-016/ses-02/func/sub-016_ses-02_task-fmri_run-05_events.tsv	overwrite	HIGH	/home/alexrees/scratch/tmp_processing/events_validation/all_events/sub-016_ses-02_task-fmri_run-05_events.tsv	25.0
sub-017	ses-01	01	/home/alexrees/scratch/bids/sub-017/ses-01/func/sub-017_ses-01_task-fmri_run-01_events.tsv	overwrite	HIGH	/home/alexrees/scratch/tmp_processing/events_validation/all_events/sub-017_ses-01_task-fmri_run-01_events.tsv	25.0
sub-017	ses-01	03	/home/alexrees/scratch/bids/sub-017/ses-01/func/sub-017_ses-01_task-fmri_run-03_events.tsv	overwrite	HIGH	/home/alexrees/scratch/tmp_processing/events_validation/all_events/sub-017_ses-01_task-fmri_run-03_events.tsv	25.0
sub-017	ses-01	05	/home/alexrees/scratch/bids/sub-017/ses-01/func/sub-017_ses-01_task-fmri_run-05_events.tsv	overwrite	HIGH	/home/alexrees/scratch/tmp_processing/events_validation/all_events/sub-017_ses-01_task-fmri_run-05_events.tsv	25.0
sub-017	ses-01	07	/home/alexrees/scratch/bids/sub-017/ses-01/func/sub-017_ses-01_task-fmri_run-07_events.tsv	overwrite	HIGH	/home/alexrees/scratch/tmp_processing/events_validation/all_events/sub-017_ses-01_task-fmri_run-07_events.tsv	25.0
sub-017	ses-02	01	/home/alexrees/scratch/bids/sub-017/ses-02/func/sub-017_ses-02_task-fmri_run-01_events.tsv	overwrite	HIGH	/home/alexrees/scratch/tmp_processing/events_validation/all_events/sub-017_ses-02_task-fmri_run-01_events.tsv	25.0
sub-017	ses-02	03	/home/alexrees/scratch/bids/sub-017/ses-02/func/sub-017_ses-02_task-fmri_run-03_events.tsv	overwrite	HIGH	/home/alexrees/scratch/tmp_processing/events_validation/all_events/sub-017_ses-02_task-fmri_run-03_events.tsv	25.0
sub-017	ses-02	05	/home/alexrees/scratch/bids/sub-017/ses-02/func/sub-017_ses-02_task-fmri_run-05_events.tsv	overwrite	HIGH	/home/alexrees/scratch/tmp_processing/events_validation/all_events/sub-017_ses-02_task-fmri_run-05_events.tsv	25.0
sub-017	ses-02	07	/home/alexrees/scratch/bids/sub-017/ses-02/func/sub-017_ses-02_task-fmri_run-07_events.tsv	overwrite	HIGH	/home/alexrees/scratch/tmp_processing/events_validation/all_events/sub-017_ses-02_task-fmri_run-07_events.tsv	25.0
sub-018	ses-01	01	/home/alexrees/scratch/bids/sub-018/ses-01/func/sub-018_ses-01_task-fmri_run-01_events.tsv	overwrite	HIGH	/home/alexrees/scratch/tmp_processing/events_validation/all_events/sub-018_ses-01_task-fmri_run-01_events.tsv	25.0
sub-018	ses-01	03	/home/alexrees/scratch/bids/sub-018/ses-01/func/sub-018_ses-01_task-fmri_run-03_events.tsv	overwrite	HIGH	/home/alexrees/scratch/tmp_processing/events_validation/all_events/sub-018_ses-01_task-fmri_run-03_events.tsv	25.0
sub-018	ses-01	05	/home/alexrees/scratch/bids/sub-018/ses-01/func/sub-018_ses-01_task-fmri_run-05_events.tsv	overwrite	HIGH	/home/alexrees/scratch/tmp_processing/events_validation/all_events/sub-018_ses-01_task-fmri_run-05_events.tsv	25.0
sub-018	ses-01	07	/home/alexrees/scratch/bids/sub-018/ses-01/func/sub-018_ses-01_task-fmri_run-07_events.tsv	overwrite	HIGH	/home/alexrees/scratch/tmp_processing/events_validation/all_events/sub-018_ses-01_task-fmri_run-07_events.tsv	25.0
sub-019	ses-01	01	/home/alexrees/scratch/bids/sub-019/ses-01/func/sub-019_ses-01_task-fmri_run-01_events.tsv	overwrite	HIGH	/home/alexrees/scratch/tmp_processing/events_validation/all_events/sub-019_ses-01_task-fmri_run-01_events.tsv	25.0
sub-019	ses-01	03	/home/alexrees/scratch/bids/sub-019/ses-01/func/sub-019_ses-01_task-fmri_run-03_events.tsv	overwrite	HIGH	/home/alexrees/scratch/tmp_processing/events_validation/all_events/sub-019_ses-01_task-fmri_run-03_events.tsv	25.0
sub-019	ses-01	05	/home/alexrees/scratch/bids/sub-019/ses-01/func/sub-019_ses-01_task-fmri_run-05_events.tsv	overwrite	HIGH	/home/alexrees/scratch/tmp_processing/events_validation/all_events/sub-019_ses-01_task-fmri_run-05_events.tsv	25.0
sub-019	ses-01	07	/home/alexrees/scratch/bids/sub-019/ses-01/func/sub-019_ses-01_task-fmri_run-07_events.tsv	overwrite	HIGH	/home/alexrees/scratch/tmp_processing/events_validation/all_events/sub-019_ses-01_task-fmri_run-07_events.tsv	25.0
sub-019	ses-02	01	/home/alexrees/scratch/bids/sub-019/ses-02/func/sub-019_ses-02_task-fmri_run-01_events.tsv	overwrite	HIGH	/home/alexrees/scratch/tmp_processing/events_validation/all_events/sub-019_ses-02_task-fmri_run-01_events.tsv	25.0
sub-019	ses-02	03	/home/alexrees/scratch/bids/sub-019/ses-02/func/sub-019_ses-02_task-fmri_run-03_events.tsv	overwrite	HIGH	/home/alexrees/scratch/tmp_processing/events_validation/all_events/sub-019_ses-02_task-fmri_run-03_events.tsv	25.0
sub-019	ses-02	05	/home/alexrees/scratch/bids/sub-019/ses-02/func/sub-019_ses-02_task-fmri_run-05_events.tsv	overwrite	HIGH	/home/alexrees/scratch/tmp_processing/events_validation/all_events/sub-019_ses-02_task-fmri_run-05_events.tsv	25.0
sub-019	ses-02	07	/home/alexrees/scratch/bids/sub-019/ses-02/func/sub-019_ses-02_task-fmri_run-07_events.tsv	overwrite	HIGH	/home/alexrees/scratch/tmp_processing/events_validation/all_events/sub-019_ses-02_task-fmri_run-07_events.tsv	25.0
sub-020	ses-01	01	/home/alexrees/scratch/bids/sub-020/ses-01/func/sub-020_ses-01_task-fmri_run-01_events.tsv	overwrite	HIGH	/home/alexrees/scratch/tmp_processing/events_validation/all_events/sub-020_ses-01_task-fmri_run-01_events.tsv	25.0
sub-020	ses-01	03	/home/alexrees/scratch/bids/sub-020/ses-01/func/sub-020_ses-01_task-fmri_run-03_events.tsv	overwrite	HIGH	/home/alexrees/scratch/tmp_processing/events_validation/all_events/sub-020_ses-01_task-fmri_run-03_events.tsv	25.0
sub-020	ses-01	07	/home/alexrees/scratch/bids/sub-020/ses-01/func/sub-020_ses-01_task-fmri_run-07_events.tsv	overwrite	HIGH	/home/alexrees/scratch/tmp_processing/events_validation/all_events/sub-020_ses-01_task-fmri_run-07_events.tsv	25.0
sub-021	ses-01	01	/home/alexrees/scratch/bids/sub-021/ses-01/func/sub-021_ses-01_task-fmri_run-01_events.tsv	overwrite	HIGH	/home/alexrees/scratch/tmp_processing/events_validation/all_events/sub-021_ses-01_task-fmri_run-01_events.tsv	25.0
sub-021	ses-01	03	/home/alexrees/scratch/bids/sub-021/ses-01/func/sub-021_ses-01_task-fmri_run-03_events.tsv	overwrite	HIGH	/home/alexrees/scratch/tmp_processing/events_validation/all_events/sub-021_ses-01_task-fmri_run-03_events.tsv	25.0
sub-021	ses-01	05	/home/alexrees/scratch/bids/sub-021/ses-01/func/sub-021_ses-01_task-fmri_run-05_events.tsv	overwrite	HIGH	/home/alexrees/scratch/tmp_processing/events_validation/all_events/sub-021_ses-01_task-fmri_run-05_events.tsv	25.0
sub-021	ses-01	07	/home/alexrees/scratch/bids/sub-021/ses-01/func/sub-021_ses-01_task-fmri_run-07_events.tsv	overwrite	HIGH	/home/alexrees/scratch/tmp_processing/events_validation/all_events/sub-021_ses-01_task-fmri_run-07_events.tsv	25.0
sub-021	ses-02	01	/home/alexrees/scratch/bids/sub-021/ses-02/func/sub-021_ses-02_task-fmri_run-01_events.tsv	overwrite	HIGH	/home/alexrees/scratch/tmp_processing/events_validation/all_events/sub-021_ses-02_task-fmri_run-01_events.tsv	25.0
sub-021	ses-02	03	/home/alexrees/scratch/bids/sub-021/ses-02/func/sub-021_ses-02_task-fmri_run-03_events.tsv	overwrite	HIGH	/home/alexrees/scratch/tmp_processing/events_validation/all_events/sub-021_ses-02_task-fmri_run-03_events.tsv	25.0
sub-021	ses-02	05	/home/alexrees/scratch/bids/sub-021/ses-02/func/sub-021_ses-02_task-fmri_run-05_events.tsv	overwrite	HIGH	/home/alexrees/scratch/tmp_processing/events_validation/all_events/sub-021_ses-02_task-fmri_run-05_events.tsv	25.0
sub-021	ses-02	07	/home/alexrees/scratch/bids/sub-021/ses-02/func/sub-021_ses-02_task-fmri_run-07_events.tsv	overwrite	HIGH	/home/alexrees/scratch/tmp_processing/events_validation/all_events/sub-021_ses-02_task-fmri_run-07_events.tsv	25.0
sub-022	ses-01	01	/home/alexrees/scratch/bids/sub-022/ses-01/func/sub-022_ses-01_task-fmri_run-01_events.tsv	overwrite	HIGH	/home/alexrees/scratch/tmp_processing/events_validation/all_events/sub-022_ses-01_task-fmri_run-01_events.tsv	25.0
sub-022	ses-01	03	/home/alexrees/scratch/bids/sub-022/ses-01/func/sub-022_ses-01_task-fmri_run-03_events.tsv	overwrite	HIGH	/home/alexrees/scratch/tmp_processing/events_validation/all_events/sub-022_ses-01_task-fmri_run-03_events.tsv	25.0
sub-022	ses-01	05	/home/alexrees/scratch/bids/sub-022/ses-01/func/sub-022_ses-01_task-fmri_run-05_events.tsv	overwrite	HIGH	/home/alexrees/scratch/tmp_processing/events_validation/all_events/sub-022_ses-01_task-fmri_run-05_events.tsv	25.0
sub-022	ses-01	07	/home/alexrees/scratch/bids/sub-022/ses-01/func/sub-022_ses-01_task-fmri_run-07_events.tsv	overwrite	HIGH	/home/alexrees/scratch/tmp_processing/events_validation/all_events/sub-022_ses-01_task-fmri_run-07_events.tsv	25.0
sub-022	ses-02	01	/home/alexrees/scratch/bids/sub-022/ses-02/func/sub-022_ses-02_task-fmri_run-01_events.tsv	overwrite	HIGH	/home/alexrees/scratch/tmp_processing/events_validation/all_events/sub-022_ses-02_task-fmri_run-01_events.tsv	25.0
sub-022	ses-02	03	/home/alexrees/scratch/bids/sub-022/ses-02/func/sub-022_ses-02_task-fmri_run-03_events.tsv	overwrite	HIGH	/home/alexrees/scratch/tmp_processing/events_validation/all_events/sub-022_ses-02_task-fmri_run-03_events.tsv	25.0
sub-022	ses-02	05	/home/alexrees/scratch/bids/sub-022/ses-02/func/sub-022_ses-02_task-fmri_run-05_events.tsv	overwrite	HIGH	/home/alexrees/scratch/tmp_processing/events_validation/all_events/sub-022_ses-02_task-fmri_run-05_events.tsv	25.0
sub-022	ses-02	07	/home/alexrees/scratch/bids/sub-022/ses-02/func/sub-022_ses-02_task-fmri_run-07_events.tsv	overwrite	HIGH	/home/alexrees/scratch/tmp_processing/events_validation/all_events/sub-022_ses-02_task-fmri_run-07_events.tsv	25.0
sub-023	ses-01	03	/home/alexrees/scratch/bids/sub-023/ses-01/func/sub-023_ses-01_task-fmri_run-03_events.tsv	overwrite	HIGH	/home/alexrees/scratch/tmp_processing/events_validation/all_events/sub-023_ses-01_task-fmri_run-03_events.tsv	25.0
sub-023	ses-01	05	/home/alexrees/scratch/bids/sub-023/ses-01/func/sub-023_ses-01_task-fmri_run-05_events.tsv	overwrite	HIGH	/home/alexrees/scratch/tmp_processing/events_validation/all_events/sub-023_ses-01_task-fmri_run-05_events.tsv	25.0
sub-023	ses-02	01	/home/alexrees/scratch/bids/sub-023/ses-02/func/sub-023_ses-02_task-fmri_run-01_events.tsv	overwrite	HIGH	/home/alexrees/scratch/tmp_processing/events_validation/all_events/sub-023_ses-02_task-fmri_run-01_events.tsv	25.0
sub-023	ses-02	03	/home/alexrees/scratch/bids/sub-023/ses-02/func/sub-023_ses-02_task-fmri_run-03_events.tsv	overwrite	HIGH	/home/alexrees/scratch/tmp_processing/events_validation/all_events/sub-023_ses-02_task-fmri_run-03_events.tsv	25.0
sub-023	ses-02	05	/home/alexrees/scratch/bids/sub-023/ses-02/func/sub-023_ses-02_task-fmri_run-05_events.tsv	overwrite	HIGH	/home/alexrees/scratch/tmp_processing/events_validation/all_events/sub-023_ses-02_task-fmri_run-05_events.tsv	25.0
sub-023	ses-02	07	/home/alexrees/scratch/bids/sub-023/ses-02/func/sub-023_ses-02_task-fmri_run-07_events.tsv	overwrite	HIGH	/home/alexrees/scratch/tmp_processing/events_validation/all_events/sub-023_ses-02_task-fmri_run-07_events.tsv	25.0
sub-024	ses-01	01	/home/alexrees/scratch/bids/sub-024/ses-01/func/sub-024_ses-01_task-fmri_run-01_events.tsv	overwrite	HIGH	/home/alexrees/scratch/tmp_processing/events_validation/all_events/sub-024_ses-01_task-fmri_run-01_events.tsv	25.0
sub-024	ses-01	03	/home/alexrees/scratch/bids/sub-024/ses-01/func/sub-024_ses-01_task-fmri_run-03_events.tsv	overwrite	HIGH	/home/alexrees/scratch/tmp_processing/events_validation/all_events/sub-024_ses-01_task-fmri_run-03_events.tsv	25.0
sub-024	ses-01	05	/home/alexrees/scratch/bids/sub-024/ses-01/func/sub-024_ses-01_task-fmri_run-05_events.tsv	overwrite	HIGH	/home/alexrees/scratch/tmp_processing/events_validation/all_events/sub-024_ses-01_task-fmri_run-05_events.tsv	25.0
sub-024	ses-01	07	/home/alexrees/scratch/bids/sub-024/ses-01/func/sub-024_ses-01_task-fmri_run-07_events.tsv	create	HIGH	/home/alexrees/scratch/tmp_processing/events_validation/all_events/sub-024_ses-01_task-fmri_run-07_events.tsv	25.0
sub-024	ses-02	01	/home/alexrees/scratch/bids/sub-024/ses-02/func/sub-024_ses-02_task-fmri_run-01_events.tsv	create	HIGH	/home/alexrees/scratch/tmp_processing/events_validation/all_events/sub-024_ses-02_task-fmri_run-01_events.tsv	25.0
sub-024	ses-02	02	/home/alexrees/scratch/bids/sub-024/ses-02/func/sub-024_ses-02_task-fmri_run-02_events.tsv	SKIP_no_bold	HIGH	/home/alexrees/scratch/tmp_processing/events_validation/all_events/sub-024_ses-02_task-fmri_run-02_events.tsv	
sub-024	ses-02	05	/home/alexrees/scratch/bids/sub-024/ses-02/func/sub-024_ses-02_task-fmri_run-05_events.tsv	overwrite	HIGH	/home/alexrees/scratch/tmp_processing/events_validation/all_events/sub-024_ses-02_task-fmri_run-05_events.tsv	25.0
sub-024	ses-02	08	/home/alexrees/scratch/bids/sub-024/ses-02/func/sub-024_ses-02_task-fmri_run-08_events.tsv	overwrite	HIGH	/home/alexrees/scratch/tmp_processing/events_validation/all_events/sub-024_ses-02_task-fmri_run-08_events.tsv	25.0
sub-025	ses-01	03	/home/alexrees/scratch/bids/sub-025/ses-01/func/sub-025_ses-01_task-fmri_run-03_events.tsv	overwrite	HIGH	/home/alexrees/scratch/tmp_processing/events_validation/all_events/sub-025_ses-01_task-fmri_run-03_events.tsv	25.0
sub-025	ses-01	05	/home/alexrees/scratch/bids/sub-025/ses-01/func/sub-025_ses-01_task-fmri_run-05_events.tsv	overwrite	HIGH	/home/alexrees/scratch/tmp_processing/events_validation/all_events/sub-025_ses-01_task-fmri_run-05_events.tsv	25.0
sub-025	ses-02	01	/home/alexrees/scratch/bids/sub-025/ses-02/func/sub-025_ses-02_task-fmri_run-01_events.tsv	overwrite	HIGH	/home/alexrees/scratch/tmp_processing/events_validation/all_events/sub-025_ses-02_task-fmri_run-01_events.tsv	25.0
sub-025	ses-02	03	/home/alexrees/scratch/bids/sub-025/ses-02/func/sub-025_ses-02_task-fmri_run-03_events.tsv	overwrite	HIGH	/home/alexrees/scratch/tmp_processing/events_validation/all_events/sub-025_ses-02_task-fmri_run-03_events.tsv	25.0
sub-025	ses-02	05	/home/alexrees/scratch/bids/sub-025/ses-02/func/sub-025_ses-02_task-fmri_run-05_events.tsv	overwrite	HIGH	/home/alexrees/scratch/tmp_processing/events_validation/all_events/sub-025_ses-02_task-fmri_run-05_events.tsv	25.0
sub-025	ses-02	07	/home/alexrees/scratch/bids/sub-025/ses-02/func/sub-025_ses-02_task-fmri_run-07_events.tsv	overwrite	HIGH	/home/alexrees/scratch/tmp_processing/events_validation/all_events/sub-025_ses-02_task-fmri_run-07_events.tsv	25.0
sub-026	ses-01	01	/home/alexrees/scratch/bids/sub-026/ses-01/func/sub-026_ses-01_task-fmri_run-01_events.tsv	overwrite	HIGH	/home/alexrees/scratch/tmp_processing/events_validation/all_events/sub-026_ses-01_task-fmri_run-01_events.tsv	25.0
sub-026	ses-01	03	/home/alexrees/scratch/bids/sub-026/ses-01/func/sub-026_ses-01_task-fmri_run-03_events.tsv	overwrite	HIGH	/home/alexrees/scratch/tmp_processing/events_validation/all_events/sub-026_ses-01_task-fmri_run-03_events.tsv	25.0
sub-026	ses-01	05	/home/alexrees/scratch/bids/sub-026/ses-01/func/sub-026_ses-01_task-fmri_run-05_events.tsv	overwrite	HIGH	/home/alexrees/scratch/tmp_processing/events_validation/all_events/sub-026_ses-01_task-fmri_run-05_events.tsv	25.0
sub-026	ses-01	07	/home/alexrees/scratch/bids/sub-026/ses-01/func/sub-026_ses-01_task-fmri_run-07_events.tsv	overwrite	HIGH	/home/alexrees/scratch/tmp_processing/events_validation/all_events/sub-026_ses-01_task-fmri_run-07_events.tsv	25.0
sub-027	ses-01	01	/home/alexrees/scratch/bids/sub-027/ses-01/func/sub-027_ses-01_task-fmri_run-01_events.tsv	overwrite	HIGH	/home/alexrees/scratch/tmp_processing/events_validation/all_events/sub-027_ses-01_task-fmri_run-01_events.tsv	25.0
sub-027	ses-01	03	/home/alexrees/scratch/bids/sub-027/ses-01/func/sub-027_ses-01_task-fmri_run-03_events.tsv	overwrite	HIGH	/home/alexrees/scratch/tmp_processing/events_validation/all_events/sub-027_ses-01_task-fmri_run-03_events.tsv	25.0
sub-027	ses-01	05	/home/alexrees/scratch/bids/sub-027/ses-01/func/sub-027_ses-01_task-fmri_run-05_events.tsv	overwrite	HIGH	/home/alexrees/scratch/tmp_processing/events_validation/all_events/sub-027_ses-01_task-fmri_run-05_events.tsv	25.0
sub-027	ses-01	07	/home/alexrees/scratch/bids/sub-027/ses-01/func/sub-027_ses-01_task-fmri_run-07_events.tsv	overwrite	HIGH	/home/alexrees/scratch/tmp_processing/events_validation/all_events/sub-027_ses-01_task-fmri_run-07_events.tsv	25.0
sub-027	ses-02	01	/home/alexrees/scratch/bids/sub-027/ses-02/func/sub-027_ses-02_task-fmri_run-01_events.tsv	overwrite	HIGH	/home/alexrees/scratch/tmp_processing/events_validation/all_events/sub-027_ses-02_task-fmri_run-01_events.tsv	25.0
sub-027	ses-02	03	/home/alexrees/scratch/bids/sub-027/ses-02/func/sub-027_ses-02_task-fmri_run-03_events.tsv	overwrite	HIGH	/home/alexrees/scratch/tmp_processing/events_validation/all_events/sub-027_ses-02_task-fmri_run-03_events.tsv	25.0
sub-027	ses-02	05	/home/alexrees/scratch/bids/sub-027/ses-02/func/sub-027_ses-02_task-fmri_run-05_events.tsv	overwrite	HIGH	/home/alexrees/scratch/tmp_processing/events_validation/all_events/sub-027_ses-02_task-fmri_run-05_events.tsv	25.0
sub-027	ses-02	07	/home/alexrees/scratch/bids/sub-027/ses-02/func/sub-027_ses-02_task-fmri_run-07_events.tsv	overwrite	HIGH	/home/alexrees/scratch/tmp_processing/events_validation/all_events/sub-027_ses-02_task-fmri_run-07_events.tsv	25.0
sub-028	ses-01	01	/home/alexrees/scratch/bids/sub-028/ses-01/func/sub-028_ses-01_task-fmri_run-01_events.tsv	overwrite	HIGH	/home/alexrees/scratch/tmp_processing/events_validation/all_events/sub-028_ses-01_task-fmri_run-01_events.tsv	25.0
sub-028	ses-01	03	/home/alexrees/scratch/bids/sub-028/ses-01/func/sub-028_ses-01_task-fmri_run-03_events.tsv	overwrite	HIGH	/home/alexrees/scratch/tmp_processing/events_validation/all_events/sub-028_ses-01_task-fmri_run-03_events.tsv	25.0
sub-028	ses-01	05	/home/alexrees/scratch/bids/sub-028/ses-01/func/sub-028_ses-01_task-fmri_run-05_events.tsv	overwrite	HIGH	/home/alexrees/scratch/tmp_processing/events_validation/all_events/sub-028_ses-01_task-fmri_run-05_events.tsv	25.0
sub-028	ses-01	07	/home/alexrees/scratch/bids/sub-028/ses-01/func/sub-028_ses-01_task-fmri_run-07_events.tsv	overwrite	HIGH	/home/alexrees/scratch/tmp_processing/events_validation/all_events/sub-028_ses-01_task-fmri_run-07_events.tsv	25.0
sub-028	ses-02	02	/home/alexrees/scratch/bids/sub-028/ses-02/func/sub-028_ses-02_task-fmri_run-02_events.tsv	overwrite	HIGH	/home/alexrees/scratch/tmp_processing/events_validation/all_events/sub-028_ses-02_task-fmri_run-02_events.tsv	25.0
sub-028	ses-02	04	/home/alexrees/scratch/bids/sub-028/ses-02/func/sub-028_ses-02_task-fmri_run-04_events.tsv	overwrite	HIGH	/home/alexrees/scratch/tmp_processing/events_validation/all_events/sub-028_ses-02_task-fmri_run-04_events.tsv	25.0
sub-028	ses-02	06	/home/alexrees/scratch/bids/sub-028/ses-02/func/sub-028_ses-02_task-fmri_run-06_events.tsv	overwrite	HIGH	/home/alexrees/scratch/tmp_processing/events_validation/all_events/sub-028_ses-02_task-fmri_run-06_events.tsv	25.0
sub-028	ses-02	08	/home/alexrees/scratch/bids/sub-028/ses-02/func/sub-028_ses-02_task-fmri_run-08_events.tsv	overwrite	HIGH	/home/alexrees/scratch/tmp_processing/events_validation/all_events/sub-028_ses-02_task-fmri_run-08_events.tsv	25.0
sub-029	ses-01	01	/home/alexrees/scratch/bids/sub-029/ses-01/func/sub-029_ses-01_task-fmri_run-01_events.tsv	overwrite	HIGH	/home/alexrees/scratch/tmp_processing/events_validation/all_events/sub-029_ses-01_task-fmri_run-01_events.tsv	25.0
sub-029	ses-01	03	/home/alexrees/scratch/bids/sub-029/ses-01/func/sub-029_ses-01_task-fmri_run-03_events.tsv	overwrite	HIGH	/home/alexrees/scratch/tmp_processing/events_validation/all_events/sub-029_ses-01_task-fmri_run-03_events.tsv	25.0
sub-029	ses-01	05	/home/alexrees/scratch/bids/sub-029/ses-01/func/sub-029_ses-01_task-fmri_run-05_events.tsv	overwrite	HIGH	/home/alexrees/scratch/tmp_processing/events_validation/all_events/sub-029_ses-01_task-fmri_run-05_events.tsv	25.0
sub-029	ses-01	07	/home/alexrees/scratch/bids/sub-029/ses-01/func/sub-029_ses-01_task-fmri_run-07_events.tsv	overwrite	HIGH	/home/alexrees/scratch/tmp_processing/events_validation/all_events/sub-029_ses-01_task-fmri_run-07_events.tsv	25.0
sub-029	ses-02	01	/home/alexrees/scratch/bids/sub-029/ses-02/func/sub-029_ses-02_task-fmri_run-01_events.tsv	overwrite	HIGH	/home/alexrees/scratch/tmp_processing/events_validation/all_events/sub-029_ses-02_task-fmri_run-01_events.tsv	25.0
sub-029	ses-02	03	/home/alexrees/scratch/bids/sub-029/ses-02/func/sub-029_ses-02_task-fmri_run-03_events.tsv	overwrite	HIGH	/home/alexrees/scratch/tmp_processing/events_validation/all_events/sub-029_ses-02_task-fmri_run-03_events.tsv	25.0
sub-029	ses-02	05	/home/alexrees/scratch/bids/sub-029/ses-02/func/sub-029_ses-02_task-fmri_run-05_events.tsv	overwrite	HIGH	/home/alexrees/scratch/tmp_processing/events_validation/all_events/sub-029_ses-02_task-fmri_run-05_events.tsv	25.0
sub-029	ses-02	07	/home/alexrees/scratch/bids/sub-029/ses-02/func/sub-029_ses-02_task-fmri_run-07_events.tsv	overwrite	HIGH	/home/alexrees/scratch/tmp_processing/events_validation/all_events/sub-029_ses-02_task-fmri_run-07_events.tsv	25.0
sub-030	ses-01	01	/home/alexrees/scratch/bids/sub-030/ses-01/func/sub-030_ses-01_task-fmri_run-01_events.tsv	overwrite	HIGH	/home/alexrees/scratch/tmp_processing/events_validation/all_events/sub-030_ses-01_task-fmri_run-01_events.tsv	25.0
sub-030	ses-01	03	/home/alexrees/scratch/bids/sub-030/ses-01/func/sub-030_ses-01_task-fmri_run-03_events.tsv	overwrite	HIGH	/home/alexrees/scratch/tmp_processing/events_validation/all_events/sub-030_ses-01_task-fmri_run-03_events.tsv	25.0
sub-030	ses-01	05	/home/alexrees/scratch/bids/sub-030/ses-01/func/sub-030_ses-01_task-fmri_run-05_events.tsv	overwrite	HIGH	/home/alexrees/scratch/tmp_processing/events_validation/all_events/sub-030_ses-01_task-fmri_run-05_events.tsv	25.0
sub-030	ses-01	07	/home/alexrees/scratch/bids/sub-030/ses-01/func/sub-030_ses-01_task-fmri_run-07_events.tsv	overwrite	HIGH	/home/alexrees/scratch/tmp_processing/events_validation/all_events/sub-030_ses-01_task-fmri_run-07_events.tsv	25.0
sub-030	ses-02	01	/home/alexrees/scratch/bids/sub-030/ses-02/func/sub-030_ses-02_task-fmri_run-01_events.tsv	overwrite	HIGH	/home/alexrees/scratch/tmp_processing/events_validation/all_events/sub-030_ses-02_task-fmri_run-01_events.tsv	25.0
sub-030	ses-02	03	/home/alexrees/scratch/bids/sub-030/ses-02/func/sub-030_ses-02_task-fmri_run-03_events.tsv	overwrite	HIGH	/home/alexrees/scratch/tmp_processing/events_validation/all_events/sub-030_ses-02_task-fmri_run-03_events.tsv	25.0
sub-030	ses-02	05	/home/alexrees/scratch/bids/sub-030/ses-02/func/sub-030_ses-02_task-fmri_run-05_events.tsv	overwrite	HIGH	/home/alexrees/scratch/tmp_processing/events_validation/all_events/sub-030_ses-02_task-fmri_run-05_events.tsv	25.0
sub-030	ses-02	07	/home/alexrees/scratch/bids/sub-030/ses-02/func/sub-030_ses-02_task-fmri_run-07_events.tsv	overwrite	HIGH	/home/alexrees/scratch/tmp_processing/events_validation/all_events/sub-030_ses-02_task-fmri_run-07_events.tsv	25.0
sub-031	ses-01	01	/home/alexrees/scratch/bids/sub-031/ses-01/func/sub-031_ses-01_task-fmri_run-01_events.tsv	overwrite	HIGH	/home/alexrees/scratch/tmp_processing/events_validation/all_events/sub-031_ses-01_task-fmri_run-01_events.tsv	25.0
sub-031	ses-01	03	/home/alexrees/scratch/bids/sub-031/ses-01/func/sub-031_ses-01_task-fmri_run-03_events.tsv	overwrite	HIGH	/home/alexrees/scratch/tmp_processing/events_validation/all_events/sub-031_ses-01_task-fmri_run-03_events.tsv	25.0
sub-031	ses-01	05	/home/alexrees/scratch/bids/sub-031/ses-01/func/sub-031_ses-01_task-fmri_run-05_events.tsv	overwrite	HIGH	/home/alexrees/scratch/tmp_processing/events_validation/all_events/sub-031_ses-01_task-fmri_run-05_events.tsv	25.0
sub-031	ses-01	07	/home/alexrees/scratch/bids/sub-031/ses-01/func/sub-031_ses-01_task-fmri_run-07_events.tsv	overwrite	HIGH	/home/alexrees/scratch/tmp_processing/events_validation/all_events/sub-031_ses-01_task-fmri_run-07_events.tsv	25.0
sub-032	ses-01	06	/home/alexrees/scratch/bids/sub-032/ses-01/func/sub-032_ses-01_task-fmri_run-06_events.tsv	SKIP_no_bold	HIGH	/home/alexrees/scratch/tmp_processing/events_validation/all_events/sub-032_ses-01_task-fmri_run-06_events.tsv	
sub-032	ses-01	07	/home/alexrees/scratch/bids/sub-032/ses-01/func/sub-032_ses-01_task-fmri_run-07_events.tsv	overwrite	HIGH	/home/alexrees/scratch/tmp_processing/events_validation/all_events/sub-032_ses-01_task-fmri_run-07_events.tsv	25.0
sub-033	ses-01	01	/home/alexrees/scratch/bids/sub-033/ses-01/func/sub-033_ses-01_task-fmri_run-01_events.tsv	overwrite	HIGH	/home/alexrees/scratch/tmp_processing/events_validation/all_events/sub-033_ses-01_task-fmri_run-01_events.tsv	25.0
sub-033	ses-01	03	/home/alexrees/scratch/bids/sub-033/ses-01/func/sub-033_ses-01_task-fmri_run-03_events.tsv	overwrite	HIGH	/home/alexrees/scratch/tmp_processing/events_validation/all_events/sub-033_ses-01_task-fmri_run-03_events.tsv	25.0
sub-033	ses-01	05	/home/alexrees/scratch/bids/sub-033/ses-01/func/sub-033_ses-01_task-fmri_run-05_events.tsv	overwrite	HIGH	/home/alexrees/scratch/tmp_processing/events_validation/all_events/sub-033_ses-01_task-fmri_run-05_events.tsv	25.0
sub-033	ses-01	07	/home/alexrees/scratch/bids/sub-033/ses-01/func/sub-033_ses-01_task-fmri_run-07_events.tsv	overwrite	HIGH	/home/alexrees/scratch/tmp_processing/events_validation/all_events/sub-033_ses-01_task-fmri_run-07_events.tsv	25.0
sub-034	ses-01	01	/home/alexrees/scratch/bids/sub-034/ses-01/func/sub-034_ses-01_task-fmri_run-01_events.tsv	overwrite	HIGH	/home/alexrees/scratch/tmp_processing/events_validation/all_events/sub-034_ses-01_task-fmri_run-01_events.tsv	25.0
sub-034	ses-01	03	/home/alexrees/scratch/bids/sub-034/ses-01/func/sub-034_ses-01_task-fmri_run-03_events.tsv	overwrite	HIGH	/home/alexrees/scratch/tmp_processing/events_validation/all_events/sub-034_ses-01_task-fmri_run-03_events.tsv	25.0
sub-034	ses-01	05	/home/alexrees/scratch/bids/sub-034/ses-01/func/sub-034_ses-01_task-fmri_run-05_events.tsv	overwrite	HIGH	/home/alexrees/scratch/tmp_processing/events_validation/all_events/sub-034_ses-01_task-fmri_run-05_events.tsv	25.0
sub-034	ses-01	07	/home/alexrees/scratch/bids/sub-034/ses-01/func/sub-034_ses-01_task-fmri_run-07_events.tsv	overwrite	HIGH	/home/alexrees/scratch/tmp_processing/events_validation/all_events/sub-034_ses-01_task-fmri_run-07_events.tsv	25.0
sub-034	ses-02	01	/home/alexrees/scratch/bids/sub-034/ses-02/func/sub-034_ses-02_task-fmri_run-01_events.tsv	overwrite	HIGH	/home/alexrees/scratch/tmp_processing/events_validation/all_events/sub-034_ses-02_task-fmri_run-01_events.tsv	25.0
sub-034	ses-02	03	/home/alexrees/scratch/bids/sub-034/ses-02/func/sub-034_ses-02_task-fmri_run-03_events.tsv	overwrite	HIGH	/home/alexrees/scratch/tmp_processing/events_validation/all_events/sub-034_ses-02_task-fmri_run-03_events.tsv	25.0
sub-034	ses-02	05	/home/alexrees/scratch/bids/sub-034/ses-02/func/sub-034_ses-02_task-fmri_run-05_events.tsv	overwrite	HIGH	/home/alexrees/scratch/tmp_processing/events_validation/all_events/sub-034_ses-02_task-fmri_run-05_events.tsv	25.0
sub-034	ses-02	07	/home/alexrees/scratch/bids/sub-034/ses-02/func/sub-034_ses-02_task-fmri_run-07_events.tsv	overwrite	HIGH	/home/alexrees/scratch/tmp_processing/events_validation/all_events/sub-034_ses-02_task-fmri_run-07_events.tsv	25.0
sub-035	ses-01	01	/home/alexrees/scratch/bids/sub-035/ses-01/func/sub-035_ses-01_task-fmri_run-01_events.tsv	overwrite	HIGH	/home/alexrees/scratch/tmp_processing/events_validation/all_events/sub-035_ses-01_task-fmri_run-01_events.tsv	25.0
sub-035	ses-01	03	/home/alexrees/scratch/bids/sub-035/ses-01/func/sub-035_ses-01_task-fmri_run-03_events.tsv	overwrite	HIGH	/home/alexrees/scratch/tmp_processing/events_validation/all_events/sub-035_ses-01_task-fmri_run-03_events.tsv	25.0
sub-035	ses-01	05	/home/alexrees/scratch/bids/sub-035/ses-01/func/sub-035_ses-01_task-fmri_run-05_events.tsv	overwrite	HIGH	/home/alexrees/scratch/tmp_processing/events_validation/all_events/sub-035_ses-01_task-fmri_run-05_events.tsv	25.0
sub-035	ses-01	07	/home/alexrees/scratch/bids/sub-035/ses-01/func/sub-035_ses-01_task-fmri_run-07_events.tsv	overwrite	HIGH	/home/alexrees/scratch/tmp_processing/events_validation/all_events/sub-035_ses-01_task-fmri_run-07_events.tsv	25.0
sub-035	ses-02	01	/home/alexrees/scratch/bids/sub-035/ses-02/func/sub-035_ses-02_task-fmri_run-01_events.tsv	overwrite	HIGH	/home/alexrees/scratch/tmp_processing/events_validation/all_events/sub-035_ses-02_task-fmri_run-01_events.tsv	25.0
sub-035	ses-02	03	/home/alexrees/scratch/bids/sub-035/ses-02/func/sub-035_ses-02_task-fmri_run-03_events.tsv	overwrite	HIGH	/home/alexrees/scratch/tmp_processing/events_validation/all_events/sub-035_ses-02_task-fmri_run-03_events.tsv	25.0
sub-035	ses-02	05	/home/alexrees/scratch/bids/sub-035/ses-02/func/sub-035_ses-02_task-fmri_run-05_events.tsv	overwrite	HIGH	/home/alexrees/scratch/tmp_processing/events_validation/all_events/sub-035_ses-02_task-fmri_run-05_events.tsv	25.0
sub-035	ses-02	07	/home/alexrees/scratch/bids/sub-035/ses-02/func/sub-035_ses-02_task-fmri_run-07_events.tsv	overwrite	HIGH	/home/alexrees/scratch/tmp_processing/events_validation/all_events/sub-035_ses-02_task-fmri_run-07_events.tsv	25.0
sub-036	ses-01	01	/home/alexrees/scratch/bids/sub-036/ses-01/func/sub-036_ses-01_task-fmri_run-01_events.tsv	overwrite	HIGH	/home/alexrees/scratch/tmp_processing/events_validation/all_events/sub-036_ses-01_task-fmri_run-01_events.tsv	25.0
sub-036	ses-01	03	/home/alexrees/scratch/bids/sub-036/ses-01/func/sub-036_ses-01_task-fmri_run-03_events.tsv	overwrite	HIGH	/home/alexrees/scratch/tmp_processing/events_validation/all_events/sub-036_ses-01_task-fmri_run-03_events.tsv	25.0
sub-036	ses-01	05	/home/alexrees/scratch/bids/sub-036/ses-01/func/sub-036_ses-01_task-fmri_run-05_events.tsv	overwrite	HIGH	/home/alexrees/scratch/tmp_processing/events_validation/all_events/sub-036_ses-01_task-fmri_run-05_events.tsv	25.0
sub-036	ses-01	07	/home/alexrees/scratch/bids/sub-036/ses-01/func/sub-036_ses-01_task-fmri_run-07_events.tsv	overwrite	HIGH	/home/alexrees/scratch/tmp_processing/events_validation/all_events/sub-036_ses-01_task-fmri_run-07_events.tsv	25.0
sub-036	ses-02	01	/home/alexrees/scratch/bids/sub-036/ses-02/func/sub-036_ses-02_task-fmri_run-01_events.tsv	overwrite	HIGH	/home/alexrees/scratch/tmp_processing/events_validation/all_events/sub-036_ses-02_task-fmri_run-01_events.tsv	25.0
sub-036	ses-02	03	/home/alexrees/scratch/bids/sub-036/ses-02/func/sub-036_ses-02_task-fmri_run-03_events.tsv	overwrite	HIGH	/home/alexrees/scratch/tmp_processing/events_validation/all_events/sub-036_ses-02_task-fmri_run-03_events.tsv	25.0
sub-036	ses-02	05	/home/alexrees/scratch/bids/sub-036/ses-02/func/sub-036_ses-02_task-fmri_run-05_events.tsv	overwrite	HIGH	/home/alexrees/scratch/tmp_processing/events_validation/all_events/sub-036_ses-02_task-fmri_run-05_events.tsv	25.0
sub-036	ses-02	07	/home/alexrees/scratch/bids/sub-036/ses-02/func/sub-036_ses-02_task-fmri_run-07_events.tsv	overwrite	HIGH	/home/alexrees/scratch/tmp_processing/events_validation/all_events/sub-036_ses-02_task-fmri_run-07_events.tsv	25.0
sub-037	ses-01	01	/home/alexrees/scratch/bids/sub-037/ses-01/func/sub-037_ses-01_task-fmri_run-01_events.tsv	overwrite	HIGH	/home/alexrees/scratch/tmp_processing/events_validation/all_events/sub-037_ses-01_task-fmri_run-01_events.tsv	25.0
sub-037	ses-01	03	/home/alexrees/scratch/bids/sub-037/ses-01/func/sub-037_ses-01_task-fmri_run-03_events.tsv	overwrite	HIGH	/home/alexrees/scratch/tmp_processing/events_validation/all_events/sub-037_ses-01_task-fmri_run-03_events.tsv	25.0
sub-037	ses-01	05	/home/alexrees/scratch/bids/sub-037/ses-01/func/sub-037_ses-01_task-fmri_run-05_events.tsv	overwrite	HIGH	/home/alexrees/scratch/tmp_processing/events_validation/all_events/sub-037_ses-01_task-fmri_run-05_events.tsv	25.0
sub-037	ses-01	07	/home/alexrees/scratch/bids/sub-037/ses-01/func/sub-037_ses-01_task-fmri_run-07_events.tsv	overwrite	HIGH	/home/alexrees/scratch/tmp_processing/events_validation/all_events/sub-037_ses-01_task-fmri_run-07_events.tsv	25.0
sub-038	ses-01	01	/home/alexrees/scratch/bids/sub-038/ses-01/func/sub-038_ses-01_task-fmri_run-01_events.tsv	overwrite	HIGH	/home/alexrees/scratch/tmp_processing/events_validation/all_events/sub-038_ses-01_task-fmri_run-01_events.tsv	25.0
sub-038	ses-01	03	/home/alexrees/scratch/bids/sub-038/ses-01/func/sub-038_ses-01_task-fmri_run-03_events.tsv	overwrite	HIGH	/home/alexrees/scratch/tmp_processing/events_validation/all_events/sub-038_ses-01_task-fmri_run-03_events.tsv	25.0
sub-038	ses-01	05	/home/alexrees/scratch/bids/sub-038/ses-01/func/sub-038_ses-01_task-fmri_run-05_events.tsv	overwrite	HIGH	/home/alexrees/scratch/tmp_processing/events_validation/all_events/sub-038_ses-01_task-fmri_run-05_events.tsv	25.0
sub-038	ses-01	07	/home/alexrees/scratch/bids/sub-038/ses-01/func/sub-038_ses-01_task-fmri_run-07_events.tsv	overwrite	HIGH	/home/alexrees/scratch/tmp_processing/events_validation/all_events/sub-038_ses-01_task-fmri_run-07_events.tsv	25.0
sub-038	ses-02	03	/home/alexrees/scratch/bids/sub-038/ses-02/func/sub-038_ses-02_task-fmri_run-03_events.tsv	SKIP_no_bold	HIGH	/home/alexrees/scratch/tmp_processing/events_validation/all_events/sub-038_ses-02_task-fmri_run-03_events.tsv	
sub-038	ses-02	06	/home/alexrees/scratch/bids/sub-038/ses-02/func/sub-038_ses-02_task-fmri_run-06_events.tsv	overwrite	HIGH	/home/alexrees/scratch/tmp_processing/events_validation/all_events/sub-038_ses-02_task-fmri_run-06_events.tsv	25.0
sub-038	ses-02	08	/home/alexrees/scratch/bids/sub-038/ses-02/func/sub-038_ses-02_task-fmri_run-08_events.tsv	overwrite	HIGH	/home/alexrees/scratch/tmp_processing/events_validation/all_events/sub-038_ses-02_task-fmri_run-08_events.tsv	25.0
sub-038	ses-02	10	/home/alexrees/scratch/bids/sub-038/ses-02/func/sub-038_ses-02_task-fmri_run-10_events.tsv	overwrite	HIGH	/home/alexrees/scratch/tmp_processing/events_validation/all_events/sub-038_ses-02_task-fmri_run-10_events.tsv	25.0
sub-039	ses-01	01	/home/alexrees/scratch/bids/sub-039/ses-01/func/sub-039_ses-01_task-fmri_run-01_events.tsv	overwrite	HIGH	/home/alexrees/scratch/tmp_processing/events_validation/all_events/sub-039_ses-01_task-fmri_run-01_events.tsv	25.0
sub-039	ses-01	03	/home/alexrees/scratch/bids/sub-039/ses-01/func/sub-039_ses-01_task-fmri_run-03_events.tsv	overwrite	HIGH	/home/alexrees/scratch/tmp_processing/events_validation/all_events/sub-039_ses-01_task-fmri_run-03_events.tsv	25.0
sub-039	ses-01	05	/home/alexrees/scratch/bids/sub-039/ses-01/func/sub-039_ses-01_task-fmri_run-05_events.tsv	overwrite	HIGH	/home/alexrees/scratch/tmp_processing/events_validation/all_events/sub-039_ses-01_task-fmri_run-05_events.tsv	25.0
sub-039	ses-01	07	/home/alexrees/scratch/bids/sub-039/ses-01/func/sub-039_ses-01_task-fmri_run-07_events.tsv	overwrite	HIGH	/home/alexrees/scratch/tmp_processing/events_validation/all_events/sub-039_ses-01_task-fmri_run-07_events.tsv	25.0
sub-039	ses-02	01	/home/alexrees/scratch/bids/sub-039/ses-02/func/sub-039_ses-02_task-fmri_run-01_events.tsv	overwrite	HIGH	/home/alexrees/scratch/tmp_processing/events_validation/all_events/sub-039_ses-02_task-fmri_run-01_events.tsv	25.0
sub-039	ses-02	03	/home/alexrees/scratch/bids/sub-039/ses-02/func/sub-039_ses-02_task-fmri_run-03_events.tsv	overwrite	HIGH	/home/alexrees/scratch/tmp_processing/events_validation/all_events/sub-039_ses-02_task-fmri_run-03_events.tsv	25.0
sub-039	ses-02	05	/home/alexrees/scratch/bids/sub-039/ses-02/func/sub-039_ses-02_task-fmri_run-05_events.tsv	overwrite	HIGH	/home/alexrees/scratch/tmp_processing/events_validation/all_events/sub-039_ses-02_task-fmri_run-05_events.tsv	25.0
sub-039	ses-02	07	/home/alexrees/scratch/bids/sub-039/ses-02/func/sub-039_ses-02_task-fmri_run-07_events.tsv	overwrite	HIGH	/home/alexrees/scratch/tmp_processing/events_validation/all_events/sub-039_ses-02_task-fmri_run-07_events.tsv	25.0
sub-040	ses-01	03	/home/alexrees/scratch/bids/sub-040/ses-01/func/sub-040_ses-01_task-fmri_run-03_events.tsv	overwrite	HIGH	/home/alexrees/scratch/tmp_processing/events_validation/all_events/sub-040_ses-01_task-fmri_run-03_events.tsv	25.0
sub-040	ses-01	05	/home/alexrees/scratch/bids/sub-040/ses-01/func/sub-040_ses-01_task-fmri_run-05_events.tsv	overwrite	HIGH	/home/alexrees/scratch/tmp_processing/events_validation/all_events/sub-040_ses-01_task-fmri_run-05_events.tsv	25.0
sub-040	ses-02	01	/home/alexrees/scratch/bids/sub-040/ses-02/func/sub-040_ses-02_task-fmri_run-01_events.tsv	overwrite	HIGH	/home/alexrees/scratch/tmp_processing/events_validation/all_events/sub-040_ses-02_task-fmri_run-01_events.tsv	25.0
sub-040	ses-02	03	/home/alexrees/scratch/bids/sub-040/ses-02/func/sub-040_ses-02_task-fmri_run-03_events.tsv	overwrite	HIGH	/home/alexrees/scratch/tmp_processing/events_validation/all_events/sub-040_ses-02_task-fmri_run-03_events.tsv	25.0
sub-040	ses-02	05	/home/alexrees/scratch/bids/sub-040/ses-02/func/sub-040_ses-02_task-fmri_run-05_events.tsv	overwrite	HIGH	/home/alexrees/scratch/tmp_processing/events_validation/all_events/sub-040_ses-02_task-fmri_run-05_events.tsv	25.0
sub-040	ses-02	07	/home/alexrees/scratch/bids/sub-040/ses-02/func/sub-040_ses-02_task-fmri_run-07_events.tsv	overwrite	HIGH	/home/alexrees/scratch/tmp_processing/events_validation/all_events/sub-040_ses-02_task-fmri_run-07_events.tsv	25.0
sub-041	ses-01	01	/home/alexrees/scratch/bids/sub-041/ses-01/func/sub-041_ses-01_task-fmri_run-01_events.tsv	overwrite	HIGH	/home/alexrees/scratch/tmp_processing/events_validation/all_events/sub-041_ses-01_task-fmri_run-01_events.tsv	25.0
sub-041	ses-01	03	/home/alexrees/scratch/bids/sub-041/ses-01/func/sub-041_ses-01_task-fmri_run-03_events.tsv	overwrite	HIGH	/home/alexrees/scratch/tmp_processing/events_validation/all_events/sub-041_ses-01_task-fmri_run-03_events.tsv	25.0
sub-041	ses-01	05	/home/alexrees/scratch/bids/sub-041/ses-01/func/sub-041_ses-01_task-fmri_run-05_events.tsv	overwrite	HIGH	/home/alexrees/scratch/tmp_processing/events_validation/all_events/sub-041_ses-01_task-fmri_run-05_events.tsv	25.0
sub-041	ses-02	01	/home/alexrees/scratch/bids/sub-041/ses-02/func/sub-041_ses-02_task-fmri_run-01_events.tsv	overwrite	HIGH	/home/alexrees/scratch/tmp_processing/events_validation/all_events/sub-041_ses-02_task-fmri_run-01_events.tsv	25.0
sub-041	ses-02	03	/home/alexrees/scratch/bids/sub-041/ses-02/func/sub-041_ses-02_task-fmri_run-03_events.tsv	overwrite	HIGH	/home/alexrees/scratch/tmp_processing/events_validation/all_events/sub-041_ses-02_task-fmri_run-03_events.tsv	25.0
sub-041	ses-02	05	/home/alexrees/scratch/bids/sub-041/ses-02/func/sub-041_ses-02_task-fmri_run-05_events.tsv	overwrite	HIGH	/home/alexrees/scratch/tmp_processing/events_validation/all_events/sub-041_ses-02_task-fmri_run-05_events.tsv	25.0
sub-041	ses-02	07	/home/alexrees/scratch/bids/sub-041/ses-02/func/sub-041_ses-02_task-fmri_run-07_events.tsv	overwrite	HIGH	/home/alexrees/scratch/tmp_processing/events_validation/all_events/sub-041_ses-02_task-fmri_run-07_events.tsv	25.0
sub-042	ses-01	01	/home/alexrees/scratch/bids/sub-042/ses-01/func/sub-042_ses-01_task-fmri_run-01_events.tsv	overwrite	HIGH	/home/alexrees/scratch/tmp_processing/events_validation/all_events/sub-042_ses-01_task-fmri_run-01_events.tsv	25.0
sub-042	ses-01	03	/home/alexrees/scratch/bids/sub-042/ses-01/func/sub-042_ses-01_task-fmri_run-03_events.tsv	overwrite	HIGH	/home/alexrees/scratch/tmp_processing/events_validation/all_events/sub-042_ses-01_task-fmri_run-03_events.tsv	25.0
sub-042	ses-01	05	/home/alexrees/scratch/bids/sub-042/ses-01/func/sub-042_ses-01_task-fmri_run-05_events.tsv	overwrite	HIGH	/home/alexrees/scratch/tmp_processing/events_validation/all_events/sub-042_ses-01_task-fmri_run-05_events.tsv	25.0
sub-042	ses-01	07	/home/alexrees/scratch/bids/sub-042/ses-01/func/sub-042_ses-01_task-fmri_run-07_events.tsv	overwrite	HIGH	/home/alexrees/scratch/tmp_processing/events_validation/all_events/sub-042_ses-01_task-fmri_run-07_events.tsv	25.0
sub-043	ses-02	02	/home/alexrees/scratch/bids/sub-043/ses-02/func/sub-043_ses-02_task-fmri_run-02_events.tsv	create	HIGH	/home/alexrees/scratch/tmp_processing/events_validation/all_events/sub-043_ses-02_task-fmri_run-02_events.tsv	25.0
sub-043	ses-02	03	/home/alexrees/scratch/bids/sub-043/ses-02/func/sub-043_ses-02_task-fmri_run-03_events.tsv	SKIP_no_bold	HIGH	/home/alexrees/scratch/tmp_processing/events_validation/all_events/sub-043_ses-02_task-fmri_run-03_events.tsv	
sub-043	ses-02	04	/home/alexrees/scratch/bids/sub-043/ses-02/func/sub-043_ses-02_task-fmri_run-04_events.tsv	SKIP_no_bold	HIGH	/home/alexrees/scratch/tmp_processing/events_validation/all_events/sub-043_ses-02_task-fmri_run-04_events.tsv	
sub-043	ses-02	09	/home/alexrees/scratch/bids/sub-043/ses-02/func/sub-043_ses-02_task-fmri_run-09_events.tsv	overwrite	HIGH	/home/alexrees/scratch/tmp_processing/events_validation/all_events/sub-043_ses-02_task-fmri_run-09_events.tsv	25.0
sub-045	ses-01	01	/home/alexrees/scratch/bids/sub-045/ses-01/func/sub-045_ses-01_task-fmri_run-01_events.tsv	overwrite	HIGH	/home/alexrees/scratch/tmp_processing/events_validation/all_events/sub-045_ses-01_task-fmri_run-01_events.tsv	25.0
sub-045	ses-01	03	/home/alexrees/scratch/bids/sub-045/ses-01/func/sub-045_ses-01_task-fmri_run-03_events.tsv	overwrite	HIGH	/home/alexrees/scratch/tmp_processing/events_validation/all_events/sub-045_ses-01_task-fmri_run-03_events.tsv	25.0
sub-045	ses-01	05	/home/alexrees/scratch/bids/sub-045/ses-01/func/sub-045_ses-01_task-fmri_run-05_events.tsv	overwrite	HIGH	/home/alexrees/scratch/tmp_processing/events_validation/all_events/sub-045_ses-01_task-fmri_run-05_events.tsv	25.0
sub-045	ses-01	07	/home/alexrees/scratch/bids/sub-045/ses-01/func/sub-045_ses-01_task-fmri_run-07_events.tsv	overwrite	HIGH	/home/alexrees/scratch/tmp_processing/events_validation/all_events/sub-045_ses-01_task-fmri_run-07_events.tsv	25.0
sub-046	ses-01	03	/home/alexrees/scratch/bids/sub-046/ses-01/func/sub-046_ses-01_task-fmri_run-03_events.tsv	overwrite	HIGH	/home/alexrees/scratch/tmp_processing/events_validation/all_events/sub-046_ses-01_task-fmri_run-03_events.tsv	25.0
sub-046	ses-01	05	/home/alexrees/scratch/bids/sub-046/ses-01/func/sub-046_ses-01_task-fmri_run-05_events.tsv	overwrite	HIGH	/home/alexrees/scratch/tmp_processing/events_validation/all_events/sub-046_ses-01_task-fmri_run-05_events.tsv	25.0
sub-046	ses-02	01	/home/alexrees/scratch/bids/sub-046/ses-02/func/sub-046_ses-02_task-fmri_run-01_events.tsv	overwrite	HIGH	/home/alexrees/scratch/tmp_processing/events_validation/all_events/sub-046_ses-02_task-fmri_run-01_events.tsv	25.0
sub-046	ses-02	03	/home/alexrees/scratch/bids/sub-046/ses-02/func/sub-046_ses-02_task-fmri_run-03_events.tsv	overwrite	HIGH	/home/alexrees/scratch/tmp_processing/events_validation/all_events/sub-046_ses-02_task-fmri_run-03_events.tsv	25.0
sub-046	ses-02	05	/home/alexrees/scratch/bids/sub-046/ses-02/func/sub-046_ses-02_task-fmri_run-05_events.tsv	overwrite	HIGH	/home/alexrees/scratch/tmp_processing/events_validation/all_events/sub-046_ses-02_task-fmri_run-05_events.tsv	25.0
sub-046	ses-02	07	/home/alexrees/scratch/bids/sub-046/ses-02/func/sub-046_ses-02_task-fmri_run-07_events.tsv	overwrite	HIGH	/home/alexrees/scratch/tmp_processing/events_validation/all_events/sub-046_ses-02_task-fmri_run-07_events.tsv	25.0
sub-047	ses-02	01	/home/alexrees/scratch/bids/sub-047/ses-02/func/sub-047_ses-02_task-fmri_run-01_events.tsv	overwrite	HIGH	/home/alexrees/scratch/tmp_processing/events_validation/all_events/sub-047_ses-02_task-fmri_run-01_events.tsv	25.0
sub-047	ses-02	03	/home/alexrees/scratch/bids/sub-047/ses-02/func/sub-047_ses-02_task-fmri_run-03_events.tsv	overwrite	HIGH	/home/alexrees/scratch/tmp_processing/events_validation/all_events/sub-047_ses-02_task-fmri_run-03_events.tsv	25.0
sub-047	ses-02	05	/home/alexrees/scratch/bids/sub-047/ses-02/func/sub-047_ses-02_task-fmri_run-05_events.tsv	overwrite	HIGH	/home/alexrees/scratch/tmp_processing/events_validation/all_events/sub-047_ses-02_task-fmri_run-05_events.tsv	25.0
sub-047	ses-02	07	/home/alexrees/scratch/bids/sub-047/ses-02/func/sub-047_ses-02_task-fmri_run-07_events.tsv	overwrite	HIGH	/home/alexrees/scratch/tmp_processing/events_validation/all_events/sub-047_ses-02_task-fmri_run-07_events.tsv	25.0
sub-048	ses-01	01	/home/alexrees/scratch/bids/sub-048/ses-01/func/sub-048_ses-01_task-fmri_run-01_events.tsv	overwrite	HIGH	/home/alexrees/scratch/tmp_processing/events_validation/all_events/sub-048_ses-01_task-fmri_run-01_events.tsv	25.0
sub-048	ses-01	03	/home/alexrees/scratch/bids/sub-048/ses-01/func/sub-048_ses-01_task-fmri_run-03_events.tsv	overwrite	HIGH	/home/alexrees/scratch/tmp_processing/events_validation/all_events/sub-048_ses-01_task-fmri_run-03_events.tsv	25.0
sub-048	ses-01	05	/home/alexrees/scratch/bids/sub-048/ses-01/func/sub-048_ses-01_task-fmri_run-05_events.tsv	overwrite	HIGH	/home/alexrees/scratch/tmp_processing/events_validation/all_events/sub-048_ses-01_task-fmri_run-05_events.tsv	25.0
sub-048	ses-01	07	/home/alexrees/scratch/bids/sub-048/ses-01/func/sub-048_ses-01_task-fmri_run-07_events.tsv	overwrite	HIGH	/home/alexrees/scratch/tmp_processing/events_validation/all_events/sub-048_ses-01_task-fmri_run-07_events.tsv	25.0
sub-048	ses-02	01	/home/alexrees/scratch/bids/sub-048/ses-02/func/sub-048_ses-02_task-fmri_run-01_events.tsv	overwrite	HIGH	/home/alexrees/scratch/tmp_processing/events_validation/all_events/sub-048_ses-02_task-fmri_run-01_events.tsv	25.0
sub-048	ses-02	03	/home/alexrees/scratch/bids/sub-048/ses-02/func/sub-048_ses-02_task-fmri_run-03_events.tsv	overwrite	HIGH	/home/alexrees/scratch/tmp_processing/events_validation/all_events/sub-048_ses-02_task-fmri_run-03_events.tsv	25.0
sub-048	ses-02	05	/home/alexrees/scratch/bids/sub-048/ses-02/func/sub-048_ses-02_task-fmri_run-05_events.tsv	overwrite	HIGH	/home/alexrees/scratch/tmp_processing/events_validation/all_events/sub-048_ses-02_task-fmri_run-05_events.tsv	25.0
sub-048	ses-02	07	/home/alexrees/scratch/bids/sub-048/ses-02/func/sub-048_ses-02_task-fmri_run-07_events.tsv	overwrite	HIGH	/home/alexrees/scratch/tmp_processing/events_validation/all_events/sub-048_ses-02_task-fmri_run-07_events.tsv	25.0
sub-049	ses-01	01	/home/alexrees/scratch/bids/sub-049/ses-01/func/sub-049_ses-01_task-fmri_run-01_events.tsv	overwrite	HIGH	/home/alexrees/scratch/tmp_processing/events_validation/all_events/sub-049_ses-01_task-fmri_run-01_events.tsv	25.0
sub-049	ses-01	03	/home/alexrees/scratch/bids/sub-049/ses-01/func/sub-049_ses-01_task-fmri_run-03_events.tsv	overwrite	HIGH	/home/alexrees/scratch/tmp_processing/events_validation/all_events/sub-049_ses-01_task-fmri_run-03_events.tsv	25.0
sub-049	ses-01	05	/home/alexrees/scratch/bids/sub-049/ses-01/func/sub-049_ses-01_task-fmri_run-05_events.tsv	overwrite	HIGH	/home/alexrees/scratch/tmp_processing/events_validation/all_events/sub-049_ses-01_task-fmri_run-05_events.tsv	25.0
sub-049	ses-01	07	/home/alexrees/scratch/bids/sub-049/ses-01/func/sub-049_ses-01_task-fmri_run-07_events.tsv	overwrite	HIGH	/home/alexrees/scratch/tmp_processing/events_validation/all_events/sub-049_ses-01_task-fmri_run-07_events.tsv	25.0
sub-049	ses-02	01	/home/alexrees/scratch/bids/sub-049/ses-02/func/sub-049_ses-02_task-fmri_run-01_events.tsv	overwrite	HIGH	/home/alexrees/scratch/tmp_processing/events_validation/all_events/sub-049_ses-02_task-fmri_run-01_events.tsv	25.0
sub-049	ses-02	03	/home/alexrees/scratch/bids/sub-049/ses-02/func/sub-049_ses-02_task-fmri_run-03_events.tsv	overwrite	HIGH	/home/alexrees/scratch/tmp_processing/events_validation/all_events/sub-049_ses-02_task-fmri_run-03_events.tsv	25.0
sub-049	ses-02	05	/home/alexrees/scratch/bids/sub-049/ses-02/func/sub-049_ses-02_task-fmri_run-05_events.tsv	overwrite	HIGH	/home/alexrees/scratch/tmp_processing/events_validation/all_events/sub-049_ses-02_task-fmri_run-05_events.tsv	25.0
sub-049	ses-02	07	/home/alexrees/scratch/bids/sub-049/ses-02/func/sub-049_ses-02_task-fmri_run-07_events.tsv	overwrite	HIGH	/home/alexrees/scratch/tmp_processing/events_validation/all_events/sub-049_ses-02_task-fmri_run-07_events.tsv	25.0
sub-050	ses-01	01	/home/alexrees/scratch/bids/sub-050/ses-01/func/sub-050_ses-01_task-fmri_run-01_events.tsv	overwrite	HIGH	/home/alexrees/scratch/tmp_processing/events_validation/all_events/sub-050_ses-01_task-fmri_run-01_events.tsv	25.0
sub-050	ses-01	03	/home/alexrees/scratch/bids/sub-050/ses-01/func/sub-050_ses-01_task-fmri_run-03_events.tsv	overwrite	HIGH	/home/alexrees/scratch/tmp_processing/events_validation/all_events/sub-050_ses-01_task-fmri_run-03_events.tsv	25.0
sub-050	ses-01	05	/home/alexrees/scratch/bids/sub-050/ses-01/func/sub-050_ses-01_task-fmri_run-05_events.tsv	overwrite	HIGH	/home/alexrees/scratch/tmp_processing/events_validation/all_events/sub-050_ses-01_task-fmri_run-05_events.tsv	25.0
sub-050	ses-01	07	/home/alexrees/scratch/bids/sub-050/ses-01/func/sub-050_ses-01_task-fmri_run-07_events.tsv	overwrite	HIGH	/home/alexrees/scratch/tmp_processing/events_validation/all_events/sub-050_ses-01_task-fmri_run-07_events.tsv	25.0
sub-052	ses-01	01	/home/alexrees/scratch/bids/sub-052/ses-01/func/sub-052_ses-01_task-fmri_run-01_events.tsv	overwrite	HIGH	/home/alexrees/scratch/tmp_processing/events_validation/all_events/sub-052_ses-01_task-fmri_run-01_events.tsv	25.0
sub-052	ses-01	03	/home/alexrees/scratch/bids/sub-052/ses-01/func/sub-052_ses-01_task-fmri_run-03_events.tsv	overwrite	HIGH	/home/alexrees/scratch/tmp_processing/events_validation/all_events/sub-052_ses-01_task-fmri_run-03_events.tsv	25.0
sub-052	ses-01	05	/home/alexrees/scratch/bids/sub-052/ses-01/func/sub-052_ses-01_task-fmri_run-05_events.tsv	overwrite	HIGH	/home/alexrees/scratch/tmp_processing/events_validation/all_events/sub-052_ses-01_task-fmri_run-05_events.tsv	25.0
sub-052	ses-01	07	/home/alexrees/scratch/bids/sub-052/ses-01/func/sub-052_ses-01_task-fmri_run-07_events.tsv	overwrite	HIGH	/home/alexrees/scratch/tmp_processing/events_validation/all_events/sub-052_ses-01_task-fmri_run-07_events.tsv	25.0
sub-052	ses-02	01	/home/alexrees/scratch/bids/sub-052/ses-02/func/sub-052_ses-02_task-fmri_run-01_events.tsv	overwrite	HIGH	/home/alexrees/scratch/tmp_processing/events_validation/all_events/sub-052_ses-02_task-fmri_run-01_events.tsv	25.0
sub-052	ses-02	03	/home/alexrees/scratch/bids/sub-052/ses-02/func/sub-052_ses-02_task-fmri_run-03_events.tsv	overwrite	HIGH	/home/alexrees/scratch/tmp_processing/events_validation/all_events/sub-052_ses-02_task-fmri_run-03_events.tsv	25.0
sub-052	ses-02	05	/home/alexrees/scratch/bids/sub-052/ses-02/func/sub-052_ses-02_task-fmri_run-05_events.tsv	overwrite	HIGH	/home/alexrees/scratch/tmp_processing/events_validation/all_events/sub-052_ses-02_task-fmri_run-05_events.tsv	25.0
sub-052	ses-02	07	/home/alexrees/scratch/bids/sub-052/ses-02/func/sub-052_ses-02_task-fmri_run-07_events.tsv	overwrite	HIGH	/home/alexrees/scratch/tmp_processing/events_validation/all_events/sub-052_ses-02_task-fmri_run-07_events.tsv	25.0
sub-053	ses-01	01	/home/alexrees/scratch/bids/sub-053/ses-01/func/sub-053_ses-01_task-fmri_run-01_events.tsv	overwrite	HIGH	/home/alexrees/scratch/tmp_processing/events_validation/all_events/sub-053_ses-01_task-fmri_run-01_events.tsv	25.0
sub-053	ses-01	03	/home/alexrees/scratch/bids/sub-053/ses-01/func/sub-053_ses-01_task-fmri_run-03_events.tsv	overwrite	HIGH	/home/alexrees/scratch/tmp_processing/events_validation/all_events/sub-053_ses-01_task-fmri_run-03_events.tsv	25.0
sub-053	ses-01	05	/home/alexrees/scratch/bids/sub-053/ses-01/func/sub-053_ses-01_task-fmri_run-05_events.tsv	overwrite	HIGH	/home/alexrees/scratch/tmp_processing/events_validation/all_events/sub-053_ses-01_task-fmri_run-05_events.tsv	25.0
sub-053	ses-01	07	/home/alexrees/scratch/bids/sub-053/ses-01/func/sub-053_ses-01_task-fmri_run-07_events.tsv	overwrite	HIGH	/home/alexrees/scratch/tmp_processing/events_validation/all_events/sub-053_ses-01_task-fmri_run-07_events.tsv	25.0
sub-055	ses-01	01	/home/alexrees/scratch/bids/sub-055/ses-01/func/sub-055_ses-01_task-fmri_run-01_events.tsv	overwrite	HIGH	/home/alexrees/scratch/tmp_processing/events_validation/all_events/sub-055_ses-01_task-fmri_run-01_events.tsv	25.0
sub-055	ses-01	03	/home/alexrees/scratch/bids/sub-055/ses-01/func/sub-055_ses-01_task-fmri_run-03_events.tsv	overwrite	HIGH	/home/alexrees/scratch/tmp_processing/events_validation/all_events/sub-055_ses-01_task-fmri_run-03_events.tsv	25.0
sub-055	ses-01	05	/home/alexrees/scratch/bids/sub-055/ses-01/func/sub-055_ses-01_task-fmri_run-05_events.tsv	overwrite	HIGH	/home/alexrees/scratch/tmp_processing/events_validation/all_events/sub-055_ses-01_task-fmri_run-05_events.tsv	25.0
sub-055	ses-01	07	/home/alexrees/scratch/bids/sub-055/ses-01/func/sub-055_ses-01_task-fmri_run-07_events.tsv	overwrite	HIGH	/home/alexrees/scratch/tmp_processing/events_validation/all_events/sub-055_ses-01_task-fmri_run-07_events.tsv	25.0
sub-056	ses-01	01	/home/alexrees/scratch/bids/sub-056/ses-01/func/sub-056_ses-01_task-fmri_run-01_events.tsv	overwrite	HIGH	/home/alexrees/scratch/tmp_processing/events_validation/all_events/sub-056_ses-01_task-fmri_run-01_events.tsv	25.0
sub-056	ses-01	03	/home/alexrees/scratch/bids/sub-056/ses-01/func/sub-056_ses-01_task-fmri_run-03_events.tsv	overwrite	HIGH	/home/alexrees/scratch/tmp_processing/events_validation/all_events/sub-056_ses-01_task-fmri_run-03_events.tsv	25.0
sub-056	ses-01	05	/home/alexrees/scratch/bids/sub-056/ses-01/func/sub-056_ses-01_task-fmri_run-05_events.tsv	overwrite	HIGH	/home/alexrees/scratch/tmp_processing/events_validation/all_events/sub-056_ses-01_task-fmri_run-05_events.tsv	25.0
sub-056	ses-01	07	/home/alexrees/scratch/bids/sub-056/ses-01/func/sub-056_ses-01_task-fmri_run-07_events.tsv	overwrite	HIGH	/home/alexrees/scratch/tmp_processing/events_validation/all_events/sub-056_ses-01_task-fmri_run-07_events.tsv	25.0
sub-057	ses-01	01	/home/alexrees/scratch/bids/sub-057/ses-01/func/sub-057_ses-01_task-fmri_run-01_events.tsv	overwrite	HIGH	/home/alexrees/scratch/tmp_processing/events_validation/all_events/sub-057_ses-01_task-fmri_run-01_events.tsv	25.0
sub-057	ses-01	03	/home/alexrees/scratch/bids/sub-057/ses-01/func/sub-057_ses-01_task-fmri_run-03_events.tsv	overwrite	HIGH	/home/alexrees/scratch/tmp_processing/events_validation/all_events/sub-057_ses-01_task-fmri_run-03_events.tsv	25.0
sub-057	ses-01	05	/home/alexrees/scratch/bids/sub-057/ses-01/func/sub-057_ses-01_task-fmri_run-05_events.tsv	overwrite	HIGH	/home/alexrees/scratch/tmp_processing/events_validation/all_events/sub-057_ses-01_task-fmri_run-05_events.tsv	25.0
sub-057	ses-01	07	/home/alexrees/scratch/bids/sub-057/ses-01/func/sub-057_ses-01_task-fmri_run-07_events.tsv	overwrite	HIGH	/home/alexrees/scratch/tmp_processing/events_validation/all_events/sub-057_ses-01_task-fmri_run-07_events.tsv	25.0
sub-058	ses-01	01	/home/alexrees/scratch/bids/sub-058/ses-01/func/sub-058_ses-01_task-fmri_run-01_events.tsv	overwrite	HIGH	/home/alexrees/scratch/tmp_processing/events_validation/all_events/sub-058_ses-01_task-fmri_run-01_events.tsv	25.0
sub-058	ses-01	03	/home/alexrees/scratch/bids/sub-058/ses-01/func/sub-058_ses-01_task-fmri_run-03_events.tsv	overwrite	HIGH	/home/alexrees/scratch/tmp_processing/events_validation/all_events/sub-058_ses-01_task-fmri_run-03_events.tsv	25.0
sub-058	ses-01	05	/home/alexrees/scratch/bids/sub-058/ses-01/func/sub-058_ses-01_task-fmri_run-05_events.tsv	overwrite	HIGH	/home/alexrees/scratch/tmp_processing/events_validation/all_events/sub-058_ses-01_task-fmri_run-05_events.tsv	25.0
sub-058	ses-01	07	/home/alexrees/scratch/bids/sub-058/ses-01/func/sub-058_ses-01_task-fmri_run-07_events.tsv	overwrite	HIGH	/home/alexrees/scratch/tmp_processing/events_validation/all_events/sub-058_ses-01_task-fmri_run-07_events.tsv	25.0
sub-060	ses-01	01	/home/alexrees/scratch/bids/sub-060/ses-01/func/sub-060_ses-01_task-fmri_run-01_events.tsv	overwrite	HIGH	/home/alexrees/scratch/tmp_processing/events_validation/all_events/sub-060_ses-01_task-fmri_run-01_events.tsv	25.0
sub-060	ses-01	03	/home/alexrees/scratch/bids/sub-060/ses-01/func/sub-060_ses-01_task-fmri_run-03_events.tsv	overwrite	HIGH	/home/alexrees/scratch/tmp_processing/events_validation/all_events/sub-060_ses-01_task-fmri_run-03_events.tsv	25.0
sub-060	ses-01	05	/home/alexrees/scratch/bids/sub-060/ses-01/func/sub-060_ses-01_task-fmri_run-05_events.tsv	overwrite	HIGH	/home/alexrees/scratch/tmp_processing/events_validation/all_events/sub-060_ses-01_task-fmri_run-05_events.tsv	25.0
sub-060	ses-01	07	/home/alexrees/scratch/bids/sub-060/ses-01/func/sub-060_ses-01_task-fmri_run-07_events.tsv	overwrite	HIGH	/home/alexrees/scratch/tmp_processing/events_validation/all_events/sub-060_ses-01_task-fmri_run-07_events.tsv	25.0
sub-061	ses-01	03	/home/alexrees/scratch/bids/sub-061/ses-01/func/sub-061_ses-01_task-fmri_run-03_events.tsv	overwrite	HIGH	/home/alexrees/scratch/tmp_processing/events_validation/all_events/sub-061_ses-01_task-fmri_run-03_events.tsv	25.0
sub-061	ses-01	09	/home/alexrees/scratch/bids/sub-061/ses-01/func/sub-061_ses-01_task-fmri_run-09_events.tsv	overwrite	HIGH	/home/alexrees/scratch/tmp_processing/events_validation/all_events/sub-061_ses-01_task-fmri_run-09_events.tsv	25.0
sub-062	ses-01	01	/home/alexrees/scratch/bids/sub-062/ses-01/func/sub-062_ses-01_task-fmri_run-01_events.tsv	overwrite	HIGH	/home/alexrees/scratch/tmp_processing/events_validation/all_events/sub-062_ses-01_task-fmri_run-01_events.tsv	25.0
sub-062	ses-01	03	/home/alexrees/scratch/bids/sub-062/ses-01/func/sub-062_ses-01_task-fmri_run-03_events.tsv	overwrite	HIGH	/home/alexrees/scratch/tmp_processing/events_validation/all_events/sub-062_ses-01_task-fmri_run-03_events.tsv	25.0
sub-062	ses-01	05	/home/alexrees/scratch/bids/sub-062/ses-01/func/sub-062_ses-01_task-fmri_run-05_events.tsv	overwrite	HIGH	/home/alexrees/scratch/tmp_processing/events_validation/all_events/sub-062_ses-01_task-fmri_run-05_events.tsv	25.0
sub-062	ses-01	07	/home/alexrees/scratch/bids/sub-062/ses-01/func/sub-062_ses-01_task-fmri_run-07_events.tsv	overwrite	HIGH	/home/alexrees/scratch/tmp_processing/events_validation/all_events/sub-062_ses-01_task-fmri_run-07_events.tsv	25.0
sub-064	ses-01	01	/home/alexrees/scratch/bids/sub-064/ses-01/func/sub-064_ses-01_task-fmri_run-01_events.tsv	overwrite	HIGH	/home/alexrees/scratch/tmp_processing/events_validation/all_events/sub-064_ses-01_task-fmri_run-01_events.tsv	25.0
sub-064	ses-01	03	/home/alexrees/scratch/bids/sub-064/ses-01/func/sub-064_ses-01_task-fmri_run-03_events.tsv	overwrite	HIGH	/home/alexrees/scratch/tmp_processing/events_validation/all_events/sub-064_ses-01_task-fmri_run-03_events.tsv	25.0
sub-064	ses-01	05	/home/alexrees/scratch/bids/sub-064/ses-01/func/sub-064_ses-01_task-fmri_run-05_events.tsv	overwrite	HIGH	/home/alexrees/scratch/tmp_processing/events_validation/all_events/sub-064_ses-01_task-fmri_run-05_events.tsv	25.0
sub-064	ses-01	07	/home/alexrees/scratch/bids/sub-064/ses-01/func/sub-064_ses-01_task-fmri_run-07_events.tsv	overwrite	HIGH	/home/alexrees/scratch/tmp_processing/events_validation/all_events/sub-064_ses-01_task-fmri_run-07_events.tsv	25.0
sub-064	ses-02	01	/home/alexrees/scratch/bids/sub-064/ses-02/func/sub-064_ses-02_task-fmri_run-01_events.tsv	create	HIGH	/home/alexrees/scratch/tmp_processing/events_validation/all_events/sub-064_ses-02_task-fmri_run-01_events.tsv	25.0
sub-064	ses-02	03	/home/alexrees/scratch/bids/sub-064/ses-02/func/sub-064_ses-02_task-fmri_run-03_events.tsv	create	HIGH	/home/alexrees/scratch/tmp_processing/events_validation/all_events/sub-064_ses-02_task-fmri_run-03_events.tsv	25.0
sub-064	ses-02	05	/home/alexrees/scratch/bids/sub-064/ses-02/func/sub-064_ses-02_task-fmri_run-05_events.tsv	create	HIGH	/home/alexrees/scratch/tmp_processing/events_validation/all_events/sub-064_ses-02_task-fmri_run-05_events.tsv	25.0
sub-064	ses-02	07	/home/alexrees/scratch/bids/sub-064/ses-02/func/sub-064_ses-02_task-fmri_run-07_events.tsv	create	HIGH	/home/alexrees/scratch/tmp_processing/events_validation/all_events/sub-064_ses-02_task-fmri_run-07_events.tsv	25.0
sub-065	ses-01	01	/home/alexrees/scratch/bids/sub-065/ses-01/func/sub-065_ses-01_task-fmri_run-01_events.tsv	overwrite	HIGH	/home/alexrees/scratch/tmp_processing/events_validation/all_events/sub-065_ses-01_task-fmri_run-01_events.tsv	25.0
sub-065	ses-01	03	/home/alexrees/scratch/bids/sub-065/ses-01/func/sub-065_ses-01_task-fmri_run-03_events.tsv	overwrite	HIGH	/home/alexrees/scratch/tmp_processing/events_validation/all_events/sub-065_ses-01_task-fmri_run-03_events.tsv	25.0
sub-065	ses-01	05	/home/alexrees/scratch/bids/sub-065/ses-01/func/sub-065_ses-01_task-fmri_run-05_events.tsv	overwrite	HIGH	/home/alexrees/scratch/tmp_processing/events_validation/all_events/sub-065_ses-01_task-fmri_run-05_events.tsv	25.0
sub-065	ses-01	07	/home/alexrees/scratch/bids/sub-065/ses-01/func/sub-065_ses-01_task-fmri_run-07_events.tsv	overwrite	HIGH	/home/alexrees/scratch/tmp_processing/events_validation/all_events/sub-065_ses-01_task-fmri_run-07_events.tsv	25.0
sub-066	ses-01	01	/home/alexrees/scratch/bids/sub-066/ses-01/func/sub-066_ses-01_task-fmri_run-01_events.tsv	overwrite	HIGH	/home/alexrees/scratch/tmp_processing/events_validation/all_events/sub-066_ses-01_task-fmri_run-01_events.tsv	25.0
sub-066	ses-01	03	/home/alexrees/scratch/bids/sub-066/ses-01/func/sub-066_ses-01_task-fmri_run-03_events.tsv	overwrite	HIGH	/home/alexrees/scratch/tmp_processing/events_validation/all_events/sub-066_ses-01_task-fmri_run-03_events.tsv	25.0
sub-066	ses-01	05	/home/alexrees/scratch/bids/sub-066/ses-01/func/sub-066_ses-01_task-fmri_run-05_events.tsv	overwrite	HIGH	/home/alexrees/scratch/tmp_processing/events_validation/all_events/sub-066_ses-01_task-fmri_run-05_events.tsv	25.0
sub-066	ses-01	07	/home/alexrees/scratch/bids/sub-066/ses-01/func/sub-066_ses-01_task-fmri_run-07_events.tsv	overwrite	HIGH	/home/alexrees/scratch/tmp_processing/events_validation/all_events/sub-066_ses-01_task-fmri_run-07_events.tsv	25.0
sub-066	ses-02	01	/home/alexrees/scratch/bids/sub-066/ses-02/func/sub-066_ses-02_task-fmri_run-01_events.tsv	create	HIGH	/home/alexrees/scratch/tmp_processing/events_validation/all_events/sub-066_ses-02_task-fmri_run-01_events.tsv	25.0
sub-066	ses-02	03	/home/alexrees/scratch/bids/sub-066/ses-02/func/sub-066_ses-02_task-fmri_run-03_events.tsv	create	HIGH	/home/alexrees/scratch/tmp_processing/events_validation/all_events/sub-066_ses-02_task-fmri_run-03_events.tsv	25.0
sub-066	ses-02	05	/home/alexrees/scratch/bids/sub-066/ses-02/func/sub-066_ses-02_task-fmri_run-05_events.tsv	create	HIGH	/home/alexrees/scratch/tmp_processing/events_validation/all_events/sub-066_ses-02_task-fmri_run-05_events.tsv	25.0
sub-066	ses-02	07	/home/alexrees/scratch/bids/sub-066/ses-02/func/sub-066_ses-02_task-fmri_run-07_events.tsv	create	HIGH	/home/alexrees/scratch/tmp_processing/events_validation/all_events/sub-066_ses-02_task-fmri_run-07_events.tsv	25.0
sub-067	ses-01	01	/home/alexrees/scratch/bids/sub-067/ses-01/func/sub-067_ses-01_task-fmri_run-01_events.tsv	overwrite	HIGH	/home/alexrees/scratch/tmp_processing/events_validation/all_events/sub-067_ses-01_task-fmri_run-01_events.tsv	25.0
sub-067	ses-01	03	/home/alexrees/scratch/bids/sub-067/ses-01/func/sub-067_ses-01_task-fmri_run-03_events.tsv	overwrite	HIGH	/home/alexrees/scratch/tmp_processing/events_validation/all_events/sub-067_ses-01_task-fmri_run-03_events.tsv	25.0
sub-067	ses-01	05	/home/alexrees/scratch/bids/sub-067/ses-01/func/sub-067_ses-01_task-fmri_run-05_events.tsv	overwrite	HIGH	/home/alexrees/scratch/tmp_processing/events_validation/all_events/sub-067_ses-01_task-fmri_run-05_events.tsv	25.0
sub-067	ses-01	07	/home/alexrees/scratch/bids/sub-067/ses-01/func/sub-067_ses-01_task-fmri_run-07_events.tsv	overwrite	HIGH	/home/alexrees/scratch/tmp_processing/events_validation/all_events/sub-067_ses-01_task-fmri_run-07_events.tsv	25.0
sub-067	ses-02	01	/home/alexrees/scratch/bids/sub-067/ses-02/func/sub-067_ses-02_task-fmri_run-01_events.tsv	create	HIGH	/home/alexrees/scratch/tmp_processing/events_validation/all_events/sub-067_ses-02_task-fmri_run-01_events.tsv	25.0
sub-067	ses-02	03	/home/alexrees/scratch/bids/sub-067/ses-02/func/sub-067_ses-02_task-fmri_run-03_events.tsv	create	HIGH	/home/alexrees/scratch/tmp_processing/events_validation/all_events/sub-067_ses-02_task-fmri_run-03_events.tsv	25.0
sub-067	ses-02	05	/home/alexrees/scratch/bids/sub-067/ses-02/func/sub-067_ses-02_task-fmri_run-05_events.tsv	create	HIGH	/home/alexrees/scratch/tmp_processing/events_validation/all_events/sub-067_ses-02_task-fmri_run-05_events.tsv	25.0
sub-067	ses-02	07	/home/alexrees/scratch/bids/sub-067/ses-02/func/sub-067_ses-02_task-fmri_run-07_events.tsv	create	HIGH	/home/alexrees/scratch/tmp_processing/events_validation/all_events/sub-067_ses-02_task-fmri_run-07_events.tsv	25.0
sub-068	ses-01	01	/home/alexrees/scratch/bids/sub-068/ses-01/func/sub-068_ses-01_task-fmri_run-01_events.tsv	overwrite	HIGH	/home/alexrees/scratch/tmp_processing/events_validation/all_events/sub-068_ses-01_task-fmri_run-01_events.tsv	25.0
sub-068	ses-01	03	/home/alexrees/scratch/bids/sub-068/ses-01/func/sub-068_ses-01_task-fmri_run-03_events.tsv	overwrite	HIGH	/home/alexrees/scratch/tmp_processing/events_validation/all_events/sub-068_ses-01_task-fmri_run-03_events.tsv	25.0
sub-068	ses-01	05	/home/alexrees/scratch/bids/sub-068/ses-01/func/sub-068_ses-01_task-fmri_run-05_events.tsv	overwrite	HIGH	/home/alexrees/scratch/tmp_processing/events_validation/all_events/sub-068_ses-01_task-fmri_run-05_events.tsv	25.0
sub-068	ses-01	07	/home/alexrees/scratch/bids/sub-068/ses-01/func/sub-068_ses-01_task-fmri_run-07_events.tsv	overwrite	HIGH	/home/alexrees/scratch/tmp_processing/events_validation/all_events/sub-068_ses-01_task-fmri_run-07_events.tsv	25.0
sub-068	ses-02	01	/home/alexrees/scratch/bids/sub-068/ses-02/func/sub-068_ses-02_task-fmri_run-01_events.tsv	create	HIGH	/home/alexrees/scratch/tmp_processing/events_validation/all_events/sub-068_ses-02_task-fmri_run-01_events.tsv	25.0
sub-068	ses-02	03	/home/alexrees/scratch/bids/sub-068/ses-02/func/sub-068_ses-02_task-fmri_run-03_events.tsv	create	HIGH	/home/alexrees/scratch/tmp_processing/events_validation/all_events/sub-068_ses-02_task-fmri_run-03_events.tsv	25.0
sub-068	ses-02	05	/home/alexrees/scratch/bids/sub-068/ses-02/func/sub-068_ses-02_task-fmri_run-05_events.tsv	create	HIGH	/home/alexrees/scratch/tmp_processing/events_validation/all_events/sub-068_ses-02_task-fmri_run-05_events.tsv	25.0
sub-068	ses-02	07	/home/alexrees/scratch/bids/sub-068/ses-02/func/sub-068_ses-02_task-fmri_run-07_events.tsv	create	HIGH	/home/alexrees/scratch/tmp_processing/events_validation/all_events/sub-068_ses-02_task-fmri_run-07_events.tsv	25.0
sub-069	ses-01	01	/home/alexrees/scratch/bids/sub-069/ses-01/func/sub-069_ses-01_task-fmri_run-01_events.tsv	overwrite	HIGH	/home/alexrees/scratch/tmp_processing/events_validation/all_events/sub-069_ses-01_task-fmri_run-01_events.tsv	25.0
sub-069	ses-01	03	/home/alexrees/scratch/bids/sub-069/ses-01/func/sub-069_ses-01_task-fmri_run-03_events.tsv	overwrite	HIGH	/home/alexrees/scratch/tmp_processing/events_validation/all_events/sub-069_ses-01_task-fmri_run-03_events.tsv	25.0
sub-069	ses-01	05	/home/alexrees/scratch/bids/sub-069/ses-01/func/sub-069_ses-01_task-fmri_run-05_events.tsv	overwrite	HIGH	/home/alexrees/scratch/tmp_processing/events_validation/all_events/sub-069_ses-01_task-fmri_run-05_events.tsv	25.0
sub-069	ses-01	07	/home/alexrees/scratch/bids/sub-069/ses-01/func/sub-069_ses-01_task-fmri_run-07_events.tsv	overwrite	HIGH	/home/alexrees/scratch/tmp_processing/events_validation/all_events/sub-069_ses-01_task-fmri_run-07_events.tsv	25.0
sub-069	ses-02	01	/home/alexrees/scratch/bids/sub-069/ses-02/func/sub-069_ses-02_task-fmri_run-01_events.tsv	create	HIGH	/home/alexrees/scratch/tmp_processing/events_validation/all_events/sub-069_ses-02_task-fmri_run-01_events.tsv	25.0
sub-069	ses-02	03	/home/alexrees/scratch/bids/sub-069/ses-02/func/sub-069_ses-02_task-fmri_run-03_events.tsv	create	HIGH	/home/alexrees/scratch/tmp_processing/events_validation/all_events/sub-069_ses-02_task-fmri_run-03_events.tsv	25.0
sub-069	ses-02	05	/home/alexrees/scratch/bids/sub-069/ses-02/func/sub-069_ses-02_task-fmri_run-05_events.tsv	create	HIGH	/home/alexrees/scratch/tmp_processing/events_validation/all_events/sub-069_ses-02_task-fmri_run-05_events.tsv	25.0
sub-069	ses-02	07	/home/alexrees/scratch/bids/sub-069/ses-02/func/sub-069_ses-02_task-fmri_run-07_events.tsv	create	HIGH	/home/alexrees/scratch/tmp_processing/events_validation/all_events/sub-069_ses-02_task-fmri_run-07_events.tsv	25.0
sub-070	ses-01	01	/home/alexrees/scratch/bids/sub-070/ses-01/func/sub-070_ses-01_task-fmri_run-01_events.tsv	overwrite	HIGH	/home/alexrees/scratch/tmp_processing/events_validation/all_events/sub-070_ses-01_task-fmri_run-01_events.tsv	25.0
sub-070	ses-01	03	/home/alexrees/scratch/bids/sub-070/ses-01/func/sub-070_ses-01_task-fmri_run-03_events.tsv	overwrite	HIGH	/home/alexrees/scratch/tmp_processing/events_validation/all_events/sub-070_ses-01_task-fmri_run-03_events.tsv	25.0
sub-070	ses-01	05	/home/alexrees/scratch/bids/sub-070/ses-01/func/sub-070_ses-01_task-fmri_run-05_events.tsv	overwrite	HIGH	/home/alexrees/scratch/tmp_processing/events_validation/all_events/sub-070_ses-01_task-fmri_run-05_events.tsv	25.0
sub-070	ses-01	07	/home/alexrees/scratch/bids/sub-070/ses-01/func/sub-070_ses-01_task-fmri_run-07_events.tsv	overwrite	HIGH	/home/alexrees/scratch/tmp_processing/events_validation/all_events/sub-070_ses-01_task-fmri_run-07_events.tsv	25.0
sub-071	ses-01	01	/home/alexrees/scratch/bids/sub-071/ses-01/func/sub-071_ses-01_task-fmri_run-01_events.tsv	overwrite	HIGH	/home/alexrees/scratch/tmp_processing/events_validation/all_events/sub-071_ses-01_task-fmri_run-01_events.tsv	25.0
sub-071	ses-01	03	/home/alexrees/scratch/bids/sub-071/ses-01/func/sub-071_ses-01_task-fmri_run-03_events.tsv	overwrite	HIGH	/home/alexrees/scratch/tmp_processing/events_validation/all_events/sub-071_ses-01_task-fmri_run-03_events.tsv	25.0
sub-071	ses-01	05	/home/alexrees/scratch/bids/sub-071/ses-01/func/sub-071_ses-01_task-fmri_run-05_events.tsv	overwrite	HIGH	/home/alexrees/scratch/tmp_processing/events_validation/all_events/sub-071_ses-01_task-fmri_run-05_events.tsv	25.0
sub-071	ses-01	07	/home/alexrees/scratch/bids/sub-071/ses-01/func/sub-071_ses-01_task-fmri_run-07_events.tsv	overwrite	HIGH	/home/alexrees/scratch/tmp_processing/events_validation/all_events/sub-071_ses-01_task-fmri_run-07_events.tsv	25.0
sub-072	ses-01	01	/home/alexrees/scratch/bids/sub-072/ses-01/func/sub-072_ses-01_task-fmri_run-01_events.tsv	overwrite	HIGH	/home/alexrees/scratch/tmp_processing/events_validation/all_events/sub-072_ses-01_task-fmri_run-01_events.tsv	25.0
sub-072	ses-01	03	/home/alexrees/scratch/bids/sub-072/ses-01/func/sub-072_ses-01_task-fmri_run-03_events.tsv	overwrite	HIGH	/home/alexrees/scratch/tmp_processing/events_validation/all_events/sub-072_ses-01_task-fmri_run-03_events.tsv	25.0
sub-072	ses-01	05	/home/alexrees/scratch/bids/sub-072/ses-01/func/sub-072_ses-01_task-fmri_run-05_events.tsv	overwrite	HIGH	/home/alexrees/scratch/tmp_processing/events_validation/all_events/sub-072_ses-01_task-fmri_run-05_events.tsv	25.0
sub-072	ses-01	07	/home/alexrees/scratch/bids/sub-072/ses-01/func/sub-072_ses-01_task-fmri_run-07_events.tsv	overwrite	HIGH	/home/alexrees/scratch/tmp_processing/events_validation/all_events/sub-072_ses-01_task-fmri_run-07_events.tsv	25.0
sub-072	ses-02	01	/home/alexrees/scratch/bids/sub-072/ses-02/func/sub-072_ses-02_task-fmri_run-01_events.tsv	create	HIGH	/home/alexrees/scratch/tmp_processing/events_validation/all_events/sub-072_ses-02_task-fmri_run-01_events.tsv	25.0
sub-072	ses-02	03	/home/alexrees/scratch/bids/sub-072/ses-02/func/sub-072_ses-02_task-fmri_run-03_events.tsv	create	HIGH	/home/alexrees/scratch/tmp_processing/events_validation/all_events/sub-072_ses-02_task-fmri_run-03_events.tsv	25.0
sub-072	ses-02	05	/home/alexrees/scratch/bids/sub-072/ses-02/func/sub-072_ses-02_task-fmri_run-05_events.tsv	create	HIGH	/home/alexrees/scratch/tmp_processing/events_validation/all_events/sub-072_ses-02_task-fmri_run-05_events.tsv	25.0
sub-072	ses-02	07	/home/alexrees/scratch/bids/sub-072/ses-02/func/sub-072_ses-02_task-fmri_run-07_events.tsv	create	HIGH	/home/alexrees/scratch/tmp_processing/events_validation/all_events/sub-072_ses-02_task-fmri_run-07_events.tsv	25.0
sub-073	ses-01	01	/home/alexrees/scratch/bids/sub-073/ses-01/func/sub-073_ses-01_task-fmri_run-01_events.tsv	overwrite	HIGH	/home/alexrees/scratch/tmp_processing/events_validation/all_events/sub-073_ses-01_task-fmri_run-01_events.tsv	25.0
sub-073	ses-01	03	/home/alexrees/scratch/bids/sub-073/ses-01/func/sub-073_ses-01_task-fmri_run-03_events.tsv	overwrite	HIGH	/home/alexrees/scratch/tmp_processing/events_validation/all_events/sub-073_ses-01_task-fmri_run-03_events.tsv	25.0
sub-073	ses-01	05	/home/alexrees/scratch/bids/sub-073/ses-01/func/sub-073_ses-01_task-fmri_run-05_events.tsv	overwrite	HIGH	/home/alexrees/scratch/tmp_processing/events_validation/all_events/sub-073_ses-01_task-fmri_run-05_events.tsv	25.0
sub-073	ses-01	07	/home/alexrees/scratch/bids/sub-073/ses-01/func/sub-073_ses-01_task-fmri_run-07_events.tsv	overwrite	HIGH	/home/alexrees/scratch/tmp_processing/events_validation/all_events/sub-073_ses-01_task-fmri_run-07_events.tsv	25.0
sub-073	ses-02	01	/home/alexrees/scratch/bids/sub-073/ses-02/func/sub-073_ses-02_task-fmri_run-01_events.tsv	create	HIGH	/home/alexrees/scratch/tmp_processing/events_validation/all_events/sub-073_ses-02_task-fmri_run-01_events.tsv	25.0
sub-073	ses-02	03	/home/alexrees/scratch/bids/sub-073/ses-02/func/sub-073_ses-02_task-fmri_run-03_events.tsv	create	HIGH	/home/alexrees/scratch/tmp_processing/events_validation/all_events/sub-073_ses-02_task-fmri_run-03_events.tsv	25.0
sub-073	ses-02	05	/home/alexrees/scratch/bids/sub-073/ses-02/func/sub-073_ses-02_task-fmri_run-05_events.tsv	create	HIGH	/home/alexrees/scratch/tmp_processing/events_validation/all_events/sub-073_ses-02_task-fmri_run-05_events.tsv	25.0
sub-073	ses-02	07	/home/alexrees/scratch/bids/sub-073/ses-02/func/sub-073_ses-02_task-fmri_run-07_events.tsv	create	HIGH	/home/alexrees/scratch/tmp_processing/events_validation/all_events/sub-073_ses-02_task-fmri_run-07_events.tsv	25.0
sub-074	ses-01	01	/home/alexrees/scratch/bids/sub-074/ses-01/func/sub-074_ses-01_task-fmri_run-01_events.tsv	overwrite	HIGH	/home/alexrees/scratch/tmp_processing/events_validation/all_events/sub-074_ses-01_task-fmri_run-01_events.tsv	25.0
sub-074	ses-01	03	/home/alexrees/scratch/bids/sub-074/ses-01/func/sub-074_ses-01_task-fmri_run-03_events.tsv	overwrite	HIGH	/home/alexrees/scratch/tmp_processing/events_validation/all_events/sub-074_ses-01_task-fmri_run-03_events.tsv	25.0
sub-074	ses-01	05	/home/alexrees/scratch/bids/sub-074/ses-01/func/sub-074_ses-01_task-fmri_run-05_events.tsv	overwrite	HIGH	/home/alexrees/scratch/tmp_processing/events_validation/all_events/sub-074_ses-01_task-fmri_run-05_events.tsv	25.0
sub-074	ses-01	07	/home/alexrees/scratch/bids/sub-074/ses-01/func/sub-074_ses-01_task-fmri_run-07_events.tsv	overwrite	HIGH	/home/alexrees/scratch/tmp_processing/events_validation/all_events/sub-074_ses-01_task-fmri_run-07_events.tsv	25.0
sub-074	ses-02	01	/home/alexrees/scratch/bids/sub-074/ses-02/func/sub-074_ses-02_task-fmri_run-01_events.tsv	create	HIGH	/home/alexrees/scratch/tmp_processing/events_validation/all_events/sub-074_ses-02_task-fmri_run-01_events.tsv	25.0
sub-074	ses-02	03	/home/alexrees/scratch/bids/sub-074/ses-02/func/sub-074_ses-02_task-fmri_run-03_events.tsv	create	HIGH	/home/alexrees/scratch/tmp_processing/events_validation/all_events/sub-074_ses-02_task-fmri_run-03_events.tsv	25.0
sub-074	ses-02	05	/home/alexrees/scratch/bids/sub-074/ses-02/func/sub-074_ses-02_task-fmri_run-05_events.tsv	create	HIGH	/home/alexrees/scratch/tmp_processing/events_validation/all_events/sub-074_ses-02_task-fmri_run-05_events.tsv	25.0
sub-074	ses-02	07	/home/alexrees/scratch/bids/sub-074/ses-02/func/sub-074_ses-02_task-fmri_run-07_events.tsv	create	HIGH	/home/alexrees/scratch/tmp_processing/events_validation/all_events/sub-074_ses-02_task-fmri_run-07_events.tsv	25.0
sub-075	ses-01	01	/home/alexrees/scratch/bids/sub-075/ses-01/func/sub-075_ses-01_task-fmri_run-01_events.tsv	overwrite	HIGH	/home/alexrees/scratch/tmp_processing/events_validation/all_events/sub-075_ses-01_task-fmri_run-01_events.tsv	25.0
sub-075	ses-01	03	/home/alexrees/scratch/bids/sub-075/ses-01/func/sub-075_ses-01_task-fmri_run-03_events.tsv	overwrite	HIGH	/home/alexrees/scratch/tmp_processing/events_validation/all_events/sub-075_ses-01_task-fmri_run-03_events.tsv	25.0
sub-075	ses-01	05	/home/alexrees/scratch/bids/sub-075/ses-01/func/sub-075_ses-01_task-fmri_run-05_events.tsv	overwrite	HIGH	/home/alexrees/scratch/tmp_processing/events_validation/all_events/sub-075_ses-01_task-fmri_run-05_events.tsv	25.0
sub-075	ses-01	07	/home/alexrees/scratch/bids/sub-075/ses-01/func/sub-075_ses-01_task-fmri_run-07_events.tsv	overwrite	HIGH	/home/alexrees/scratch/tmp_processing/events_validation/all_events/sub-075_ses-01_task-fmri_run-07_events.tsv	25.0
sub-077	ses-01	01	/home/alexrees/scratch/bids/sub-077/ses-01/func/sub-077_ses-01_task-fmri_run-01_events.tsv	overwrite	HIGH	/home/alexrees/scratch/tmp_processing/events_validation/all_events/sub-077_ses-01_task-fmri_run-01_events.tsv	25.0
sub-077	ses-01	03	/home/alexrees/scratch/bids/sub-077/ses-01/func/sub-077_ses-01_task-fmri_run-03_events.tsv	overwrite	HIGH	/home/alexrees/scratch/tmp_processing/events_validation/all_events/sub-077_ses-01_task-fmri_run-03_events.tsv	25.0
sub-077	ses-01	05	/home/alexrees/scratch/bids/sub-077/ses-01/func/sub-077_ses-01_task-fmri_run-05_events.tsv	overwrite	HIGH	/home/alexrees/scratch/tmp_processing/events_validation/all_events/sub-077_ses-01_task-fmri_run-05_events.tsv	25.0
sub-077	ses-01	07	/home/alexrees/scratch/bids/sub-077/ses-01/func/sub-077_ses-01_task-fmri_run-07_events.tsv	overwrite	HIGH	/home/alexrees/scratch/tmp_processing/events_validation/all_events/sub-077_ses-01_task-fmri_run-07_events.tsv	25.0
sub-078	ses-02	01	/home/alexrees/scratch/bids/sub-078/ses-02/func/sub-078_ses-02_task-fmri_run-01_events.tsv	create	HIGH	/home/alexrees/scratch/tmp_processing/events_validation/all_events/sub-078_ses-02_task-fmri_run-01_events.tsv	25.0
sub-078	ses-02	03	/home/alexrees/scratch/bids/sub-078/ses-02/func/sub-078_ses-02_task-fmri_run-03_events.tsv	create	HIGH	/home/alexrees/scratch/tmp_processing/events_validation/all_events/sub-078_ses-02_task-fmri_run-03_events.tsv	25.0
sub-078	ses-02	05	/home/alexrees/scratch/bids/sub-078/ses-02/func/sub-078_ses-02_task-fmri_run-05_events.tsv	create	HIGH	/home/alexrees/scratch/tmp_processing/events_validation/all_events/sub-078_ses-02_task-fmri_run-05_events.tsv	25.0
sub-078	ses-02	07	/home/alexrees/scratch/bids/sub-078/ses-02/func/sub-078_ses-02_task-fmri_run-07_events.tsv	create	HIGH	/home/alexrees/scratch/tmp_processing/events_validation/all_events/sub-078_ses-02_task-fmri_run-07_events.tsv	25.0
sub-079	ses-01	01	/home/alexrees/scratch/bids/sub-079/ses-01/func/sub-079_ses-01_task-fmri_run-01_events.tsv	overwrite	HIGH	/home/alexrees/scratch/tmp_processing/events_validation/all_events/sub-079_ses-01_task-fmri_run-01_events.tsv	25.0
sub-079	ses-01	03	/home/alexrees/scratch/bids/sub-079/ses-01/func/sub-079_ses-01_task-fmri_run-03_events.tsv	overwrite	HIGH	/home/alexrees/scratch/tmp_processing/events_validation/all_events/sub-079_ses-01_task-fmri_run-03_events.tsv	25.0
sub-079	ses-01	05	/home/alexrees/scratch/bids/sub-079/ses-01/func/sub-079_ses-01_task-fmri_run-05_events.tsv	overwrite	HIGH	/home/alexrees/scratch/tmp_processing/events_validation/all_events/sub-079_ses-01_task-fmri_run-05_events.tsv	25.0
sub-079	ses-01	07	/home/alexrees/scratch/bids/sub-079/ses-01/func/sub-079_ses-01_task-fmri_run-07_events.tsv	overwrite	HIGH	/home/alexrees/scratch/tmp_processing/events_validation/all_events/sub-079_ses-01_task-fmri_run-07_events.tsv	25.0
sub-080	ses-01	01	/home/alexrees/scratch/bids/sub-080/ses-01/func/sub-080_ses-01_task-fmri_run-01_events.tsv	overwrite	HIGH	/home/alexrees/scratch/tmp_processing/events_validation/all_events/sub-080_ses-01_task-fmri_run-01_events.tsv	25.0
sub-080	ses-01	03	/home/alexrees/scratch/bids/sub-080/ses-01/func/sub-080_ses-01_task-fmri_run-03_events.tsv	overwrite	HIGH	/home/alexrees/scratch/tmp_processing/events_validation/all_events/sub-080_ses-01_task-fmri_run-03_events.tsv	25.0
sub-080	ses-01	05	/home/alexrees/scratch/bids/sub-080/ses-01/func/sub-080_ses-01_task-fmri_run-05_events.tsv	overwrite	HIGH	/home/alexrees/scratch/tmp_processing/events_validation/all_events/sub-080_ses-01_task-fmri_run-05_events.tsv	25.0
sub-080	ses-01	07	/home/alexrees/scratch/bids/sub-080/ses-01/func/sub-080_ses-01_task-fmri_run-07_events.tsv	overwrite	HIGH	/home/alexrees/scratch/tmp_processing/events_validation/all_events/sub-080_ses-01_task-fmri_run-07_events.tsv	25.0
sub-081	ses-01	01	/home/alexrees/scratch/bids/sub-081/ses-01/func/sub-081_ses-01_task-fmri_run-01_events.tsv	overwrite	HIGH	/home/alexrees/scratch/tmp_processing/events_validation/all_events/sub-081_ses-01_task-fmri_run-01_events.tsv	25.0
sub-081	ses-01	03	/home/alexrees/scratch/bids/sub-081/ses-01/func/sub-081_ses-01_task-fmri_run-03_events.tsv	overwrite	HIGH	/home/alexrees/scratch/tmp_processing/events_validation/all_events/sub-081_ses-01_task-fmri_run-03_events.tsv	25.0
sub-081	ses-01	05	/home/alexrees/scratch/bids/sub-081/ses-01/func/sub-081_ses-01_task-fmri_run-05_events.tsv	overwrite	HIGH	/home/alexrees/scratch/tmp_processing/events_validation/all_events/sub-081_ses-01_task-fmri_run-05_events.tsv	25.0
sub-081	ses-01	07	/home/alexrees/scratch/bids/sub-081/ses-01/func/sub-081_ses-01_task-fmri_run-07_events.tsv	overwrite	HIGH	/home/alexrees/scratch/tmp_processing/events_validation/all_events/sub-081_ses-01_task-fmri_run-07_events.tsv	25.0
sub-083	ses-01	03	/home/alexrees/scratch/bids/sub-083/ses-01/func/sub-083_ses-01_task-fmri_run-03_events.tsv	overwrite	HIGH	/home/alexrees/scratch/tmp_processing/events_validation/all_events/sub-083_ses-01_task-fmri_run-03_events.tsv	25.0
sub-083	ses-01	05	/home/alexrees/scratch/bids/sub-083/ses-01/func/sub-083_ses-01_task-fmri_run-05_events.tsv	overwrite	HIGH	/home/alexrees/scratch/tmp_processing/events_validation/all_events/sub-083_ses-01_task-fmri_run-05_events.tsv	25.0
sub-084	ses-01	01	/home/alexrees/scratch/bids/sub-084/ses-01/func/sub-084_ses-01_task-fmri_run-01_events.tsv	overwrite	HIGH	/home/alexrees/scratch/tmp_processing/events_validation/all_events/sub-084_ses-01_task-fmri_run-01_events.tsv	25.0
sub-084	ses-01	03	/home/alexrees/scratch/bids/sub-084/ses-01/func/sub-084_ses-01_task-fmri_run-03_events.tsv	overwrite	HIGH	/home/alexrees/scratch/tmp_processing/events_validation/all_events/sub-084_ses-01_task-fmri_run-03_events.tsv	25.0
sub-084	ses-01	05	/home/alexrees/scratch/bids/sub-084/ses-01/func/sub-084_ses-01_task-fmri_run-05_events.tsv	overwrite	HIGH	/home/alexrees/scratch/tmp_processing/events_validation/all_events/sub-084_ses-01_task-fmri_run-05_events.tsv	25.0
sub-084	ses-01	07	/home/alexrees/scratch/bids/sub-084/ses-01/func/sub-084_ses-01_task-fmri_run-07_events.tsv	overwrite	HIGH	/home/alexrees/scratch/tmp_processing/events_validation/all_events/sub-084_ses-01_task-fmri_run-07_events.tsv	25.0
sub-002	ses-01	AMBIGUOUS		SKIP_run_mapping_collision	MEDIUM	/home/alexrees/scratch/tmp_processing/events_validation/all_events/sub-002_ses-01_task-fmri_run-01_desc-matlabFMRI1_events.tsv	
sub-002	ses-01	AMBIGUOUS		SKIP_run_mapping_collision	MEDIUM	/home/alexrees/scratch/tmp_processing/events_validation/all_events/sub-002_ses-01_task-fmri_run-01_desc-matlabFMRI2_events.tsv	
sub-016	ses-02	AMBIGUOUS		SKIP_run_mapping_collision	MEDIUM	/home/alexrees/scratch/tmp_processing/events_validation/all_events/sub-016_ses-02_task-fmri_run-01_desc-matlabFMRI1_events.tsv	
sub-016	ses-02	AMBIGUOUS		SKIP_run_mapping_collision	MEDIUM	/home/alexrees/scratch/tmp_processing/events_validation/all_events/sub-016_ses-02_task-fmri_run-01_desc-matlabFMRI2_events.tsv	
sub-023	ses-01	AMBIGUOUS		SKIP_run_mapping_collision	MEDIUM	/home/alexrees/scratch/tmp_processing/events_validation/all_events/sub-023_ses-01_task-fmri_run-01_desc-matlabFMRI1_events.tsv	
sub-023	ses-01	AMBIGUOUS		SKIP_run_mapping_collision	MEDIUM	/home/alexrees/scratch/tmp_processing/events_validation/all_events/sub-023_ses-01_task-fmri_run-01_desc-matlabFMRI2_events.tsv	
sub-025	ses-01	AMBIGUOUS		SKIP_run_mapping_collision	MEDIUM	/home/alexrees/scratch/tmp_processing/events_validation/all_events/sub-025_ses-01_task-fmri_run-01_desc-matlabFMRI1_events.tsv	
sub-025	ses-01	AMBIGUOUS		SKIP_run_mapping_collision	MEDIUM	/home/alexrees/scratch/tmp_processing/events_validation/all_events/sub-025_ses-01_task-fmri_run-01_desc-matlabFMRI2_events.tsv	
sub-032	ses-01	AMBIGUOUS		SKIP_run_mapping_collision	MEDIUM	/home/alexrees/scratch/tmp_processing/events_validation/all_events/sub-032_ses-01_task-fmri_run-05_desc-matlabFMRI1_events.tsv	
sub-032	ses-01	AMBIGUOUS		SKIP_run_mapping_collision	MEDIUM	/home/alexrees/scratch/tmp_processing/events_validation/all_events/sub-032_ses-01_task-fmri_run-05_desc-matlabFMRI5_events.tsv	
sub-046	ses-01	AMBIGUOUS		SKIP_run_mapping_collision	MEDIUM	/home/alexrees/scratch/tmp_processing/events_validation/all_events/sub-046_ses-01_task-fmri_run-01_desc-matlabFMRI1_events.tsv	
sub-046	ses-01	AMBIGUOUS		SKIP_run_mapping_collision	MEDIUM	/home/alexrees/scratch/tmp_processing/events_validation/all_events/sub-046_ses-01_task-fmri_run-01_desc-matlabFMRI2_events.tsv	
sub-061	ses-01	AMBIGUOUS		SKIP_run_mapping_collision	MEDIUM	/home/alexrees/scratch/tmp_processing/events_validation/all_events/sub-061_ses-01_task-fmri_run-01_desc-matlabFMRI1_events.tsv	
sub-061	ses-01	AMBIGUOUS		SKIP_run_mapping_collision	MEDIUM	/home/alexrees/scratch/tmp_processing/events_validation/all_events/sub-061_ses-01_task-fmri_run-01_desc-matlabFMRI3_events.tsv	
sub-083	ses-01	AMBIGUOUS		SKIP_run_mapping_collision	MEDIUM	/home/alexrees/scratch/tmp_processing/events_validation/all_events/sub-083_ses-01_task-fmri_run-01_desc-matlabFMRI1_events.tsv	
sub-083	ses-01	AMBIGUOUS		SKIP_run_mapping_collision	MEDIUM	/home/alexrees/scratch/tmp_processing/events_validation/all_events/sub-083_ses-01_task-fmri_run-01_desc-matlabFMRI2_events.tsv	
